loan_id,Customer_ID,loan_start_date,tenure,installment_num,loan_amt,due_amt,paid_amt,overdue_amt,balance,snapshot_date,normalized_snapshot_date,bronze_ingestion_timestamp,bronze_source_file,bronze_processing_date
CUS_0x1037_2023_01_01,CUS_0x1037,1/1/2023,10,1,10000,1000,1000,0,9000,1/2/2023,2023-02-01,2025-11-09 08:44:51.798891,data/lms_loan_daily.csv,2023-02-01
CUS_0x1069_2023_01_01,CUS_0x1069,1/1/2023,10,1,10000,1000,1000,0,9000,1/2/2023,2023-02-01,2025-11-09 08:44:51.798891,data/lms_loan_daily.csv,2023-02-01
CUS_0x10aa_2023_02_01,CUS_0x10aa,1/2/2023,10,0,10000,0,0,0,10000,1/2/2023,2023-02-01,2025-11-09 08:44:51.798891,data/lms_loan_daily.csv,2023-02-01
CUS_0x113e_2023_02_01,CUS_0x113e,1/2/2023,10,0,10000,0,0,0,10000,1/2/2023,2023-02-01,2025-11-09 08:44:51.798891,data/lms_loan_daily.csv,2023-02-01
CUS_0x1140_2023_02_01,CUS_0x1140,1/2/2023,10,0,10000,0,0,0,10000,1/2/2023,2023-02-01,2025-11-09 08:44:51.798891,data/lms_loan_daily.csv,2023-02-01
CUS_0x114a_2023_01_01,CUS_0x114a,1/1/2023,10,1,10000,1000,1000,0,9000,1/2/2023,2023-02-01,2025-11-09 08:44:51.798891,data/lms_loan_daily.csv,2023-02-01
CUS_0x1155_2023_02_01,CUS_0x1155,1/2/2023,10,0,10000,0,0,0,10000,1/2/2023,2023-02-01,2025-11-09 08:44:51.798891,data/lms_loan_daily.csv,2023-02-01
CUS_0x1184_2023_01_01,CUS_0x1184,1/1/2023,10,1,10000,1000,1000,0,9000,1/2/2023,2023-02-01,2025-11-09 08:44:51.798891,data/lms_loan_daily.csv,2023-02-01
CUS_0x1252_2023_02_01,CUS_0x1252,1/2/2023,10,0,10000,0,0,0,10000,1/2/2023,2023-02-01,2025-11-09 08:44:51.798891,data/lms_loan_daily.csv,2023-02-01
CUS_0x1297_2023_01_01,CUS_0x1297,1/1/2023,10,1,10000,1000,1000,0,9000,1/2/2023,2023-02-01,2025-11-09 08:44:51.798891,data/lms_loan_daily.csv,2023-02-01
CUS_0x129b_2023_02_01,CUS_0x129b,1/2/2023,10,0,10000,0,0,0,10000,1/2/2023,2023-02-01,2025-11-09 08:44:51.798891,data/lms_loan_daily.csv,2023-02-01
CUS_0x12a6_2023_02_01,CUS_0x12a6,1/2/2023,10,0,10000,0,0,0,10000,1/2/2023,2023-02-01,2025-11-09 08:44:51.798891,data/lms_loan_daily.csv,2023-02-01
CUS_0x12fb_2023_01_01,CUS_0x12fb,1/1/2023,10,1,10000,1000,1000,0,9000,1/2/2023,2023-02-01,2025-11-09 08:44:51.798891,data/lms_loan_daily.csv,2023-02-01
CUS_0x1325_2023_01_01,CUS_0x1325,1/1/2023,10,1,10000,1000,1000,0,9000,1/2/2023,2023-02-01,2025-11-09 08:44:51.798891,data/lms_loan_daily.csv,2023-02-01
CUS_0x1341_2023_01_01,CUS_0x1341,1/1/2023,10,1,10000,1000,1000,0,9000,1/2/2023,2023-02-01,2025-11-09 08:44:51.798891,data/lms_loan_daily.csv,2023-02-01
CUS_0x135c_2023_02_01,CUS_0x135c,1/2/2023,10,0,10000,0,0,0,10000,1/2/2023,2023-02-01,2025-11-09 08:44:51.798891,data/lms_loan_daily.csv,2023-02-01
CUS_0x1375_2023_01_01,CUS_0x1375,1/1/2023,10,1,10000,1000,0,1000,10000,1/2/2023,2023-02-01,2025-11-09 08:44:51.798891,data/lms_loan_daily.csv,2023-02-01
CUS_0x13a8_2023_01_01,CUS_0x13a8,1/1/2023,10,1,10000,1000,1000,0,9000,1/2/2023,2023-02-01,2025-11-09 08:44:51.798891,data/lms_loan_daily.csv,2023-02-01
CUS_0x13ef_2023_01_01,CUS_0x13ef,1/1/2023,10,1,10000,1000,1000,0,9000,1/2/2023,2023-02-01,2025-11-09 08:44:51.798891,data/lms_loan_daily.csv,2023-02-01
CUS_0x1440_2023_01_01,CUS_0x1440,1/1/2023,10,1,10000,1000,1000,0,9000,1/2/2023,2023-02-01,2025-11-09 08:44:51.798891,data/lms_loan_daily.csv,2023-02-01
CUS_0x1443_2023_01_01,CUS_0x1443,1/1/2023,10,1,10000,1000,1000,0,9000,1/2/2023,2023-02-01,2025-11-09 08:44:51.798891,data/lms_loan_daily.csv,2023-02-01
CUS_0x1452_2023_02_01,CUS_0x1452,1/2/2023,10,0,10000,0,0,0,10000,1/2/2023,2023-02-01,2025-11-09 08:44:51.798891,data/lms_loan_daily.csv,2023-02-01
CUS_0x145a_2023_01_01,CUS_0x145a,1/1/2023,10,1,10000,1000,1000,0,9000,1/2/2023,2023-02-01,2025-11-09 08:44:51.798891,data/lms_loan_daily.csv,2023-02-01
CUS_0x1492_2023_01_01,CUS_0x1492,1/1/2023,10,1,10000,1000,1000,0,9000,1/2/2023,2023-02-01,2025-11-09 08:44:51.798891,data/lms_loan_daily.csv,2023-02-01
CUS_0x14d5_2023_02_01,CUS_0x14d5,1/2/2023,10,0,10000,0,0,0,10000,1/2/2023,2023-02-01,2025-11-09 08:44:51.798891,data/lms_loan_daily.csv,2023-02-01
CUS_0x153d_2023_01_01,CUS_0x153d,1/1/2023,10,1,10000,1000,1000,0,9000,1/2/2023,2023-02-01,2025-11-09 08:44:51.798891,data/lms_loan_daily.csv,2023-02-01
CUS_0x1567_2023_01_01,CUS_0x1567,1/1/2023,10,1,10000,1000,1000,0,9000,1/2/2023,2023-02-01,2025-11-09 08:44:51.798891,data/lms_loan_daily.csv,2023-02-01
CUS_0x15ad_2023_01_01,CUS_0x15ad,1/1/2023,10,1,10000,1000,1000,0,9000,1/2/2023,2023-02-01,2025-11-09 08:44:51.798891,data/lms_loan_daily.csv,2023-02-01
CUS_0x15b7_2023_02_01,CUS_0x15b7,1/2/2023,10,0,10000,0,0,0,10000,1/2/2023,2023-02-01,2025-11-09 08:44:51.798891,data/lms_loan_daily.csv,2023-02-01
CUS_0x160a_2023_02_01,CUS_0x160a,1/2/2023,10,0,10000,0,0,0,10000,1/2/2023,2023-02-01,2025-11-09 08:44:51.798891,data/lms_loan_daily.csv,2023-02-01
CUS_0x1630_2023_01_01,CUS_0x1630,1/1/2023,10,1,10000,1000,1000,0,9000,1/2/2023,2023-02-01,2025-11-09 08:44:51.798891,data/lms_loan_daily.csv,2023-02-01
CUS_0x164a_2023_02_01,CUS_0x164a,1/2/2023,10,0,10000,0,0,0,10000,1/2/2023,2023-02-01,2025-11-09 08:44:51.798891,data/lms_loan_daily.csv,2023-02-01
CUS_0x169c_2023_01_01,CUS_0x169c,1/1/2023,10,1,10000,1000,1000,0,9000,1/2/2023,2023-02-01,2025-11-09 08:44:51.798891,data/lms_loan_daily.csv,2023-02-01
CUS_0x169d_2023_01_01,CUS_0x169d,1/1/2023,10,1,10000,1000,1000,0,9000,1/2/2023,2023-02-01,2025-11-09 08:44:51.798891,data/lms_loan_daily.csv,2023-02-01
CUS_0x16a4_2023_02_01,CUS_0x16a4,1/2/2023,10,0,10000,0,0,0,10000,1/2/2023,2023-02-01,2025-11-09 08:44:51.798891,data/lms_loan_daily.csv,2023-02-01
CUS_0x16f4_2023_01_01,CUS_0x16f4,1/1/2023,10,1,10000,1000,1000,0,9000,1/2/2023,2023-02-01,2025-11-09 08:44:51.798891,data/lms_loan_daily.csv,2023-02-01
CUS_0x1733_2023_01_01,CUS_0x1733,1/1/2023,10,1,10000,1000,0,1000,10000,1/2/2023,2023-02-01,2025-11-09 08:44:51.798891,data/lms_loan_daily.csv,2023-02-01
CUS_0x17bb_2023_02_01,CUS_0x17bb,1/2/2023,10,0,10000,0,0,0,10000,1/2/2023,2023-02-01,2025-11-09 08:44:51.798891,data/lms_loan_daily.csv,2023-02-01
CUS_0x17c7_2023_01_01,CUS_0x17c7,1/1/2023,10,1,10000,1000,1000,0,9000,1/2/2023,2023-02-01,2025-11-09 08:44:51.798891,data/lms_loan_daily.csv,2023-02-01
CUS_0x181e_2023_01_01,CUS_0x181e,1/1/2023,10,1,10000,1000,1000,0,9000,1/2/2023,2023-02-01,2025-11-09 08:44:51.798891,data/lms_loan_daily.csv,2023-02-01
CUS_0x181f_2023_01_01,CUS_0x181f,1/1/2023,10,1,10000,1000,1000,0,9000,1/2/2023,2023-02-01,2025-11-09 08:44:51.798891,data/lms_loan_daily.csv,2023-02-01
CUS_0x182b_2023_01_01,CUS_0x182b,1/1/2023,10,1,10000,1000,1000,0,9000,1/2/2023,2023-02-01,2025-11-09 08:44:51.798891,data/lms_loan_daily.csv,2023-02-01
CUS_0x185e_2023_02_01,CUS_0x185e,1/2/2023,10,0,10000,0,0,0,10000,1/2/2023,2023-02-01,2025-11-09 08:44:51.798891,data/lms_loan_daily.csv,2023-02-01
CUS_0x1881_2023_02_01,CUS_0x1881,1/2/2023,10,0,10000,0,0,0,10000,1/2/2023,2023-02-01,2025-11-09 08:44:51.798891,data/lms_loan_daily.csv,2023-02-01
CUS_0x1899_2023_02_01,CUS_0x1899,1/2/2023,10,0,10000,0,0,0,10000,1/2/2023,2023-02-01,2025-11-09 08:44:51.798891,data/lms_loan_daily.csv,2023-02-01
CUS_0x18ac_2023_02_01,CUS_0x18ac,1/2/2023,10,0,10000,0,0,0,10000,1/2/2023,2023-02-01,2025-11-09 08:44:51.798891,data/lms_loan_daily.csv,2023-02-01
CUS_0x18c9_2023_01_01,CUS_0x18c9,1/1/2023,10,1,10000,1000,1000,0,9000,1/2/2023,2023-02-01,2025-11-09 08:44:51.798891,data/lms_loan_daily.csv,2023-02-01
CUS_0x18d7_2023_02_01,CUS_0x18d7,1/2/2023,10,0,10000,0,0,0,10000,1/2/2023,2023-02-01,2025-11-09 08:44:51.798891,data/lms_loan_daily.csv,2023-02-01
CUS_0x1902_2023_02_01,CUS_0x1902,1/2/2023,10,0,10000,0,0,0,10000,1/2/2023,2023-02-01,2025-11-09 08:44:51.798891,data/lms_loan_daily.csv,2023-02-01
CUS_0x190e_2023_01_01,CUS_0x190e,1/1/2023,10,1,10000,1000,1000,0,9000,1/2/2023,2023-02-01,2025-11-09 08:44:51.798891,data/lms_loan_daily.csv,2023-02-01
CUS_0x191b_2023_02_01,CUS_0x191b,1/2/2023,10,0,10000,0,0,0,10000,1/2/2023,2023-02-01,2025-11-09 08:44:51.798891,data/lms_loan_daily.csv,2023-02-01
CUS_0x1920_2023_01_01,CUS_0x1920,1/1/2023,10,1,10000,1000,1000,0,9000,1/2/2023,2023-02-01,2025-11-09 08:44:51.798891,data/lms_loan_daily.csv,2023-02-01
CUS_0x1934_2023_02_01,CUS_0x1934,1/2/2023,10,0,10000,0,0,0,10000,1/2/2023,2023-02-01,2025-11-09 08:44:51.798891,data/lms_loan_daily.csv,2023-02-01
CUS_0x1960_2023_01_01,CUS_0x1960,1/1/2023,10,1,10000,1000,1000,0,9000,1/2/2023,2023-02-01,2025-11-09 08:44:51.798891,data/lms_loan_daily.csv,2023-02-01
CUS_0x1993_2023_02_01,CUS_0x1993,1/2/2023,10,0,10000,0,0,0,10000,1/2/2023,2023-02-01,2025-11-09 08:44:51.798891,data/lms_loan_daily.csv,2023-02-01
CUS_0x19a8_2023_02_01,CUS_0x19a8,1/2/2023,10,0,10000,0,0,0,10000,1/2/2023,2023-02-01,2025-11-09 08:44:51.798891,data/lms_loan_daily.csv,2023-02-01
CUS_0x19ad_2023_01_01,CUS_0x19ad,1/1/2023,10,1,10000,1000,1000,0,9000,1/2/2023,2023-02-01,2025-11-09 08:44:51.798891,data/lms_loan_daily.csv,2023-02-01
CUS_0x19d1_2023_01_01,CUS_0x19d1,1/1/2023,10,1,10000,1000,1000,0,9000,1/2/2023,2023-02-01,2025-11-09 08:44:51.798891,data/lms_loan_daily.csv,2023-02-01
CUS_0x19e1_2023_01_01,CUS_0x19e1,1/1/2023,10,1,10000,1000,1000,0,9000,1/2/2023,2023-02-01,2025-11-09 08:44:51.798891,data/lms_loan_daily.csv,2023-02-01
CUS_0x1a18_2023_02_01,CUS_0x1a18,1/2/2023,10,0,10000,0,0,0,10000,1/2/2023,2023-02-01,2025-11-09 08:44:51.798891,data/lms_loan_daily.csv,2023-02-01
CUS_0x1a9c_2023_01_01,CUS_0x1a9c,1/1/2023,10,1,10000,1000,1000,0,9000,1/2/2023,2023-02-01,2025-11-09 08:44:51.798891,data/lms_loan_daily.csv,2023-02-01
CUS_0x1ab3_2023_01_01,CUS_0x1ab3,1/1/2023,10,1,10000,1000,1000,0,9000,1/2/2023,2023-02-01,2025-11-09 08:44:51.798891,data/lms_loan_daily.csv,2023-02-01
CUS_0x1b42_2023_01_01,CUS_0x1b42,1/1/2023,10,1,10000,1000,1000,0,9000,1/2/2023,2023-02-01,2025-11-09 08:44:51.798891,data/lms_loan_daily.csv,2023-02-01
CUS_0x1b66_2023_01_01,CUS_0x1b66,1/1/2023,10,1,10000,1000,1000,0,9000,1/2/2023,2023-02-01,2025-11-09 08:44:51.798891,data/lms_loan_daily.csv,2023-02-01
CUS_0x1b9a_2023_02_01,CUS_0x1b9a,1/2/2023,10,0,10000,0,0,0,10000,1/2/2023,2023-02-01,2025-11-09 08:44:51.798891,data/lms_loan_daily.csv,2023-02-01
CUS_0x1bc4_2023_01_01,CUS_0x1bc4,1/1/2023,10,1,10000,1000,1000,0,9000,1/2/2023,2023-02-01,2025-11-09 08:44:51.798891,data/lms_loan_daily.csv,2023-02-01
CUS_0x1c09_2023_01_01,CUS_0x1c09,1/1/2023,10,1,10000,1000,1000,0,9000,1/2/2023,2023-02-01,2025-11-09 08:44:51.798891,data/lms_loan_daily.csv,2023-02-01
CUS_0x1c39_2023_01_01,CUS_0x1c39,1/1/2023,10,1,10000,1000,1000,0,9000,1/2/2023,2023-02-01,2025-11-09 08:44:51.798891,data/lms_loan_daily.csv,2023-02-01
CUS_0x1c47_2023_02_01,CUS_0x1c47,1/2/2023,10,0,10000,0,0,0,10000,1/2/2023,2023-02-01,2025-11-09 08:44:51.798891,data/lms_loan_daily.csv,2023-02-01
CUS_0x1c61_2023_02_01,CUS_0x1c61,1/2/2023,10,0,10000,0,0,0,10000,1/2/2023,2023-02-01,2025-11-09 08:44:51.798891,data/lms_loan_daily.csv,2023-02-01
CUS_0x1c9c_2023_01_01,CUS_0x1c9c,1/1/2023,10,1,10000,1000,1000,0,9000,1/2/2023,2023-02-01,2025-11-09 08:44:51.798891,data/lms_loan_daily.csv,2023-02-01
CUS_0x1dbd_2023_02_01,CUS_0x1dbd,1/2/2023,10,0,10000,0,0,0,10000,1/2/2023,2023-02-01,2025-11-09 08:44:51.798891,data/lms_loan_daily.csv,2023-02-01
CUS_0x1dcf_2023_01_01,CUS_0x1dcf,1/1/2023,10,1,10000,1000,1000,0,9000,1/2/2023,2023-02-01,2025-11-09 08:44:51.798891,data/lms_loan_daily.csv,2023-02-01
CUS_0x1de6_2023_02_01,CUS_0x1de6,1/2/2023,10,0,10000,0,0,0,10000,1/2/2023,2023-02-01,2025-11-09 08:44:51.798891,data/lms_loan_daily.csv,2023-02-01
CUS_0x1e5e_2023_02_01,CUS_0x1e5e,1/2/2023,10,0,10000,0,0,0,10000,1/2/2023,2023-02-01,2025-11-09 08:44:51.798891,data/lms_loan_daily.csv,2023-02-01
CUS_0x1ef5_2023_01_01,CUS_0x1ef5,1/1/2023,10,1,10000,1000,1000,0,9000,1/2/2023,2023-02-01,2025-11-09 08:44:51.798891,data/lms_loan_daily.csv,2023-02-01
CUS_0x1ef7_2023_02_01,CUS_0x1ef7,1/2/2023,10,0,10000,0,0,0,10000,1/2/2023,2023-02-01,2025-11-09 08:44:51.798891,data/lms_loan_daily.csv,2023-02-01
CUS_0x1eff_2023_02_01,CUS_0x1eff,1/2/2023,10,0,10000,0,0,0,10000,1/2/2023,2023-02-01,2025-11-09 08:44:51.798891,data/lms_loan_daily.csv,2023-02-01
CUS_0x1f3d_2023_02_01,CUS_0x1f3d,1/2/2023,10,0,10000,0,0,0,10000,1/2/2023,2023-02-01,2025-11-09 08:44:51.798891,data/lms_loan_daily.csv,2023-02-01
CUS_0x1ff5_2023_01_01,CUS_0x1ff5,1/1/2023,10,1,10000,1000,1000,0,9000,1/2/2023,2023-02-01,2025-11-09 08:44:51.798891,data/lms_loan_daily.csv,2023-02-01
CUS_0x1ff7_2023_01_01,CUS_0x1ff7,1/1/2023,10,1,10000,1000,1000,0,9000,1/2/2023,2023-02-01,2025-11-09 08:44:51.798891,data/lms_loan_daily.csv,2023-02-01
CUS_0x204a_2023_02_01,CUS_0x204a,1/2/2023,10,0,10000,0,0,0,10000,1/2/2023,2023-02-01,2025-11-09 08:44:51.798891,data/lms_loan_daily.csv,2023-02-01
CUS_0x205c_2023_01_01,CUS_0x205c,1/1/2023,10,1,10000,1000,1000,0,9000,1/2/2023,2023-02-01,2025-11-09 08:44:51.798891,data/lms_loan_daily.csv,2023-02-01
CUS_0x2108_2023_02_01,CUS_0x2108,1/2/2023,10,0,10000,0,0,0,10000,1/2/2023,2023-02-01,2025-11-09 08:44:51.798891,data/lms_loan_daily.csv,2023-02-01
CUS_0x210f_2023_01_01,CUS_0x210f,1/1/2023,10,1,10000,1000,1000,0,9000,1/2/2023,2023-02-01,2025-11-09 08:44:51.798891,data/lms_loan_daily.csv,2023-02-01
CUS_0x2168_2023_02_01,CUS_0x2168,1/2/2023,10,0,10000,0,0,0,10000,1/2/2023,2023-02-01,2025-11-09 08:44:51.798891,data/lms_loan_daily.csv,2023-02-01
CUS_0x2171_2023_02_01,CUS_0x2171,1/2/2023,10,0,10000,0,0,0,10000,1/2/2023,2023-02-01,2025-11-09 08:44:51.798891,data/lms_loan_daily.csv,2023-02-01
CUS_0x2174_2023_02_01,CUS_0x2174,1/2/2023,10,0,10000,0,0,0,10000,1/2/2023,2023-02-01,2025-11-09 08:44:51.798891,data/lms_loan_daily.csv,2023-02-01
CUS_0x21b6_2023_02_01,CUS_0x21b6,1/2/2023,10,0,10000,0,0,0,10000,1/2/2023,2023-02-01,2025-11-09 08:44:51.798891,data/lms_loan_daily.csv,2023-02-01
CUS_0x21dc_2023_01_01,CUS_0x21dc,1/1/2023,10,1,10000,1000,1000,0,9000,1/2/2023,2023-02-01,2025-11-09 08:44:51.798891,data/lms_loan_daily.csv,2023-02-01
CUS_0x2216_2023_02_01,CUS_0x2216,1/2/2023,10,0,10000,0,0,0,10000,1/2/2023,2023-02-01,2025-11-09 08:44:51.798891,data/lms_loan_daily.csv,2023-02-01
CUS_0x2218_2023_02_01,CUS_0x2218,1/2/2023,10,0,10000,0,0,0,10000,1/2/2023,2023-02-01,2025-11-09 08:44:51.798891,data/lms_loan_daily.csv,2023-02-01
CUS_0x2274_2023_01_01,CUS_0x2274,1/1/2023,10,1,10000,1000,1000,0,9000,1/2/2023,2023-02-01,2025-11-09 08:44:51.798891,data/lms_loan_daily.csv,2023-02-01
CUS_0x227e_2023_02_01,CUS_0x227e,1/2/2023,10,0,10000,0,0,0,10000,1/2/2023,2023-02-01,2025-11-09 08:44:51.798891,data/lms_loan_daily.csv,2023-02-01
CUS_0x2297_2023_01_01,CUS_0x2297,1/1/2023,10,1,10000,1000,1000,0,9000,1/2/2023,2023-02-01,2025-11-09 08:44:51.798891,data/lms_loan_daily.csv,2023-02-01
CUS_0x229f_2023_02_01,CUS_0x229f,1/2/2023,10,0,10000,0,0,0,10000,1/2/2023,2023-02-01,2025-11-09 08:44:51.798891,data/lms_loan_daily.csv,2023-02-01
CUS_0x22bc_2023_02_01,CUS_0x22bc,1/2/2023,10,0,10000,0,0,0,10000,1/2/2023,2023-02-01,2025-11-09 08:44:51.798891,data/lms_loan_daily.csv,2023-02-01
CUS_0x2344_2023_02_01,CUS_0x2344,1/2/2023,10,0,10000,0,0,0,10000,1/2/2023,2023-02-01,2025-11-09 08:44:51.798891,data/lms_loan_daily.csv,2023-02-01
CUS_0x2363_2023_02_01,CUS_0x2363,1/2/2023,10,0,10000,0,0,0,10000,1/2/2023,2023-02-01,2025-11-09 08:44:51.798891,data/lms_loan_daily.csv,2023-02-01
CUS_0x236b_2023_02_01,CUS_0x236b,1/2/2023,10,0,10000,0,0,0,10000,1/2/2023,2023-02-01,2025-11-09 08:44:51.798891,data/lms_loan_daily.csv,2023-02-01
CUS_0x2375_2023_01_01,CUS_0x2375,1/1/2023,10,1,10000,1000,1000,0,9000,1/2/2023,2023-02-01,2025-11-09 08:44:51.798891,data/lms_loan_daily.csv,2023-02-01
CUS_0x23c5_2023_02_01,CUS_0x23c5,1/2/2023,10,0,10000,0,0,0,10000,1/2/2023,2023-02-01,2025-11-09 08:44:51.798891,data/lms_loan_daily.csv,2023-02-01
CUS_0x24a8_2023_01_01,CUS_0x24a8,1/1/2023,10,1,10000,1000,1000,0,9000,1/2/2023,2023-02-01,2025-11-09 08:44:51.798891,data/lms_loan_daily.csv,2023-02-01
CUS_0x24b2_2023_02_01,CUS_0x24b2,1/2/2023,10,0,10000,0,0,0,10000,1/2/2023,2023-02-01,2025-11-09 08:44:51.798891,data/lms_loan_daily.csv,2023-02-01
CUS_0x24c3_2023_01_01,CUS_0x24c3,1/1/2023,10,1,10000,1000,1000,0,9000,1/2/2023,2023-02-01,2025-11-09 08:44:51.798891,data/lms_loan_daily.csv,2023-02-01
CUS_0x24d7_2023_02_01,CUS_0x24d7,1/2/2023,10,0,10000,0,0,0,10000,1/2/2023,2023-02-01,2025-11-09 08:44:51.798891,data/lms_loan_daily.csv,2023-02-01
CUS_0x24e1_2023_01_01,CUS_0x24e1,1/1/2023,10,1,10000,1000,1000,0,9000,1/2/2023,2023-02-01,2025-11-09 08:44:51.798891,data/lms_loan_daily.csv,2023-02-01
CUS_0x2513_2023_01_01,CUS_0x2513,1/1/2023,10,1,10000,1000,1000,0,9000,1/2/2023,2023-02-01,2025-11-09 08:44:51.798891,data/lms_loan_daily.csv,2023-02-01
CUS_0x2552_2023_01_01,CUS_0x2552,1/1/2023,10,1,10000,1000,1000,0,9000,1/2/2023,2023-02-01,2025-11-09 08:44:51.798891,data/lms_loan_daily.csv,2023-02-01
CUS_0x255d_2023_01_01,CUS_0x255d,1/1/2023,10,1,10000,1000,1000,0,9000,1/2/2023,2023-02-01,2025-11-09 08:44:51.798891,data/lms_loan_daily.csv,2023-02-01
CUS_0x2598_2023_01_01,CUS_0x2598,1/1/2023,10,1,10000,1000,1000,0,9000,1/2/2023,2023-02-01,2025-11-09 08:44:51.798891,data/lms_loan_daily.csv,2023-02-01
CUS_0x25cc_2023_01_01,CUS_0x25cc,1/1/2023,10,1,10000,1000,1000,0,9000,1/2/2023,2023-02-01,2025-11-09 08:44:51.798891,data/lms_loan_daily.csv,2023-02-01
CUS_0x25d8_2023_02_01,CUS_0x25d8,1/2/2023,10,0,10000,0,0,0,10000,1/2/2023,2023-02-01,2025-11-09 08:44:51.798891,data/lms_loan_daily.csv,2023-02-01
CUS_0x2602_2023_02_01,CUS_0x2602,1/2/2023,10,0,10000,0,0,0,10000,1/2/2023,2023-02-01,2025-11-09 08:44:51.798891,data/lms_loan_daily.csv,2023-02-01
CUS_0x2694_2023_02_01,CUS_0x2694,1/2/2023,10,0,10000,0,0,0,10000,1/2/2023,2023-02-01,2025-11-09 08:44:51.798891,data/lms_loan_daily.csv,2023-02-01
CUS_0x269b_2023_02_01,CUS_0x269b,1/2/2023,10,0,10000,0,0,0,10000,1/2/2023,2023-02-01,2025-11-09 08:44:51.798891,data/lms_loan_daily.csv,2023-02-01
CUS_0x269f_2023_02_01,CUS_0x269f,1/2/2023,10,0,10000,0,0,0,10000,1/2/2023,2023-02-01,2025-11-09 08:44:51.798891,data/lms_loan_daily.csv,2023-02-01
CUS_0x26da_2023_01_01,CUS_0x26da,1/1/2023,10,1,10000,1000,1000,0,9000,1/2/2023,2023-02-01,2025-11-09 08:44:51.798891,data/lms_loan_daily.csv,2023-02-01
CUS_0x26e3_2023_02_01,CUS_0x26e3,1/2/2023,10,0,10000,0,0,0,10000,1/2/2023,2023-02-01,2025-11-09 08:44:51.798891,data/lms_loan_daily.csv,2023-02-01
CUS_0x26f8_2023_02_01,CUS_0x26f8,1/2/2023,10,0,10000,0,0,0,10000,1/2/2023,2023-02-01,2025-11-09 08:44:51.798891,data/lms_loan_daily.csv,2023-02-01
CUS_0x2742_2023_02_01,CUS_0x2742,1/2/2023,10,0,10000,0,0,0,10000,1/2/2023,2023-02-01,2025-11-09 08:44:51.798891,data/lms_loan_daily.csv,2023-02-01
CUS_0x27ae_2023_02_01,CUS_0x27ae,1/2/2023,10,0,10000,0,0,0,10000,1/2/2023,2023-02-01,2025-11-09 08:44:51.798891,data/lms_loan_daily.csv,2023-02-01
CUS_0x284a_2023_01_01,CUS_0x284a,1/1/2023,10,1,10000,1000,1000,0,9000,1/2/2023,2023-02-01,2025-11-09 08:44:51.798891,data/lms_loan_daily.csv,2023-02-01
CUS_0x284f_2023_02_01,CUS_0x284f,1/2/2023,10,0,10000,0,0,0,10000,1/2/2023,2023-02-01,2025-11-09 08:44:51.798891,data/lms_loan_daily.csv,2023-02-01
CUS_0x287f_2023_02_01,CUS_0x287f,1/2/2023,10,0,10000,0,0,0,10000,1/2/2023,2023-02-01,2025-11-09 08:44:51.798891,data/lms_loan_daily.csv,2023-02-01
CUS_0x289e_2023_01_01,CUS_0x289e,1/1/2023,10,1,10000,1000,1000,0,9000,1/2/2023,2023-02-01,2025-11-09 08:44:51.798891,data/lms_loan_daily.csv,2023-02-01
CUS_0x292d_2023_01_01,CUS_0x292d,1/1/2023,10,1,10000,1000,1000,0,9000,1/2/2023,2023-02-01,2025-11-09 08:44:51.798891,data/lms_loan_daily.csv,2023-02-01
CUS_0x2951_2023_02_01,CUS_0x2951,1/2/2023,10,0,10000,0,0,0,10000,1/2/2023,2023-02-01,2025-11-09 08:44:51.798891,data/lms_loan_daily.csv,2023-02-01
CUS_0x2985_2023_02_01,CUS_0x2985,1/2/2023,10,0,10000,0,0,0,10000,1/2/2023,2023-02-01,2025-11-09 08:44:51.798891,data/lms_loan_daily.csv,2023-02-01
CUS_0x29b1_2023_01_01,CUS_0x29b1,1/1/2023,10,1,10000,1000,1000,0,9000,1/2/2023,2023-02-01,2025-11-09 08:44:51.798891,data/lms_loan_daily.csv,2023-02-01
CUS_0x2a55_2023_01_01,CUS_0x2a55,1/1/2023,10,1,10000,1000,1000,0,9000,1/2/2023,2023-02-01,2025-11-09 08:44:51.798891,data/lms_loan_daily.csv,2023-02-01
CUS_0x2a79_2023_02_01,CUS_0x2a79,1/2/2023,10,0,10000,0,0,0,10000,1/2/2023,2023-02-01,2025-11-09 08:44:51.798891,data/lms_loan_daily.csv,2023-02-01
CUS_0x2a7d_2023_01_01,CUS_0x2a7d,1/1/2023,10,1,10000,1000,1000,0,9000,1/2/2023,2023-02-01,2025-11-09 08:44:51.798891,data/lms_loan_daily.csv,2023-02-01
CUS_0x2abc_2023_01_01,CUS_0x2abc,1/1/2023,10,1,10000,1000,1000,0,9000,1/2/2023,2023-02-01,2025-11-09 08:44:51.798891,data/lms_loan_daily.csv,2023-02-01
CUS_0x2ad2_2023_01_01,CUS_0x2ad2,1/1/2023,10,1,10000,1000,1000,0,9000,1/2/2023,2023-02-01,2025-11-09 08:44:51.798891,data/lms_loan_daily.csv,2023-02-01
CUS_0x2b2d_2023_01_01,CUS_0x2b2d,1/1/2023,10,1,10000,1000,0,1000,10000,1/2/2023,2023-02-01,2025-11-09 08:44:51.798891,data/lms_loan_daily.csv,2023-02-01
CUS_0x2b3c_2023_02_01,CUS_0x2b3c,1/2/2023,10,0,10000,0,0,0,10000,1/2/2023,2023-02-01,2025-11-09 08:44:51.798891,data/lms_loan_daily.csv,2023-02-01
CUS_0x2b83_2023_01_01,CUS_0x2b83,1/1/2023,10,1,10000,1000,1000,0,9000,1/2/2023,2023-02-01,2025-11-09 08:44:51.798891,data/lms_loan_daily.csv,2023-02-01
CUS_0x2baf_2023_01_01,CUS_0x2baf,1/1/2023,10,1,10000,1000,1000,0,9000,1/2/2023,2023-02-01,2025-11-09 08:44:51.798891,data/lms_loan_daily.csv,2023-02-01
CUS_0x2bc8_2023_02_01,CUS_0x2bc8,1/2/2023,10,0,10000,0,0,0,10000,1/2/2023,2023-02-01,2025-11-09 08:44:51.798891,data/lms_loan_daily.csv,2023-02-01
CUS_0x2bc9_2023_02_01,CUS_0x2bc9,1/2/2023,10,0,10000,0,0,0,10000,1/2/2023,2023-02-01,2025-11-09 08:44:51.798891,data/lms_loan_daily.csv,2023-02-01
CUS_0x2bcb_2023_02_01,CUS_0x2bcb,1/2/2023,10,0,10000,0,0,0,10000,1/2/2023,2023-02-01,2025-11-09 08:44:51.798891,data/lms_loan_daily.csv,2023-02-01
CUS_0x2bf6_2023_01_01,CUS_0x2bf6,1/1/2023,10,1,10000,1000,1000,0,9000,1/2/2023,2023-02-01,2025-11-09 08:44:51.798891,data/lms_loan_daily.csv,2023-02-01
CUS_0x2bfa_2023_01_01,CUS_0x2bfa,1/1/2023,10,1,10000,1000,1000,0,9000,1/2/2023,2023-02-01,2025-11-09 08:44:51.798891,data/lms_loan_daily.csv,2023-02-01
CUS_0x2bfb_2023_02_01,CUS_0x2bfb,1/2/2023,10,0,10000,0,0,0,10000,1/2/2023,2023-02-01,2025-11-09 08:44:51.798891,data/lms_loan_daily.csv,2023-02-01
CUS_0x2cad_2023_02_01,CUS_0x2cad,1/2/2023,10,0,10000,0,0,0,10000,1/2/2023,2023-02-01,2025-11-09 08:44:51.798891,data/lms_loan_daily.csv,2023-02-01
CUS_0x2cae_2023_01_01,CUS_0x2cae,1/1/2023,10,1,10000,1000,1000,0,9000,1/2/2023,2023-02-01,2025-11-09 08:44:51.798891,data/lms_loan_daily.csv,2023-02-01
CUS_0x2cc2_2023_02_01,CUS_0x2cc2,1/2/2023,10,0,10000,0,0,0,10000,1/2/2023,2023-02-01,2025-11-09 08:44:51.798891,data/lms_loan_daily.csv,2023-02-01
CUS_0x2ccc_2023_01_01,CUS_0x2ccc,1/1/2023,10,1,10000,1000,1000,0,9000,1/2/2023,2023-02-01,2025-11-09 08:44:51.798891,data/lms_loan_daily.csv,2023-02-01
CUS_0x2d1e_2023_02_01,CUS_0x2d1e,1/2/2023,10,0,10000,0,0,0,10000,1/2/2023,2023-02-01,2025-11-09 08:44:51.798891,data/lms_loan_daily.csv,2023-02-01
CUS_0x2dbf_2023_02_01,CUS_0x2dbf,1/2/2023,10,0,10000,0,0,0,10000,1/2/2023,2023-02-01,2025-11-09 08:44:51.798891,data/lms_loan_daily.csv,2023-02-01
CUS_0x2dc0_2023_02_01,CUS_0x2dc0,1/2/2023,10,0,10000,0,0,0,10000,1/2/2023,2023-02-01,2025-11-09 08:44:51.798891,data/lms_loan_daily.csv,2023-02-01
CUS_0x2de0_2023_01_01,CUS_0x2de0,1/1/2023,10,1,10000,1000,1000,0,9000,1/2/2023,2023-02-01,2025-11-09 08:44:51.798891,data/lms_loan_daily.csv,2023-02-01
CUS_0x2de3_2023_02_01,CUS_0x2de3,1/2/2023,10,0,10000,0,0,0,10000,1/2/2023,2023-02-01,2025-11-09 08:44:51.798891,data/lms_loan_daily.csv,2023-02-01
CUS_0x2e06_2023_01_01,CUS_0x2e06,1/1/2023,10,1,10000,1000,1000,0,9000,1/2/2023,2023-02-01,2025-11-09 08:44:51.798891,data/lms_loan_daily.csv,2023-02-01
CUS_0x2e20_2023_01_01,CUS_0x2e20,1/1/2023,10,1,10000,1000,1000,0,9000,1/2/2023,2023-02-01,2025-11-09 08:44:51.798891,data/lms_loan_daily.csv,2023-02-01
CUS_0x2e6e_2023_02_01,CUS_0x2e6e,1/2/2023,10,0,10000,0,0,0,10000,1/2/2023,2023-02-01,2025-11-09 08:44:51.798891,data/lms_loan_daily.csv,2023-02-01
CUS_0x2ea8_2023_01_01,CUS_0x2ea8,1/1/2023,10,1,10000,1000,1000,0,9000,1/2/2023,2023-02-01,2025-11-09 08:44:51.798891,data/lms_loan_daily.csv,2023-02-01
CUS_0x2ed5_2023_02_01,CUS_0x2ed5,1/2/2023,10,0,10000,0,0,0,10000,1/2/2023,2023-02-01,2025-11-09 08:44:51.798891,data/lms_loan_daily.csv,2023-02-01
CUS_0x2f1d_2023_01_01,CUS_0x2f1d,1/1/2023,10,1,10000,1000,1000,0,9000,1/2/2023,2023-02-01,2025-11-09 08:44:51.798891,data/lms_loan_daily.csv,2023-02-01
CUS_0x2fab_2023_01_01,CUS_0x2fab,1/1/2023,10,1,10000,1000,1000,0,9000,1/2/2023,2023-02-01,2025-11-09 08:44:51.798891,data/lms_loan_daily.csv,2023-02-01
CUS_0x2fd6_2023_01_01,CUS_0x2fd6,1/1/2023,10,1,10000,1000,1000,0,9000,1/2/2023,2023-02-01,2025-11-09 08:44:51.798891,data/lms_loan_daily.csv,2023-02-01
CUS_0x3033_2023_02_01,CUS_0x3033,1/2/2023,10,0,10000,0,0,0,10000,1/2/2023,2023-02-01,2025-11-09 08:44:51.798891,data/lms_loan_daily.csv,2023-02-01
CUS_0x3053_2023_02_01,CUS_0x3053,1/2/2023,10,0,10000,0,0,0,10000,1/2/2023,2023-02-01,2025-11-09 08:44:51.798891,data/lms_loan_daily.csv,2023-02-01
CUS_0x3061_2023_02_01,CUS_0x3061,1/2/2023,10,0,10000,0,0,0,10000,1/2/2023,2023-02-01,2025-11-09 08:44:51.798891,data/lms_loan_daily.csv,2023-02-01
CUS_0x30df_2023_02_01,CUS_0x30df,1/2/2023,10,0,10000,0,0,0,10000,1/2/2023,2023-02-01,2025-11-09 08:44:51.798891,data/lms_loan_daily.csv,2023-02-01
CUS_0x30f8_2023_01_01,CUS_0x30f8,1/1/2023,10,1,10000,1000,1000,0,9000,1/2/2023,2023-02-01,2025-11-09 08:44:51.798891,data/lms_loan_daily.csv,2023-02-01
CUS_0x316e_2023_02_01,CUS_0x316e,1/2/2023,10,0,10000,0,0,0,10000,1/2/2023,2023-02-01,2025-11-09 08:44:51.798891,data/lms_loan_daily.csv,2023-02-01
CUS_0x31e9_2023_01_01,CUS_0x31e9,1/1/2023,10,1,10000,1000,1000,0,9000,1/2/2023,2023-02-01,2025-11-09 08:44:51.798891,data/lms_loan_daily.csv,2023-02-01
CUS_0x321f_2023_01_01,CUS_0x321f,1/1/2023,10,1,10000,1000,1000,0,9000,1/2/2023,2023-02-01,2025-11-09 08:44:51.798891,data/lms_loan_daily.csv,2023-02-01
CUS_0x3231_2023_01_01,CUS_0x3231,1/1/2023,10,1,10000,1000,1000,0,9000,1/2/2023,2023-02-01,2025-11-09 08:44:51.798891,data/lms_loan_daily.csv,2023-02-01
CUS_0x325f_2023_01_01,CUS_0x325f,1/1/2023,10,1,10000,1000,1000,0,9000,1/2/2023,2023-02-01,2025-11-09 08:44:51.798891,data/lms_loan_daily.csv,2023-02-01
CUS_0x3274_2023_01_01,CUS_0x3274,1/1/2023,10,1,10000,1000,1000,0,9000,1/2/2023,2023-02-01,2025-11-09 08:44:51.798891,data/lms_loan_daily.csv,2023-02-01
CUS_0x328b_2023_01_01,CUS_0x328b,1/1/2023,10,1,10000,1000,1000,0,9000,1/2/2023,2023-02-01,2025-11-09 08:44:51.798891,data/lms_loan_daily.csv,2023-02-01
CUS_0x3295_2023_02_01,CUS_0x3295,1/2/2023,10,0,10000,0,0,0,10000,1/2/2023,2023-02-01,2025-11-09 08:44:51.798891,data/lms_loan_daily.csv,2023-02-01
CUS_0x32dc_2023_02_01,CUS_0x32dc,1/2/2023,10,0,10000,0,0,0,10000,1/2/2023,2023-02-01,2025-11-09 08:44:51.798891,data/lms_loan_daily.csv,2023-02-01
CUS_0x32fb_2023_02_01,CUS_0x32fb,1/2/2023,10,0,10000,0,0,0,10000,1/2/2023,2023-02-01,2025-11-09 08:44:51.798891,data/lms_loan_daily.csv,2023-02-01
CUS_0x3379_2023_01_01,CUS_0x3379,1/1/2023,10,1,10000,1000,1000,0,9000,1/2/2023,2023-02-01,2025-11-09 08:44:51.798891,data/lms_loan_daily.csv,2023-02-01
CUS_0x3393_2023_02_01,CUS_0x3393,1/2/2023,10,0,10000,0,0,0,10000,1/2/2023,2023-02-01,2025-11-09 08:44:51.798891,data/lms_loan_daily.csv,2023-02-01
CUS_0x33aa_2023_02_01,CUS_0x33aa,1/2/2023,10,0,10000,0,0,0,10000,1/2/2023,2023-02-01,2025-11-09 08:44:51.798891,data/lms_loan_daily.csv,2023-02-01
CUS_0x33de_2023_02_01,CUS_0x33de,1/2/2023,10,0,10000,0,0,0,10000,1/2/2023,2023-02-01,2025-11-09 08:44:51.798891,data/lms_loan_daily.csv,2023-02-01
CUS_0x33f9_2023_02_01,CUS_0x33f9,1/2/2023,10,0,10000,0,0,0,10000,1/2/2023,2023-02-01,2025-11-09 08:44:51.798891,data/lms_loan_daily.csv,2023-02-01
CUS_0x3433_2023_01_01,CUS_0x3433,1/1/2023,10,1,10000,1000,1000,0,9000,1/2/2023,2023-02-01,2025-11-09 08:44:51.798891,data/lms_loan_daily.csv,2023-02-01
CUS_0x343d_2023_02_01,CUS_0x343d,1/2/2023,10,0,10000,0,0,0,10000,1/2/2023,2023-02-01,2025-11-09 08:44:51.798891,data/lms_loan_daily.csv,2023-02-01
CUS_0x344e_2023_01_01,CUS_0x344e,1/1/2023,10,1,10000,1000,1000,0,9000,1/2/2023,2023-02-01,2025-11-09 08:44:51.798891,data/lms_loan_daily.csv,2023-02-01
CUS_0x3490_2023_01_01,CUS_0x3490,1/1/2023,10,1,10000,1000,1000,0,9000,1/2/2023,2023-02-01,2025-11-09 08:44:51.798891,data/lms_loan_daily.csv,2023-02-01
CUS_0x34e9_2023_02_01,CUS_0x34e9,1/2/2023,10,0,10000,0,0,0,10000,1/2/2023,2023-02-01,2025-11-09 08:44:51.798891,data/lms_loan_daily.csv,2023-02-01
CUS_0x34fa_2023_01_01,CUS_0x34fa,1/1/2023,10,1,10000,1000,1000,0,9000,1/2/2023,2023-02-01,2025-11-09 08:44:51.798891,data/lms_loan_daily.csv,2023-02-01
CUS_0x351f_2023_02_01,CUS_0x351f,1/2/2023,10,0,10000,0,0,0,10000,1/2/2023,2023-02-01,2025-11-09 08:44:51.798891,data/lms_loan_daily.csv,2023-02-01
CUS_0x3539_2023_01_01,CUS_0x3539,1/1/2023,10,1,10000,1000,1000,0,9000,1/2/2023,2023-02-01,2025-11-09 08:44:51.798891,data/lms_loan_daily.csv,2023-02-01
CUS_0x353a_2023_02_01,CUS_0x353a,1/2/2023,10,0,10000,0,0,0,10000,1/2/2023,2023-02-01,2025-11-09 08:44:51.798891,data/lms_loan_daily.csv,2023-02-01
CUS_0x354b_2023_01_01,CUS_0x354b,1/1/2023,10,1,10000,1000,1000,0,9000,1/2/2023,2023-02-01,2025-11-09 08:44:51.798891,data/lms_loan_daily.csv,2023-02-01
CUS_0x355c_2023_02_01,CUS_0x355c,1/2/2023,10,0,10000,0,0,0,10000,1/2/2023,2023-02-01,2025-11-09 08:44:51.798891,data/lms_loan_daily.csv,2023-02-01
CUS_0x355f_2023_01_01,CUS_0x355f,1/1/2023,10,1,10000,1000,1000,0,9000,1/2/2023,2023-02-01,2025-11-09 08:44:51.798891,data/lms_loan_daily.csv,2023-02-01
CUS_0x356c_2023_01_01,CUS_0x356c,1/1/2023,10,1,10000,1000,0,1000,10000,1/2/2023,2023-02-01,2025-11-09 08:44:51.798891,data/lms_loan_daily.csv,2023-02-01
CUS_0x3643_2023_01_01,CUS_0x3643,1/1/2023,10,1,10000,1000,1000,0,9000,1/2/2023,2023-02-01,2025-11-09 08:44:51.798891,data/lms_loan_daily.csv,2023-02-01
CUS_0x365b_2023_02_01,CUS_0x365b,1/2/2023,10,0,10000,0,0,0,10000,1/2/2023,2023-02-01,2025-11-09 08:44:51.798891,data/lms_loan_daily.csv,2023-02-01
CUS_0x36a2_2023_02_01,CUS_0x36a2,1/2/2023,10,0,10000,0,0,0,10000,1/2/2023,2023-02-01,2025-11-09 08:44:51.798891,data/lms_loan_daily.csv,2023-02-01
CUS_0x36b3_2023_01_01,CUS_0x36b3,1/1/2023,10,1,10000,1000,1000,0,9000,1/2/2023,2023-02-01,2025-11-09 08:44:51.798891,data/lms_loan_daily.csv,2023-02-01
CUS_0x36f7_2023_01_01,CUS_0x36f7,1/1/2023,10,1,10000,1000,1000,0,9000,1/2/2023,2023-02-01,2025-11-09 08:44:51.798891,data/lms_loan_daily.csv,2023-02-01
CUS_0x3713_2023_02_01,CUS_0x3713,1/2/2023,10,0,10000,0,0,0,10000,1/2/2023,2023-02-01,2025-11-09 08:44:51.798891,data/lms_loan_daily.csv,2023-02-01
CUS_0x3733_2023_01_01,CUS_0x3733,1/1/2023,10,1,10000,1000,1000,0,9000,1/2/2023,2023-02-01,2025-11-09 08:44:51.798891,data/lms_loan_daily.csv,2023-02-01
CUS_0x377b_2023_02_01,CUS_0x377b,1/2/2023,10,0,10000,0,0,0,10000,1/2/2023,2023-02-01,2025-11-09 08:44:51.798891,data/lms_loan_daily.csv,2023-02-01
CUS_0x37a1_2023_01_01,CUS_0x37a1,1/1/2023,10,1,10000,1000,1000,0,9000,1/2/2023,2023-02-01,2025-11-09 08:44:51.798891,data/lms_loan_daily.csv,2023-02-01
CUS_0x37b2_2023_01_01,CUS_0x37b2,1/1/2023,10,1,10000,1000,1000,0,9000,1/2/2023,2023-02-01,2025-11-09 08:44:51.798891,data/lms_loan_daily.csv,2023-02-01
CUS_0x37cd_2023_02_01,CUS_0x37cd,1/2/2023,10,0,10000,0,0,0,10000,1/2/2023,2023-02-01,2025-11-09 08:44:51.798891,data/lms_loan_daily.csv,2023-02-01
CUS_0x382f_2023_02_01,CUS_0x382f,1/2/2023,10,0,10000,0,0,0,10000,1/2/2023,2023-02-01,2025-11-09 08:44:51.798891,data/lms_loan_daily.csv,2023-02-01
CUS_0x383d_2023_01_01,CUS_0x383d,1/1/2023,10,1,10000,1000,1000,0,9000,1/2/2023,2023-02-01,2025-11-09 08:44:51.798891,data/lms_loan_daily.csv,2023-02-01
CUS_0x3873_2023_01_01,CUS_0x3873,1/1/2023,10,1,10000,1000,1000,0,9000,1/2/2023,2023-02-01,2025-11-09 08:44:51.798891,data/lms_loan_daily.csv,2023-02-01
CUS_0x38b0_2023_02_01,CUS_0x38b0,1/2/2023,10,0,10000,0,0,0,10000,1/2/2023,2023-02-01,2025-11-09 08:44:51.798891,data/lms_loan_daily.csv,2023-02-01
CUS_0x38e1_2023_02_01,CUS_0x38e1,1/2/2023,10,0,10000,0,0,0,10000,1/2/2023,2023-02-01,2025-11-09 08:44:51.798891,data/lms_loan_daily.csv,2023-02-01
CUS_0x3906_2023_01_01,CUS_0x3906,1/1/2023,10,1,10000,1000,1000,0,9000,1/2/2023,2023-02-01,2025-11-09 08:44:51.798891,data/lms_loan_daily.csv,2023-02-01
CUS_0x3912_2023_02_01,CUS_0x3912,1/2/2023,10,0,10000,0,0,0,10000,1/2/2023,2023-02-01,2025-11-09 08:44:51.798891,data/lms_loan_daily.csv,2023-02-01
CUS_0x3925_2023_02_01,CUS_0x3925,1/2/2023,10,0,10000,0,0,0,10000,1/2/2023,2023-02-01,2025-11-09 08:44:51.798891,data/lms_loan_daily.csv,2023-02-01
CUS_0x3928_2023_01_01,CUS_0x3928,1/1/2023,10,1,10000,1000,0,1000,10000,1/2/2023,2023-02-01,2025-11-09 08:44:51.798891,data/lms_loan_daily.csv,2023-02-01
CUS_0x397b_2023_01_01,CUS_0x397b,1/1/2023,10,1,10000,1000,1000,0,9000,1/2/2023,2023-02-01,2025-11-09 08:44:51.798891,data/lms_loan_daily.csv,2023-02-01
CUS_0x3a03_2023_01_01,CUS_0x3a03,1/1/2023,10,1,10000,1000,1000,0,9000,1/2/2023,2023-02-01,2025-11-09 08:44:51.798891,data/lms_loan_daily.csv,2023-02-01
CUS_0x3a28_2023_02_01,CUS_0x3a28,1/2/2023,10,0,10000,0,0,0,10000,1/2/2023,2023-02-01,2025-11-09 08:44:51.798891,data/lms_loan_daily.csv,2023-02-01
CUS_0x3a38_2023_02_01,CUS_0x3a38,1/2/2023,10,0,10000,0,0,0,10000,1/2/2023,2023-02-01,2025-11-09 08:44:51.798891,data/lms_loan_daily.csv,2023-02-01
CUS_0x3a3d_2023_01_01,CUS_0x3a3d,1/1/2023,10,1,10000,1000,1000,0,9000,1/2/2023,2023-02-01,2025-11-09 08:44:51.798891,data/lms_loan_daily.csv,2023-02-01
CUS_0x3a40_2023_02_01,CUS_0x3a40,1/2/2023,10,0,10000,0,0,0,10000,1/2/2023,2023-02-01,2025-11-09 08:44:51.798891,data/lms_loan_daily.csv,2023-02-01
CUS_0x3a55_2023_02_01,CUS_0x3a55,1/2/2023,10,0,10000,0,0,0,10000,1/2/2023,2023-02-01,2025-11-09 08:44:51.798891,data/lms_loan_daily.csv,2023-02-01
CUS_0x3a69_2023_01_01,CUS_0x3a69,1/1/2023,10,1,10000,1000,1000,0,9000,1/2/2023,2023-02-01,2025-11-09 08:44:51.798891,data/lms_loan_daily.csv,2023-02-01
CUS_0x3a7e_2023_02_01,CUS_0x3a7e,1/2/2023,10,0,10000,0,0,0,10000,1/2/2023,2023-02-01,2025-11-09 08:44:51.798891,data/lms_loan_daily.csv,2023-02-01
CUS_0x3a82_2023_01_01,CUS_0x3a82,1/1/2023,10,1,10000,1000,1000,0,9000,1/2/2023,2023-02-01,2025-11-09 08:44:51.798891,data/lms_loan_daily.csv,2023-02-01
CUS_0x3a9e_2023_02_01,CUS_0x3a9e,1/2/2023,10,0,10000,0,0,0,10000,1/2/2023,2023-02-01,2025-11-09 08:44:51.798891,data/lms_loan_daily.csv,2023-02-01
CUS_0x3acc_2023_01_01,CUS_0x3acc,1/1/2023,10,1,10000,1000,1000,0,9000,1/2/2023,2023-02-01,2025-11-09 08:44:51.798891,data/lms_loan_daily.csv,2023-02-01
CUS_0x3adc_2023_01_01,CUS_0x3adc,1/1/2023,10,1,10000,1000,0,1000,10000,1/2/2023,2023-02-01,2025-11-09 08:44:51.798891,data/lms_loan_daily.csv,2023-02-01
CUS_0x3af5_2023_01_01,CUS_0x3af5,1/1/2023,10,1,10000,1000,1000,0,9000,1/2/2023,2023-02-01,2025-11-09 08:44:51.798891,data/lms_loan_daily.csv,2023-02-01
CUS_0x3b10_2023_01_01,CUS_0x3b10,1/1/2023,10,1,10000,1000,1000,0,9000,1/2/2023,2023-02-01,2025-11-09 08:44:51.798891,data/lms_loan_daily.csv,2023-02-01
CUS_0x3b22_2023_01_01,CUS_0x3b22,1/1/2023,10,1,10000,1000,1000,0,9000,1/2/2023,2023-02-01,2025-11-09 08:44:51.798891,data/lms_loan_daily.csv,2023-02-01
CUS_0x3b2a_2023_01_01,CUS_0x3b2a,1/1/2023,10,1,10000,1000,1000,0,9000,1/2/2023,2023-02-01,2025-11-09 08:44:51.798891,data/lms_loan_daily.csv,2023-02-01
CUS_0x3b6e_2023_01_01,CUS_0x3b6e,1/1/2023,10,1,10000,1000,1000,0,9000,1/2/2023,2023-02-01,2025-11-09 08:44:51.798891,data/lms_loan_daily.csv,2023-02-01
CUS_0x3bc3_2023_01_01,CUS_0x3bc3,1/1/2023,10,1,10000,1000,1000,0,9000,1/2/2023,2023-02-01,2025-11-09 08:44:51.798891,data/lms_loan_daily.csv,2023-02-01
CUS_0x3bc6_2023_01_01,CUS_0x3bc6,1/1/2023,10,1,10000,1000,1000,0,9000,1/2/2023,2023-02-01,2025-11-09 08:44:51.798891,data/lms_loan_daily.csv,2023-02-01
CUS_0x3bd0_2023_01_01,CUS_0x3bd0,1/1/2023,10,1,10000,1000,1000,0,9000,1/2/2023,2023-02-01,2025-11-09 08:44:51.798891,data/lms_loan_daily.csv,2023-02-01
CUS_0x3bde_2023_01_01,CUS_0x3bde,1/1/2023,10,1,10000,1000,1000,0,9000,1/2/2023,2023-02-01,2025-11-09 08:44:51.798891,data/lms_loan_daily.csv,2023-02-01
CUS_0x3bf5_2023_01_01,CUS_0x3bf5,1/1/2023,10,1,10000,1000,1000,0,9000,1/2/2023,2023-02-01,2025-11-09 08:44:51.798891,data/lms_loan_daily.csv,2023-02-01
CUS_0x3bfb_2023_02_01,CUS_0x3bfb,1/2/2023,10,0,10000,0,0,0,10000,1/2/2023,2023-02-01,2025-11-09 08:44:51.798891,data/lms_loan_daily.csv,2023-02-01
CUS_0x3c61_2023_02_01,CUS_0x3c61,1/2/2023,10,0,10000,0,0,0,10000,1/2/2023,2023-02-01,2025-11-09 08:44:51.798891,data/lms_loan_daily.csv,2023-02-01
CUS_0x3c82_2023_02_01,CUS_0x3c82,1/2/2023,10,0,10000,0,0,0,10000,1/2/2023,2023-02-01,2025-11-09 08:44:51.798891,data/lms_loan_daily.csv,2023-02-01
CUS_0x3cb7_2023_02_01,CUS_0x3cb7,1/2/2023,10,0,10000,0,0,0,10000,1/2/2023,2023-02-01,2025-11-09 08:44:51.798891,data/lms_loan_daily.csv,2023-02-01
CUS_0x3cc2_2023_02_01,CUS_0x3cc2,1/2/2023,10,0,10000,0,0,0,10000,1/2/2023,2023-02-01,2025-11-09 08:44:51.798891,data/lms_loan_daily.csv,2023-02-01
CUS_0x3cc6_2023_02_01,CUS_0x3cc6,1/2/2023,10,0,10000,0,0,0,10000,1/2/2023,2023-02-01,2025-11-09 08:44:51.798891,data/lms_loan_daily.csv,2023-02-01
CUS_0x3ccd_2023_01_01,CUS_0x3ccd,1/1/2023,10,1,10000,1000,1000,0,9000,1/2/2023,2023-02-01,2025-11-09 08:44:51.798891,data/lms_loan_daily.csv,2023-02-01
CUS_0x3cea_2023_01_01,CUS_0x3cea,1/1/2023,10,1,10000,1000,1000,0,9000,1/2/2023,2023-02-01,2025-11-09 08:44:51.798891,data/lms_loan_daily.csv,2023-02-01
CUS_0x3cfc_2023_01_01,CUS_0x3cfc,1/1/2023,10,1,10000,1000,1000,0,9000,1/2/2023,2023-02-01,2025-11-09 08:44:51.798891,data/lms_loan_daily.csv,2023-02-01
CUS_0x3d58_2023_02_01,CUS_0x3d58,1/2/2023,10,0,10000,0,0,0,10000,1/2/2023,2023-02-01,2025-11-09 08:44:51.798891,data/lms_loan_daily.csv,2023-02-01
CUS_0x3d63_2023_02_01,CUS_0x3d63,1/2/2023,10,0,10000,0,0,0,10000,1/2/2023,2023-02-01,2025-11-09 08:44:51.798891,data/lms_loan_daily.csv,2023-02-01
CUS_0x3d6c_2023_01_01,CUS_0x3d6c,1/1/2023,10,1,10000,1000,1000,0,9000,1/2/2023,2023-02-01,2025-11-09 08:44:51.798891,data/lms_loan_daily.csv,2023-02-01
CUS_0x3d99_2023_02_01,CUS_0x3d99,1/2/2023,10,0,10000,0,0,0,10000,1/2/2023,2023-02-01,2025-11-09 08:44:51.798891,data/lms_loan_daily.csv,2023-02-01
CUS_0x3dfa_2023_02_01,CUS_0x3dfa,1/2/2023,10,0,10000,0,0,0,10000,1/2/2023,2023-02-01,2025-11-09 08:44:51.798891,data/lms_loan_daily.csv,2023-02-01
CUS_0x3e17_2023_02_01,CUS_0x3e17,1/2/2023,10,0,10000,0,0,0,10000,1/2/2023,2023-02-01,2025-11-09 08:44:51.798891,data/lms_loan_daily.csv,2023-02-01
CUS_0x3e2d_2023_01_01,CUS_0x3e2d,1/1/2023,10,1,10000,1000,1000,0,9000,1/2/2023,2023-02-01,2025-11-09 08:44:51.798891,data/lms_loan_daily.csv,2023-02-01
CUS_0x3e54_2023_01_01,CUS_0x3e54,1/1/2023,10,1,10000,1000,1000,0,9000,1/2/2023,2023-02-01,2025-11-09 08:44:51.798891,data/lms_loan_daily.csv,2023-02-01
CUS_0x3e5c_2023_02_01,CUS_0x3e5c,1/2/2023,10,0,10000,0,0,0,10000,1/2/2023,2023-02-01,2025-11-09 08:44:51.798891,data/lms_loan_daily.csv,2023-02-01
CUS_0x3e68_2023_02_01,CUS_0x3e68,1/2/2023,10,0,10000,0,0,0,10000,1/2/2023,2023-02-01,2025-11-09 08:44:51.798891,data/lms_loan_daily.csv,2023-02-01
CUS_0x3e6d_2023_01_01,CUS_0x3e6d,1/1/2023,10,1,10000,1000,1000,0,9000,1/2/2023,2023-02-01,2025-11-09 08:44:51.798891,data/lms_loan_daily.csv,2023-02-01
CUS_0x3e73_2023_01_01,CUS_0x3e73,1/1/2023,10,1,10000,1000,1000,0,9000,1/2/2023,2023-02-01,2025-11-09 08:44:51.798891,data/lms_loan_daily.csv,2023-02-01
CUS_0x3e9c_2023_01_01,CUS_0x3e9c,1/1/2023,10,1,10000,1000,1000,0,9000,1/2/2023,2023-02-01,2025-11-09 08:44:51.798891,data/lms_loan_daily.csv,2023-02-01
CUS_0x3ea3_2023_02_01,CUS_0x3ea3,1/2/2023,10,0,10000,0,0,0,10000,1/2/2023,2023-02-01,2025-11-09 08:44:51.798891,data/lms_loan_daily.csv,2023-02-01
CUS_0x3ee7_2023_01_01,CUS_0x3ee7,1/1/2023,10,1,10000,1000,1000,0,9000,1/2/2023,2023-02-01,2025-11-09 08:44:51.798891,data/lms_loan_daily.csv,2023-02-01
CUS_0x3f1a_2023_02_01,CUS_0x3f1a,1/2/2023,10,0,10000,0,0,0,10000,1/2/2023,2023-02-01,2025-11-09 08:44:51.798891,data/lms_loan_daily.csv,2023-02-01
CUS_0x3f3e_2023_02_01,CUS_0x3f3e,1/2/2023,10,0,10000,0,0,0,10000,1/2/2023,2023-02-01,2025-11-09 08:44:51.798891,data/lms_loan_daily.csv,2023-02-01
CUS_0x3f41_2023_02_01,CUS_0x3f41,1/2/2023,10,0,10000,0,0,0,10000,1/2/2023,2023-02-01,2025-11-09 08:44:51.798891,data/lms_loan_daily.csv,2023-02-01
CUS_0x3f5_2023_02_01,CUS_0x3f5,1/2/2023,10,0,10000,0,0,0,10000,1/2/2023,2023-02-01,2025-11-09 08:44:51.798891,data/lms_loan_daily.csv,2023-02-01
CUS_0x3f63_2023_01_01,CUS_0x3f63,1/1/2023,10,1,10000,1000,1000,0,9000,1/2/2023,2023-02-01,2025-11-09 08:44:51.798891,data/lms_loan_daily.csv,2023-02-01
CUS_0x3fc3_2023_01_01,CUS_0x3fc3,1/1/2023,10,1,10000,1000,1000,0,9000,1/2/2023,2023-02-01,2025-11-09 08:44:51.798891,data/lms_loan_daily.csv,2023-02-01
CUS_0x3fd9_2023_01_01,CUS_0x3fd9,1/1/2023,10,1,10000,1000,1000,0,9000,1/2/2023,2023-02-01,2025-11-09 08:44:51.798891,data/lms_loan_daily.csv,2023-02-01
CUS_0x401c_2023_01_01,CUS_0x401c,1/1/2023,10,1,10000,1000,1000,0,9000,1/2/2023,2023-02-01,2025-11-09 08:44:51.798891,data/lms_loan_daily.csv,2023-02-01
CUS_0x4021_2023_02_01,CUS_0x4021,1/2/2023,10,0,10000,0,0,0,10000,1/2/2023,2023-02-01,2025-11-09 08:44:51.798891,data/lms_loan_daily.csv,2023-02-01
CUS_0x4029_2023_02_01,CUS_0x4029,1/2/2023,10,0,10000,0,0,0,10000,1/2/2023,2023-02-01,2025-11-09 08:44:51.798891,data/lms_loan_daily.csv,2023-02-01
CUS_0x4096_2023_01_01,CUS_0x4096,1/1/2023,10,1,10000,1000,0,1000,10000,1/2/2023,2023-02-01,2025-11-09 08:44:51.798891,data/lms_loan_daily.csv,2023-02-01
CUS_0x40c5_2023_01_01,CUS_0x40c5,1/1/2023,10,1,10000,1000,1000,0,9000,1/2/2023,2023-02-01,2025-11-09 08:44:51.798891,data/lms_loan_daily.csv,2023-02-01
CUS_0x40d0_2023_01_01,CUS_0x40d0,1/1/2023,10,1,10000,1000,1000,0,9000,1/2/2023,2023-02-01,2025-11-09 08:44:51.798891,data/lms_loan_daily.csv,2023-02-01
CUS_0x411a_2023_02_01,CUS_0x411a,1/2/2023,10,0,10000,0,0,0,10000,1/2/2023,2023-02-01,2025-11-09 08:44:51.798891,data/lms_loan_daily.csv,2023-02-01
CUS_0x4131_2023_01_01,CUS_0x4131,1/1/2023,10,1,10000,1000,1000,0,9000,1/2/2023,2023-02-01,2025-11-09 08:44:51.798891,data/lms_loan_daily.csv,2023-02-01
CUS_0x416f_2023_01_01,CUS_0x416f,1/1/2023,10,1,10000,1000,1000,0,9000,1/2/2023,2023-02-01,2025-11-09 08:44:51.798891,data/lms_loan_daily.csv,2023-02-01
CUS_0x41b7_2023_01_01,CUS_0x41b7,1/1/2023,10,1,10000,1000,1000,0,9000,1/2/2023,2023-02-01,2025-11-09 08:44:51.798891,data/lms_loan_daily.csv,2023-02-01
CUS_0x41c_2023_01_01,CUS_0x41c,1/1/2023,10,1,10000,1000,1000,0,9000,1/2/2023,2023-02-01,2025-11-09 08:44:51.798891,data/lms_loan_daily.csv,2023-02-01
CUS_0x41f2_2023_01_01,CUS_0x41f2,1/1/2023,10,1,10000,1000,1000,0,9000,1/2/2023,2023-02-01,2025-11-09 08:44:51.798891,data/lms_loan_daily.csv,2023-02-01
CUS_0x4236_2023_02_01,CUS_0x4236,1/2/2023,10,0,10000,0,0,0,10000,1/2/2023,2023-02-01,2025-11-09 08:44:51.798891,data/lms_loan_daily.csv,2023-02-01
CUS_0x424_2023_01_01,CUS_0x424,1/1/2023,10,1,10000,1000,1000,0,9000,1/2/2023,2023-02-01,2025-11-09 08:44:51.798891,data/lms_loan_daily.csv,2023-02-01
CUS_0x4271_2023_01_01,CUS_0x4271,1/1/2023,10,1,10000,1000,1000,0,9000,1/2/2023,2023-02-01,2025-11-09 08:44:51.798891,data/lms_loan_daily.csv,2023-02-01
CUS_0x42c6_2023_01_01,CUS_0x42c6,1/1/2023,10,1,10000,1000,1000,0,9000,1/2/2023,2023-02-01,2025-11-09 08:44:51.798891,data/lms_loan_daily.csv,2023-02-01
CUS_0x432_2023_02_01,CUS_0x432,1/2/2023,10,0,10000,0,0,0,10000,1/2/2023,2023-02-01,2025-11-09 08:44:51.798891,data/lms_loan_daily.csv,2023-02-01
CUS_0x4322_2023_01_01,CUS_0x4322,1/1/2023,10,1,10000,1000,1000,0,9000,1/2/2023,2023-02-01,2025-11-09 08:44:51.798891,data/lms_loan_daily.csv,2023-02-01
CUS_0x4327_2023_01_01,CUS_0x4327,1/1/2023,10,1,10000,1000,1000,0,9000,1/2/2023,2023-02-01,2025-11-09 08:44:51.798891,data/lms_loan_daily.csv,2023-02-01
CUS_0x4340_2023_01_01,CUS_0x4340,1/1/2023,10,1,10000,1000,1000,0,9000,1/2/2023,2023-02-01,2025-11-09 08:44:51.798891,data/lms_loan_daily.csv,2023-02-01
CUS_0x436d_2023_02_01,CUS_0x436d,1/2/2023,10,0,10000,0,0,0,10000,1/2/2023,2023-02-01,2025-11-09 08:44:51.798891,data/lms_loan_daily.csv,2023-02-01
CUS_0x436f_2023_01_01,CUS_0x436f,1/1/2023,10,1,10000,1000,1000,0,9000,1/2/2023,2023-02-01,2025-11-09 08:44:51.798891,data/lms_loan_daily.csv,2023-02-01
CUS_0x438a_2023_01_01,CUS_0x438a,1/1/2023,10,1,10000,1000,1000,0,9000,1/2/2023,2023-02-01,2025-11-09 08:44:51.798891,data/lms_loan_daily.csv,2023-02-01
CUS_0x4395_2023_01_01,CUS_0x4395,1/1/2023,10,1,10000,1000,0,1000,10000,1/2/2023,2023-02-01,2025-11-09 08:44:51.798891,data/lms_loan_daily.csv,2023-02-01
CUS_0x43be_2023_02_01,CUS_0x43be,1/2/2023,10,0,10000,0,0,0,10000,1/2/2023,2023-02-01,2025-11-09 08:44:51.798891,data/lms_loan_daily.csv,2023-02-01
CUS_0x43c5_2023_01_01,CUS_0x43c5,1/1/2023,10,1,10000,1000,1000,0,9000,1/2/2023,2023-02-01,2025-11-09 08:44:51.798891,data/lms_loan_daily.csv,2023-02-01
CUS_0x43f8_2023_01_01,CUS_0x43f8,1/1/2023,10,1,10000,1000,1000,0,9000,1/2/2023,2023-02-01,2025-11-09 08:44:51.798891,data/lms_loan_daily.csv,2023-02-01
CUS_0x43fd_2023_02_01,CUS_0x43fd,1/2/2023,10,0,10000,0,0,0,10000,1/2/2023,2023-02-01,2025-11-09 08:44:51.798891,data/lms_loan_daily.csv,2023-02-01
CUS_0x4410_2023_01_01,CUS_0x4410,1/1/2023,10,1,10000,1000,1000,0,9000,1/2/2023,2023-02-01,2025-11-09 08:44:51.798891,data/lms_loan_daily.csv,2023-02-01
CUS_0x4423_2023_02_01,CUS_0x4423,1/2/2023,10,0,10000,0,0,0,10000,1/2/2023,2023-02-01,2025-11-09 08:44:51.798891,data/lms_loan_daily.csv,2023-02-01
CUS_0x4464_2023_01_01,CUS_0x4464,1/1/2023,10,1,10000,1000,1000,0,9000,1/2/2023,2023-02-01,2025-11-09 08:44:51.798891,data/lms_loan_daily.csv,2023-02-01
CUS_0x4472_2023_01_01,CUS_0x4472,1/1/2023,10,1,10000,1000,1000,0,9000,1/2/2023,2023-02-01,2025-11-09 08:44:51.798891,data/lms_loan_daily.csv,2023-02-01
CUS_0x447f_2023_02_01,CUS_0x447f,1/2/2023,10,0,10000,0,0,0,10000,1/2/2023,2023-02-01,2025-11-09 08:44:51.798891,data/lms_loan_daily.csv,2023-02-01
CUS_0x44d5_2023_01_01,CUS_0x44d5,1/1/2023,10,1,10000,1000,1000,0,9000,1/2/2023,2023-02-01,2025-11-09 08:44:51.798891,data/lms_loan_daily.csv,2023-02-01
CUS_0x44e0_2023_01_01,CUS_0x44e0,1/1/2023,10,1,10000,1000,1000,0,9000,1/2/2023,2023-02-01,2025-11-09 08:44:51.798891,data/lms_loan_daily.csv,2023-02-01
CUS_0x44e8_2023_02_01,CUS_0x44e8,1/2/2023,10,0,10000,0,0,0,10000,1/2/2023,2023-02-01,2025-11-09 08:44:51.798891,data/lms_loan_daily.csv,2023-02-01
CUS_0x44fa_2023_02_01,CUS_0x44fa,1/2/2023,10,0,10000,0,0,0,10000,1/2/2023,2023-02-01,2025-11-09 08:44:51.798891,data/lms_loan_daily.csv,2023-02-01
CUS_0x452f_2023_02_01,CUS_0x452f,1/2/2023,10,0,10000,0,0,0,10000,1/2/2023,2023-02-01,2025-11-09 08:44:51.798891,data/lms_loan_daily.csv,2023-02-01
CUS_0x4555_2023_02_01,CUS_0x4555,1/2/2023,10,0,10000,0,0,0,10000,1/2/2023,2023-02-01,2025-11-09 08:44:51.798891,data/lms_loan_daily.csv,2023-02-01
CUS_0x4596_2023_01_01,CUS_0x4596,1/1/2023,10,1,10000,1000,1000,0,9000,1/2/2023,2023-02-01,2025-11-09 08:44:51.798891,data/lms_loan_daily.csv,2023-02-01
CUS_0x45aa_2023_02_01,CUS_0x45aa,1/2/2023,10,0,10000,0,0,0,10000,1/2/2023,2023-02-01,2025-11-09 08:44:51.798891,data/lms_loan_daily.csv,2023-02-01
CUS_0x4662_2023_01_01,CUS_0x4662,1/1/2023,10,1,10000,1000,1000,0,9000,1/2/2023,2023-02-01,2025-11-09 08:44:51.798891,data/lms_loan_daily.csv,2023-02-01
CUS_0x4671_2023_01_01,CUS_0x4671,1/1/2023,10,1,10000,1000,0,1000,10000,1/2/2023,2023-02-01,2025-11-09 08:44:51.798891,data/lms_loan_daily.csv,2023-02-01
CUS_0x4674_2023_01_01,CUS_0x4674,1/1/2023,10,1,10000,1000,1000,0,9000,1/2/2023,2023-02-01,2025-11-09 08:44:51.798891,data/lms_loan_daily.csv,2023-02-01
CUS_0x4688_2023_01_01,CUS_0x4688,1/1/2023,10,1,10000,1000,1000,0,9000,1/2/2023,2023-02-01,2025-11-09 08:44:51.798891,data/lms_loan_daily.csv,2023-02-01
CUS_0x468a_2023_02_01,CUS_0x468a,1/2/2023,10,0,10000,0,0,0,10000,1/2/2023,2023-02-01,2025-11-09 08:44:51.798891,data/lms_loan_daily.csv,2023-02-01
CUS_0x46ce_2023_02_01,CUS_0x46ce,1/2/2023,10,0,10000,0,0,0,10000,1/2/2023,2023-02-01,2025-11-09 08:44:51.798891,data/lms_loan_daily.csv,2023-02-01
CUS_0x46ff_2023_02_01,CUS_0x46ff,1/2/2023,10,0,10000,0,0,0,10000,1/2/2023,2023-02-01,2025-11-09 08:44:51.798891,data/lms_loan_daily.csv,2023-02-01
CUS_0x470c_2023_02_01,CUS_0x470c,1/2/2023,10,0,10000,0,0,0,10000,1/2/2023,2023-02-01,2025-11-09 08:44:51.798891,data/lms_loan_daily.csv,2023-02-01
CUS_0x472b_2023_01_01,CUS_0x472b,1/1/2023,10,1,10000,1000,1000,0,9000,1/2/2023,2023-02-01,2025-11-09 08:44:51.798891,data/lms_loan_daily.csv,2023-02-01
CUS_0x474_2023_01_01,CUS_0x474,1/1/2023,10,1,10000,1000,1000,0,9000,1/2/2023,2023-02-01,2025-11-09 08:44:51.798891,data/lms_loan_daily.csv,2023-02-01
CUS_0x47a5_2023_01_01,CUS_0x47a5,1/1/2023,10,1,10000,1000,1000,0,9000,1/2/2023,2023-02-01,2025-11-09 08:44:51.798891,data/lms_loan_daily.csv,2023-02-01
CUS_0x47c0_2023_01_01,CUS_0x47c0,1/1/2023,10,1,10000,1000,1000,0,9000,1/2/2023,2023-02-01,2025-11-09 08:44:51.798891,data/lms_loan_daily.csv,2023-02-01
CUS_0x480c_2023_01_01,CUS_0x480c,1/1/2023,10,1,10000,1000,1000,0,9000,1/2/2023,2023-02-01,2025-11-09 08:44:51.798891,data/lms_loan_daily.csv,2023-02-01
CUS_0x4854_2023_01_01,CUS_0x4854,1/1/2023,10,1,10000,1000,1000,0,9000,1/2/2023,2023-02-01,2025-11-09 08:44:51.798891,data/lms_loan_daily.csv,2023-02-01
CUS_0x4881_2023_01_01,CUS_0x4881,1/1/2023,10,1,10000,1000,1000,0,9000,1/2/2023,2023-02-01,2025-11-09 08:44:51.798891,data/lms_loan_daily.csv,2023-02-01
CUS_0x489b_2023_02_01,CUS_0x489b,1/2/2023,10,0,10000,0,0,0,10000,1/2/2023,2023-02-01,2025-11-09 08:44:51.798891,data/lms_loan_daily.csv,2023-02-01
CUS_0x48a4_2023_02_01,CUS_0x48a4,1/2/2023,10,0,10000,0,0,0,10000,1/2/2023,2023-02-01,2025-11-09 08:44:51.798891,data/lms_loan_daily.csv,2023-02-01
CUS_0x48ae_2023_01_01,CUS_0x48ae,1/1/2023,10,1,10000,1000,1000,0,9000,1/2/2023,2023-02-01,2025-11-09 08:44:51.798891,data/lms_loan_daily.csv,2023-02-01
CUS_0x48e9_2023_02_01,CUS_0x48e9,1/2/2023,10,0,10000,0,0,0,10000,1/2/2023,2023-02-01,2025-11-09 08:44:51.798891,data/lms_loan_daily.csv,2023-02-01
CUS_0x4939_2023_01_01,CUS_0x4939,1/1/2023,10,1,10000,1000,0,1000,10000,1/2/2023,2023-02-01,2025-11-09 08:44:51.798891,data/lms_loan_daily.csv,2023-02-01
CUS_0x4943_2023_01_01,CUS_0x4943,1/1/2023,10,1,10000,1000,1000,0,9000,1/2/2023,2023-02-01,2025-11-09 08:44:51.798891,data/lms_loan_daily.csv,2023-02-01
CUS_0x49ae_2023_02_01,CUS_0x49ae,1/2/2023,10,0,10000,0,0,0,10000,1/2/2023,2023-02-01,2025-11-09 08:44:51.798891,data/lms_loan_daily.csv,2023-02-01
CUS_0x49c4_2023_02_01,CUS_0x49c4,1/2/2023,10,0,10000,0,0,0,10000,1/2/2023,2023-02-01,2025-11-09 08:44:51.798891,data/lms_loan_daily.csv,2023-02-01
CUS_0x49fd_2023_02_01,CUS_0x49fd,1/2/2023,10,0,10000,0,0,0,10000,1/2/2023,2023-02-01,2025-11-09 08:44:51.798891,data/lms_loan_daily.csv,2023-02-01
CUS_0x4a0b_2023_01_01,CUS_0x4a0b,1/1/2023,10,1,10000,1000,1000,0,9000,1/2/2023,2023-02-01,2025-11-09 08:44:51.798891,data/lms_loan_daily.csv,2023-02-01
CUS_0x4a24_2023_01_01,CUS_0x4a24,1/1/2023,10,1,10000,1000,1000,0,9000,1/2/2023,2023-02-01,2025-11-09 08:44:51.798891,data/lms_loan_daily.csv,2023-02-01
CUS_0x4a3d_2023_02_01,CUS_0x4a3d,1/2/2023,10,0,10000,0,0,0,10000,1/2/2023,2023-02-01,2025-11-09 08:44:51.798891,data/lms_loan_daily.csv,2023-02-01
CUS_0x4a3f_2023_01_01,CUS_0x4a3f,1/1/2023,10,1,10000,1000,1000,0,9000,1/2/2023,2023-02-01,2025-11-09 08:44:51.798891,data/lms_loan_daily.csv,2023-02-01
CUS_0x4a43_2023_01_01,CUS_0x4a43,1/1/2023,10,1,10000,1000,1000,0,9000,1/2/2023,2023-02-01,2025-11-09 08:44:51.798891,data/lms_loan_daily.csv,2023-02-01
CUS_0x4a5b_2023_02_01,CUS_0x4a5b,1/2/2023,10,0,10000,0,0,0,10000,1/2/2023,2023-02-01,2025-11-09 08:44:51.798891,data/lms_loan_daily.csv,2023-02-01
CUS_0x4a74_2023_02_01,CUS_0x4a74,1/2/2023,10,0,10000,0,0,0,10000,1/2/2023,2023-02-01,2025-11-09 08:44:51.798891,data/lms_loan_daily.csv,2023-02-01
CUS_0x4a94_2023_01_01,CUS_0x4a94,1/1/2023,10,1,10000,1000,0,1000,10000,1/2/2023,2023-02-01,2025-11-09 08:44:51.798891,data/lms_loan_daily.csv,2023-02-01
CUS_0x4a97_2023_02_01,CUS_0x4a97,1/2/2023,10,0,10000,0,0,0,10000,1/2/2023,2023-02-01,2025-11-09 08:44:51.798891,data/lms_loan_daily.csv,2023-02-01
CUS_0x4adc_2023_02_01,CUS_0x4adc,1/2/2023,10,0,10000,0,0,0,10000,1/2/2023,2023-02-01,2025-11-09 08:44:51.798891,data/lms_loan_daily.csv,2023-02-01
CUS_0x4b19_2023_02_01,CUS_0x4b19,1/2/2023,10,0,10000,0,0,0,10000,1/2/2023,2023-02-01,2025-11-09 08:44:51.798891,data/lms_loan_daily.csv,2023-02-01
CUS_0x4b40_2023_01_01,CUS_0x4b40,1/1/2023,10,1,10000,1000,1000,0,9000,1/2/2023,2023-02-01,2025-11-09 08:44:51.798891,data/lms_loan_daily.csv,2023-02-01
CUS_0x4b5e_2023_02_01,CUS_0x4b5e,1/2/2023,10,0,10000,0,0,0,10000,1/2/2023,2023-02-01,2025-11-09 08:44:51.798891,data/lms_loan_daily.csv,2023-02-01
CUS_0x4b64_2023_01_01,CUS_0x4b64,1/1/2023,10,1,10000,1000,1000,0,9000,1/2/2023,2023-02-01,2025-11-09 08:44:51.798891,data/lms_loan_daily.csv,2023-02-01
CUS_0x4b67_2023_02_01,CUS_0x4b67,1/2/2023,10,0,10000,0,0,0,10000,1/2/2023,2023-02-01,2025-11-09 08:44:51.798891,data/lms_loan_daily.csv,2023-02-01
CUS_0x4b7f_2023_02_01,CUS_0x4b7f,1/2/2023,10,0,10000,0,0,0,10000,1/2/2023,2023-02-01,2025-11-09 08:44:51.798891,data/lms_loan_daily.csv,2023-02-01
CUS_0x4be2_2023_01_01,CUS_0x4be2,1/1/2023,10,1,10000,1000,1000,0,9000,1/2/2023,2023-02-01,2025-11-09 08:44:51.798891,data/lms_loan_daily.csv,2023-02-01
CUS_0x4be5_2023_02_01,CUS_0x4be5,1/2/2023,10,0,10000,0,0,0,10000,1/2/2023,2023-02-01,2025-11-09 08:44:51.798891,data/lms_loan_daily.csv,2023-02-01
CUS_0x4bf4_2023_02_01,CUS_0x4bf4,1/2/2023,10,0,10000,0,0,0,10000,1/2/2023,2023-02-01,2025-11-09 08:44:51.798891,data/lms_loan_daily.csv,2023-02-01
CUS_0x4bfc_2023_01_01,CUS_0x4bfc,1/1/2023,10,1,10000,1000,1000,0,9000,1/2/2023,2023-02-01,2025-11-09 08:44:51.798891,data/lms_loan_daily.csv,2023-02-01
CUS_0x4c29_2023_01_01,CUS_0x4c29,1/1/2023,10,1,10000,1000,1000,0,9000,1/2/2023,2023-02-01,2025-11-09 08:44:51.798891,data/lms_loan_daily.csv,2023-02-01
CUS_0x4c5_2023_02_01,CUS_0x4c5,1/2/2023,10,0,10000,0,0,0,10000,1/2/2023,2023-02-01,2025-11-09 08:44:51.798891,data/lms_loan_daily.csv,2023-02-01
CUS_0x4c71_2023_01_01,CUS_0x4c71,1/1/2023,10,1,10000,1000,1000,0,9000,1/2/2023,2023-02-01,2025-11-09 08:44:51.798891,data/lms_loan_daily.csv,2023-02-01
CUS_0x4c75_2023_02_01,CUS_0x4c75,1/2/2023,10,0,10000,0,0,0,10000,1/2/2023,2023-02-01,2025-11-09 08:44:51.798891,data/lms_loan_daily.csv,2023-02-01
CUS_0x4c8c_2023_02_01,CUS_0x4c8c,1/2/2023,10,0,10000,0,0,0,10000,1/2/2023,2023-02-01,2025-11-09 08:44:51.798891,data/lms_loan_daily.csv,2023-02-01
CUS_0x4c8d_2023_02_01,CUS_0x4c8d,1/2/2023,10,0,10000,0,0,0,10000,1/2/2023,2023-02-01,2025-11-09 08:44:51.798891,data/lms_loan_daily.csv,2023-02-01
CUS_0x4cdd_2023_01_01,CUS_0x4cdd,1/1/2023,10,1,10000,1000,1000,0,9000,1/2/2023,2023-02-01,2025-11-09 08:44:51.798891,data/lms_loan_daily.csv,2023-02-01
CUS_0x4cf6_2023_01_01,CUS_0x4cf6,1/1/2023,10,1,10000,1000,1000,0,9000,1/2/2023,2023-02-01,2025-11-09 08:44:51.798891,data/lms_loan_daily.csv,2023-02-01
CUS_0x4d05_2023_01_01,CUS_0x4d05,1/1/2023,10,1,10000,1000,1000,0,9000,1/2/2023,2023-02-01,2025-11-09 08:44:51.798891,data/lms_loan_daily.csv,2023-02-01
CUS_0x4d35_2023_02_01,CUS_0x4d35,1/2/2023,10,0,10000,0,0,0,10000,1/2/2023,2023-02-01,2025-11-09 08:44:51.798891,data/lms_loan_daily.csv,2023-02-01
CUS_0x4d41_2023_01_01,CUS_0x4d41,1/1/2023,10,1,10000,1000,1000,0,9000,1/2/2023,2023-02-01,2025-11-09 08:44:51.798891,data/lms_loan_daily.csv,2023-02-01
CUS_0x4d92_2023_02_01,CUS_0x4d92,1/2/2023,10,0,10000,0,0,0,10000,1/2/2023,2023-02-01,2025-11-09 08:44:51.798891,data/lms_loan_daily.csv,2023-02-01
CUS_0x4db7_2023_02_01,CUS_0x4db7,1/2/2023,10,0,10000,0,0,0,10000,1/2/2023,2023-02-01,2025-11-09 08:44:51.798891,data/lms_loan_daily.csv,2023-02-01
CUS_0x4dc9_2023_01_01,CUS_0x4dc9,1/1/2023,10,1,10000,1000,1000,0,9000,1/2/2023,2023-02-01,2025-11-09 08:44:51.798891,data/lms_loan_daily.csv,2023-02-01
CUS_0x4ddc_2023_01_01,CUS_0x4ddc,1/1/2023,10,1,10000,1000,1000,0,9000,1/2/2023,2023-02-01,2025-11-09 08:44:51.798891,data/lms_loan_daily.csv,2023-02-01
CUS_0x4ddf_2023_01_01,CUS_0x4ddf,1/1/2023,10,1,10000,1000,1000,0,9000,1/2/2023,2023-02-01,2025-11-09 08:44:51.798891,data/lms_loan_daily.csv,2023-02-01
CUS_0x4de9_2023_02_01,CUS_0x4de9,1/2/2023,10,0,10000,0,0,0,10000,1/2/2023,2023-02-01,2025-11-09 08:44:51.798891,data/lms_loan_daily.csv,2023-02-01
CUS_0x4eae_2023_02_01,CUS_0x4eae,1/2/2023,10,0,10000,0,0,0,10000,1/2/2023,2023-02-01,2025-11-09 08:44:51.798891,data/lms_loan_daily.csv,2023-02-01
CUS_0x4ebf_2023_02_01,CUS_0x4ebf,1/2/2023,10,0,10000,0,0,0,10000,1/2/2023,2023-02-01,2025-11-09 08:44:51.798891,data/lms_loan_daily.csv,2023-02-01
CUS_0x4ee9_2023_02_01,CUS_0x4ee9,1/2/2023,10,0,10000,0,0,0,10000,1/2/2023,2023-02-01,2025-11-09 08:44:51.798891,data/lms_loan_daily.csv,2023-02-01
CUS_0x4f13_2023_02_01,CUS_0x4f13,1/2/2023,10,0,10000,0,0,0,10000,1/2/2023,2023-02-01,2025-11-09 08:44:51.798891,data/lms_loan_daily.csv,2023-02-01
CUS_0x4ff5_2023_02_01,CUS_0x4ff5,1/2/2023,10,0,10000,0,0,0,10000,1/2/2023,2023-02-01,2025-11-09 08:44:51.798891,data/lms_loan_daily.csv,2023-02-01
CUS_0x50ab_2023_02_01,CUS_0x50ab,1/2/2023,10,0,10000,0,0,0,10000,1/2/2023,2023-02-01,2025-11-09 08:44:51.798891,data/lms_loan_daily.csv,2023-02-01
CUS_0x50f7_2023_01_01,CUS_0x50f7,1/1/2023,10,1,10000,1000,1000,0,9000,1/2/2023,2023-02-01,2025-11-09 08:44:51.798891,data/lms_loan_daily.csv,2023-02-01
CUS_0x5111_2023_01_01,CUS_0x5111,1/1/2023,10,1,10000,1000,1000,0,9000,1/2/2023,2023-02-01,2025-11-09 08:44:51.798891,data/lms_loan_daily.csv,2023-02-01
CUS_0x5158_2023_01_01,CUS_0x5158,1/1/2023,10,1,10000,1000,1000,0,9000,1/2/2023,2023-02-01,2025-11-09 08:44:51.798891,data/lms_loan_daily.csv,2023-02-01
CUS_0x51b3_2023_01_01,CUS_0x51b3,1/1/2023,10,1,10000,1000,1000,0,9000,1/2/2023,2023-02-01,2025-11-09 08:44:51.798891,data/lms_loan_daily.csv,2023-02-01
CUS_0x51c9_2023_01_01,CUS_0x51c9,1/1/2023,10,1,10000,1000,1000,0,9000,1/2/2023,2023-02-01,2025-11-09 08:44:51.798891,data/lms_loan_daily.csv,2023-02-01
CUS_0x51e_2023_01_01,CUS_0x51e,1/1/2023,10,1,10000,1000,1000,0,9000,1/2/2023,2023-02-01,2025-11-09 08:44:51.798891,data/lms_loan_daily.csv,2023-02-01
CUS_0x51e7_2023_01_01,CUS_0x51e7,1/1/2023,10,1,10000,1000,1000,0,9000,1/2/2023,2023-02-01,2025-11-09 08:44:51.798891,data/lms_loan_daily.csv,2023-02-01
CUS_0x5225_2023_01_01,CUS_0x5225,1/1/2023,10,1,10000,1000,1000,0,9000,1/2/2023,2023-02-01,2025-11-09 08:44:51.798891,data/lms_loan_daily.csv,2023-02-01
CUS_0x522d_2023_01_01,CUS_0x522d,1/1/2023,10,1,10000,1000,1000,0,9000,1/2/2023,2023-02-01,2025-11-09 08:44:51.798891,data/lms_loan_daily.csv,2023-02-01
CUS_0x5235_2023_02_01,CUS_0x5235,1/2/2023,10,0,10000,0,0,0,10000,1/2/2023,2023-02-01,2025-11-09 08:44:51.798891,data/lms_loan_daily.csv,2023-02-01
CUS_0x5247_2023_02_01,CUS_0x5247,1/2/2023,10,0,10000,0,0,0,10000,1/2/2023,2023-02-01,2025-11-09 08:44:51.798891,data/lms_loan_daily.csv,2023-02-01
CUS_0x5268_2023_02_01,CUS_0x5268,1/2/2023,10,0,10000,0,0,0,10000,1/2/2023,2023-02-01,2025-11-09 08:44:51.798891,data/lms_loan_daily.csv,2023-02-01
CUS_0x527f_2023_01_01,CUS_0x527f,1/1/2023,10,1,10000,1000,1000,0,9000,1/2/2023,2023-02-01,2025-11-09 08:44:51.798891,data/lms_loan_daily.csv,2023-02-01
CUS_0x52a5_2023_01_01,CUS_0x52a5,1/1/2023,10,1,10000,1000,1000,0,9000,1/2/2023,2023-02-01,2025-11-09 08:44:51.798891,data/lms_loan_daily.csv,2023-02-01
CUS_0x52aa_2023_01_01,CUS_0x52aa,1/1/2023,10,1,10000,1000,0,1000,10000,1/2/2023,2023-02-01,2025-11-09 08:44:51.798891,data/lms_loan_daily.csv,2023-02-01
CUS_0x532d_2023_02_01,CUS_0x532d,1/2/2023,10,0,10000,0,0,0,10000,1/2/2023,2023-02-01,2025-11-09 08:44:51.798891,data/lms_loan_daily.csv,2023-02-01
CUS_0x537_2023_01_01,CUS_0x537,1/1/2023,10,1,10000,1000,1000,0,9000,1/2/2023,2023-02-01,2025-11-09 08:44:51.798891,data/lms_loan_daily.csv,2023-02-01
CUS_0x53e0_2023_02_01,CUS_0x53e0,1/2/2023,10,0,10000,0,0,0,10000,1/2/2023,2023-02-01,2025-11-09 08:44:51.798891,data/lms_loan_daily.csv,2023-02-01
CUS_0x53f4_2023_01_01,CUS_0x53f4,1/1/2023,10,1,10000,1000,1000,0,9000,1/2/2023,2023-02-01,2025-11-09 08:44:51.798891,data/lms_loan_daily.csv,2023-02-01
CUS_0x540f_2023_01_01,CUS_0x540f,1/1/2023,10,1,10000,1000,1000,0,9000,1/2/2023,2023-02-01,2025-11-09 08:44:51.798891,data/lms_loan_daily.csv,2023-02-01
CUS_0x5417_2023_02_01,CUS_0x5417,1/2/2023,10,0,10000,0,0,0,10000,1/2/2023,2023-02-01,2025-11-09 08:44:51.798891,data/lms_loan_daily.csv,2023-02-01
CUS_0x541a_2023_01_01,CUS_0x541a,1/1/2023,10,1,10000,1000,1000,0,9000,1/2/2023,2023-02-01,2025-11-09 08:44:51.798891,data/lms_loan_daily.csv,2023-02-01
CUS_0x5470_2023_02_01,CUS_0x5470,1/2/2023,10,0,10000,0,0,0,10000,1/2/2023,2023-02-01,2025-11-09 08:44:51.798891,data/lms_loan_daily.csv,2023-02-01
CUS_0x54d4_2023_01_01,CUS_0x54d4,1/1/2023,10,1,10000,1000,1000,0,9000,1/2/2023,2023-02-01,2025-11-09 08:44:51.798891,data/lms_loan_daily.csv,2023-02-01
CUS_0x5505_2023_01_01,CUS_0x5505,1/1/2023,10,1,10000,1000,1000,0,9000,1/2/2023,2023-02-01,2025-11-09 08:44:51.798891,data/lms_loan_daily.csv,2023-02-01
CUS_0x550b_2023_02_01,CUS_0x550b,1/2/2023,10,0,10000,0,0,0,10000,1/2/2023,2023-02-01,2025-11-09 08:44:51.798891,data/lms_loan_daily.csv,2023-02-01
CUS_0x5525_2023_01_01,CUS_0x5525,1/1/2023,10,1,10000,1000,1000,0,9000,1/2/2023,2023-02-01,2025-11-09 08:44:51.798891,data/lms_loan_daily.csv,2023-02-01
CUS_0x553e_2023_01_01,CUS_0x553e,1/1/2023,10,1,10000,1000,1000,0,9000,1/2/2023,2023-02-01,2025-11-09 08:44:51.798891,data/lms_loan_daily.csv,2023-02-01
CUS_0x55f0_2023_01_01,CUS_0x55f0,1/1/2023,10,1,10000,1000,1000,0,9000,1/2/2023,2023-02-01,2025-11-09 08:44:51.798891,data/lms_loan_daily.csv,2023-02-01
CUS_0x560e_2023_02_01,CUS_0x560e,1/2/2023,10,0,10000,0,0,0,10000,1/2/2023,2023-02-01,2025-11-09 08:44:51.798891,data/lms_loan_daily.csv,2023-02-01
CUS_0x565d_2023_01_01,CUS_0x565d,1/1/2023,10,1,10000,1000,1000,0,9000,1/2/2023,2023-02-01,2025-11-09 08:44:51.798891,data/lms_loan_daily.csv,2023-02-01
CUS_0x56ab_2023_02_01,CUS_0x56ab,1/2/2023,10,0,10000,0,0,0,10000,1/2/2023,2023-02-01,2025-11-09 08:44:51.798891,data/lms_loan_daily.csv,2023-02-01
CUS_0x56f1_2023_01_01,CUS_0x56f1,1/1/2023,10,1,10000,1000,1000,0,9000,1/2/2023,2023-02-01,2025-11-09 08:44:51.798891,data/lms_loan_daily.csv,2023-02-01
CUS_0x5849_2023_01_01,CUS_0x5849,1/1/2023,10,1,10000,1000,1000,0,9000,1/2/2023,2023-02-01,2025-11-09 08:44:51.798891,data/lms_loan_daily.csv,2023-02-01
CUS_0x5877_2023_01_01,CUS_0x5877,1/1/2023,10,1,10000,1000,1000,0,9000,1/2/2023,2023-02-01,2025-11-09 08:44:51.798891,data/lms_loan_daily.csv,2023-02-01
CUS_0x58bf_2023_01_01,CUS_0x58bf,1/1/2023,10,1,10000,1000,1000,0,9000,1/2/2023,2023-02-01,2025-11-09 08:44:51.798891,data/lms_loan_daily.csv,2023-02-01
CUS_0x5975_2023_02_01,CUS_0x5975,1/2/2023,10,0,10000,0,0,0,10000,1/2/2023,2023-02-01,2025-11-09 08:44:51.798891,data/lms_loan_daily.csv,2023-02-01
CUS_0x5999_2023_01_01,CUS_0x5999,1/1/2023,10,1,10000,1000,1000,0,9000,1/2/2023,2023-02-01,2025-11-09 08:44:51.798891,data/lms_loan_daily.csv,2023-02-01
CUS_0x59d0_2023_01_01,CUS_0x59d0,1/1/2023,10,1,10000,1000,1000,0,9000,1/2/2023,2023-02-01,2025-11-09 08:44:51.798891,data/lms_loan_daily.csv,2023-02-01
CUS_0x59eb_2023_02_01,CUS_0x59eb,1/2/2023,10,0,10000,0,0,0,10000,1/2/2023,2023-02-01,2025-11-09 08:44:51.798891,data/lms_loan_daily.csv,2023-02-01
CUS_0x5a3d_2023_01_01,CUS_0x5a3d,1/1/2023,10,1,10000,1000,1000,0,9000,1/2/2023,2023-02-01,2025-11-09 08:44:51.798891,data/lms_loan_daily.csv,2023-02-01
CUS_0x5a4d_2023_02_01,CUS_0x5a4d,1/2/2023,10,0,10000,0,0,0,10000,1/2/2023,2023-02-01,2025-11-09 08:44:51.798891,data/lms_loan_daily.csv,2023-02-01
CUS_0x5a7d_2023_02_01,CUS_0x5a7d,1/2/2023,10,0,10000,0,0,0,10000,1/2/2023,2023-02-01,2025-11-09 08:44:51.798891,data/lms_loan_daily.csv,2023-02-01
CUS_0x5ae6_2023_01_01,CUS_0x5ae6,1/1/2023,10,1,10000,1000,1000,0,9000,1/2/2023,2023-02-01,2025-11-09 08:44:51.798891,data/lms_loan_daily.csv,2023-02-01
CUS_0x5af2_2023_02_01,CUS_0x5af2,1/2/2023,10,0,10000,0,0,0,10000,1/2/2023,2023-02-01,2025-11-09 08:44:51.798891,data/lms_loan_daily.csv,2023-02-01
CUS_0x5b62_2023_02_01,CUS_0x5b62,1/2/2023,10,0,10000,0,0,0,10000,1/2/2023,2023-02-01,2025-11-09 08:44:51.798891,data/lms_loan_daily.csv,2023-02-01
CUS_0x5bce_2023_01_01,CUS_0x5bce,1/1/2023,10,1,10000,1000,1000,0,9000,1/2/2023,2023-02-01,2025-11-09 08:44:51.798891,data/lms_loan_daily.csv,2023-02-01
CUS_0x5c6d_2023_02_01,CUS_0x5c6d,1/2/2023,10,0,10000,0,0,0,10000,1/2/2023,2023-02-01,2025-11-09 08:44:51.798891,data/lms_loan_daily.csv,2023-02-01
CUS_0x5c9f_2023_01_01,CUS_0x5c9f,1/1/2023,10,1,10000,1000,1000,0,9000,1/2/2023,2023-02-01,2025-11-09 08:44:51.798891,data/lms_loan_daily.csv,2023-02-01
CUS_0x5cb9_2023_02_01,CUS_0x5cb9,1/2/2023,10,0,10000,0,0,0,10000,1/2/2023,2023-02-01,2025-11-09 08:44:51.798891,data/lms_loan_daily.csv,2023-02-01
CUS_0x5cc6_2023_02_01,CUS_0x5cc6,1/2/2023,10,0,10000,0,0,0,10000,1/2/2023,2023-02-01,2025-11-09 08:44:51.798891,data/lms_loan_daily.csv,2023-02-01
CUS_0x5cc8_2023_02_01,CUS_0x5cc8,1/2/2023,10,0,10000,0,0,0,10000,1/2/2023,2023-02-01,2025-11-09 08:44:51.798891,data/lms_loan_daily.csv,2023-02-01
CUS_0x5d4c_2023_02_01,CUS_0x5d4c,1/2/2023,10,0,10000,0,0,0,10000,1/2/2023,2023-02-01,2025-11-09 08:44:51.798891,data/lms_loan_daily.csv,2023-02-01
CUS_0x5d7c_2023_02_01,CUS_0x5d7c,1/2/2023,10,0,10000,0,0,0,10000,1/2/2023,2023-02-01,2025-11-09 08:44:51.798891,data/lms_loan_daily.csv,2023-02-01
CUS_0x5dd0_2023_02_01,CUS_0x5dd0,1/2/2023,10,0,10000,0,0,0,10000,1/2/2023,2023-02-01,2025-11-09 08:44:51.798891,data/lms_loan_daily.csv,2023-02-01
CUS_0x5e18_2023_02_01,CUS_0x5e18,1/2/2023,10,0,10000,0,0,0,10000,1/2/2023,2023-02-01,2025-11-09 08:44:51.798891,data/lms_loan_daily.csv,2023-02-01
CUS_0x5ebe_2023_01_01,CUS_0x5ebe,1/1/2023,10,1,10000,1000,1000,0,9000,1/2/2023,2023-02-01,2025-11-09 08:44:51.798891,data/lms_loan_daily.csv,2023-02-01
CUS_0x5ec_2023_02_01,CUS_0x5ec,1/2/2023,10,0,10000,0,0,0,10000,1/2/2023,2023-02-01,2025-11-09 08:44:51.798891,data/lms_loan_daily.csv,2023-02-01
CUS_0x5edf_2023_02_01,CUS_0x5edf,1/2/2023,10,0,10000,0,0,0,10000,1/2/2023,2023-02-01,2025-11-09 08:44:51.798891,data/lms_loan_daily.csv,2023-02-01
CUS_0x5eef_2023_02_01,CUS_0x5eef,1/2/2023,10,0,10000,0,0,0,10000,1/2/2023,2023-02-01,2025-11-09 08:44:51.798891,data/lms_loan_daily.csv,2023-02-01
CUS_0x5ef2_2023_02_01,CUS_0x5ef2,1/2/2023,10,0,10000,0,0,0,10000,1/2/2023,2023-02-01,2025-11-09 08:44:51.798891,data/lms_loan_daily.csv,2023-02-01
CUS_0x5f02_2023_01_01,CUS_0x5f02,1/1/2023,10,1,10000,1000,1000,0,9000,1/2/2023,2023-02-01,2025-11-09 08:44:51.798891,data/lms_loan_daily.csv,2023-02-01
CUS_0x5f10_2023_01_01,CUS_0x5f10,1/1/2023,10,1,10000,1000,1000,0,9000,1/2/2023,2023-02-01,2025-11-09 08:44:51.798891,data/lms_loan_daily.csv,2023-02-01
CUS_0x5f30_2023_01_01,CUS_0x5f30,1/1/2023,10,1,10000,1000,1000,0,9000,1/2/2023,2023-02-01,2025-11-09 08:44:51.798891,data/lms_loan_daily.csv,2023-02-01
CUS_0x5f55_2023_01_01,CUS_0x5f55,1/1/2023,10,1,10000,1000,1000,0,9000,1/2/2023,2023-02-01,2025-11-09 08:44:51.798891,data/lms_loan_daily.csv,2023-02-01
CUS_0x5f8b_2023_02_01,CUS_0x5f8b,1/2/2023,10,0,10000,0,0,0,10000,1/2/2023,2023-02-01,2025-11-09 08:44:51.798891,data/lms_loan_daily.csv,2023-02-01
CUS_0x5fc_2023_02_01,CUS_0x5fc,1/2/2023,10,0,10000,0,0,0,10000,1/2/2023,2023-02-01,2025-11-09 08:44:51.798891,data/lms_loan_daily.csv,2023-02-01
CUS_0x5fe9_2023_01_01,CUS_0x5fe9,1/1/2023,10,1,10000,1000,1000,0,9000,1/2/2023,2023-02-01,2025-11-09 08:44:51.798891,data/lms_loan_daily.csv,2023-02-01
CUS_0x6034_2023_01_01,CUS_0x6034,1/1/2023,10,1,10000,1000,1000,0,9000,1/2/2023,2023-02-01,2025-11-09 08:44:51.798891,data/lms_loan_daily.csv,2023-02-01
CUS_0x6069_2023_02_01,CUS_0x6069,1/2/2023,10,0,10000,0,0,0,10000,1/2/2023,2023-02-01,2025-11-09 08:44:51.798891,data/lms_loan_daily.csv,2023-02-01
CUS_0x6070_2023_01_01,CUS_0x6070,1/1/2023,10,1,10000,1000,1000,0,9000,1/2/2023,2023-02-01,2025-11-09 08:44:51.798891,data/lms_loan_daily.csv,2023-02-01
CUS_0x60f5_2023_02_01,CUS_0x60f5,1/2/2023,10,0,10000,0,0,0,10000,1/2/2023,2023-02-01,2025-11-09 08:44:51.798891,data/lms_loan_daily.csv,2023-02-01
CUS_0x610d_2023_02_01,CUS_0x610d,1/2/2023,10,0,10000,0,0,0,10000,1/2/2023,2023-02-01,2025-11-09 08:44:51.798891,data/lms_loan_daily.csv,2023-02-01
CUS_0x6116_2023_02_01,CUS_0x6116,1/2/2023,10,0,10000,0,0,0,10000,1/2/2023,2023-02-01,2025-11-09 08:44:51.798891,data/lms_loan_daily.csv,2023-02-01
CUS_0x6120_2023_01_01,CUS_0x6120,1/1/2023,10,1,10000,1000,1000,0,9000,1/2/2023,2023-02-01,2025-11-09 08:44:51.798891,data/lms_loan_daily.csv,2023-02-01
CUS_0x61a6_2023_02_01,CUS_0x61a6,1/2/2023,10,0,10000,0,0,0,10000,1/2/2023,2023-02-01,2025-11-09 08:44:51.798891,data/lms_loan_daily.csv,2023-02-01
CUS_0x61de_2023_01_01,CUS_0x61de,1/1/2023,10,1,10000,1000,1000,0,9000,1/2/2023,2023-02-01,2025-11-09 08:44:51.798891,data/lms_loan_daily.csv,2023-02-01
CUS_0x6203_2023_02_01,CUS_0x6203,1/2/2023,10,0,10000,0,0,0,10000,1/2/2023,2023-02-01,2025-11-09 08:44:51.798891,data/lms_loan_daily.csv,2023-02-01
CUS_0x6235_2023_02_01,CUS_0x6235,1/2/2023,10,0,10000,0,0,0,10000,1/2/2023,2023-02-01,2025-11-09 08:44:51.798891,data/lms_loan_daily.csv,2023-02-01
CUS_0x6276_2023_02_01,CUS_0x6276,1/2/2023,10,0,10000,0,0,0,10000,1/2/2023,2023-02-01,2025-11-09 08:44:51.798891,data/lms_loan_daily.csv,2023-02-01
CUS_0x627a_2023_01_01,CUS_0x627a,1/1/2023,10,1,10000,1000,1000,0,9000,1/2/2023,2023-02-01,2025-11-09 08:44:51.798891,data/lms_loan_daily.csv,2023-02-01
CUS_0x627f_2023_02_01,CUS_0x627f,1/2/2023,10,0,10000,0,0,0,10000,1/2/2023,2023-02-01,2025-11-09 08:44:51.798891,data/lms_loan_daily.csv,2023-02-01
CUS_0x62d1_2023_02_01,CUS_0x62d1,1/2/2023,10,0,10000,0,0,0,10000,1/2/2023,2023-02-01,2025-11-09 08:44:51.798891,data/lms_loan_daily.csv,2023-02-01
CUS_0x632f_2023_02_01,CUS_0x632f,1/2/2023,10,0,10000,0,0,0,10000,1/2/2023,2023-02-01,2025-11-09 08:44:51.798891,data/lms_loan_daily.csv,2023-02-01
CUS_0x635a_2023_01_01,CUS_0x635a,1/1/2023,10,1,10000,1000,1000,0,9000,1/2/2023,2023-02-01,2025-11-09 08:44:51.798891,data/lms_loan_daily.csv,2023-02-01
CUS_0x636d_2023_01_01,CUS_0x636d,1/1/2023,10,1,10000,1000,0,1000,10000,1/2/2023,2023-02-01,2025-11-09 08:44:51.798891,data/lms_loan_daily.csv,2023-02-01
CUS_0x6398_2023_02_01,CUS_0x6398,1/2/2023,10,0,10000,0,0,0,10000,1/2/2023,2023-02-01,2025-11-09 08:44:51.798891,data/lms_loan_daily.csv,2023-02-01
CUS_0x63ac_2023_02_01,CUS_0x63ac,1/2/2023,10,0,10000,0,0,0,10000,1/2/2023,2023-02-01,2025-11-09 08:44:51.798891,data/lms_loan_daily.csv,2023-02-01
CUS_0x63d_2023_01_01,CUS_0x63d,1/1/2023,10,1,10000,1000,1000,0,9000,1/2/2023,2023-02-01,2025-11-09 08:44:51.798891,data/lms_loan_daily.csv,2023-02-01
CUS_0x63d4_2023_02_01,CUS_0x63d4,1/2/2023,10,0,10000,0,0,0,10000,1/2/2023,2023-02-01,2025-11-09 08:44:51.798891,data/lms_loan_daily.csv,2023-02-01
CUS_0x63d8_2023_01_01,CUS_0x63d8,1/1/2023,10,1,10000,1000,1000,0,9000,1/2/2023,2023-02-01,2025-11-09 08:44:51.798891,data/lms_loan_daily.csv,2023-02-01
CUS_0x6442_2023_01_01,CUS_0x6442,1/1/2023,10,1,10000,1000,1000,0,9000,1/2/2023,2023-02-01,2025-11-09 08:44:51.798891,data/lms_loan_daily.csv,2023-02-01
CUS_0x644f_2023_02_01,CUS_0x644f,1/2/2023,10,0,10000,0,0,0,10000,1/2/2023,2023-02-01,2025-11-09 08:44:51.798891,data/lms_loan_daily.csv,2023-02-01
CUS_0x6473_2023_02_01,CUS_0x6473,1/2/2023,10,0,10000,0,0,0,10000,1/2/2023,2023-02-01,2025-11-09 08:44:51.798891,data/lms_loan_daily.csv,2023-02-01
CUS_0x64aa_2023_02_01,CUS_0x64aa,1/2/2023,10,0,10000,0,0,0,10000,1/2/2023,2023-02-01,2025-11-09 08:44:51.798891,data/lms_loan_daily.csv,2023-02-01
CUS_0x64b8_2023_01_01,CUS_0x64b8,1/1/2023,10,1,10000,1000,1000,0,9000,1/2/2023,2023-02-01,2025-11-09 08:44:51.798891,data/lms_loan_daily.csv,2023-02-01
CUS_0x64e5_2023_02_01,CUS_0x64e5,1/2/2023,10,0,10000,0,0,0,10000,1/2/2023,2023-02-01,2025-11-09 08:44:51.798891,data/lms_loan_daily.csv,2023-02-01
CUS_0x6563_2023_02_01,CUS_0x6563,1/2/2023,10,0,10000,0,0,0,10000,1/2/2023,2023-02-01,2025-11-09 08:44:51.798891,data/lms_loan_daily.csv,2023-02-01
CUS_0x6587_2023_01_01,CUS_0x6587,1/1/2023,10,1,10000,1000,1000,0,9000,1/2/2023,2023-02-01,2025-11-09 08:44:51.798891,data/lms_loan_daily.csv,2023-02-01
CUS_0x658e_2023_01_01,CUS_0x658e,1/1/2023,10,1,10000,1000,0,1000,10000,1/2/2023,2023-02-01,2025-11-09 08:44:51.798891,data/lms_loan_daily.csv,2023-02-01
CUS_0x65aa_2023_02_01,CUS_0x65aa,1/2/2023,10,0,10000,0,0,0,10000,1/2/2023,2023-02-01,2025-11-09 08:44:51.798891,data/lms_loan_daily.csv,2023-02-01
CUS_0x65bf_2023_01_01,CUS_0x65bf,1/1/2023,10,1,10000,1000,1000,0,9000,1/2/2023,2023-02-01,2025-11-09 08:44:51.798891,data/lms_loan_daily.csv,2023-02-01
CUS_0x6620_2023_02_01,CUS_0x6620,1/2/2023,10,0,10000,0,0,0,10000,1/2/2023,2023-02-01,2025-11-09 08:44:51.798891,data/lms_loan_daily.csv,2023-02-01
CUS_0x663d_2023_02_01,CUS_0x663d,1/2/2023,10,0,10000,0,0,0,10000,1/2/2023,2023-02-01,2025-11-09 08:44:51.798891,data/lms_loan_daily.csv,2023-02-01
CUS_0x6694_2023_01_01,CUS_0x6694,1/1/2023,10,1,10000,1000,1000,0,9000,1/2/2023,2023-02-01,2025-11-09 08:44:51.798891,data/lms_loan_daily.csv,2023-02-01
CUS_0x6701_2023_01_01,CUS_0x6701,1/1/2023,10,1,10000,1000,1000,0,9000,1/2/2023,2023-02-01,2025-11-09 08:44:51.798891,data/lms_loan_daily.csv,2023-02-01
CUS_0x6743_2023_02_01,CUS_0x6743,1/2/2023,10,0,10000,0,0,0,10000,1/2/2023,2023-02-01,2025-11-09 08:44:51.798891,data/lms_loan_daily.csv,2023-02-01
CUS_0x6752_2023_01_01,CUS_0x6752,1/1/2023,10,1,10000,1000,1000,0,9000,1/2/2023,2023-02-01,2025-11-09 08:44:51.798891,data/lms_loan_daily.csv,2023-02-01
CUS_0x67cb_2023_02_01,CUS_0x67cb,1/2/2023,10,0,10000,0,0,0,10000,1/2/2023,2023-02-01,2025-11-09 08:44:51.798891,data/lms_loan_daily.csv,2023-02-01
CUS_0x67e4_2023_01_01,CUS_0x67e4,1/1/2023,10,1,10000,1000,1000,0,9000,1/2/2023,2023-02-01,2025-11-09 08:44:51.798891,data/lms_loan_daily.csv,2023-02-01
CUS_0x6850_2023_01_01,CUS_0x6850,1/1/2023,10,1,10000,1000,1000,0,9000,1/2/2023,2023-02-01,2025-11-09 08:44:51.798891,data/lms_loan_daily.csv,2023-02-01
CUS_0x687c_2023_02_01,CUS_0x687c,1/2/2023,10,0,10000,0,0,0,10000,1/2/2023,2023-02-01,2025-11-09 08:44:51.798891,data/lms_loan_daily.csv,2023-02-01
CUS_0x689b_2023_01_01,CUS_0x689b,1/1/2023,10,1,10000,1000,1000,0,9000,1/2/2023,2023-02-01,2025-11-09 08:44:51.798891,data/lms_loan_daily.csv,2023-02-01
CUS_0x6915_2023_01_01,CUS_0x6915,1/1/2023,10,1,10000,1000,1000,0,9000,1/2/2023,2023-02-01,2025-11-09 08:44:51.798891,data/lms_loan_daily.csv,2023-02-01
CUS_0x695c_2023_01_01,CUS_0x695c,1/1/2023,10,1,10000,1000,1000,0,9000,1/2/2023,2023-02-01,2025-11-09 08:44:51.798891,data/lms_loan_daily.csv,2023-02-01
CUS_0x697d_2023_01_01,CUS_0x697d,1/1/2023,10,1,10000,1000,1000,0,9000,1/2/2023,2023-02-01,2025-11-09 08:44:51.798891,data/lms_loan_daily.csv,2023-02-01
CUS_0x699_2023_01_01,CUS_0x699,1/1/2023,10,1,10000,1000,1000,0,9000,1/2/2023,2023-02-01,2025-11-09 08:44:51.798891,data/lms_loan_daily.csv,2023-02-01
CUS_0x69a8_2023_02_01,CUS_0x69a8,1/2/2023,10,0,10000,0,0,0,10000,1/2/2023,2023-02-01,2025-11-09 08:44:51.798891,data/lms_loan_daily.csv,2023-02-01
CUS_0x69be_2023_01_01,CUS_0x69be,1/1/2023,10,1,10000,1000,1000,0,9000,1/2/2023,2023-02-01,2025-11-09 08:44:51.798891,data/lms_loan_daily.csv,2023-02-01
CUS_0x69ff_2023_01_01,CUS_0x69ff,1/1/2023,10,1,10000,1000,1000,0,9000,1/2/2023,2023-02-01,2025-11-09 08:44:51.798891,data/lms_loan_daily.csv,2023-02-01
CUS_0x6a4b_2023_02_01,CUS_0x6a4b,1/2/2023,10,0,10000,0,0,0,10000,1/2/2023,2023-02-01,2025-11-09 08:44:51.798891,data/lms_loan_daily.csv,2023-02-01
CUS_0x6a50_2023_02_01,CUS_0x6a50,1/2/2023,10,0,10000,0,0,0,10000,1/2/2023,2023-02-01,2025-11-09 08:44:51.798891,data/lms_loan_daily.csv,2023-02-01
CUS_0x6a8a_2023_01_01,CUS_0x6a8a,1/1/2023,10,1,10000,1000,1000,0,9000,1/2/2023,2023-02-01,2025-11-09 08:44:51.798891,data/lms_loan_daily.csv,2023-02-01
CUS_0x6a9_2023_02_01,CUS_0x6a9,1/2/2023,10,0,10000,0,0,0,10000,1/2/2023,2023-02-01,2025-11-09 08:44:51.798891,data/lms_loan_daily.csv,2023-02-01
CUS_0x6a95_2023_02_01,CUS_0x6a95,1/2/2023,10,0,10000,0,0,0,10000,1/2/2023,2023-02-01,2025-11-09 08:44:51.798891,data/lms_loan_daily.csv,2023-02-01
CUS_0x6ab3_2023_01_01,CUS_0x6ab3,1/1/2023,10,1,10000,1000,1000,0,9000,1/2/2023,2023-02-01,2025-11-09 08:44:51.798891,data/lms_loan_daily.csv,2023-02-01
CUS_0x6b04_2023_02_01,CUS_0x6b04,1/2/2023,10,0,10000,0,0,0,10000,1/2/2023,2023-02-01,2025-11-09 08:44:51.798891,data/lms_loan_daily.csv,2023-02-01
CUS_0x6b1d_2023_01_01,CUS_0x6b1d,1/1/2023,10,1,10000,1000,1000,0,9000,1/2/2023,2023-02-01,2025-11-09 08:44:51.798891,data/lms_loan_daily.csv,2023-02-01
CUS_0x6b52_2023_01_01,CUS_0x6b52,1/1/2023,10,1,10000,1000,1000,0,9000,1/2/2023,2023-02-01,2025-11-09 08:44:51.798891,data/lms_loan_daily.csv,2023-02-01
CUS_0x6b7_2023_02_01,CUS_0x6b7,1/2/2023,10,0,10000,0,0,0,10000,1/2/2023,2023-02-01,2025-11-09 08:44:51.798891,data/lms_loan_daily.csv,2023-02-01
CUS_0x6b7c_2023_02_01,CUS_0x6b7c,1/2/2023,10,0,10000,0,0,0,10000,1/2/2023,2023-02-01,2025-11-09 08:44:51.798891,data/lms_loan_daily.csv,2023-02-01
CUS_0x6b9_2023_02_01,CUS_0x6b9,1/2/2023,10,0,10000,0,0,0,10000,1/2/2023,2023-02-01,2025-11-09 08:44:51.798891,data/lms_loan_daily.csv,2023-02-01
CUS_0x6bf5_2023_02_01,CUS_0x6bf5,1/2/2023,10,0,10000,0,0,0,10000,1/2/2023,2023-02-01,2025-11-09 08:44:51.798891,data/lms_loan_daily.csv,2023-02-01
CUS_0x6c3b_2023_02_01,CUS_0x6c3b,1/2/2023,10,0,10000,0,0,0,10000,1/2/2023,2023-02-01,2025-11-09 08:44:51.798891,data/lms_loan_daily.csv,2023-02-01
CUS_0x6c5d_2023_02_01,CUS_0x6c5d,1/2/2023,10,0,10000,0,0,0,10000,1/2/2023,2023-02-01,2025-11-09 08:44:51.798891,data/lms_loan_daily.csv,2023-02-01
CUS_0x6c71_2023_02_01,CUS_0x6c71,1/2/2023,10,0,10000,0,0,0,10000,1/2/2023,2023-02-01,2025-11-09 08:44:51.798891,data/lms_loan_daily.csv,2023-02-01
CUS_0x6c8f_2023_02_01,CUS_0x6c8f,1/2/2023,10,0,10000,0,0,0,10000,1/2/2023,2023-02-01,2025-11-09 08:44:51.798891,data/lms_loan_daily.csv,2023-02-01
CUS_0x6cd1_2023_02_01,CUS_0x6cd1,1/2/2023,10,0,10000,0,0,0,10000,1/2/2023,2023-02-01,2025-11-09 08:44:51.798891,data/lms_loan_daily.csv,2023-02-01
CUS_0x6cfa_2023_02_01,CUS_0x6cfa,1/2/2023,10,0,10000,0,0,0,10000,1/2/2023,2023-02-01,2025-11-09 08:44:51.798891,data/lms_loan_daily.csv,2023-02-01
CUS_0x6d05_2023_01_01,CUS_0x6d05,1/1/2023,10,1,10000,1000,1000,0,9000,1/2/2023,2023-02-01,2025-11-09 08:44:51.798891,data/lms_loan_daily.csv,2023-02-01
CUS_0x6d0e_2023_02_01,CUS_0x6d0e,1/2/2023,10,0,10000,0,0,0,10000,1/2/2023,2023-02-01,2025-11-09 08:44:51.798891,data/lms_loan_daily.csv,2023-02-01
CUS_0x6d4_2023_01_01,CUS_0x6d4,1/1/2023,10,1,10000,1000,1000,0,9000,1/2/2023,2023-02-01,2025-11-09 08:44:51.798891,data/lms_loan_daily.csv,2023-02-01
CUS_0x6dec_2023_02_01,CUS_0x6dec,1/2/2023,10,0,10000,0,0,0,10000,1/2/2023,2023-02-01,2025-11-09 08:44:51.798891,data/lms_loan_daily.csv,2023-02-01
CUS_0x6e36_2023_02_01,CUS_0x6e36,1/2/2023,10,0,10000,0,0,0,10000,1/2/2023,2023-02-01,2025-11-09 08:44:51.798891,data/lms_loan_daily.csv,2023-02-01
CUS_0x6ebb_2023_02_01,CUS_0x6ebb,1/2/2023,10,0,10000,0,0,0,10000,1/2/2023,2023-02-01,2025-11-09 08:44:51.798891,data/lms_loan_daily.csv,2023-02-01
CUS_0x6ee_2023_01_01,CUS_0x6ee,1/1/2023,10,1,10000,1000,1000,0,9000,1/2/2023,2023-02-01,2025-11-09 08:44:51.798891,data/lms_loan_daily.csv,2023-02-01
CUS_0x6ef_2023_02_01,CUS_0x6ef,1/2/2023,10,0,10000,0,0,0,10000,1/2/2023,2023-02-01,2025-11-09 08:44:51.798891,data/lms_loan_daily.csv,2023-02-01
CUS_0x6f11_2023_01_01,CUS_0x6f11,1/1/2023,10,1,10000,1000,1000,0,9000,1/2/2023,2023-02-01,2025-11-09 08:44:51.798891,data/lms_loan_daily.csv,2023-02-01
CUS_0x6f4a_2023_01_01,CUS_0x6f4a,1/1/2023,10,1,10000,1000,1000,0,9000,1/2/2023,2023-02-01,2025-11-09 08:44:51.798891,data/lms_loan_daily.csv,2023-02-01
CUS_0x6f5d_2023_01_01,CUS_0x6f5d,1/1/2023,10,1,10000,1000,1000,0,9000,1/2/2023,2023-02-01,2025-11-09 08:44:51.798891,data/lms_loan_daily.csv,2023-02-01
CUS_0x6f95_2023_01_01,CUS_0x6f95,1/1/2023,10,1,10000,1000,1000,0,9000,1/2/2023,2023-02-01,2025-11-09 08:44:51.798891,data/lms_loan_daily.csv,2023-02-01
CUS_0x6fa_2023_02_01,CUS_0x6fa,1/2/2023,10,0,10000,0,0,0,10000,1/2/2023,2023-02-01,2025-11-09 08:44:51.798891,data/lms_loan_daily.csv,2023-02-01
CUS_0x6fea_2023_01_01,CUS_0x6fea,1/1/2023,10,1,10000,1000,1000,0,9000,1/2/2023,2023-02-01,2025-11-09 08:44:51.798891,data/lms_loan_daily.csv,2023-02-01
CUS_0x6ffa_2023_02_01,CUS_0x6ffa,1/2/2023,10,0,10000,0,0,0,10000,1/2/2023,2023-02-01,2025-11-09 08:44:51.798891,data/lms_loan_daily.csv,2023-02-01
CUS_0x6ffb_2023_01_01,CUS_0x6ffb,1/1/2023,10,1,10000,1000,1000,0,9000,1/2/2023,2023-02-01,2025-11-09 08:44:51.798891,data/lms_loan_daily.csv,2023-02-01
CUS_0x703f_2023_01_01,CUS_0x703f,1/1/2023,10,1,10000,1000,1000,0,9000,1/2/2023,2023-02-01,2025-11-09 08:44:51.798891,data/lms_loan_daily.csv,2023-02-01
CUS_0x705d_2023_02_01,CUS_0x705d,1/2/2023,10,0,10000,0,0,0,10000,1/2/2023,2023-02-01,2025-11-09 08:44:51.798891,data/lms_loan_daily.csv,2023-02-01
CUS_0x707a_2023_02_01,CUS_0x707a,1/2/2023,10,0,10000,0,0,0,10000,1/2/2023,2023-02-01,2025-11-09 08:44:51.798891,data/lms_loan_daily.csv,2023-02-01
CUS_0x707d_2023_01_01,CUS_0x707d,1/1/2023,10,1,10000,1000,1000,0,9000,1/2/2023,2023-02-01,2025-11-09 08:44:51.798891,data/lms_loan_daily.csv,2023-02-01
CUS_0x70d8_2023_02_01,CUS_0x70d8,1/2/2023,10,0,10000,0,0,0,10000,1/2/2023,2023-02-01,2025-11-09 08:44:51.798891,data/lms_loan_daily.csv,2023-02-01
CUS_0x70f7_2023_02_01,CUS_0x70f7,1/2/2023,10,0,10000,0,0,0,10000,1/2/2023,2023-02-01,2025-11-09 08:44:51.798891,data/lms_loan_daily.csv,2023-02-01
CUS_0x710b_2023_01_01,CUS_0x710b,1/1/2023,10,1,10000,1000,1000,0,9000,1/2/2023,2023-02-01,2025-11-09 08:44:51.798891,data/lms_loan_daily.csv,2023-02-01
CUS_0x7152_2023_02_01,CUS_0x7152,1/2/2023,10,0,10000,0,0,0,10000,1/2/2023,2023-02-01,2025-11-09 08:44:51.798891,data/lms_loan_daily.csv,2023-02-01
CUS_0x71a0_2023_01_01,CUS_0x71a0,1/1/2023,10,1,10000,1000,1000,0,9000,1/2/2023,2023-02-01,2025-11-09 08:44:51.798891,data/lms_loan_daily.csv,2023-02-01
CUS_0x71d2_2023_02_01,CUS_0x71d2,1/2/2023,10,0,10000,0,0,0,10000,1/2/2023,2023-02-01,2025-11-09 08:44:51.798891,data/lms_loan_daily.csv,2023-02-01
CUS_0x71de_2023_02_01,CUS_0x71de,1/2/2023,10,0,10000,0,0,0,10000,1/2/2023,2023-02-01,2025-11-09 08:44:51.798891,data/lms_loan_daily.csv,2023-02-01
CUS_0x7251_2023_02_01,CUS_0x7251,1/2/2023,10,0,10000,0,0,0,10000,1/2/2023,2023-02-01,2025-11-09 08:44:51.798891,data/lms_loan_daily.csv,2023-02-01
CUS_0x7266_2023_01_01,CUS_0x7266,1/1/2023,10,1,10000,1000,1000,0,9000,1/2/2023,2023-02-01,2025-11-09 08:44:51.798891,data/lms_loan_daily.csv,2023-02-01
CUS_0x7281_2023_02_01,CUS_0x7281,1/2/2023,10,0,10000,0,0,0,10000,1/2/2023,2023-02-01,2025-11-09 08:44:51.798891,data/lms_loan_daily.csv,2023-02-01
CUS_0x72a7_2023_02_01,CUS_0x72a7,1/2/2023,10,0,10000,0,0,0,10000,1/2/2023,2023-02-01,2025-11-09 08:44:51.798891,data/lms_loan_daily.csv,2023-02-01
CUS_0x72b2_2023_02_01,CUS_0x72b2,1/2/2023,10,0,10000,0,0,0,10000,1/2/2023,2023-02-01,2025-11-09 08:44:51.798891,data/lms_loan_daily.csv,2023-02-01
CUS_0x732b_2023_02_01,CUS_0x732b,1/2/2023,10,0,10000,0,0,0,10000,1/2/2023,2023-02-01,2025-11-09 08:44:51.798891,data/lms_loan_daily.csv,2023-02-01
CUS_0x7373_2023_01_01,CUS_0x7373,1/1/2023,10,1,10000,1000,1000,0,9000,1/2/2023,2023-02-01,2025-11-09 08:44:51.798891,data/lms_loan_daily.csv,2023-02-01
CUS_0x738f_2023_01_01,CUS_0x738f,1/1/2023,10,1,10000,1000,1000,0,9000,1/2/2023,2023-02-01,2025-11-09 08:44:51.798891,data/lms_loan_daily.csv,2023-02-01
CUS_0x739_2023_02_01,CUS_0x739,1/2/2023,10,0,10000,0,0,0,10000,1/2/2023,2023-02-01,2025-11-09 08:44:51.798891,data/lms_loan_daily.csv,2023-02-01
CUS_0x73c0_2023_02_01,CUS_0x73c0,1/2/2023,10,0,10000,0,0,0,10000,1/2/2023,2023-02-01,2025-11-09 08:44:51.798891,data/lms_loan_daily.csv,2023-02-01
CUS_0x73fb_2023_02_01,CUS_0x73fb,1/2/2023,10,0,10000,0,0,0,10000,1/2/2023,2023-02-01,2025-11-09 08:44:51.798891,data/lms_loan_daily.csv,2023-02-01
CUS_0x7405_2023_02_01,CUS_0x7405,1/2/2023,10,0,10000,0,0,0,10000,1/2/2023,2023-02-01,2025-11-09 08:44:51.798891,data/lms_loan_daily.csv,2023-02-01
CUS_0x7418_2023_01_01,CUS_0x7418,1/1/2023,10,1,10000,1000,1000,0,9000,1/2/2023,2023-02-01,2025-11-09 08:44:51.798891,data/lms_loan_daily.csv,2023-02-01
CUS_0x7430_2023_02_01,CUS_0x7430,1/2/2023,10,0,10000,0,0,0,10000,1/2/2023,2023-02-01,2025-11-09 08:44:51.798891,data/lms_loan_daily.csv,2023-02-01
CUS_0x746c_2023_02_01,CUS_0x746c,1/2/2023,10,0,10000,0,0,0,10000,1/2/2023,2023-02-01,2025-11-09 08:44:51.798891,data/lms_loan_daily.csv,2023-02-01
CUS_0x7486_2023_02_01,CUS_0x7486,1/2/2023,10,0,10000,0,0,0,10000,1/2/2023,2023-02-01,2025-11-09 08:44:51.798891,data/lms_loan_daily.csv,2023-02-01
CUS_0x74d2_2023_02_01,CUS_0x74d2,1/2/2023,10,0,10000,0,0,0,10000,1/2/2023,2023-02-01,2025-11-09 08:44:51.798891,data/lms_loan_daily.csv,2023-02-01
CUS_0x752c_2023_01_01,CUS_0x752c,1/1/2023,10,1,10000,1000,1000,0,9000,1/2/2023,2023-02-01,2025-11-09 08:44:51.798891,data/lms_loan_daily.csv,2023-02-01
CUS_0x752f_2023_01_01,CUS_0x752f,1/1/2023,10,1,10000,1000,0,1000,10000,1/2/2023,2023-02-01,2025-11-09 08:44:51.798891,data/lms_loan_daily.csv,2023-02-01
CUS_0x7542_2023_02_01,CUS_0x7542,1/2/2023,10,0,10000,0,0,0,10000,1/2/2023,2023-02-01,2025-11-09 08:44:51.798891,data/lms_loan_daily.csv,2023-02-01
CUS_0x756d_2023_02_01,CUS_0x756d,1/2/2023,10,0,10000,0,0,0,10000,1/2/2023,2023-02-01,2025-11-09 08:44:51.798891,data/lms_loan_daily.csv,2023-02-01
CUS_0x7580_2023_01_01,CUS_0x7580,1/1/2023,10,1,10000,1000,0,1000,10000,1/2/2023,2023-02-01,2025-11-09 08:44:51.798891,data/lms_loan_daily.csv,2023-02-01
CUS_0x758e_2023_01_01,CUS_0x758e,1/1/2023,10,1,10000,1000,1000,0,9000,1/2/2023,2023-02-01,2025-11-09 08:44:51.798891,data/lms_loan_daily.csv,2023-02-01
CUS_0x75ca_2023_02_01,CUS_0x75ca,1/2/2023,10,0,10000,0,0,0,10000,1/2/2023,2023-02-01,2025-11-09 08:44:51.798891,data/lms_loan_daily.csv,2023-02-01
CUS_0x75e_2023_01_01,CUS_0x75e,1/1/2023,10,1,10000,1000,1000,0,9000,1/2/2023,2023-02-01,2025-11-09 08:44:51.798891,data/lms_loan_daily.csv,2023-02-01
CUS_0x7659_2023_02_01,CUS_0x7659,1/2/2023,10,0,10000,0,0,0,10000,1/2/2023,2023-02-01,2025-11-09 08:44:51.798891,data/lms_loan_daily.csv,2023-02-01
CUS_0x7698_2023_02_01,CUS_0x7698,1/2/2023,10,0,10000,0,0,0,10000,1/2/2023,2023-02-01,2025-11-09 08:44:51.798891,data/lms_loan_daily.csv,2023-02-01
CUS_0x773_2023_01_01,CUS_0x773,1/1/2023,10,1,10000,1000,1000,0,9000,1/2/2023,2023-02-01,2025-11-09 08:44:51.798891,data/lms_loan_daily.csv,2023-02-01
CUS_0x775a_2023_01_01,CUS_0x775a,1/1/2023,10,1,10000,1000,1000,0,9000,1/2/2023,2023-02-01,2025-11-09 08:44:51.798891,data/lms_loan_daily.csv,2023-02-01
CUS_0x77e2_2023_01_01,CUS_0x77e2,1/1/2023,10,1,10000,1000,1000,0,9000,1/2/2023,2023-02-01,2025-11-09 08:44:51.798891,data/lms_loan_daily.csv,2023-02-01
CUS_0x7806_2023_02_01,CUS_0x7806,1/2/2023,10,0,10000,0,0,0,10000,1/2/2023,2023-02-01,2025-11-09 08:44:51.798891,data/lms_loan_daily.csv,2023-02-01
CUS_0x7872_2023_01_01,CUS_0x7872,1/1/2023,10,1,10000,1000,1000,0,9000,1/2/2023,2023-02-01,2025-11-09 08:44:51.798891,data/lms_loan_daily.csv,2023-02-01
CUS_0x7874_2023_02_01,CUS_0x7874,1/2/2023,10,0,10000,0,0,0,10000,1/2/2023,2023-02-01,2025-11-09 08:44:51.798891,data/lms_loan_daily.csv,2023-02-01
CUS_0x7877_2023_01_01,CUS_0x7877,1/1/2023,10,1,10000,1000,1000,0,9000,1/2/2023,2023-02-01,2025-11-09 08:44:51.798891,data/lms_loan_daily.csv,2023-02-01
CUS_0x78a7_2023_01_01,CUS_0x78a7,1/1/2023,10,1,10000,1000,1000,0,9000,1/2/2023,2023-02-01,2025-11-09 08:44:51.798891,data/lms_loan_daily.csv,2023-02-01
CUS_0x7910_2023_01_01,CUS_0x7910,1/1/2023,10,1,10000,1000,1000,0,9000,1/2/2023,2023-02-01,2025-11-09 08:44:51.798891,data/lms_loan_daily.csv,2023-02-01
CUS_0x792b_2023_02_01,CUS_0x792b,1/2/2023,10,0,10000,0,0,0,10000,1/2/2023,2023-02-01,2025-11-09 08:44:51.798891,data/lms_loan_daily.csv,2023-02-01
CUS_0x7977_2023_02_01,CUS_0x7977,1/2/2023,10,0,10000,0,0,0,10000,1/2/2023,2023-02-01,2025-11-09 08:44:51.798891,data/lms_loan_daily.csv,2023-02-01
CUS_0x79aa_2023_01_01,CUS_0x79aa,1/1/2023,10,1,10000,1000,1000,0,9000,1/2/2023,2023-02-01,2025-11-09 08:44:51.798891,data/lms_loan_daily.csv,2023-02-01
CUS_0x79ac_2023_01_01,CUS_0x79ac,1/1/2023,10,1,10000,1000,1000,0,9000,1/2/2023,2023-02-01,2025-11-09 08:44:51.798891,data/lms_loan_daily.csv,2023-02-01
CUS_0x79cf_2023_01_01,CUS_0x79cf,1/1/2023,10,1,10000,1000,1000,0,9000,1/2/2023,2023-02-01,2025-11-09 08:44:51.798891,data/lms_loan_daily.csv,2023-02-01
CUS_0x79dd_2023_02_01,CUS_0x79dd,1/2/2023,10,0,10000,0,0,0,10000,1/2/2023,2023-02-01,2025-11-09 08:44:51.798891,data/lms_loan_daily.csv,2023-02-01
CUS_0x79ff_2023_01_01,CUS_0x79ff,1/1/2023,10,1,10000,1000,1000,0,9000,1/2/2023,2023-02-01,2025-11-09 08:44:51.798891,data/lms_loan_daily.csv,2023-02-01
CUS_0x7a1f_2023_02_01,CUS_0x7a1f,1/2/2023,10,0,10000,0,0,0,10000,1/2/2023,2023-02-01,2025-11-09 08:44:51.798891,data/lms_loan_daily.csv,2023-02-01
CUS_0x7a2d_2023_01_01,CUS_0x7a2d,1/1/2023,10,1,10000,1000,1000,0,9000,1/2/2023,2023-02-01,2025-11-09 08:44:51.798891,data/lms_loan_daily.csv,2023-02-01
CUS_0x7a6f_2023_02_01,CUS_0x7a6f,1/2/2023,10,0,10000,0,0,0,10000,1/2/2023,2023-02-01,2025-11-09 08:44:51.798891,data/lms_loan_daily.csv,2023-02-01
CUS_0x7a77_2023_01_01,CUS_0x7a77,1/1/2023,10,1,10000,1000,1000,0,9000,1/2/2023,2023-02-01,2025-11-09 08:44:51.798891,data/lms_loan_daily.csv,2023-02-01
CUS_0x7a84_2023_01_01,CUS_0x7a84,1/1/2023,10,1,10000,1000,0,1000,10000,1/2/2023,2023-02-01,2025-11-09 08:44:51.798891,data/lms_loan_daily.csv,2023-02-01
CUS_0x7b31_2023_01_01,CUS_0x7b31,1/1/2023,10,1,10000,1000,1000,0,9000,1/2/2023,2023-02-01,2025-11-09 08:44:51.798891,data/lms_loan_daily.csv,2023-02-01
CUS_0x7b52_2023_01_01,CUS_0x7b52,1/1/2023,10,1,10000,1000,1000,0,9000,1/2/2023,2023-02-01,2025-11-09 08:44:51.798891,data/lms_loan_daily.csv,2023-02-01
CUS_0x7b58_2023_02_01,CUS_0x7b58,1/2/2023,10,0,10000,0,0,0,10000,1/2/2023,2023-02-01,2025-11-09 08:44:51.798891,data/lms_loan_daily.csv,2023-02-01
CUS_0x7b90_2023_01_01,CUS_0x7b90,1/1/2023,10,1,10000,1000,1000,0,9000,1/2/2023,2023-02-01,2025-11-09 08:44:51.798891,data/lms_loan_daily.csv,2023-02-01
CUS_0x7b97_2023_02_01,CUS_0x7b97,1/2/2023,10,0,10000,0,0,0,10000,1/2/2023,2023-02-01,2025-11-09 08:44:51.798891,data/lms_loan_daily.csv,2023-02-01
CUS_0x7bb3_2023_02_01,CUS_0x7bb3,1/2/2023,10,0,10000,0,0,0,10000,1/2/2023,2023-02-01,2025-11-09 08:44:51.798891,data/lms_loan_daily.csv,2023-02-01
CUS_0x7bda_2023_01_01,CUS_0x7bda,1/1/2023,10,1,10000,1000,1000,0,9000,1/2/2023,2023-02-01,2025-11-09 08:44:51.798891,data/lms_loan_daily.csv,2023-02-01
CUS_0x7be5_2023_02_01,CUS_0x7be5,1/2/2023,10,0,10000,0,0,0,10000,1/2/2023,2023-02-01,2025-11-09 08:44:51.798891,data/lms_loan_daily.csv,2023-02-01
CUS_0x7bf2_2023_02_01,CUS_0x7bf2,1/2/2023,10,0,10000,0,0,0,10000,1/2/2023,2023-02-01,2025-11-09 08:44:51.798891,data/lms_loan_daily.csv,2023-02-01
CUS_0x7c00_2023_01_01,CUS_0x7c00,1/1/2023,10,1,10000,1000,1000,0,9000,1/2/2023,2023-02-01,2025-11-09 08:44:51.798891,data/lms_loan_daily.csv,2023-02-01
CUS_0x7c01_2023_01_01,CUS_0x7c01,1/1/2023,10,1,10000,1000,1000,0,9000,1/2/2023,2023-02-01,2025-11-09 08:44:51.798891,data/lms_loan_daily.csv,2023-02-01
CUS_0x7c13_2023_01_01,CUS_0x7c13,1/1/2023,10,1,10000,1000,1000,0,9000,1/2/2023,2023-02-01,2025-11-09 08:44:51.798891,data/lms_loan_daily.csv,2023-02-01
CUS_0x7c2f_2023_01_01,CUS_0x7c2f,1/1/2023,10,1,10000,1000,1000,0,9000,1/2/2023,2023-02-01,2025-11-09 08:44:51.798891,data/lms_loan_daily.csv,2023-02-01
CUS_0x7c58_2023_01_01,CUS_0x7c58,1/1/2023,10,1,10000,1000,1000,0,9000,1/2/2023,2023-02-01,2025-11-09 08:44:51.798891,data/lms_loan_daily.csv,2023-02-01
CUS_0x7c60_2023_02_01,CUS_0x7c60,1/2/2023,10,0,10000,0,0,0,10000,1/2/2023,2023-02-01,2025-11-09 08:44:51.798891,data/lms_loan_daily.csv,2023-02-01
CUS_0x7c64_2023_01_01,CUS_0x7c64,1/1/2023,10,1,10000,1000,1000,0,9000,1/2/2023,2023-02-01,2025-11-09 08:44:51.798891,data/lms_loan_daily.csv,2023-02-01
CUS_0x7c66_2023_01_01,CUS_0x7c66,1/1/2023,10,1,10000,1000,1000,0,9000,1/2/2023,2023-02-01,2025-11-09 08:44:51.798891,data/lms_loan_daily.csv,2023-02-01
CUS_0x7cb9_2023_01_01,CUS_0x7cb9,1/1/2023,10,1,10000,1000,1000,0,9000,1/2/2023,2023-02-01,2025-11-09 08:44:51.798891,data/lms_loan_daily.csv,2023-02-01
CUS_0x7cfc_2023_01_01,CUS_0x7cfc,1/1/2023,10,1,10000,1000,1000,0,9000,1/2/2023,2023-02-01,2025-11-09 08:44:51.798891,data/lms_loan_daily.csv,2023-02-01
CUS_0x7d17_2023_02_01,CUS_0x7d17,1/2/2023,10,0,10000,0,0,0,10000,1/2/2023,2023-02-01,2025-11-09 08:44:51.798891,data/lms_loan_daily.csv,2023-02-01
CUS_0x7d6_2023_02_01,CUS_0x7d6,1/2/2023,10,0,10000,0,0,0,10000,1/2/2023,2023-02-01,2025-11-09 08:44:51.798891,data/lms_loan_daily.csv,2023-02-01
CUS_0x7dfb_2023_01_01,CUS_0x7dfb,1/1/2023,10,1,10000,1000,1000,0,9000,1/2/2023,2023-02-01,2025-11-09 08:44:51.798891,data/lms_loan_daily.csv,2023-02-01
CUS_0x7e0e_2023_02_01,CUS_0x7e0e,1/2/2023,10,0,10000,0,0,0,10000,1/2/2023,2023-02-01,2025-11-09 08:44:51.798891,data/lms_loan_daily.csv,2023-02-01
CUS_0x7e28_2023_02_01,CUS_0x7e28,1/2/2023,10,0,10000,0,0,0,10000,1/2/2023,2023-02-01,2025-11-09 08:44:51.798891,data/lms_loan_daily.csv,2023-02-01
CUS_0x7e8a_2023_02_01,CUS_0x7e8a,1/2/2023,10,0,10000,0,0,0,10000,1/2/2023,2023-02-01,2025-11-09 08:44:51.798891,data/lms_loan_daily.csv,2023-02-01
CUS_0x7fc3_2023_01_01,CUS_0x7fc3,1/1/2023,10,1,10000,1000,1000,0,9000,1/2/2023,2023-02-01,2025-11-09 08:44:51.798891,data/lms_loan_daily.csv,2023-02-01
CUS_0x7fd3_2023_02_01,CUS_0x7fd3,1/2/2023,10,0,10000,0,0,0,10000,1/2/2023,2023-02-01,2025-11-09 08:44:51.798891,data/lms_loan_daily.csv,2023-02-01
CUS_0x7fe2_2023_01_01,CUS_0x7fe2,1/1/2023,10,1,10000,1000,1000,0,9000,1/2/2023,2023-02-01,2025-11-09 08:44:51.798891,data/lms_loan_daily.csv,2023-02-01
CUS_0x7ff5_2023_02_01,CUS_0x7ff5,1/2/2023,10,0,10000,0,0,0,10000,1/2/2023,2023-02-01,2025-11-09 08:44:51.798891,data/lms_loan_daily.csv,2023-02-01
CUS_0x8031_2023_01_01,CUS_0x8031,1/1/2023,10,1,10000,1000,1000,0,9000,1/2/2023,2023-02-01,2025-11-09 08:44:51.798891,data/lms_loan_daily.csv,2023-02-01
CUS_0x8034_2023_01_01,CUS_0x8034,1/1/2023,10,1,10000,1000,1000,0,9000,1/2/2023,2023-02-01,2025-11-09 08:44:51.798891,data/lms_loan_daily.csv,2023-02-01
CUS_0x8065_2023_01_01,CUS_0x8065,1/1/2023,10,1,10000,1000,1000,0,9000,1/2/2023,2023-02-01,2025-11-09 08:44:51.798891,data/lms_loan_daily.csv,2023-02-01
CUS_0x8083_2023_02_01,CUS_0x8083,1/2/2023,10,0,10000,0,0,0,10000,1/2/2023,2023-02-01,2025-11-09 08:44:51.798891,data/lms_loan_daily.csv,2023-02-01
CUS_0x80ca_2023_02_01,CUS_0x80ca,1/2/2023,10,0,10000,0,0,0,10000,1/2/2023,2023-02-01,2025-11-09 08:44:51.798891,data/lms_loan_daily.csv,2023-02-01
CUS_0x8135_2023_02_01,CUS_0x8135,1/2/2023,10,0,10000,0,0,0,10000,1/2/2023,2023-02-01,2025-11-09 08:44:51.798891,data/lms_loan_daily.csv,2023-02-01
CUS_0x8171_2023_01_01,CUS_0x8171,1/1/2023,10,1,10000,1000,1000,0,9000,1/2/2023,2023-02-01,2025-11-09 08:44:51.798891,data/lms_loan_daily.csv,2023-02-01
CUS_0x81b8_2023_02_01,CUS_0x81b8,1/2/2023,10,0,10000,0,0,0,10000,1/2/2023,2023-02-01,2025-11-09 08:44:51.798891,data/lms_loan_daily.csv,2023-02-01
CUS_0x81e6_2023_01_01,CUS_0x81e6,1/1/2023,10,1,10000,1000,1000,0,9000,1/2/2023,2023-02-01,2025-11-09 08:44:51.798891,data/lms_loan_daily.csv,2023-02-01
CUS_0x8207_2023_01_01,CUS_0x8207,1/1/2023,10,1,10000,1000,1000,0,9000,1/2/2023,2023-02-01,2025-11-09 08:44:51.798891,data/lms_loan_daily.csv,2023-02-01
CUS_0x8208_2023_02_01,CUS_0x8208,1/2/2023,10,0,10000,0,0,0,10000,1/2/2023,2023-02-01,2025-11-09 08:44:51.798891,data/lms_loan_daily.csv,2023-02-01
CUS_0x8247_2023_02_01,CUS_0x8247,1/2/2023,10,0,10000,0,0,0,10000,1/2/2023,2023-02-01,2025-11-09 08:44:51.798891,data/lms_loan_daily.csv,2023-02-01
CUS_0x825e_2023_02_01,CUS_0x825e,1/2/2023,10,0,10000,0,0,0,10000,1/2/2023,2023-02-01,2025-11-09 08:44:51.798891,data/lms_loan_daily.csv,2023-02-01
CUS_0x8277_2023_02_01,CUS_0x8277,1/2/2023,10,0,10000,0,0,0,10000,1/2/2023,2023-02-01,2025-11-09 08:44:51.798891,data/lms_loan_daily.csv,2023-02-01
CUS_0x82a1_2023_02_01,CUS_0x82a1,1/2/2023,10,0,10000,0,0,0,10000,1/2/2023,2023-02-01,2025-11-09 08:44:51.798891,data/lms_loan_daily.csv,2023-02-01
CUS_0x82a7_2023_01_01,CUS_0x82a7,1/1/2023,10,1,10000,1000,1000,0,9000,1/2/2023,2023-02-01,2025-11-09 08:44:51.798891,data/lms_loan_daily.csv,2023-02-01
CUS_0x82b6_2023_02_01,CUS_0x82b6,1/2/2023,10,0,10000,0,0,0,10000,1/2/2023,2023-02-01,2025-11-09 08:44:51.798891,data/lms_loan_daily.csv,2023-02-01
CUS_0x832d_2023_01_01,CUS_0x832d,1/1/2023,10,1,10000,1000,1000,0,9000,1/2/2023,2023-02-01,2025-11-09 08:44:51.798891,data/lms_loan_daily.csv,2023-02-01
CUS_0x8370_2023_01_01,CUS_0x8370,1/1/2023,10,1,10000,1000,1000,0,9000,1/2/2023,2023-02-01,2025-11-09 08:44:51.798891,data/lms_loan_daily.csv,2023-02-01
CUS_0x8376_2023_01_01,CUS_0x8376,1/1/2023,10,1,10000,1000,1000,0,9000,1/2/2023,2023-02-01,2025-11-09 08:44:51.798891,data/lms_loan_daily.csv,2023-02-01
CUS_0x83cc_2023_02_01,CUS_0x83cc,1/2/2023,10,0,10000,0,0,0,10000,1/2/2023,2023-02-01,2025-11-09 08:44:51.798891,data/lms_loan_daily.csv,2023-02-01
CUS_0x8425_2023_02_01,CUS_0x8425,1/2/2023,10,0,10000,0,0,0,10000,1/2/2023,2023-02-01,2025-11-09 08:44:51.798891,data/lms_loan_daily.csv,2023-02-01
CUS_0x8432_2023_02_01,CUS_0x8432,1/2/2023,10,0,10000,0,0,0,10000,1/2/2023,2023-02-01,2025-11-09 08:44:51.798891,data/lms_loan_daily.csv,2023-02-01
CUS_0x846a_2023_01_01,CUS_0x846a,1/1/2023,10,1,10000,1000,1000,0,9000,1/2/2023,2023-02-01,2025-11-09 08:44:51.798891,data/lms_loan_daily.csv,2023-02-01
CUS_0x84a0_2023_01_01,CUS_0x84a0,1/1/2023,10,1,10000,1000,1000,0,9000,1/2/2023,2023-02-01,2025-11-09 08:44:51.798891,data/lms_loan_daily.csv,2023-02-01
CUS_0x8546_2023_01_01,CUS_0x8546,1/1/2023,10,1,10000,1000,1000,0,9000,1/2/2023,2023-02-01,2025-11-09 08:44:51.798891,data/lms_loan_daily.csv,2023-02-01
CUS_0x8562_2023_02_01,CUS_0x8562,1/2/2023,10,0,10000,0,0,0,10000,1/2/2023,2023-02-01,2025-11-09 08:44:51.798891,data/lms_loan_daily.csv,2023-02-01
CUS_0x859d_2023_01_01,CUS_0x859d,1/1/2023,10,1,10000,1000,1000,0,9000,1/2/2023,2023-02-01,2025-11-09 08:44:51.798891,data/lms_loan_daily.csv,2023-02-01
CUS_0x85fa_2023_02_01,CUS_0x85fa,1/2/2023,10,0,10000,0,0,0,10000,1/2/2023,2023-02-01,2025-11-09 08:44:51.798891,data/lms_loan_daily.csv,2023-02-01
CUS_0x8658_2023_01_01,CUS_0x8658,1/1/2023,10,1,10000,1000,1000,0,9000,1/2/2023,2023-02-01,2025-11-09 08:44:51.798891,data/lms_loan_daily.csv,2023-02-01
CUS_0x86be_2023_01_01,CUS_0x86be,1/1/2023,10,1,10000,1000,1000,0,9000,1/2/2023,2023-02-01,2025-11-09 08:44:51.798891,data/lms_loan_daily.csv,2023-02-01
CUS_0x86c7_2023_01_01,CUS_0x86c7,1/1/2023,10,1,10000,1000,1000,0,9000,1/2/2023,2023-02-01,2025-11-09 08:44:51.798891,data/lms_loan_daily.csv,2023-02-01
CUS_0x86ed_2023_01_01,CUS_0x86ed,1/1/2023,10,1,10000,1000,1000,0,9000,1/2/2023,2023-02-01,2025-11-09 08:44:51.798891,data/lms_loan_daily.csv,2023-02-01
CUS_0x8704_2023_01_01,CUS_0x8704,1/1/2023,10,1,10000,1000,1000,0,9000,1/2/2023,2023-02-01,2025-11-09 08:44:51.798891,data/lms_loan_daily.csv,2023-02-01
CUS_0x873b_2023_01_01,CUS_0x873b,1/1/2023,10,1,10000,1000,1000,0,9000,1/2/2023,2023-02-01,2025-11-09 08:44:51.798891,data/lms_loan_daily.csv,2023-02-01
CUS_0x87d8_2023_02_01,CUS_0x87d8,1/2/2023,10,0,10000,0,0,0,10000,1/2/2023,2023-02-01,2025-11-09 08:44:51.798891,data/lms_loan_daily.csv,2023-02-01
CUS_0x87fa_2023_01_01,CUS_0x87fa,1/1/2023,10,1,10000,1000,1000,0,9000,1/2/2023,2023-02-01,2025-11-09 08:44:51.798891,data/lms_loan_daily.csv,2023-02-01
CUS_0x887f_2023_01_01,CUS_0x887f,1/1/2023,10,1,10000,1000,1000,0,9000,1/2/2023,2023-02-01,2025-11-09 08:44:51.798891,data/lms_loan_daily.csv,2023-02-01
CUS_0x88ca_2023_02_01,CUS_0x88ca,1/2/2023,10,0,10000,0,0,0,10000,1/2/2023,2023-02-01,2025-11-09 08:44:51.798891,data/lms_loan_daily.csv,2023-02-01
CUS_0x8919_2023_01_01,CUS_0x8919,1/1/2023,10,1,10000,1000,1000,0,9000,1/2/2023,2023-02-01,2025-11-09 08:44:51.798891,data/lms_loan_daily.csv,2023-02-01
CUS_0x891b_2023_01_01,CUS_0x891b,1/1/2023,10,1,10000,1000,1000,0,9000,1/2/2023,2023-02-01,2025-11-09 08:44:51.798891,data/lms_loan_daily.csv,2023-02-01
CUS_0x893e_2023_01_01,CUS_0x893e,1/1/2023,10,1,10000,1000,1000,0,9000,1/2/2023,2023-02-01,2025-11-09 08:44:51.798891,data/lms_loan_daily.csv,2023-02-01
CUS_0x893f_2023_02_01,CUS_0x893f,1/2/2023,10,0,10000,0,0,0,10000,1/2/2023,2023-02-01,2025-11-09 08:44:51.798891,data/lms_loan_daily.csv,2023-02-01
CUS_0x894e_2023_02_01,CUS_0x894e,1/2/2023,10,0,10000,0,0,0,10000,1/2/2023,2023-02-01,2025-11-09 08:44:51.798891,data/lms_loan_daily.csv,2023-02-01
CUS_0x8956_2023_01_01,CUS_0x8956,1/1/2023,10,1,10000,1000,1000,0,9000,1/2/2023,2023-02-01,2025-11-09 08:44:51.798891,data/lms_loan_daily.csv,2023-02-01
CUS_0x8958_2023_02_01,CUS_0x8958,1/2/2023,10,0,10000,0,0,0,10000,1/2/2023,2023-02-01,2025-11-09 08:44:51.798891,data/lms_loan_daily.csv,2023-02-01
CUS_0x896e_2023_02_01,CUS_0x896e,1/2/2023,10,0,10000,0,0,0,10000,1/2/2023,2023-02-01,2025-11-09 08:44:51.798891,data/lms_loan_daily.csv,2023-02-01
CUS_0x8983_2023_01_01,CUS_0x8983,1/1/2023,10,1,10000,1000,1000,0,9000,1/2/2023,2023-02-01,2025-11-09 08:44:51.798891,data/lms_loan_daily.csv,2023-02-01
CUS_0x898a_2023_02_01,CUS_0x898a,1/2/2023,10,0,10000,0,0,0,10000,1/2/2023,2023-02-01,2025-11-09 08:44:51.798891,data/lms_loan_daily.csv,2023-02-01
CUS_0x89a_2023_01_01,CUS_0x89a,1/1/2023,10,1,10000,1000,1000,0,9000,1/2/2023,2023-02-01,2025-11-09 08:44:51.798891,data/lms_loan_daily.csv,2023-02-01
CUS_0x89b4_2023_02_01,CUS_0x89b4,1/2/2023,10,0,10000,0,0,0,10000,1/2/2023,2023-02-01,2025-11-09 08:44:51.798891,data/lms_loan_daily.csv,2023-02-01
CUS_0x89ca_2023_01_01,CUS_0x89ca,1/1/2023,10,1,10000,1000,1000,0,9000,1/2/2023,2023-02-01,2025-11-09 08:44:51.798891,data/lms_loan_daily.csv,2023-02-01
CUS_0x89d3_2023_01_01,CUS_0x89d3,1/1/2023,10,1,10000,1000,1000,0,9000,1/2/2023,2023-02-01,2025-11-09 08:44:51.798891,data/lms_loan_daily.csv,2023-02-01
CUS_0x8a3c_2023_01_01,CUS_0x8a3c,1/1/2023,10,1,10000,1000,1000,0,9000,1/2/2023,2023-02-01,2025-11-09 08:44:51.798891,data/lms_loan_daily.csv,2023-02-01
CUS_0x8a40_2023_02_01,CUS_0x8a40,1/2/2023,10,0,10000,0,0,0,10000,1/2/2023,2023-02-01,2025-11-09 08:44:51.798891,data/lms_loan_daily.csv,2023-02-01
CUS_0x8a44_2023_01_01,CUS_0x8a44,1/1/2023,10,1,10000,1000,1000,0,9000,1/2/2023,2023-02-01,2025-11-09 08:44:51.798891,data/lms_loan_daily.csv,2023-02-01
CUS_0x8a48_2023_02_01,CUS_0x8a48,1/2/2023,10,0,10000,0,0,0,10000,1/2/2023,2023-02-01,2025-11-09 08:44:51.798891,data/lms_loan_daily.csv,2023-02-01
CUS_0x8a6e_2023_01_01,CUS_0x8a6e,1/1/2023,10,1,10000,1000,1000,0,9000,1/2/2023,2023-02-01,2025-11-09 08:44:51.798891,data/lms_loan_daily.csv,2023-02-01
CUS_0x8aa3_2023_02_01,CUS_0x8aa3,1/2/2023,10,0,10000,0,0,0,10000,1/2/2023,2023-02-01,2025-11-09 08:44:51.798891,data/lms_loan_daily.csv,2023-02-01
CUS_0x8abb_2023_02_01,CUS_0x8abb,1/2/2023,10,0,10000,0,0,0,10000,1/2/2023,2023-02-01,2025-11-09 08:44:51.798891,data/lms_loan_daily.csv,2023-02-01
CUS_0x8af8_2023_01_01,CUS_0x8af8,1/1/2023,10,1,10000,1000,1000,0,9000,1/2/2023,2023-02-01,2025-11-09 08:44:51.798891,data/lms_loan_daily.csv,2023-02-01
CUS_0x8afa_2023_02_01,CUS_0x8afa,1/2/2023,10,0,10000,0,0,0,10000,1/2/2023,2023-02-01,2025-11-09 08:44:51.798891,data/lms_loan_daily.csv,2023-02-01
CUS_0x8b1_2023_01_01,CUS_0x8b1,1/1/2023,10,1,10000,1000,1000,0,9000,1/2/2023,2023-02-01,2025-11-09 08:44:51.798891,data/lms_loan_daily.csv,2023-02-01
CUS_0x8b17_2023_01_01,CUS_0x8b17,1/1/2023,10,1,10000,1000,1000,0,9000,1/2/2023,2023-02-01,2025-11-09 08:44:51.798891,data/lms_loan_daily.csv,2023-02-01
CUS_0x8b25_2023_02_01,CUS_0x8b25,1/2/2023,10,0,10000,0,0,0,10000,1/2/2023,2023-02-01,2025-11-09 08:44:51.798891,data/lms_loan_daily.csv,2023-02-01
CUS_0x8b66_2023_02_01,CUS_0x8b66,1/2/2023,10,0,10000,0,0,0,10000,1/2/2023,2023-02-01,2025-11-09 08:44:51.798891,data/lms_loan_daily.csv,2023-02-01
CUS_0x8bcf_2023_02_01,CUS_0x8bcf,1/2/2023,10,0,10000,0,0,0,10000,1/2/2023,2023-02-01,2025-11-09 08:44:51.798891,data/lms_loan_daily.csv,2023-02-01
CUS_0x8c2c_2023_01_01,CUS_0x8c2c,1/1/2023,10,1,10000,1000,1000,0,9000,1/2/2023,2023-02-01,2025-11-09 08:44:51.798891,data/lms_loan_daily.csv,2023-02-01
CUS_0x8c9a_2023_01_01,CUS_0x8c9a,1/1/2023,10,1,10000,1000,1000,0,9000,1/2/2023,2023-02-01,2025-11-09 08:44:51.798891,data/lms_loan_daily.csv,2023-02-01
CUS_0x8ca3_2023_02_01,CUS_0x8ca3,1/2/2023,10,0,10000,0,0,0,10000,1/2/2023,2023-02-01,2025-11-09 08:44:51.798891,data/lms_loan_daily.csv,2023-02-01
CUS_0x8cd3_2023_02_01,CUS_0x8cd3,1/2/2023,10,0,10000,0,0,0,10000,1/2/2023,2023-02-01,2025-11-09 08:44:51.798891,data/lms_loan_daily.csv,2023-02-01
CUS_0x8ce7_2023_02_01,CUS_0x8ce7,1/2/2023,10,0,10000,0,0,0,10000,1/2/2023,2023-02-01,2025-11-09 08:44:51.798891,data/lms_loan_daily.csv,2023-02-01
CUS_0x8cf2_2023_02_01,CUS_0x8cf2,1/2/2023,10,0,10000,0,0,0,10000,1/2/2023,2023-02-01,2025-11-09 08:44:51.798891,data/lms_loan_daily.csv,2023-02-01
CUS_0x8d21_2023_01_01,CUS_0x8d21,1/1/2023,10,1,10000,1000,1000,0,9000,1/2/2023,2023-02-01,2025-11-09 08:44:51.798891,data/lms_loan_daily.csv,2023-02-01
CUS_0x8d7c_2023_02_01,CUS_0x8d7c,1/2/2023,10,0,10000,0,0,0,10000,1/2/2023,2023-02-01,2025-11-09 08:44:51.798891,data/lms_loan_daily.csv,2023-02-01
CUS_0x8de0_2023_01_01,CUS_0x8de0,1/1/2023,10,1,10000,1000,1000,0,9000,1/2/2023,2023-02-01,2025-11-09 08:44:51.798891,data/lms_loan_daily.csv,2023-02-01
CUS_0x8df6_2023_02_01,CUS_0x8df6,1/2/2023,10,0,10000,0,0,0,10000,1/2/2023,2023-02-01,2025-11-09 08:44:51.798891,data/lms_loan_daily.csv,2023-02-01
CUS_0x8e30_2023_01_01,CUS_0x8e30,1/1/2023,10,1,10000,1000,1000,0,9000,1/2/2023,2023-02-01,2025-11-09 08:44:51.798891,data/lms_loan_daily.csv,2023-02-01
CUS_0x8e44_2023_01_01,CUS_0x8e44,1/1/2023,10,1,10000,1000,1000,0,9000,1/2/2023,2023-02-01,2025-11-09 08:44:51.798891,data/lms_loan_daily.csv,2023-02-01
CUS_0x8e81_2023_02_01,CUS_0x8e81,1/2/2023,10,0,10000,0,0,0,10000,1/2/2023,2023-02-01,2025-11-09 08:44:51.798891,data/lms_loan_daily.csv,2023-02-01
CUS_0x8e88_2023_02_01,CUS_0x8e88,1/2/2023,10,0,10000,0,0,0,10000,1/2/2023,2023-02-01,2025-11-09 08:44:51.798891,data/lms_loan_daily.csv,2023-02-01
CUS_0x8e90_2023_01_01,CUS_0x8e90,1/1/2023,10,1,10000,1000,1000,0,9000,1/2/2023,2023-02-01,2025-11-09 08:44:51.798891,data/lms_loan_daily.csv,2023-02-01
CUS_0x8e9b_2023_02_01,CUS_0x8e9b,1/2/2023,10,0,10000,0,0,0,10000,1/2/2023,2023-02-01,2025-11-09 08:44:51.798891,data/lms_loan_daily.csv,2023-02-01
CUS_0x8eb0_2023_02_01,CUS_0x8eb0,1/2/2023,10,0,10000,0,0,0,10000,1/2/2023,2023-02-01,2025-11-09 08:44:51.798891,data/lms_loan_daily.csv,2023-02-01
CUS_0x8ec8_2023_02_01,CUS_0x8ec8,1/2/2023,10,0,10000,0,0,0,10000,1/2/2023,2023-02-01,2025-11-09 08:44:51.798891,data/lms_loan_daily.csv,2023-02-01
CUS_0x8f4e_2023_01_01,CUS_0x8f4e,1/1/2023,10,1,10000,1000,1000,0,9000,1/2/2023,2023-02-01,2025-11-09 08:44:51.798891,data/lms_loan_daily.csv,2023-02-01
CUS_0x8f6b_2023_02_01,CUS_0x8f6b,1/2/2023,10,0,10000,0,0,0,10000,1/2/2023,2023-02-01,2025-11-09 08:44:51.798891,data/lms_loan_daily.csv,2023-02-01
CUS_0x8f7e_2023_01_01,CUS_0x8f7e,1/1/2023,10,1,10000,1000,1000,0,9000,1/2/2023,2023-02-01,2025-11-09 08:44:51.798891,data/lms_loan_daily.csv,2023-02-01
CUS_0x8fb4_2023_01_01,CUS_0x8fb4,1/1/2023,10,1,10000,1000,1000,0,9000,1/2/2023,2023-02-01,2025-11-09 08:44:51.798891,data/lms_loan_daily.csv,2023-02-01
CUS_0x90d8_2023_02_01,CUS_0x90d8,1/2/2023,10,0,10000,0,0,0,10000,1/2/2023,2023-02-01,2025-11-09 08:44:51.798891,data/lms_loan_daily.csv,2023-02-01
CUS_0x90e2_2023_02_01,CUS_0x90e2,1/2/2023,10,0,10000,0,0,0,10000,1/2/2023,2023-02-01,2025-11-09 08:44:51.798891,data/lms_loan_daily.csv,2023-02-01
CUS_0x9102_2023_01_01,CUS_0x9102,1/1/2023,10,1,10000,1000,1000,0,9000,1/2/2023,2023-02-01,2025-11-09 08:44:51.798891,data/lms_loan_daily.csv,2023-02-01
CUS_0x9124_2023_01_01,CUS_0x9124,1/1/2023,10,1,10000,1000,0,1000,10000,1/2/2023,2023-02-01,2025-11-09 08:44:51.798891,data/lms_loan_daily.csv,2023-02-01
CUS_0x9154_2023_01_01,CUS_0x9154,1/1/2023,10,1,10000,1000,1000,0,9000,1/2/2023,2023-02-01,2025-11-09 08:44:51.798891,data/lms_loan_daily.csv,2023-02-01
CUS_0x9177_2023_02_01,CUS_0x9177,1/2/2023,10,0,10000,0,0,0,10000,1/2/2023,2023-02-01,2025-11-09 08:44:51.798891,data/lms_loan_daily.csv,2023-02-01
CUS_0x918c_2023_02_01,CUS_0x918c,1/2/2023,10,0,10000,0,0,0,10000,1/2/2023,2023-02-01,2025-11-09 08:44:51.798891,data/lms_loan_daily.csv,2023-02-01
CUS_0x919_2023_02_01,CUS_0x919,1/2/2023,10,0,10000,0,0,0,10000,1/2/2023,2023-02-01,2025-11-09 08:44:51.798891,data/lms_loan_daily.csv,2023-02-01
CUS_0x9190_2023_01_01,CUS_0x9190,1/1/2023,10,1,10000,1000,1000,0,9000,1/2/2023,2023-02-01,2025-11-09 08:44:51.798891,data/lms_loan_daily.csv,2023-02-01
CUS_0x91e5_2023_02_01,CUS_0x91e5,1/2/2023,10,0,10000,0,0,0,10000,1/2/2023,2023-02-01,2025-11-09 08:44:51.798891,data/lms_loan_daily.csv,2023-02-01
CUS_0x9230_2023_01_01,CUS_0x9230,1/1/2023,10,1,10000,1000,1000,0,9000,1/2/2023,2023-02-01,2025-11-09 08:44:51.798891,data/lms_loan_daily.csv,2023-02-01
CUS_0x9273_2023_01_01,CUS_0x9273,1/1/2023,10,1,10000,1000,1000,0,9000,1/2/2023,2023-02-01,2025-11-09 08:44:51.798891,data/lms_loan_daily.csv,2023-02-01
CUS_0x9278_2023_01_01,CUS_0x9278,1/1/2023,10,1,10000,1000,1000,0,9000,1/2/2023,2023-02-01,2025-11-09 08:44:51.798891,data/lms_loan_daily.csv,2023-02-01
CUS_0x928f_2023_01_01,CUS_0x928f,1/1/2023,10,1,10000,1000,1000,0,9000,1/2/2023,2023-02-01,2025-11-09 08:44:51.798891,data/lms_loan_daily.csv,2023-02-01
CUS_0x929a_2023_01_01,CUS_0x929a,1/1/2023,10,1,10000,1000,1000,0,9000,1/2/2023,2023-02-01,2025-11-09 08:44:51.798891,data/lms_loan_daily.csv,2023-02-01
CUS_0x929c_2023_01_01,CUS_0x929c,1/1/2023,10,1,10000,1000,1000,0,9000,1/2/2023,2023-02-01,2025-11-09 08:44:51.798891,data/lms_loan_daily.csv,2023-02-01
CUS_0x92d6_2023_01_01,CUS_0x92d6,1/1/2023,10,1,10000,1000,1000,0,9000,1/2/2023,2023-02-01,2025-11-09 08:44:51.798891,data/lms_loan_daily.csv,2023-02-01
CUS_0x92f0_2023_01_01,CUS_0x92f0,1/1/2023,10,1,10000,1000,1000,0,9000,1/2/2023,2023-02-01,2025-11-09 08:44:51.798891,data/lms_loan_daily.csv,2023-02-01
CUS_0x933f_2023_02_01,CUS_0x933f,1/2/2023,10,0,10000,0,0,0,10000,1/2/2023,2023-02-01,2025-11-09 08:44:51.798891,data/lms_loan_daily.csv,2023-02-01
CUS_0x9357_2023_01_01,CUS_0x9357,1/1/2023,10,1,10000,1000,1000,0,9000,1/2/2023,2023-02-01,2025-11-09 08:44:51.798891,data/lms_loan_daily.csv,2023-02-01
CUS_0x9368_2023_02_01,CUS_0x9368,1/2/2023,10,0,10000,0,0,0,10000,1/2/2023,2023-02-01,2025-11-09 08:44:51.798891,data/lms_loan_daily.csv,2023-02-01
CUS_0x93a0_2023_01_01,CUS_0x93a0,1/1/2023,10,1,10000,1000,0,1000,10000,1/2/2023,2023-02-01,2025-11-09 08:44:51.798891,data/lms_loan_daily.csv,2023-02-01
CUS_0x9435_2023_01_01,CUS_0x9435,1/1/2023,10,1,10000,1000,1000,0,9000,1/2/2023,2023-02-01,2025-11-09 08:44:51.798891,data/lms_loan_daily.csv,2023-02-01
CUS_0x9443_2023_02_01,CUS_0x9443,1/2/2023,10,0,10000,0,0,0,10000,1/2/2023,2023-02-01,2025-11-09 08:44:51.798891,data/lms_loan_daily.csv,2023-02-01
CUS_0x944f_2023_02_01,CUS_0x944f,1/2/2023,10,0,10000,0,0,0,10000,1/2/2023,2023-02-01,2025-11-09 08:44:51.798891,data/lms_loan_daily.csv,2023-02-01
CUS_0x946e_2023_02_01,CUS_0x946e,1/2/2023,10,0,10000,0,0,0,10000,1/2/2023,2023-02-01,2025-11-09 08:44:51.798891,data/lms_loan_daily.csv,2023-02-01
CUS_0x948f_2023_01_01,CUS_0x948f,1/1/2023,10,1,10000,1000,1000,0,9000,1/2/2023,2023-02-01,2025-11-09 08:44:51.798891,data/lms_loan_daily.csv,2023-02-01
CUS_0x94ae_2023_02_01,CUS_0x94ae,1/2/2023,10,0,10000,0,0,0,10000,1/2/2023,2023-02-01,2025-11-09 08:44:51.798891,data/lms_loan_daily.csv,2023-02-01
CUS_0x94d5_2023_02_01,CUS_0x94d5,1/2/2023,10,0,10000,0,0,0,10000,1/2/2023,2023-02-01,2025-11-09 08:44:51.798891,data/lms_loan_daily.csv,2023-02-01
CUS_0x950d_2023_01_01,CUS_0x950d,1/1/2023,10,1,10000,1000,1000,0,9000,1/2/2023,2023-02-01,2025-11-09 08:44:51.798891,data/lms_loan_daily.csv,2023-02-01
CUS_0x95aa_2023_01_01,CUS_0x95aa,1/1/2023,10,1,10000,1000,0,1000,10000,1/2/2023,2023-02-01,2025-11-09 08:44:51.798891,data/lms_loan_daily.csv,2023-02-01
CUS_0x962f_2023_01_01,CUS_0x962f,1/1/2023,10,1,10000,1000,1000,0,9000,1/2/2023,2023-02-01,2025-11-09 08:44:51.798891,data/lms_loan_daily.csv,2023-02-01
CUS_0x9647_2023_02_01,CUS_0x9647,1/2/2023,10,0,10000,0,0,0,10000,1/2/2023,2023-02-01,2025-11-09 08:44:51.798891,data/lms_loan_daily.csv,2023-02-01
CUS_0x966e_2023_02_01,CUS_0x966e,1/2/2023,10,0,10000,0,0,0,10000,1/2/2023,2023-02-01,2025-11-09 08:44:51.798891,data/lms_loan_daily.csv,2023-02-01
CUS_0x9686_2023_02_01,CUS_0x9686,1/2/2023,10,0,10000,0,0,0,10000,1/2/2023,2023-02-01,2025-11-09 08:44:51.798891,data/lms_loan_daily.csv,2023-02-01
CUS_0x96a2_2023_01_01,CUS_0x96a2,1/1/2023,10,1,10000,1000,1000,0,9000,1/2/2023,2023-02-01,2025-11-09 08:44:51.798891,data/lms_loan_daily.csv,2023-02-01
CUS_0x96b3_2023_02_01,CUS_0x96b3,1/2/2023,10,0,10000,0,0,0,10000,1/2/2023,2023-02-01,2025-11-09 08:44:51.798891,data/lms_loan_daily.csv,2023-02-01
CUS_0x96d3_2023_02_01,CUS_0x96d3,1/2/2023,10,0,10000,0,0,0,10000,1/2/2023,2023-02-01,2025-11-09 08:44:51.798891,data/lms_loan_daily.csv,2023-02-01
CUS_0x970f_2023_01_01,CUS_0x970f,1/1/2023,10,1,10000,1000,1000,0,9000,1/2/2023,2023-02-01,2025-11-09 08:44:51.798891,data/lms_loan_daily.csv,2023-02-01
CUS_0x972d_2023_01_01,CUS_0x972d,1/1/2023,10,1,10000,1000,1000,0,9000,1/2/2023,2023-02-01,2025-11-09 08:44:51.798891,data/lms_loan_daily.csv,2023-02-01
CUS_0x9762_2023_02_01,CUS_0x9762,1/2/2023,10,0,10000,0,0,0,10000,1/2/2023,2023-02-01,2025-11-09 08:44:51.798891,data/lms_loan_daily.csv,2023-02-01
CUS_0x9764_2023_02_01,CUS_0x9764,1/2/2023,10,0,10000,0,0,0,10000,1/2/2023,2023-02-01,2025-11-09 08:44:51.798891,data/lms_loan_daily.csv,2023-02-01
CUS_0x97ab_2023_01_01,CUS_0x97ab,1/1/2023,10,1,10000,1000,0,1000,10000,1/2/2023,2023-02-01,2025-11-09 08:44:51.798891,data/lms_loan_daily.csv,2023-02-01
CUS_0x97b_2023_01_01,CUS_0x97b,1/1/2023,10,1,10000,1000,1000,0,9000,1/2/2023,2023-02-01,2025-11-09 08:44:51.798891,data/lms_loan_daily.csv,2023-02-01
CUS_0x97b5_2023_02_01,CUS_0x97b5,1/2/2023,10,0,10000,0,0,0,10000,1/2/2023,2023-02-01,2025-11-09 08:44:51.798891,data/lms_loan_daily.csv,2023-02-01
CUS_0x97bd_2023_01_01,CUS_0x97bd,1/1/2023,10,1,10000,1000,0,1000,10000,1/2/2023,2023-02-01,2025-11-09 08:44:51.798891,data/lms_loan_daily.csv,2023-02-01
CUS_0x9805_2023_01_01,CUS_0x9805,1/1/2023,10,1,10000,1000,1000,0,9000,1/2/2023,2023-02-01,2025-11-09 08:44:51.798891,data/lms_loan_daily.csv,2023-02-01
CUS_0x981a_2023_02_01,CUS_0x981a,1/2/2023,10,0,10000,0,0,0,10000,1/2/2023,2023-02-01,2025-11-09 08:44:51.798891,data/lms_loan_daily.csv,2023-02-01
CUS_0x988c_2023_01_01,CUS_0x988c,1/1/2023,10,1,10000,1000,1000,0,9000,1/2/2023,2023-02-01,2025-11-09 08:44:51.798891,data/lms_loan_daily.csv,2023-02-01
CUS_0x990_2023_02_01,CUS_0x990,1/2/2023,10,0,10000,0,0,0,10000,1/2/2023,2023-02-01,2025-11-09 08:44:51.798891,data/lms_loan_daily.csv,2023-02-01
CUS_0x9916_2023_01_01,CUS_0x9916,1/1/2023,10,1,10000,1000,1000,0,9000,1/2/2023,2023-02-01,2025-11-09 08:44:51.798891,data/lms_loan_daily.csv,2023-02-01
CUS_0x9979_2023_01_01,CUS_0x9979,1/1/2023,10,1,10000,1000,1000,0,9000,1/2/2023,2023-02-01,2025-11-09 08:44:51.798891,data/lms_loan_daily.csv,2023-02-01
CUS_0x9985_2023_01_01,CUS_0x9985,1/1/2023,10,1,10000,1000,1000,0,9000,1/2/2023,2023-02-01,2025-11-09 08:44:51.798891,data/lms_loan_daily.csv,2023-02-01
CUS_0x99cf_2023_02_01,CUS_0x99cf,1/2/2023,10,0,10000,0,0,0,10000,1/2/2023,2023-02-01,2025-11-09 08:44:51.798891,data/lms_loan_daily.csv,2023-02-01
CUS_0x9a55_2023_01_01,CUS_0x9a55,1/1/2023,10,1,10000,1000,1000,0,9000,1/2/2023,2023-02-01,2025-11-09 08:44:51.798891,data/lms_loan_daily.csv,2023-02-01
CUS_0x9a71_2023_01_01,CUS_0x9a71,1/1/2023,10,1,10000,1000,1000,0,9000,1/2/2023,2023-02-01,2025-11-09 08:44:51.798891,data/lms_loan_daily.csv,2023-02-01
CUS_0x9a84_2023_02_01,CUS_0x9a84,1/2/2023,10,0,10000,0,0,0,10000,1/2/2023,2023-02-01,2025-11-09 08:44:51.798891,data/lms_loan_daily.csv,2023-02-01
CUS_0x9b03_2023_02_01,CUS_0x9b03,1/2/2023,10,0,10000,0,0,0,10000,1/2/2023,2023-02-01,2025-11-09 08:44:51.798891,data/lms_loan_daily.csv,2023-02-01
CUS_0x9b24_2023_01_01,CUS_0x9b24,1/1/2023,10,1,10000,1000,1000,0,9000,1/2/2023,2023-02-01,2025-11-09 08:44:51.798891,data/lms_loan_daily.csv,2023-02-01
CUS_0x9b38_2023_02_01,CUS_0x9b38,1/2/2023,10,0,10000,0,0,0,10000,1/2/2023,2023-02-01,2025-11-09 08:44:51.798891,data/lms_loan_daily.csv,2023-02-01
CUS_0x9bef_2023_01_01,CUS_0x9bef,1/1/2023,10,1,10000,1000,1000,0,9000,1/2/2023,2023-02-01,2025-11-09 08:44:51.798891,data/lms_loan_daily.csv,2023-02-01
CUS_0x9c59_2023_02_01,CUS_0x9c59,1/2/2023,10,0,10000,0,0,0,10000,1/2/2023,2023-02-01,2025-11-09 08:44:51.798891,data/lms_loan_daily.csv,2023-02-01
CUS_0x9c67_2023_01_01,CUS_0x9c67,1/1/2023,10,1,10000,1000,1000,0,9000,1/2/2023,2023-02-01,2025-11-09 08:44:51.798891,data/lms_loan_daily.csv,2023-02-01
CUS_0x9ccf_2023_02_01,CUS_0x9ccf,1/2/2023,10,0,10000,0,0,0,10000,1/2/2023,2023-02-01,2025-11-09 08:44:51.798891,data/lms_loan_daily.csv,2023-02-01
CUS_0x9ce6_2023_01_01,CUS_0x9ce6,1/1/2023,10,1,10000,1000,1000,0,9000,1/2/2023,2023-02-01,2025-11-09 08:44:51.798891,data/lms_loan_daily.csv,2023-02-01
CUS_0x9d0b_2023_02_01,CUS_0x9d0b,1/2/2023,10,0,10000,0,0,0,10000,1/2/2023,2023-02-01,2025-11-09 08:44:51.798891,data/lms_loan_daily.csv,2023-02-01
CUS_0x9dc5_2023_02_01,CUS_0x9dc5,1/2/2023,10,0,10000,0,0,0,10000,1/2/2023,2023-02-01,2025-11-09 08:44:51.798891,data/lms_loan_daily.csv,2023-02-01
CUS_0x9dc6_2023_02_01,CUS_0x9dc6,1/2/2023,10,0,10000,0,0,0,10000,1/2/2023,2023-02-01,2025-11-09 08:44:51.798891,data/lms_loan_daily.csv,2023-02-01
CUS_0x9dff_2023_02_01,CUS_0x9dff,1/2/2023,10,0,10000,0,0,0,10000,1/2/2023,2023-02-01,2025-11-09 08:44:51.798891,data/lms_loan_daily.csv,2023-02-01
CUS_0x9e02_2023_01_01,CUS_0x9e02,1/1/2023,10,1,10000,1000,1000,0,9000,1/2/2023,2023-02-01,2025-11-09 08:44:51.798891,data/lms_loan_daily.csv,2023-02-01
CUS_0x9e09_2023_01_01,CUS_0x9e09,1/1/2023,10,1,10000,1000,1000,0,9000,1/2/2023,2023-02-01,2025-11-09 08:44:51.798891,data/lms_loan_daily.csv,2023-02-01
CUS_0x9e56_2023_02_01,CUS_0x9e56,1/2/2023,10,0,10000,0,0,0,10000,1/2/2023,2023-02-01,2025-11-09 08:44:51.798891,data/lms_loan_daily.csv,2023-02-01
CUS_0x9e6a_2023_01_01,CUS_0x9e6a,1/1/2023,10,1,10000,1000,1000,0,9000,1/2/2023,2023-02-01,2025-11-09 08:44:51.798891,data/lms_loan_daily.csv,2023-02-01
CUS_0x9e9b_2023_02_01,CUS_0x9e9b,1/2/2023,10,0,10000,0,0,0,10000,1/2/2023,2023-02-01,2025-11-09 08:44:51.798891,data/lms_loan_daily.csv,2023-02-01
CUS_0x9ee5_2023_02_01,CUS_0x9ee5,1/2/2023,10,0,10000,0,0,0,10000,1/2/2023,2023-02-01,2025-11-09 08:44:51.798891,data/lms_loan_daily.csv,2023-02-01
CUS_0x9f23_2023_02_01,CUS_0x9f23,1/2/2023,10,0,10000,0,0,0,10000,1/2/2023,2023-02-01,2025-11-09 08:44:51.798891,data/lms_loan_daily.csv,2023-02-01
CUS_0x9f59_2023_02_01,CUS_0x9f59,1/2/2023,10,0,10000,0,0,0,10000,1/2/2023,2023-02-01,2025-11-09 08:44:51.798891,data/lms_loan_daily.csv,2023-02-01
CUS_0x9f91_2023_01_01,CUS_0x9f91,1/1/2023,10,1,10000,1000,1000,0,9000,1/2/2023,2023-02-01,2025-11-09 08:44:51.798891,data/lms_loan_daily.csv,2023-02-01
CUS_0x9fcf_2023_02_01,CUS_0x9fcf,1/2/2023,10,0,10000,0,0,0,10000,1/2/2023,2023-02-01,2025-11-09 08:44:51.798891,data/lms_loan_daily.csv,2023-02-01
CUS_0xa094_2023_02_01,CUS_0xa094,1/2/2023,10,0,10000,0,0,0,10000,1/2/2023,2023-02-01,2025-11-09 08:44:51.798891,data/lms_loan_daily.csv,2023-02-01
CUS_0xa09c_2023_02_01,CUS_0xa09c,1/2/2023,10,0,10000,0,0,0,10000,1/2/2023,2023-02-01,2025-11-09 08:44:51.798891,data/lms_loan_daily.csv,2023-02-01
CUS_0xa0b8_2023_02_01,CUS_0xa0b8,1/2/2023,10,0,10000,0,0,0,10000,1/2/2023,2023-02-01,2025-11-09 08:44:51.798891,data/lms_loan_daily.csv,2023-02-01
CUS_0xa0c_2023_01_01,CUS_0xa0c,1/1/2023,10,1,10000,1000,1000,0,9000,1/2/2023,2023-02-01,2025-11-09 08:44:51.798891,data/lms_loan_daily.csv,2023-02-01
CUS_0xa0c3_2023_02_01,CUS_0xa0c3,1/2/2023,10,0,10000,0,0,0,10000,1/2/2023,2023-02-01,2025-11-09 08:44:51.798891,data/lms_loan_daily.csv,2023-02-01
CUS_0xa127_2023_02_01,CUS_0xa127,1/2/2023,10,0,10000,0,0,0,10000,1/2/2023,2023-02-01,2025-11-09 08:44:51.798891,data/lms_loan_daily.csv,2023-02-01
CUS_0xa133_2023_02_01,CUS_0xa133,1/2/2023,10,0,10000,0,0,0,10000,1/2/2023,2023-02-01,2025-11-09 08:44:51.798891,data/lms_loan_daily.csv,2023-02-01
CUS_0xa134_2023_01_01,CUS_0xa134,1/1/2023,10,1,10000,1000,1000,0,9000,1/2/2023,2023-02-01,2025-11-09 08:44:51.798891,data/lms_loan_daily.csv,2023-02-01
CUS_0xa138_2023_02_01,CUS_0xa138,1/2/2023,10,0,10000,0,0,0,10000,1/2/2023,2023-02-01,2025-11-09 08:44:51.798891,data/lms_loan_daily.csv,2023-02-01
CUS_0xa146_2023_01_01,CUS_0xa146,1/1/2023,10,1,10000,1000,1000,0,9000,1/2/2023,2023-02-01,2025-11-09 08:44:51.798891,data/lms_loan_daily.csv,2023-02-01
CUS_0xa182_2023_01_01,CUS_0xa182,1/1/2023,10,1,10000,1000,1000,0,9000,1/2/2023,2023-02-01,2025-11-09 08:44:51.798891,data/lms_loan_daily.csv,2023-02-01
CUS_0xa187_2023_01_01,CUS_0xa187,1/1/2023,10,1,10000,1000,1000,0,9000,1/2/2023,2023-02-01,2025-11-09 08:44:51.798891,data/lms_loan_daily.csv,2023-02-01
CUS_0xa1bb_2023_01_01,CUS_0xa1bb,1/1/2023,10,1,10000,1000,1000,0,9000,1/2/2023,2023-02-01,2025-11-09 08:44:51.798891,data/lms_loan_daily.csv,2023-02-01
CUS_0xa1d9_2023_02_01,CUS_0xa1d9,1/2/2023,10,0,10000,0,0,0,10000,1/2/2023,2023-02-01,2025-11-09 08:44:51.798891,data/lms_loan_daily.csv,2023-02-01
CUS_0xa203_2023_01_01,CUS_0xa203,1/1/2023,10,1,10000,1000,1000,0,9000,1/2/2023,2023-02-01,2025-11-09 08:44:51.798891,data/lms_loan_daily.csv,2023-02-01
CUS_0xa20d_2023_01_01,CUS_0xa20d,1/1/2023,10,1,10000,1000,1000,0,9000,1/2/2023,2023-02-01,2025-11-09 08:44:51.798891,data/lms_loan_daily.csv,2023-02-01
CUS_0xa230_2023_02_01,CUS_0xa230,1/2/2023,10,0,10000,0,0,0,10000,1/2/2023,2023-02-01,2025-11-09 08:44:51.798891,data/lms_loan_daily.csv,2023-02-01
CUS_0xa260_2023_02_01,CUS_0xa260,1/2/2023,10,0,10000,0,0,0,10000,1/2/2023,2023-02-01,2025-11-09 08:44:51.798891,data/lms_loan_daily.csv,2023-02-01
CUS_0xa27e_2023_02_01,CUS_0xa27e,1/2/2023,10,0,10000,0,0,0,10000,1/2/2023,2023-02-01,2025-11-09 08:44:51.798891,data/lms_loan_daily.csv,2023-02-01
CUS_0xa2af_2023_02_01,CUS_0xa2af,1/2/2023,10,0,10000,0,0,0,10000,1/2/2023,2023-02-01,2025-11-09 08:44:51.798891,data/lms_loan_daily.csv,2023-02-01
CUS_0xa2c0_2023_01_01,CUS_0xa2c0,1/1/2023,10,1,10000,1000,1000,0,9000,1/2/2023,2023-02-01,2025-11-09 08:44:51.798891,data/lms_loan_daily.csv,2023-02-01
CUS_0xa2ee_2023_01_01,CUS_0xa2ee,1/1/2023,10,1,10000,1000,1000,0,9000,1/2/2023,2023-02-01,2025-11-09 08:44:51.798891,data/lms_loan_daily.csv,2023-02-01
CUS_0xa384_2023_02_01,CUS_0xa384,1/2/2023,10,0,10000,0,0,0,10000,1/2/2023,2023-02-01,2025-11-09 08:44:51.798891,data/lms_loan_daily.csv,2023-02-01
CUS_0xa408_2023_01_01,CUS_0xa408,1/1/2023,10,1,10000,1000,0,1000,10000,1/2/2023,2023-02-01,2025-11-09 08:44:51.798891,data/lms_loan_daily.csv,2023-02-01
CUS_0xa41e_2023_02_01,CUS_0xa41e,1/2/2023,10,0,10000,0,0,0,10000,1/2/2023,2023-02-01,2025-11-09 08:44:51.798891,data/lms_loan_daily.csv,2023-02-01
CUS_0xa422_2023_01_01,CUS_0xa422,1/1/2023,10,1,10000,1000,1000,0,9000,1/2/2023,2023-02-01,2025-11-09 08:44:51.798891,data/lms_loan_daily.csv,2023-02-01
CUS_0xa423_2023_01_01,CUS_0xa423,1/1/2023,10,1,10000,1000,1000,0,9000,1/2/2023,2023-02-01,2025-11-09 08:44:51.798891,data/lms_loan_daily.csv,2023-02-01
CUS_0xa455_2023_02_01,CUS_0xa455,1/2/2023,10,0,10000,0,0,0,10000,1/2/2023,2023-02-01,2025-11-09 08:44:51.798891,data/lms_loan_daily.csv,2023-02-01
CUS_0xa463_2023_01_01,CUS_0xa463,1/1/2023,10,1,10000,1000,1000,0,9000,1/2/2023,2023-02-01,2025-11-09 08:44:51.798891,data/lms_loan_daily.csv,2023-02-01
CUS_0xa488_2023_01_01,CUS_0xa488,1/1/2023,10,1,10000,1000,1000,0,9000,1/2/2023,2023-02-01,2025-11-09 08:44:51.798891,data/lms_loan_daily.csv,2023-02-01
CUS_0xa4e7_2023_02_01,CUS_0xa4e7,1/2/2023,10,0,10000,0,0,0,10000,1/2/2023,2023-02-01,2025-11-09 08:44:51.798891,data/lms_loan_daily.csv,2023-02-01
CUS_0xa52_2023_01_01,CUS_0xa52,1/1/2023,10,1,10000,1000,1000,0,9000,1/2/2023,2023-02-01,2025-11-09 08:44:51.798891,data/lms_loan_daily.csv,2023-02-01
CUS_0xa540_2023_02_01,CUS_0xa540,1/2/2023,10,0,10000,0,0,0,10000,1/2/2023,2023-02-01,2025-11-09 08:44:51.798891,data/lms_loan_daily.csv,2023-02-01
CUS_0xa54d_2023_01_01,CUS_0xa54d,1/1/2023,10,1,10000,1000,1000,0,9000,1/2/2023,2023-02-01,2025-11-09 08:44:51.798891,data/lms_loan_daily.csv,2023-02-01
CUS_0xa574_2023_02_01,CUS_0xa574,1/2/2023,10,0,10000,0,0,0,10000,1/2/2023,2023-02-01,2025-11-09 08:44:51.798891,data/lms_loan_daily.csv,2023-02-01
CUS_0xa5c_2023_01_01,CUS_0xa5c,1/1/2023,10,1,10000,1000,1000,0,9000,1/2/2023,2023-02-01,2025-11-09 08:44:51.798891,data/lms_loan_daily.csv,2023-02-01
CUS_0xa5e6_2023_01_01,CUS_0xa5e6,1/1/2023,10,1,10000,1000,1000,0,9000,1/2/2023,2023-02-01,2025-11-09 08:44:51.798891,data/lms_loan_daily.csv,2023-02-01
CUS_0xa5e9_2023_01_01,CUS_0xa5e9,1/1/2023,10,1,10000,1000,0,1000,10000,1/2/2023,2023-02-01,2025-11-09 08:44:51.798891,data/lms_loan_daily.csv,2023-02-01
CUS_0xa65_2023_01_01,CUS_0xa65,1/1/2023,10,1,10000,1000,1000,0,9000,1/2/2023,2023-02-01,2025-11-09 08:44:51.798891,data/lms_loan_daily.csv,2023-02-01
CUS_0xa68a_2023_02_01,CUS_0xa68a,1/2/2023,10,0,10000,0,0,0,10000,1/2/2023,2023-02-01,2025-11-09 08:44:51.798891,data/lms_loan_daily.csv,2023-02-01
CUS_0xa693_2023_02_01,CUS_0xa693,1/2/2023,10,0,10000,0,0,0,10000,1/2/2023,2023-02-01,2025-11-09 08:44:51.798891,data/lms_loan_daily.csv,2023-02-01
CUS_0xa69e_2023_02_01,CUS_0xa69e,1/2/2023,10,0,10000,0,0,0,10000,1/2/2023,2023-02-01,2025-11-09 08:44:51.798891,data/lms_loan_daily.csv,2023-02-01
CUS_0xa6a7_2023_02_01,CUS_0xa6a7,1/2/2023,10,0,10000,0,0,0,10000,1/2/2023,2023-02-01,2025-11-09 08:44:51.798891,data/lms_loan_daily.csv,2023-02-01
CUS_0xa6c1_2023_02_01,CUS_0xa6c1,1/2/2023,10,0,10000,0,0,0,10000,1/2/2023,2023-02-01,2025-11-09 08:44:51.798891,data/lms_loan_daily.csv,2023-02-01
CUS_0xa6d9_2023_01_01,CUS_0xa6d9,1/1/2023,10,1,10000,1000,1000,0,9000,1/2/2023,2023-02-01,2025-11-09 08:44:51.798891,data/lms_loan_daily.csv,2023-02-01
CUS_0xa7e1_2023_02_01,CUS_0xa7e1,1/2/2023,10,0,10000,0,0,0,10000,1/2/2023,2023-02-01,2025-11-09 08:44:51.798891,data/lms_loan_daily.csv,2023-02-01
CUS_0xa801_2023_01_01,CUS_0xa801,1/1/2023,10,1,10000,1000,1000,0,9000,1/2/2023,2023-02-01,2025-11-09 08:44:51.798891,data/lms_loan_daily.csv,2023-02-01
CUS_0xa806_2023_02_01,CUS_0xa806,1/2/2023,10,0,10000,0,0,0,10000,1/2/2023,2023-02-01,2025-11-09 08:44:51.798891,data/lms_loan_daily.csv,2023-02-01
CUS_0xa83_2023_01_01,CUS_0xa83,1/1/2023,10,1,10000,1000,1000,0,9000,1/2/2023,2023-02-01,2025-11-09 08:44:51.798891,data/lms_loan_daily.csv,2023-02-01
CUS_0xa8b7_2023_02_01,CUS_0xa8b7,1/2/2023,10,0,10000,0,0,0,10000,1/2/2023,2023-02-01,2025-11-09 08:44:51.798891,data/lms_loan_daily.csv,2023-02-01
CUS_0xa8c6_2023_01_01,CUS_0xa8c6,1/1/2023,10,1,10000,1000,1000,0,9000,1/2/2023,2023-02-01,2025-11-09 08:44:51.798891,data/lms_loan_daily.csv,2023-02-01
CUS_0xa8ce_2023_02_01,CUS_0xa8ce,1/2/2023,10,0,10000,0,0,0,10000,1/2/2023,2023-02-01,2025-11-09 08:44:51.798891,data/lms_loan_daily.csv,2023-02-01
CUS_0xa8e7_2023_02_01,CUS_0xa8e7,1/2/2023,10,0,10000,0,0,0,10000,1/2/2023,2023-02-01,2025-11-09 08:44:51.798891,data/lms_loan_daily.csv,2023-02-01
CUS_0xa918_2023_01_01,CUS_0xa918,1/1/2023,10,1,10000,1000,1000,0,9000,1/2/2023,2023-02-01,2025-11-09 08:44:51.798891,data/lms_loan_daily.csv,2023-02-01
CUS_0xa962_2023_02_01,CUS_0xa962,1/2/2023,10,0,10000,0,0,0,10000,1/2/2023,2023-02-01,2025-11-09 08:44:51.798891,data/lms_loan_daily.csv,2023-02-01
CUS_0xa973_2023_02_01,CUS_0xa973,1/2/2023,10,0,10000,0,0,0,10000,1/2/2023,2023-02-01,2025-11-09 08:44:51.798891,data/lms_loan_daily.csv,2023-02-01
CUS_0xa980_2023_02_01,CUS_0xa980,1/2/2023,10,0,10000,0,0,0,10000,1/2/2023,2023-02-01,2025-11-09 08:44:51.798891,data/lms_loan_daily.csv,2023-02-01
CUS_0xa99c_2023_02_01,CUS_0xa99c,1/2/2023,10,0,10000,0,0,0,10000,1/2/2023,2023-02-01,2025-11-09 08:44:51.798891,data/lms_loan_daily.csv,2023-02-01
CUS_0xa9a_2023_01_01,CUS_0xa9a,1/1/2023,10,1,10000,1000,1000,0,9000,1/2/2023,2023-02-01,2025-11-09 08:44:51.798891,data/lms_loan_daily.csv,2023-02-01
CUS_0xa9d2_2023_02_01,CUS_0xa9d2,1/2/2023,10,0,10000,0,0,0,10000,1/2/2023,2023-02-01,2025-11-09 08:44:51.798891,data/lms_loan_daily.csv,2023-02-01
CUS_0xaa3d_2023_02_01,CUS_0xaa3d,1/2/2023,10,0,10000,0,0,0,10000,1/2/2023,2023-02-01,2025-11-09 08:44:51.798891,data/lms_loan_daily.csv,2023-02-01
CUS_0xaa56_2023_02_01,CUS_0xaa56,1/2/2023,10,0,10000,0,0,0,10000,1/2/2023,2023-02-01,2025-11-09 08:44:51.798891,data/lms_loan_daily.csv,2023-02-01
CUS_0xaa8e_2023_01_01,CUS_0xaa8e,1/1/2023,10,1,10000,1000,1000,0,9000,1/2/2023,2023-02-01,2025-11-09 08:44:51.798891,data/lms_loan_daily.csv,2023-02-01
CUS_0xaacd_2023_02_01,CUS_0xaacd,1/2/2023,10,0,10000,0,0,0,10000,1/2/2023,2023-02-01,2025-11-09 08:44:51.798891,data/lms_loan_daily.csv,2023-02-01
CUS_0xaaff_2023_01_01,CUS_0xaaff,1/1/2023,10,1,10000,1000,1000,0,9000,1/2/2023,2023-02-01,2025-11-09 08:44:51.798891,data/lms_loan_daily.csv,2023-02-01
CUS_0xab3b_2023_02_01,CUS_0xab3b,1/2/2023,10,0,10000,0,0,0,10000,1/2/2023,2023-02-01,2025-11-09 08:44:51.798891,data/lms_loan_daily.csv,2023-02-01
CUS_0xabf2_2023_01_01,CUS_0xabf2,1/1/2023,10,1,10000,1000,1000,0,9000,1/2/2023,2023-02-01,2025-11-09 08:44:51.798891,data/lms_loan_daily.csv,2023-02-01
CUS_0xabff_2023_02_01,CUS_0xabff,1/2/2023,10,0,10000,0,0,0,10000,1/2/2023,2023-02-01,2025-11-09 08:44:51.798891,data/lms_loan_daily.csv,2023-02-01
CUS_0xac14_2023_02_01,CUS_0xac14,1/2/2023,10,0,10000,0,0,0,10000,1/2/2023,2023-02-01,2025-11-09 08:44:51.798891,data/lms_loan_daily.csv,2023-02-01
CUS_0xac46_2023_01_01,CUS_0xac46,1/1/2023,10,1,10000,1000,1000,0,9000,1/2/2023,2023-02-01,2025-11-09 08:44:51.798891,data/lms_loan_daily.csv,2023-02-01
CUS_0xac7c_2023_01_01,CUS_0xac7c,1/1/2023,10,1,10000,1000,1000,0,9000,1/2/2023,2023-02-01,2025-11-09 08:44:51.798891,data/lms_loan_daily.csv,2023-02-01
CUS_0xac7e_2023_02_01,CUS_0xac7e,1/2/2023,10,0,10000,0,0,0,10000,1/2/2023,2023-02-01,2025-11-09 08:44:51.798891,data/lms_loan_daily.csv,2023-02-01
CUS_0xaca7_2023_01_01,CUS_0xaca7,1/1/2023,10,1,10000,1000,1000,0,9000,1/2/2023,2023-02-01,2025-11-09 08:44:51.798891,data/lms_loan_daily.csv,2023-02-01
CUS_0xacab_2023_01_01,CUS_0xacab,1/1/2023,10,1,10000,1000,1000,0,9000,1/2/2023,2023-02-01,2025-11-09 08:44:51.798891,data/lms_loan_daily.csv,2023-02-01
CUS_0xacfa_2023_01_01,CUS_0xacfa,1/1/2023,10,1,10000,1000,1000,0,9000,1/2/2023,2023-02-01,2025-11-09 08:44:51.798891,data/lms_loan_daily.csv,2023-02-01
CUS_0xad13_2023_01_01,CUS_0xad13,1/1/2023,10,1,10000,1000,1000,0,9000,1/2/2023,2023-02-01,2025-11-09 08:44:51.798891,data/lms_loan_daily.csv,2023-02-01
CUS_0xad1d_2023_01_01,CUS_0xad1d,1/1/2023,10,1,10000,1000,1000,0,9000,1/2/2023,2023-02-01,2025-11-09 08:44:51.798891,data/lms_loan_daily.csv,2023-02-01
CUS_0xad90_2023_01_01,CUS_0xad90,1/1/2023,10,1,10000,1000,1000,0,9000,1/2/2023,2023-02-01,2025-11-09 08:44:51.798891,data/lms_loan_daily.csv,2023-02-01
CUS_0xad9d_2023_02_01,CUS_0xad9d,1/2/2023,10,0,10000,0,0,0,10000,1/2/2023,2023-02-01,2025-11-09 08:44:51.798891,data/lms_loan_daily.csv,2023-02-01
CUS_0xadb2_2023_01_01,CUS_0xadb2,1/1/2023,10,1,10000,1000,1000,0,9000,1/2/2023,2023-02-01,2025-11-09 08:44:51.798891,data/lms_loan_daily.csv,2023-02-01
CUS_0xadb7_2023_02_01,CUS_0xadb7,1/2/2023,10,0,10000,0,0,0,10000,1/2/2023,2023-02-01,2025-11-09 08:44:51.798891,data/lms_loan_daily.csv,2023-02-01
CUS_0xadb8_2023_01_01,CUS_0xadb8,1/1/2023,10,1,10000,1000,1000,0,9000,1/2/2023,2023-02-01,2025-11-09 08:44:51.798891,data/lms_loan_daily.csv,2023-02-01
CUS_0xae09_2023_02_01,CUS_0xae09,1/2/2023,10,0,10000,0,0,0,10000,1/2/2023,2023-02-01,2025-11-09 08:44:51.798891,data/lms_loan_daily.csv,2023-02-01
CUS_0xae51_2023_01_01,CUS_0xae51,1/1/2023,10,1,10000,1000,1000,0,9000,1/2/2023,2023-02-01,2025-11-09 08:44:51.798891,data/lms_loan_daily.csv,2023-02-01
CUS_0xae58_2023_02_01,CUS_0xae58,1/2/2023,10,0,10000,0,0,0,10000,1/2/2023,2023-02-01,2025-11-09 08:44:51.798891,data/lms_loan_daily.csv,2023-02-01
CUS_0xae6a_2023_01_01,CUS_0xae6a,1/1/2023,10,1,10000,1000,1000,0,9000,1/2/2023,2023-02-01,2025-11-09 08:44:51.798891,data/lms_loan_daily.csv,2023-02-01
CUS_0xae7d_2023_01_01,CUS_0xae7d,1/1/2023,10,1,10000,1000,1000,0,9000,1/2/2023,2023-02-01,2025-11-09 08:44:51.798891,data/lms_loan_daily.csv,2023-02-01
CUS_0xae9e_2023_01_01,CUS_0xae9e,1/1/2023,10,1,10000,1000,1000,0,9000,1/2/2023,2023-02-01,2025-11-09 08:44:51.798891,data/lms_loan_daily.csv,2023-02-01
CUS_0xaebc_2023_01_01,CUS_0xaebc,1/1/2023,10,1,10000,1000,1000,0,9000,1/2/2023,2023-02-01,2025-11-09 08:44:51.798891,data/lms_loan_daily.csv,2023-02-01
CUS_0xaedb_2023_02_01,CUS_0xaedb,1/2/2023,10,0,10000,0,0,0,10000,1/2/2023,2023-02-01,2025-11-09 08:44:51.798891,data/lms_loan_daily.csv,2023-02-01
CUS_0xaf09_2023_01_01,CUS_0xaf09,1/1/2023,10,1,10000,1000,1000,0,9000,1/2/2023,2023-02-01,2025-11-09 08:44:51.798891,data/lms_loan_daily.csv,2023-02-01
CUS_0xaf67_2023_02_01,CUS_0xaf67,1/2/2023,10,0,10000,0,0,0,10000,1/2/2023,2023-02-01,2025-11-09 08:44:51.798891,data/lms_loan_daily.csv,2023-02-01
CUS_0xaf75_2023_02_01,CUS_0xaf75,1/2/2023,10,0,10000,0,0,0,10000,1/2/2023,2023-02-01,2025-11-09 08:44:51.798891,data/lms_loan_daily.csv,2023-02-01
CUS_0xafa8_2023_02_01,CUS_0xafa8,1/2/2023,10,0,10000,0,0,0,10000,1/2/2023,2023-02-01,2025-11-09 08:44:51.798891,data/lms_loan_daily.csv,2023-02-01
CUS_0xafb5_2023_01_01,CUS_0xafb5,1/1/2023,10,1,10000,1000,1000,0,9000,1/2/2023,2023-02-01,2025-11-09 08:44:51.798891,data/lms_loan_daily.csv,2023-02-01
CUS_0xafd1_2023_02_01,CUS_0xafd1,1/2/2023,10,0,10000,0,0,0,10000,1/2/2023,2023-02-01,2025-11-09 08:44:51.798891,data/lms_loan_daily.csv,2023-02-01
CUS_0xb023_2023_02_01,CUS_0xb023,1/2/2023,10,0,10000,0,0,0,10000,1/2/2023,2023-02-01,2025-11-09 08:44:51.798891,data/lms_loan_daily.csv,2023-02-01
CUS_0xb05a_2023_02_01,CUS_0xb05a,1/2/2023,10,0,10000,0,0,0,10000,1/2/2023,2023-02-01,2025-11-09 08:44:51.798891,data/lms_loan_daily.csv,2023-02-01
CUS_0xb0bd_2023_01_01,CUS_0xb0bd,1/1/2023,10,1,10000,1000,1000,0,9000,1/2/2023,2023-02-01,2025-11-09 08:44:51.798891,data/lms_loan_daily.csv,2023-02-01
CUS_0xb0c4_2023_01_01,CUS_0xb0c4,1/1/2023,10,1,10000,1000,1000,0,9000,1/2/2023,2023-02-01,2025-11-09 08:44:51.798891,data/lms_loan_daily.csv,2023-02-01
CUS_0xb0e4_2023_01_01,CUS_0xb0e4,1/1/2023,10,1,10000,1000,1000,0,9000,1/2/2023,2023-02-01,2025-11-09 08:44:51.798891,data/lms_loan_daily.csv,2023-02-01
CUS_0xb127_2023_02_01,CUS_0xb127,1/2/2023,10,0,10000,0,0,0,10000,1/2/2023,2023-02-01,2025-11-09 08:44:51.798891,data/lms_loan_daily.csv,2023-02-01
CUS_0xb144_2023_02_01,CUS_0xb144,1/2/2023,10,0,10000,0,0,0,10000,1/2/2023,2023-02-01,2025-11-09 08:44:51.798891,data/lms_loan_daily.csv,2023-02-01
CUS_0xb1f5_2023_01_01,CUS_0xb1f5,1/1/2023,10,1,10000,1000,1000,0,9000,1/2/2023,2023-02-01,2025-11-09 08:44:51.798891,data/lms_loan_daily.csv,2023-02-01
CUS_0xb220_2023_01_01,CUS_0xb220,1/1/2023,10,1,10000,1000,1000,0,9000,1/2/2023,2023-02-01,2025-11-09 08:44:51.798891,data/lms_loan_daily.csv,2023-02-01
CUS_0xb25e_2023_02_01,CUS_0xb25e,1/2/2023,10,0,10000,0,0,0,10000,1/2/2023,2023-02-01,2025-11-09 08:44:51.798891,data/lms_loan_daily.csv,2023-02-01
CUS_0xb264_2023_02_01,CUS_0xb264,1/2/2023,10,0,10000,0,0,0,10000,1/2/2023,2023-02-01,2025-11-09 08:44:51.798891,data/lms_loan_daily.csv,2023-02-01
CUS_0xb28a_2023_02_01,CUS_0xb28a,1/2/2023,10,0,10000,0,0,0,10000,1/2/2023,2023-02-01,2025-11-09 08:44:51.798891,data/lms_loan_daily.csv,2023-02-01
CUS_0xb2b8_2023_01_01,CUS_0xb2b8,1/1/2023,10,1,10000,1000,1000,0,9000,1/2/2023,2023-02-01,2025-11-09 08:44:51.798891,data/lms_loan_daily.csv,2023-02-01
CUS_0xb32c_2023_02_01,CUS_0xb32c,1/2/2023,10,0,10000,0,0,0,10000,1/2/2023,2023-02-01,2025-11-09 08:44:51.798891,data/lms_loan_daily.csv,2023-02-01
CUS_0xb381_2023_01_01,CUS_0xb381,1/1/2023,10,1,10000,1000,1000,0,9000,1/2/2023,2023-02-01,2025-11-09 08:44:51.798891,data/lms_loan_daily.csv,2023-02-01
CUS_0xb39_2023_02_01,CUS_0xb39,1/2/2023,10,0,10000,0,0,0,10000,1/2/2023,2023-02-01,2025-11-09 08:44:51.798891,data/lms_loan_daily.csv,2023-02-01
CUS_0xb3f4_2023_01_01,CUS_0xb3f4,1/1/2023,10,1,10000,1000,1000,0,9000,1/2/2023,2023-02-01,2025-11-09 08:44:51.798891,data/lms_loan_daily.csv,2023-02-01
CUS_0xb403_2023_01_01,CUS_0xb403,1/1/2023,10,1,10000,1000,1000,0,9000,1/2/2023,2023-02-01,2025-11-09 08:44:51.798891,data/lms_loan_daily.csv,2023-02-01
CUS_0xb41f_2023_01_01,CUS_0xb41f,1/1/2023,10,1,10000,1000,1000,0,9000,1/2/2023,2023-02-01,2025-11-09 08:44:51.798891,data/lms_loan_daily.csv,2023-02-01
CUS_0xb424_2023_01_01,CUS_0xb424,1/1/2023,10,1,10000,1000,1000,0,9000,1/2/2023,2023-02-01,2025-11-09 08:44:51.798891,data/lms_loan_daily.csv,2023-02-01
CUS_0xb428_2023_02_01,CUS_0xb428,1/2/2023,10,0,10000,0,0,0,10000,1/2/2023,2023-02-01,2025-11-09 08:44:51.798891,data/lms_loan_daily.csv,2023-02-01
CUS_0xb433_2023_02_01,CUS_0xb433,1/2/2023,10,0,10000,0,0,0,10000,1/2/2023,2023-02-01,2025-11-09 08:44:51.798891,data/lms_loan_daily.csv,2023-02-01
CUS_0xb437_2023_01_01,CUS_0xb437,1/1/2023,10,1,10000,1000,1000,0,9000,1/2/2023,2023-02-01,2025-11-09 08:44:51.798891,data/lms_loan_daily.csv,2023-02-01
CUS_0xb46_2023_01_01,CUS_0xb46,1/1/2023,10,1,10000,1000,1000,0,9000,1/2/2023,2023-02-01,2025-11-09 08:44:51.798891,data/lms_loan_daily.csv,2023-02-01
CUS_0xb4bc_2023_02_01,CUS_0xb4bc,1/2/2023,10,0,10000,0,0,0,10000,1/2/2023,2023-02-01,2025-11-09 08:44:51.798891,data/lms_loan_daily.csv,2023-02-01
CUS_0xb4c1_2023_02_01,CUS_0xb4c1,1/2/2023,10,0,10000,0,0,0,10000,1/2/2023,2023-02-01,2025-11-09 08:44:51.798891,data/lms_loan_daily.csv,2023-02-01
CUS_0xb4d8_2023_01_01,CUS_0xb4d8,1/1/2023,10,1,10000,1000,1000,0,9000,1/2/2023,2023-02-01,2025-11-09 08:44:51.798891,data/lms_loan_daily.csv,2023-02-01
CUS_0xb51c_2023_01_01,CUS_0xb51c,1/1/2023,10,1,10000,1000,1000,0,9000,1/2/2023,2023-02-01,2025-11-09 08:44:51.798891,data/lms_loan_daily.csv,2023-02-01
CUS_0xb548_2023_02_01,CUS_0xb548,1/2/2023,10,0,10000,0,0,0,10000,1/2/2023,2023-02-01,2025-11-09 08:44:51.798891,data/lms_loan_daily.csv,2023-02-01
CUS_0xb575_2023_02_01,CUS_0xb575,1/2/2023,10,0,10000,0,0,0,10000,1/2/2023,2023-02-01,2025-11-09 08:44:51.798891,data/lms_loan_daily.csv,2023-02-01
CUS_0xb61a_2023_02_01,CUS_0xb61a,1/2/2023,10,0,10000,0,0,0,10000,1/2/2023,2023-02-01,2025-11-09 08:44:51.798891,data/lms_loan_daily.csv,2023-02-01
CUS_0xb64a_2023_01_01,CUS_0xb64a,1/1/2023,10,1,10000,1000,1000,0,9000,1/2/2023,2023-02-01,2025-11-09 08:44:51.798891,data/lms_loan_daily.csv,2023-02-01
CUS_0xb65f_2023_02_01,CUS_0xb65f,1/2/2023,10,0,10000,0,0,0,10000,1/2/2023,2023-02-01,2025-11-09 08:44:51.798891,data/lms_loan_daily.csv,2023-02-01
CUS_0xb662_2023_01_01,CUS_0xb662,1/1/2023,10,1,10000,1000,1000,0,9000,1/2/2023,2023-02-01,2025-11-09 08:44:51.798891,data/lms_loan_daily.csv,2023-02-01
CUS_0xb67c_2023_01_01,CUS_0xb67c,1/1/2023,10,1,10000,1000,1000,0,9000,1/2/2023,2023-02-01,2025-11-09 08:44:51.798891,data/lms_loan_daily.csv,2023-02-01
CUS_0xb685_2023_01_01,CUS_0xb685,1/1/2023,10,1,10000,1000,1000,0,9000,1/2/2023,2023-02-01,2025-11-09 08:44:51.798891,data/lms_loan_daily.csv,2023-02-01
CUS_0xb6b_2023_02_01,CUS_0xb6b,1/2/2023,10,0,10000,0,0,0,10000,1/2/2023,2023-02-01,2025-11-09 08:44:51.798891,data/lms_loan_daily.csv,2023-02-01
CUS_0xb6e3_2023_01_01,CUS_0xb6e3,1/1/2023,10,1,10000,1000,1000,0,9000,1/2/2023,2023-02-01,2025-11-09 08:44:51.798891,data/lms_loan_daily.csv,2023-02-01
CUS_0xb73_2023_01_01,CUS_0xb73,1/1/2023,10,1,10000,1000,1000,0,9000,1/2/2023,2023-02-01,2025-11-09 08:44:51.798891,data/lms_loan_daily.csv,2023-02-01
CUS_0xb742_2023_02_01,CUS_0xb742,1/2/2023,10,0,10000,0,0,0,10000,1/2/2023,2023-02-01,2025-11-09 08:44:51.798891,data/lms_loan_daily.csv,2023-02-01
CUS_0xb745_2023_01_01,CUS_0xb745,1/1/2023,10,1,10000,1000,1000,0,9000,1/2/2023,2023-02-01,2025-11-09 08:44:51.798891,data/lms_loan_daily.csv,2023-02-01
CUS_0xb749_2023_02_01,CUS_0xb749,1/2/2023,10,0,10000,0,0,0,10000,1/2/2023,2023-02-01,2025-11-09 08:44:51.798891,data/lms_loan_daily.csv,2023-02-01
CUS_0xb767_2023_02_01,CUS_0xb767,1/2/2023,10,0,10000,0,0,0,10000,1/2/2023,2023-02-01,2025-11-09 08:44:51.798891,data/lms_loan_daily.csv,2023-02-01
CUS_0xb786_2023_02_01,CUS_0xb786,1/2/2023,10,0,10000,0,0,0,10000,1/2/2023,2023-02-01,2025-11-09 08:44:51.798891,data/lms_loan_daily.csv,2023-02-01
CUS_0xb7df_2023_02_01,CUS_0xb7df,1/2/2023,10,0,10000,0,0,0,10000,1/2/2023,2023-02-01,2025-11-09 08:44:51.798891,data/lms_loan_daily.csv,2023-02-01
CUS_0xb875_2023_01_01,CUS_0xb875,1/1/2023,10,1,10000,1000,1000,0,9000,1/2/2023,2023-02-01,2025-11-09 08:44:51.798891,data/lms_loan_daily.csv,2023-02-01
CUS_0xb8b9_2023_01_01,CUS_0xb8b9,1/1/2023,10,1,10000,1000,1000,0,9000,1/2/2023,2023-02-01,2025-11-09 08:44:51.798891,data/lms_loan_daily.csv,2023-02-01
CUS_0xb8e_2023_02_01,CUS_0xb8e,1/2/2023,10,0,10000,0,0,0,10000,1/2/2023,2023-02-01,2025-11-09 08:44:51.798891,data/lms_loan_daily.csv,2023-02-01
CUS_0xb8f7_2023_02_01,CUS_0xb8f7,1/2/2023,10,0,10000,0,0,0,10000,1/2/2023,2023-02-01,2025-11-09 08:44:51.798891,data/lms_loan_daily.csv,2023-02-01
CUS_0xb915_2023_01_01,CUS_0xb915,1/1/2023,10,1,10000,1000,1000,0,9000,1/2/2023,2023-02-01,2025-11-09 08:44:51.798891,data/lms_loan_daily.csv,2023-02-01
CUS_0xb936_2023_02_01,CUS_0xb936,1/2/2023,10,0,10000,0,0,0,10000,1/2/2023,2023-02-01,2025-11-09 08:44:51.798891,data/lms_loan_daily.csv,2023-02-01
CUS_0xb93e_2023_01_01,CUS_0xb93e,1/1/2023,10,1,10000,1000,1000,0,9000,1/2/2023,2023-02-01,2025-11-09 08:44:51.798891,data/lms_loan_daily.csv,2023-02-01
CUS_0xba27_2023_02_01,CUS_0xba27,1/2/2023,10,0,10000,0,0,0,10000,1/2/2023,2023-02-01,2025-11-09 08:44:51.798891,data/lms_loan_daily.csv,2023-02-01
CUS_0xba5f_2023_02_01,CUS_0xba5f,1/2/2023,10,0,10000,0,0,0,10000,1/2/2023,2023-02-01,2025-11-09 08:44:51.798891,data/lms_loan_daily.csv,2023-02-01
CUS_0xba60_2023_02_01,CUS_0xba60,1/2/2023,10,0,10000,0,0,0,10000,1/2/2023,2023-02-01,2025-11-09 08:44:51.798891,data/lms_loan_daily.csv,2023-02-01
CUS_0xba9d_2023_01_01,CUS_0xba9d,1/1/2023,10,1,10000,1000,1000,0,9000,1/2/2023,2023-02-01,2025-11-09 08:44:51.798891,data/lms_loan_daily.csv,2023-02-01
CUS_0xbaf4_2023_02_01,CUS_0xbaf4,1/2/2023,10,0,10000,0,0,0,10000,1/2/2023,2023-02-01,2025-11-09 08:44:51.798891,data/lms_loan_daily.csv,2023-02-01
CUS_0xbb37_2023_02_01,CUS_0xbb37,1/2/2023,10,0,10000,0,0,0,10000,1/2/2023,2023-02-01,2025-11-09 08:44:51.798891,data/lms_loan_daily.csv,2023-02-01
CUS_0xbb95_2023_02_01,CUS_0xbb95,1/2/2023,10,0,10000,0,0,0,10000,1/2/2023,2023-02-01,2025-11-09 08:44:51.798891,data/lms_loan_daily.csv,2023-02-01
CUS_0xbb9a_2023_02_01,CUS_0xbb9a,1/2/2023,10,0,10000,0,0,0,10000,1/2/2023,2023-02-01,2025-11-09 08:44:51.798891,data/lms_loan_daily.csv,2023-02-01
CUS_0xbbd3_2023_02_01,CUS_0xbbd3,1/2/2023,10,0,10000,0,0,0,10000,1/2/2023,2023-02-01,2025-11-09 08:44:51.798891,data/lms_loan_daily.csv,2023-02-01
CUS_0xbbe4_2023_01_01,CUS_0xbbe4,1/1/2023,10,1,10000,1000,1000,0,9000,1/2/2023,2023-02-01,2025-11-09 08:44:51.798891,data/lms_loan_daily.csv,2023-02-01
CUS_0xbbf5_2023_02_01,CUS_0xbbf5,1/2/2023,10,0,10000,0,0,0,10000,1/2/2023,2023-02-01,2025-11-09 08:44:51.798891,data/lms_loan_daily.csv,2023-02-01
CUS_0xbc1e_2023_02_01,CUS_0xbc1e,1/2/2023,10,0,10000,0,0,0,10000,1/2/2023,2023-02-01,2025-11-09 08:44:51.798891,data/lms_loan_daily.csv,2023-02-01
CUS_0xbca6_2023_01_01,CUS_0xbca6,1/1/2023,10,1,10000,1000,1000,0,9000,1/2/2023,2023-02-01,2025-11-09 08:44:51.798891,data/lms_loan_daily.csv,2023-02-01
CUS_0xbcc9_2023_02_01,CUS_0xbcc9,1/2/2023,10,0,10000,0,0,0,10000,1/2/2023,2023-02-01,2025-11-09 08:44:51.798891,data/lms_loan_daily.csv,2023-02-01
CUS_0xbd1f_2023_01_01,CUS_0xbd1f,1/1/2023,10,1,10000,1000,1000,0,9000,1/2/2023,2023-02-01,2025-11-09 08:44:51.798891,data/lms_loan_daily.csv,2023-02-01
CUS_0xbd8f_2023_01_01,CUS_0xbd8f,1/1/2023,10,1,10000,1000,1000,0,9000,1/2/2023,2023-02-01,2025-11-09 08:44:51.798891,data/lms_loan_daily.csv,2023-02-01
CUS_0xbdd9_2023_02_01,CUS_0xbdd9,1/2/2023,10,0,10000,0,0,0,10000,1/2/2023,2023-02-01,2025-11-09 08:44:51.798891,data/lms_loan_daily.csv,2023-02-01
CUS_0xbe12_2023_02_01,CUS_0xbe12,1/2/2023,10,0,10000,0,0,0,10000,1/2/2023,2023-02-01,2025-11-09 08:44:51.798891,data/lms_loan_daily.csv,2023-02-01
CUS_0xbf01_2023_01_01,CUS_0xbf01,1/1/2023,10,1,10000,1000,1000,0,9000,1/2/2023,2023-02-01,2025-11-09 08:44:51.798891,data/lms_loan_daily.csv,2023-02-01
CUS_0xbf23_2023_02_01,CUS_0xbf23,1/2/2023,10,0,10000,0,0,0,10000,1/2/2023,2023-02-01,2025-11-09 08:44:51.798891,data/lms_loan_daily.csv,2023-02-01
CUS_0xbf38_2023_01_01,CUS_0xbf38,1/1/2023,10,1,10000,1000,1000,0,9000,1/2/2023,2023-02-01,2025-11-09 08:44:51.798891,data/lms_loan_daily.csv,2023-02-01
CUS_0xbf55_2023_01_01,CUS_0xbf55,1/1/2023,10,1,10000,1000,1000,0,9000,1/2/2023,2023-02-01,2025-11-09 08:44:51.798891,data/lms_loan_daily.csv,2023-02-01
CUS_0xbfd0_2023_02_01,CUS_0xbfd0,1/2/2023,10,0,10000,0,0,0,10000,1/2/2023,2023-02-01,2025-11-09 08:44:51.798891,data/lms_loan_daily.csv,2023-02-01
CUS_0xbff1_2023_02_01,CUS_0xbff1,1/2/2023,10,0,10000,0,0,0,10000,1/2/2023,2023-02-01,2025-11-09 08:44:51.798891,data/lms_loan_daily.csv,2023-02-01
CUS_0xc010_2023_01_01,CUS_0xc010,1/1/2023,10,1,10000,1000,1000,0,9000,1/2/2023,2023-02-01,2025-11-09 08:44:51.798891,data/lms_loan_daily.csv,2023-02-01
CUS_0xc055_2023_01_01,CUS_0xc055,1/1/2023,10,1,10000,1000,1000,0,9000,1/2/2023,2023-02-01,2025-11-09 08:44:51.798891,data/lms_loan_daily.csv,2023-02-01
CUS_0xc063_2023_01_01,CUS_0xc063,1/1/2023,10,1,10000,1000,1000,0,9000,1/2/2023,2023-02-01,2025-11-09 08:44:51.798891,data/lms_loan_daily.csv,2023-02-01
CUS_0xc0a3_2023_02_01,CUS_0xc0a3,1/2/2023,10,0,10000,0,0,0,10000,1/2/2023,2023-02-01,2025-11-09 08:44:51.798891,data/lms_loan_daily.csv,2023-02-01
CUS_0xc0c6_2023_02_01,CUS_0xc0c6,1/2/2023,10,0,10000,0,0,0,10000,1/2/2023,2023-02-01,2025-11-09 08:44:51.798891,data/lms_loan_daily.csv,2023-02-01
CUS_0xc0d9_2023_02_01,CUS_0xc0d9,1/2/2023,10,0,10000,0,0,0,10000,1/2/2023,2023-02-01,2025-11-09 08:44:51.798891,data/lms_loan_daily.csv,2023-02-01
CUS_0xc0f6_2023_01_01,CUS_0xc0f6,1/1/2023,10,1,10000,1000,1000,0,9000,1/2/2023,2023-02-01,2025-11-09 08:44:51.798891,data/lms_loan_daily.csv,2023-02-01
CUS_0xc13_2023_02_01,CUS_0xc13,1/2/2023,10,0,10000,0,0,0,10000,1/2/2023,2023-02-01,2025-11-09 08:44:51.798891,data/lms_loan_daily.csv,2023-02-01
CUS_0xc144_2023_01_01,CUS_0xc144,1/1/2023,10,1,10000,1000,1000,0,9000,1/2/2023,2023-02-01,2025-11-09 08:44:51.798891,data/lms_loan_daily.csv,2023-02-01
CUS_0xc18b_2023_01_01,CUS_0xc18b,1/1/2023,10,1,10000,1000,1000,0,9000,1/2/2023,2023-02-01,2025-11-09 08:44:51.798891,data/lms_loan_daily.csv,2023-02-01
CUS_0xc195_2023_02_01,CUS_0xc195,1/2/2023,10,0,10000,0,0,0,10000,1/2/2023,2023-02-01,2025-11-09 08:44:51.798891,data/lms_loan_daily.csv,2023-02-01
CUS_0xc1b3_2023_01_01,CUS_0xc1b3,1/1/2023,10,1,10000,1000,1000,0,9000,1/2/2023,2023-02-01,2025-11-09 08:44:51.798891,data/lms_loan_daily.csv,2023-02-01
CUS_0xc1b4_2023_01_01,CUS_0xc1b4,1/1/2023,10,1,10000,1000,1000,0,9000,1/2/2023,2023-02-01,2025-11-09 08:44:51.798891,data/lms_loan_daily.csv,2023-02-01
CUS_0xc1e7_2023_01_01,CUS_0xc1e7,1/1/2023,10,1,10000,1000,1000,0,9000,1/2/2023,2023-02-01,2025-11-09 08:44:51.798891,data/lms_loan_daily.csv,2023-02-01
CUS_0xc1e8_2023_02_01,CUS_0xc1e8,1/2/2023,10,0,10000,0,0,0,10000,1/2/2023,2023-02-01,2025-11-09 08:44:51.798891,data/lms_loan_daily.csv,2023-02-01
CUS_0xc205_2023_02_01,CUS_0xc205,1/2/2023,10,0,10000,0,0,0,10000,1/2/2023,2023-02-01,2025-11-09 08:44:51.798891,data/lms_loan_daily.csv,2023-02-01
CUS_0xc206_2023_01_01,CUS_0xc206,1/1/2023,10,1,10000,1000,1000,0,9000,1/2/2023,2023-02-01,2025-11-09 08:44:51.798891,data/lms_loan_daily.csv,2023-02-01
CUS_0xc254_2023_01_01,CUS_0xc254,1/1/2023,10,1,10000,1000,1000,0,9000,1/2/2023,2023-02-01,2025-11-09 08:44:51.798891,data/lms_loan_daily.csv,2023-02-01
CUS_0xc29e_2023_01_01,CUS_0xc29e,1/1/2023,10,1,10000,1000,1000,0,9000,1/2/2023,2023-02-01,2025-11-09 08:44:51.798891,data/lms_loan_daily.csv,2023-02-01
CUS_0xc2e2_2023_01_01,CUS_0xc2e2,1/1/2023,10,1,10000,1000,1000,0,9000,1/2/2023,2023-02-01,2025-11-09 08:44:51.798891,data/lms_loan_daily.csv,2023-02-01
CUS_0xc2e8_2023_02_01,CUS_0xc2e8,1/2/2023,10,0,10000,0,0,0,10000,1/2/2023,2023-02-01,2025-11-09 08:44:51.798891,data/lms_loan_daily.csv,2023-02-01
CUS_0xc2ea_2023_01_01,CUS_0xc2ea,1/1/2023,10,1,10000,1000,1000,0,9000,1/2/2023,2023-02-01,2025-11-09 08:44:51.798891,data/lms_loan_daily.csv,2023-02-01
CUS_0xc2fd_2023_01_01,CUS_0xc2fd,1/1/2023,10,1,10000,1000,1000,0,9000,1/2/2023,2023-02-01,2025-11-09 08:44:51.798891,data/lms_loan_daily.csv,2023-02-01
CUS_0xc301_2023_02_01,CUS_0xc301,1/2/2023,10,0,10000,0,0,0,10000,1/2/2023,2023-02-01,2025-11-09 08:44:51.798891,data/lms_loan_daily.csv,2023-02-01
CUS_0xc305_2023_01_01,CUS_0xc305,1/1/2023,10,1,10000,1000,0,1000,10000,1/2/2023,2023-02-01,2025-11-09 08:44:51.798891,data/lms_loan_daily.csv,2023-02-01
CUS_0xc38a_2023_01_01,CUS_0xc38a,1/1/2023,10,1,10000,1000,1000,0,9000,1/2/2023,2023-02-01,2025-11-09 08:44:51.798891,data/lms_loan_daily.csv,2023-02-01
CUS_0xc3aa_2023_01_01,CUS_0xc3aa,1/1/2023,10,1,10000,1000,1000,0,9000,1/2/2023,2023-02-01,2025-11-09 08:44:51.798891,data/lms_loan_daily.csv,2023-02-01
CUS_0xc3d_2023_02_01,CUS_0xc3d,1/2/2023,10,0,10000,0,0,0,10000,1/2/2023,2023-02-01,2025-11-09 08:44:51.798891,data/lms_loan_daily.csv,2023-02-01
CUS_0xc3d0_2023_01_01,CUS_0xc3d0,1/1/2023,10,1,10000,1000,1000,0,9000,1/2/2023,2023-02-01,2025-11-09 08:44:51.798891,data/lms_loan_daily.csv,2023-02-01
CUS_0xc3ee_2023_01_01,CUS_0xc3ee,1/1/2023,10,1,10000,1000,1000,0,9000,1/2/2023,2023-02-01,2025-11-09 08:44:51.798891,data/lms_loan_daily.csv,2023-02-01
CUS_0xc416_2023_02_01,CUS_0xc416,1/2/2023,10,0,10000,0,0,0,10000,1/2/2023,2023-02-01,2025-11-09 08:44:51.798891,data/lms_loan_daily.csv,2023-02-01
CUS_0xc442_2023_02_01,CUS_0xc442,1/2/2023,10,0,10000,0,0,0,10000,1/2/2023,2023-02-01,2025-11-09 08:44:51.798891,data/lms_loan_daily.csv,2023-02-01
CUS_0xc465_2023_01_01,CUS_0xc465,1/1/2023,10,1,10000,1000,1000,0,9000,1/2/2023,2023-02-01,2025-11-09 08:44:51.798891,data/lms_loan_daily.csv,2023-02-01
CUS_0xc4bb_2023_02_01,CUS_0xc4bb,1/2/2023,10,0,10000,0,0,0,10000,1/2/2023,2023-02-01,2025-11-09 08:44:51.798891,data/lms_loan_daily.csv,2023-02-01
CUS_0xc4c3_2023_01_01,CUS_0xc4c3,1/1/2023,10,1,10000,1000,1000,0,9000,1/2/2023,2023-02-01,2025-11-09 08:44:51.798891,data/lms_loan_daily.csv,2023-02-01
CUS_0xc59d_2023_02_01,CUS_0xc59d,1/2/2023,10,0,10000,0,0,0,10000,1/2/2023,2023-02-01,2025-11-09 08:44:51.798891,data/lms_loan_daily.csv,2023-02-01
CUS_0xc5b2_2023_02_01,CUS_0xc5b2,1/2/2023,10,0,10000,0,0,0,10000,1/2/2023,2023-02-01,2025-11-09 08:44:51.798891,data/lms_loan_daily.csv,2023-02-01
CUS_0xc5cb_2023_01_01,CUS_0xc5cb,1/1/2023,10,1,10000,1000,1000,0,9000,1/2/2023,2023-02-01,2025-11-09 08:44:51.798891,data/lms_loan_daily.csv,2023-02-01
CUS_0xc5e8_2023_01_01,CUS_0xc5e8,1/1/2023,10,1,10000,1000,1000,0,9000,1/2/2023,2023-02-01,2025-11-09 08:44:51.798891,data/lms_loan_daily.csv,2023-02-01
CUS_0xc60e_2023_01_01,CUS_0xc60e,1/1/2023,10,1,10000,1000,1000,0,9000,1/2/2023,2023-02-01,2025-11-09 08:44:51.798891,data/lms_loan_daily.csv,2023-02-01
CUS_0xc622_2023_01_01,CUS_0xc622,1/1/2023,10,1,10000,1000,1000,0,9000,1/2/2023,2023-02-01,2025-11-09 08:44:51.798891,data/lms_loan_daily.csv,2023-02-01
CUS_0xc63b_2023_01_01,CUS_0xc63b,1/1/2023,10,1,10000,1000,1000,0,9000,1/2/2023,2023-02-01,2025-11-09 08:44:51.798891,data/lms_loan_daily.csv,2023-02-01
CUS_0xc686_2023_01_01,CUS_0xc686,1/1/2023,10,1,10000,1000,1000,0,9000,1/2/2023,2023-02-01,2025-11-09 08:44:51.798891,data/lms_loan_daily.csv,2023-02-01
CUS_0xc6e_2023_02_01,CUS_0xc6e,1/2/2023,10,0,10000,0,0,0,10000,1/2/2023,2023-02-01,2025-11-09 08:44:51.798891,data/lms_loan_daily.csv,2023-02-01
CUS_0xc70d_2023_02_01,CUS_0xc70d,1/2/2023,10,0,10000,0,0,0,10000,1/2/2023,2023-02-01,2025-11-09 08:44:51.798891,data/lms_loan_daily.csv,2023-02-01
CUS_0xc712_2023_01_01,CUS_0xc712,1/1/2023,10,1,10000,1000,1000,0,9000,1/2/2023,2023-02-01,2025-11-09 08:44:51.798891,data/lms_loan_daily.csv,2023-02-01
CUS_0xc716_2023_01_01,CUS_0xc716,1/1/2023,10,1,10000,1000,1000,0,9000,1/2/2023,2023-02-01,2025-11-09 08:44:51.798891,data/lms_loan_daily.csv,2023-02-01
CUS_0xc90_2023_02_01,CUS_0xc90,1/2/2023,10,0,10000,0,0,0,10000,1/2/2023,2023-02-01,2025-11-09 08:44:51.798891,data/lms_loan_daily.csv,2023-02-01
CUS_0xcf0_2023_01_01,CUS_0xcf0,1/1/2023,10,1,10000,1000,1000,0,9000,1/2/2023,2023-02-01,2025-11-09 08:44:51.798891,data/lms_loan_daily.csv,2023-02-01
CUS_0xcfc_2023_02_01,CUS_0xcfc,1/2/2023,10,0,10000,0,0,0,10000,1/2/2023,2023-02-01,2025-11-09 08:44:51.798891,data/lms_loan_daily.csv,2023-02-01
CUS_0xd20_2023_01_01,CUS_0xd20,1/1/2023,10,1,10000,1000,1000,0,9000,1/2/2023,2023-02-01,2025-11-09 08:44:51.798891,data/lms_loan_daily.csv,2023-02-01
CUS_0xd33_2023_02_01,CUS_0xd33,1/2/2023,10,0,10000,0,0,0,10000,1/2/2023,2023-02-01,2025-11-09 08:44:51.798891,data/lms_loan_daily.csv,2023-02-01
CUS_0xd6f_2023_01_01,CUS_0xd6f,1/1/2023,10,1,10000,1000,1000,0,9000,1/2/2023,2023-02-01,2025-11-09 08:44:51.798891,data/lms_loan_daily.csv,2023-02-01
CUS_0xd73_2023_01_01,CUS_0xd73,1/1/2023,10,1,10000,1000,1000,0,9000,1/2/2023,2023-02-01,2025-11-09 08:44:51.798891,data/lms_loan_daily.csv,2023-02-01
CUS_0xd7c_2023_02_01,CUS_0xd7c,1/2/2023,10,0,10000,0,0,0,10000,1/2/2023,2023-02-01,2025-11-09 08:44:51.798891,data/lms_loan_daily.csv,2023-02-01
CUS_0xdbf_2023_02_01,CUS_0xdbf,1/2/2023,10,0,10000,0,0,0,10000,1/2/2023,2023-02-01,2025-11-09 08:44:51.798891,data/lms_loan_daily.csv,2023-02-01
CUS_0xdd3_2023_01_01,CUS_0xdd3,1/1/2023,10,1,10000,1000,1000,0,9000,1/2/2023,2023-02-01,2025-11-09 08:44:51.798891,data/lms_loan_daily.csv,2023-02-01
CUS_0xdd8_2023_01_01,CUS_0xdd8,1/1/2023,10,1,10000,1000,1000,0,9000,1/2/2023,2023-02-01,2025-11-09 08:44:51.798891,data/lms_loan_daily.csv,2023-02-01
CUS_0xde2_2023_01_01,CUS_0xde2,1/1/2023,10,1,10000,1000,1000,0,9000,1/2/2023,2023-02-01,2025-11-09 08:44:51.798891,data/lms_loan_daily.csv,2023-02-01
CUS_0xdea_2023_02_01,CUS_0xdea,1/2/2023,10,0,10000,0,0,0,10000,1/2/2023,2023-02-01,2025-11-09 08:44:51.798891,data/lms_loan_daily.csv,2023-02-01
CUS_0xdfb_2023_01_01,CUS_0xdfb,1/1/2023,10,1,10000,1000,1000,0,9000,1/2/2023,2023-02-01,2025-11-09 08:44:51.798891,data/lms_loan_daily.csv,2023-02-01
CUS_0xe28_2023_01_01,CUS_0xe28,1/1/2023,10,1,10000,1000,1000,0,9000,1/2/2023,2023-02-01,2025-11-09 08:44:51.798891,data/lms_loan_daily.csv,2023-02-01
CUS_0xe64_2023_01_01,CUS_0xe64,1/1/2023,10,1,10000,1000,1000,0,9000,1/2/2023,2023-02-01,2025-11-09 08:44:51.798891,data/lms_loan_daily.csv,2023-02-01
CUS_0xe84_2023_01_01,CUS_0xe84,1/1/2023,10,1,10000,1000,1000,0,9000,1/2/2023,2023-02-01,2025-11-09 08:44:51.798891,data/lms_loan_daily.csv,2023-02-01
CUS_0xe98_2023_01_01,CUS_0xe98,1/1/2023,10,1,10000,1000,1000,0,9000,1/2/2023,2023-02-01,2025-11-09 08:44:51.798891,data/lms_loan_daily.csv,2023-02-01
CUS_0xea6_2023_01_01,CUS_0xea6,1/1/2023,10,1,10000,1000,1000,0,9000,1/2/2023,2023-02-01,2025-11-09 08:44:51.798891,data/lms_loan_daily.csv,2023-02-01
CUS_0xec8_2023_02_01,CUS_0xec8,1/2/2023,10,0,10000,0,0,0,10000,1/2/2023,2023-02-01,2025-11-09 08:44:51.798891,data/lms_loan_daily.csv,2023-02-01
CUS_0xed3_2023_01_01,CUS_0xed3,1/1/2023,10,1,10000,1000,1000,0,9000,1/2/2023,2023-02-01,2025-11-09 08:44:51.798891,data/lms_loan_daily.csv,2023-02-01
CUS_0xed8_2023_01_01,CUS_0xed8,1/1/2023,10,1,10000,1000,1000,0,9000,1/2/2023,2023-02-01,2025-11-09 08:44:51.798891,data/lms_loan_daily.csv,2023-02-01
CUS_0xfc9_2023_01_01,CUS_0xfc9,1/1/2023,10,1,10000,1000,1000,0,9000,1/2/2023,2023-02-01,2025-11-09 08:44:51.798891,data/lms_loan_daily.csv,2023-02-01
CUS_0xfcc_2023_02_01,CUS_0xfcc,1/2/2023,10,0,10000,0,0,0,10000,1/2/2023,2023-02-01,2025-11-09 08:44:51.798891,data/lms_loan_daily.csv,2023-02-01
