loan_id,Customer_ID,loan_start_date,tenure,installment_num,loan_amt,due_amt,paid_amt,overdue_amt,balance,snapshot_date,normalized_snapshot_date,bronze_ingestion_timestamp,bronze_source_file,bronze_processing_date
CUS_0x1000_2023_05_01,CUS_0x1000,1/5/2023,10,5,10000,1000,0,1000,6000,1/10/2023,2023-10-01,2025-11-09 06:51:02.752980,data/lms_loan_daily.csv,2023-10-01
CUS_0x1015_2023_08_01,CUS_0x1015,1/8/2023,10,2,10000,1000,1000,0,8000,1/10/2023,2023-10-01,2025-11-09 06:51:02.752980,data/lms_loan_daily.csv,2023-10-01
CUS_0x1026_2023_10_01,CUS_0x1026,1/10/2023,10,0,10000,0,0,0,10000,1/10/2023,2023-10-01,2025-11-09 06:51:02.752980,data/lms_loan_daily.csv,2023-10-01
CUS_0x1032_2023_08_01,CUS_0x1032,1/8/2023,10,2,10000,1000,1000,0,8000,1/10/2023,2023-10-01,2025-11-09 06:51:02.752980,data/lms_loan_daily.csv,2023-10-01
CUS_0x1037_2023_01_01,CUS_0x1037,1/1/2023,10,9,10000,1000,1000,0,1000,1/10/2023,2023-10-01,2025-11-09 06:51:02.752980,data/lms_loan_daily.csv,2023-10-01
CUS_0x1044_2023_06_01,CUS_0x1044,1/6/2023,10,4,10000,1000,1000,0,6000,1/10/2023,2023-10-01,2025-11-09 06:51:02.752980,data/lms_loan_daily.csv,2023-10-01
CUS_0x104e_2023_06_01,CUS_0x104e,1/6/2023,10,4,10000,1000,1000,0,6000,1/10/2023,2023-10-01,2025-11-09 06:51:02.752980,data/lms_loan_daily.csv,2023-10-01
CUS_0x1056_2023_04_01,CUS_0x1056,1/4/2023,10,6,10000,1000,0,3000,7000,1/10/2023,2023-10-01,2025-11-09 06:51:02.752980,data/lms_loan_daily.csv,2023-10-01
CUS_0x1057_2023_09_01,CUS_0x1057,1/9/2023,10,1,10000,1000,1000,0,9000,1/10/2023,2023-10-01,2025-11-09 06:51:02.752980,data/lms_loan_daily.csv,2023-10-01
CUS_0x105c_2023_06_01,CUS_0x105c,1/6/2023,10,4,10000,1000,1000,0,6000,1/10/2023,2023-10-01,2025-11-09 06:51:02.752980,data/lms_loan_daily.csv,2023-10-01
CUS_0x1069_2023_01_01,CUS_0x1069,1/1/2023,10,9,10000,1000,1000,0,1000,1/10/2023,2023-10-01,2025-11-09 06:51:02.752980,data/lms_loan_daily.csv,2023-10-01
CUS_0x106f_2023_08_01,CUS_0x106f,1/8/2023,10,2,10000,1000,1000,0,8000,1/10/2023,2023-10-01,2025-11-09 06:51:02.752980,data/lms_loan_daily.csv,2023-10-01
CUS_0x108a_2023_05_01,CUS_0x108a,1/5/2023,10,5,10000,1000,1000,0,5000,1/10/2023,2023-10-01,2025-11-09 06:51:02.752980,data/lms_loan_daily.csv,2023-10-01
CUS_0x109b_2023_10_01,CUS_0x109b,1/10/2023,10,0,10000,0,0,0,10000,1/10/2023,2023-10-01,2025-11-09 06:51:02.752980,data/lms_loan_daily.csv,2023-10-01
CUS_0x10aa_2023_02_01,CUS_0x10aa,1/2/2023,10,8,10000,1000,1000,0,2000,1/10/2023,2023-10-01,2025-11-09 06:51:02.752980,data/lms_loan_daily.csv,2023-10-01
CUS_0x10bb_2023_03_01,CUS_0x10bb,1/3/2023,10,7,10000,1000,1000,0,3000,1/10/2023,2023-10-01,2025-11-09 06:51:02.752980,data/lms_loan_daily.csv,2023-10-01
CUS_0x10eb_2023_03_01,CUS_0x10eb,1/3/2023,10,7,10000,1000,1000,0,3000,1/10/2023,2023-10-01,2025-11-09 06:51:02.752980,data/lms_loan_daily.csv,2023-10-01
CUS_0x10ee_2023_06_01,CUS_0x10ee,1/6/2023,10,4,10000,1000,0,1000,7000,1/10/2023,2023-10-01,2025-11-09 06:51:02.752980,data/lms_loan_daily.csv,2023-10-01
CUS_0x10f9_2023_05_01,CUS_0x10f9,1/5/2023,10,5,10000,1000,1000,0,5000,1/10/2023,2023-10-01,2025-11-09 06:51:02.752980,data/lms_loan_daily.csv,2023-10-01
CUS_0x10ff_2023_10_01,CUS_0x10ff,1/10/2023,10,0,10000,0,0,0,10000,1/10/2023,2023-10-01,2025-11-09 06:51:02.752980,data/lms_loan_daily.csv,2023-10-01
CUS_0x1100_2023_10_01,CUS_0x1100,1/10/2023,10,0,10000,0,0,0,10000,1/10/2023,2023-10-01,2025-11-09 06:51:02.752980,data/lms_loan_daily.csv,2023-10-01
CUS_0x1119_2023_05_01,CUS_0x1119,1/5/2023,10,5,10000,1000,0,4000,9000,1/10/2023,2023-10-01,2025-11-09 06:51:02.752980,data/lms_loan_daily.csv,2023-10-01
CUS_0x112f_2023_10_01,CUS_0x112f,1/10/2023,10,0,10000,0,0,0,10000,1/10/2023,2023-10-01,2025-11-09 06:51:02.752980,data/lms_loan_daily.csv,2023-10-01
CUS_0x1130_2023_07_01,CUS_0x1130,1/7/2023,10,3,10000,1000,1000,0,7000,1/10/2023,2023-10-01,2025-11-09 06:51:02.752980,data/lms_loan_daily.csv,2023-10-01
CUS_0x1132_2023_03_01,CUS_0x1132,1/3/2023,10,7,10000,1000,0,5000,8000,1/10/2023,2023-10-01,2025-11-09 06:51:02.752980,data/lms_loan_daily.csv,2023-10-01
CUS_0x1134_2023_10_01,CUS_0x1134,1/10/2023,10,0,10000,0,0,0,10000,1/10/2023,2023-10-01,2025-11-09 06:51:02.752980,data/lms_loan_daily.csv,2023-10-01
CUS_0x1135_2023_03_01,CUS_0x1135,1/3/2023,10,7,10000,1000,1000,0,3000,1/10/2023,2023-10-01,2025-11-09 06:51:02.752980,data/lms_loan_daily.csv,2023-10-01
CUS_0x1136_2023_06_01,CUS_0x1136,1/6/2023,10,4,10000,1000,0,3000,9000,1/10/2023,2023-10-01,2025-11-09 06:51:02.752980,data/lms_loan_daily.csv,2023-10-01
CUS_0x113e_2023_02_01,CUS_0x113e,1/2/2023,10,8,10000,1000,0,5000,7000,1/10/2023,2023-10-01,2025-11-09 06:51:02.752980,data/lms_loan_daily.csv,2023-10-01
CUS_0x1140_2023_02_01,CUS_0x1140,1/2/2023,10,8,10000,1000,1000,0,2000,1/10/2023,2023-10-01,2025-11-09 06:51:02.752980,data/lms_loan_daily.csv,2023-10-01
CUS_0x114a_2023_01_01,CUS_0x114a,1/1/2023,10,9,10000,1000,1000,0,1000,1/10/2023,2023-10-01,2025-11-09 06:51:02.752980,data/lms_loan_daily.csv,2023-10-01
CUS_0x1154_2023_06_01,CUS_0x1154,1/6/2023,10,4,10000,1000,1000,0,6000,1/10/2023,2023-10-01,2025-11-09 06:51:02.752980,data/lms_loan_daily.csv,2023-10-01
CUS_0x1155_2023_02_01,CUS_0x1155,1/2/2023,10,8,10000,1000,1000,0,2000,1/10/2023,2023-10-01,2025-11-09 06:51:02.752980,data/lms_loan_daily.csv,2023-10-01
CUS_0x1156_2023_06_01,CUS_0x1156,1/6/2023,10,4,10000,1000,1000,0,6000,1/10/2023,2023-10-01,2025-11-09 06:51:02.752980,data/lms_loan_daily.csv,2023-10-01
CUS_0x1168_2023_10_01,CUS_0x1168,1/10/2023,10,0,10000,0,0,0,10000,1/10/2023,2023-10-01,2025-11-09 06:51:02.752980,data/lms_loan_daily.csv,2023-10-01
CUS_0x1169_2023_09_01,CUS_0x1169,1/9/2023,10,1,10000,1000,1000,0,9000,1/10/2023,2023-10-01,2025-11-09 06:51:02.752980,data/lms_loan_daily.csv,2023-10-01
CUS_0x117d_2023_09_01,CUS_0x117d,1/9/2023,10,1,10000,1000,1000,0,9000,1/10/2023,2023-10-01,2025-11-09 06:51:02.752980,data/lms_loan_daily.csv,2023-10-01
CUS_0x1182_2023_09_01,CUS_0x1182,1/9/2023,10,1,10000,1000,1000,0,9000,1/10/2023,2023-10-01,2025-11-09 06:51:02.752980,data/lms_loan_daily.csv,2023-10-01
CUS_0x1184_2023_01_01,CUS_0x1184,1/1/2023,10,9,10000,1000,1000,0,1000,1/10/2023,2023-10-01,2025-11-09 06:51:02.752980,data/lms_loan_daily.csv,2023-10-01
CUS_0x1192_2023_05_01,CUS_0x1192,1/5/2023,10,5,10000,1000,1000,0,5000,1/10/2023,2023-10-01,2025-11-09 06:51:02.752980,data/lms_loan_daily.csv,2023-10-01
CUS_0x119e_2023_06_01,CUS_0x119e,1/6/2023,10,4,10000,1000,1000,0,6000,1/10/2023,2023-10-01,2025-11-09 06:51:02.752980,data/lms_loan_daily.csv,2023-10-01
CUS_0x11b1_2023_05_01,CUS_0x11b1,1/5/2023,10,5,10000,1000,1000,0,5000,1/10/2023,2023-10-01,2025-11-09 06:51:02.752980,data/lms_loan_daily.csv,2023-10-01
CUS_0x11c0_2023_08_01,CUS_0x11c0,1/8/2023,10,2,10000,1000,1000,0,8000,1/10/2023,2023-10-01,2025-11-09 06:51:02.752980,data/lms_loan_daily.csv,2023-10-01
CUS_0x11c6_2023_09_01,CUS_0x11c6,1/9/2023,10,1,10000,1000,1000,0,9000,1/10/2023,2023-10-01,2025-11-09 06:51:02.752980,data/lms_loan_daily.csv,2023-10-01
CUS_0x11c7_2023_03_01,CUS_0x11c7,1/3/2023,10,7,10000,1000,1000,0,3000,1/10/2023,2023-10-01,2025-11-09 06:51:02.752980,data/lms_loan_daily.csv,2023-10-01
CUS_0x11d1_2023_07_01,CUS_0x11d1,1/7/2023,10,3,10000,1000,1000,0,7000,1/10/2023,2023-10-01,2025-11-09 06:51:02.752980,data/lms_loan_daily.csv,2023-10-01
CUS_0x11eb_2023_07_01,CUS_0x11eb,1/7/2023,10,3,10000,1000,1000,0,7000,1/10/2023,2023-10-01,2025-11-09 06:51:02.752980,data/lms_loan_daily.csv,2023-10-01
CUS_0x11fc_2023_04_01,CUS_0x11fc,1/4/2023,10,6,10000,1000,1000,0,4000,1/10/2023,2023-10-01,2025-11-09 06:51:02.752980,data/lms_loan_daily.csv,2023-10-01
CUS_0x120c_2023_07_01,CUS_0x120c,1/7/2023,10,3,10000,1000,0,2000,9000,1/10/2023,2023-10-01,2025-11-09 06:51:02.752980,data/lms_loan_daily.csv,2023-10-01
CUS_0x1216_2023_04_01,CUS_0x1216,1/4/2023,10,6,10000,1000,0,4000,8000,1/10/2023,2023-10-01,2025-11-09 06:51:02.752980,data/lms_loan_daily.csv,2023-10-01
CUS_0x123a_2023_03_01,CUS_0x123a,1/3/2023,10,7,10000,1000,0,6000,9000,1/10/2023,2023-10-01,2025-11-09 06:51:02.752980,data/lms_loan_daily.csv,2023-10-01
CUS_0x1246_2023_09_01,CUS_0x1246,1/9/2023,10,1,10000,1000,1000,0,9000,1/10/2023,2023-10-01,2025-11-09 06:51:02.752980,data/lms_loan_daily.csv,2023-10-01
CUS_0x124a_2023_07_01,CUS_0x124a,1/7/2023,10,3,10000,1000,1000,0,7000,1/10/2023,2023-10-01,2025-11-09 06:51:02.752980,data/lms_loan_daily.csv,2023-10-01
CUS_0x1252_2023_02_01,CUS_0x1252,1/2/2023,10,8,10000,1000,1000,0,2000,1/10/2023,2023-10-01,2025-11-09 06:51:02.752980,data/lms_loan_daily.csv,2023-10-01
CUS_0x1255_2023_08_01,CUS_0x1255,1/8/2023,10,2,10000,1000,1000,0,8000,1/10/2023,2023-10-01,2025-11-09 06:51:02.752980,data/lms_loan_daily.csv,2023-10-01
CUS_0x1271_2023_03_01,CUS_0x1271,1/3/2023,10,7,10000,1000,1000,0,3000,1/10/2023,2023-10-01,2025-11-09 06:51:02.752980,data/lms_loan_daily.csv,2023-10-01
CUS_0x1285_2023_04_01,CUS_0x1285,1/4/2023,10,6,10000,1000,1000,0,4000,1/10/2023,2023-10-01,2025-11-09 06:51:02.752980,data/lms_loan_daily.csv,2023-10-01
CUS_0x128e_2023_06_01,CUS_0x128e,1/6/2023,10,4,10000,1000,1000,0,6000,1/10/2023,2023-10-01,2025-11-09 06:51:02.752980,data/lms_loan_daily.csv,2023-10-01
CUS_0x1297_2023_01_01,CUS_0x1297,1/1/2023,10,9,10000,1000,0,7000,8000,1/10/2023,2023-10-01,2025-11-09 06:51:02.752980,data/lms_loan_daily.csv,2023-10-01
CUS_0x129b_2023_02_01,CUS_0x129b,1/2/2023,10,8,10000,1000,1000,0,2000,1/10/2023,2023-10-01,2025-11-09 06:51:02.752980,data/lms_loan_daily.csv,2023-10-01
CUS_0x12a6_2023_02_01,CUS_0x12a6,1/2/2023,10,8,10000,1000,0,5000,7000,1/10/2023,2023-10-01,2025-11-09 06:51:02.752980,data/lms_loan_daily.csv,2023-10-01
CUS_0x12a7_2023_05_01,CUS_0x12a7,1/5/2023,10,5,10000,1000,1000,0,5000,1/10/2023,2023-10-01,2025-11-09 06:51:02.752980,data/lms_loan_daily.csv,2023-10-01
CUS_0x12a9_2023_05_01,CUS_0x12a9,1/5/2023,10,5,10000,1000,1000,0,5000,1/10/2023,2023-10-01,2025-11-09 06:51:02.752980,data/lms_loan_daily.csv,2023-10-01
CUS_0x12be_2023_04_01,CUS_0x12be,1/4/2023,10,6,10000,1000,1000,0,4000,1/10/2023,2023-10-01,2025-11-09 06:51:02.752980,data/lms_loan_daily.csv,2023-10-01
CUS_0x12bf_2023_09_01,CUS_0x12bf,1/9/2023,10,1,10000,1000,1000,0,9000,1/10/2023,2023-10-01,2025-11-09 06:51:02.752980,data/lms_loan_daily.csv,2023-10-01
CUS_0x12c1_2023_04_01,CUS_0x12c1,1/4/2023,10,6,10000,1000,0,4000,8000,1/10/2023,2023-10-01,2025-11-09 06:51:02.752980,data/lms_loan_daily.csv,2023-10-01
CUS_0x12ce_2023_07_01,CUS_0x12ce,1/7/2023,10,3,10000,1000,0,1000,8000,1/10/2023,2023-10-01,2025-11-09 06:51:02.752980,data/lms_loan_daily.csv,2023-10-01
CUS_0x12dd_2023_03_01,CUS_0x12dd,1/3/2023,10,7,10000,1000,1000,0,3000,1/10/2023,2023-10-01,2025-11-09 06:51:02.752980,data/lms_loan_daily.csv,2023-10-01
CUS_0x12e7_2023_10_01,CUS_0x12e7,1/10/2023,10,0,10000,0,0,0,10000,1/10/2023,2023-10-01,2025-11-09 06:51:02.752980,data/lms_loan_daily.csv,2023-10-01
CUS_0x12ea_2023_08_01,CUS_0x12ea,1/8/2023,10,2,10000,1000,1000,0,8000,1/10/2023,2023-10-01,2025-11-09 06:51:02.752980,data/lms_loan_daily.csv,2023-10-01
CUS_0x12ec_2023_09_01,CUS_0x12ec,1/9/2023,10,1,10000,1000,1000,0,9000,1/10/2023,2023-10-01,2025-11-09 06:51:02.752980,data/lms_loan_daily.csv,2023-10-01
CUS_0x12fb_2023_01_01,CUS_0x12fb,1/1/2023,10,9,10000,1000,1000,0,1000,1/10/2023,2023-10-01,2025-11-09 06:51:02.752980,data/lms_loan_daily.csv,2023-10-01
CUS_0x130b_2023_04_01,CUS_0x130b,1/4/2023,10,6,10000,1000,1000,0,4000,1/10/2023,2023-10-01,2025-11-09 06:51:02.752980,data/lms_loan_daily.csv,2023-10-01
CUS_0x1319_2023_06_01,CUS_0x1319,1/6/2023,10,4,10000,1000,1000,0,6000,1/10/2023,2023-10-01,2025-11-09 06:51:02.752980,data/lms_loan_daily.csv,2023-10-01
CUS_0x1324_2023_03_01,CUS_0x1324,1/3/2023,10,7,10000,1000,0,4000,7000,1/10/2023,2023-10-01,2025-11-09 06:51:02.752980,data/lms_loan_daily.csv,2023-10-01
CUS_0x1325_2023_01_01,CUS_0x1325,1/1/2023,10,9,10000,1000,1000,0,1000,1/10/2023,2023-10-01,2025-11-09 06:51:02.752980,data/lms_loan_daily.csv,2023-10-01
CUS_0x1326_2023_08_01,CUS_0x1326,1/8/2023,10,2,10000,1000,0,1000,9000,1/10/2023,2023-10-01,2025-11-09 06:51:02.752980,data/lms_loan_daily.csv,2023-10-01
CUS_0x1329_2023_06_01,CUS_0x1329,1/6/2023,10,4,10000,1000,1000,0,6000,1/10/2023,2023-10-01,2025-11-09 06:51:02.752980,data/lms_loan_daily.csv,2023-10-01
CUS_0x1330_2023_09_01,CUS_0x1330,1/9/2023,10,1,10000,1000,1000,0,9000,1/10/2023,2023-10-01,2025-11-09 06:51:02.752980,data/lms_loan_daily.csv,2023-10-01
CUS_0x1340_2023_05_01,CUS_0x1340,1/5/2023,10,5,10000,1000,1000,0,5000,1/10/2023,2023-10-01,2025-11-09 06:51:02.752980,data/lms_loan_daily.csv,2023-10-01
CUS_0x1341_2023_01_01,CUS_0x1341,1/1/2023,10,9,10000,1000,1000,0,1000,1/10/2023,2023-10-01,2025-11-09 06:51:02.752980,data/lms_loan_daily.csv,2023-10-01
CUS_0x135c_2023_02_01,CUS_0x135c,1/2/2023,10,8,10000,1000,1000,0,2000,1/10/2023,2023-10-01,2025-11-09 06:51:02.752980,data/lms_loan_daily.csv,2023-10-01
CUS_0x136b_2023_03_01,CUS_0x136b,1/3/2023,10,7,10000,1000,0,4000,7000,1/10/2023,2023-10-01,2025-11-09 06:51:02.752980,data/lms_loan_daily.csv,2023-10-01
CUS_0x136c_2023_08_01,CUS_0x136c,1/8/2023,10,2,10000,1000,0,1000,9000,1/10/2023,2023-10-01,2025-11-09 06:51:02.752980,data/lms_loan_daily.csv,2023-10-01
CUS_0x1375_2023_01_01,CUS_0x1375,1/1/2023,10,9,10000,1000,0,9000,10000,1/10/2023,2023-10-01,2025-11-09 06:51:02.752980,data/lms_loan_daily.csv,2023-10-01
CUS_0x138e_2023_10_01,CUS_0x138e,1/10/2023,10,0,10000,0,0,0,10000,1/10/2023,2023-10-01,2025-11-09 06:51:02.752980,data/lms_loan_daily.csv,2023-10-01
CUS_0x138f_2023_08_01,CUS_0x138f,1/8/2023,10,2,10000,1000,1000,0,8000,1/10/2023,2023-10-01,2025-11-09 06:51:02.752980,data/lms_loan_daily.csv,2023-10-01
CUS_0x13a8_2023_01_01,CUS_0x13a8,1/1/2023,10,9,10000,1000,1000,0,1000,1/10/2023,2023-10-01,2025-11-09 06:51:02.752980,data/lms_loan_daily.csv,2023-10-01
CUS_0x13b0_2023_07_01,CUS_0x13b0,1/7/2023,10,3,10000,1000,1000,0,7000,1/10/2023,2023-10-01,2025-11-09 06:51:02.752980,data/lms_loan_daily.csv,2023-10-01
CUS_0x13d1_2023_05_01,CUS_0x13d1,1/5/2023,10,5,10000,1000,0,3000,8000,1/10/2023,2023-10-01,2025-11-09 06:51:02.752980,data/lms_loan_daily.csv,2023-10-01
CUS_0x13d6_2023_07_01,CUS_0x13d6,1/7/2023,10,3,10000,1000,0,2000,9000,1/10/2023,2023-10-01,2025-11-09 06:51:02.752980,data/lms_loan_daily.csv,2023-10-01
CUS_0x13de_2023_07_01,CUS_0x13de,1/7/2023,10,3,10000,1000,1000,0,7000,1/10/2023,2023-10-01,2025-11-09 06:51:02.752980,data/lms_loan_daily.csv,2023-10-01
CUS_0x13df_2023_03_01,CUS_0x13df,1/3/2023,10,7,10000,1000,0,3000,6000,1/10/2023,2023-10-01,2025-11-09 06:51:02.752980,data/lms_loan_daily.csv,2023-10-01
CUS_0x13e7_2023_08_01,CUS_0x13e7,1/8/2023,10,2,10000,1000,1000,0,8000,1/10/2023,2023-10-01,2025-11-09 06:51:02.752980,data/lms_loan_daily.csv,2023-10-01
CUS_0x13eb_2023_05_01,CUS_0x13eb,1/5/2023,10,5,10000,1000,0,2000,7000,1/10/2023,2023-10-01,2025-11-09 06:51:02.752980,data/lms_loan_daily.csv,2023-10-01
CUS_0x13ec_2023_07_01,CUS_0x13ec,1/7/2023,10,3,10000,1000,1000,0,7000,1/10/2023,2023-10-01,2025-11-09 06:51:02.752980,data/lms_loan_daily.csv,2023-10-01
CUS_0x13ee_2023_03_01,CUS_0x13ee,1/3/2023,10,7,10000,1000,1000,0,3000,1/10/2023,2023-10-01,2025-11-09 06:51:02.752980,data/lms_loan_daily.csv,2023-10-01
CUS_0x13ef_2023_01_01,CUS_0x13ef,1/1/2023,10,9,10000,1000,1000,0,1000,1/10/2023,2023-10-01,2025-11-09 06:51:02.752980,data/lms_loan_daily.csv,2023-10-01
CUS_0x13f6_2023_07_01,CUS_0x13f6,1/7/2023,10,3,10000,1000,1000,0,7000,1/10/2023,2023-10-01,2025-11-09 06:51:02.752980,data/lms_loan_daily.csv,2023-10-01
CUS_0x141c_2023_09_01,CUS_0x141c,1/9/2023,10,1,10000,1000,1000,0,9000,1/10/2023,2023-10-01,2025-11-09 06:51:02.752980,data/lms_loan_daily.csv,2023-10-01
CUS_0x141d_2023_04_01,CUS_0x141d,1/4/2023,10,6,10000,1000,1000,0,4000,1/10/2023,2023-10-01,2025-11-09 06:51:02.752980,data/lms_loan_daily.csv,2023-10-01
CUS_0x142f_2023_06_01,CUS_0x142f,1/6/2023,10,4,10000,1000,0,2000,8000,1/10/2023,2023-10-01,2025-11-09 06:51:02.752980,data/lms_loan_daily.csv,2023-10-01
CUS_0x1430_2023_09_01,CUS_0x1430,1/9/2023,10,1,10000,1000,1000,0,9000,1/10/2023,2023-10-01,2025-11-09 06:51:02.752980,data/lms_loan_daily.csv,2023-10-01
CUS_0x1431_2023_04_01,CUS_0x1431,1/4/2023,10,6,10000,1000,0,2000,6000,1/10/2023,2023-10-01,2025-11-09 06:51:02.752980,data/lms_loan_daily.csv,2023-10-01
CUS_0x143a_2023_08_01,CUS_0x143a,1/8/2023,10,2,10000,1000,1000,0,8000,1/10/2023,2023-10-01,2025-11-09 06:51:02.752980,data/lms_loan_daily.csv,2023-10-01
CUS_0x1440_2023_01_01,CUS_0x1440,1/1/2023,10,9,10000,1000,1000,0,1000,1/10/2023,2023-10-01,2025-11-09 06:51:02.752980,data/lms_loan_daily.csv,2023-10-01
CUS_0x1443_2023_01_01,CUS_0x1443,1/1/2023,10,9,10000,1000,1000,0,1000,1/10/2023,2023-10-01,2025-11-09 06:51:02.752980,data/lms_loan_daily.csv,2023-10-01
CUS_0x1452_2023_02_01,CUS_0x1452,1/2/2023,10,8,10000,1000,0,6000,8000,1/10/2023,2023-10-01,2025-11-09 06:51:02.752980,data/lms_loan_daily.csv,2023-10-01
CUS_0x1453_2023_08_01,CUS_0x1453,1/8/2023,10,2,10000,1000,1000,0,8000,1/10/2023,2023-10-01,2025-11-09 06:51:02.752980,data/lms_loan_daily.csv,2023-10-01
CUS_0x145a_2023_01_01,CUS_0x145a,1/1/2023,10,9,10000,1000,1000,0,1000,1/10/2023,2023-10-01,2025-11-09 06:51:02.752980,data/lms_loan_daily.csv,2023-10-01
CUS_0x145c_2023_06_01,CUS_0x145c,1/6/2023,10,4,10000,1000,0,2000,8000,1/10/2023,2023-10-01,2025-11-09 06:51:02.752980,data/lms_loan_daily.csv,2023-10-01
CUS_0x1471_2023_08_01,CUS_0x1471,1/8/2023,10,2,10000,1000,1000,0,8000,1/10/2023,2023-10-01,2025-11-09 06:51:02.752980,data/lms_loan_daily.csv,2023-10-01
CUS_0x147c_2023_10_01,CUS_0x147c,1/10/2023,10,0,10000,0,0,0,10000,1/10/2023,2023-10-01,2025-11-09 06:51:02.752980,data/lms_loan_daily.csv,2023-10-01
CUS_0x148b_2023_04_01,CUS_0x148b,1/4/2023,10,6,10000,1000,1000,0,4000,1/10/2023,2023-10-01,2025-11-09 06:51:02.752980,data/lms_loan_daily.csv,2023-10-01
CUS_0x1492_2023_01_01,CUS_0x1492,1/1/2023,10,9,10000,1000,1000,0,1000,1/10/2023,2023-10-01,2025-11-09 06:51:02.752980,data/lms_loan_daily.csv,2023-10-01
CUS_0x1498_2023_10_01,CUS_0x1498,1/10/2023,10,0,10000,0,0,0,10000,1/10/2023,2023-10-01,2025-11-09 06:51:02.752980,data/lms_loan_daily.csv,2023-10-01
CUS_0x149e_2023_06_01,CUS_0x149e,1/6/2023,10,4,10000,1000,1000,0,6000,1/10/2023,2023-10-01,2025-11-09 06:51:02.752980,data/lms_loan_daily.csv,2023-10-01
CUS_0x14a3_2023_07_01,CUS_0x14a3,1/7/2023,10,3,10000,1000,1000,0,7000,1/10/2023,2023-10-01,2025-11-09 06:51:02.752980,data/lms_loan_daily.csv,2023-10-01
CUS_0x14b3_2023_07_01,CUS_0x14b3,1/7/2023,10,3,10000,1000,1000,0,7000,1/10/2023,2023-10-01,2025-11-09 06:51:02.752980,data/lms_loan_daily.csv,2023-10-01
CUS_0x14b4_2023_04_01,CUS_0x14b4,1/4/2023,10,6,10000,1000,1000,0,4000,1/10/2023,2023-10-01,2025-11-09 06:51:02.752980,data/lms_loan_daily.csv,2023-10-01
CUS_0x14b9_2023_07_01,CUS_0x14b9,1/7/2023,10,3,10000,1000,1000,0,7000,1/10/2023,2023-10-01,2025-11-09 06:51:02.752980,data/lms_loan_daily.csv,2023-10-01
CUS_0x14ba_2023_05_01,CUS_0x14ba,1/5/2023,10,5,10000,1000,0,2000,7000,1/10/2023,2023-10-01,2025-11-09 06:51:02.752980,data/lms_loan_daily.csv,2023-10-01
CUS_0x14ca_2023_06_01,CUS_0x14ca,1/6/2023,10,4,10000,1000,0,2000,8000,1/10/2023,2023-10-01,2025-11-09 06:51:02.752980,data/lms_loan_daily.csv,2023-10-01
CUS_0x14cf_2023_08_01,CUS_0x14cf,1/8/2023,10,2,10000,1000,1000,0,8000,1/10/2023,2023-10-01,2025-11-09 06:51:02.752980,data/lms_loan_daily.csv,2023-10-01
CUS_0x14d1_2023_09_01,CUS_0x14d1,1/9/2023,10,1,10000,1000,1000,0,9000,1/10/2023,2023-10-01,2025-11-09 06:51:02.752980,data/lms_loan_daily.csv,2023-10-01
CUS_0x14d5_2023_02_01,CUS_0x14d5,1/2/2023,10,8,10000,1000,1000,0,2000,1/10/2023,2023-10-01,2025-11-09 06:51:02.752980,data/lms_loan_daily.csv,2023-10-01
CUS_0x14d8_2023_03_01,CUS_0x14d8,1/3/2023,10,7,10000,1000,0,6000,9000,1/10/2023,2023-10-01,2025-11-09 06:51:02.752980,data/lms_loan_daily.csv,2023-10-01
CUS_0x14de_2023_09_01,CUS_0x14de,1/9/2023,10,1,10000,1000,1000,0,9000,1/10/2023,2023-10-01,2025-11-09 06:51:02.752980,data/lms_loan_daily.csv,2023-10-01
CUS_0x14e5_2023_09_01,CUS_0x14e5,1/9/2023,10,1,10000,1000,1000,0,9000,1/10/2023,2023-10-01,2025-11-09 06:51:02.752980,data/lms_loan_daily.csv,2023-10-01
CUS_0x14f5_2023_10_01,CUS_0x14f5,1/10/2023,10,0,10000,0,0,0,10000,1/10/2023,2023-10-01,2025-11-09 06:51:02.752980,data/lms_loan_daily.csv,2023-10-01
CUS_0x14ff_2023_04_01,CUS_0x14ff,1/4/2023,10,6,10000,1000,0,3000,7000,1/10/2023,2023-10-01,2025-11-09 06:51:02.752980,data/lms_loan_daily.csv,2023-10-01
CUS_0x150c_2023_07_01,CUS_0x150c,1/7/2023,10,3,10000,1000,1000,0,7000,1/10/2023,2023-10-01,2025-11-09 06:51:02.752980,data/lms_loan_daily.csv,2023-10-01
CUS_0x1521_2023_03_01,CUS_0x1521,1/3/2023,10,7,10000,1000,1000,0,3000,1/10/2023,2023-10-01,2025-11-09 06:51:02.752980,data/lms_loan_daily.csv,2023-10-01
CUS_0x1537_2023_04_01,CUS_0x1537,1/4/2023,10,6,10000,1000,0,4000,8000,1/10/2023,2023-10-01,2025-11-09 06:51:02.752980,data/lms_loan_daily.csv,2023-10-01
CUS_0x153d_2023_01_01,CUS_0x153d,1/1/2023,10,9,10000,1000,1000,0,1000,1/10/2023,2023-10-01,2025-11-09 06:51:02.752980,data/lms_loan_daily.csv,2023-10-01
CUS_0x1567_2023_01_01,CUS_0x1567,1/1/2023,10,9,10000,1000,1000,0,1000,1/10/2023,2023-10-01,2025-11-09 06:51:02.752980,data/lms_loan_daily.csv,2023-10-01
CUS_0x1577_2023_05_01,CUS_0x1577,1/5/2023,10,5,10000,1000,1000,0,5000,1/10/2023,2023-10-01,2025-11-09 06:51:02.752980,data/lms_loan_daily.csv,2023-10-01
CUS_0x157a_2023_06_01,CUS_0x157a,1/6/2023,10,4,10000,1000,1000,0,6000,1/10/2023,2023-10-01,2025-11-09 06:51:02.752980,data/lms_loan_daily.csv,2023-10-01
CUS_0x1585_2023_06_01,CUS_0x1585,1/6/2023,10,4,10000,1000,1000,0,6000,1/10/2023,2023-10-01,2025-11-09 06:51:02.752980,data/lms_loan_daily.csv,2023-10-01
CUS_0x15a4_2023_03_01,CUS_0x15a4,1/3/2023,10,7,10000,1000,1000,0,3000,1/10/2023,2023-10-01,2025-11-09 06:51:02.752980,data/lms_loan_daily.csv,2023-10-01
CUS_0x15ad_2023_01_01,CUS_0x15ad,1/1/2023,10,9,10000,1000,0,6000,7000,1/10/2023,2023-10-01,2025-11-09 06:51:02.752980,data/lms_loan_daily.csv,2023-10-01
CUS_0x15b7_2023_02_01,CUS_0x15b7,1/2/2023,10,8,10000,1000,0,5000,7000,1/10/2023,2023-10-01,2025-11-09 06:51:02.752980,data/lms_loan_daily.csv,2023-10-01
CUS_0x15b9_2023_03_01,CUS_0x15b9,1/3/2023,10,7,10000,1000,1000,0,3000,1/10/2023,2023-10-01,2025-11-09 06:51:02.752980,data/lms_loan_daily.csv,2023-10-01
CUS_0x15c4_2023_08_01,CUS_0x15c4,1/8/2023,10,2,10000,1000,1000,0,8000,1/10/2023,2023-10-01,2025-11-09 06:51:02.752980,data/lms_loan_daily.csv,2023-10-01
CUS_0x15e7_2023_07_01,CUS_0x15e7,1/7/2023,10,3,10000,1000,1000,0,7000,1/10/2023,2023-10-01,2025-11-09 06:51:02.752980,data/lms_loan_daily.csv,2023-10-01
CUS_0x15f2_2023_08_01,CUS_0x15f2,1/8/2023,10,2,10000,1000,0,1000,9000,1/10/2023,2023-10-01,2025-11-09 06:51:02.752980,data/lms_loan_daily.csv,2023-10-01
CUS_0x160a_2023_02_01,CUS_0x160a,1/2/2023,10,8,10000,1000,1000,0,2000,1/10/2023,2023-10-01,2025-11-09 06:51:02.752980,data/lms_loan_daily.csv,2023-10-01
CUS_0x1616_2023_05_01,CUS_0x1616,1/5/2023,10,5,10000,1000,1000,0,5000,1/10/2023,2023-10-01,2025-11-09 06:51:02.752980,data/lms_loan_daily.csv,2023-10-01
CUS_0x1619_2023_09_01,CUS_0x1619,1/9/2023,10,1,10000,1000,0,1000,10000,1/10/2023,2023-10-01,2025-11-09 06:51:02.752980,data/lms_loan_daily.csv,2023-10-01
CUS_0x1630_2023_01_01,CUS_0x1630,1/1/2023,10,9,10000,1000,0,8000,9000,1/10/2023,2023-10-01,2025-11-09 06:51:02.752980,data/lms_loan_daily.csv,2023-10-01
CUS_0x163c_2023_04_01,CUS_0x163c,1/4/2023,10,6,10000,1000,1000,0,4000,1/10/2023,2023-10-01,2025-11-09 06:51:02.752980,data/lms_loan_daily.csv,2023-10-01
CUS_0x1647_2023_07_01,CUS_0x1647,1/7/2023,10,3,10000,1000,1000,0,7000,1/10/2023,2023-10-01,2025-11-09 06:51:02.752980,data/lms_loan_daily.csv,2023-10-01
CUS_0x164a_2023_02_01,CUS_0x164a,1/2/2023,10,8,10000,1000,1000,0,2000,1/10/2023,2023-10-01,2025-11-09 06:51:02.752980,data/lms_loan_daily.csv,2023-10-01
CUS_0x165e_2023_07_01,CUS_0x165e,1/7/2023,10,3,10000,1000,1000,0,7000,1/10/2023,2023-10-01,2025-11-09 06:51:02.752980,data/lms_loan_daily.csv,2023-10-01
CUS_0x1661_2023_08_01,CUS_0x1661,1/8/2023,10,2,10000,1000,0,1000,9000,1/10/2023,2023-10-01,2025-11-09 06:51:02.752980,data/lms_loan_daily.csv,2023-10-01
CUS_0x1664_2023_06_01,CUS_0x1664,1/6/2023,10,4,10000,1000,1000,0,6000,1/10/2023,2023-10-01,2025-11-09 06:51:02.752980,data/lms_loan_daily.csv,2023-10-01
CUS_0x1666_2023_09_01,CUS_0x1666,1/9/2023,10,1,10000,1000,1000,0,9000,1/10/2023,2023-10-01,2025-11-09 06:51:02.752980,data/lms_loan_daily.csv,2023-10-01
CUS_0x166c_2023_06_01,CUS_0x166c,1/6/2023,10,4,10000,1000,2000,0,6000,1/10/2023,2023-10-01,2025-11-09 06:51:02.752980,data/lms_loan_daily.csv,2023-10-01
CUS_0x1676_2023_08_01,CUS_0x1676,1/8/2023,10,2,10000,1000,1000,0,8000,1/10/2023,2023-10-01,2025-11-09 06:51:02.752980,data/lms_loan_daily.csv,2023-10-01
CUS_0x168d_2023_05_01,CUS_0x168d,1/5/2023,10,5,10000,1000,1000,0,5000,1/10/2023,2023-10-01,2025-11-09 06:51:02.752980,data/lms_loan_daily.csv,2023-10-01
CUS_0x1690_2023_03_01,CUS_0x1690,1/3/2023,10,7,10000,1000,0,4000,7000,1/10/2023,2023-10-01,2025-11-09 06:51:02.752980,data/lms_loan_daily.csv,2023-10-01
CUS_0x1698_2023_06_01,CUS_0x1698,1/6/2023,10,4,10000,1000,1000,0,6000,1/10/2023,2023-10-01,2025-11-09 06:51:02.752980,data/lms_loan_daily.csv,2023-10-01
CUS_0x169c_2023_01_01,CUS_0x169c,1/1/2023,10,9,10000,1000,1000,0,1000,1/10/2023,2023-10-01,2025-11-09 06:51:02.752980,data/lms_loan_daily.csv,2023-10-01
CUS_0x169d_2023_01_01,CUS_0x169d,1/1/2023,10,9,10000,1000,1000,0,1000,1/10/2023,2023-10-01,2025-11-09 06:51:02.752980,data/lms_loan_daily.csv,2023-10-01
CUS_0x16a2_2023_06_01,CUS_0x16a2,1/6/2023,10,4,10000,1000,1000,0,6000,1/10/2023,2023-10-01,2025-11-09 06:51:02.752980,data/lms_loan_daily.csv,2023-10-01
CUS_0x16a4_2023_02_01,CUS_0x16a4,1/2/2023,10,8,10000,1000,0,5000,7000,1/10/2023,2023-10-01,2025-11-09 06:51:02.752980,data/lms_loan_daily.csv,2023-10-01
CUS_0x16a5_2023_10_01,CUS_0x16a5,1/10/2023,10,0,10000,0,0,0,10000,1/10/2023,2023-10-01,2025-11-09 06:51:02.752980,data/lms_loan_daily.csv,2023-10-01
CUS_0x16d0_2023_03_01,CUS_0x16d0,1/3/2023,10,7,10000,1000,1000,0,3000,1/10/2023,2023-10-01,2025-11-09 06:51:02.752980,data/lms_loan_daily.csv,2023-10-01
CUS_0x16d3_2023_10_01,CUS_0x16d3,1/10/2023,10,0,10000,0,0,0,10000,1/10/2023,2023-10-01,2025-11-09 06:51:02.752980,data/lms_loan_daily.csv,2023-10-01
CUS_0x16d9_2023_06_01,CUS_0x16d9,1/6/2023,10,4,10000,1000,1000,0,6000,1/10/2023,2023-10-01,2025-11-09 06:51:02.752980,data/lms_loan_daily.csv,2023-10-01
CUS_0x16f4_2023_01_01,CUS_0x16f4,1/1/2023,10,9,10000,1000,1000,0,1000,1/10/2023,2023-10-01,2025-11-09 06:51:02.752980,data/lms_loan_daily.csv,2023-10-01
CUS_0x16f8_2023_09_01,CUS_0x16f8,1/9/2023,10,1,10000,1000,1000,0,9000,1/10/2023,2023-10-01,2025-11-09 06:51:02.752980,data/lms_loan_daily.csv,2023-10-01
CUS_0x1709_2023_08_01,CUS_0x1709,1/8/2023,10,2,10000,1000,1000,0,8000,1/10/2023,2023-10-01,2025-11-09 06:51:02.752980,data/lms_loan_daily.csv,2023-10-01
CUS_0x1733_2023_01_01,CUS_0x1733,1/1/2023,10,9,10000,1000,0,7000,8000,1/10/2023,2023-10-01,2025-11-09 06:51:02.752980,data/lms_loan_daily.csv,2023-10-01
CUS_0x1735_2023_05_01,CUS_0x1735,1/5/2023,10,5,10000,1000,1000,0,5000,1/10/2023,2023-10-01,2025-11-09 06:51:02.752980,data/lms_loan_daily.csv,2023-10-01
CUS_0x1746_2023_04_01,CUS_0x1746,1/4/2023,10,6,10000,1000,0,5000,9000,1/10/2023,2023-10-01,2025-11-09 06:51:02.752980,data/lms_loan_daily.csv,2023-10-01
CUS_0x1748_2023_10_01,CUS_0x1748,1/10/2023,10,0,10000,0,0,0,10000,1/10/2023,2023-10-01,2025-11-09 06:51:02.752980,data/lms_loan_daily.csv,2023-10-01
CUS_0x1755_2023_04_01,CUS_0x1755,1/4/2023,10,6,10000,1000,1000,0,4000,1/10/2023,2023-10-01,2025-11-09 06:51:02.752980,data/lms_loan_daily.csv,2023-10-01
CUS_0x1766_2023_06_01,CUS_0x1766,1/6/2023,10,4,10000,1000,0,1000,7000,1/10/2023,2023-10-01,2025-11-09 06:51:02.752980,data/lms_loan_daily.csv,2023-10-01
CUS_0x1769_2023_03_01,CUS_0x1769,1/3/2023,10,7,10000,1000,1000,0,3000,1/10/2023,2023-10-01,2025-11-09 06:51:02.752980,data/lms_loan_daily.csv,2023-10-01
CUS_0x1773_2023_10_01,CUS_0x1773,1/10/2023,10,0,10000,0,0,0,10000,1/10/2023,2023-10-01,2025-11-09 06:51:02.752980,data/lms_loan_daily.csv,2023-10-01
CUS_0x1786_2023_05_01,CUS_0x1786,1/5/2023,10,5,10000,1000,1000,0,5000,1/10/2023,2023-10-01,2025-11-09 06:51:02.752980,data/lms_loan_daily.csv,2023-10-01
CUS_0x17a9_2023_05_01,CUS_0x17a9,1/5/2023,10,5,10000,1000,1000,0,5000,1/10/2023,2023-10-01,2025-11-09 06:51:02.752980,data/lms_loan_daily.csv,2023-10-01
CUS_0x17b0_2023_05_01,CUS_0x17b0,1/5/2023,10,5,10000,1000,1000,0,5000,1/10/2023,2023-10-01,2025-11-09 06:51:02.752980,data/lms_loan_daily.csv,2023-10-01
CUS_0x17bb_2023_02_01,CUS_0x17bb,1/2/2023,10,8,10000,1000,0,7000,9000,1/10/2023,2023-10-01,2025-11-09 06:51:02.752980,data/lms_loan_daily.csv,2023-10-01
CUS_0x17c3_2023_03_01,CUS_0x17c3,1/3/2023,10,7,10000,1000,0,5000,8000,1/10/2023,2023-10-01,2025-11-09 06:51:02.752980,data/lms_loan_daily.csv,2023-10-01
CUS_0x17c4_2023_05_01,CUS_0x17c4,1/5/2023,10,5,10000,1000,0,3000,8000,1/10/2023,2023-10-01,2025-11-09 06:51:02.752980,data/lms_loan_daily.csv,2023-10-01
CUS_0x17c5_2023_08_01,CUS_0x17c5,1/8/2023,10,2,10000,1000,1000,0,8000,1/10/2023,2023-10-01,2025-11-09 06:51:02.752980,data/lms_loan_daily.csv,2023-10-01
CUS_0x17c7_2023_01_01,CUS_0x17c7,1/1/2023,10,9,10000,1000,1000,0,1000,1/10/2023,2023-10-01,2025-11-09 06:51:02.752980,data/lms_loan_daily.csv,2023-10-01
CUS_0x17d1_2023_04_01,CUS_0x17d1,1/4/2023,10,6,10000,1000,1000,0,4000,1/10/2023,2023-10-01,2025-11-09 06:51:02.752980,data/lms_loan_daily.csv,2023-10-01
CUS_0x17e0_2023_06_01,CUS_0x17e0,1/6/2023,10,4,10000,1000,1000,0,6000,1/10/2023,2023-10-01,2025-11-09 06:51:02.752980,data/lms_loan_daily.csv,2023-10-01
CUS_0x17e8_2023_07_01,CUS_0x17e8,1/7/2023,10,3,10000,1000,1000,0,7000,1/10/2023,2023-10-01,2025-11-09 06:51:02.752980,data/lms_loan_daily.csv,2023-10-01
CUS_0x17ef_2023_06_01,CUS_0x17ef,1/6/2023,10,4,10000,1000,1000,0,6000,1/10/2023,2023-10-01,2025-11-09 06:51:02.752980,data/lms_loan_daily.csv,2023-10-01
CUS_0x17f0_2023_07_01,CUS_0x17f0,1/7/2023,10,3,10000,1000,1000,0,7000,1/10/2023,2023-10-01,2025-11-09 06:51:02.752980,data/lms_loan_daily.csv,2023-10-01
CUS_0x17fe_2023_06_01,CUS_0x17fe,1/6/2023,10,4,10000,1000,1000,0,6000,1/10/2023,2023-10-01,2025-11-09 06:51:02.752980,data/lms_loan_daily.csv,2023-10-01
CUS_0x180a_2023_09_01,CUS_0x180a,1/9/2023,10,1,10000,1000,1000,0,9000,1/10/2023,2023-10-01,2025-11-09 06:51:02.752980,data/lms_loan_daily.csv,2023-10-01
CUS_0x1810_2023_06_01,CUS_0x1810,1/6/2023,10,4,10000,1000,1000,0,6000,1/10/2023,2023-10-01,2025-11-09 06:51:02.752980,data/lms_loan_daily.csv,2023-10-01
CUS_0x181a_2023_08_01,CUS_0x181a,1/8/2023,10,2,10000,1000,1000,0,8000,1/10/2023,2023-10-01,2025-11-09 06:51:02.752980,data/lms_loan_daily.csv,2023-10-01
CUS_0x181e_2023_01_01,CUS_0x181e,1/1/2023,10,9,10000,1000,1000,0,1000,1/10/2023,2023-10-01,2025-11-09 06:51:02.752980,data/lms_loan_daily.csv,2023-10-01
CUS_0x181f_2023_01_01,CUS_0x181f,1/1/2023,10,9,10000,1000,0,5000,6000,1/10/2023,2023-10-01,2025-11-09 06:51:02.752980,data/lms_loan_daily.csv,2023-10-01
CUS_0x182b_2023_01_01,CUS_0x182b,1/1/2023,10,9,10000,1000,1000,0,1000,1/10/2023,2023-10-01,2025-11-09 06:51:02.752980,data/lms_loan_daily.csv,2023-10-01
CUS_0x182d_2023_07_01,CUS_0x182d,1/7/2023,10,3,10000,1000,1000,0,7000,1/10/2023,2023-10-01,2025-11-09 06:51:02.752980,data/lms_loan_daily.csv,2023-10-01
CUS_0x1844_2023_03_01,CUS_0x1844,1/3/2023,10,7,10000,1000,1000,0,3000,1/10/2023,2023-10-01,2025-11-09 06:51:02.752980,data/lms_loan_daily.csv,2023-10-01
CUS_0x1848_2023_08_01,CUS_0x1848,1/8/2023,10,2,10000,1000,1000,0,8000,1/10/2023,2023-10-01,2025-11-09 06:51:02.752980,data/lms_loan_daily.csv,2023-10-01
CUS_0x184c_2023_07_01,CUS_0x184c,1/7/2023,10,3,10000,1000,1000,0,7000,1/10/2023,2023-10-01,2025-11-09 06:51:02.752980,data/lms_loan_daily.csv,2023-10-01
CUS_0x1854_2023_05_01,CUS_0x1854,1/5/2023,10,5,10000,1000,1000,0,5000,1/10/2023,2023-10-01,2025-11-09 06:51:02.752980,data/lms_loan_daily.csv,2023-10-01
CUS_0x185e_2023_02_01,CUS_0x185e,1/2/2023,10,8,10000,1000,0,6000,8000,1/10/2023,2023-10-01,2025-11-09 06:51:02.752980,data/lms_loan_daily.csv,2023-10-01
CUS_0x1863_2023_07_01,CUS_0x1863,1/7/2023,10,3,10000,1000,1000,0,7000,1/10/2023,2023-10-01,2025-11-09 06:51:02.752980,data/lms_loan_daily.csv,2023-10-01
CUS_0x1864_2023_08_01,CUS_0x1864,1/8/2023,10,2,10000,1000,1000,0,8000,1/10/2023,2023-10-01,2025-11-09 06:51:02.752980,data/lms_loan_daily.csv,2023-10-01
CUS_0x1869_2023_08_01,CUS_0x1869,1/8/2023,10,2,10000,1000,1000,0,8000,1/10/2023,2023-10-01,2025-11-09 06:51:02.752980,data/lms_loan_daily.csv,2023-10-01
CUS_0x1881_2023_02_01,CUS_0x1881,1/2/2023,10,8,10000,1000,0,5000,7000,1/10/2023,2023-10-01,2025-11-09 06:51:02.752980,data/lms_loan_daily.csv,2023-10-01
CUS_0x188f_2023_10_01,CUS_0x188f,1/10/2023,10,0,10000,0,0,0,10000,1/10/2023,2023-10-01,2025-11-09 06:51:02.752980,data/lms_loan_daily.csv,2023-10-01
CUS_0x1894_2023_04_01,CUS_0x1894,1/4/2023,10,6,10000,1000,1000,0,4000,1/10/2023,2023-10-01,2025-11-09 06:51:02.752980,data/lms_loan_daily.csv,2023-10-01
CUS_0x1899_2023_02_01,CUS_0x1899,1/2/2023,10,8,10000,1000,0,6000,8000,1/10/2023,2023-10-01,2025-11-09 06:51:02.752980,data/lms_loan_daily.csv,2023-10-01
CUS_0x18a6_2023_03_01,CUS_0x18a6,1/3/2023,10,7,10000,1000,1000,0,3000,1/10/2023,2023-10-01,2025-11-09 06:51:02.752980,data/lms_loan_daily.csv,2023-10-01
CUS_0x18ac_2023_02_01,CUS_0x18ac,1/2/2023,10,8,10000,1000,0,5000,7000,1/10/2023,2023-10-01,2025-11-09 06:51:02.752980,data/lms_loan_daily.csv,2023-10-01
CUS_0x18af_2023_10_01,CUS_0x18af,1/10/2023,10,0,10000,0,0,0,10000,1/10/2023,2023-10-01,2025-11-09 06:51:02.752980,data/lms_loan_daily.csv,2023-10-01
CUS_0x18b9_2023_04_01,CUS_0x18b9,1/4/2023,10,6,10000,1000,0,5000,9000,1/10/2023,2023-10-01,2025-11-09 06:51:02.752980,data/lms_loan_daily.csv,2023-10-01
CUS_0x18c5_2023_06_01,CUS_0x18c5,1/6/2023,10,4,10000,1000,1000,0,6000,1/10/2023,2023-10-01,2025-11-09 06:51:02.752980,data/lms_loan_daily.csv,2023-10-01
CUS_0x18c6_2023_06_01,CUS_0x18c6,1/6/2023,10,4,10000,1000,1000,0,6000,1/10/2023,2023-10-01,2025-11-09 06:51:02.752980,data/lms_loan_daily.csv,2023-10-01
CUS_0x18c9_2023_01_01,CUS_0x18c9,1/1/2023,10,9,10000,1000,0,7000,8000,1/10/2023,2023-10-01,2025-11-09 06:51:02.752980,data/lms_loan_daily.csv,2023-10-01
CUS_0x18d4_2023_08_01,CUS_0x18d4,1/8/2023,10,2,10000,1000,1000,0,8000,1/10/2023,2023-10-01,2025-11-09 06:51:02.752980,data/lms_loan_daily.csv,2023-10-01
CUS_0x18d7_2023_02_01,CUS_0x18d7,1/2/2023,10,8,10000,1000,1000,0,2000,1/10/2023,2023-10-01,2025-11-09 06:51:02.752980,data/lms_loan_daily.csv,2023-10-01
CUS_0x18e2_2023_09_01,CUS_0x18e2,1/9/2023,10,1,10000,1000,1000,0,9000,1/10/2023,2023-10-01,2025-11-09 06:51:02.752980,data/lms_loan_daily.csv,2023-10-01
CUS_0x1902_2023_02_01,CUS_0x1902,1/2/2023,10,8,10000,1000,1000,0,2000,1/10/2023,2023-10-01,2025-11-09 06:51:02.752980,data/lms_loan_daily.csv,2023-10-01
CUS_0x190e_2023_01_01,CUS_0x190e,1/1/2023,10,9,10000,1000,1000,0,1000,1/10/2023,2023-10-01,2025-11-09 06:51:02.752980,data/lms_loan_daily.csv,2023-10-01
CUS_0x1911_2023_04_01,CUS_0x1911,1/4/2023,10,6,10000,1000,1000,0,4000,1/10/2023,2023-10-01,2025-11-09 06:51:02.752980,data/lms_loan_daily.csv,2023-10-01
CUS_0x1912_2023_10_01,CUS_0x1912,1/10/2023,10,0,10000,0,0,0,10000,1/10/2023,2023-10-01,2025-11-09 06:51:02.752980,data/lms_loan_daily.csv,2023-10-01
CUS_0x191b_2023_02_01,CUS_0x191b,1/2/2023,10,8,10000,1000,0,6000,8000,1/10/2023,2023-10-01,2025-11-09 06:51:02.752980,data/lms_loan_daily.csv,2023-10-01
CUS_0x191f_2023_10_01,CUS_0x191f,1/10/2023,10,0,10000,0,0,0,10000,1/10/2023,2023-10-01,2025-11-09 06:51:02.752980,data/lms_loan_daily.csv,2023-10-01
CUS_0x1920_2023_01_01,CUS_0x1920,1/1/2023,10,9,10000,1000,1000,0,1000,1/10/2023,2023-10-01,2025-11-09 06:51:02.752980,data/lms_loan_daily.csv,2023-10-01
CUS_0x1924_2023_04_01,CUS_0x1924,1/4/2023,10,6,10000,1000,1000,0,4000,1/10/2023,2023-10-01,2025-11-09 06:51:02.752980,data/lms_loan_daily.csv,2023-10-01
CUS_0x192d_2023_08_01,CUS_0x192d,1/8/2023,10,2,10000,1000,0,1000,9000,1/10/2023,2023-10-01,2025-11-09 06:51:02.752980,data/lms_loan_daily.csv,2023-10-01
CUS_0x192f_2023_04_01,CUS_0x192f,1/4/2023,10,6,10000,1000,0,4000,8000,1/10/2023,2023-10-01,2025-11-09 06:51:02.752980,data/lms_loan_daily.csv,2023-10-01
CUS_0x1930_2023_08_01,CUS_0x1930,1/8/2023,10,2,10000,1000,1000,0,8000,1/10/2023,2023-10-01,2025-11-09 06:51:02.752980,data/lms_loan_daily.csv,2023-10-01
CUS_0x1934_2023_02_01,CUS_0x1934,1/2/2023,10,8,10000,1000,0,5000,7000,1/10/2023,2023-10-01,2025-11-09 06:51:02.752980,data/lms_loan_daily.csv,2023-10-01
CUS_0x1938_2023_09_01,CUS_0x1938,1/9/2023,10,1,10000,1000,1000,0,9000,1/10/2023,2023-10-01,2025-11-09 06:51:02.752980,data/lms_loan_daily.csv,2023-10-01
CUS_0x193b_2023_07_01,CUS_0x193b,1/7/2023,10,3,10000,1000,1000,0,7000,1/10/2023,2023-10-01,2025-11-09 06:51:02.752980,data/lms_loan_daily.csv,2023-10-01
CUS_0x193e_2023_10_01,CUS_0x193e,1/10/2023,10,0,10000,0,0,0,10000,1/10/2023,2023-10-01,2025-11-09 06:51:02.752980,data/lms_loan_daily.csv,2023-10-01
CUS_0x1941_2023_08_01,CUS_0x1941,1/8/2023,10,2,10000,1000,1000,0,8000,1/10/2023,2023-10-01,2025-11-09 06:51:02.752980,data/lms_loan_daily.csv,2023-10-01
CUS_0x1960_2023_01_01,CUS_0x1960,1/1/2023,10,9,10000,1000,1000,0,1000,1/10/2023,2023-10-01,2025-11-09 06:51:02.752980,data/lms_loan_daily.csv,2023-10-01
CUS_0x1962_2023_05_01,CUS_0x1962,1/5/2023,10,5,10000,1000,1000,0,5000,1/10/2023,2023-10-01,2025-11-09 06:51:02.752980,data/lms_loan_daily.csv,2023-10-01
CUS_0x1972_2023_06_01,CUS_0x1972,1/6/2023,10,4,10000,1000,1000,0,6000,1/10/2023,2023-10-01,2025-11-09 06:51:02.752980,data/lms_loan_daily.csv,2023-10-01
CUS_0x1979_2023_10_01,CUS_0x1979,1/10/2023,10,0,10000,0,0,0,10000,1/10/2023,2023-10-01,2025-11-09 06:51:02.752980,data/lms_loan_daily.csv,2023-10-01
CUS_0x197f_2023_04_01,CUS_0x197f,1/4/2023,10,6,10000,1000,1000,0,4000,1/10/2023,2023-10-01,2025-11-09 06:51:02.752980,data/lms_loan_daily.csv,2023-10-01
CUS_0x1986_2023_07_01,CUS_0x1986,1/7/2023,10,3,10000,1000,1000,0,7000,1/10/2023,2023-10-01,2025-11-09 06:51:02.752980,data/lms_loan_daily.csv,2023-10-01
CUS_0x1993_2023_02_01,CUS_0x1993,1/2/2023,10,8,10000,1000,1000,0,2000,1/10/2023,2023-10-01,2025-11-09 06:51:02.752980,data/lms_loan_daily.csv,2023-10-01
CUS_0x199a_2023_06_01,CUS_0x199a,1/6/2023,10,4,10000,1000,1000,0,6000,1/10/2023,2023-10-01,2025-11-09 06:51:02.752980,data/lms_loan_daily.csv,2023-10-01
CUS_0x19a8_2023_02_01,CUS_0x19a8,1/2/2023,10,8,10000,1000,1000,0,2000,1/10/2023,2023-10-01,2025-11-09 06:51:02.752980,data/lms_loan_daily.csv,2023-10-01
CUS_0x19ad_2023_01_01,CUS_0x19ad,1/1/2023,10,9,10000,1000,1000,0,1000,1/10/2023,2023-10-01,2025-11-09 06:51:02.752980,data/lms_loan_daily.csv,2023-10-01
CUS_0x19d1_2023_01_01,CUS_0x19d1,1/1/2023,10,9,10000,1000,0,7000,8000,1/10/2023,2023-10-01,2025-11-09 06:51:02.752980,data/lms_loan_daily.csv,2023-10-01
CUS_0x19d4_2023_10_01,CUS_0x19d4,1/10/2023,10,0,10000,0,0,0,10000,1/10/2023,2023-10-01,2025-11-09 06:51:02.752980,data/lms_loan_daily.csv,2023-10-01
CUS_0x19e1_2023_01_01,CUS_0x19e1,1/1/2023,10,9,10000,1000,1000,0,1000,1/10/2023,2023-10-01,2025-11-09 06:51:02.752980,data/lms_loan_daily.csv,2023-10-01
CUS_0x1a16_2023_07_01,CUS_0x1a16,1/7/2023,10,3,10000,1000,1000,0,7000,1/10/2023,2023-10-01,2025-11-09 06:51:02.752980,data/lms_loan_daily.csv,2023-10-01
CUS_0x1a18_2023_02_01,CUS_0x1a18,1/2/2023,10,8,10000,1000,1000,0,2000,1/10/2023,2023-10-01,2025-11-09 06:51:02.752980,data/lms_loan_daily.csv,2023-10-01
CUS_0x1a2a_2023_06_01,CUS_0x1a2a,1/6/2023,10,4,10000,1000,1000,0,6000,1/10/2023,2023-10-01,2025-11-09 06:51:02.752980,data/lms_loan_daily.csv,2023-10-01
CUS_0x1a2f_2023_06_01,CUS_0x1a2f,1/6/2023,10,4,10000,1000,1000,0,6000,1/10/2023,2023-10-01,2025-11-09 06:51:02.752980,data/lms_loan_daily.csv,2023-10-01
CUS_0x1a33_2023_03_01,CUS_0x1a33,1/3/2023,10,7,10000,1000,0,3000,6000,1/10/2023,2023-10-01,2025-11-09 06:51:02.752980,data/lms_loan_daily.csv,2023-10-01
CUS_0x1a3a_2023_03_01,CUS_0x1a3a,1/3/2023,10,7,10000,1000,1000,0,3000,1/10/2023,2023-10-01,2025-11-09 06:51:02.752980,data/lms_loan_daily.csv,2023-10-01
CUS_0x1a44_2023_07_01,CUS_0x1a44,1/7/2023,10,3,10000,1000,1000,0,7000,1/10/2023,2023-10-01,2025-11-09 06:51:02.752980,data/lms_loan_daily.csv,2023-10-01
CUS_0x1a4a_2023_06_01,CUS_0x1a4a,1/6/2023,10,4,10000,1000,1000,0,6000,1/10/2023,2023-10-01,2025-11-09 06:51:02.752980,data/lms_loan_daily.csv,2023-10-01
CUS_0x1a77_2023_03_01,CUS_0x1a77,1/3/2023,10,7,10000,1000,1000,0,3000,1/10/2023,2023-10-01,2025-11-09 06:51:02.752980,data/lms_loan_daily.csv,2023-10-01
CUS_0x1a87_2023_05_01,CUS_0x1a87,1/5/2023,10,5,10000,1000,1000,0,5000,1/10/2023,2023-10-01,2025-11-09 06:51:02.752980,data/lms_loan_daily.csv,2023-10-01
CUS_0x1a8d_2023_04_01,CUS_0x1a8d,1/4/2023,10,6,10000,1000,1000,0,4000,1/10/2023,2023-10-01,2025-11-09 06:51:02.752980,data/lms_loan_daily.csv,2023-10-01
CUS_0x1a9c_2023_01_01,CUS_0x1a9c,1/1/2023,10,9,10000,1000,1000,0,1000,1/10/2023,2023-10-01,2025-11-09 06:51:02.752980,data/lms_loan_daily.csv,2023-10-01
CUS_0x1aa0_2023_03_01,CUS_0x1aa0,1/3/2023,10,7,10000,1000,1000,0,3000,1/10/2023,2023-10-01,2025-11-09 06:51:02.752980,data/lms_loan_daily.csv,2023-10-01
CUS_0x1aa4_2023_06_01,CUS_0x1aa4,1/6/2023,10,4,10000,1000,1000,0,6000,1/10/2023,2023-10-01,2025-11-09 06:51:02.752980,data/lms_loan_daily.csv,2023-10-01
CUS_0x1aaf_2023_10_01,CUS_0x1aaf,1/10/2023,10,0,10000,0,0,0,10000,1/10/2023,2023-10-01,2025-11-09 06:51:02.752980,data/lms_loan_daily.csv,2023-10-01
CUS_0x1ab3_2023_01_01,CUS_0x1ab3,1/1/2023,10,9,10000,1000,1000,0,1000,1/10/2023,2023-10-01,2025-11-09 06:51:02.752980,data/lms_loan_daily.csv,2023-10-01
CUS_0x1ab9_2023_08_01,CUS_0x1ab9,1/8/2023,10,2,10000,1000,1000,0,8000,1/10/2023,2023-10-01,2025-11-09 06:51:02.752980,data/lms_loan_daily.csv,2023-10-01
CUS_0x1abb_2023_10_01,CUS_0x1abb,1/10/2023,10,0,10000,0,0,0,10000,1/10/2023,2023-10-01,2025-11-09 06:51:02.752980,data/lms_loan_daily.csv,2023-10-01
CUS_0x1abc_2023_09_01,CUS_0x1abc,1/9/2023,10,1,10000,1000,1000,0,9000,1/10/2023,2023-10-01,2025-11-09 06:51:02.752980,data/lms_loan_daily.csv,2023-10-01
CUS_0x1add_2023_03_01,CUS_0x1add,1/3/2023,10,7,10000,1000,1000,0,3000,1/10/2023,2023-10-01,2025-11-09 06:51:02.752980,data/lms_loan_daily.csv,2023-10-01
CUS_0x1aeb_2023_07_01,CUS_0x1aeb,1/7/2023,10,3,10000,1000,1000,0,7000,1/10/2023,2023-10-01,2025-11-09 06:51:02.752980,data/lms_loan_daily.csv,2023-10-01
CUS_0x1aee_2023_06_01,CUS_0x1aee,1/6/2023,10,4,10000,1000,1000,0,6000,1/10/2023,2023-10-01,2025-11-09 06:51:02.752980,data/lms_loan_daily.csv,2023-10-01
CUS_0x1b00_2023_10_01,CUS_0x1b00,1/10/2023,10,0,10000,0,0,0,10000,1/10/2023,2023-10-01,2025-11-09 06:51:02.752980,data/lms_loan_daily.csv,2023-10-01
CUS_0x1b07_2023_05_01,CUS_0x1b07,1/5/2023,10,5,10000,1000,1000,0,5000,1/10/2023,2023-10-01,2025-11-09 06:51:02.752980,data/lms_loan_daily.csv,2023-10-01
CUS_0x1b0c_2023_05_01,CUS_0x1b0c,1/5/2023,10,5,10000,1000,0,4000,9000,1/10/2023,2023-10-01,2025-11-09 06:51:02.752980,data/lms_loan_daily.csv,2023-10-01
CUS_0x1b0f_2023_04_01,CUS_0x1b0f,1/4/2023,10,6,10000,1000,0,4000,8000,1/10/2023,2023-10-01,2025-11-09 06:51:02.752980,data/lms_loan_daily.csv,2023-10-01
CUS_0x1b42_2023_01_01,CUS_0x1b42,1/1/2023,10,9,10000,1000,1000,0,1000,1/10/2023,2023-10-01,2025-11-09 06:51:02.752980,data/lms_loan_daily.csv,2023-10-01
CUS_0x1b4d_2023_08_01,CUS_0x1b4d,1/8/2023,10,2,10000,1000,1000,0,8000,1/10/2023,2023-10-01,2025-11-09 06:51:02.752980,data/lms_loan_daily.csv,2023-10-01
CUS_0x1b56_2023_04_01,CUS_0x1b56,1/4/2023,10,6,10000,1000,0,3000,7000,1/10/2023,2023-10-01,2025-11-09 06:51:02.752980,data/lms_loan_daily.csv,2023-10-01
CUS_0x1b59_2023_04_01,CUS_0x1b59,1/4/2023,10,6,10000,1000,1000,0,4000,1/10/2023,2023-10-01,2025-11-09 06:51:02.752980,data/lms_loan_daily.csv,2023-10-01
CUS_0x1b66_2023_01_01,CUS_0x1b66,1/1/2023,10,9,10000,1000,1000,0,1000,1/10/2023,2023-10-01,2025-11-09 06:51:02.752980,data/lms_loan_daily.csv,2023-10-01
CUS_0x1b6d_2023_10_01,CUS_0x1b6d,1/10/2023,10,0,10000,0,0,0,10000,1/10/2023,2023-10-01,2025-11-09 06:51:02.752980,data/lms_loan_daily.csv,2023-10-01
CUS_0x1b71_2023_07_01,CUS_0x1b71,1/7/2023,10,3,10000,1000,1000,0,7000,1/10/2023,2023-10-01,2025-11-09 06:51:02.752980,data/lms_loan_daily.csv,2023-10-01
CUS_0x1b99_2023_10_01,CUS_0x1b99,1/10/2023,10,0,10000,0,0,0,10000,1/10/2023,2023-10-01,2025-11-09 06:51:02.752980,data/lms_loan_daily.csv,2023-10-01
CUS_0x1b9a_2023_02_01,CUS_0x1b9a,1/2/2023,10,8,10000,1000,1000,0,2000,1/10/2023,2023-10-01,2025-11-09 06:51:02.752980,data/lms_loan_daily.csv,2023-10-01
CUS_0x1ba9_2023_03_01,CUS_0x1ba9,1/3/2023,10,7,10000,1000,0,3000,6000,1/10/2023,2023-10-01,2025-11-09 06:51:02.752980,data/lms_loan_daily.csv,2023-10-01
CUS_0x1baf_2023_10_01,CUS_0x1baf,1/10/2023,10,0,10000,0,0,0,10000,1/10/2023,2023-10-01,2025-11-09 06:51:02.752980,data/lms_loan_daily.csv,2023-10-01
CUS_0x1bbb_2023_06_01,CUS_0x1bbb,1/6/2023,10,4,10000,1000,1000,0,6000,1/10/2023,2023-10-01,2025-11-09 06:51:02.752980,data/lms_loan_daily.csv,2023-10-01
CUS_0x1bc0_2023_08_01,CUS_0x1bc0,1/8/2023,10,2,10000,1000,1000,0,8000,1/10/2023,2023-10-01,2025-11-09 06:51:02.752980,data/lms_loan_daily.csv,2023-10-01
CUS_0x1bc4_2023_01_01,CUS_0x1bc4,1/1/2023,10,9,10000,1000,1000,0,1000,1/10/2023,2023-10-01,2025-11-09 06:51:02.752980,data/lms_loan_daily.csv,2023-10-01
CUS_0x1bdf_2023_08_01,CUS_0x1bdf,1/8/2023,10,2,10000,1000,1000,0,8000,1/10/2023,2023-10-01,2025-11-09 06:51:02.752980,data/lms_loan_daily.csv,2023-10-01
CUS_0x1be0_2023_10_01,CUS_0x1be0,1/10/2023,10,0,10000,0,0,0,10000,1/10/2023,2023-10-01,2025-11-09 06:51:02.752980,data/lms_loan_daily.csv,2023-10-01
CUS_0x1be2_2023_09_01,CUS_0x1be2,1/9/2023,10,1,10000,1000,1000,0,9000,1/10/2023,2023-10-01,2025-11-09 06:51:02.752980,data/lms_loan_daily.csv,2023-10-01
CUS_0x1be4_2023_04_01,CUS_0x1be4,1/4/2023,10,6,10000,1000,1000,0,4000,1/10/2023,2023-10-01,2025-11-09 06:51:02.752980,data/lms_loan_daily.csv,2023-10-01
CUS_0x1bf1_2023_05_01,CUS_0x1bf1,1/5/2023,10,5,10000,1000,1000,0,5000,1/10/2023,2023-10-01,2025-11-09 06:51:02.752980,data/lms_loan_daily.csv,2023-10-01
CUS_0x1c09_2023_01_01,CUS_0x1c09,1/1/2023,10,9,10000,1000,1000,0,1000,1/10/2023,2023-10-01,2025-11-09 06:51:02.752980,data/lms_loan_daily.csv,2023-10-01
CUS_0x1c1a_2023_06_01,CUS_0x1c1a,1/6/2023,10,4,10000,1000,1000,0,6000,1/10/2023,2023-10-01,2025-11-09 06:51:02.752980,data/lms_loan_daily.csv,2023-10-01
CUS_0x1c1c_2023_10_01,CUS_0x1c1c,1/10/2023,10,0,10000,0,0,0,10000,1/10/2023,2023-10-01,2025-11-09 06:51:02.752980,data/lms_loan_daily.csv,2023-10-01
CUS_0x1c2f_2023_03_01,CUS_0x1c2f,1/3/2023,10,7,10000,1000,1000,0,3000,1/10/2023,2023-10-01,2025-11-09 06:51:02.752980,data/lms_loan_daily.csv,2023-10-01
CUS_0x1c39_2023_01_01,CUS_0x1c39,1/1/2023,10,9,10000,1000,1000,0,1000,1/10/2023,2023-10-01,2025-11-09 06:51:02.752980,data/lms_loan_daily.csv,2023-10-01
CUS_0x1c47_2023_02_01,CUS_0x1c47,1/2/2023,10,8,10000,1000,1000,0,2000,1/10/2023,2023-10-01,2025-11-09 06:51:02.752980,data/lms_loan_daily.csv,2023-10-01
CUS_0x1c57_2023_05_01,CUS_0x1c57,1/5/2023,10,5,10000,1000,1000,0,5000,1/10/2023,2023-10-01,2025-11-09 06:51:02.752980,data/lms_loan_daily.csv,2023-10-01
CUS_0x1c5d_2023_04_01,CUS_0x1c5d,1/4/2023,10,6,10000,1000,1000,0,4000,1/10/2023,2023-10-01,2025-11-09 06:51:02.752980,data/lms_loan_daily.csv,2023-10-01
CUS_0x1c61_2023_02_01,CUS_0x1c61,1/2/2023,10,8,10000,1000,1000,0,2000,1/10/2023,2023-10-01,2025-11-09 06:51:02.752980,data/lms_loan_daily.csv,2023-10-01
CUS_0x1c70_2023_09_01,CUS_0x1c70,1/9/2023,10,1,10000,1000,1000,0,9000,1/10/2023,2023-10-01,2025-11-09 06:51:02.752980,data/lms_loan_daily.csv,2023-10-01
CUS_0x1c76_2023_03_01,CUS_0x1c76,1/3/2023,10,7,10000,1000,1000,0,3000,1/10/2023,2023-10-01,2025-11-09 06:51:02.752980,data/lms_loan_daily.csv,2023-10-01
CUS_0x1c78_2023_03_01,CUS_0x1c78,1/3/2023,10,7,10000,1000,0,3000,6000,1/10/2023,2023-10-01,2025-11-09 06:51:02.752980,data/lms_loan_daily.csv,2023-10-01
CUS_0x1c79_2023_07_01,CUS_0x1c79,1/7/2023,10,3,10000,1000,0,1000,8000,1/10/2023,2023-10-01,2025-11-09 06:51:02.752980,data/lms_loan_daily.csv,2023-10-01
CUS_0x1c7d_2023_10_01,CUS_0x1c7d,1/10/2023,10,0,10000,0,0,0,10000,1/10/2023,2023-10-01,2025-11-09 06:51:02.752980,data/lms_loan_daily.csv,2023-10-01
CUS_0x1c83_2023_08_01,CUS_0x1c83,1/8/2023,10,2,10000,1000,1000,0,8000,1/10/2023,2023-10-01,2025-11-09 06:51:02.752980,data/lms_loan_daily.csv,2023-10-01
CUS_0x1c89_2023_09_01,CUS_0x1c89,1/9/2023,10,1,10000,1000,1000,0,9000,1/10/2023,2023-10-01,2025-11-09 06:51:02.752980,data/lms_loan_daily.csv,2023-10-01
CUS_0x1c99_2023_06_01,CUS_0x1c99,1/6/2023,10,4,10000,1000,0,1000,7000,1/10/2023,2023-10-01,2025-11-09 06:51:02.752980,data/lms_loan_daily.csv,2023-10-01
CUS_0x1c9c_2023_01_01,CUS_0x1c9c,1/1/2023,10,9,10000,1000,0,8000,9000,1/10/2023,2023-10-01,2025-11-09 06:51:02.752980,data/lms_loan_daily.csv,2023-10-01
CUS_0x1ca9_2023_06_01,CUS_0x1ca9,1/6/2023,10,4,10000,1000,1000,0,6000,1/10/2023,2023-10-01,2025-11-09 06:51:02.752980,data/lms_loan_daily.csv,2023-10-01
CUS_0x1cb0_2023_03_01,CUS_0x1cb0,1/3/2023,10,7,10000,1000,1000,0,3000,1/10/2023,2023-10-01,2025-11-09 06:51:02.752980,data/lms_loan_daily.csv,2023-10-01
CUS_0x1cc0_2023_04_01,CUS_0x1cc0,1/4/2023,10,6,10000,1000,1000,0,4000,1/10/2023,2023-10-01,2025-11-09 06:51:02.752980,data/lms_loan_daily.csv,2023-10-01
CUS_0x1ccf_2023_09_01,CUS_0x1ccf,1/9/2023,10,1,10000,1000,1000,0,9000,1/10/2023,2023-10-01,2025-11-09 06:51:02.752980,data/lms_loan_daily.csv,2023-10-01
CUS_0x1cd1_2023_04_01,CUS_0x1cd1,1/4/2023,10,6,10000,1000,0,3000,7000,1/10/2023,2023-10-01,2025-11-09 06:51:02.752980,data/lms_loan_daily.csv,2023-10-01
CUS_0x1cdb_2023_06_01,CUS_0x1cdb,1/6/2023,10,4,10000,1000,1000,0,6000,1/10/2023,2023-10-01,2025-11-09 06:51:02.752980,data/lms_loan_daily.csv,2023-10-01
CUS_0x1cf3_2023_05_01,CUS_0x1cf3,1/5/2023,10,5,10000,1000,1000,0,5000,1/10/2023,2023-10-01,2025-11-09 06:51:02.752980,data/lms_loan_daily.csv,2023-10-01
CUS_0x1d08_2023_03_01,CUS_0x1d08,1/3/2023,10,7,10000,1000,1000,0,3000,1/10/2023,2023-10-01,2025-11-09 06:51:02.752980,data/lms_loan_daily.csv,2023-10-01
CUS_0x1d18_2023_03_01,CUS_0x1d18,1/3/2023,10,7,10000,1000,1000,0,3000,1/10/2023,2023-10-01,2025-11-09 06:51:02.752980,data/lms_loan_daily.csv,2023-10-01
CUS_0x1d1c_2023_08_01,CUS_0x1d1c,1/8/2023,10,2,10000,1000,1000,0,8000,1/10/2023,2023-10-01,2025-11-09 06:51:02.752980,data/lms_loan_daily.csv,2023-10-01
CUS_0x1d1f_2023_10_01,CUS_0x1d1f,1/10/2023,10,0,10000,0,0,0,10000,1/10/2023,2023-10-01,2025-11-09 06:51:02.752980,data/lms_loan_daily.csv,2023-10-01
CUS_0x1d21_2023_08_01,CUS_0x1d21,1/8/2023,10,2,10000,1000,1000,0,8000,1/10/2023,2023-10-01,2025-11-09 06:51:02.752980,data/lms_loan_daily.csv,2023-10-01
CUS_0x1d3e_2023_03_01,CUS_0x1d3e,1/3/2023,10,7,10000,1000,1000,0,3000,1/10/2023,2023-10-01,2025-11-09 06:51:02.752980,data/lms_loan_daily.csv,2023-10-01
CUS_0x1d46_2023_05_01,CUS_0x1d46,1/5/2023,10,5,10000,1000,1000,0,5000,1/10/2023,2023-10-01,2025-11-09 06:51:02.752980,data/lms_loan_daily.csv,2023-10-01
CUS_0x1d56_2023_09_01,CUS_0x1d56,1/9/2023,10,1,10000,1000,1000,0,9000,1/10/2023,2023-10-01,2025-11-09 06:51:02.752980,data/lms_loan_daily.csv,2023-10-01
CUS_0x1d64_2023_09_01,CUS_0x1d64,1/9/2023,10,1,10000,1000,1000,0,9000,1/10/2023,2023-10-01,2025-11-09 06:51:02.752980,data/lms_loan_daily.csv,2023-10-01
CUS_0x1d6f_2023_06_01,CUS_0x1d6f,1/6/2023,10,4,10000,1000,1000,0,6000,1/10/2023,2023-10-01,2025-11-09 06:51:02.752980,data/lms_loan_daily.csv,2023-10-01
CUS_0x1d79_2023_03_01,CUS_0x1d79,1/3/2023,10,7,10000,1000,1000,0,3000,1/10/2023,2023-10-01,2025-11-09 06:51:02.752980,data/lms_loan_daily.csv,2023-10-01
CUS_0x1d7a_2023_04_01,CUS_0x1d7a,1/4/2023,10,6,10000,1000,0,3000,7000,1/10/2023,2023-10-01,2025-11-09 06:51:02.752980,data/lms_loan_daily.csv,2023-10-01
CUS_0x1d7b_2023_07_01,CUS_0x1d7b,1/7/2023,10,3,10000,1000,1000,0,7000,1/10/2023,2023-10-01,2025-11-09 06:51:02.752980,data/lms_loan_daily.csv,2023-10-01
CUS_0x1d86_2023_09_01,CUS_0x1d86,1/9/2023,10,1,10000,1000,1000,0,9000,1/10/2023,2023-10-01,2025-11-09 06:51:02.752980,data/lms_loan_daily.csv,2023-10-01
CUS_0x1d9e_2023_10_01,CUS_0x1d9e,1/10/2023,10,0,10000,0,0,0,10000,1/10/2023,2023-10-01,2025-11-09 06:51:02.752980,data/lms_loan_daily.csv,2023-10-01
CUS_0x1dad_2023_07_01,CUS_0x1dad,1/7/2023,10,3,10000,1000,1000,0,7000,1/10/2023,2023-10-01,2025-11-09 06:51:02.752980,data/lms_loan_daily.csv,2023-10-01
CUS_0x1db0_2023_06_01,CUS_0x1db0,1/6/2023,10,4,10000,1000,2000,0,6000,1/10/2023,2023-10-01,2025-11-09 06:51:02.752980,data/lms_loan_daily.csv,2023-10-01
CUS_0x1db4_2023_05_01,CUS_0x1db4,1/5/2023,10,5,10000,1000,1000,0,5000,1/10/2023,2023-10-01,2025-11-09 06:51:02.752980,data/lms_loan_daily.csv,2023-10-01
CUS_0x1db5_2023_03_01,CUS_0x1db5,1/3/2023,10,7,10000,1000,1000,0,3000,1/10/2023,2023-10-01,2025-11-09 06:51:02.752980,data/lms_loan_daily.csv,2023-10-01
CUS_0x1dbd_2023_02_01,CUS_0x1dbd,1/2/2023,10,8,10000,1000,0,7000,9000,1/10/2023,2023-10-01,2025-11-09 06:51:02.752980,data/lms_loan_daily.csv,2023-10-01
CUS_0x1dc1_2023_08_01,CUS_0x1dc1,1/8/2023,10,2,10000,1000,0,2000,10000,1/10/2023,2023-10-01,2025-11-09 06:51:02.752980,data/lms_loan_daily.csv,2023-10-01
CUS_0x1dc2_2023_06_01,CUS_0x1dc2,1/6/2023,10,4,10000,1000,0,2000,8000,1/10/2023,2023-10-01,2025-11-09 06:51:02.752980,data/lms_loan_daily.csv,2023-10-01
CUS_0x1dcf_2023_01_01,CUS_0x1dcf,1/1/2023,10,9,10000,1000,0,7000,8000,1/10/2023,2023-10-01,2025-11-09 06:51:02.752980,data/lms_loan_daily.csv,2023-10-01
CUS_0x1de3_2023_06_01,CUS_0x1de3,1/6/2023,10,4,10000,1000,0,1000,7000,1/10/2023,2023-10-01,2025-11-09 06:51:02.752980,data/lms_loan_daily.csv,2023-10-01
CUS_0x1de6_2023_02_01,CUS_0x1de6,1/2/2023,10,8,10000,1000,0,6000,8000,1/10/2023,2023-10-01,2025-11-09 06:51:02.752980,data/lms_loan_daily.csv,2023-10-01
CUS_0x1def_2023_04_01,CUS_0x1def,1/4/2023,10,6,10000,1000,1000,0,4000,1/10/2023,2023-10-01,2025-11-09 06:51:02.752980,data/lms_loan_daily.csv,2023-10-01
CUS_0x1e06_2023_10_01,CUS_0x1e06,1/10/2023,10,0,10000,0,0,0,10000,1/10/2023,2023-10-01,2025-11-09 06:51:02.752980,data/lms_loan_daily.csv,2023-10-01
CUS_0x1e0f_2023_10_01,CUS_0x1e0f,1/10/2023,10,0,10000,0,0,0,10000,1/10/2023,2023-10-01,2025-11-09 06:51:02.752980,data/lms_loan_daily.csv,2023-10-01
CUS_0x1e41_2023_05_01,CUS_0x1e41,1/5/2023,10,5,10000,1000,1000,0,5000,1/10/2023,2023-10-01,2025-11-09 06:51:02.752980,data/lms_loan_daily.csv,2023-10-01
CUS_0x1e46_2023_09_01,CUS_0x1e46,1/9/2023,10,1,10000,1000,1000,0,9000,1/10/2023,2023-10-01,2025-11-09 06:51:02.752980,data/lms_loan_daily.csv,2023-10-01
CUS_0x1e48_2023_04_01,CUS_0x1e48,1/4/2023,10,6,10000,1000,1000,0,4000,1/10/2023,2023-10-01,2025-11-09 06:51:02.752980,data/lms_loan_daily.csv,2023-10-01
CUS_0x1e4d_2023_04_01,CUS_0x1e4d,1/4/2023,10,6,10000,1000,1000,0,4000,1/10/2023,2023-10-01,2025-11-09 06:51:02.752980,data/lms_loan_daily.csv,2023-10-01
CUS_0x1e51_2023_07_01,CUS_0x1e51,1/7/2023,10,3,10000,1000,1000,0,7000,1/10/2023,2023-10-01,2025-11-09 06:51:02.752980,data/lms_loan_daily.csv,2023-10-01
CUS_0x1e52_2023_06_01,CUS_0x1e52,1/6/2023,10,4,10000,1000,1000,0,6000,1/10/2023,2023-10-01,2025-11-09 06:51:02.752980,data/lms_loan_daily.csv,2023-10-01
CUS_0x1e5e_2023_02_01,CUS_0x1e5e,1/2/2023,10,8,10000,1000,1000,0,2000,1/10/2023,2023-10-01,2025-11-09 06:51:02.752980,data/lms_loan_daily.csv,2023-10-01
CUS_0x1e6b_2023_04_01,CUS_0x1e6b,1/4/2023,10,6,10000,1000,0,3000,7000,1/10/2023,2023-10-01,2025-11-09 06:51:02.752980,data/lms_loan_daily.csv,2023-10-01
CUS_0x1e70_2023_06_01,CUS_0x1e70,1/6/2023,10,4,10000,1000,1000,0,6000,1/10/2023,2023-10-01,2025-11-09 06:51:02.752980,data/lms_loan_daily.csv,2023-10-01
CUS_0x1e8e_2023_03_01,CUS_0x1e8e,1/3/2023,10,7,10000,1000,1000,0,3000,1/10/2023,2023-10-01,2025-11-09 06:51:02.752980,data/lms_loan_daily.csv,2023-10-01
CUS_0x1e91_2023_06_01,CUS_0x1e91,1/6/2023,10,4,10000,1000,1000,0,6000,1/10/2023,2023-10-01,2025-11-09 06:51:02.752980,data/lms_loan_daily.csv,2023-10-01
CUS_0x1e95_2023_06_01,CUS_0x1e95,1/6/2023,10,4,10000,1000,1000,0,6000,1/10/2023,2023-10-01,2025-11-09 06:51:02.752980,data/lms_loan_daily.csv,2023-10-01
CUS_0x1e96_2023_05_01,CUS_0x1e96,1/5/2023,10,5,10000,1000,0,3000,8000,1/10/2023,2023-10-01,2025-11-09 06:51:02.752980,data/lms_loan_daily.csv,2023-10-01
CUS_0x1e9b_2023_04_01,CUS_0x1e9b,1/4/2023,10,6,10000,1000,0,4000,8000,1/10/2023,2023-10-01,2025-11-09 06:51:02.752980,data/lms_loan_daily.csv,2023-10-01
CUS_0x1e9e_2023_04_01,CUS_0x1e9e,1/4/2023,10,6,10000,1000,0,2000,6000,1/10/2023,2023-10-01,2025-11-09 06:51:02.752980,data/lms_loan_daily.csv,2023-10-01
CUS_0x1ec2_2023_08_01,CUS_0x1ec2,1/8/2023,10,2,10000,1000,1000,0,8000,1/10/2023,2023-10-01,2025-11-09 06:51:02.752980,data/lms_loan_daily.csv,2023-10-01
CUS_0x1ec4_2023_06_01,CUS_0x1ec4,1/6/2023,10,4,10000,1000,1000,0,6000,1/10/2023,2023-10-01,2025-11-09 06:51:02.752980,data/lms_loan_daily.csv,2023-10-01
CUS_0x1ec5_2023_07_01,CUS_0x1ec5,1/7/2023,10,3,10000,1000,1000,0,7000,1/10/2023,2023-10-01,2025-11-09 06:51:02.752980,data/lms_loan_daily.csv,2023-10-01
CUS_0x1ecf_2023_05_01,CUS_0x1ecf,1/5/2023,10,5,10000,1000,1000,0,5000,1/10/2023,2023-10-01,2025-11-09 06:51:02.752980,data/lms_loan_daily.csv,2023-10-01
CUS_0x1ee3_2023_05_01,CUS_0x1ee3,1/5/2023,10,5,10000,1000,0,2000,7000,1/10/2023,2023-10-01,2025-11-09 06:51:02.752980,data/lms_loan_daily.csv,2023-10-01
CUS_0x1ef1_2023_05_01,CUS_0x1ef1,1/5/2023,10,5,10000,1000,1000,0,5000,1/10/2023,2023-10-01,2025-11-09 06:51:02.752980,data/lms_loan_daily.csv,2023-10-01
CUS_0x1ef5_2023_01_01,CUS_0x1ef5,1/1/2023,10,9,10000,1000,1000,0,1000,1/10/2023,2023-10-01,2025-11-09 06:51:02.752980,data/lms_loan_daily.csv,2023-10-01
CUS_0x1ef7_2023_02_01,CUS_0x1ef7,1/2/2023,10,8,10000,1000,0,4000,6000,1/10/2023,2023-10-01,2025-11-09 06:51:02.752980,data/lms_loan_daily.csv,2023-10-01
CUS_0x1efc_2023_04_01,CUS_0x1efc,1/4/2023,10,6,10000,1000,1000,0,4000,1/10/2023,2023-10-01,2025-11-09 06:51:02.752980,data/lms_loan_daily.csv,2023-10-01
CUS_0x1eff_2023_02_01,CUS_0x1eff,1/2/2023,10,8,10000,1000,1000,0,2000,1/10/2023,2023-10-01,2025-11-09 06:51:02.752980,data/lms_loan_daily.csv,2023-10-01
CUS_0x1f04_2023_07_01,CUS_0x1f04,1/7/2023,10,3,10000,1000,1000,0,7000,1/10/2023,2023-10-01,2025-11-09 06:51:02.752980,data/lms_loan_daily.csv,2023-10-01
CUS_0x1f24_2023_10_01,CUS_0x1f24,1/10/2023,10,0,10000,0,0,0,10000,1/10/2023,2023-10-01,2025-11-09 06:51:02.752980,data/lms_loan_daily.csv,2023-10-01
CUS_0x1f2c_2023_09_01,CUS_0x1f2c,1/9/2023,10,1,10000,1000,1000,0,9000,1/10/2023,2023-10-01,2025-11-09 06:51:02.752980,data/lms_loan_daily.csv,2023-10-01
CUS_0x1f39_2023_03_01,CUS_0x1f39,1/3/2023,10,7,10000,1000,0,4000,7000,1/10/2023,2023-10-01,2025-11-09 06:51:02.752980,data/lms_loan_daily.csv,2023-10-01
CUS_0x1f3d_2023_02_01,CUS_0x1f3d,1/2/2023,10,8,10000,1000,1000,0,2000,1/10/2023,2023-10-01,2025-11-09 06:51:02.752980,data/lms_loan_daily.csv,2023-10-01
CUS_0x1f49_2023_08_01,CUS_0x1f49,1/8/2023,10,2,10000,1000,1000,0,8000,1/10/2023,2023-10-01,2025-11-09 06:51:02.752980,data/lms_loan_daily.csv,2023-10-01
CUS_0x1f4b_2023_03_01,CUS_0x1f4b,1/3/2023,10,7,10000,1000,1000,0,3000,1/10/2023,2023-10-01,2025-11-09 06:51:02.752980,data/lms_loan_daily.csv,2023-10-01
CUS_0x1f60_2023_09_01,CUS_0x1f60,1/9/2023,10,1,10000,1000,1000,0,9000,1/10/2023,2023-10-01,2025-11-09 06:51:02.752980,data/lms_loan_daily.csv,2023-10-01
CUS_0x1f66_2023_10_01,CUS_0x1f66,1/10/2023,10,0,10000,0,0,0,10000,1/10/2023,2023-10-01,2025-11-09 06:51:02.752980,data/lms_loan_daily.csv,2023-10-01
CUS_0x1f87_2023_05_01,CUS_0x1f87,1/5/2023,10,5,10000,1000,1000,0,5000,1/10/2023,2023-10-01,2025-11-09 06:51:02.752980,data/lms_loan_daily.csv,2023-10-01
CUS_0x1f8c_2023_03_01,CUS_0x1f8c,1/3/2023,10,7,10000,1000,0,3000,6000,1/10/2023,2023-10-01,2025-11-09 06:51:02.752980,data/lms_loan_daily.csv,2023-10-01
CUS_0x1f8d_2023_03_01,CUS_0x1f8d,1/3/2023,10,7,10000,1000,1000,0,3000,1/10/2023,2023-10-01,2025-11-09 06:51:02.752980,data/lms_loan_daily.csv,2023-10-01
CUS_0x1f96_2023_06_01,CUS_0x1f96,1/6/2023,10,4,10000,1000,1000,0,6000,1/10/2023,2023-10-01,2025-11-09 06:51:02.752980,data/lms_loan_daily.csv,2023-10-01
CUS_0x1f9e_2023_04_01,CUS_0x1f9e,1/4/2023,10,6,10000,1000,1000,0,4000,1/10/2023,2023-10-01,2025-11-09 06:51:02.752980,data/lms_loan_daily.csv,2023-10-01
CUS_0x1fa0_2023_09_01,CUS_0x1fa0,1/9/2023,10,1,10000,1000,1000,0,9000,1/10/2023,2023-10-01,2025-11-09 06:51:02.752980,data/lms_loan_daily.csv,2023-10-01
CUS_0x1fbb_2023_08_01,CUS_0x1fbb,1/8/2023,10,2,10000,1000,1000,0,8000,1/10/2023,2023-10-01,2025-11-09 06:51:02.752980,data/lms_loan_daily.csv,2023-10-01
CUS_0x1fe3_2023_05_01,CUS_0x1fe3,1/5/2023,10,5,10000,1000,0,3000,8000,1/10/2023,2023-10-01,2025-11-09 06:51:02.752980,data/lms_loan_daily.csv,2023-10-01
CUS_0x1ff5_2023_01_01,CUS_0x1ff5,1/1/2023,10,9,10000,1000,1000,0,1000,1/10/2023,2023-10-01,2025-11-09 06:51:02.752980,data/lms_loan_daily.csv,2023-10-01
CUS_0x1ff7_2023_01_01,CUS_0x1ff7,1/1/2023,10,9,10000,1000,1000,0,1000,1/10/2023,2023-10-01,2025-11-09 06:51:02.752980,data/lms_loan_daily.csv,2023-10-01
CUS_0x1ffc_2023_10_01,CUS_0x1ffc,1/10/2023,10,0,10000,0,0,0,10000,1/10/2023,2023-10-01,2025-11-09 06:51:02.752980,data/lms_loan_daily.csv,2023-10-01
CUS_0x2002_2023_09_01,CUS_0x2002,1/9/2023,10,1,10000,1000,1000,0,9000,1/10/2023,2023-10-01,2025-11-09 06:51:02.752980,data/lms_loan_daily.csv,2023-10-01
CUS_0x2037_2023_08_01,CUS_0x2037,1/8/2023,10,2,10000,1000,1000,0,8000,1/10/2023,2023-10-01,2025-11-09 06:51:02.752980,data/lms_loan_daily.csv,2023-10-01
CUS_0x2038_2023_07_01,CUS_0x2038,1/7/2023,10,3,10000,1000,1000,0,7000,1/10/2023,2023-10-01,2025-11-09 06:51:02.752980,data/lms_loan_daily.csv,2023-10-01
CUS_0x203c_2023_05_01,CUS_0x203c,1/5/2023,10,5,10000,1000,1000,0,5000,1/10/2023,2023-10-01,2025-11-09 06:51:02.752980,data/lms_loan_daily.csv,2023-10-01
CUS_0x2041_2023_03_01,CUS_0x2041,1/3/2023,10,7,10000,1000,1000,0,3000,1/10/2023,2023-10-01,2025-11-09 06:51:02.752980,data/lms_loan_daily.csv,2023-10-01
CUS_0x2043_2023_05_01,CUS_0x2043,1/5/2023,10,5,10000,1000,1000,0,5000,1/10/2023,2023-10-01,2025-11-09 06:51:02.752980,data/lms_loan_daily.csv,2023-10-01
CUS_0x2048_2023_04_01,CUS_0x2048,1/4/2023,10,6,10000,1000,1000,0,4000,1/10/2023,2023-10-01,2025-11-09 06:51:02.752980,data/lms_loan_daily.csv,2023-10-01
CUS_0x204a_2023_02_01,CUS_0x204a,1/2/2023,10,8,10000,1000,1000,0,2000,1/10/2023,2023-10-01,2025-11-09 06:51:02.752980,data/lms_loan_daily.csv,2023-10-01
CUS_0x205c_2023_01_01,CUS_0x205c,1/1/2023,10,9,10000,1000,1000,0,1000,1/10/2023,2023-10-01,2025-11-09 06:51:02.752980,data/lms_loan_daily.csv,2023-10-01
CUS_0x2064_2023_07_01,CUS_0x2064,1/7/2023,10,3,10000,1000,1000,0,7000,1/10/2023,2023-10-01,2025-11-09 06:51:02.752980,data/lms_loan_daily.csv,2023-10-01
CUS_0x206b_2023_09_01,CUS_0x206b,1/9/2023,10,1,10000,1000,0,1000,10000,1/10/2023,2023-10-01,2025-11-09 06:51:02.752980,data/lms_loan_daily.csv,2023-10-01
CUS_0x207a_2023_04_01,CUS_0x207a,1/4/2023,10,6,10000,1000,1000,0,4000,1/10/2023,2023-10-01,2025-11-09 06:51:02.752980,data/lms_loan_daily.csv,2023-10-01
CUS_0x2083_2023_08_01,CUS_0x2083,1/8/2023,10,2,10000,1000,1000,0,8000,1/10/2023,2023-10-01,2025-11-09 06:51:02.752980,data/lms_loan_daily.csv,2023-10-01
CUS_0x2084_2023_04_01,CUS_0x2084,1/4/2023,10,6,10000,1000,1000,0,4000,1/10/2023,2023-10-01,2025-11-09 06:51:02.752980,data/lms_loan_daily.csv,2023-10-01
CUS_0x2087_2023_03_01,CUS_0x2087,1/3/2023,10,7,10000,1000,1000,0,3000,1/10/2023,2023-10-01,2025-11-09 06:51:02.752980,data/lms_loan_daily.csv,2023-10-01
CUS_0x20ac_2023_08_01,CUS_0x20ac,1/8/2023,10,2,10000,1000,1000,0,8000,1/10/2023,2023-10-01,2025-11-09 06:51:02.752980,data/lms_loan_daily.csv,2023-10-01
CUS_0x20bf_2023_05_01,CUS_0x20bf,1/5/2023,10,5,10000,1000,1000,0,5000,1/10/2023,2023-10-01,2025-11-09 06:51:02.752980,data/lms_loan_daily.csv,2023-10-01
CUS_0x20da_2023_05_01,CUS_0x20da,1/5/2023,10,5,10000,1000,1000,0,5000,1/10/2023,2023-10-01,2025-11-09 06:51:02.752980,data/lms_loan_daily.csv,2023-10-01
CUS_0x20e4_2023_10_01,CUS_0x20e4,1/10/2023,10,0,10000,0,0,0,10000,1/10/2023,2023-10-01,2025-11-09 06:51:02.752980,data/lms_loan_daily.csv,2023-10-01
CUS_0x20fe_2023_04_01,CUS_0x20fe,1/4/2023,10,6,10000,1000,1000,0,4000,1/10/2023,2023-10-01,2025-11-09 06:51:02.752980,data/lms_loan_daily.csv,2023-10-01
CUS_0x2108_2023_02_01,CUS_0x2108,1/2/2023,10,8,10000,1000,0,7000,9000,1/10/2023,2023-10-01,2025-11-09 06:51:02.752980,data/lms_loan_daily.csv,2023-10-01
CUS_0x210d_2023_09_01,CUS_0x210d,1/9/2023,10,1,10000,1000,1000,0,9000,1/10/2023,2023-10-01,2025-11-09 06:51:02.752980,data/lms_loan_daily.csv,2023-10-01
CUS_0x210f_2023_01_01,CUS_0x210f,1/1/2023,10,9,10000,1000,1000,0,1000,1/10/2023,2023-10-01,2025-11-09 06:51:02.752980,data/lms_loan_daily.csv,2023-10-01
CUS_0x2112_2023_07_01,CUS_0x2112,1/7/2023,10,3,10000,1000,1000,0,7000,1/10/2023,2023-10-01,2025-11-09 06:51:02.752980,data/lms_loan_daily.csv,2023-10-01
CUS_0x2123_2023_04_01,CUS_0x2123,1/4/2023,10,6,10000,1000,1000,0,4000,1/10/2023,2023-10-01,2025-11-09 06:51:02.752980,data/lms_loan_daily.csv,2023-10-01
CUS_0x2126_2023_04_01,CUS_0x2126,1/4/2023,10,6,10000,1000,1000,0,4000,1/10/2023,2023-10-01,2025-11-09 06:51:02.752980,data/lms_loan_daily.csv,2023-10-01
CUS_0x2159_2023_03_01,CUS_0x2159,1/3/2023,10,7,10000,1000,1000,0,3000,1/10/2023,2023-10-01,2025-11-09 06:51:02.752980,data/lms_loan_daily.csv,2023-10-01
CUS_0x215d_2023_09_01,CUS_0x215d,1/9/2023,10,1,10000,1000,1000,0,9000,1/10/2023,2023-10-01,2025-11-09 06:51:02.752980,data/lms_loan_daily.csv,2023-10-01
CUS_0x215f_2023_10_01,CUS_0x215f,1/10/2023,10,0,10000,0,0,0,10000,1/10/2023,2023-10-01,2025-11-09 06:51:02.752980,data/lms_loan_daily.csv,2023-10-01
CUS_0x2168_2023_02_01,CUS_0x2168,1/2/2023,10,8,10000,1000,1000,0,2000,1/10/2023,2023-10-01,2025-11-09 06:51:02.752980,data/lms_loan_daily.csv,2023-10-01
CUS_0x216a_2023_10_01,CUS_0x216a,1/10/2023,10,0,10000,0,0,0,10000,1/10/2023,2023-10-01,2025-11-09 06:51:02.752980,data/lms_loan_daily.csv,2023-10-01
CUS_0x2171_2023_02_01,CUS_0x2171,1/2/2023,10,8,10000,1000,1000,0,2000,1/10/2023,2023-10-01,2025-11-09 06:51:02.752980,data/lms_loan_daily.csv,2023-10-01
CUS_0x2174_2023_02_01,CUS_0x2174,1/2/2023,10,8,10000,1000,1000,0,2000,1/10/2023,2023-10-01,2025-11-09 06:51:02.752980,data/lms_loan_daily.csv,2023-10-01
CUS_0x2181_2023_08_01,CUS_0x2181,1/8/2023,10,2,10000,1000,1000,0,8000,1/10/2023,2023-10-01,2025-11-09 06:51:02.752980,data/lms_loan_daily.csv,2023-10-01
CUS_0x2184_2023_07_01,CUS_0x2184,1/7/2023,10,3,10000,1000,1000,0,7000,1/10/2023,2023-10-01,2025-11-09 06:51:02.752980,data/lms_loan_daily.csv,2023-10-01
CUS_0x219c_2023_09_01,CUS_0x219c,1/9/2023,10,1,10000,1000,0,1000,10000,1/10/2023,2023-10-01,2025-11-09 06:51:02.752980,data/lms_loan_daily.csv,2023-10-01
CUS_0x21a1_2023_04_01,CUS_0x21a1,1/4/2023,10,6,10000,1000,0,3000,7000,1/10/2023,2023-10-01,2025-11-09 06:51:02.752980,data/lms_loan_daily.csv,2023-10-01
CUS_0x21b6_2023_02_01,CUS_0x21b6,1/2/2023,10,8,10000,1000,1000,0,2000,1/10/2023,2023-10-01,2025-11-09 06:51:02.752980,data/lms_loan_daily.csv,2023-10-01
CUS_0x21c3_2023_04_01,CUS_0x21c3,1/4/2023,10,6,10000,1000,0,3000,7000,1/10/2023,2023-10-01,2025-11-09 06:51:02.752980,data/lms_loan_daily.csv,2023-10-01
CUS_0x21cd_2023_09_01,CUS_0x21cd,1/9/2023,10,1,10000,1000,1000,0,9000,1/10/2023,2023-10-01,2025-11-09 06:51:02.752980,data/lms_loan_daily.csv,2023-10-01
CUS_0x21d8_2023_03_01,CUS_0x21d8,1/3/2023,10,7,10000,1000,1000,0,3000,1/10/2023,2023-10-01,2025-11-09 06:51:02.752980,data/lms_loan_daily.csv,2023-10-01
CUS_0x21dc_2023_01_01,CUS_0x21dc,1/1/2023,10,9,10000,1000,1000,0,1000,1/10/2023,2023-10-01,2025-11-09 06:51:02.752980,data/lms_loan_daily.csv,2023-10-01
CUS_0x21e4_2023_07_01,CUS_0x21e4,1/7/2023,10,3,10000,1000,1000,0,7000,1/10/2023,2023-10-01,2025-11-09 06:51:02.752980,data/lms_loan_daily.csv,2023-10-01
CUS_0x21e6_2023_03_01,CUS_0x21e6,1/3/2023,10,7,10000,1000,1000,0,3000,1/10/2023,2023-10-01,2025-11-09 06:51:02.752980,data/lms_loan_daily.csv,2023-10-01
CUS_0x21f7_2023_09_01,CUS_0x21f7,1/9/2023,10,1,10000,1000,1000,0,9000,1/10/2023,2023-10-01,2025-11-09 06:51:02.752980,data/lms_loan_daily.csv,2023-10-01
CUS_0x21fa_2023_05_01,CUS_0x21fa,1/5/2023,10,5,10000,1000,1000,0,5000,1/10/2023,2023-10-01,2025-11-09 06:51:02.752980,data/lms_loan_daily.csv,2023-10-01
CUS_0x2216_2023_02_01,CUS_0x2216,1/2/2023,10,8,10000,1000,1000,0,2000,1/10/2023,2023-10-01,2025-11-09 06:51:02.752980,data/lms_loan_daily.csv,2023-10-01
CUS_0x2217_2023_09_01,CUS_0x2217,1/9/2023,10,1,10000,1000,1000,0,9000,1/10/2023,2023-10-01,2025-11-09 06:51:02.752980,data/lms_loan_daily.csv,2023-10-01
CUS_0x2218_2023_02_01,CUS_0x2218,1/2/2023,10,8,10000,1000,1000,0,2000,1/10/2023,2023-10-01,2025-11-09 06:51:02.752980,data/lms_loan_daily.csv,2023-10-01
CUS_0x221f_2023_05_01,CUS_0x221f,1/5/2023,10,5,10000,1000,1000,0,5000,1/10/2023,2023-10-01,2025-11-09 06:51:02.752980,data/lms_loan_daily.csv,2023-10-01
CUS_0x2224_2023_06_01,CUS_0x2224,1/6/2023,10,4,10000,1000,1000,0,6000,1/10/2023,2023-10-01,2025-11-09 06:51:02.752980,data/lms_loan_daily.csv,2023-10-01
CUS_0x2238_2023_08_01,CUS_0x2238,1/8/2023,10,2,10000,1000,1000,0,8000,1/10/2023,2023-10-01,2025-11-09 06:51:02.752980,data/lms_loan_daily.csv,2023-10-01
CUS_0x2240_2023_05_01,CUS_0x2240,1/5/2023,10,5,10000,1000,1000,0,5000,1/10/2023,2023-10-01,2025-11-09 06:51:02.752980,data/lms_loan_daily.csv,2023-10-01
CUS_0x2242_2023_05_01,CUS_0x2242,1/5/2023,10,5,10000,1000,0,3000,8000,1/10/2023,2023-10-01,2025-11-09 06:51:02.752980,data/lms_loan_daily.csv,2023-10-01
CUS_0x2243_2023_07_01,CUS_0x2243,1/7/2023,10,3,10000,1000,1000,0,7000,1/10/2023,2023-10-01,2025-11-09 06:51:02.752980,data/lms_loan_daily.csv,2023-10-01
CUS_0x2246_2023_04_01,CUS_0x2246,1/4/2023,10,6,10000,1000,1000,0,4000,1/10/2023,2023-10-01,2025-11-09 06:51:02.752980,data/lms_loan_daily.csv,2023-10-01
CUS_0x224f_2023_06_01,CUS_0x224f,1/6/2023,10,4,10000,1000,1000,0,6000,1/10/2023,2023-10-01,2025-11-09 06:51:02.752980,data/lms_loan_daily.csv,2023-10-01
CUS_0x2255_2023_04_01,CUS_0x2255,1/4/2023,10,6,10000,1000,0,2000,6000,1/10/2023,2023-10-01,2025-11-09 06:51:02.752980,data/lms_loan_daily.csv,2023-10-01
CUS_0x225e_2023_06_01,CUS_0x225e,1/6/2023,10,4,10000,1000,1000,0,6000,1/10/2023,2023-10-01,2025-11-09 06:51:02.752980,data/lms_loan_daily.csv,2023-10-01
CUS_0x226a_2023_05_01,CUS_0x226a,1/5/2023,10,5,10000,1000,1000,0,5000,1/10/2023,2023-10-01,2025-11-09 06:51:02.752980,data/lms_loan_daily.csv,2023-10-01
CUS_0x2274_2023_01_01,CUS_0x2274,1/1/2023,10,9,10000,1000,1000,0,1000,1/10/2023,2023-10-01,2025-11-09 06:51:02.752980,data/lms_loan_daily.csv,2023-10-01
CUS_0x227e_2023_02_01,CUS_0x227e,1/2/2023,10,8,10000,1000,1000,0,2000,1/10/2023,2023-10-01,2025-11-09 06:51:02.752980,data/lms_loan_daily.csv,2023-10-01
CUS_0x2283_2023_07_01,CUS_0x2283,1/7/2023,10,3,10000,1000,1000,0,7000,1/10/2023,2023-10-01,2025-11-09 06:51:02.752980,data/lms_loan_daily.csv,2023-10-01
CUS_0x2288_2023_04_01,CUS_0x2288,1/4/2023,10,6,10000,1000,1000,0,4000,1/10/2023,2023-10-01,2025-11-09 06:51:02.752980,data/lms_loan_daily.csv,2023-10-01
CUS_0x2293_2023_03_01,CUS_0x2293,1/3/2023,10,7,10000,1000,1000,0,3000,1/10/2023,2023-10-01,2025-11-09 06:51:02.752980,data/lms_loan_daily.csv,2023-10-01
CUS_0x2296_2023_05_01,CUS_0x2296,1/5/2023,10,5,10000,1000,1000,0,5000,1/10/2023,2023-10-01,2025-11-09 06:51:02.752980,data/lms_loan_daily.csv,2023-10-01
CUS_0x2297_2023_01_01,CUS_0x2297,1/1/2023,10,9,10000,1000,1000,0,1000,1/10/2023,2023-10-01,2025-11-09 06:51:02.752980,data/lms_loan_daily.csv,2023-10-01
CUS_0x229f_2023_02_01,CUS_0x229f,1/2/2023,10,8,10000,1000,0,4000,6000,1/10/2023,2023-10-01,2025-11-09 06:51:02.752980,data/lms_loan_daily.csv,2023-10-01
CUS_0x22a3_2023_04_01,CUS_0x22a3,1/4/2023,10,6,10000,1000,1000,0,4000,1/10/2023,2023-10-01,2025-11-09 06:51:02.752980,data/lms_loan_daily.csv,2023-10-01
CUS_0x22b3_2023_10_01,CUS_0x22b3,1/10/2023,10,0,10000,0,0,0,10000,1/10/2023,2023-10-01,2025-11-09 06:51:02.752980,data/lms_loan_daily.csv,2023-10-01
CUS_0x22bc_2023_02_01,CUS_0x22bc,1/2/2023,10,8,10000,1000,0,4000,6000,1/10/2023,2023-10-01,2025-11-09 06:51:02.752980,data/lms_loan_daily.csv,2023-10-01
CUS_0x22e0_2023_05_01,CUS_0x22e0,1/5/2023,10,5,10000,1000,0,2000,7000,1/10/2023,2023-10-01,2025-11-09 06:51:02.752980,data/lms_loan_daily.csv,2023-10-01
CUS_0x22e3_2023_10_01,CUS_0x22e3,1/10/2023,10,0,10000,0,0,0,10000,1/10/2023,2023-10-01,2025-11-09 06:51:02.752980,data/lms_loan_daily.csv,2023-10-01
CUS_0x22ea_2023_08_01,CUS_0x22ea,1/8/2023,10,2,10000,1000,1000,0,8000,1/10/2023,2023-10-01,2025-11-09 06:51:02.752980,data/lms_loan_daily.csv,2023-10-01
CUS_0x22f4_2023_06_01,CUS_0x22f4,1/6/2023,10,4,10000,1000,1000,0,6000,1/10/2023,2023-10-01,2025-11-09 06:51:02.752980,data/lms_loan_daily.csv,2023-10-01
CUS_0x2301_2023_06_01,CUS_0x2301,1/6/2023,10,4,10000,1000,0,2000,8000,1/10/2023,2023-10-01,2025-11-09 06:51:02.752980,data/lms_loan_daily.csv,2023-10-01
CUS_0x2312_2023_06_01,CUS_0x2312,1/6/2023,10,4,10000,1000,1000,0,6000,1/10/2023,2023-10-01,2025-11-09 06:51:02.752980,data/lms_loan_daily.csv,2023-10-01
CUS_0x2317_2023_04_01,CUS_0x2317,1/4/2023,10,6,10000,1000,1000,0,4000,1/10/2023,2023-10-01,2025-11-09 06:51:02.752980,data/lms_loan_daily.csv,2023-10-01
CUS_0x231b_2023_03_01,CUS_0x231b,1/3/2023,10,7,10000,1000,0,4000,7000,1/10/2023,2023-10-01,2025-11-09 06:51:02.752980,data/lms_loan_daily.csv,2023-10-01
CUS_0x233a_2023_04_01,CUS_0x233a,1/4/2023,10,6,10000,1000,1000,0,4000,1/10/2023,2023-10-01,2025-11-09 06:51:02.752980,data/lms_loan_daily.csv,2023-10-01
CUS_0x233e_2023_03_01,CUS_0x233e,1/3/2023,10,7,10000,1000,1000,0,3000,1/10/2023,2023-10-01,2025-11-09 06:51:02.752980,data/lms_loan_daily.csv,2023-10-01
CUS_0x2344_2023_02_01,CUS_0x2344,1/2/2023,10,8,10000,1000,0,6000,8000,1/10/2023,2023-10-01,2025-11-09 06:51:02.752980,data/lms_loan_daily.csv,2023-10-01
CUS_0x2350_2023_05_01,CUS_0x2350,1/5/2023,10,5,10000,1000,1000,0,5000,1/10/2023,2023-10-01,2025-11-09 06:51:02.752980,data/lms_loan_daily.csv,2023-10-01
CUS_0x2363_2023_02_01,CUS_0x2363,1/2/2023,10,8,10000,1000,0,6000,8000,1/10/2023,2023-10-01,2025-11-09 06:51:02.752980,data/lms_loan_daily.csv,2023-10-01
CUS_0x236b_2023_02_01,CUS_0x236b,1/2/2023,10,8,10000,1000,1000,0,2000,1/10/2023,2023-10-01,2025-11-09 06:51:02.752980,data/lms_loan_daily.csv,2023-10-01
CUS_0x2375_2023_01_01,CUS_0x2375,1/1/2023,10,9,10000,1000,1000,0,1000,1/10/2023,2023-10-01,2025-11-09 06:51:02.752980,data/lms_loan_daily.csv,2023-10-01
CUS_0x2391_2023_10_01,CUS_0x2391,1/10/2023,10,0,10000,0,0,0,10000,1/10/2023,2023-10-01,2025-11-09 06:51:02.752980,data/lms_loan_daily.csv,2023-10-01
CUS_0x23a6_2023_06_01,CUS_0x23a6,1/6/2023,10,4,10000,1000,1000,0,6000,1/10/2023,2023-10-01,2025-11-09 06:51:02.752980,data/lms_loan_daily.csv,2023-10-01
CUS_0x23a8_2023_10_01,CUS_0x23a8,1/10/2023,10,0,10000,0,0,0,10000,1/10/2023,2023-10-01,2025-11-09 06:51:02.752980,data/lms_loan_daily.csv,2023-10-01
CUS_0x23ae_2023_05_01,CUS_0x23ae,1/5/2023,10,5,10000,1000,0,2000,7000,1/10/2023,2023-10-01,2025-11-09 06:51:02.752980,data/lms_loan_daily.csv,2023-10-01
CUS_0x23b0_2023_06_01,CUS_0x23b0,1/6/2023,10,4,10000,1000,1000,0,6000,1/10/2023,2023-10-01,2025-11-09 06:51:02.752980,data/lms_loan_daily.csv,2023-10-01
CUS_0x23b2_2023_03_01,CUS_0x23b2,1/3/2023,10,7,10000,1000,1000,0,3000,1/10/2023,2023-10-01,2025-11-09 06:51:02.752980,data/lms_loan_daily.csv,2023-10-01
CUS_0x23b5_2023_10_01,CUS_0x23b5,1/10/2023,10,0,10000,0,0,0,10000,1/10/2023,2023-10-01,2025-11-09 06:51:02.752980,data/lms_loan_daily.csv,2023-10-01
CUS_0x23b9_2023_03_01,CUS_0x23b9,1/3/2023,10,7,10000,1000,1000,0,3000,1/10/2023,2023-10-01,2025-11-09 06:51:02.752980,data/lms_loan_daily.csv,2023-10-01
CUS_0x23bf_2023_09_01,CUS_0x23bf,1/9/2023,10,1,10000,1000,1000,0,9000,1/10/2023,2023-10-01,2025-11-09 06:51:02.752980,data/lms_loan_daily.csv,2023-10-01
CUS_0x23c1_2023_08_01,CUS_0x23c1,1/8/2023,10,2,10000,1000,1000,0,8000,1/10/2023,2023-10-01,2025-11-09 06:51:02.752980,data/lms_loan_daily.csv,2023-10-01
CUS_0x23c5_2023_02_01,CUS_0x23c5,1/2/2023,10,8,10000,1000,1000,0,2000,1/10/2023,2023-10-01,2025-11-09 06:51:02.752980,data/lms_loan_daily.csv,2023-10-01
CUS_0x23e2_2023_03_01,CUS_0x23e2,1/3/2023,10,7,10000,1000,1000,0,3000,1/10/2023,2023-10-01,2025-11-09 06:51:02.752980,data/lms_loan_daily.csv,2023-10-01
CUS_0x2408_2023_05_01,CUS_0x2408,1/5/2023,10,5,10000,1000,0,2000,7000,1/10/2023,2023-10-01,2025-11-09 06:51:02.752980,data/lms_loan_daily.csv,2023-10-01
CUS_0x242b_2023_06_01,CUS_0x242b,1/6/2023,10,4,10000,1000,0,1000,7000,1/10/2023,2023-10-01,2025-11-09 06:51:02.752980,data/lms_loan_daily.csv,2023-10-01
CUS_0x2441_2023_09_01,CUS_0x2441,1/9/2023,10,1,10000,1000,1000,0,9000,1/10/2023,2023-10-01,2025-11-09 06:51:02.752980,data/lms_loan_daily.csv,2023-10-01
CUS_0x2443_2023_08_01,CUS_0x2443,1/8/2023,10,2,10000,1000,0,1000,9000,1/10/2023,2023-10-01,2025-11-09 06:51:02.752980,data/lms_loan_daily.csv,2023-10-01
CUS_0x245d_2023_06_01,CUS_0x245d,1/6/2023,10,4,10000,1000,1000,0,6000,1/10/2023,2023-10-01,2025-11-09 06:51:02.752980,data/lms_loan_daily.csv,2023-10-01
CUS_0x2473_2023_05_01,CUS_0x2473,1/5/2023,10,5,10000,1000,1000,0,5000,1/10/2023,2023-10-01,2025-11-09 06:51:02.752980,data/lms_loan_daily.csv,2023-10-01
CUS_0x2479_2023_06_01,CUS_0x2479,1/6/2023,10,4,10000,1000,0,1000,7000,1/10/2023,2023-10-01,2025-11-09 06:51:02.752980,data/lms_loan_daily.csv,2023-10-01
CUS_0x247b_2023_05_01,CUS_0x247b,1/5/2023,10,5,10000,1000,1000,0,5000,1/10/2023,2023-10-01,2025-11-09 06:51:02.752980,data/lms_loan_daily.csv,2023-10-01
CUS_0x2488_2023_09_01,CUS_0x2488,1/9/2023,10,1,10000,1000,1000,0,9000,1/10/2023,2023-10-01,2025-11-09 06:51:02.752980,data/lms_loan_daily.csv,2023-10-01
CUS_0x248f_2023_08_01,CUS_0x248f,1/8/2023,10,2,10000,1000,1000,0,8000,1/10/2023,2023-10-01,2025-11-09 06:51:02.752980,data/lms_loan_daily.csv,2023-10-01
CUS_0x2491_2023_09_01,CUS_0x2491,1/9/2023,10,1,10000,1000,1000,0,9000,1/10/2023,2023-10-01,2025-11-09 06:51:02.752980,data/lms_loan_daily.csv,2023-10-01
CUS_0x2493_2023_08_01,CUS_0x2493,1/8/2023,10,2,10000,1000,1000,0,8000,1/10/2023,2023-10-01,2025-11-09 06:51:02.752980,data/lms_loan_daily.csv,2023-10-01
CUS_0x24a8_2023_01_01,CUS_0x24a8,1/1/2023,10,9,10000,1000,1000,0,1000,1/10/2023,2023-10-01,2025-11-09 06:51:02.752980,data/lms_loan_daily.csv,2023-10-01
CUS_0x24af_2023_07_01,CUS_0x24af,1/7/2023,10,3,10000,1000,0,1000,8000,1/10/2023,2023-10-01,2025-11-09 06:51:02.752980,data/lms_loan_daily.csv,2023-10-01
CUS_0x24b2_2023_02_01,CUS_0x24b2,1/2/2023,10,8,10000,1000,1000,0,2000,1/10/2023,2023-10-01,2025-11-09 06:51:02.752980,data/lms_loan_daily.csv,2023-10-01
CUS_0x24b9_2023_10_01,CUS_0x24b9,1/10/2023,10,0,10000,0,0,0,10000,1/10/2023,2023-10-01,2025-11-09 06:51:02.752980,data/lms_loan_daily.csv,2023-10-01
CUS_0x24bb_2023_08_01,CUS_0x24bb,1/8/2023,10,2,10000,1000,1000,0,8000,1/10/2023,2023-10-01,2025-11-09 06:51:02.752980,data/lms_loan_daily.csv,2023-10-01
CUS_0x24bf_2023_09_01,CUS_0x24bf,1/9/2023,10,1,10000,1000,1000,0,9000,1/10/2023,2023-10-01,2025-11-09 06:51:02.752980,data/lms_loan_daily.csv,2023-10-01
CUS_0x24c3_2023_01_01,CUS_0x24c3,1/1/2023,10,9,10000,1000,1000,0,1000,1/10/2023,2023-10-01,2025-11-09 06:51:02.752980,data/lms_loan_daily.csv,2023-10-01
CUS_0x24cc_2023_07_01,CUS_0x24cc,1/7/2023,10,3,10000,1000,1000,0,7000,1/10/2023,2023-10-01,2025-11-09 06:51:02.752980,data/lms_loan_daily.csv,2023-10-01
CUS_0x24cf_2023_05_01,CUS_0x24cf,1/5/2023,10,5,10000,1000,1000,0,5000,1/10/2023,2023-10-01,2025-11-09 06:51:02.752980,data/lms_loan_daily.csv,2023-10-01
CUS_0x24d4_2023_10_01,CUS_0x24d4,1/10/2023,10,0,10000,0,0,0,10000,1/10/2023,2023-10-01,2025-11-09 06:51:02.752980,data/lms_loan_daily.csv,2023-10-01
CUS_0x24d7_2023_02_01,CUS_0x24d7,1/2/2023,10,8,10000,1000,1000,0,2000,1/10/2023,2023-10-01,2025-11-09 06:51:02.752980,data/lms_loan_daily.csv,2023-10-01
CUS_0x24df_2023_10_01,CUS_0x24df,1/10/2023,10,0,10000,0,0,0,10000,1/10/2023,2023-10-01,2025-11-09 06:51:02.752980,data/lms_loan_daily.csv,2023-10-01
CUS_0x24e1_2023_01_01,CUS_0x24e1,1/1/2023,10,9,10000,1000,1000,0,1000,1/10/2023,2023-10-01,2025-11-09 06:51:02.752980,data/lms_loan_daily.csv,2023-10-01
CUS_0x24e8_2023_07_01,CUS_0x24e8,1/7/2023,10,3,10000,1000,0,1000,8000,1/10/2023,2023-10-01,2025-11-09 06:51:02.752980,data/lms_loan_daily.csv,2023-10-01
CUS_0x24e9_2023_07_01,CUS_0x24e9,1/7/2023,10,3,10000,1000,1000,0,7000,1/10/2023,2023-10-01,2025-11-09 06:51:02.752980,data/lms_loan_daily.csv,2023-10-01
CUS_0x24f1_2023_09_01,CUS_0x24f1,1/9/2023,10,1,10000,1000,1000,0,9000,1/10/2023,2023-10-01,2025-11-09 06:51:02.752980,data/lms_loan_daily.csv,2023-10-01
CUS_0x24f8_2023_07_01,CUS_0x24f8,1/7/2023,10,3,10000,1000,1000,0,7000,1/10/2023,2023-10-01,2025-11-09 06:51:02.752980,data/lms_loan_daily.csv,2023-10-01
CUS_0x24fc_2023_05_01,CUS_0x24fc,1/5/2023,10,5,10000,1000,0,2000,7000,1/10/2023,2023-10-01,2025-11-09 06:51:02.752980,data/lms_loan_daily.csv,2023-10-01
CUS_0x250b_2023_06_01,CUS_0x250b,1/6/2023,10,4,10000,1000,0,2000,8000,1/10/2023,2023-10-01,2025-11-09 06:51:02.752980,data/lms_loan_daily.csv,2023-10-01
CUS_0x2513_2023_01_01,CUS_0x2513,1/1/2023,10,9,10000,1000,1000,0,1000,1/10/2023,2023-10-01,2025-11-09 06:51:02.752980,data/lms_loan_daily.csv,2023-10-01
CUS_0x2517_2023_07_01,CUS_0x2517,1/7/2023,10,3,10000,1000,0,1000,8000,1/10/2023,2023-10-01,2025-11-09 06:51:02.752980,data/lms_loan_daily.csv,2023-10-01
CUS_0x251a_2023_09_01,CUS_0x251a,1/9/2023,10,1,10000,1000,1000,0,9000,1/10/2023,2023-10-01,2025-11-09 06:51:02.752980,data/lms_loan_daily.csv,2023-10-01
CUS_0x253c_2023_10_01,CUS_0x253c,1/10/2023,10,0,10000,0,0,0,10000,1/10/2023,2023-10-01,2025-11-09 06:51:02.752980,data/lms_loan_daily.csv,2023-10-01
CUS_0x2552_2023_01_01,CUS_0x2552,1/1/2023,10,9,10000,1000,1000,0,1000,1/10/2023,2023-10-01,2025-11-09 06:51:02.752980,data/lms_loan_daily.csv,2023-10-01
CUS_0x255d_2023_01_01,CUS_0x255d,1/1/2023,10,9,10000,1000,1000,0,1000,1/10/2023,2023-10-01,2025-11-09 06:51:02.752980,data/lms_loan_daily.csv,2023-10-01
CUS_0x2567_2023_05_01,CUS_0x2567,1/5/2023,10,5,10000,1000,1000,0,5000,1/10/2023,2023-10-01,2025-11-09 06:51:02.752980,data/lms_loan_daily.csv,2023-10-01
CUS_0x2584_2023_09_01,CUS_0x2584,1/9/2023,10,1,10000,1000,1000,0,9000,1/10/2023,2023-10-01,2025-11-09 06:51:02.752980,data/lms_loan_daily.csv,2023-10-01
CUS_0x258b_2023_05_01,CUS_0x258b,1/5/2023,10,5,10000,1000,0,2000,7000,1/10/2023,2023-10-01,2025-11-09 06:51:02.752980,data/lms_loan_daily.csv,2023-10-01
CUS_0x2590_2023_07_01,CUS_0x2590,1/7/2023,10,3,10000,1000,1000,0,7000,1/10/2023,2023-10-01,2025-11-09 06:51:02.752980,data/lms_loan_daily.csv,2023-10-01
CUS_0x2594_2023_10_01,CUS_0x2594,1/10/2023,10,0,10000,0,0,0,10000,1/10/2023,2023-10-01,2025-11-09 06:51:02.752980,data/lms_loan_daily.csv,2023-10-01
CUS_0x2595_2023_10_01,CUS_0x2595,1/10/2023,10,0,10000,0,0,0,10000,1/10/2023,2023-10-01,2025-11-09 06:51:02.752980,data/lms_loan_daily.csv,2023-10-01
CUS_0x2598_2023_01_01,CUS_0x2598,1/1/2023,10,9,10000,1000,1000,0,1000,1/10/2023,2023-10-01,2025-11-09 06:51:02.752980,data/lms_loan_daily.csv,2023-10-01
CUS_0x25a4_2023_06_01,CUS_0x25a4,1/6/2023,10,4,10000,1000,1000,0,6000,1/10/2023,2023-10-01,2025-11-09 06:51:02.752980,data/lms_loan_daily.csv,2023-10-01
CUS_0x25a5_2023_06_01,CUS_0x25a5,1/6/2023,10,4,10000,1000,1000,0,6000,1/10/2023,2023-10-01,2025-11-09 06:51:02.752980,data/lms_loan_daily.csv,2023-10-01
CUS_0x25ae_2023_06_01,CUS_0x25ae,1/6/2023,10,4,10000,1000,1000,0,6000,1/10/2023,2023-10-01,2025-11-09 06:51:02.752980,data/lms_loan_daily.csv,2023-10-01
CUS_0x25cc_2023_01_01,CUS_0x25cc,1/1/2023,10,9,10000,1000,1000,0,1000,1/10/2023,2023-10-01,2025-11-09 06:51:02.752980,data/lms_loan_daily.csv,2023-10-01
CUS_0x25ce_2023_08_01,CUS_0x25ce,1/8/2023,10,2,10000,1000,1000,0,8000,1/10/2023,2023-10-01,2025-11-09 06:51:02.752980,data/lms_loan_daily.csv,2023-10-01
CUS_0x25d8_2023_02_01,CUS_0x25d8,1/2/2023,10,8,10000,1000,0,4000,6000,1/10/2023,2023-10-01,2025-11-09 06:51:02.752980,data/lms_loan_daily.csv,2023-10-01
CUS_0x25ea_2023_03_01,CUS_0x25ea,1/3/2023,10,7,10000,1000,0,5000,8000,1/10/2023,2023-10-01,2025-11-09 06:51:02.752980,data/lms_loan_daily.csv,2023-10-01
CUS_0x25ed_2023_03_01,CUS_0x25ed,1/3/2023,10,7,10000,1000,1000,0,3000,1/10/2023,2023-10-01,2025-11-09 06:51:02.752980,data/lms_loan_daily.csv,2023-10-01
CUS_0x25f1_2023_08_01,CUS_0x25f1,1/8/2023,10,2,10000,1000,1000,0,8000,1/10/2023,2023-10-01,2025-11-09 06:51:02.752980,data/lms_loan_daily.csv,2023-10-01
CUS_0x2602_2023_02_01,CUS_0x2602,1/2/2023,10,8,10000,1000,1000,0,2000,1/10/2023,2023-10-01,2025-11-09 06:51:02.752980,data/lms_loan_daily.csv,2023-10-01
CUS_0x2611_2023_06_01,CUS_0x2611,1/6/2023,10,4,10000,1000,1000,0,6000,1/10/2023,2023-10-01,2025-11-09 06:51:02.752980,data/lms_loan_daily.csv,2023-10-01
CUS_0x2617_2023_06_01,CUS_0x2617,1/6/2023,10,4,10000,1000,1000,0,6000,1/10/2023,2023-10-01,2025-11-09 06:51:02.752980,data/lms_loan_daily.csv,2023-10-01
CUS_0x2618_2023_06_01,CUS_0x2618,1/6/2023,10,4,10000,1000,1000,0,6000,1/10/2023,2023-10-01,2025-11-09 06:51:02.752980,data/lms_loan_daily.csv,2023-10-01
CUS_0x262e_2023_03_01,CUS_0x262e,1/3/2023,10,7,10000,1000,0,6000,9000,1/10/2023,2023-10-01,2025-11-09 06:51:02.752980,data/lms_loan_daily.csv,2023-10-01
CUS_0x2637_2023_09_01,CUS_0x2637,1/9/2023,10,1,10000,1000,1000,0,9000,1/10/2023,2023-10-01,2025-11-09 06:51:02.752980,data/lms_loan_daily.csv,2023-10-01
CUS_0x2652_2023_03_01,CUS_0x2652,1/3/2023,10,7,10000,1000,1000,0,3000,1/10/2023,2023-10-01,2025-11-09 06:51:02.752980,data/lms_loan_daily.csv,2023-10-01
CUS_0x2657_2023_08_01,CUS_0x2657,1/8/2023,10,2,10000,1000,1000,0,8000,1/10/2023,2023-10-01,2025-11-09 06:51:02.752980,data/lms_loan_daily.csv,2023-10-01
CUS_0x265a_2023_04_01,CUS_0x265a,1/4/2023,10,6,10000,1000,1000,0,4000,1/10/2023,2023-10-01,2025-11-09 06:51:02.752980,data/lms_loan_daily.csv,2023-10-01
CUS_0x2662_2023_07_01,CUS_0x2662,1/7/2023,10,3,10000,1000,1000,0,7000,1/10/2023,2023-10-01,2025-11-09 06:51:02.752980,data/lms_loan_daily.csv,2023-10-01
CUS_0x2671_2023_10_01,CUS_0x2671,1/10/2023,10,0,10000,0,0,0,10000,1/10/2023,2023-10-01,2025-11-09 06:51:02.752980,data/lms_loan_daily.csv,2023-10-01
CUS_0x2694_2023_02_01,CUS_0x2694,1/2/2023,10,8,10000,1000,0,5000,7000,1/10/2023,2023-10-01,2025-11-09 06:51:02.752980,data/lms_loan_daily.csv,2023-10-01
CUS_0x269b_2023_02_01,CUS_0x269b,1/2/2023,10,8,10000,1000,0,6000,8000,1/10/2023,2023-10-01,2025-11-09 06:51:02.752980,data/lms_loan_daily.csv,2023-10-01
CUS_0x269f_2023_02_01,CUS_0x269f,1/2/2023,10,8,10000,1000,0,5000,7000,1/10/2023,2023-10-01,2025-11-09 06:51:02.752980,data/lms_loan_daily.csv,2023-10-01
CUS_0x26a1_2023_10_01,CUS_0x26a1,1/10/2023,10,0,10000,0,0,0,10000,1/10/2023,2023-10-01,2025-11-09 06:51:02.752980,data/lms_loan_daily.csv,2023-10-01
CUS_0x26a9_2023_07_01,CUS_0x26a9,1/7/2023,10,3,10000,1000,1000,0,7000,1/10/2023,2023-10-01,2025-11-09 06:51:02.752980,data/lms_loan_daily.csv,2023-10-01
CUS_0x26aa_2023_03_01,CUS_0x26aa,1/3/2023,10,7,10000,1000,1000,0,3000,1/10/2023,2023-10-01,2025-11-09 06:51:02.752980,data/lms_loan_daily.csv,2023-10-01
CUS_0x26be_2023_08_01,CUS_0x26be,1/8/2023,10,2,10000,1000,1000,0,8000,1/10/2023,2023-10-01,2025-11-09 06:51:02.752980,data/lms_loan_daily.csv,2023-10-01
CUS_0x26d0_2023_05_01,CUS_0x26d0,1/5/2023,10,5,10000,1000,1000,0,5000,1/10/2023,2023-10-01,2025-11-09 06:51:02.752980,data/lms_loan_daily.csv,2023-10-01
CUS_0x26d4_2023_08_01,CUS_0x26d4,1/8/2023,10,2,10000,1000,1000,0,8000,1/10/2023,2023-10-01,2025-11-09 06:51:02.752980,data/lms_loan_daily.csv,2023-10-01
CUS_0x26d7_2023_06_01,CUS_0x26d7,1/6/2023,10,4,10000,1000,1000,0,6000,1/10/2023,2023-10-01,2025-11-09 06:51:02.752980,data/lms_loan_daily.csv,2023-10-01
CUS_0x26da_2023_01_01,CUS_0x26da,1/1/2023,10,9,10000,1000,1000,0,1000,1/10/2023,2023-10-01,2025-11-09 06:51:02.752980,data/lms_loan_daily.csv,2023-10-01
CUS_0x26e0_2023_10_01,CUS_0x26e0,1/10/2023,10,0,10000,0,0,0,10000,1/10/2023,2023-10-01,2025-11-09 06:51:02.752980,data/lms_loan_daily.csv,2023-10-01
CUS_0x26e3_2023_02_01,CUS_0x26e3,1/2/2023,10,8,10000,1000,1000,0,2000,1/10/2023,2023-10-01,2025-11-09 06:51:02.752980,data/lms_loan_daily.csv,2023-10-01
CUS_0x26ea_2023_06_01,CUS_0x26ea,1/6/2023,10,4,10000,1000,1000,0,6000,1/10/2023,2023-10-01,2025-11-09 06:51:02.752980,data/lms_loan_daily.csv,2023-10-01
CUS_0x26f8_2023_02_01,CUS_0x26f8,1/2/2023,10,8,10000,1000,0,6000,8000,1/10/2023,2023-10-01,2025-11-09 06:51:02.752980,data/lms_loan_daily.csv,2023-10-01
CUS_0x26fd_2023_03_01,CUS_0x26fd,1/3/2023,10,7,10000,1000,1000,0,3000,1/10/2023,2023-10-01,2025-11-09 06:51:02.752980,data/lms_loan_daily.csv,2023-10-01
CUS_0x270e_2023_05_01,CUS_0x270e,1/5/2023,10,5,10000,1000,0,4000,9000,1/10/2023,2023-10-01,2025-11-09 06:51:02.752980,data/lms_loan_daily.csv,2023-10-01
CUS_0x271b_2023_09_01,CUS_0x271b,1/9/2023,10,1,10000,1000,1000,0,9000,1/10/2023,2023-10-01,2025-11-09 06:51:02.752980,data/lms_loan_daily.csv,2023-10-01
CUS_0x271e_2023_04_01,CUS_0x271e,1/4/2023,10,6,10000,1000,1000,0,4000,1/10/2023,2023-10-01,2025-11-09 06:51:02.752980,data/lms_loan_daily.csv,2023-10-01
CUS_0x272c_2023_10_01,CUS_0x272c,1/10/2023,10,0,10000,0,0,0,10000,1/10/2023,2023-10-01,2025-11-09 06:51:02.752980,data/lms_loan_daily.csv,2023-10-01
CUS_0x2734_2023_10_01,CUS_0x2734,1/10/2023,10,0,10000,0,0,0,10000,1/10/2023,2023-10-01,2025-11-09 06:51:02.752980,data/lms_loan_daily.csv,2023-10-01
CUS_0x2742_2023_02_01,CUS_0x2742,1/2/2023,10,8,10000,1000,0,4000,6000,1/10/2023,2023-10-01,2025-11-09 06:51:02.752980,data/lms_loan_daily.csv,2023-10-01
CUS_0x2746_2023_09_01,CUS_0x2746,1/9/2023,10,1,10000,1000,1000,0,9000,1/10/2023,2023-10-01,2025-11-09 06:51:02.752980,data/lms_loan_daily.csv,2023-10-01
CUS_0x2747_2023_03_01,CUS_0x2747,1/3/2023,10,7,10000,1000,1000,0,3000,1/10/2023,2023-10-01,2025-11-09 06:51:02.752980,data/lms_loan_daily.csv,2023-10-01
CUS_0x275a_2023_04_01,CUS_0x275a,1/4/2023,10,6,10000,1000,0,4000,8000,1/10/2023,2023-10-01,2025-11-09 06:51:02.752980,data/lms_loan_daily.csv,2023-10-01
CUS_0x275c_2023_06_01,CUS_0x275c,1/6/2023,10,4,10000,1000,0,1000,7000,1/10/2023,2023-10-01,2025-11-09 06:51:02.752980,data/lms_loan_daily.csv,2023-10-01
CUS_0x275d_2023_03_01,CUS_0x275d,1/3/2023,10,7,10000,1000,0,4000,7000,1/10/2023,2023-10-01,2025-11-09 06:51:02.752980,data/lms_loan_daily.csv,2023-10-01
CUS_0x275e_2023_10_01,CUS_0x275e,1/10/2023,10,0,10000,0,0,0,10000,1/10/2023,2023-10-01,2025-11-09 06:51:02.752980,data/lms_loan_daily.csv,2023-10-01
CUS_0x2761_2023_08_01,CUS_0x2761,1/8/2023,10,2,10000,1000,1000,0,8000,1/10/2023,2023-10-01,2025-11-09 06:51:02.752980,data/lms_loan_daily.csv,2023-10-01
CUS_0x276a_2023_03_01,CUS_0x276a,1/3/2023,10,7,10000,1000,0,4000,7000,1/10/2023,2023-10-01,2025-11-09 06:51:02.752980,data/lms_loan_daily.csv,2023-10-01
CUS_0x2771_2023_04_01,CUS_0x2771,1/4/2023,10,6,10000,1000,0,5000,9000,1/10/2023,2023-10-01,2025-11-09 06:51:02.752980,data/lms_loan_daily.csv,2023-10-01
CUS_0x2777_2023_05_01,CUS_0x2777,1/5/2023,10,5,10000,1000,1000,0,5000,1/10/2023,2023-10-01,2025-11-09 06:51:02.752980,data/lms_loan_daily.csv,2023-10-01
CUS_0x2778_2023_03_01,CUS_0x2778,1/3/2023,10,7,10000,1000,1000,0,3000,1/10/2023,2023-10-01,2025-11-09 06:51:02.752980,data/lms_loan_daily.csv,2023-10-01
CUS_0x2784_2023_07_01,CUS_0x2784,1/7/2023,10,3,10000,1000,3000,0,7000,1/10/2023,2023-10-01,2025-11-09 06:51:02.752980,data/lms_loan_daily.csv,2023-10-01
CUS_0x2794_2023_06_01,CUS_0x2794,1/6/2023,10,4,10000,1000,1000,0,6000,1/10/2023,2023-10-01,2025-11-09 06:51:02.752980,data/lms_loan_daily.csv,2023-10-01
CUS_0x2796_2023_03_01,CUS_0x2796,1/3/2023,10,7,10000,1000,1000,0,3000,1/10/2023,2023-10-01,2025-11-09 06:51:02.752980,data/lms_loan_daily.csv,2023-10-01
CUS_0x279f_2023_04_01,CUS_0x279f,1/4/2023,10,6,10000,1000,0,4000,8000,1/10/2023,2023-10-01,2025-11-09 06:51:02.752980,data/lms_loan_daily.csv,2023-10-01
CUS_0x27a3_2023_09_01,CUS_0x27a3,1/9/2023,10,1,10000,1000,1000,0,9000,1/10/2023,2023-10-01,2025-11-09 06:51:02.752980,data/lms_loan_daily.csv,2023-10-01
CUS_0x27a4_2023_06_01,CUS_0x27a4,1/6/2023,10,4,10000,1000,1000,0,6000,1/10/2023,2023-10-01,2025-11-09 06:51:02.752980,data/lms_loan_daily.csv,2023-10-01
CUS_0x27a9_2023_08_01,CUS_0x27a9,1/8/2023,10,2,10000,1000,1000,0,8000,1/10/2023,2023-10-01,2025-11-09 06:51:02.752980,data/lms_loan_daily.csv,2023-10-01
CUS_0x27ae_2023_02_01,CUS_0x27ae,1/2/2023,10,8,10000,1000,1000,0,2000,1/10/2023,2023-10-01,2025-11-09 06:51:02.752980,data/lms_loan_daily.csv,2023-10-01
CUS_0x27d5_2023_10_01,CUS_0x27d5,1/10/2023,10,0,10000,0,0,0,10000,1/10/2023,2023-10-01,2025-11-09 06:51:02.752980,data/lms_loan_daily.csv,2023-10-01
CUS_0x27df_2023_03_01,CUS_0x27df,1/3/2023,10,7,10000,1000,1000,0,3000,1/10/2023,2023-10-01,2025-11-09 06:51:02.752980,data/lms_loan_daily.csv,2023-10-01
CUS_0x27e8_2023_04_01,CUS_0x27e8,1/4/2023,10,6,10000,1000,0,6000,10000,1/10/2023,2023-10-01,2025-11-09 06:51:02.752980,data/lms_loan_daily.csv,2023-10-01
CUS_0x27fb_2023_08_01,CUS_0x27fb,1/8/2023,10,2,10000,1000,1000,0,8000,1/10/2023,2023-10-01,2025-11-09 06:51:02.752980,data/lms_loan_daily.csv,2023-10-01
CUS_0x2803_2023_05_01,CUS_0x2803,1/5/2023,10,5,10000,1000,1000,0,5000,1/10/2023,2023-10-01,2025-11-09 06:51:02.752980,data/lms_loan_daily.csv,2023-10-01
CUS_0x280b_2023_05_01,CUS_0x280b,1/5/2023,10,5,10000,1000,1000,0,5000,1/10/2023,2023-10-01,2025-11-09 06:51:02.752980,data/lms_loan_daily.csv,2023-10-01
CUS_0x2822_2023_06_01,CUS_0x2822,1/6/2023,10,4,10000,1000,1000,0,6000,1/10/2023,2023-10-01,2025-11-09 06:51:02.752980,data/lms_loan_daily.csv,2023-10-01
CUS_0x282a_2023_05_01,CUS_0x282a,1/5/2023,10,5,10000,1000,0,3000,8000,1/10/2023,2023-10-01,2025-11-09 06:51:02.752980,data/lms_loan_daily.csv,2023-10-01
CUS_0x282b_2023_07_01,CUS_0x282b,1/7/2023,10,3,10000,1000,1000,0,7000,1/10/2023,2023-10-01,2025-11-09 06:51:02.752980,data/lms_loan_daily.csv,2023-10-01
CUS_0x2847_2023_03_01,CUS_0x2847,1/3/2023,10,7,10000,1000,0,5000,8000,1/10/2023,2023-10-01,2025-11-09 06:51:02.752980,data/lms_loan_daily.csv,2023-10-01
CUS_0x284a_2023_01_01,CUS_0x284a,1/1/2023,10,9,10000,1000,1000,0,1000,1/10/2023,2023-10-01,2025-11-09 06:51:02.752980,data/lms_loan_daily.csv,2023-10-01
CUS_0x284f_2023_02_01,CUS_0x284f,1/2/2023,10,8,10000,1000,1000,0,2000,1/10/2023,2023-10-01,2025-11-09 06:51:02.752980,data/lms_loan_daily.csv,2023-10-01
CUS_0x2858_2023_10_01,CUS_0x2858,1/10/2023,10,0,10000,0,0,0,10000,1/10/2023,2023-10-01,2025-11-09 06:51:02.752980,data/lms_loan_daily.csv,2023-10-01
CUS_0x2879_2023_05_01,CUS_0x2879,1/5/2023,10,5,10000,1000,0,2000,7000,1/10/2023,2023-10-01,2025-11-09 06:51:02.752980,data/lms_loan_daily.csv,2023-10-01
CUS_0x287f_2023_02_01,CUS_0x287f,1/2/2023,10,8,10000,1000,1000,0,2000,1/10/2023,2023-10-01,2025-11-09 06:51:02.752980,data/lms_loan_daily.csv,2023-10-01
CUS_0x288b_2023_08_01,CUS_0x288b,1/8/2023,10,2,10000,1000,1000,0,8000,1/10/2023,2023-10-01,2025-11-09 06:51:02.752980,data/lms_loan_daily.csv,2023-10-01
CUS_0x288d_2023_10_01,CUS_0x288d,1/10/2023,10,0,10000,0,0,0,10000,1/10/2023,2023-10-01,2025-11-09 06:51:02.752980,data/lms_loan_daily.csv,2023-10-01
CUS_0x2890_2023_08_01,CUS_0x2890,1/8/2023,10,2,10000,1000,1000,0,8000,1/10/2023,2023-10-01,2025-11-09 06:51:02.752980,data/lms_loan_daily.csv,2023-10-01
CUS_0x289d_2023_10_01,CUS_0x289d,1/10/2023,10,0,10000,0,0,0,10000,1/10/2023,2023-10-01,2025-11-09 06:51:02.752980,data/lms_loan_daily.csv,2023-10-01
CUS_0x289e_2023_01_01,CUS_0x289e,1/1/2023,10,9,10000,1000,1000,0,1000,1/10/2023,2023-10-01,2025-11-09 06:51:02.752980,data/lms_loan_daily.csv,2023-10-01
CUS_0x28a7_2023_07_01,CUS_0x28a7,1/7/2023,10,3,10000,1000,1000,0,7000,1/10/2023,2023-10-01,2025-11-09 06:51:02.752980,data/lms_loan_daily.csv,2023-10-01
CUS_0x28b4_2023_08_01,CUS_0x28b4,1/8/2023,10,2,10000,1000,1000,0,8000,1/10/2023,2023-10-01,2025-11-09 06:51:02.752980,data/lms_loan_daily.csv,2023-10-01
CUS_0x28ba_2023_08_01,CUS_0x28ba,1/8/2023,10,2,10000,1000,1000,0,8000,1/10/2023,2023-10-01,2025-11-09 06:51:02.752980,data/lms_loan_daily.csv,2023-10-01
CUS_0x28d2_2023_08_01,CUS_0x28d2,1/8/2023,10,2,10000,1000,1000,0,8000,1/10/2023,2023-10-01,2025-11-09 06:51:02.752980,data/lms_loan_daily.csv,2023-10-01
CUS_0x28d8_2023_07_01,CUS_0x28d8,1/7/2023,10,3,10000,1000,1000,0,7000,1/10/2023,2023-10-01,2025-11-09 06:51:02.752980,data/lms_loan_daily.csv,2023-10-01
CUS_0x2907_2023_08_01,CUS_0x2907,1/8/2023,10,2,10000,1000,1000,0,8000,1/10/2023,2023-10-01,2025-11-09 06:51:02.752980,data/lms_loan_daily.csv,2023-10-01
CUS_0x290c_2023_03_01,CUS_0x290c,1/3/2023,10,7,10000,1000,0,4000,7000,1/10/2023,2023-10-01,2025-11-09 06:51:02.752980,data/lms_loan_daily.csv,2023-10-01
CUS_0x2910_2023_07_01,CUS_0x2910,1/7/2023,10,3,10000,1000,1000,0,7000,1/10/2023,2023-10-01,2025-11-09 06:51:02.752980,data/lms_loan_daily.csv,2023-10-01
CUS_0x2913_2023_09_01,CUS_0x2913,1/9/2023,10,1,10000,1000,1000,0,9000,1/10/2023,2023-10-01,2025-11-09 06:51:02.752980,data/lms_loan_daily.csv,2023-10-01
CUS_0x2923_2023_08_01,CUS_0x2923,1/8/2023,10,2,10000,1000,0,1000,9000,1/10/2023,2023-10-01,2025-11-09 06:51:02.752980,data/lms_loan_daily.csv,2023-10-01
CUS_0x2924_2023_10_01,CUS_0x2924,1/10/2023,10,0,10000,0,0,0,10000,1/10/2023,2023-10-01,2025-11-09 06:51:02.752980,data/lms_loan_daily.csv,2023-10-01
CUS_0x292d_2023_01_01,CUS_0x292d,1/1/2023,10,9,10000,1000,1000,0,1000,1/10/2023,2023-10-01,2025-11-09 06:51:02.752980,data/lms_loan_daily.csv,2023-10-01
CUS_0x294b_2023_08_01,CUS_0x294b,1/8/2023,10,2,10000,1000,1000,0,8000,1/10/2023,2023-10-01,2025-11-09 06:51:02.752980,data/lms_loan_daily.csv,2023-10-01
CUS_0x2950_2023_05_01,CUS_0x2950,1/5/2023,10,5,10000,1000,1000,0,5000,1/10/2023,2023-10-01,2025-11-09 06:51:02.752980,data/lms_loan_daily.csv,2023-10-01
CUS_0x2951_2023_02_01,CUS_0x2951,1/2/2023,10,8,10000,1000,1000,0,2000,1/10/2023,2023-10-01,2025-11-09 06:51:02.752980,data/lms_loan_daily.csv,2023-10-01
CUS_0x2958_2023_10_01,CUS_0x2958,1/10/2023,10,0,10000,0,0,0,10000,1/10/2023,2023-10-01,2025-11-09 06:51:02.752980,data/lms_loan_daily.csv,2023-10-01
CUS_0x295f_2023_05_01,CUS_0x295f,1/5/2023,10,5,10000,1000,1000,0,5000,1/10/2023,2023-10-01,2025-11-09 06:51:02.752980,data/lms_loan_daily.csv,2023-10-01
CUS_0x296f_2023_03_01,CUS_0x296f,1/3/2023,10,7,10000,1000,0,4000,7000,1/10/2023,2023-10-01,2025-11-09 06:51:02.752980,data/lms_loan_daily.csv,2023-10-01
CUS_0x2976_2023_05_01,CUS_0x2976,1/5/2023,10,5,10000,1000,1000,0,5000,1/10/2023,2023-10-01,2025-11-09 06:51:02.752980,data/lms_loan_daily.csv,2023-10-01
CUS_0x297f_2023_09_01,CUS_0x297f,1/9/2023,10,1,10000,1000,1000,0,9000,1/10/2023,2023-10-01,2025-11-09 06:51:02.752980,data/lms_loan_daily.csv,2023-10-01
CUS_0x2985_2023_02_01,CUS_0x2985,1/2/2023,10,8,10000,1000,1000,0,2000,1/10/2023,2023-10-01,2025-11-09 06:51:02.752980,data/lms_loan_daily.csv,2023-10-01
CUS_0x298e_2023_06_01,CUS_0x298e,1/6/2023,10,4,10000,1000,1000,0,6000,1/10/2023,2023-10-01,2025-11-09 06:51:02.752980,data/lms_loan_daily.csv,2023-10-01
CUS_0x2997_2023_06_01,CUS_0x2997,1/6/2023,10,4,10000,1000,1000,0,6000,1/10/2023,2023-10-01,2025-11-09 06:51:02.752980,data/lms_loan_daily.csv,2023-10-01
CUS_0x299d_2023_04_01,CUS_0x299d,1/4/2023,10,6,10000,1000,1000,0,4000,1/10/2023,2023-10-01,2025-11-09 06:51:02.752980,data/lms_loan_daily.csv,2023-10-01
CUS_0x29b1_2023_01_01,CUS_0x29b1,1/1/2023,10,9,10000,1000,0,7000,8000,1/10/2023,2023-10-01,2025-11-09 06:51:02.752980,data/lms_loan_daily.csv,2023-10-01
CUS_0x29b4_2023_09_01,CUS_0x29b4,1/9/2023,10,1,10000,1000,1000,0,9000,1/10/2023,2023-10-01,2025-11-09 06:51:02.752980,data/lms_loan_daily.csv,2023-10-01
CUS_0x29d8_2023_08_01,CUS_0x29d8,1/8/2023,10,2,10000,1000,0,1000,9000,1/10/2023,2023-10-01,2025-11-09 06:51:02.752980,data/lms_loan_daily.csv,2023-10-01
CUS_0x29dd_2023_04_01,CUS_0x29dd,1/4/2023,10,6,10000,1000,1000,0,4000,1/10/2023,2023-10-01,2025-11-09 06:51:02.752980,data/lms_loan_daily.csv,2023-10-01
CUS_0x29e0_2023_10_01,CUS_0x29e0,1/10/2023,10,0,10000,0,0,0,10000,1/10/2023,2023-10-01,2025-11-09 06:51:02.752980,data/lms_loan_daily.csv,2023-10-01
CUS_0x29e1_2023_09_01,CUS_0x29e1,1/9/2023,10,1,10000,1000,1000,0,9000,1/10/2023,2023-10-01,2025-11-09 06:51:02.752980,data/lms_loan_daily.csv,2023-10-01
CUS_0x29ef_2023_08_01,CUS_0x29ef,1/8/2023,10,2,10000,1000,1000,0,8000,1/10/2023,2023-10-01,2025-11-09 06:51:02.752980,data/lms_loan_daily.csv,2023-10-01
CUS_0x29f5_2023_03_01,CUS_0x29f5,1/3/2023,10,7,10000,1000,1000,0,3000,1/10/2023,2023-10-01,2025-11-09 06:51:02.752980,data/lms_loan_daily.csv,2023-10-01
CUS_0x29f9_2023_09_01,CUS_0x29f9,1/9/2023,10,1,10000,1000,1000,0,9000,1/10/2023,2023-10-01,2025-11-09 06:51:02.752980,data/lms_loan_daily.csv,2023-10-01
CUS_0x29fa_2023_08_01,CUS_0x29fa,1/8/2023,10,2,10000,1000,1000,0,8000,1/10/2023,2023-10-01,2025-11-09 06:51:02.752980,data/lms_loan_daily.csv,2023-10-01
CUS_0x2a03_2023_10_01,CUS_0x2a03,1/10/2023,10,0,10000,0,0,0,10000,1/10/2023,2023-10-01,2025-11-09 06:51:02.752980,data/lms_loan_daily.csv,2023-10-01
CUS_0x2a08_2023_05_01,CUS_0x2a08,1/5/2023,10,5,10000,1000,0,3000,8000,1/10/2023,2023-10-01,2025-11-09 06:51:02.752980,data/lms_loan_daily.csv,2023-10-01
CUS_0x2a12_2023_04_01,CUS_0x2a12,1/4/2023,10,6,10000,1000,1000,0,4000,1/10/2023,2023-10-01,2025-11-09 06:51:02.752980,data/lms_loan_daily.csv,2023-10-01
CUS_0x2a15_2023_10_01,CUS_0x2a15,1/10/2023,10,0,10000,0,0,0,10000,1/10/2023,2023-10-01,2025-11-09 06:51:02.752980,data/lms_loan_daily.csv,2023-10-01
CUS_0x2a25_2023_09_01,CUS_0x2a25,1/9/2023,10,1,10000,1000,1000,0,9000,1/10/2023,2023-10-01,2025-11-09 06:51:02.752980,data/lms_loan_daily.csv,2023-10-01
CUS_0x2a3a_2023_04_01,CUS_0x2a3a,1/4/2023,10,6,10000,1000,0,2000,6000,1/10/2023,2023-10-01,2025-11-09 06:51:02.752980,data/lms_loan_daily.csv,2023-10-01
CUS_0x2a55_2023_01_01,CUS_0x2a55,1/1/2023,10,9,10000,1000,0,7000,8000,1/10/2023,2023-10-01,2025-11-09 06:51:02.752980,data/lms_loan_daily.csv,2023-10-01
CUS_0x2a60_2023_06_01,CUS_0x2a60,1/6/2023,10,4,10000,1000,2000,0,6000,1/10/2023,2023-10-01,2025-11-09 06:51:02.752980,data/lms_loan_daily.csv,2023-10-01
CUS_0x2a61_2023_09_01,CUS_0x2a61,1/9/2023,10,1,10000,1000,1000,0,9000,1/10/2023,2023-10-01,2025-11-09 06:51:02.752980,data/lms_loan_daily.csv,2023-10-01
CUS_0x2a66_2023_10_01,CUS_0x2a66,1/10/2023,10,0,10000,0,0,0,10000,1/10/2023,2023-10-01,2025-11-09 06:51:02.752980,data/lms_loan_daily.csv,2023-10-01
CUS_0x2a68_2023_08_01,CUS_0x2a68,1/8/2023,10,2,10000,1000,1000,0,8000,1/10/2023,2023-10-01,2025-11-09 06:51:02.752980,data/lms_loan_daily.csv,2023-10-01
CUS_0x2a69_2023_08_01,CUS_0x2a69,1/8/2023,10,2,10000,1000,1000,0,8000,1/10/2023,2023-10-01,2025-11-09 06:51:02.752980,data/lms_loan_daily.csv,2023-10-01
CUS_0x2a6b_2023_10_01,CUS_0x2a6b,1/10/2023,10,0,10000,0,0,0,10000,1/10/2023,2023-10-01,2025-11-09 06:51:02.752980,data/lms_loan_daily.csv,2023-10-01
CUS_0x2a77_2023_04_01,CUS_0x2a77,1/4/2023,10,6,10000,1000,1000,0,4000,1/10/2023,2023-10-01,2025-11-09 06:51:02.752980,data/lms_loan_daily.csv,2023-10-01
CUS_0x2a79_2023_02_01,CUS_0x2a79,1/2/2023,10,8,10000,1000,1000,0,2000,1/10/2023,2023-10-01,2025-11-09 06:51:02.752980,data/lms_loan_daily.csv,2023-10-01
CUS_0x2a7d_2023_01_01,CUS_0x2a7d,1/1/2023,10,9,10000,1000,1000,0,1000,1/10/2023,2023-10-01,2025-11-09 06:51:02.752980,data/lms_loan_daily.csv,2023-10-01
CUS_0x2a83_2023_05_01,CUS_0x2a83,1/5/2023,10,5,10000,1000,1000,0,5000,1/10/2023,2023-10-01,2025-11-09 06:51:02.752980,data/lms_loan_daily.csv,2023-10-01
CUS_0x2a9a_2023_05_01,CUS_0x2a9a,1/5/2023,10,5,10000,1000,1000,0,5000,1/10/2023,2023-10-01,2025-11-09 06:51:02.752980,data/lms_loan_daily.csv,2023-10-01
CUS_0x2aac_2023_08_01,CUS_0x2aac,1/8/2023,10,2,10000,1000,0,1000,9000,1/10/2023,2023-10-01,2025-11-09 06:51:02.752980,data/lms_loan_daily.csv,2023-10-01
CUS_0x2ab3_2023_06_01,CUS_0x2ab3,1/6/2023,10,4,10000,1000,1000,0,6000,1/10/2023,2023-10-01,2025-11-09 06:51:02.752980,data/lms_loan_daily.csv,2023-10-01
CUS_0x2abc_2023_01_01,CUS_0x2abc,1/1/2023,10,9,10000,1000,1000,0,1000,1/10/2023,2023-10-01,2025-11-09 06:51:02.752980,data/lms_loan_daily.csv,2023-10-01
CUS_0x2ac8_2023_09_01,CUS_0x2ac8,1/9/2023,10,1,10000,1000,1000,0,9000,1/10/2023,2023-10-01,2025-11-09 06:51:02.752980,data/lms_loan_daily.csv,2023-10-01
CUS_0x2acc_2023_04_01,CUS_0x2acc,1/4/2023,10,6,10000,1000,0,5000,9000,1/10/2023,2023-10-01,2025-11-09 06:51:02.752980,data/lms_loan_daily.csv,2023-10-01
CUS_0x2ad2_2023_01_01,CUS_0x2ad2,1/1/2023,10,9,10000,1000,1000,0,1000,1/10/2023,2023-10-01,2025-11-09 06:51:02.752980,data/lms_loan_daily.csv,2023-10-01
CUS_0x2ad6_2023_05_01,CUS_0x2ad6,1/5/2023,10,5,10000,1000,1000,0,5000,1/10/2023,2023-10-01,2025-11-09 06:51:02.752980,data/lms_loan_daily.csv,2023-10-01
CUS_0x2adf_2023_03_01,CUS_0x2adf,1/3/2023,10,7,10000,1000,1000,0,3000,1/10/2023,2023-10-01,2025-11-09 06:51:02.752980,data/lms_loan_daily.csv,2023-10-01
CUS_0x2aed_2023_09_01,CUS_0x2aed,1/9/2023,10,1,10000,1000,1000,0,9000,1/10/2023,2023-10-01,2025-11-09 06:51:02.752980,data/lms_loan_daily.csv,2023-10-01
CUS_0x2aff_2023_08_01,CUS_0x2aff,1/8/2023,10,2,10000,1000,1000,0,8000,1/10/2023,2023-10-01,2025-11-09 06:51:02.752980,data/lms_loan_daily.csv,2023-10-01
CUS_0x2b06_2023_08_01,CUS_0x2b06,1/8/2023,10,2,10000,1000,1000,0,8000,1/10/2023,2023-10-01,2025-11-09 06:51:02.752980,data/lms_loan_daily.csv,2023-10-01
CUS_0x2b29_2023_09_01,CUS_0x2b29,1/9/2023,10,1,10000,1000,1000,0,9000,1/10/2023,2023-10-01,2025-11-09 06:51:02.752980,data/lms_loan_daily.csv,2023-10-01
CUS_0x2b2a_2023_10_01,CUS_0x2b2a,1/10/2023,10,0,10000,0,0,0,10000,1/10/2023,2023-10-01,2025-11-09 06:51:02.752980,data/lms_loan_daily.csv,2023-10-01
CUS_0x2b2d_2023_01_01,CUS_0x2b2d,1/1/2023,10,9,10000,1000,0,6000,7000,1/10/2023,2023-10-01,2025-11-09 06:51:02.752980,data/lms_loan_daily.csv,2023-10-01
CUS_0x2b39_2023_10_01,CUS_0x2b39,1/10/2023,10,0,10000,0,0,0,10000,1/10/2023,2023-10-01,2025-11-09 06:51:02.752980,data/lms_loan_daily.csv,2023-10-01
CUS_0x2b3c_2023_02_01,CUS_0x2b3c,1/2/2023,10,8,10000,1000,1000,0,2000,1/10/2023,2023-10-01,2025-11-09 06:51:02.752980,data/lms_loan_daily.csv,2023-10-01
CUS_0x2b51_2023_04_01,CUS_0x2b51,1/4/2023,10,6,10000,1000,1000,0,4000,1/10/2023,2023-10-01,2025-11-09 06:51:02.752980,data/lms_loan_daily.csv,2023-10-01
CUS_0x2b58_2023_08_01,CUS_0x2b58,1/8/2023,10,2,10000,1000,1000,0,8000,1/10/2023,2023-10-01,2025-11-09 06:51:02.752980,data/lms_loan_daily.csv,2023-10-01
CUS_0x2b60_2023_09_01,CUS_0x2b60,1/9/2023,10,1,10000,1000,0,1000,10000,1/10/2023,2023-10-01,2025-11-09 06:51:02.752980,data/lms_loan_daily.csv,2023-10-01
CUS_0x2b61_2023_10_01,CUS_0x2b61,1/10/2023,10,0,10000,0,0,0,10000,1/10/2023,2023-10-01,2025-11-09 06:51:02.752980,data/lms_loan_daily.csv,2023-10-01
CUS_0x2b6e_2023_06_01,CUS_0x2b6e,1/6/2023,10,4,10000,1000,1000,0,6000,1/10/2023,2023-10-01,2025-11-09 06:51:02.752980,data/lms_loan_daily.csv,2023-10-01
CUS_0x2b73_2023_08_01,CUS_0x2b73,1/8/2023,10,2,10000,1000,1000,0,8000,1/10/2023,2023-10-01,2025-11-09 06:51:02.752980,data/lms_loan_daily.csv,2023-10-01
CUS_0x2b76_2023_06_01,CUS_0x2b76,1/6/2023,10,4,10000,1000,1000,0,6000,1/10/2023,2023-10-01,2025-11-09 06:51:02.752980,data/lms_loan_daily.csv,2023-10-01
CUS_0x2b77_2023_09_01,CUS_0x2b77,1/9/2023,10,1,10000,1000,1000,0,9000,1/10/2023,2023-10-01,2025-11-09 06:51:02.752980,data/lms_loan_daily.csv,2023-10-01
CUS_0x2b7e_2023_04_01,CUS_0x2b7e,1/4/2023,10,6,10000,1000,1000,0,4000,1/10/2023,2023-10-01,2025-11-09 06:51:02.752980,data/lms_loan_daily.csv,2023-10-01
CUS_0x2b83_2023_01_01,CUS_0x2b83,1/1/2023,10,9,10000,1000,1000,0,1000,1/10/2023,2023-10-01,2025-11-09 06:51:02.752980,data/lms_loan_daily.csv,2023-10-01
CUS_0x2b8a_2023_08_01,CUS_0x2b8a,1/8/2023,10,2,10000,1000,0,1000,9000,1/10/2023,2023-10-01,2025-11-09 06:51:02.752980,data/lms_loan_daily.csv,2023-10-01
CUS_0x2b94_2023_05_01,CUS_0x2b94,1/5/2023,10,5,10000,1000,1000,0,5000,1/10/2023,2023-10-01,2025-11-09 06:51:02.752980,data/lms_loan_daily.csv,2023-10-01
CUS_0x2b9e_2023_03_01,CUS_0x2b9e,1/3/2023,10,7,10000,1000,0,5000,8000,1/10/2023,2023-10-01,2025-11-09 06:51:02.752980,data/lms_loan_daily.csv,2023-10-01
CUS_0x2ba8_2023_08_01,CUS_0x2ba8,1/8/2023,10,2,10000,1000,1000,0,8000,1/10/2023,2023-10-01,2025-11-09 06:51:02.752980,data/lms_loan_daily.csv,2023-10-01
CUS_0x2baf_2023_01_01,CUS_0x2baf,1/1/2023,10,9,10000,1000,0,6000,7000,1/10/2023,2023-10-01,2025-11-09 06:51:02.752980,data/lms_loan_daily.csv,2023-10-01
CUS_0x2bba_2023_10_01,CUS_0x2bba,1/10/2023,10,0,10000,0,0,0,10000,1/10/2023,2023-10-01,2025-11-09 06:51:02.752980,data/lms_loan_daily.csv,2023-10-01
CUS_0x2bc0_2023_09_01,CUS_0x2bc0,1/9/2023,10,1,10000,1000,1000,0,9000,1/10/2023,2023-10-01,2025-11-09 06:51:02.752980,data/lms_loan_daily.csv,2023-10-01
CUS_0x2bc8_2023_02_01,CUS_0x2bc8,1/2/2023,10,8,10000,1000,1000,0,2000,1/10/2023,2023-10-01,2025-11-09 06:51:02.752980,data/lms_loan_daily.csv,2023-10-01
CUS_0x2bc9_2023_02_01,CUS_0x2bc9,1/2/2023,10,8,10000,1000,0,7000,9000,1/10/2023,2023-10-01,2025-11-09 06:51:02.752980,data/lms_loan_daily.csv,2023-10-01
CUS_0x2bcb_2023_02_01,CUS_0x2bcb,1/2/2023,10,8,10000,1000,1000,0,2000,1/10/2023,2023-10-01,2025-11-09 06:51:02.752980,data/lms_loan_daily.csv,2023-10-01
CUS_0x2bd2_2023_10_01,CUS_0x2bd2,1/10/2023,10,0,10000,0,0,0,10000,1/10/2023,2023-10-01,2025-11-09 06:51:02.752980,data/lms_loan_daily.csv,2023-10-01
CUS_0x2be8_2023_08_01,CUS_0x2be8,1/8/2023,10,2,10000,1000,1000,0,8000,1/10/2023,2023-10-01,2025-11-09 06:51:02.752980,data/lms_loan_daily.csv,2023-10-01
CUS_0x2bec_2023_06_01,CUS_0x2bec,1/6/2023,10,4,10000,1000,1000,0,6000,1/10/2023,2023-10-01,2025-11-09 06:51:02.752980,data/lms_loan_daily.csv,2023-10-01
CUS_0x2bf1_2023_09_01,CUS_0x2bf1,1/9/2023,10,1,10000,1000,1000,0,9000,1/10/2023,2023-10-01,2025-11-09 06:51:02.752980,data/lms_loan_daily.csv,2023-10-01
CUS_0x2bf4_2023_07_01,CUS_0x2bf4,1/7/2023,10,3,10000,1000,1000,0,7000,1/10/2023,2023-10-01,2025-11-09 06:51:02.752980,data/lms_loan_daily.csv,2023-10-01
CUS_0x2bf6_2023_01_01,CUS_0x2bf6,1/1/2023,10,9,10000,1000,1000,0,1000,1/10/2023,2023-10-01,2025-11-09 06:51:02.752980,data/lms_loan_daily.csv,2023-10-01
CUS_0x2bfa_2023_01_01,CUS_0x2bfa,1/1/2023,10,9,10000,1000,1000,0,1000,1/10/2023,2023-10-01,2025-11-09 06:51:02.752980,data/lms_loan_daily.csv,2023-10-01
CUS_0x2bfb_2023_02_01,CUS_0x2bfb,1/2/2023,10,8,10000,1000,0,5000,7000,1/10/2023,2023-10-01,2025-11-09 06:51:02.752980,data/lms_loan_daily.csv,2023-10-01
CUS_0x2bfe_2023_04_01,CUS_0x2bfe,1/4/2023,10,6,10000,1000,1000,0,4000,1/10/2023,2023-10-01,2025-11-09 06:51:02.752980,data/lms_loan_daily.csv,2023-10-01
CUS_0x2c04_2023_04_01,CUS_0x2c04,1/4/2023,10,6,10000,1000,0,2000,6000,1/10/2023,2023-10-01,2025-11-09 06:51:02.752980,data/lms_loan_daily.csv,2023-10-01
CUS_0x2c0d_2023_03_01,CUS_0x2c0d,1/3/2023,10,7,10000,1000,0,4000,7000,1/10/2023,2023-10-01,2025-11-09 06:51:02.752980,data/lms_loan_daily.csv,2023-10-01
CUS_0x2c13_2023_06_01,CUS_0x2c13,1/6/2023,10,4,10000,1000,2000,0,6000,1/10/2023,2023-10-01,2025-11-09 06:51:02.752980,data/lms_loan_daily.csv,2023-10-01
CUS_0x2c14_2023_09_01,CUS_0x2c14,1/9/2023,10,1,10000,1000,0,1000,10000,1/10/2023,2023-10-01,2025-11-09 06:51:02.752980,data/lms_loan_daily.csv,2023-10-01
CUS_0x2c18_2023_05_01,CUS_0x2c18,1/5/2023,10,5,10000,1000,0,3000,8000,1/10/2023,2023-10-01,2025-11-09 06:51:02.752980,data/lms_loan_daily.csv,2023-10-01
CUS_0x2c21_2023_03_01,CUS_0x2c21,1/3/2023,10,7,10000,1000,0,5000,8000,1/10/2023,2023-10-01,2025-11-09 06:51:02.752980,data/lms_loan_daily.csv,2023-10-01
CUS_0x2c22_2023_06_01,CUS_0x2c22,1/6/2023,10,4,10000,1000,1000,0,6000,1/10/2023,2023-10-01,2025-11-09 06:51:02.752980,data/lms_loan_daily.csv,2023-10-01
CUS_0x2c32_2023_06_01,CUS_0x2c32,1/6/2023,10,4,10000,1000,0,1000,7000,1/10/2023,2023-10-01,2025-11-09 06:51:02.752980,data/lms_loan_daily.csv,2023-10-01
CUS_0x2c48_2023_03_01,CUS_0x2c48,1/3/2023,10,7,10000,1000,1000,0,3000,1/10/2023,2023-10-01,2025-11-09 06:51:02.752980,data/lms_loan_daily.csv,2023-10-01
CUS_0x2c54_2023_05_01,CUS_0x2c54,1/5/2023,10,5,10000,1000,1000,0,5000,1/10/2023,2023-10-01,2025-11-09 06:51:02.752980,data/lms_loan_daily.csv,2023-10-01
CUS_0x2c5b_2023_07_01,CUS_0x2c5b,1/7/2023,10,3,10000,1000,1000,0,7000,1/10/2023,2023-10-01,2025-11-09 06:51:02.752980,data/lms_loan_daily.csv,2023-10-01
CUS_0x2c5e_2023_03_01,CUS_0x2c5e,1/3/2023,10,7,10000,1000,0,4000,7000,1/10/2023,2023-10-01,2025-11-09 06:51:02.752980,data/lms_loan_daily.csv,2023-10-01
CUS_0x2c60_2023_03_01,CUS_0x2c60,1/3/2023,10,7,10000,1000,1000,0,3000,1/10/2023,2023-10-01,2025-11-09 06:51:02.752980,data/lms_loan_daily.csv,2023-10-01
CUS_0x2c6a_2023_05_01,CUS_0x2c6a,1/5/2023,10,5,10000,1000,0,2000,7000,1/10/2023,2023-10-01,2025-11-09 06:51:02.752980,data/lms_loan_daily.csv,2023-10-01
CUS_0x2c6f_2023_04_01,CUS_0x2c6f,1/4/2023,10,6,10000,1000,1000,0,4000,1/10/2023,2023-10-01,2025-11-09 06:51:02.752980,data/lms_loan_daily.csv,2023-10-01
CUS_0x2c81_2023_09_01,CUS_0x2c81,1/9/2023,10,1,10000,1000,1000,0,9000,1/10/2023,2023-10-01,2025-11-09 06:51:02.752980,data/lms_loan_daily.csv,2023-10-01
CUS_0x2c87_2023_05_01,CUS_0x2c87,1/5/2023,10,5,10000,1000,1000,0,5000,1/10/2023,2023-10-01,2025-11-09 06:51:02.752980,data/lms_loan_daily.csv,2023-10-01
CUS_0x2c8f_2023_04_01,CUS_0x2c8f,1/4/2023,10,6,10000,1000,0,5000,9000,1/10/2023,2023-10-01,2025-11-09 06:51:02.752980,data/lms_loan_daily.csv,2023-10-01
CUS_0x2c90_2023_08_01,CUS_0x2c90,1/8/2023,10,2,10000,1000,1000,0,8000,1/10/2023,2023-10-01,2025-11-09 06:51:02.752980,data/lms_loan_daily.csv,2023-10-01
CUS_0x2c99_2023_05_01,CUS_0x2c99,1/5/2023,10,5,10000,1000,0,4000,9000,1/10/2023,2023-10-01,2025-11-09 06:51:02.752980,data/lms_loan_daily.csv,2023-10-01
CUS_0x2c9f_2023_09_01,CUS_0x2c9f,1/9/2023,10,1,10000,1000,1000,0,9000,1/10/2023,2023-10-01,2025-11-09 06:51:02.752980,data/lms_loan_daily.csv,2023-10-01
CUS_0x2ca2_2023_03_01,CUS_0x2ca2,1/3/2023,10,7,10000,1000,1000,0,3000,1/10/2023,2023-10-01,2025-11-09 06:51:02.752980,data/lms_loan_daily.csv,2023-10-01
CUS_0x2ca3_2023_09_01,CUS_0x2ca3,1/9/2023,10,1,10000,1000,0,1000,10000,1/10/2023,2023-10-01,2025-11-09 06:51:02.752980,data/lms_loan_daily.csv,2023-10-01
CUS_0x2ca8_2023_10_01,CUS_0x2ca8,1/10/2023,10,0,10000,0,0,0,10000,1/10/2023,2023-10-01,2025-11-09 06:51:02.752980,data/lms_loan_daily.csv,2023-10-01
CUS_0x2cad_2023_02_01,CUS_0x2cad,1/2/2023,10,8,10000,1000,1000,0,2000,1/10/2023,2023-10-01,2025-11-09 06:51:02.752980,data/lms_loan_daily.csv,2023-10-01
CUS_0x2cae_2023_01_01,CUS_0x2cae,1/1/2023,10,9,10000,1000,1000,0,1000,1/10/2023,2023-10-01,2025-11-09 06:51:02.752980,data/lms_loan_daily.csv,2023-10-01
CUS_0x2cb1_2023_05_01,CUS_0x2cb1,1/5/2023,10,5,10000,1000,1000,0,5000,1/10/2023,2023-10-01,2025-11-09 06:51:02.752980,data/lms_loan_daily.csv,2023-10-01
CUS_0x2cc2_2023_02_01,CUS_0x2cc2,1/2/2023,10,8,10000,1000,0,7000,9000,1/10/2023,2023-10-01,2025-11-09 06:51:02.752980,data/lms_loan_daily.csv,2023-10-01
CUS_0x2ccc_2023_01_01,CUS_0x2ccc,1/1/2023,10,9,10000,1000,1000,0,1000,1/10/2023,2023-10-01,2025-11-09 06:51:02.752980,data/lms_loan_daily.csv,2023-10-01
CUS_0x2cd9_2023_04_01,CUS_0x2cd9,1/4/2023,10,6,10000,1000,0,2000,6000,1/10/2023,2023-10-01,2025-11-09 06:51:02.752980,data/lms_loan_daily.csv,2023-10-01
CUS_0x2cdf_2023_06_01,CUS_0x2cdf,1/6/2023,10,4,10000,1000,0,2000,8000,1/10/2023,2023-10-01,2025-11-09 06:51:02.752980,data/lms_loan_daily.csv,2023-10-01
CUS_0x2ce1_2023_07_01,CUS_0x2ce1,1/7/2023,10,3,10000,1000,2000,0,7000,1/10/2023,2023-10-01,2025-11-09 06:51:02.752980,data/lms_loan_daily.csv,2023-10-01
CUS_0x2cf4_2023_08_01,CUS_0x2cf4,1/8/2023,10,2,10000,1000,1000,0,8000,1/10/2023,2023-10-01,2025-11-09 06:51:02.752980,data/lms_loan_daily.csv,2023-10-01
CUS_0x2d03_2023_10_01,CUS_0x2d03,1/10/2023,10,0,10000,0,0,0,10000,1/10/2023,2023-10-01,2025-11-09 06:51:02.752980,data/lms_loan_daily.csv,2023-10-01
CUS_0x2d05_2023_07_01,CUS_0x2d05,1/7/2023,10,3,10000,1000,1000,0,7000,1/10/2023,2023-10-01,2025-11-09 06:51:02.752980,data/lms_loan_daily.csv,2023-10-01
CUS_0x2d1c_2023_03_01,CUS_0x2d1c,1/3/2023,10,7,10000,1000,1000,0,3000,1/10/2023,2023-10-01,2025-11-09 06:51:02.752980,data/lms_loan_daily.csv,2023-10-01
CUS_0x2d1e_2023_02_01,CUS_0x2d1e,1/2/2023,10,8,10000,1000,1000,0,2000,1/10/2023,2023-10-01,2025-11-09 06:51:02.752980,data/lms_loan_daily.csv,2023-10-01
CUS_0x2d38_2023_04_01,CUS_0x2d38,1/4/2023,10,6,10000,1000,1000,0,4000,1/10/2023,2023-10-01,2025-11-09 06:51:02.752980,data/lms_loan_daily.csv,2023-10-01
CUS_0x2d3a_2023_06_01,CUS_0x2d3a,1/6/2023,10,4,10000,1000,1000,0,6000,1/10/2023,2023-10-01,2025-11-09 06:51:02.752980,data/lms_loan_daily.csv,2023-10-01
CUS_0x2d50_2023_09_01,CUS_0x2d50,1/9/2023,10,1,10000,1000,1000,0,9000,1/10/2023,2023-10-01,2025-11-09 06:51:02.752980,data/lms_loan_daily.csv,2023-10-01
CUS_0x2d62_2023_10_01,CUS_0x2d62,1/10/2023,10,0,10000,0,0,0,10000,1/10/2023,2023-10-01,2025-11-09 06:51:02.752980,data/lms_loan_daily.csv,2023-10-01
CUS_0x2d76_2023_09_01,CUS_0x2d76,1/9/2023,10,1,10000,1000,1000,0,9000,1/10/2023,2023-10-01,2025-11-09 06:51:02.752980,data/lms_loan_daily.csv,2023-10-01
CUS_0x2d78_2023_07_01,CUS_0x2d78,1/7/2023,10,3,10000,1000,0,1000,8000,1/10/2023,2023-10-01,2025-11-09 06:51:02.752980,data/lms_loan_daily.csv,2023-10-01
CUS_0x2d88_2023_10_01,CUS_0x2d88,1/10/2023,10,0,10000,0,0,0,10000,1/10/2023,2023-10-01,2025-11-09 06:51:02.752980,data/lms_loan_daily.csv,2023-10-01
CUS_0x2d98_2023_07_01,CUS_0x2d98,1/7/2023,10,3,10000,1000,1000,0,7000,1/10/2023,2023-10-01,2025-11-09 06:51:02.752980,data/lms_loan_daily.csv,2023-10-01
CUS_0x2da6_2023_03_01,CUS_0x2da6,1/3/2023,10,7,10000,1000,1000,0,3000,1/10/2023,2023-10-01,2025-11-09 06:51:02.752980,data/lms_loan_daily.csv,2023-10-01
CUS_0x2db7_2023_05_01,CUS_0x2db7,1/5/2023,10,5,10000,1000,1000,0,5000,1/10/2023,2023-10-01,2025-11-09 06:51:02.752980,data/lms_loan_daily.csv,2023-10-01
CUS_0x2dbf_2023_02_01,CUS_0x2dbf,1/2/2023,10,8,10000,1000,1000,0,2000,1/10/2023,2023-10-01,2025-11-09 06:51:02.752980,data/lms_loan_daily.csv,2023-10-01
CUS_0x2dc0_2023_02_01,CUS_0x2dc0,1/2/2023,10,8,10000,1000,0,8000,10000,1/10/2023,2023-10-01,2025-11-09 06:51:02.752980,data/lms_loan_daily.csv,2023-10-01
CUS_0x2dd5_2023_05_01,CUS_0x2dd5,1/5/2023,10,5,10000,1000,1000,0,5000,1/10/2023,2023-10-01,2025-11-09 06:51:02.752980,data/lms_loan_daily.csv,2023-10-01
CUS_0x2dd6_2023_04_01,CUS_0x2dd6,1/4/2023,10,6,10000,1000,1000,0,4000,1/10/2023,2023-10-01,2025-11-09 06:51:02.752980,data/lms_loan_daily.csv,2023-10-01
CUS_0x2dd8_2023_03_01,CUS_0x2dd8,1/3/2023,10,7,10000,1000,0,3000,6000,1/10/2023,2023-10-01,2025-11-09 06:51:02.752980,data/lms_loan_daily.csv,2023-10-01
CUS_0x2de0_2023_01_01,CUS_0x2de0,1/1/2023,10,9,10000,1000,0,7000,8000,1/10/2023,2023-10-01,2025-11-09 06:51:02.752980,data/lms_loan_daily.csv,2023-10-01
CUS_0x2de1_2023_10_01,CUS_0x2de1,1/10/2023,10,0,10000,0,0,0,10000,1/10/2023,2023-10-01,2025-11-09 06:51:02.752980,data/lms_loan_daily.csv,2023-10-01
CUS_0x2de3_2023_02_01,CUS_0x2de3,1/2/2023,10,8,10000,1000,1000,0,2000,1/10/2023,2023-10-01,2025-11-09 06:51:02.752980,data/lms_loan_daily.csv,2023-10-01
CUS_0x2deb_2023_05_01,CUS_0x2deb,1/5/2023,10,5,10000,1000,1000,0,5000,1/10/2023,2023-10-01,2025-11-09 06:51:02.752980,data/lms_loan_daily.csv,2023-10-01
CUS_0x2df8_2023_07_01,CUS_0x2df8,1/7/2023,10,3,10000,1000,2000,0,7000,1/10/2023,2023-10-01,2025-11-09 06:51:02.752980,data/lms_loan_daily.csv,2023-10-01
CUS_0x2e06_2023_01_01,CUS_0x2e06,1/1/2023,10,9,10000,1000,1000,0,1000,1/10/2023,2023-10-01,2025-11-09 06:51:02.752980,data/lms_loan_daily.csv,2023-10-01
CUS_0x2e0f_2023_06_01,CUS_0x2e0f,1/6/2023,10,4,10000,1000,1000,0,6000,1/10/2023,2023-10-01,2025-11-09 06:51:02.752980,data/lms_loan_daily.csv,2023-10-01
CUS_0x2e20_2023_01_01,CUS_0x2e20,1/1/2023,10,9,10000,1000,1000,0,1000,1/10/2023,2023-10-01,2025-11-09 06:51:02.752980,data/lms_loan_daily.csv,2023-10-01
CUS_0x2e43_2023_06_01,CUS_0x2e43,1/6/2023,10,4,10000,1000,1000,0,6000,1/10/2023,2023-10-01,2025-11-09 06:51:02.752980,data/lms_loan_daily.csv,2023-10-01
CUS_0x2e50_2023_08_01,CUS_0x2e50,1/8/2023,10,2,10000,1000,1000,0,8000,1/10/2023,2023-10-01,2025-11-09 06:51:02.752980,data/lms_loan_daily.csv,2023-10-01
CUS_0x2e5e_2023_05_01,CUS_0x2e5e,1/5/2023,10,5,10000,1000,1000,0,5000,1/10/2023,2023-10-01,2025-11-09 06:51:02.752980,data/lms_loan_daily.csv,2023-10-01
CUS_0x2e6e_2023_02_01,CUS_0x2e6e,1/2/2023,10,8,10000,1000,0,7000,9000,1/10/2023,2023-10-01,2025-11-09 06:51:02.752980,data/lms_loan_daily.csv,2023-10-01
CUS_0x2e82_2023_03_01,CUS_0x2e82,1/3/2023,10,7,10000,1000,1000,0,3000,1/10/2023,2023-10-01,2025-11-09 06:51:02.752980,data/lms_loan_daily.csv,2023-10-01
CUS_0x2e97_2023_03_01,CUS_0x2e97,1/3/2023,10,7,10000,1000,1000,0,3000,1/10/2023,2023-10-01,2025-11-09 06:51:02.752980,data/lms_loan_daily.csv,2023-10-01
CUS_0x2ea1_2023_08_01,CUS_0x2ea1,1/8/2023,10,2,10000,1000,1000,0,8000,1/10/2023,2023-10-01,2025-11-09 06:51:02.752980,data/lms_loan_daily.csv,2023-10-01
CUS_0x2ea8_2023_01_01,CUS_0x2ea8,1/1/2023,10,9,10000,1000,1000,0,1000,1/10/2023,2023-10-01,2025-11-09 06:51:02.752980,data/lms_loan_daily.csv,2023-10-01
CUS_0x2eac_2023_04_01,CUS_0x2eac,1/4/2023,10,6,10000,1000,1000,0,4000,1/10/2023,2023-10-01,2025-11-09 06:51:02.752980,data/lms_loan_daily.csv,2023-10-01
CUS_0x2eb1_2023_04_01,CUS_0x2eb1,1/4/2023,10,6,10000,1000,1000,0,4000,1/10/2023,2023-10-01,2025-11-09 06:51:02.752980,data/lms_loan_daily.csv,2023-10-01
CUS_0x2ec3_2023_08_01,CUS_0x2ec3,1/8/2023,10,2,10000,1000,1000,0,8000,1/10/2023,2023-10-01,2025-11-09 06:51:02.752980,data/lms_loan_daily.csv,2023-10-01
CUS_0x2ed0_2023_07_01,CUS_0x2ed0,1/7/2023,10,3,10000,1000,1000,0,7000,1/10/2023,2023-10-01,2025-11-09 06:51:02.752980,data/lms_loan_daily.csv,2023-10-01
CUS_0x2ed5_2023_02_01,CUS_0x2ed5,1/2/2023,10,8,10000,1000,0,5000,7000,1/10/2023,2023-10-01,2025-11-09 06:51:02.752980,data/lms_loan_daily.csv,2023-10-01
CUS_0x2ed7_2023_05_01,CUS_0x2ed7,1/5/2023,10,5,10000,1000,1000,0,5000,1/10/2023,2023-10-01,2025-11-09 06:51:02.752980,data/lms_loan_daily.csv,2023-10-01
CUS_0x2ee6_2023_09_01,CUS_0x2ee6,1/9/2023,10,1,10000,1000,1000,0,9000,1/10/2023,2023-10-01,2025-11-09 06:51:02.752980,data/lms_loan_daily.csv,2023-10-01
CUS_0x2f03_2023_03_01,CUS_0x2f03,1/3/2023,10,7,10000,1000,1000,0,3000,1/10/2023,2023-10-01,2025-11-09 06:51:02.752980,data/lms_loan_daily.csv,2023-10-01
CUS_0x2f0a_2023_04_01,CUS_0x2f0a,1/4/2023,10,6,10000,1000,1000,0,4000,1/10/2023,2023-10-01,2025-11-09 06:51:02.752980,data/lms_loan_daily.csv,2023-10-01
CUS_0x2f11_2023_03_01,CUS_0x2f11,1/3/2023,10,7,10000,1000,0,3000,6000,1/10/2023,2023-10-01,2025-11-09 06:51:02.752980,data/lms_loan_daily.csv,2023-10-01
CUS_0x2f1d_2023_01_01,CUS_0x2f1d,1/1/2023,10,9,10000,1000,1000,0,1000,1/10/2023,2023-10-01,2025-11-09 06:51:02.752980,data/lms_loan_daily.csv,2023-10-01
CUS_0x2f29_2023_04_01,CUS_0x2f29,1/4/2023,10,6,10000,1000,1000,0,4000,1/10/2023,2023-10-01,2025-11-09 06:51:02.752980,data/lms_loan_daily.csv,2023-10-01
CUS_0x2f31_2023_10_01,CUS_0x2f31,1/10/2023,10,0,10000,0,0,0,10000,1/10/2023,2023-10-01,2025-11-09 06:51:02.752980,data/lms_loan_daily.csv,2023-10-01
CUS_0x2f39_2023_09_01,CUS_0x2f39,1/9/2023,10,1,10000,1000,1000,0,9000,1/10/2023,2023-10-01,2025-11-09 06:51:02.752980,data/lms_loan_daily.csv,2023-10-01
CUS_0x2f59_2023_07_01,CUS_0x2f59,1/7/2023,10,3,10000,1000,1000,0,7000,1/10/2023,2023-10-01,2025-11-09 06:51:02.752980,data/lms_loan_daily.csv,2023-10-01
CUS_0x2f77_2023_10_01,CUS_0x2f77,1/10/2023,10,0,10000,0,0,0,10000,1/10/2023,2023-10-01,2025-11-09 06:51:02.752980,data/lms_loan_daily.csv,2023-10-01
CUS_0x2f7b_2023_07_01,CUS_0x2f7b,1/7/2023,10,3,10000,1000,1000,0,7000,1/10/2023,2023-10-01,2025-11-09 06:51:02.752980,data/lms_loan_daily.csv,2023-10-01
CUS_0x2f8c_2023_06_01,CUS_0x2f8c,1/6/2023,10,4,10000,1000,0,3000,9000,1/10/2023,2023-10-01,2025-11-09 06:51:02.752980,data/lms_loan_daily.csv,2023-10-01
CUS_0x2f97_2023_03_01,CUS_0x2f97,1/3/2023,10,7,10000,1000,1000,0,3000,1/10/2023,2023-10-01,2025-11-09 06:51:02.752980,data/lms_loan_daily.csv,2023-10-01
CUS_0x2fa2_2023_04_01,CUS_0x2fa2,1/4/2023,10,6,10000,1000,1000,0,4000,1/10/2023,2023-10-01,2025-11-09 06:51:02.752980,data/lms_loan_daily.csv,2023-10-01
CUS_0x2faa_2023_10_01,CUS_0x2faa,1/10/2023,10,0,10000,0,0,0,10000,1/10/2023,2023-10-01,2025-11-09 06:51:02.752980,data/lms_loan_daily.csv,2023-10-01
CUS_0x2fab_2023_01_01,CUS_0x2fab,1/1/2023,10,9,10000,1000,1000,0,1000,1/10/2023,2023-10-01,2025-11-09 06:51:02.752980,data/lms_loan_daily.csv,2023-10-01
CUS_0x2fb7_2023_09_01,CUS_0x2fb7,1/9/2023,10,1,10000,1000,1000,0,9000,1/10/2023,2023-10-01,2025-11-09 06:51:02.752980,data/lms_loan_daily.csv,2023-10-01
CUS_0x2fb8_2023_06_01,CUS_0x2fb8,1/6/2023,10,4,10000,1000,1000,0,6000,1/10/2023,2023-10-01,2025-11-09 06:51:02.752980,data/lms_loan_daily.csv,2023-10-01
CUS_0x2fbe_2023_09_01,CUS_0x2fbe,1/9/2023,10,1,10000,1000,1000,0,9000,1/10/2023,2023-10-01,2025-11-09 06:51:02.752980,data/lms_loan_daily.csv,2023-10-01
CUS_0x2fd6_2023_01_01,CUS_0x2fd6,1/1/2023,10,9,10000,1000,1000,0,1000,1/10/2023,2023-10-01,2025-11-09 06:51:02.752980,data/lms_loan_daily.csv,2023-10-01
CUS_0x2fe4_2023_07_01,CUS_0x2fe4,1/7/2023,10,3,10000,1000,1000,0,7000,1/10/2023,2023-10-01,2025-11-09 06:51:02.752980,data/lms_loan_daily.csv,2023-10-01
CUS_0x2fec_2023_08_01,CUS_0x2fec,1/8/2023,10,2,10000,1000,1000,0,8000,1/10/2023,2023-10-01,2025-11-09 06:51:02.752980,data/lms_loan_daily.csv,2023-10-01
CUS_0x2ff6_2023_05_01,CUS_0x2ff6,1/5/2023,10,5,10000,1000,1000,0,5000,1/10/2023,2023-10-01,2025-11-09 06:51:02.752980,data/lms_loan_daily.csv,2023-10-01
CUS_0x3009_2023_04_01,CUS_0x3009,1/4/2023,10,6,10000,1000,0,3000,7000,1/10/2023,2023-10-01,2025-11-09 06:51:02.752980,data/lms_loan_daily.csv,2023-10-01
CUS_0x301b_2023_08_01,CUS_0x301b,1/8/2023,10,2,10000,1000,1000,0,8000,1/10/2023,2023-10-01,2025-11-09 06:51:02.752980,data/lms_loan_daily.csv,2023-10-01
CUS_0x301d_2023_08_01,CUS_0x301d,1/8/2023,10,2,10000,1000,1000,0,8000,1/10/2023,2023-10-01,2025-11-09 06:51:02.752980,data/lms_loan_daily.csv,2023-10-01
CUS_0x3023_2023_05_01,CUS_0x3023,1/5/2023,10,5,10000,1000,0,2000,7000,1/10/2023,2023-10-01,2025-11-09 06:51:02.752980,data/lms_loan_daily.csv,2023-10-01
CUS_0x302d_2023_09_01,CUS_0x302d,1/9/2023,10,1,10000,1000,0,1000,10000,1/10/2023,2023-10-01,2025-11-09 06:51:02.752980,data/lms_loan_daily.csv,2023-10-01
CUS_0x3032_2023_04_01,CUS_0x3032,1/4/2023,10,6,10000,1000,1000,0,4000,1/10/2023,2023-10-01,2025-11-09 06:51:02.752980,data/lms_loan_daily.csv,2023-10-01
CUS_0x3033_2023_02_01,CUS_0x3033,1/2/2023,10,8,10000,1000,1000,0,2000,1/10/2023,2023-10-01,2025-11-09 06:51:02.752980,data/lms_loan_daily.csv,2023-10-01
CUS_0x3053_2023_02_01,CUS_0x3053,1/2/2023,10,8,10000,1000,1000,0,2000,1/10/2023,2023-10-01,2025-11-09 06:51:02.752980,data/lms_loan_daily.csv,2023-10-01
CUS_0x3059_2023_04_01,CUS_0x3059,1/4/2023,10,6,10000,1000,0,6000,10000,1/10/2023,2023-10-01,2025-11-09 06:51:02.752980,data/lms_loan_daily.csv,2023-10-01
CUS_0x305e_2023_10_01,CUS_0x305e,1/10/2023,10,0,10000,0,0,0,10000,1/10/2023,2023-10-01,2025-11-09 06:51:02.752980,data/lms_loan_daily.csv,2023-10-01
CUS_0x3061_2023_02_01,CUS_0x3061,1/2/2023,10,8,10000,1000,1000,0,2000,1/10/2023,2023-10-01,2025-11-09 06:51:02.752980,data/lms_loan_daily.csv,2023-10-01
CUS_0x3065_2023_08_01,CUS_0x3065,1/8/2023,10,2,10000,1000,1000,0,8000,1/10/2023,2023-10-01,2025-11-09 06:51:02.752980,data/lms_loan_daily.csv,2023-10-01
CUS_0x3077_2023_05_01,CUS_0x3077,1/5/2023,10,5,10000,1000,1000,0,5000,1/10/2023,2023-10-01,2025-11-09 06:51:02.752980,data/lms_loan_daily.csv,2023-10-01
CUS_0x307e_2023_03_01,CUS_0x307e,1/3/2023,10,7,10000,1000,0,3000,6000,1/10/2023,2023-10-01,2025-11-09 06:51:02.752980,data/lms_loan_daily.csv,2023-10-01
CUS_0x3090_2023_04_01,CUS_0x3090,1/4/2023,10,6,10000,1000,1000,0,4000,1/10/2023,2023-10-01,2025-11-09 06:51:02.752980,data/lms_loan_daily.csv,2023-10-01
CUS_0x3091_2023_05_01,CUS_0x3091,1/5/2023,10,5,10000,1000,1000,0,5000,1/10/2023,2023-10-01,2025-11-09 06:51:02.752980,data/lms_loan_daily.csv,2023-10-01
CUS_0x30a3_2023_09_01,CUS_0x30a3,1/9/2023,10,1,10000,1000,1000,0,9000,1/10/2023,2023-10-01,2025-11-09 06:51:02.752980,data/lms_loan_daily.csv,2023-10-01
CUS_0x30b7_2023_10_01,CUS_0x30b7,1/10/2023,10,0,10000,0,0,0,10000,1/10/2023,2023-10-01,2025-11-09 06:51:02.752980,data/lms_loan_daily.csv,2023-10-01
CUS_0x30b9_2023_10_01,CUS_0x30b9,1/10/2023,10,0,10000,0,0,0,10000,1/10/2023,2023-10-01,2025-11-09 06:51:02.752980,data/lms_loan_daily.csv,2023-10-01
CUS_0x30bd_2023_10_01,CUS_0x30bd,1/10/2023,10,0,10000,0,0,0,10000,1/10/2023,2023-10-01,2025-11-09 06:51:02.752980,data/lms_loan_daily.csv,2023-10-01
CUS_0x30c1_2023_04_01,CUS_0x30c1,1/4/2023,10,6,10000,1000,1000,0,4000,1/10/2023,2023-10-01,2025-11-09 06:51:02.752980,data/lms_loan_daily.csv,2023-10-01
CUS_0x30d0_2023_08_01,CUS_0x30d0,1/8/2023,10,2,10000,1000,1000,0,8000,1/10/2023,2023-10-01,2025-11-09 06:51:02.752980,data/lms_loan_daily.csv,2023-10-01
CUS_0x30df_2023_02_01,CUS_0x30df,1/2/2023,10,8,10000,1000,1000,0,2000,1/10/2023,2023-10-01,2025-11-09 06:51:02.752980,data/lms_loan_daily.csv,2023-10-01
CUS_0x30e0_2023_03_01,CUS_0x30e0,1/3/2023,10,7,10000,1000,1000,0,3000,1/10/2023,2023-10-01,2025-11-09 06:51:02.752980,data/lms_loan_daily.csv,2023-10-01
CUS_0x30e8_2023_04_01,CUS_0x30e8,1/4/2023,10,6,10000,1000,1000,0,4000,1/10/2023,2023-10-01,2025-11-09 06:51:02.752980,data/lms_loan_daily.csv,2023-10-01
CUS_0x30eb_2023_07_01,CUS_0x30eb,1/7/2023,10,3,10000,1000,1000,0,7000,1/10/2023,2023-10-01,2025-11-09 06:51:02.752980,data/lms_loan_daily.csv,2023-10-01
CUS_0x30ec_2023_04_01,CUS_0x30ec,1/4/2023,10,6,10000,1000,1000,0,4000,1/10/2023,2023-10-01,2025-11-09 06:51:02.752980,data/lms_loan_daily.csv,2023-10-01
CUS_0x30f7_2023_05_01,CUS_0x30f7,1/5/2023,10,5,10000,1000,1000,0,5000,1/10/2023,2023-10-01,2025-11-09 06:51:02.752980,data/lms_loan_daily.csv,2023-10-01
CUS_0x30f8_2023_01_01,CUS_0x30f8,1/1/2023,10,9,10000,1000,1000,0,1000,1/10/2023,2023-10-01,2025-11-09 06:51:02.752980,data/lms_loan_daily.csv,2023-10-01
CUS_0x3102_2023_06_01,CUS_0x3102,1/6/2023,10,4,10000,1000,1000,0,6000,1/10/2023,2023-10-01,2025-11-09 06:51:02.752980,data/lms_loan_daily.csv,2023-10-01
CUS_0x3105_2023_06_01,CUS_0x3105,1/6/2023,10,4,10000,1000,1000,0,6000,1/10/2023,2023-10-01,2025-11-09 06:51:02.752980,data/lms_loan_daily.csv,2023-10-01
CUS_0x3108_2023_10_01,CUS_0x3108,1/10/2023,10,0,10000,0,0,0,10000,1/10/2023,2023-10-01,2025-11-09 06:51:02.752980,data/lms_loan_daily.csv,2023-10-01
CUS_0x310f_2023_07_01,CUS_0x310f,1/7/2023,10,3,10000,1000,1000,0,7000,1/10/2023,2023-10-01,2025-11-09 06:51:02.752980,data/lms_loan_daily.csv,2023-10-01
CUS_0x312b_2023_10_01,CUS_0x312b,1/10/2023,10,0,10000,0,0,0,10000,1/10/2023,2023-10-01,2025-11-09 06:51:02.752980,data/lms_loan_daily.csv,2023-10-01
CUS_0x3141_2023_09_01,CUS_0x3141,1/9/2023,10,1,10000,1000,1000,0,9000,1/10/2023,2023-10-01,2025-11-09 06:51:02.752980,data/lms_loan_daily.csv,2023-10-01
CUS_0x3155_2023_03_01,CUS_0x3155,1/3/2023,10,7,10000,1000,0,7000,10000,1/10/2023,2023-10-01,2025-11-09 06:51:02.752980,data/lms_loan_daily.csv,2023-10-01
CUS_0x3169_2023_06_01,CUS_0x3169,1/6/2023,10,4,10000,1000,1000,0,6000,1/10/2023,2023-10-01,2025-11-09 06:51:02.752980,data/lms_loan_daily.csv,2023-10-01
CUS_0x316e_2023_02_01,CUS_0x316e,1/2/2023,10,8,10000,1000,0,5000,7000,1/10/2023,2023-10-01,2025-11-09 06:51:02.752980,data/lms_loan_daily.csv,2023-10-01
CUS_0x317a_2023_10_01,CUS_0x317a,1/10/2023,10,0,10000,0,0,0,10000,1/10/2023,2023-10-01,2025-11-09 06:51:02.752980,data/lms_loan_daily.csv,2023-10-01
CUS_0x317e_2023_07_01,CUS_0x317e,1/7/2023,10,3,10000,1000,0,1000,8000,1/10/2023,2023-10-01,2025-11-09 06:51:02.752980,data/lms_loan_daily.csv,2023-10-01
CUS_0x3183_2023_08_01,CUS_0x3183,1/8/2023,10,2,10000,1000,1000,0,8000,1/10/2023,2023-10-01,2025-11-09 06:51:02.752980,data/lms_loan_daily.csv,2023-10-01
CUS_0x318c_2023_03_01,CUS_0x318c,1/3/2023,10,7,10000,1000,1000,0,3000,1/10/2023,2023-10-01,2025-11-09 06:51:02.752980,data/lms_loan_daily.csv,2023-10-01
CUS_0x318d_2023_07_01,CUS_0x318d,1/7/2023,10,3,10000,1000,1000,0,7000,1/10/2023,2023-10-01,2025-11-09 06:51:02.752980,data/lms_loan_daily.csv,2023-10-01
CUS_0x318e_2023_09_01,CUS_0x318e,1/9/2023,10,1,10000,1000,1000,0,9000,1/10/2023,2023-10-01,2025-11-09 06:51:02.752980,data/lms_loan_daily.csv,2023-10-01
CUS_0x3190_2023_08_01,CUS_0x3190,1/8/2023,10,2,10000,1000,1000,0,8000,1/10/2023,2023-10-01,2025-11-09 06:51:02.752980,data/lms_loan_daily.csv,2023-10-01
CUS_0x3191_2023_05_01,CUS_0x3191,1/5/2023,10,5,10000,1000,1000,0,5000,1/10/2023,2023-10-01,2025-11-09 06:51:02.752980,data/lms_loan_daily.csv,2023-10-01
CUS_0x319c_2023_08_01,CUS_0x319c,1/8/2023,10,2,10000,1000,1000,0,8000,1/10/2023,2023-10-01,2025-11-09 06:51:02.752980,data/lms_loan_daily.csv,2023-10-01
CUS_0x31ac_2023_03_01,CUS_0x31ac,1/3/2023,10,7,10000,1000,1000,0,3000,1/10/2023,2023-10-01,2025-11-09 06:51:02.752980,data/lms_loan_daily.csv,2023-10-01
CUS_0x31b2_2023_07_01,CUS_0x31b2,1/7/2023,10,3,10000,1000,1000,0,7000,1/10/2023,2023-10-01,2025-11-09 06:51:02.752980,data/lms_loan_daily.csv,2023-10-01
CUS_0x31bd_2023_07_01,CUS_0x31bd,1/7/2023,10,3,10000,1000,1000,0,7000,1/10/2023,2023-10-01,2025-11-09 06:51:02.752980,data/lms_loan_daily.csv,2023-10-01
CUS_0x31d5_2023_05_01,CUS_0x31d5,1/5/2023,10,5,10000,1000,1000,0,5000,1/10/2023,2023-10-01,2025-11-09 06:51:02.752980,data/lms_loan_daily.csv,2023-10-01
CUS_0x31e9_2023_01_01,CUS_0x31e9,1/1/2023,10,9,10000,1000,0,7000,8000,1/10/2023,2023-10-01,2025-11-09 06:51:02.752980,data/lms_loan_daily.csv,2023-10-01
CUS_0x31eb_2023_06_01,CUS_0x31eb,1/6/2023,10,4,10000,1000,1000,0,6000,1/10/2023,2023-10-01,2025-11-09 06:51:02.752980,data/lms_loan_daily.csv,2023-10-01
CUS_0x3201_2023_05_01,CUS_0x3201,1/5/2023,10,5,10000,1000,1000,0,5000,1/10/2023,2023-10-01,2025-11-09 06:51:02.752980,data/lms_loan_daily.csv,2023-10-01
CUS_0x3208_2023_10_01,CUS_0x3208,1/10/2023,10,0,10000,0,0,0,10000,1/10/2023,2023-10-01,2025-11-09 06:51:02.752980,data/lms_loan_daily.csv,2023-10-01
CUS_0x320d_2023_04_01,CUS_0x320d,1/4/2023,10,6,10000,1000,1000,0,4000,1/10/2023,2023-10-01,2025-11-09 06:51:02.752980,data/lms_loan_daily.csv,2023-10-01
CUS_0x3213_2023_03_01,CUS_0x3213,1/3/2023,10,7,10000,1000,1000,0,3000,1/10/2023,2023-10-01,2025-11-09 06:51:02.752980,data/lms_loan_daily.csv,2023-10-01
CUS_0x321c_2023_10_01,CUS_0x321c,1/10/2023,10,0,10000,0,0,0,10000,1/10/2023,2023-10-01,2025-11-09 06:51:02.752980,data/lms_loan_daily.csv,2023-10-01
CUS_0x321f_2023_01_01,CUS_0x321f,1/1/2023,10,9,10000,1000,1000,0,1000,1/10/2023,2023-10-01,2025-11-09 06:51:02.752980,data/lms_loan_daily.csv,2023-10-01
CUS_0x3221_2023_07_01,CUS_0x3221,1/7/2023,10,3,10000,1000,1000,0,7000,1/10/2023,2023-10-01,2025-11-09 06:51:02.752980,data/lms_loan_daily.csv,2023-10-01
CUS_0x3231_2023_01_01,CUS_0x3231,1/1/2023,10,9,10000,1000,1000,0,1000,1/10/2023,2023-10-01,2025-11-09 06:51:02.752980,data/lms_loan_daily.csv,2023-10-01
CUS_0x3237_2023_07_01,CUS_0x3237,1/7/2023,10,3,10000,1000,0,2000,9000,1/10/2023,2023-10-01,2025-11-09 06:51:02.752980,data/lms_loan_daily.csv,2023-10-01
CUS_0x325f_2023_01_01,CUS_0x325f,1/1/2023,10,9,10000,1000,1000,0,1000,1/10/2023,2023-10-01,2025-11-09 06:51:02.752980,data/lms_loan_daily.csv,2023-10-01
CUS_0x3263_2023_09_01,CUS_0x3263,1/9/2023,10,1,10000,1000,1000,0,9000,1/10/2023,2023-10-01,2025-11-09 06:51:02.752980,data/lms_loan_daily.csv,2023-10-01
CUS_0x3264_2023_08_01,CUS_0x3264,1/8/2023,10,2,10000,1000,1000,0,8000,1/10/2023,2023-10-01,2025-11-09 06:51:02.752980,data/lms_loan_daily.csv,2023-10-01
CUS_0x3274_2023_01_01,CUS_0x3274,1/1/2023,10,9,10000,1000,1000,0,1000,1/10/2023,2023-10-01,2025-11-09 06:51:02.752980,data/lms_loan_daily.csv,2023-10-01
CUS_0x327d_2023_07_01,CUS_0x327d,1/7/2023,10,3,10000,1000,1000,0,7000,1/10/2023,2023-10-01,2025-11-09 06:51:02.752980,data/lms_loan_daily.csv,2023-10-01
CUS_0x328b_2023_01_01,CUS_0x328b,1/1/2023,10,9,10000,1000,1000,0,1000,1/10/2023,2023-10-01,2025-11-09 06:51:02.752980,data/lms_loan_daily.csv,2023-10-01
CUS_0x3295_2023_02_01,CUS_0x3295,1/2/2023,10,8,10000,1000,1000,0,2000,1/10/2023,2023-10-01,2025-11-09 06:51:02.752980,data/lms_loan_daily.csv,2023-10-01
CUS_0x329f_2023_09_01,CUS_0x329f,1/9/2023,10,1,10000,1000,1000,0,9000,1/10/2023,2023-10-01,2025-11-09 06:51:02.752980,data/lms_loan_daily.csv,2023-10-01
CUS_0x32a1_2023_09_01,CUS_0x32a1,1/9/2023,10,1,10000,1000,1000,0,9000,1/10/2023,2023-10-01,2025-11-09 06:51:02.752980,data/lms_loan_daily.csv,2023-10-01
CUS_0x32a7_2023_07_01,CUS_0x32a7,1/7/2023,10,3,10000,1000,1000,0,7000,1/10/2023,2023-10-01,2025-11-09 06:51:02.752980,data/lms_loan_daily.csv,2023-10-01
CUS_0x32b7_2023_03_01,CUS_0x32b7,1/3/2023,10,7,10000,1000,1000,0,3000,1/10/2023,2023-10-01,2025-11-09 06:51:02.752980,data/lms_loan_daily.csv,2023-10-01
CUS_0x32b8_2023_05_01,CUS_0x32b8,1/5/2023,10,5,10000,1000,1000,0,5000,1/10/2023,2023-10-01,2025-11-09 06:51:02.752980,data/lms_loan_daily.csv,2023-10-01
CUS_0x32ba_2023_08_01,CUS_0x32ba,1/8/2023,10,2,10000,1000,1000,0,8000,1/10/2023,2023-10-01,2025-11-09 06:51:02.752980,data/lms_loan_daily.csv,2023-10-01
CUS_0x32c7_2023_10_01,CUS_0x32c7,1/10/2023,10,0,10000,0,0,0,10000,1/10/2023,2023-10-01,2025-11-09 06:51:02.752980,data/lms_loan_daily.csv,2023-10-01
CUS_0x32cc_2023_03_01,CUS_0x32cc,1/3/2023,10,7,10000,1000,1000,0,3000,1/10/2023,2023-10-01,2025-11-09 06:51:02.752980,data/lms_loan_daily.csv,2023-10-01
CUS_0x32d2_2023_03_01,CUS_0x32d2,1/3/2023,10,7,10000,1000,1000,0,3000,1/10/2023,2023-10-01,2025-11-09 06:51:02.752980,data/lms_loan_daily.csv,2023-10-01
CUS_0x32dc_2023_02_01,CUS_0x32dc,1/2/2023,10,8,10000,1000,1000,0,2000,1/10/2023,2023-10-01,2025-11-09 06:51:02.752980,data/lms_loan_daily.csv,2023-10-01
CUS_0x32e4_2023_06_01,CUS_0x32e4,1/6/2023,10,4,10000,1000,0,2000,8000,1/10/2023,2023-10-01,2025-11-09 06:51:02.752980,data/lms_loan_daily.csv,2023-10-01
CUS_0x32f5_2023_09_01,CUS_0x32f5,1/9/2023,10,1,10000,1000,1000,0,9000,1/10/2023,2023-10-01,2025-11-09 06:51:02.752980,data/lms_loan_daily.csv,2023-10-01
CUS_0x32fb_2023_02_01,CUS_0x32fb,1/2/2023,10,8,10000,1000,1000,0,2000,1/10/2023,2023-10-01,2025-11-09 06:51:02.752980,data/lms_loan_daily.csv,2023-10-01
CUS_0x3319_2023_05_01,CUS_0x3319,1/5/2023,10,5,10000,1000,1000,0,5000,1/10/2023,2023-10-01,2025-11-09 06:51:02.752980,data/lms_loan_daily.csv,2023-10-01
CUS_0x3325_2023_08_01,CUS_0x3325,1/8/2023,10,2,10000,1000,1000,0,8000,1/10/2023,2023-10-01,2025-11-09 06:51:02.752980,data/lms_loan_daily.csv,2023-10-01
CUS_0x3331_2023_06_01,CUS_0x3331,1/6/2023,10,4,10000,1000,0,3000,9000,1/10/2023,2023-10-01,2025-11-09 06:51:02.752980,data/lms_loan_daily.csv,2023-10-01
CUS_0x333e_2023_05_01,CUS_0x333e,1/5/2023,10,5,10000,1000,1000,0,5000,1/10/2023,2023-10-01,2025-11-09 06:51:02.752980,data/lms_loan_daily.csv,2023-10-01
CUS_0x3340_2023_05_01,CUS_0x3340,1/5/2023,10,5,10000,1000,0,2000,7000,1/10/2023,2023-10-01,2025-11-09 06:51:02.752980,data/lms_loan_daily.csv,2023-10-01
CUS_0x334d_2023_07_01,CUS_0x334d,1/7/2023,10,3,10000,1000,1000,0,7000,1/10/2023,2023-10-01,2025-11-09 06:51:02.752980,data/lms_loan_daily.csv,2023-10-01
CUS_0x3359_2023_08_01,CUS_0x3359,1/8/2023,10,2,10000,1000,1000,0,8000,1/10/2023,2023-10-01,2025-11-09 06:51:02.752980,data/lms_loan_daily.csv,2023-10-01
CUS_0x3364_2023_04_01,CUS_0x3364,1/4/2023,10,6,10000,1000,0,6000,10000,1/10/2023,2023-10-01,2025-11-09 06:51:02.752980,data/lms_loan_daily.csv,2023-10-01
CUS_0x3365_2023_04_01,CUS_0x3365,1/4/2023,10,6,10000,1000,1000,0,4000,1/10/2023,2023-10-01,2025-11-09 06:51:02.752980,data/lms_loan_daily.csv,2023-10-01
CUS_0x3371_2023_04_01,CUS_0x3371,1/4/2023,10,6,10000,1000,0,4000,8000,1/10/2023,2023-10-01,2025-11-09 06:51:02.752980,data/lms_loan_daily.csv,2023-10-01
CUS_0x3377_2023_09_01,CUS_0x3377,1/9/2023,10,1,10000,1000,1000,0,9000,1/10/2023,2023-10-01,2025-11-09 06:51:02.752980,data/lms_loan_daily.csv,2023-10-01
CUS_0x3379_2023_01_01,CUS_0x3379,1/1/2023,10,9,10000,1000,0,7000,8000,1/10/2023,2023-10-01,2025-11-09 06:51:02.752980,data/lms_loan_daily.csv,2023-10-01
CUS_0x337b_2023_10_01,CUS_0x337b,1/10/2023,10,0,10000,0,0,0,10000,1/10/2023,2023-10-01,2025-11-09 06:51:02.752980,data/lms_loan_daily.csv,2023-10-01
CUS_0x337f_2023_06_01,CUS_0x337f,1/6/2023,10,4,10000,1000,1000,0,6000,1/10/2023,2023-10-01,2025-11-09 06:51:02.752980,data/lms_loan_daily.csv,2023-10-01
CUS_0x3382_2023_03_01,CUS_0x3382,1/3/2023,10,7,10000,1000,1000,0,3000,1/10/2023,2023-10-01,2025-11-09 06:51:02.752980,data/lms_loan_daily.csv,2023-10-01
CUS_0x3393_2023_02_01,CUS_0x3393,1/2/2023,10,8,10000,1000,1000,0,2000,1/10/2023,2023-10-01,2025-11-09 06:51:02.752980,data/lms_loan_daily.csv,2023-10-01
CUS_0x33aa_2023_02_01,CUS_0x33aa,1/2/2023,10,8,10000,1000,0,6000,8000,1/10/2023,2023-10-01,2025-11-09 06:51:02.752980,data/lms_loan_daily.csv,2023-10-01
CUS_0x33bc_2023_10_01,CUS_0x33bc,1/10/2023,10,0,10000,0,0,0,10000,1/10/2023,2023-10-01,2025-11-09 06:51:02.752980,data/lms_loan_daily.csv,2023-10-01
CUS_0x33bf_2023_06_01,CUS_0x33bf,1/6/2023,10,4,10000,1000,1000,0,6000,1/10/2023,2023-10-01,2025-11-09 06:51:02.752980,data/lms_loan_daily.csv,2023-10-01
CUS_0x33ce_2023_07_01,CUS_0x33ce,1/7/2023,10,3,10000,1000,1000,0,7000,1/10/2023,2023-10-01,2025-11-09 06:51:02.752980,data/lms_loan_daily.csv,2023-10-01
CUS_0x33da_2023_07_01,CUS_0x33da,1/7/2023,10,3,10000,1000,1000,0,7000,1/10/2023,2023-10-01,2025-11-09 06:51:02.752980,data/lms_loan_daily.csv,2023-10-01
CUS_0x33de_2023_02_01,CUS_0x33de,1/2/2023,10,8,10000,1000,1000,0,2000,1/10/2023,2023-10-01,2025-11-09 06:51:02.752980,data/lms_loan_daily.csv,2023-10-01
CUS_0x33e0_2023_06_01,CUS_0x33e0,1/6/2023,10,4,10000,1000,0,2000,8000,1/10/2023,2023-10-01,2025-11-09 06:51:02.752980,data/lms_loan_daily.csv,2023-10-01
CUS_0x33e1_2023_04_01,CUS_0x33e1,1/4/2023,10,6,10000,1000,1000,0,4000,1/10/2023,2023-10-01,2025-11-09 06:51:02.752980,data/lms_loan_daily.csv,2023-10-01
CUS_0x33ea_2023_10_01,CUS_0x33ea,1/10/2023,10,0,10000,0,0,0,10000,1/10/2023,2023-10-01,2025-11-09 06:51:02.752980,data/lms_loan_daily.csv,2023-10-01
CUS_0x33f9_2023_02_01,CUS_0x33f9,1/2/2023,10,8,10000,1000,1000,0,2000,1/10/2023,2023-10-01,2025-11-09 06:51:02.752980,data/lms_loan_daily.csv,2023-10-01
CUS_0x340b_2023_10_01,CUS_0x340b,1/10/2023,10,0,10000,0,0,0,10000,1/10/2023,2023-10-01,2025-11-09 06:51:02.752980,data/lms_loan_daily.csv,2023-10-01
CUS_0x3420_2023_07_01,CUS_0x3420,1/7/2023,10,3,10000,1000,1000,0,7000,1/10/2023,2023-10-01,2025-11-09 06:51:02.752980,data/lms_loan_daily.csv,2023-10-01
CUS_0x3433_2023_01_01,CUS_0x3433,1/1/2023,10,9,10000,1000,1000,0,1000,1/10/2023,2023-10-01,2025-11-09 06:51:02.752980,data/lms_loan_daily.csv,2023-10-01
CUS_0x3435_2023_03_01,CUS_0x3435,1/3/2023,10,7,10000,1000,0,6000,9000,1/10/2023,2023-10-01,2025-11-09 06:51:02.752980,data/lms_loan_daily.csv,2023-10-01
CUS_0x343d_2023_02_01,CUS_0x343d,1/2/2023,10,8,10000,1000,1000,0,2000,1/10/2023,2023-10-01,2025-11-09 06:51:02.752980,data/lms_loan_daily.csv,2023-10-01
CUS_0x3442_2023_07_01,CUS_0x3442,1/7/2023,10,3,10000,1000,1000,0,7000,1/10/2023,2023-10-01,2025-11-09 06:51:02.752980,data/lms_loan_daily.csv,2023-10-01
CUS_0x344a_2023_06_01,CUS_0x344a,1/6/2023,10,4,10000,1000,1000,0,6000,1/10/2023,2023-10-01,2025-11-09 06:51:02.752980,data/lms_loan_daily.csv,2023-10-01
CUS_0x344e_2023_01_01,CUS_0x344e,1/1/2023,10,9,10000,1000,1000,0,1000,1/10/2023,2023-10-01,2025-11-09 06:51:02.752980,data/lms_loan_daily.csv,2023-10-01
CUS_0x3468_2023_04_01,CUS_0x3468,1/4/2023,10,6,10000,1000,1000,0,4000,1/10/2023,2023-10-01,2025-11-09 06:51:02.752980,data/lms_loan_daily.csv,2023-10-01
CUS_0x346e_2023_09_01,CUS_0x346e,1/9/2023,10,1,10000,1000,1000,0,9000,1/10/2023,2023-10-01,2025-11-09 06:51:02.752980,data/lms_loan_daily.csv,2023-10-01
CUS_0x3475_2023_07_01,CUS_0x3475,1/7/2023,10,3,10000,1000,3000,0,7000,1/10/2023,2023-10-01,2025-11-09 06:51:02.752980,data/lms_loan_daily.csv,2023-10-01
CUS_0x347b_2023_05_01,CUS_0x347b,1/5/2023,10,5,10000,1000,0,2000,7000,1/10/2023,2023-10-01,2025-11-09 06:51:02.752980,data/lms_loan_daily.csv,2023-10-01
CUS_0x3489_2023_05_01,CUS_0x3489,1/5/2023,10,5,10000,1000,1000,0,5000,1/10/2023,2023-10-01,2025-11-09 06:51:02.752980,data/lms_loan_daily.csv,2023-10-01
CUS_0x3490_2023_01_01,CUS_0x3490,1/1/2023,10,9,10000,1000,1000,0,1000,1/10/2023,2023-10-01,2025-11-09 06:51:02.752980,data/lms_loan_daily.csv,2023-10-01
CUS_0x34a3_2023_09_01,CUS_0x34a3,1/9/2023,10,1,10000,1000,1000,0,9000,1/10/2023,2023-10-01,2025-11-09 06:51:02.752980,data/lms_loan_daily.csv,2023-10-01
CUS_0x34a9_2023_08_01,CUS_0x34a9,1/8/2023,10,2,10000,1000,1000,0,8000,1/10/2023,2023-10-01,2025-11-09 06:51:02.752980,data/lms_loan_daily.csv,2023-10-01
CUS_0x34ad_2023_03_01,CUS_0x34ad,1/3/2023,10,7,10000,1000,1000,0,3000,1/10/2023,2023-10-01,2025-11-09 06:51:02.752980,data/lms_loan_daily.csv,2023-10-01
CUS_0x34b1_2023_10_01,CUS_0x34b1,1/10/2023,10,0,10000,0,0,0,10000,1/10/2023,2023-10-01,2025-11-09 06:51:02.752980,data/lms_loan_daily.csv,2023-10-01
CUS_0x34be_2023_04_01,CUS_0x34be,1/4/2023,10,6,10000,1000,1000,0,4000,1/10/2023,2023-10-01,2025-11-09 06:51:02.752980,data/lms_loan_daily.csv,2023-10-01
CUS_0x34c8_2023_06_01,CUS_0x34c8,1/6/2023,10,4,10000,1000,1000,0,6000,1/10/2023,2023-10-01,2025-11-09 06:51:02.752980,data/lms_loan_daily.csv,2023-10-01
CUS_0x34c9_2023_05_01,CUS_0x34c9,1/5/2023,10,5,10000,1000,0,3000,8000,1/10/2023,2023-10-01,2025-11-09 06:51:02.752980,data/lms_loan_daily.csv,2023-10-01
CUS_0x34ce_2023_08_01,CUS_0x34ce,1/8/2023,10,2,10000,1000,1000,0,8000,1/10/2023,2023-10-01,2025-11-09 06:51:02.752980,data/lms_loan_daily.csv,2023-10-01
CUS_0x34e9_2023_02_01,CUS_0x34e9,1/2/2023,10,8,10000,1000,0,5000,7000,1/10/2023,2023-10-01,2025-11-09 06:51:02.752980,data/lms_loan_daily.csv,2023-10-01
CUS_0x34ed_2023_05_01,CUS_0x34ed,1/5/2023,10,5,10000,1000,1000,0,5000,1/10/2023,2023-10-01,2025-11-09 06:51:02.752980,data/lms_loan_daily.csv,2023-10-01
CUS_0x34f2_2023_06_01,CUS_0x34f2,1/6/2023,10,4,10000,1000,0,1000,7000,1/10/2023,2023-10-01,2025-11-09 06:51:02.752980,data/lms_loan_daily.csv,2023-10-01
CUS_0x34fa_2023_01_01,CUS_0x34fa,1/1/2023,10,9,10000,1000,0,8000,9000,1/10/2023,2023-10-01,2025-11-09 06:51:02.752980,data/lms_loan_daily.csv,2023-10-01
CUS_0x3507_2023_05_01,CUS_0x3507,1/5/2023,10,5,10000,1000,1000,0,5000,1/10/2023,2023-10-01,2025-11-09 06:51:02.752980,data/lms_loan_daily.csv,2023-10-01
CUS_0x351f_2023_02_01,CUS_0x351f,1/2/2023,10,8,10000,1000,1000,0,2000,1/10/2023,2023-10-01,2025-11-09 06:51:02.752980,data/lms_loan_daily.csv,2023-10-01
CUS_0x3533_2023_10_01,CUS_0x3533,1/10/2023,10,0,10000,0,0,0,10000,1/10/2023,2023-10-01,2025-11-09 06:51:02.752980,data/lms_loan_daily.csv,2023-10-01
CUS_0x3539_2023_01_01,CUS_0x3539,1/1/2023,10,9,10000,1000,1000,0,1000,1/10/2023,2023-10-01,2025-11-09 06:51:02.752980,data/lms_loan_daily.csv,2023-10-01
CUS_0x353a_2023_02_01,CUS_0x353a,1/2/2023,10,8,10000,1000,0,6000,8000,1/10/2023,2023-10-01,2025-11-09 06:51:02.752980,data/lms_loan_daily.csv,2023-10-01
CUS_0x354b_2023_01_01,CUS_0x354b,1/1/2023,10,9,10000,1000,1000,0,1000,1/10/2023,2023-10-01,2025-11-09 06:51:02.752980,data/lms_loan_daily.csv,2023-10-01
CUS_0x355c_2023_02_01,CUS_0x355c,1/2/2023,10,8,10000,1000,1000,0,2000,1/10/2023,2023-10-01,2025-11-09 06:51:02.752980,data/lms_loan_daily.csv,2023-10-01
CUS_0x355f_2023_01_01,CUS_0x355f,1/1/2023,10,9,10000,1000,1000,0,1000,1/10/2023,2023-10-01,2025-11-09 06:51:02.752980,data/lms_loan_daily.csv,2023-10-01
CUS_0x3561_2023_09_01,CUS_0x3561,1/9/2023,10,1,10000,1000,1000,0,9000,1/10/2023,2023-10-01,2025-11-09 06:51:02.752980,data/lms_loan_daily.csv,2023-10-01
CUS_0x356c_2023_01_01,CUS_0x356c,1/1/2023,10,9,10000,1000,0,7000,8000,1/10/2023,2023-10-01,2025-11-09 06:51:02.752980,data/lms_loan_daily.csv,2023-10-01
CUS_0x3595_2023_06_01,CUS_0x3595,1/6/2023,10,4,10000,1000,1000,0,6000,1/10/2023,2023-10-01,2025-11-09 06:51:02.752980,data/lms_loan_daily.csv,2023-10-01
CUS_0x3597_2023_06_01,CUS_0x3597,1/6/2023,10,4,10000,1000,1000,0,6000,1/10/2023,2023-10-01,2025-11-09 06:51:02.752980,data/lms_loan_daily.csv,2023-10-01
CUS_0x35ac_2023_07_01,CUS_0x35ac,1/7/2023,10,3,10000,1000,1000,0,7000,1/10/2023,2023-10-01,2025-11-09 06:51:02.752980,data/lms_loan_daily.csv,2023-10-01
CUS_0x35bd_2023_05_01,CUS_0x35bd,1/5/2023,10,5,10000,1000,1000,0,5000,1/10/2023,2023-10-01,2025-11-09 06:51:02.752980,data/lms_loan_daily.csv,2023-10-01
CUS_0x35c3_2023_07_01,CUS_0x35c3,1/7/2023,10,3,10000,1000,0,1000,8000,1/10/2023,2023-10-01,2025-11-09 06:51:02.752980,data/lms_loan_daily.csv,2023-10-01
CUS_0x35c6_2023_06_01,CUS_0x35c6,1/6/2023,10,4,10000,1000,1000,0,6000,1/10/2023,2023-10-01,2025-11-09 06:51:02.752980,data/lms_loan_daily.csv,2023-10-01
CUS_0x35c8_2023_04_01,CUS_0x35c8,1/4/2023,10,6,10000,1000,0,4000,8000,1/10/2023,2023-10-01,2025-11-09 06:51:02.752980,data/lms_loan_daily.csv,2023-10-01
CUS_0x35cb_2023_05_01,CUS_0x35cb,1/5/2023,10,5,10000,1000,1000,0,5000,1/10/2023,2023-10-01,2025-11-09 06:51:02.752980,data/lms_loan_daily.csv,2023-10-01
CUS_0x35e6_2023_05_01,CUS_0x35e6,1/5/2023,10,5,10000,1000,0,2000,7000,1/10/2023,2023-10-01,2025-11-09 06:51:02.752980,data/lms_loan_daily.csv,2023-10-01
CUS_0x35f3_2023_09_01,CUS_0x35f3,1/9/2023,10,1,10000,1000,1000,0,9000,1/10/2023,2023-10-01,2025-11-09 06:51:02.752980,data/lms_loan_daily.csv,2023-10-01
CUS_0x35f4_2023_03_01,CUS_0x35f4,1/3/2023,10,7,10000,1000,1000,0,3000,1/10/2023,2023-10-01,2025-11-09 06:51:02.752980,data/lms_loan_daily.csv,2023-10-01
CUS_0x35fe_2023_08_01,CUS_0x35fe,1/8/2023,10,2,10000,1000,1000,0,8000,1/10/2023,2023-10-01,2025-11-09 06:51:02.752980,data/lms_loan_daily.csv,2023-10-01
CUS_0x360c_2023_04_01,CUS_0x360c,1/4/2023,10,6,10000,1000,1000,0,4000,1/10/2023,2023-10-01,2025-11-09 06:51:02.752980,data/lms_loan_daily.csv,2023-10-01
CUS_0x360e_2023_03_01,CUS_0x360e,1/3/2023,10,7,10000,1000,0,5000,8000,1/10/2023,2023-10-01,2025-11-09 06:51:02.752980,data/lms_loan_daily.csv,2023-10-01
CUS_0x362a_2023_08_01,CUS_0x362a,1/8/2023,10,2,10000,1000,1000,0,8000,1/10/2023,2023-10-01,2025-11-09 06:51:02.752980,data/lms_loan_daily.csv,2023-10-01
CUS_0x362c_2023_06_01,CUS_0x362c,1/6/2023,10,4,10000,1000,0,3000,9000,1/10/2023,2023-10-01,2025-11-09 06:51:02.752980,data/lms_loan_daily.csv,2023-10-01
CUS_0x3634_2023_04_01,CUS_0x3634,1/4/2023,10,6,10000,1000,1000,0,4000,1/10/2023,2023-10-01,2025-11-09 06:51:02.752980,data/lms_loan_daily.csv,2023-10-01
CUS_0x363a_2023_03_01,CUS_0x363a,1/3/2023,10,7,10000,1000,0,7000,10000,1/10/2023,2023-10-01,2025-11-09 06:51:02.752980,data/lms_loan_daily.csv,2023-10-01
CUS_0x3643_2023_01_01,CUS_0x3643,1/1/2023,10,9,10000,1000,1000,0,1000,1/10/2023,2023-10-01,2025-11-09 06:51:02.752980,data/lms_loan_daily.csv,2023-10-01
CUS_0x365b_2023_02_01,CUS_0x365b,1/2/2023,10,8,10000,1000,0,4000,6000,1/10/2023,2023-10-01,2025-11-09 06:51:02.752980,data/lms_loan_daily.csv,2023-10-01
CUS_0x365f_2023_08_01,CUS_0x365f,1/8/2023,10,2,10000,1000,1000,0,8000,1/10/2023,2023-10-01,2025-11-09 06:51:02.752980,data/lms_loan_daily.csv,2023-10-01
CUS_0x3663_2023_09_01,CUS_0x3663,1/9/2023,10,1,10000,1000,1000,0,9000,1/10/2023,2023-10-01,2025-11-09 06:51:02.752980,data/lms_loan_daily.csv,2023-10-01
CUS_0x366b_2023_07_01,CUS_0x366b,1/7/2023,10,3,10000,1000,1000,0,7000,1/10/2023,2023-10-01,2025-11-09 06:51:02.752980,data/lms_loan_daily.csv,2023-10-01
CUS_0x3672_2023_07_01,CUS_0x3672,1/7/2023,10,3,10000,1000,1000,0,7000,1/10/2023,2023-10-01,2025-11-09 06:51:02.752980,data/lms_loan_daily.csv,2023-10-01
CUS_0x36a2_2023_02_01,CUS_0x36a2,1/2/2023,10,8,10000,1000,1000,0,2000,1/10/2023,2023-10-01,2025-11-09 06:51:02.752980,data/lms_loan_daily.csv,2023-10-01
CUS_0x36ad_2023_03_01,CUS_0x36ad,1/3/2023,10,7,10000,1000,0,4000,7000,1/10/2023,2023-10-01,2025-11-09 06:51:02.752980,data/lms_loan_daily.csv,2023-10-01
CUS_0x36b0_2023_08_01,CUS_0x36b0,1/8/2023,10,2,10000,1000,1000,0,8000,1/10/2023,2023-10-01,2025-11-09 06:51:02.752980,data/lms_loan_daily.csv,2023-10-01
CUS_0x36b3_2023_01_01,CUS_0x36b3,1/1/2023,10,9,10000,1000,1000,0,1000,1/10/2023,2023-10-01,2025-11-09 06:51:02.752980,data/lms_loan_daily.csv,2023-10-01
CUS_0x36b4_2023_05_01,CUS_0x36b4,1/5/2023,10,5,10000,1000,1000,0,5000,1/10/2023,2023-10-01,2025-11-09 06:51:02.752980,data/lms_loan_daily.csv,2023-10-01
CUS_0x36b6_2023_03_01,CUS_0x36b6,1/3/2023,10,7,10000,1000,1000,0,3000,1/10/2023,2023-10-01,2025-11-09 06:51:02.752980,data/lms_loan_daily.csv,2023-10-01
CUS_0x36bb_2023_07_01,CUS_0x36bb,1/7/2023,10,3,10000,1000,1000,0,7000,1/10/2023,2023-10-01,2025-11-09 06:51:02.752980,data/lms_loan_daily.csv,2023-10-01
CUS_0x36c4_2023_06_01,CUS_0x36c4,1/6/2023,10,4,10000,1000,1000,0,6000,1/10/2023,2023-10-01,2025-11-09 06:51:02.752980,data/lms_loan_daily.csv,2023-10-01
CUS_0x36da_2023_04_01,CUS_0x36da,1/4/2023,10,6,10000,1000,1000,0,4000,1/10/2023,2023-10-01,2025-11-09 06:51:02.752980,data/lms_loan_daily.csv,2023-10-01
CUS_0x36ee_2023_04_01,CUS_0x36ee,1/4/2023,10,6,10000,1000,1000,0,4000,1/10/2023,2023-10-01,2025-11-09 06:51:02.752980,data/lms_loan_daily.csv,2023-10-01
CUS_0x36f3_2023_08_01,CUS_0x36f3,1/8/2023,10,2,10000,1000,1000,0,8000,1/10/2023,2023-10-01,2025-11-09 06:51:02.752980,data/lms_loan_daily.csv,2023-10-01
CUS_0x36f7_2023_01_01,CUS_0x36f7,1/1/2023,10,9,10000,1000,0,7000,8000,1/10/2023,2023-10-01,2025-11-09 06:51:02.752980,data/lms_loan_daily.csv,2023-10-01
CUS_0x36f9_2023_04_01,CUS_0x36f9,1/4/2023,10,6,10000,1000,1000,0,4000,1/10/2023,2023-10-01,2025-11-09 06:51:02.752980,data/lms_loan_daily.csv,2023-10-01
CUS_0x36fb_2023_09_01,CUS_0x36fb,1/9/2023,10,1,10000,1000,0,1000,10000,1/10/2023,2023-10-01,2025-11-09 06:51:02.752980,data/lms_loan_daily.csv,2023-10-01
CUS_0x3713_2023_02_01,CUS_0x3713,1/2/2023,10,8,10000,1000,1000,0,2000,1/10/2023,2023-10-01,2025-11-09 06:51:02.752980,data/lms_loan_daily.csv,2023-10-01
CUS_0x3733_2023_01_01,CUS_0x3733,1/1/2023,10,9,10000,1000,1000,0,1000,1/10/2023,2023-10-01,2025-11-09 06:51:02.752980,data/lms_loan_daily.csv,2023-10-01
CUS_0x374a_2023_07_01,CUS_0x374a,1/7/2023,10,3,10000,1000,1000,0,7000,1/10/2023,2023-10-01,2025-11-09 06:51:02.752980,data/lms_loan_daily.csv,2023-10-01
CUS_0x3752_2023_10_01,CUS_0x3752,1/10/2023,10,0,10000,0,0,0,10000,1/10/2023,2023-10-01,2025-11-09 06:51:02.752980,data/lms_loan_daily.csv,2023-10-01
CUS_0x3768_2023_05_01,CUS_0x3768,1/5/2023,10,5,10000,1000,1000,0,5000,1/10/2023,2023-10-01,2025-11-09 06:51:02.752980,data/lms_loan_daily.csv,2023-10-01
CUS_0x3777_2023_05_01,CUS_0x3777,1/5/2023,10,5,10000,1000,1000,0,5000,1/10/2023,2023-10-01,2025-11-09 06:51:02.752980,data/lms_loan_daily.csv,2023-10-01
CUS_0x377b_2023_02_01,CUS_0x377b,1/2/2023,10,8,10000,1000,1000,0,2000,1/10/2023,2023-10-01,2025-11-09 06:51:02.752980,data/lms_loan_daily.csv,2023-10-01
CUS_0x3787_2023_08_01,CUS_0x3787,1/8/2023,10,2,10000,1000,1000,0,8000,1/10/2023,2023-10-01,2025-11-09 06:51:02.752980,data/lms_loan_daily.csv,2023-10-01
CUS_0x37a1_2023_01_01,CUS_0x37a1,1/1/2023,10,9,10000,1000,1000,0,1000,1/10/2023,2023-10-01,2025-11-09 06:51:02.752980,data/lms_loan_daily.csv,2023-10-01
CUS_0x37a4_2023_09_01,CUS_0x37a4,1/9/2023,10,1,10000,1000,1000,0,9000,1/10/2023,2023-10-01,2025-11-09 06:51:02.752980,data/lms_loan_daily.csv,2023-10-01
CUS_0x37b2_2023_01_01,CUS_0x37b2,1/1/2023,10,9,10000,1000,1000,0,1000,1/10/2023,2023-10-01,2025-11-09 06:51:02.752980,data/lms_loan_daily.csv,2023-10-01
CUS_0x37cc_2023_03_01,CUS_0x37cc,1/3/2023,10,7,10000,1000,1000,0,3000,1/10/2023,2023-10-01,2025-11-09 06:51:02.752980,data/lms_loan_daily.csv,2023-10-01
CUS_0x37cd_2023_02_01,CUS_0x37cd,1/2/2023,10,8,10000,1000,0,7000,9000,1/10/2023,2023-10-01,2025-11-09 06:51:02.752980,data/lms_loan_daily.csv,2023-10-01
CUS_0x37d5_2023_08_01,CUS_0x37d5,1/8/2023,10,2,10000,1000,0,2000,10000,1/10/2023,2023-10-01,2025-11-09 06:51:02.752980,data/lms_loan_daily.csv,2023-10-01
CUS_0x37dd_2023_09_01,CUS_0x37dd,1/9/2023,10,1,10000,1000,1000,0,9000,1/10/2023,2023-10-01,2025-11-09 06:51:02.752980,data/lms_loan_daily.csv,2023-10-01
CUS_0x37de_2023_03_01,CUS_0x37de,1/3/2023,10,7,10000,1000,0,4000,7000,1/10/2023,2023-10-01,2025-11-09 06:51:02.752980,data/lms_loan_daily.csv,2023-10-01
CUS_0x37e3_2023_05_01,CUS_0x37e3,1/5/2023,10,5,10000,1000,1000,0,5000,1/10/2023,2023-10-01,2025-11-09 06:51:02.752980,data/lms_loan_daily.csv,2023-10-01
CUS_0x37ec_2023_08_01,CUS_0x37ec,1/8/2023,10,2,10000,1000,2000,0,8000,1/10/2023,2023-10-01,2025-11-09 06:51:02.752980,data/lms_loan_daily.csv,2023-10-01
CUS_0x37f4_2023_09_01,CUS_0x37f4,1/9/2023,10,1,10000,1000,1000,0,9000,1/10/2023,2023-10-01,2025-11-09 06:51:02.752980,data/lms_loan_daily.csv,2023-10-01
CUS_0x380f_2023_09_01,CUS_0x380f,1/9/2023,10,1,10000,1000,0,1000,10000,1/10/2023,2023-10-01,2025-11-09 06:51:02.752980,data/lms_loan_daily.csv,2023-10-01
CUS_0x3813_2023_09_01,CUS_0x3813,1/9/2023,10,1,10000,1000,1000,0,9000,1/10/2023,2023-10-01,2025-11-09 06:51:02.752980,data/lms_loan_daily.csv,2023-10-01
CUS_0x3815_2023_03_01,CUS_0x3815,1/3/2023,10,7,10000,1000,0,5000,8000,1/10/2023,2023-10-01,2025-11-09 06:51:02.752980,data/lms_loan_daily.csv,2023-10-01
CUS_0x382d_2023_06_01,CUS_0x382d,1/6/2023,10,4,10000,1000,1000,0,6000,1/10/2023,2023-10-01,2025-11-09 06:51:02.752980,data/lms_loan_daily.csv,2023-10-01
CUS_0x382f_2023_02_01,CUS_0x382f,1/2/2023,10,8,10000,1000,0,5000,7000,1/10/2023,2023-10-01,2025-11-09 06:51:02.752980,data/lms_loan_daily.csv,2023-10-01
CUS_0x383a_2023_03_01,CUS_0x383a,1/3/2023,10,7,10000,1000,1000,0,3000,1/10/2023,2023-10-01,2025-11-09 06:51:02.752980,data/lms_loan_daily.csv,2023-10-01
CUS_0x383d_2023_01_01,CUS_0x383d,1/1/2023,10,9,10000,1000,1000,0,1000,1/10/2023,2023-10-01,2025-11-09 06:51:02.752980,data/lms_loan_daily.csv,2023-10-01
CUS_0x383e_2023_04_01,CUS_0x383e,1/4/2023,10,6,10000,1000,1000,0,4000,1/10/2023,2023-10-01,2025-11-09 06:51:02.752980,data/lms_loan_daily.csv,2023-10-01
CUS_0x3846_2023_06_01,CUS_0x3846,1/6/2023,10,4,10000,1000,1000,0,6000,1/10/2023,2023-10-01,2025-11-09 06:51:02.752980,data/lms_loan_daily.csv,2023-10-01
CUS_0x385a_2023_09_01,CUS_0x385a,1/9/2023,10,1,10000,1000,1000,0,9000,1/10/2023,2023-10-01,2025-11-09 06:51:02.752980,data/lms_loan_daily.csv,2023-10-01
CUS_0x3861_2023_04_01,CUS_0x3861,1/4/2023,10,6,10000,1000,0,6000,10000,1/10/2023,2023-10-01,2025-11-09 06:51:02.752980,data/lms_loan_daily.csv,2023-10-01
CUS_0x3866_2023_05_01,CUS_0x3866,1/5/2023,10,5,10000,1000,0,3000,8000,1/10/2023,2023-10-01,2025-11-09 06:51:02.752980,data/lms_loan_daily.csv,2023-10-01
CUS_0x3868_2023_07_01,CUS_0x3868,1/7/2023,10,3,10000,1000,0,2000,9000,1/10/2023,2023-10-01,2025-11-09 06:51:02.752980,data/lms_loan_daily.csv,2023-10-01
CUS_0x386e_2023_07_01,CUS_0x386e,1/7/2023,10,3,10000,1000,0,1000,8000,1/10/2023,2023-10-01,2025-11-09 06:51:02.752980,data/lms_loan_daily.csv,2023-10-01
CUS_0x3873_2023_01_01,CUS_0x3873,1/1/2023,10,9,10000,1000,1000,0,1000,1/10/2023,2023-10-01,2025-11-09 06:51:02.752980,data/lms_loan_daily.csv,2023-10-01
CUS_0x3881_2023_09_01,CUS_0x3881,1/9/2023,10,1,10000,1000,1000,0,9000,1/10/2023,2023-10-01,2025-11-09 06:51:02.752980,data/lms_loan_daily.csv,2023-10-01
CUS_0x388a_2023_04_01,CUS_0x388a,1/4/2023,10,6,10000,1000,0,3000,7000,1/10/2023,2023-10-01,2025-11-09 06:51:02.752980,data/lms_loan_daily.csv,2023-10-01
CUS_0x38a0_2023_10_01,CUS_0x38a0,1/10/2023,10,0,10000,0,0,0,10000,1/10/2023,2023-10-01,2025-11-09 06:51:02.752980,data/lms_loan_daily.csv,2023-10-01
CUS_0x38b0_2023_02_01,CUS_0x38b0,1/2/2023,10,8,10000,1000,1000,0,2000,1/10/2023,2023-10-01,2025-11-09 06:51:02.752980,data/lms_loan_daily.csv,2023-10-01
CUS_0x38b3_2023_06_01,CUS_0x38b3,1/6/2023,10,4,10000,1000,1000,0,6000,1/10/2023,2023-10-01,2025-11-09 06:51:02.752980,data/lms_loan_daily.csv,2023-10-01
CUS_0x38b8_2023_08_01,CUS_0x38b8,1/8/2023,10,2,10000,1000,1000,0,8000,1/10/2023,2023-10-01,2025-11-09 06:51:02.752980,data/lms_loan_daily.csv,2023-10-01
CUS_0x38c1_2023_05_01,CUS_0x38c1,1/5/2023,10,5,10000,1000,1000,0,5000,1/10/2023,2023-10-01,2025-11-09 06:51:02.752980,data/lms_loan_daily.csv,2023-10-01
CUS_0x38d8_2023_07_01,CUS_0x38d8,1/7/2023,10,3,10000,1000,1000,0,7000,1/10/2023,2023-10-01,2025-11-09 06:51:02.752980,data/lms_loan_daily.csv,2023-10-01
CUS_0x38e1_2023_02_01,CUS_0x38e1,1/2/2023,10,8,10000,1000,1000,0,2000,1/10/2023,2023-10-01,2025-11-09 06:51:02.752980,data/lms_loan_daily.csv,2023-10-01
CUS_0x38f1_2023_03_01,CUS_0x38f1,1/3/2023,10,7,10000,1000,0,4000,7000,1/10/2023,2023-10-01,2025-11-09 06:51:02.752980,data/lms_loan_daily.csv,2023-10-01
CUS_0x3903_2023_03_01,CUS_0x3903,1/3/2023,10,7,10000,1000,1000,0,3000,1/10/2023,2023-10-01,2025-11-09 06:51:02.752980,data/lms_loan_daily.csv,2023-10-01
CUS_0x3906_2023_01_01,CUS_0x3906,1/1/2023,10,9,10000,1000,1000,0,1000,1/10/2023,2023-10-01,2025-11-09 06:51:02.752980,data/lms_loan_daily.csv,2023-10-01
CUS_0x3910_2023_05_01,CUS_0x3910,1/5/2023,10,5,10000,1000,1000,0,5000,1/10/2023,2023-10-01,2025-11-09 06:51:02.752980,data/lms_loan_daily.csv,2023-10-01
CUS_0x3911_2023_09_01,CUS_0x3911,1/9/2023,10,1,10000,1000,1000,0,9000,1/10/2023,2023-10-01,2025-11-09 06:51:02.752980,data/lms_loan_daily.csv,2023-10-01
CUS_0x3912_2023_02_01,CUS_0x3912,1/2/2023,10,8,10000,1000,1000,0,2000,1/10/2023,2023-10-01,2025-11-09 06:51:02.752980,data/lms_loan_daily.csv,2023-10-01
CUS_0x3913_2023_05_01,CUS_0x3913,1/5/2023,10,5,10000,1000,1000,0,5000,1/10/2023,2023-10-01,2025-11-09 06:51:02.752980,data/lms_loan_daily.csv,2023-10-01
CUS_0x3925_2023_02_01,CUS_0x3925,1/2/2023,10,8,10000,1000,1000,0,2000,1/10/2023,2023-10-01,2025-11-09 06:51:02.752980,data/lms_loan_daily.csv,2023-10-01
CUS_0x3928_2023_01_01,CUS_0x3928,1/1/2023,10,9,10000,1000,0,7000,8000,1/10/2023,2023-10-01,2025-11-09 06:51:02.752980,data/lms_loan_daily.csv,2023-10-01
CUS_0x3934_2023_10_01,CUS_0x3934,1/10/2023,10,0,10000,0,0,0,10000,1/10/2023,2023-10-01,2025-11-09 06:51:02.752980,data/lms_loan_daily.csv,2023-10-01
CUS_0x3943_2023_09_01,CUS_0x3943,1/9/2023,10,1,10000,1000,1000,0,9000,1/10/2023,2023-10-01,2025-11-09 06:51:02.752980,data/lms_loan_daily.csv,2023-10-01
CUS_0x3949_2023_04_01,CUS_0x3949,1/4/2023,10,6,10000,1000,1000,0,4000,1/10/2023,2023-10-01,2025-11-09 06:51:02.752980,data/lms_loan_daily.csv,2023-10-01
CUS_0x394a_2023_08_01,CUS_0x394a,1/8/2023,10,2,10000,1000,1000,0,8000,1/10/2023,2023-10-01,2025-11-09 06:51:02.752980,data/lms_loan_daily.csv,2023-10-01
CUS_0x3969_2023_06_01,CUS_0x3969,1/6/2023,10,4,10000,1000,0,1000,7000,1/10/2023,2023-10-01,2025-11-09 06:51:02.752980,data/lms_loan_daily.csv,2023-10-01
CUS_0x396c_2023_04_01,CUS_0x396c,1/4/2023,10,6,10000,1000,1000,0,4000,1/10/2023,2023-10-01,2025-11-09 06:51:02.752980,data/lms_loan_daily.csv,2023-10-01
CUS_0x396d_2023_09_01,CUS_0x396d,1/9/2023,10,1,10000,1000,1000,0,9000,1/10/2023,2023-10-01,2025-11-09 06:51:02.752980,data/lms_loan_daily.csv,2023-10-01
CUS_0x397b_2023_01_01,CUS_0x397b,1/1/2023,10,9,10000,1000,1000,0,1000,1/10/2023,2023-10-01,2025-11-09 06:51:02.752980,data/lms_loan_daily.csv,2023-10-01
CUS_0x398d_2023_04_01,CUS_0x398d,1/4/2023,10,6,10000,1000,1000,0,4000,1/10/2023,2023-10-01,2025-11-09 06:51:02.752980,data/lms_loan_daily.csv,2023-10-01
CUS_0x398f_2023_06_01,CUS_0x398f,1/6/2023,10,4,10000,1000,1000,0,6000,1/10/2023,2023-10-01,2025-11-09 06:51:02.752980,data/lms_loan_daily.csv,2023-10-01
CUS_0x3992_2023_07_01,CUS_0x3992,1/7/2023,10,3,10000,1000,0,2000,9000,1/10/2023,2023-10-01,2025-11-09 06:51:02.752980,data/lms_loan_daily.csv,2023-10-01
CUS_0x39bd_2023_04_01,CUS_0x39bd,1/4/2023,10,6,10000,1000,1000,0,4000,1/10/2023,2023-10-01,2025-11-09 06:51:02.752980,data/lms_loan_daily.csv,2023-10-01
CUS_0x39c6_2023_04_01,CUS_0x39c6,1/4/2023,10,6,10000,1000,1000,0,4000,1/10/2023,2023-10-01,2025-11-09 06:51:02.752980,data/lms_loan_daily.csv,2023-10-01
CUS_0x39d3_2023_10_01,CUS_0x39d3,1/10/2023,10,0,10000,0,0,0,10000,1/10/2023,2023-10-01,2025-11-09 06:51:02.752980,data/lms_loan_daily.csv,2023-10-01
CUS_0x39d4_2023_05_01,CUS_0x39d4,1/5/2023,10,5,10000,1000,0,4000,9000,1/10/2023,2023-10-01,2025-11-09 06:51:02.752980,data/lms_loan_daily.csv,2023-10-01
CUS_0x39e0_2023_06_01,CUS_0x39e0,1/6/2023,10,4,10000,1000,1000,0,6000,1/10/2023,2023-10-01,2025-11-09 06:51:02.752980,data/lms_loan_daily.csv,2023-10-01
CUS_0x39f8_2023_09_01,CUS_0x39f8,1/9/2023,10,1,10000,1000,1000,0,9000,1/10/2023,2023-10-01,2025-11-09 06:51:02.752980,data/lms_loan_daily.csv,2023-10-01
CUS_0x3a03_2023_01_01,CUS_0x3a03,1/1/2023,10,9,10000,1000,1000,0,1000,1/10/2023,2023-10-01,2025-11-09 06:51:02.752980,data/lms_loan_daily.csv,2023-10-01
CUS_0x3a0b_2023_05_01,CUS_0x3a0b,1/5/2023,10,5,10000,1000,1000,0,5000,1/10/2023,2023-10-01,2025-11-09 06:51:02.752980,data/lms_loan_daily.csv,2023-10-01
CUS_0x3a15_2023_10_01,CUS_0x3a15,1/10/2023,10,0,10000,0,0,0,10000,1/10/2023,2023-10-01,2025-11-09 06:51:02.752980,data/lms_loan_daily.csv,2023-10-01
CUS_0x3a1b_2023_07_01,CUS_0x3a1b,1/7/2023,10,3,10000,1000,1000,0,7000,1/10/2023,2023-10-01,2025-11-09 06:51:02.752980,data/lms_loan_daily.csv,2023-10-01
CUS_0x3a28_2023_02_01,CUS_0x3a28,1/2/2023,10,8,10000,1000,1000,0,2000,1/10/2023,2023-10-01,2025-11-09 06:51:02.752980,data/lms_loan_daily.csv,2023-10-01
CUS_0x3a38_2023_02_01,CUS_0x3a38,1/2/2023,10,8,10000,1000,0,6000,8000,1/10/2023,2023-10-01,2025-11-09 06:51:02.752980,data/lms_loan_daily.csv,2023-10-01
CUS_0x3a3b_2023_03_01,CUS_0x3a3b,1/3/2023,10,7,10000,1000,1000,0,3000,1/10/2023,2023-10-01,2025-11-09 06:51:02.752980,data/lms_loan_daily.csv,2023-10-01
CUS_0x3a3d_2023_01_01,CUS_0x3a3d,1/1/2023,10,9,10000,1000,1000,0,1000,1/10/2023,2023-10-01,2025-11-09 06:51:02.752980,data/lms_loan_daily.csv,2023-10-01
CUS_0x3a3f_2023_06_01,CUS_0x3a3f,1/6/2023,10,4,10000,1000,1000,0,6000,1/10/2023,2023-10-01,2025-11-09 06:51:02.752980,data/lms_loan_daily.csv,2023-10-01
CUS_0x3a40_2023_02_01,CUS_0x3a40,1/2/2023,10,8,10000,1000,1000,0,2000,1/10/2023,2023-10-01,2025-11-09 06:51:02.752980,data/lms_loan_daily.csv,2023-10-01
CUS_0x3a44_2023_04_01,CUS_0x3a44,1/4/2023,10,6,10000,1000,0,3000,7000,1/10/2023,2023-10-01,2025-11-09 06:51:02.752980,data/lms_loan_daily.csv,2023-10-01
CUS_0x3a4d_2023_07_01,CUS_0x3a4d,1/7/2023,10,3,10000,1000,1000,0,7000,1/10/2023,2023-10-01,2025-11-09 06:51:02.752980,data/lms_loan_daily.csv,2023-10-01
CUS_0x3a55_2023_02_01,CUS_0x3a55,1/2/2023,10,8,10000,1000,1000,0,2000,1/10/2023,2023-10-01,2025-11-09 06:51:02.752980,data/lms_loan_daily.csv,2023-10-01
CUS_0x3a5b_2023_03_01,CUS_0x3a5b,1/3/2023,10,7,10000,1000,1000,0,3000,1/10/2023,2023-10-01,2025-11-09 06:51:02.752980,data/lms_loan_daily.csv,2023-10-01
CUS_0x3a69_2023_01_01,CUS_0x3a69,1/1/2023,10,9,10000,1000,0,6000,7000,1/10/2023,2023-10-01,2025-11-09 06:51:02.752980,data/lms_loan_daily.csv,2023-10-01
CUS_0x3a6c_2023_04_01,CUS_0x3a6c,1/4/2023,10,6,10000,1000,1000,0,4000,1/10/2023,2023-10-01,2025-11-09 06:51:02.752980,data/lms_loan_daily.csv,2023-10-01
CUS_0x3a7e_2023_02_01,CUS_0x3a7e,1/2/2023,10,8,10000,1000,1000,0,2000,1/10/2023,2023-10-01,2025-11-09 06:51:02.752980,data/lms_loan_daily.csv,2023-10-01
CUS_0x3a82_2023_01_01,CUS_0x3a82,1/1/2023,10,9,10000,1000,1000,0,1000,1/10/2023,2023-10-01,2025-11-09 06:51:02.752980,data/lms_loan_daily.csv,2023-10-01
CUS_0x3a86_2023_03_01,CUS_0x3a86,1/3/2023,10,7,10000,1000,1000,0,3000,1/10/2023,2023-10-01,2025-11-09 06:51:02.752980,data/lms_loan_daily.csv,2023-10-01
CUS_0x3a99_2023_06_01,CUS_0x3a99,1/6/2023,10,4,10000,1000,1000,0,6000,1/10/2023,2023-10-01,2025-11-09 06:51:02.752980,data/lms_loan_daily.csv,2023-10-01
CUS_0x3a9d_2023_10_01,CUS_0x3a9d,1/10/2023,10,0,10000,0,0,0,10000,1/10/2023,2023-10-01,2025-11-09 06:51:02.752980,data/lms_loan_daily.csv,2023-10-01
CUS_0x3a9e_2023_02_01,CUS_0x3a9e,1/2/2023,10,8,10000,1000,1000,0,2000,1/10/2023,2023-10-01,2025-11-09 06:51:02.752980,data/lms_loan_daily.csv,2023-10-01
CUS_0x3aa8_2023_07_01,CUS_0x3aa8,1/7/2023,10,3,10000,1000,0,1000,8000,1/10/2023,2023-10-01,2025-11-09 06:51:02.752980,data/lms_loan_daily.csv,2023-10-01
CUS_0x3aaa_2023_10_01,CUS_0x3aaa,1/10/2023,10,0,10000,0,0,0,10000,1/10/2023,2023-10-01,2025-11-09 06:51:02.752980,data/lms_loan_daily.csv,2023-10-01
CUS_0x3aab_2023_10_01,CUS_0x3aab,1/10/2023,10,0,10000,0,0,0,10000,1/10/2023,2023-10-01,2025-11-09 06:51:02.752980,data/lms_loan_daily.csv,2023-10-01
CUS_0x3acc_2023_01_01,CUS_0x3acc,1/1/2023,10,9,10000,1000,1000,0,1000,1/10/2023,2023-10-01,2025-11-09 06:51:02.752980,data/lms_loan_daily.csv,2023-10-01
CUS_0x3acd_2023_09_01,CUS_0x3acd,1/9/2023,10,1,10000,1000,1000,0,9000,1/10/2023,2023-10-01,2025-11-09 06:51:02.752980,data/lms_loan_daily.csv,2023-10-01
CUS_0x3ad4_2023_09_01,CUS_0x3ad4,1/9/2023,10,1,10000,1000,1000,0,9000,1/10/2023,2023-10-01,2025-11-09 06:51:02.752980,data/lms_loan_daily.csv,2023-10-01
CUS_0x3adb_2023_07_01,CUS_0x3adb,1/7/2023,10,3,10000,1000,0,2000,9000,1/10/2023,2023-10-01,2025-11-09 06:51:02.752980,data/lms_loan_daily.csv,2023-10-01
CUS_0x3adc_2023_01_01,CUS_0x3adc,1/1/2023,10,9,10000,1000,0,7000,8000,1/10/2023,2023-10-01,2025-11-09 06:51:02.752980,data/lms_loan_daily.csv,2023-10-01
CUS_0x3ae5_2023_06_01,CUS_0x3ae5,1/6/2023,10,4,10000,1000,1000,0,6000,1/10/2023,2023-10-01,2025-11-09 06:51:02.752980,data/lms_loan_daily.csv,2023-10-01
CUS_0x3ae9_2023_03_01,CUS_0x3ae9,1/3/2023,10,7,10000,1000,1000,0,3000,1/10/2023,2023-10-01,2025-11-09 06:51:02.752980,data/lms_loan_daily.csv,2023-10-01
CUS_0x3af5_2023_01_01,CUS_0x3af5,1/1/2023,10,9,10000,1000,1000,0,1000,1/10/2023,2023-10-01,2025-11-09 06:51:02.752980,data/lms_loan_daily.csv,2023-10-01
CUS_0x3afc_2023_03_01,CUS_0x3afc,1/3/2023,10,7,10000,1000,1000,0,3000,1/10/2023,2023-10-01,2025-11-09 06:51:02.752980,data/lms_loan_daily.csv,2023-10-01
CUS_0x3b10_2023_01_01,CUS_0x3b10,1/1/2023,10,9,10000,1000,1000,0,1000,1/10/2023,2023-10-01,2025-11-09 06:51:02.752980,data/lms_loan_daily.csv,2023-10-01
CUS_0x3b1f_2023_06_01,CUS_0x3b1f,1/6/2023,10,4,10000,1000,0,3000,9000,1/10/2023,2023-10-01,2025-11-09 06:51:02.752980,data/lms_loan_daily.csv,2023-10-01
CUS_0x3b20_2023_04_01,CUS_0x3b20,1/4/2023,10,6,10000,1000,1000,0,4000,1/10/2023,2023-10-01,2025-11-09 06:51:02.752980,data/lms_loan_daily.csv,2023-10-01
CUS_0x3b22_2023_01_01,CUS_0x3b22,1/1/2023,10,9,10000,1000,1000,0,1000,1/10/2023,2023-10-01,2025-11-09 06:51:02.752980,data/lms_loan_daily.csv,2023-10-01
CUS_0x3b2a_2023_01_01,CUS_0x3b2a,1/1/2023,10,9,10000,1000,1000,0,1000,1/10/2023,2023-10-01,2025-11-09 06:51:02.752980,data/lms_loan_daily.csv,2023-10-01
CUS_0x3b2b_2023_05_01,CUS_0x3b2b,1/5/2023,10,5,10000,1000,1000,0,5000,1/10/2023,2023-10-01,2025-11-09 06:51:02.752980,data/lms_loan_daily.csv,2023-10-01
CUS_0x3b32_2023_09_01,CUS_0x3b32,1/9/2023,10,1,10000,1000,1000,0,9000,1/10/2023,2023-10-01,2025-11-09 06:51:02.752980,data/lms_loan_daily.csv,2023-10-01
CUS_0x3b36_2023_05_01,CUS_0x3b36,1/5/2023,10,5,10000,1000,1000,0,5000,1/10/2023,2023-10-01,2025-11-09 06:51:02.752980,data/lms_loan_daily.csv,2023-10-01
CUS_0x3b3f_2023_03_01,CUS_0x3b3f,1/3/2023,10,7,10000,1000,0,3000,6000,1/10/2023,2023-10-01,2025-11-09 06:51:02.752980,data/lms_loan_daily.csv,2023-10-01
CUS_0x3b59_2023_09_01,CUS_0x3b59,1/9/2023,10,1,10000,1000,1000,0,9000,1/10/2023,2023-10-01,2025-11-09 06:51:02.752980,data/lms_loan_daily.csv,2023-10-01
CUS_0x3b5d_2023_10_01,CUS_0x3b5d,1/10/2023,10,0,10000,0,0,0,10000,1/10/2023,2023-10-01,2025-11-09 06:51:02.752980,data/lms_loan_daily.csv,2023-10-01
CUS_0x3b66_2023_07_01,CUS_0x3b66,1/7/2023,10,3,10000,1000,1000,0,7000,1/10/2023,2023-10-01,2025-11-09 06:51:02.752980,data/lms_loan_daily.csv,2023-10-01
CUS_0x3b6e_2023_01_01,CUS_0x3b6e,1/1/2023,10,9,10000,1000,0,7000,8000,1/10/2023,2023-10-01,2025-11-09 06:51:02.752980,data/lms_loan_daily.csv,2023-10-01
CUS_0x3b72_2023_09_01,CUS_0x3b72,1/9/2023,10,1,10000,1000,1000,0,9000,1/10/2023,2023-10-01,2025-11-09 06:51:02.752980,data/lms_loan_daily.csv,2023-10-01
CUS_0x3b81_2023_03_01,CUS_0x3b81,1/3/2023,10,7,10000,1000,1000,0,3000,1/10/2023,2023-10-01,2025-11-09 06:51:02.752980,data/lms_loan_daily.csv,2023-10-01
CUS_0x3b89_2023_05_01,CUS_0x3b89,1/5/2023,10,5,10000,1000,1000,0,5000,1/10/2023,2023-10-01,2025-11-09 06:51:02.752980,data/lms_loan_daily.csv,2023-10-01
CUS_0x3b9a_2023_04_01,CUS_0x3b9a,1/4/2023,10,6,10000,1000,1000,0,4000,1/10/2023,2023-10-01,2025-11-09 06:51:02.752980,data/lms_loan_daily.csv,2023-10-01
CUS_0x3ba7_2023_04_01,CUS_0x3ba7,1/4/2023,10,6,10000,1000,0,4000,8000,1/10/2023,2023-10-01,2025-11-09 06:51:02.752980,data/lms_loan_daily.csv,2023-10-01
CUS_0x3bb8_2023_05_01,CUS_0x3bb8,1/5/2023,10,5,10000,1000,0,3000,8000,1/10/2023,2023-10-01,2025-11-09 06:51:02.752980,data/lms_loan_daily.csv,2023-10-01
CUS_0x3bc3_2023_01_01,CUS_0x3bc3,1/1/2023,10,9,10000,1000,1000,0,1000,1/10/2023,2023-10-01,2025-11-09 06:51:02.752980,data/lms_loan_daily.csv,2023-10-01
CUS_0x3bc6_2023_01_01,CUS_0x3bc6,1/1/2023,10,9,10000,1000,0,6000,7000,1/10/2023,2023-10-01,2025-11-09 06:51:02.752980,data/lms_loan_daily.csv,2023-10-01
CUS_0x3bc7_2023_07_01,CUS_0x3bc7,1/7/2023,10,3,10000,1000,1000,0,7000,1/10/2023,2023-10-01,2025-11-09 06:51:02.752980,data/lms_loan_daily.csv,2023-10-01
CUS_0x3bd0_2023_01_01,CUS_0x3bd0,1/1/2023,10,9,10000,1000,0,5000,6000,1/10/2023,2023-10-01,2025-11-09 06:51:02.752980,data/lms_loan_daily.csv,2023-10-01
CUS_0x3bd2_2023_08_01,CUS_0x3bd2,1/8/2023,10,2,10000,1000,1000,0,8000,1/10/2023,2023-10-01,2025-11-09 06:51:02.752980,data/lms_loan_daily.csv,2023-10-01
CUS_0x3bdb_2023_07_01,CUS_0x3bdb,1/7/2023,10,3,10000,1000,1000,0,7000,1/10/2023,2023-10-01,2025-11-09 06:51:02.752980,data/lms_loan_daily.csv,2023-10-01
CUS_0x3bde_2023_01_01,CUS_0x3bde,1/1/2023,10,9,10000,1000,1000,0,1000,1/10/2023,2023-10-01,2025-11-09 06:51:02.752980,data/lms_loan_daily.csv,2023-10-01
CUS_0x3be2_2023_05_01,CUS_0x3be2,1/5/2023,10,5,10000,1000,1000,0,5000,1/10/2023,2023-10-01,2025-11-09 06:51:02.752980,data/lms_loan_daily.csv,2023-10-01
CUS_0x3bf5_2023_01_01,CUS_0x3bf5,1/1/2023,10,9,10000,1000,1000,0,1000,1/10/2023,2023-10-01,2025-11-09 06:51:02.752980,data/lms_loan_daily.csv,2023-10-01
CUS_0x3bfb_2023_02_01,CUS_0x3bfb,1/2/2023,10,8,10000,1000,0,7000,9000,1/10/2023,2023-10-01,2025-11-09 06:51:02.752980,data/lms_loan_daily.csv,2023-10-01
CUS_0x3bfd_2023_08_01,CUS_0x3bfd,1/8/2023,10,2,10000,1000,1000,0,8000,1/10/2023,2023-10-01,2025-11-09 06:51:02.752980,data/lms_loan_daily.csv,2023-10-01
CUS_0x3c09_2023_05_01,CUS_0x3c09,1/5/2023,10,5,10000,1000,1000,0,5000,1/10/2023,2023-10-01,2025-11-09 06:51:02.752980,data/lms_loan_daily.csv,2023-10-01
CUS_0x3c0b_2023_10_01,CUS_0x3c0b,1/10/2023,10,0,10000,0,0,0,10000,1/10/2023,2023-10-01,2025-11-09 06:51:02.752980,data/lms_loan_daily.csv,2023-10-01
CUS_0x3c21_2023_07_01,CUS_0x3c21,1/7/2023,10,3,10000,1000,1000,0,7000,1/10/2023,2023-10-01,2025-11-09 06:51:02.752980,data/lms_loan_daily.csv,2023-10-01
CUS_0x3c2c_2023_06_01,CUS_0x3c2c,1/6/2023,10,4,10000,1000,1000,0,6000,1/10/2023,2023-10-01,2025-11-09 06:51:02.752980,data/lms_loan_daily.csv,2023-10-01
CUS_0x3c46_2023_05_01,CUS_0x3c46,1/5/2023,10,5,10000,1000,1000,0,5000,1/10/2023,2023-10-01,2025-11-09 06:51:02.752980,data/lms_loan_daily.csv,2023-10-01
CUS_0x3c47_2023_06_01,CUS_0x3c47,1/6/2023,10,4,10000,1000,1000,0,6000,1/10/2023,2023-10-01,2025-11-09 06:51:02.752980,data/lms_loan_daily.csv,2023-10-01
CUS_0x3c51_2023_07_01,CUS_0x3c51,1/7/2023,10,3,10000,1000,1000,0,7000,1/10/2023,2023-10-01,2025-11-09 06:51:02.752980,data/lms_loan_daily.csv,2023-10-01
CUS_0x3c5f_2023_03_01,CUS_0x3c5f,1/3/2023,10,7,10000,1000,1000,0,3000,1/10/2023,2023-10-01,2025-11-09 06:51:02.752980,data/lms_loan_daily.csv,2023-10-01
CUS_0x3c61_2023_02_01,CUS_0x3c61,1/2/2023,10,8,10000,1000,1000,0,2000,1/10/2023,2023-10-01,2025-11-09 06:51:02.752980,data/lms_loan_daily.csv,2023-10-01
CUS_0x3c63_2023_09_01,CUS_0x3c63,1/9/2023,10,1,10000,1000,1000,0,9000,1/10/2023,2023-10-01,2025-11-09 06:51:02.752980,data/lms_loan_daily.csv,2023-10-01
CUS_0x3c69_2023_04_01,CUS_0x3c69,1/4/2023,10,6,10000,1000,1000,0,4000,1/10/2023,2023-10-01,2025-11-09 06:51:02.752980,data/lms_loan_daily.csv,2023-10-01
CUS_0x3c82_2023_02_01,CUS_0x3c82,1/2/2023,10,8,10000,1000,1000,0,2000,1/10/2023,2023-10-01,2025-11-09 06:51:02.752980,data/lms_loan_daily.csv,2023-10-01
CUS_0x3ca4_2023_03_01,CUS_0x3ca4,1/3/2023,10,7,10000,1000,1000,0,3000,1/10/2023,2023-10-01,2025-11-09 06:51:02.752980,data/lms_loan_daily.csv,2023-10-01
CUS_0x3cb7_2023_02_01,CUS_0x3cb7,1/2/2023,10,8,10000,1000,0,4000,6000,1/10/2023,2023-10-01,2025-11-09 06:51:02.752980,data/lms_loan_daily.csv,2023-10-01
CUS_0x3cc2_2023_02_01,CUS_0x3cc2,1/2/2023,10,8,10000,1000,1000,0,2000,1/10/2023,2023-10-01,2025-11-09 06:51:02.752980,data/lms_loan_daily.csv,2023-10-01
CUS_0x3cc3_2023_07_01,CUS_0x3cc3,1/7/2023,10,3,10000,1000,1000,0,7000,1/10/2023,2023-10-01,2025-11-09 06:51:02.752980,data/lms_loan_daily.csv,2023-10-01
CUS_0x3cc6_2023_02_01,CUS_0x3cc6,1/2/2023,10,8,10000,1000,0,8000,10000,1/10/2023,2023-10-01,2025-11-09 06:51:02.752980,data/lms_loan_daily.csv,2023-10-01
CUS_0x3ccd_2023_01_01,CUS_0x3ccd,1/1/2023,10,9,10000,1000,1000,0,1000,1/10/2023,2023-10-01,2025-11-09 06:51:02.752980,data/lms_loan_daily.csv,2023-10-01
CUS_0x3cd2_2023_08_01,CUS_0x3cd2,1/8/2023,10,2,10000,1000,1000,0,8000,1/10/2023,2023-10-01,2025-11-09 06:51:02.752980,data/lms_loan_daily.csv,2023-10-01
CUS_0x3ce1_2023_04_01,CUS_0x3ce1,1/4/2023,10,6,10000,1000,1000,0,4000,1/10/2023,2023-10-01,2025-11-09 06:51:02.752980,data/lms_loan_daily.csv,2023-10-01
CUS_0x3ce7_2023_10_01,CUS_0x3ce7,1/10/2023,10,0,10000,0,0,0,10000,1/10/2023,2023-10-01,2025-11-09 06:51:02.752980,data/lms_loan_daily.csv,2023-10-01
CUS_0x3cea_2023_01_01,CUS_0x3cea,1/1/2023,10,9,10000,1000,1000,0,1000,1/10/2023,2023-10-01,2025-11-09 06:51:02.752980,data/lms_loan_daily.csv,2023-10-01
CUS_0x3cfa_2023_10_01,CUS_0x3cfa,1/10/2023,10,0,10000,0,0,0,10000,1/10/2023,2023-10-01,2025-11-09 06:51:02.752980,data/lms_loan_daily.csv,2023-10-01
CUS_0x3cfb_2023_06_01,CUS_0x3cfb,1/6/2023,10,4,10000,1000,1000,0,6000,1/10/2023,2023-10-01,2025-11-09 06:51:02.752980,data/lms_loan_daily.csv,2023-10-01
CUS_0x3cfc_2023_01_01,CUS_0x3cfc,1/1/2023,10,9,10000,1000,0,6000,7000,1/10/2023,2023-10-01,2025-11-09 06:51:02.752980,data/lms_loan_daily.csv,2023-10-01
CUS_0x3d16_2023_08_01,CUS_0x3d16,1/8/2023,10,2,10000,1000,1000,0,8000,1/10/2023,2023-10-01,2025-11-09 06:51:02.752980,data/lms_loan_daily.csv,2023-10-01
CUS_0x3d22_2023_09_01,CUS_0x3d22,1/9/2023,10,1,10000,1000,1000,0,9000,1/10/2023,2023-10-01,2025-11-09 06:51:02.752980,data/lms_loan_daily.csv,2023-10-01
CUS_0x3d26_2023_05_01,CUS_0x3d26,1/5/2023,10,5,10000,1000,1000,0,5000,1/10/2023,2023-10-01,2025-11-09 06:51:02.752980,data/lms_loan_daily.csv,2023-10-01
CUS_0x3d37_2023_10_01,CUS_0x3d37,1/10/2023,10,0,10000,0,0,0,10000,1/10/2023,2023-10-01,2025-11-09 06:51:02.752980,data/lms_loan_daily.csv,2023-10-01
CUS_0x3d3d_2023_07_01,CUS_0x3d3d,1/7/2023,10,3,10000,1000,1000,0,7000,1/10/2023,2023-10-01,2025-11-09 06:51:02.752980,data/lms_loan_daily.csv,2023-10-01
CUS_0x3d41_2023_04_01,CUS_0x3d41,1/4/2023,10,6,10000,1000,1000,0,4000,1/10/2023,2023-10-01,2025-11-09 06:51:02.752980,data/lms_loan_daily.csv,2023-10-01
CUS_0x3d51_2023_05_01,CUS_0x3d51,1/5/2023,10,5,10000,1000,1000,0,5000,1/10/2023,2023-10-01,2025-11-09 06:51:02.752980,data/lms_loan_daily.csv,2023-10-01
CUS_0x3d53_2023_07_01,CUS_0x3d53,1/7/2023,10,3,10000,1000,1000,0,7000,1/10/2023,2023-10-01,2025-11-09 06:51:02.752980,data/lms_loan_daily.csv,2023-10-01
CUS_0x3d58_2023_02_01,CUS_0x3d58,1/2/2023,10,8,10000,1000,1000,0,2000,1/10/2023,2023-10-01,2025-11-09 06:51:02.752980,data/lms_loan_daily.csv,2023-10-01
CUS_0x3d60_2023_10_01,CUS_0x3d60,1/10/2023,10,0,10000,0,0,0,10000,1/10/2023,2023-10-01,2025-11-09 06:51:02.752980,data/lms_loan_daily.csv,2023-10-01
CUS_0x3d63_2023_02_01,CUS_0x3d63,1/2/2023,10,8,10000,1000,1000,0,2000,1/10/2023,2023-10-01,2025-11-09 06:51:02.752980,data/lms_loan_daily.csv,2023-10-01
CUS_0x3d64_2023_07_01,CUS_0x3d64,1/7/2023,10,3,10000,1000,0,2000,9000,1/10/2023,2023-10-01,2025-11-09 06:51:02.752980,data/lms_loan_daily.csv,2023-10-01
CUS_0x3d6c_2023_01_01,CUS_0x3d6c,1/1/2023,10,9,10000,1000,1000,0,1000,1/10/2023,2023-10-01,2025-11-09 06:51:02.752980,data/lms_loan_daily.csv,2023-10-01
CUS_0x3d6e_2023_10_01,CUS_0x3d6e,1/10/2023,10,0,10000,0,0,0,10000,1/10/2023,2023-10-01,2025-11-09 06:51:02.752980,data/lms_loan_daily.csv,2023-10-01
CUS_0x3d7b_2023_10_01,CUS_0x3d7b,1/10/2023,10,0,10000,0,0,0,10000,1/10/2023,2023-10-01,2025-11-09 06:51:02.752980,data/lms_loan_daily.csv,2023-10-01
CUS_0x3d99_2023_02_01,CUS_0x3d99,1/2/2023,10,8,10000,1000,1000,0,2000,1/10/2023,2023-10-01,2025-11-09 06:51:02.752980,data/lms_loan_daily.csv,2023-10-01
CUS_0x3d9c_2023_05_01,CUS_0x3d9c,1/5/2023,10,5,10000,1000,1000,0,5000,1/10/2023,2023-10-01,2025-11-09 06:51:02.752980,data/lms_loan_daily.csv,2023-10-01
CUS_0x3da0_2023_07_01,CUS_0x3da0,1/7/2023,10,3,10000,1000,1000,0,7000,1/10/2023,2023-10-01,2025-11-09 06:51:02.752980,data/lms_loan_daily.csv,2023-10-01
CUS_0x3ddc_2023_07_01,CUS_0x3ddc,1/7/2023,10,3,10000,1000,1000,0,7000,1/10/2023,2023-10-01,2025-11-09 06:51:02.752980,data/lms_loan_daily.csv,2023-10-01
CUS_0x3de0_2023_05_01,CUS_0x3de0,1/5/2023,10,5,10000,1000,1000,0,5000,1/10/2023,2023-10-01,2025-11-09 06:51:02.752980,data/lms_loan_daily.csv,2023-10-01
CUS_0x3ded_2023_04_01,CUS_0x3ded,1/4/2023,10,6,10000,1000,1000,0,4000,1/10/2023,2023-10-01,2025-11-09 06:51:02.752980,data/lms_loan_daily.csv,2023-10-01
CUS_0x3dfa_2023_02_01,CUS_0x3dfa,1/2/2023,10,8,10000,1000,1000,0,2000,1/10/2023,2023-10-01,2025-11-09 06:51:02.752980,data/lms_loan_daily.csv,2023-10-01
CUS_0x3dfe_2023_06_01,CUS_0x3dfe,1/6/2023,10,4,10000,1000,1000,0,6000,1/10/2023,2023-10-01,2025-11-09 06:51:02.752980,data/lms_loan_daily.csv,2023-10-01
CUS_0x3e03_2023_09_01,CUS_0x3e03,1/9/2023,10,1,10000,1000,1000,0,9000,1/10/2023,2023-10-01,2025-11-09 06:51:02.752980,data/lms_loan_daily.csv,2023-10-01
CUS_0x3e09_2023_03_01,CUS_0x3e09,1/3/2023,10,7,10000,1000,0,4000,7000,1/10/2023,2023-10-01,2025-11-09 06:51:02.752980,data/lms_loan_daily.csv,2023-10-01
CUS_0x3e14_2023_04_01,CUS_0x3e14,1/4/2023,10,6,10000,1000,1000,0,4000,1/10/2023,2023-10-01,2025-11-09 06:51:02.752980,data/lms_loan_daily.csv,2023-10-01
CUS_0x3e17_2023_02_01,CUS_0x3e17,1/2/2023,10,8,10000,1000,0,4000,6000,1/10/2023,2023-10-01,2025-11-09 06:51:02.752980,data/lms_loan_daily.csv,2023-10-01
CUS_0x3e1a_2023_07_01,CUS_0x3e1a,1/7/2023,10,3,10000,1000,1000,0,7000,1/10/2023,2023-10-01,2025-11-09 06:51:02.752980,data/lms_loan_daily.csv,2023-10-01
CUS_0x3e1f_2023_06_01,CUS_0x3e1f,1/6/2023,10,4,10000,1000,0,2000,8000,1/10/2023,2023-10-01,2025-11-09 06:51:02.752980,data/lms_loan_daily.csv,2023-10-01
CUS_0x3e2d_2023_01_01,CUS_0x3e2d,1/1/2023,10,9,10000,1000,0,7000,8000,1/10/2023,2023-10-01,2025-11-09 06:51:02.752980,data/lms_loan_daily.csv,2023-10-01
CUS_0x3e34_2023_08_01,CUS_0x3e34,1/8/2023,10,2,10000,1000,2000,0,8000,1/10/2023,2023-10-01,2025-11-09 06:51:02.752980,data/lms_loan_daily.csv,2023-10-01
CUS_0x3e37_2023_09_01,CUS_0x3e37,1/9/2023,10,1,10000,1000,1000,0,9000,1/10/2023,2023-10-01,2025-11-09 06:51:02.752980,data/lms_loan_daily.csv,2023-10-01
CUS_0x3e38_2023_04_01,CUS_0x3e38,1/4/2023,10,6,10000,1000,1000,0,4000,1/10/2023,2023-10-01,2025-11-09 06:51:02.752980,data/lms_loan_daily.csv,2023-10-01
CUS_0x3e45_2023_06_01,CUS_0x3e45,1/6/2023,10,4,10000,1000,1000,0,6000,1/10/2023,2023-10-01,2025-11-09 06:51:02.752980,data/lms_loan_daily.csv,2023-10-01
CUS_0x3e4b_2023_09_01,CUS_0x3e4b,1/9/2023,10,1,10000,1000,1000,0,9000,1/10/2023,2023-10-01,2025-11-09 06:51:02.752980,data/lms_loan_daily.csv,2023-10-01
CUS_0x3e54_2023_01_01,CUS_0x3e54,1/1/2023,10,9,10000,1000,1000,0,1000,1/10/2023,2023-10-01,2025-11-09 06:51:02.752980,data/lms_loan_daily.csv,2023-10-01
CUS_0x3e5c_2023_02_01,CUS_0x3e5c,1/2/2023,10,8,10000,1000,1000,0,2000,1/10/2023,2023-10-01,2025-11-09 06:51:02.752980,data/lms_loan_daily.csv,2023-10-01
CUS_0x3e5d_2023_07_01,CUS_0x3e5d,1/7/2023,10,3,10000,1000,1000,0,7000,1/10/2023,2023-10-01,2025-11-09 06:51:02.752980,data/lms_loan_daily.csv,2023-10-01
CUS_0x3e5e_2023_04_01,CUS_0x3e5e,1/4/2023,10,6,10000,1000,0,2000,6000,1/10/2023,2023-10-01,2025-11-09 06:51:02.752980,data/lms_loan_daily.csv,2023-10-01
CUS_0x3e62_2023_04_01,CUS_0x3e62,1/4/2023,10,6,10000,1000,0,3000,7000,1/10/2023,2023-10-01,2025-11-09 06:51:02.752980,data/lms_loan_daily.csv,2023-10-01
CUS_0x3e68_2023_02_01,CUS_0x3e68,1/2/2023,10,8,10000,1000,0,5000,7000,1/10/2023,2023-10-01,2025-11-09 06:51:02.752980,data/lms_loan_daily.csv,2023-10-01
CUS_0x3e6d_2023_01_01,CUS_0x3e6d,1/1/2023,10,9,10000,1000,1000,0,1000,1/10/2023,2023-10-01,2025-11-09 06:51:02.752980,data/lms_loan_daily.csv,2023-10-01
CUS_0x3e73_2023_01_01,CUS_0x3e73,1/1/2023,10,9,10000,1000,1000,0,1000,1/10/2023,2023-10-01,2025-11-09 06:51:02.752980,data/lms_loan_daily.csv,2023-10-01
CUS_0x3e75_2023_08_01,CUS_0x3e75,1/8/2023,10,2,10000,1000,1000,0,8000,1/10/2023,2023-10-01,2025-11-09 06:51:02.752980,data/lms_loan_daily.csv,2023-10-01
CUS_0x3e7b_2023_04_01,CUS_0x3e7b,1/4/2023,10,6,10000,1000,0,3000,7000,1/10/2023,2023-10-01,2025-11-09 06:51:02.752980,data/lms_loan_daily.csv,2023-10-01
CUS_0x3e9a_2023_03_01,CUS_0x3e9a,1/3/2023,10,7,10000,1000,1000,0,3000,1/10/2023,2023-10-01,2025-11-09 06:51:02.752980,data/lms_loan_daily.csv,2023-10-01
CUS_0x3e9c_2023_01_01,CUS_0x3e9c,1/1/2023,10,9,10000,1000,1000,0,1000,1/10/2023,2023-10-01,2025-11-09 06:51:02.752980,data/lms_loan_daily.csv,2023-10-01
CUS_0x3ea1_2023_07_01,CUS_0x3ea1,1/7/2023,10,3,10000,1000,1000,0,7000,1/10/2023,2023-10-01,2025-11-09 06:51:02.752980,data/lms_loan_daily.csv,2023-10-01
CUS_0x3ea3_2023_02_01,CUS_0x3ea3,1/2/2023,10,8,10000,1000,0,5000,7000,1/10/2023,2023-10-01,2025-11-09 06:51:02.752980,data/lms_loan_daily.csv,2023-10-01
CUS_0x3eab_2023_06_01,CUS_0x3eab,1/6/2023,10,4,10000,1000,1000,0,6000,1/10/2023,2023-10-01,2025-11-09 06:51:02.752980,data/lms_loan_daily.csv,2023-10-01
CUS_0x3ebe_2023_06_01,CUS_0x3ebe,1/6/2023,10,4,10000,1000,1000,0,6000,1/10/2023,2023-10-01,2025-11-09 06:51:02.752980,data/lms_loan_daily.csv,2023-10-01
CUS_0x3ec6_2023_10_01,CUS_0x3ec6,1/10/2023,10,0,10000,0,0,0,10000,1/10/2023,2023-10-01,2025-11-09 06:51:02.752980,data/lms_loan_daily.csv,2023-10-01
CUS_0x3edc_2023_04_01,CUS_0x3edc,1/4/2023,10,6,10000,1000,1000,0,4000,1/10/2023,2023-10-01,2025-11-09 06:51:02.752980,data/lms_loan_daily.csv,2023-10-01
CUS_0x3ee7_2023_01_01,CUS_0x3ee7,1/1/2023,10,9,10000,1000,1000,0,1000,1/10/2023,2023-10-01,2025-11-09 06:51:02.752980,data/lms_loan_daily.csv,2023-10-01
CUS_0x3ee8_2023_06_01,CUS_0x3ee8,1/6/2023,10,4,10000,1000,1000,0,6000,1/10/2023,2023-10-01,2025-11-09 06:51:02.752980,data/lms_loan_daily.csv,2023-10-01
CUS_0x3f0_2023_07_01,CUS_0x3f0,1/7/2023,10,3,10000,1000,1000,0,7000,1/10/2023,2023-10-01,2025-11-09 06:51:02.752980,data/lms_loan_daily.csv,2023-10-01
CUS_0x3f04_2023_04_01,CUS_0x3f04,1/4/2023,10,6,10000,1000,1000,0,4000,1/10/2023,2023-10-01,2025-11-09 06:51:02.752980,data/lms_loan_daily.csv,2023-10-01
CUS_0x3f18_2023_05_01,CUS_0x3f18,1/5/2023,10,5,10000,1000,1000,0,5000,1/10/2023,2023-10-01,2025-11-09 06:51:02.752980,data/lms_loan_daily.csv,2023-10-01
CUS_0x3f1a_2023_02_01,CUS_0x3f1a,1/2/2023,10,8,10000,1000,0,6000,8000,1/10/2023,2023-10-01,2025-11-09 06:51:02.752980,data/lms_loan_daily.csv,2023-10-01
CUS_0x3f2d_2023_03_01,CUS_0x3f2d,1/3/2023,10,7,10000,1000,1000,0,3000,1/10/2023,2023-10-01,2025-11-09 06:51:02.752980,data/lms_loan_daily.csv,2023-10-01
CUS_0x3f3e_2023_02_01,CUS_0x3f3e,1/2/2023,10,8,10000,1000,0,5000,7000,1/10/2023,2023-10-01,2025-11-09 06:51:02.752980,data/lms_loan_daily.csv,2023-10-01
CUS_0x3f41_2023_02_01,CUS_0x3f41,1/2/2023,10,8,10000,1000,1000,0,2000,1/10/2023,2023-10-01,2025-11-09 06:51:02.752980,data/lms_loan_daily.csv,2023-10-01
CUS_0x3f42_2023_04_01,CUS_0x3f42,1/4/2023,10,6,10000,1000,1000,0,4000,1/10/2023,2023-10-01,2025-11-09 06:51:02.752980,data/lms_loan_daily.csv,2023-10-01
CUS_0x3f5_2023_02_01,CUS_0x3f5,1/2/2023,10,8,10000,1000,0,7000,9000,1/10/2023,2023-10-01,2025-11-09 06:51:02.752980,data/lms_loan_daily.csv,2023-10-01
CUS_0x3f51_2023_07_01,CUS_0x3f51,1/7/2023,10,3,10000,1000,1000,0,7000,1/10/2023,2023-10-01,2025-11-09 06:51:02.752980,data/lms_loan_daily.csv,2023-10-01
CUS_0x3f6_2023_05_01,CUS_0x3f6,1/5/2023,10,5,10000,1000,1000,0,5000,1/10/2023,2023-10-01,2025-11-09 06:51:02.752980,data/lms_loan_daily.csv,2023-10-01
CUS_0x3f63_2023_01_01,CUS_0x3f63,1/1/2023,10,9,10000,1000,1000,0,1000,1/10/2023,2023-10-01,2025-11-09 06:51:02.752980,data/lms_loan_daily.csv,2023-10-01
CUS_0x3f65_2023_04_01,CUS_0x3f65,1/4/2023,10,6,10000,1000,1000,0,4000,1/10/2023,2023-10-01,2025-11-09 06:51:02.752980,data/lms_loan_daily.csv,2023-10-01
CUS_0x3f68_2023_07_01,CUS_0x3f68,1/7/2023,10,3,10000,1000,1000,0,7000,1/10/2023,2023-10-01,2025-11-09 06:51:02.752980,data/lms_loan_daily.csv,2023-10-01
CUS_0x3f7_2023_03_01,CUS_0x3f7,1/3/2023,10,7,10000,1000,1000,0,3000,1/10/2023,2023-10-01,2025-11-09 06:51:02.752980,data/lms_loan_daily.csv,2023-10-01
CUS_0x3f82_2023_03_01,CUS_0x3f82,1/3/2023,10,7,10000,1000,0,5000,8000,1/10/2023,2023-10-01,2025-11-09 06:51:02.752980,data/lms_loan_daily.csv,2023-10-01
CUS_0x3f87_2023_03_01,CUS_0x3f87,1/3/2023,10,7,10000,1000,0,3000,6000,1/10/2023,2023-10-01,2025-11-09 06:51:02.752980,data/lms_loan_daily.csv,2023-10-01
CUS_0x3f9_2023_05_01,CUS_0x3f9,1/5/2023,10,5,10000,1000,0,1000,6000,1/10/2023,2023-10-01,2025-11-09 06:51:02.752980,data/lms_loan_daily.csv,2023-10-01
CUS_0x3f97_2023_07_01,CUS_0x3f97,1/7/2023,10,3,10000,1000,1000,0,7000,1/10/2023,2023-10-01,2025-11-09 06:51:02.752980,data/lms_loan_daily.csv,2023-10-01
CUS_0x3faa_2023_08_01,CUS_0x3faa,1/8/2023,10,2,10000,1000,2000,0,8000,1/10/2023,2023-10-01,2025-11-09 06:51:02.752980,data/lms_loan_daily.csv,2023-10-01
CUS_0x3fb_2023_09_01,CUS_0x3fb,1/9/2023,10,1,10000,1000,1000,0,9000,1/10/2023,2023-10-01,2025-11-09 06:51:02.752980,data/lms_loan_daily.csv,2023-10-01
CUS_0x3fbf_2023_06_01,CUS_0x3fbf,1/6/2023,10,4,10000,1000,1000,0,6000,1/10/2023,2023-10-01,2025-11-09 06:51:02.752980,data/lms_loan_daily.csv,2023-10-01
CUS_0x3fc2_2023_08_01,CUS_0x3fc2,1/8/2023,10,2,10000,1000,1000,0,8000,1/10/2023,2023-10-01,2025-11-09 06:51:02.752980,data/lms_loan_daily.csv,2023-10-01
CUS_0x3fc3_2023_01_01,CUS_0x3fc3,1/1/2023,10,9,10000,1000,1000,0,1000,1/10/2023,2023-10-01,2025-11-09 06:51:02.752980,data/lms_loan_daily.csv,2023-10-01
CUS_0x3fc5_2023_03_01,CUS_0x3fc5,1/3/2023,10,7,10000,1000,0,3000,6000,1/10/2023,2023-10-01,2025-11-09 06:51:02.752980,data/lms_loan_daily.csv,2023-10-01
CUS_0x3fcb_2023_08_01,CUS_0x3fcb,1/8/2023,10,2,10000,1000,1000,0,8000,1/10/2023,2023-10-01,2025-11-09 06:51:02.752980,data/lms_loan_daily.csv,2023-10-01
CUS_0x3fd9_2023_01_01,CUS_0x3fd9,1/1/2023,10,9,10000,1000,1000,0,1000,1/10/2023,2023-10-01,2025-11-09 06:51:02.752980,data/lms_loan_daily.csv,2023-10-01
CUS_0x3fe8_2023_08_01,CUS_0x3fe8,1/8/2023,10,2,10000,1000,0,1000,9000,1/10/2023,2023-10-01,2025-11-09 06:51:02.752980,data/lms_loan_daily.csv,2023-10-01
CUS_0x3fef_2023_04_01,CUS_0x3fef,1/4/2023,10,6,10000,1000,1000,0,4000,1/10/2023,2023-10-01,2025-11-09 06:51:02.752980,data/lms_loan_daily.csv,2023-10-01
CUS_0x3ff7_2023_04_01,CUS_0x3ff7,1/4/2023,10,6,10000,1000,0,2000,6000,1/10/2023,2023-10-01,2025-11-09 06:51:02.752980,data/lms_loan_daily.csv,2023-10-01
CUS_0x4004_2023_10_01,CUS_0x4004,1/10/2023,10,0,10000,0,0,0,10000,1/10/2023,2023-10-01,2025-11-09 06:51:02.752980,data/lms_loan_daily.csv,2023-10-01
CUS_0x4017_2023_07_01,CUS_0x4017,1/7/2023,10,3,10000,1000,0,3000,10000,1/10/2023,2023-10-01,2025-11-09 06:51:02.752980,data/lms_loan_daily.csv,2023-10-01
CUS_0x401c_2023_01_01,CUS_0x401c,1/1/2023,10,9,10000,1000,1000,0,1000,1/10/2023,2023-10-01,2025-11-09 06:51:02.752980,data/lms_loan_daily.csv,2023-10-01
CUS_0x4021_2023_02_01,CUS_0x4021,1/2/2023,10,8,10000,1000,1000,0,2000,1/10/2023,2023-10-01,2025-11-09 06:51:02.752980,data/lms_loan_daily.csv,2023-10-01
CUS_0x4029_2023_02_01,CUS_0x4029,1/2/2023,10,8,10000,1000,0,5000,7000,1/10/2023,2023-10-01,2025-11-09 06:51:02.752980,data/lms_loan_daily.csv,2023-10-01
CUS_0x4032_2023_03_01,CUS_0x4032,1/3/2023,10,7,10000,1000,0,4000,7000,1/10/2023,2023-10-01,2025-11-09 06:51:02.752980,data/lms_loan_daily.csv,2023-10-01
CUS_0x404c_2023_08_01,CUS_0x404c,1/8/2023,10,2,10000,1000,1000,0,8000,1/10/2023,2023-10-01,2025-11-09 06:51:02.752980,data/lms_loan_daily.csv,2023-10-01
CUS_0x404d_2023_05_01,CUS_0x404d,1/5/2023,10,5,10000,1000,1000,0,5000,1/10/2023,2023-10-01,2025-11-09 06:51:02.752980,data/lms_loan_daily.csv,2023-10-01
CUS_0x4052_2023_08_01,CUS_0x4052,1/8/2023,10,2,10000,1000,1000,0,8000,1/10/2023,2023-10-01,2025-11-09 06:51:02.752980,data/lms_loan_daily.csv,2023-10-01
CUS_0x4056_2023_06_01,CUS_0x4056,1/6/2023,10,4,10000,1000,1000,0,6000,1/10/2023,2023-10-01,2025-11-09 06:51:02.752980,data/lms_loan_daily.csv,2023-10-01
CUS_0x4057_2023_10_01,CUS_0x4057,1/10/2023,10,0,10000,0,0,0,10000,1/10/2023,2023-10-01,2025-11-09 06:51:02.752980,data/lms_loan_daily.csv,2023-10-01
CUS_0x406e_2023_04_01,CUS_0x406e,1/4/2023,10,6,10000,1000,1000,0,4000,1/10/2023,2023-10-01,2025-11-09 06:51:02.752980,data/lms_loan_daily.csv,2023-10-01
CUS_0x4079_2023_07_01,CUS_0x4079,1/7/2023,10,3,10000,1000,1000,0,7000,1/10/2023,2023-10-01,2025-11-09 06:51:02.752980,data/lms_loan_daily.csv,2023-10-01
CUS_0x407a_2023_08_01,CUS_0x407a,1/8/2023,10,2,10000,1000,1000,0,8000,1/10/2023,2023-10-01,2025-11-09 06:51:02.752980,data/lms_loan_daily.csv,2023-10-01
CUS_0x4083_2023_09_01,CUS_0x4083,1/9/2023,10,1,10000,1000,1000,0,9000,1/10/2023,2023-10-01,2025-11-09 06:51:02.752980,data/lms_loan_daily.csv,2023-10-01
CUS_0x4086_2023_03_01,CUS_0x4086,1/3/2023,10,7,10000,1000,1000,0,3000,1/10/2023,2023-10-01,2025-11-09 06:51:02.752980,data/lms_loan_daily.csv,2023-10-01
CUS_0x4096_2023_01_01,CUS_0x4096,1/1/2023,10,9,10000,1000,0,5000,6000,1/10/2023,2023-10-01,2025-11-09 06:51:02.752980,data/lms_loan_daily.csv,2023-10-01
CUS_0x40a3_2023_05_01,CUS_0x40a3,1/5/2023,10,5,10000,1000,0,1000,6000,1/10/2023,2023-10-01,2025-11-09 06:51:02.752980,data/lms_loan_daily.csv,2023-10-01
CUS_0x40ad_2023_07_01,CUS_0x40ad,1/7/2023,10,3,10000,1000,0,1000,8000,1/10/2023,2023-10-01,2025-11-09 06:51:02.752980,data/lms_loan_daily.csv,2023-10-01
CUS_0x40b1_2023_04_01,CUS_0x40b1,1/4/2023,10,6,10000,1000,1000,0,4000,1/10/2023,2023-10-01,2025-11-09 06:51:02.752980,data/lms_loan_daily.csv,2023-10-01
CUS_0x40be_2023_04_01,CUS_0x40be,1/4/2023,10,6,10000,1000,1000,0,4000,1/10/2023,2023-10-01,2025-11-09 06:51:02.752980,data/lms_loan_daily.csv,2023-10-01
CUS_0x40c5_2023_01_01,CUS_0x40c5,1/1/2023,10,9,10000,1000,1000,0,1000,1/10/2023,2023-10-01,2025-11-09 06:51:02.752980,data/lms_loan_daily.csv,2023-10-01
CUS_0x40c8_2023_06_01,CUS_0x40c8,1/6/2023,10,4,10000,1000,1000,0,6000,1/10/2023,2023-10-01,2025-11-09 06:51:02.752980,data/lms_loan_daily.csv,2023-10-01
CUS_0x40d0_2023_01_01,CUS_0x40d0,1/1/2023,10,9,10000,1000,0,7000,8000,1/10/2023,2023-10-01,2025-11-09 06:51:02.752980,data/lms_loan_daily.csv,2023-10-01
CUS_0x40d9_2023_09_01,CUS_0x40d9,1/9/2023,10,1,10000,1000,1000,0,9000,1/10/2023,2023-10-01,2025-11-09 06:51:02.752980,data/lms_loan_daily.csv,2023-10-01
CUS_0x40dc_2023_06_01,CUS_0x40dc,1/6/2023,10,4,10000,1000,1000,0,6000,1/10/2023,2023-10-01,2025-11-09 06:51:02.752980,data/lms_loan_daily.csv,2023-10-01
CUS_0x40dd_2023_10_01,CUS_0x40dd,1/10/2023,10,0,10000,0,0,0,10000,1/10/2023,2023-10-01,2025-11-09 06:51:02.752980,data/lms_loan_daily.csv,2023-10-01
CUS_0x40de_2023_03_01,CUS_0x40de,1/3/2023,10,7,10000,1000,1000,0,3000,1/10/2023,2023-10-01,2025-11-09 06:51:02.752980,data/lms_loan_daily.csv,2023-10-01
CUS_0x40e1_2023_06_01,CUS_0x40e1,1/6/2023,10,4,10000,1000,0,3000,9000,1/10/2023,2023-10-01,2025-11-09 06:51:02.752980,data/lms_loan_daily.csv,2023-10-01
CUS_0x40fe_2023_10_01,CUS_0x40fe,1/10/2023,10,0,10000,0,0,0,10000,1/10/2023,2023-10-01,2025-11-09 06:51:02.752980,data/lms_loan_daily.csv,2023-10-01
CUS_0x411a_2023_02_01,CUS_0x411a,1/2/2023,10,8,10000,1000,0,6000,8000,1/10/2023,2023-10-01,2025-11-09 06:51:02.752980,data/lms_loan_daily.csv,2023-10-01
CUS_0x4122_2023_05_01,CUS_0x4122,1/5/2023,10,5,10000,1000,0,1000,6000,1/10/2023,2023-10-01,2025-11-09 06:51:02.752980,data/lms_loan_daily.csv,2023-10-01
CUS_0x4127_2023_08_01,CUS_0x4127,1/8/2023,10,2,10000,1000,0,1000,9000,1/10/2023,2023-10-01,2025-11-09 06:51:02.752980,data/lms_loan_daily.csv,2023-10-01
CUS_0x412f_2023_05_01,CUS_0x412f,1/5/2023,10,5,10000,1000,1000,0,5000,1/10/2023,2023-10-01,2025-11-09 06:51:02.752980,data/lms_loan_daily.csv,2023-10-01
CUS_0x4131_2023_01_01,CUS_0x4131,1/1/2023,10,9,10000,1000,1000,0,1000,1/10/2023,2023-10-01,2025-11-09 06:51:02.752980,data/lms_loan_daily.csv,2023-10-01
CUS_0x4148_2023_08_01,CUS_0x4148,1/8/2023,10,2,10000,1000,2000,0,8000,1/10/2023,2023-10-01,2025-11-09 06:51:02.752980,data/lms_loan_daily.csv,2023-10-01
CUS_0x415_2023_07_01,CUS_0x415,1/7/2023,10,3,10000,1000,1000,0,7000,1/10/2023,2023-10-01,2025-11-09 06:51:02.752980,data/lms_loan_daily.csv,2023-10-01
CUS_0x4154_2023_07_01,CUS_0x4154,1/7/2023,10,3,10000,1000,1000,0,7000,1/10/2023,2023-10-01,2025-11-09 06:51:02.752980,data/lms_loan_daily.csv,2023-10-01
CUS_0x4159_2023_10_01,CUS_0x4159,1/10/2023,10,0,10000,0,0,0,10000,1/10/2023,2023-10-01,2025-11-09 06:51:02.752980,data/lms_loan_daily.csv,2023-10-01
CUS_0x416_2023_03_01,CUS_0x416,1/3/2023,10,7,10000,1000,1000,0,3000,1/10/2023,2023-10-01,2025-11-09 06:51:02.752980,data/lms_loan_daily.csv,2023-10-01
CUS_0x416a_2023_10_01,CUS_0x416a,1/10/2023,10,0,10000,0,0,0,10000,1/10/2023,2023-10-01,2025-11-09 06:51:02.752980,data/lms_loan_daily.csv,2023-10-01
CUS_0x416f_2023_01_01,CUS_0x416f,1/1/2023,10,9,10000,1000,1000,0,1000,1/10/2023,2023-10-01,2025-11-09 06:51:02.752980,data/lms_loan_daily.csv,2023-10-01
CUS_0x417b_2023_05_01,CUS_0x417b,1/5/2023,10,5,10000,1000,0,5000,10000,1/10/2023,2023-10-01,2025-11-09 06:51:02.752980,data/lms_loan_daily.csv,2023-10-01
CUS_0x418_2023_06_01,CUS_0x418,1/6/2023,10,4,10000,1000,1000,0,6000,1/10/2023,2023-10-01,2025-11-09 06:51:02.752980,data/lms_loan_daily.csv,2023-10-01
CUS_0x4182_2023_05_01,CUS_0x4182,1/5/2023,10,5,10000,1000,1000,0,5000,1/10/2023,2023-10-01,2025-11-09 06:51:02.752980,data/lms_loan_daily.csv,2023-10-01
CUS_0x4197_2023_06_01,CUS_0x4197,1/6/2023,10,4,10000,1000,1000,0,6000,1/10/2023,2023-10-01,2025-11-09 06:51:02.752980,data/lms_loan_daily.csv,2023-10-01
CUS_0x419d_2023_06_01,CUS_0x419d,1/6/2023,10,4,10000,1000,0,2000,8000,1/10/2023,2023-10-01,2025-11-09 06:51:02.752980,data/lms_loan_daily.csv,2023-10-01
CUS_0x41a_2023_06_01,CUS_0x41a,1/6/2023,10,4,10000,1000,1000,0,6000,1/10/2023,2023-10-01,2025-11-09 06:51:02.752980,data/lms_loan_daily.csv,2023-10-01
CUS_0x41a0_2023_04_01,CUS_0x41a0,1/4/2023,10,6,10000,1000,0,4000,8000,1/10/2023,2023-10-01,2025-11-09 06:51:02.752980,data/lms_loan_daily.csv,2023-10-01
CUS_0x41ae_2023_10_01,CUS_0x41ae,1/10/2023,10,0,10000,0,0,0,10000,1/10/2023,2023-10-01,2025-11-09 06:51:02.752980,data/lms_loan_daily.csv,2023-10-01
CUS_0x41b3_2023_03_01,CUS_0x41b3,1/3/2023,10,7,10000,1000,1000,0,3000,1/10/2023,2023-10-01,2025-11-09 06:51:02.752980,data/lms_loan_daily.csv,2023-10-01
CUS_0x41b7_2023_01_01,CUS_0x41b7,1/1/2023,10,9,10000,1000,1000,0,1000,1/10/2023,2023-10-01,2025-11-09 06:51:02.752980,data/lms_loan_daily.csv,2023-10-01
CUS_0x41c_2023_01_01,CUS_0x41c,1/1/2023,10,9,10000,1000,1000,0,1000,1/10/2023,2023-10-01,2025-11-09 06:51:02.752980,data/lms_loan_daily.csv,2023-10-01
CUS_0x41c9_2023_05_01,CUS_0x41c9,1/5/2023,10,5,10000,1000,1000,0,5000,1/10/2023,2023-10-01,2025-11-09 06:51:02.752980,data/lms_loan_daily.csv,2023-10-01
CUS_0x41d5_2023_07_01,CUS_0x41d5,1/7/2023,10,3,10000,1000,1000,0,7000,1/10/2023,2023-10-01,2025-11-09 06:51:02.752980,data/lms_loan_daily.csv,2023-10-01
CUS_0x41de_2023_05_01,CUS_0x41de,1/5/2023,10,5,10000,1000,0,3000,8000,1/10/2023,2023-10-01,2025-11-09 06:51:02.752980,data/lms_loan_daily.csv,2023-10-01
CUS_0x41ea_2023_06_01,CUS_0x41ea,1/6/2023,10,4,10000,1000,1000,0,6000,1/10/2023,2023-10-01,2025-11-09 06:51:02.752980,data/lms_loan_daily.csv,2023-10-01
CUS_0x41ee_2023_07_01,CUS_0x41ee,1/7/2023,10,3,10000,1000,1000,0,7000,1/10/2023,2023-10-01,2025-11-09 06:51:02.752980,data/lms_loan_daily.csv,2023-10-01
CUS_0x41f2_2023_01_01,CUS_0x41f2,1/1/2023,10,9,10000,1000,1000,0,1000,1/10/2023,2023-10-01,2025-11-09 06:51:02.752980,data/lms_loan_daily.csv,2023-10-01
CUS_0x41f3_2023_03_01,CUS_0x41f3,1/3/2023,10,7,10000,1000,0,6000,9000,1/10/2023,2023-10-01,2025-11-09 06:51:02.752980,data/lms_loan_daily.csv,2023-10-01
CUS_0x41fa_2023_05_01,CUS_0x41fa,1/5/2023,10,5,10000,1000,1000,0,5000,1/10/2023,2023-10-01,2025-11-09 06:51:02.752980,data/lms_loan_daily.csv,2023-10-01
CUS_0x41fc_2023_07_01,CUS_0x41fc,1/7/2023,10,3,10000,1000,1000,0,7000,1/10/2023,2023-10-01,2025-11-09 06:51:02.752980,data/lms_loan_daily.csv,2023-10-01
CUS_0x4200_2023_08_01,CUS_0x4200,1/8/2023,10,2,10000,1000,1000,0,8000,1/10/2023,2023-10-01,2025-11-09 06:51:02.752980,data/lms_loan_daily.csv,2023-10-01
CUS_0x420f_2023_10_01,CUS_0x420f,1/10/2023,10,0,10000,0,0,0,10000,1/10/2023,2023-10-01,2025-11-09 06:51:02.752980,data/lms_loan_daily.csv,2023-10-01
CUS_0x4236_2023_02_01,CUS_0x4236,1/2/2023,10,8,10000,1000,1000,0,2000,1/10/2023,2023-10-01,2025-11-09 06:51:02.752980,data/lms_loan_daily.csv,2023-10-01
CUS_0x4237_2023_06_01,CUS_0x4237,1/6/2023,10,4,10000,1000,1000,0,6000,1/10/2023,2023-10-01,2025-11-09 06:51:02.752980,data/lms_loan_daily.csv,2023-10-01
CUS_0x424_2023_01_01,CUS_0x424,1/1/2023,10,9,10000,1000,1000,0,1000,1/10/2023,2023-10-01,2025-11-09 06:51:02.752980,data/lms_loan_daily.csv,2023-10-01
CUS_0x4241_2023_09_01,CUS_0x4241,1/9/2023,10,1,10000,1000,1000,0,9000,1/10/2023,2023-10-01,2025-11-09 06:51:02.752980,data/lms_loan_daily.csv,2023-10-01
CUS_0x425_2023_08_01,CUS_0x425,1/8/2023,10,2,10000,1000,1000,0,8000,1/10/2023,2023-10-01,2025-11-09 06:51:02.752980,data/lms_loan_daily.csv,2023-10-01
CUS_0x4256_2023_07_01,CUS_0x4256,1/7/2023,10,3,10000,1000,1000,0,7000,1/10/2023,2023-10-01,2025-11-09 06:51:02.752980,data/lms_loan_daily.csv,2023-10-01
CUS_0x4269_2023_07_01,CUS_0x4269,1/7/2023,10,3,10000,1000,1000,0,7000,1/10/2023,2023-10-01,2025-11-09 06:51:02.752980,data/lms_loan_daily.csv,2023-10-01
CUS_0x4271_2023_01_01,CUS_0x4271,1/1/2023,10,9,10000,1000,1000,0,1000,1/10/2023,2023-10-01,2025-11-09 06:51:02.752980,data/lms_loan_daily.csv,2023-10-01
CUS_0x4274_2023_08_01,CUS_0x4274,1/8/2023,10,2,10000,1000,1000,0,8000,1/10/2023,2023-10-01,2025-11-09 06:51:02.752980,data/lms_loan_daily.csv,2023-10-01
CUS_0x4280_2023_07_01,CUS_0x4280,1/7/2023,10,3,10000,1000,1000,0,7000,1/10/2023,2023-10-01,2025-11-09 06:51:02.752980,data/lms_loan_daily.csv,2023-10-01
CUS_0x4285_2023_09_01,CUS_0x4285,1/9/2023,10,1,10000,1000,1000,0,9000,1/10/2023,2023-10-01,2025-11-09 06:51:02.752980,data/lms_loan_daily.csv,2023-10-01
CUS_0x4287_2023_08_01,CUS_0x4287,1/8/2023,10,2,10000,1000,0,1000,9000,1/10/2023,2023-10-01,2025-11-09 06:51:02.752980,data/lms_loan_daily.csv,2023-10-01
CUS_0x42a_2023_03_01,CUS_0x42a,1/3/2023,10,7,10000,1000,1000,0,3000,1/10/2023,2023-10-01,2025-11-09 06:51:02.752980,data/lms_loan_daily.csv,2023-10-01
CUS_0x42bc_2023_06_01,CUS_0x42bc,1/6/2023,10,4,10000,1000,1000,0,6000,1/10/2023,2023-10-01,2025-11-09 06:51:02.752980,data/lms_loan_daily.csv,2023-10-01
CUS_0x42c6_2023_01_01,CUS_0x42c6,1/1/2023,10,9,10000,1000,0,5000,6000,1/10/2023,2023-10-01,2025-11-09 06:51:02.752980,data/lms_loan_daily.csv,2023-10-01
CUS_0x42d2_2023_05_01,CUS_0x42d2,1/5/2023,10,5,10000,1000,0,1000,6000,1/10/2023,2023-10-01,2025-11-09 06:51:02.752980,data/lms_loan_daily.csv,2023-10-01
CUS_0x42db_2023_08_01,CUS_0x42db,1/8/2023,10,2,10000,1000,1000,0,8000,1/10/2023,2023-10-01,2025-11-09 06:51:02.752980,data/lms_loan_daily.csv,2023-10-01
CUS_0x42dc_2023_03_01,CUS_0x42dc,1/3/2023,10,7,10000,1000,1000,0,3000,1/10/2023,2023-10-01,2025-11-09 06:51:02.752980,data/lms_loan_daily.csv,2023-10-01
CUS_0x42eb_2023_09_01,CUS_0x42eb,1/9/2023,10,1,10000,1000,1000,0,9000,1/10/2023,2023-10-01,2025-11-09 06:51:02.752980,data/lms_loan_daily.csv,2023-10-01
CUS_0x4304_2023_04_01,CUS_0x4304,1/4/2023,10,6,10000,1000,1000,0,4000,1/10/2023,2023-10-01,2025-11-09 06:51:02.752980,data/lms_loan_daily.csv,2023-10-01
CUS_0x430b_2023_03_01,CUS_0x430b,1/3/2023,10,7,10000,1000,1000,0,3000,1/10/2023,2023-10-01,2025-11-09 06:51:02.752980,data/lms_loan_daily.csv,2023-10-01
CUS_0x431_2023_03_01,CUS_0x431,1/3/2023,10,7,10000,1000,1000,0,3000,1/10/2023,2023-10-01,2025-11-09 06:51:02.752980,data/lms_loan_daily.csv,2023-10-01
CUS_0x4312_2023_04_01,CUS_0x4312,1/4/2023,10,6,10000,1000,1000,0,4000,1/10/2023,2023-10-01,2025-11-09 06:51:02.752980,data/lms_loan_daily.csv,2023-10-01
CUS_0x4313_2023_07_01,CUS_0x4313,1/7/2023,10,3,10000,1000,0,2000,9000,1/10/2023,2023-10-01,2025-11-09 06:51:02.752980,data/lms_loan_daily.csv,2023-10-01
CUS_0x4318_2023_05_01,CUS_0x4318,1/5/2023,10,5,10000,1000,1000,0,5000,1/10/2023,2023-10-01,2025-11-09 06:51:02.752980,data/lms_loan_daily.csv,2023-10-01
CUS_0x432_2023_02_01,CUS_0x432,1/2/2023,10,8,10000,1000,0,5000,7000,1/10/2023,2023-10-01,2025-11-09 06:51:02.752980,data/lms_loan_daily.csv,2023-10-01
CUS_0x4322_2023_01_01,CUS_0x4322,1/1/2023,10,9,10000,1000,1000,0,1000,1/10/2023,2023-10-01,2025-11-09 06:51:02.752980,data/lms_loan_daily.csv,2023-10-01
CUS_0x4327_2023_01_01,CUS_0x4327,1/1/2023,10,9,10000,1000,1000,0,1000,1/10/2023,2023-10-01,2025-11-09 06:51:02.752980,data/lms_loan_daily.csv,2023-10-01
CUS_0x4328_2023_09_01,CUS_0x4328,1/9/2023,10,1,10000,1000,1000,0,9000,1/10/2023,2023-10-01,2025-11-09 06:51:02.752980,data/lms_loan_daily.csv,2023-10-01
CUS_0x4340_2023_01_01,CUS_0x4340,1/1/2023,10,9,10000,1000,1000,0,1000,1/10/2023,2023-10-01,2025-11-09 06:51:02.752980,data/lms_loan_daily.csv,2023-10-01
CUS_0x434c_2023_05_01,CUS_0x434c,1/5/2023,10,5,10000,1000,1000,0,5000,1/10/2023,2023-10-01,2025-11-09 06:51:02.752980,data/lms_loan_daily.csv,2023-10-01
CUS_0x435d_2023_10_01,CUS_0x435d,1/10/2023,10,0,10000,0,0,0,10000,1/10/2023,2023-10-01,2025-11-09 06:51:02.752980,data/lms_loan_daily.csv,2023-10-01
CUS_0x436d_2023_02_01,CUS_0x436d,1/2/2023,10,8,10000,1000,1000,0,2000,1/10/2023,2023-10-01,2025-11-09 06:51:02.752980,data/lms_loan_daily.csv,2023-10-01
CUS_0x436f_2023_01_01,CUS_0x436f,1/1/2023,10,9,10000,1000,1000,0,1000,1/10/2023,2023-10-01,2025-11-09 06:51:02.752980,data/lms_loan_daily.csv,2023-10-01
CUS_0x4372_2023_07_01,CUS_0x4372,1/7/2023,10,3,10000,1000,1000,0,7000,1/10/2023,2023-10-01,2025-11-09 06:51:02.752980,data/lms_loan_daily.csv,2023-10-01
CUS_0x4375_2023_06_01,CUS_0x4375,1/6/2023,10,4,10000,1000,1000,0,6000,1/10/2023,2023-10-01,2025-11-09 06:51:02.752980,data/lms_loan_daily.csv,2023-10-01
CUS_0x437a_2023_08_01,CUS_0x437a,1/8/2023,10,2,10000,1000,1000,0,8000,1/10/2023,2023-10-01,2025-11-09 06:51:02.752980,data/lms_loan_daily.csv,2023-10-01
CUS_0x437c_2023_06_01,CUS_0x437c,1/6/2023,10,4,10000,1000,1000,0,6000,1/10/2023,2023-10-01,2025-11-09 06:51:02.752980,data/lms_loan_daily.csv,2023-10-01
CUS_0x4384_2023_04_01,CUS_0x4384,1/4/2023,10,6,10000,1000,1000,0,4000,1/10/2023,2023-10-01,2025-11-09 06:51:02.752980,data/lms_loan_daily.csv,2023-10-01
CUS_0x4389_2023_05_01,CUS_0x4389,1/5/2023,10,5,10000,1000,1000,0,5000,1/10/2023,2023-10-01,2025-11-09 06:51:02.752980,data/lms_loan_daily.csv,2023-10-01
CUS_0x438a_2023_01_01,CUS_0x438a,1/1/2023,10,9,10000,1000,0,6000,7000,1/10/2023,2023-10-01,2025-11-09 06:51:02.752980,data/lms_loan_daily.csv,2023-10-01
CUS_0x4395_2023_01_01,CUS_0x4395,1/1/2023,10,9,10000,1000,0,6000,7000,1/10/2023,2023-10-01,2025-11-09 06:51:02.752980,data/lms_loan_daily.csv,2023-10-01
CUS_0x4398_2023_10_01,CUS_0x4398,1/10/2023,10,0,10000,0,0,0,10000,1/10/2023,2023-10-01,2025-11-09 06:51:02.752980,data/lms_loan_daily.csv,2023-10-01
CUS_0x43a6_2023_03_01,CUS_0x43a6,1/3/2023,10,7,10000,1000,1000,0,3000,1/10/2023,2023-10-01,2025-11-09 06:51:02.752980,data/lms_loan_daily.csv,2023-10-01
CUS_0x43a7_2023_05_01,CUS_0x43a7,1/5/2023,10,5,10000,1000,0,1000,6000,1/10/2023,2023-10-01,2025-11-09 06:51:02.752980,data/lms_loan_daily.csv,2023-10-01
CUS_0x43af_2023_03_01,CUS_0x43af,1/3/2023,10,7,10000,1000,1000,0,3000,1/10/2023,2023-10-01,2025-11-09 06:51:02.752980,data/lms_loan_daily.csv,2023-10-01
CUS_0x43be_2023_02_01,CUS_0x43be,1/2/2023,10,8,10000,1000,1000,0,2000,1/10/2023,2023-10-01,2025-11-09 06:51:02.752980,data/lms_loan_daily.csv,2023-10-01
CUS_0x43c2_2023_06_01,CUS_0x43c2,1/6/2023,10,4,10000,1000,0,2000,8000,1/10/2023,2023-10-01,2025-11-09 06:51:02.752980,data/lms_loan_daily.csv,2023-10-01
CUS_0x43c5_2023_01_01,CUS_0x43c5,1/1/2023,10,9,10000,1000,1000,0,1000,1/10/2023,2023-10-01,2025-11-09 06:51:02.752980,data/lms_loan_daily.csv,2023-10-01
CUS_0x43c6_2023_03_01,CUS_0x43c6,1/3/2023,10,7,10000,1000,1000,0,3000,1/10/2023,2023-10-01,2025-11-09 06:51:02.752980,data/lms_loan_daily.csv,2023-10-01
CUS_0x43cf_2023_08_01,CUS_0x43cf,1/8/2023,10,2,10000,1000,1000,0,8000,1/10/2023,2023-10-01,2025-11-09 06:51:02.752980,data/lms_loan_daily.csv,2023-10-01
CUS_0x43f1_2023_04_01,CUS_0x43f1,1/4/2023,10,6,10000,1000,1000,0,4000,1/10/2023,2023-10-01,2025-11-09 06:51:02.752980,data/lms_loan_daily.csv,2023-10-01
CUS_0x43f8_2023_01_01,CUS_0x43f8,1/1/2023,10,9,10000,1000,1000,0,1000,1/10/2023,2023-10-01,2025-11-09 06:51:02.752980,data/lms_loan_daily.csv,2023-10-01
CUS_0x43fd_2023_02_01,CUS_0x43fd,1/2/2023,10,8,10000,1000,1000,0,2000,1/10/2023,2023-10-01,2025-11-09 06:51:02.752980,data/lms_loan_daily.csv,2023-10-01
CUS_0x4401_2023_03_01,CUS_0x4401,1/3/2023,10,7,10000,1000,1000,0,3000,1/10/2023,2023-10-01,2025-11-09 06:51:02.752980,data/lms_loan_daily.csv,2023-10-01
CUS_0x440f_2023_05_01,CUS_0x440f,1/5/2023,10,5,10000,1000,1000,0,5000,1/10/2023,2023-10-01,2025-11-09 06:51:02.752980,data/lms_loan_daily.csv,2023-10-01
CUS_0x4410_2023_01_01,CUS_0x4410,1/1/2023,10,9,10000,1000,0,5000,6000,1/10/2023,2023-10-01,2025-11-09 06:51:02.752980,data/lms_loan_daily.csv,2023-10-01
CUS_0x4423_2023_02_01,CUS_0x4423,1/2/2023,10,8,10000,1000,0,8000,10000,1/10/2023,2023-10-01,2025-11-09 06:51:02.752980,data/lms_loan_daily.csv,2023-10-01
CUS_0x442f_2023_10_01,CUS_0x442f,1/10/2023,10,0,10000,0,0,0,10000,1/10/2023,2023-10-01,2025-11-09 06:51:02.752980,data/lms_loan_daily.csv,2023-10-01
CUS_0x4430_2023_07_01,CUS_0x4430,1/7/2023,10,3,10000,1000,1000,0,7000,1/10/2023,2023-10-01,2025-11-09 06:51:02.752980,data/lms_loan_daily.csv,2023-10-01
CUS_0x443a_2023_05_01,CUS_0x443a,1/5/2023,10,5,10000,1000,1000,0,5000,1/10/2023,2023-10-01,2025-11-09 06:51:02.752980,data/lms_loan_daily.csv,2023-10-01
CUS_0x443e_2023_08_01,CUS_0x443e,1/8/2023,10,2,10000,1000,1000,0,8000,1/10/2023,2023-10-01,2025-11-09 06:51:02.752980,data/lms_loan_daily.csv,2023-10-01
CUS_0x445_2023_06_01,CUS_0x445,1/6/2023,10,4,10000,1000,1000,0,6000,1/10/2023,2023-10-01,2025-11-09 06:51:02.752980,data/lms_loan_daily.csv,2023-10-01
CUS_0x4454_2023_04_01,CUS_0x4454,1/4/2023,10,6,10000,1000,1000,0,4000,1/10/2023,2023-10-01,2025-11-09 06:51:02.752980,data/lms_loan_daily.csv,2023-10-01
CUS_0x4459_2023_03_01,CUS_0x4459,1/3/2023,10,7,10000,1000,1000,0,3000,1/10/2023,2023-10-01,2025-11-09 06:51:02.752980,data/lms_loan_daily.csv,2023-10-01
CUS_0x446_2023_08_01,CUS_0x446,1/8/2023,10,2,10000,1000,0,1000,9000,1/10/2023,2023-10-01,2025-11-09 06:51:02.752980,data/lms_loan_daily.csv,2023-10-01
CUS_0x4460_2023_08_01,CUS_0x4460,1/8/2023,10,2,10000,1000,1000,0,8000,1/10/2023,2023-10-01,2025-11-09 06:51:02.752980,data/lms_loan_daily.csv,2023-10-01
CUS_0x4462_2023_04_01,CUS_0x4462,1/4/2023,10,6,10000,1000,0,4000,8000,1/10/2023,2023-10-01,2025-11-09 06:51:02.752980,data/lms_loan_daily.csv,2023-10-01
CUS_0x4464_2023_01_01,CUS_0x4464,1/1/2023,10,9,10000,1000,0,7000,8000,1/10/2023,2023-10-01,2025-11-09 06:51:02.752980,data/lms_loan_daily.csv,2023-10-01
CUS_0x4468_2023_04_01,CUS_0x4468,1/4/2023,10,6,10000,1000,0,2000,6000,1/10/2023,2023-10-01,2025-11-09 06:51:02.752980,data/lms_loan_daily.csv,2023-10-01
CUS_0x4469_2023_07_01,CUS_0x4469,1/7/2023,10,3,10000,1000,1000,0,7000,1/10/2023,2023-10-01,2025-11-09 06:51:02.752980,data/lms_loan_daily.csv,2023-10-01
CUS_0x446a_2023_10_01,CUS_0x446a,1/10/2023,10,0,10000,0,0,0,10000,1/10/2023,2023-10-01,2025-11-09 06:51:02.752980,data/lms_loan_daily.csv,2023-10-01
CUS_0x446b_2023_05_01,CUS_0x446b,1/5/2023,10,5,10000,1000,1000,0,5000,1/10/2023,2023-10-01,2025-11-09 06:51:02.752980,data/lms_loan_daily.csv,2023-10-01
CUS_0x446c_2023_06_01,CUS_0x446c,1/6/2023,10,4,10000,1000,0,1000,7000,1/10/2023,2023-10-01,2025-11-09 06:51:02.752980,data/lms_loan_daily.csv,2023-10-01
CUS_0x4472_2023_01_01,CUS_0x4472,1/1/2023,10,9,10000,1000,1000,0,1000,1/10/2023,2023-10-01,2025-11-09 06:51:02.752980,data/lms_loan_daily.csv,2023-10-01
CUS_0x4479_2023_06_01,CUS_0x4479,1/6/2023,10,4,10000,1000,1000,0,6000,1/10/2023,2023-10-01,2025-11-09 06:51:02.752980,data/lms_loan_daily.csv,2023-10-01
CUS_0x447f_2023_02_01,CUS_0x447f,1/2/2023,10,8,10000,1000,0,5000,7000,1/10/2023,2023-10-01,2025-11-09 06:51:02.752980,data/lms_loan_daily.csv,2023-10-01
CUS_0x4480_2023_05_01,CUS_0x4480,1/5/2023,10,5,10000,1000,1000,0,5000,1/10/2023,2023-10-01,2025-11-09 06:51:02.752980,data/lms_loan_daily.csv,2023-10-01
CUS_0x4482_2023_08_01,CUS_0x4482,1/8/2023,10,2,10000,1000,1000,0,8000,1/10/2023,2023-10-01,2025-11-09 06:51:02.752980,data/lms_loan_daily.csv,2023-10-01
CUS_0x449_2023_10_01,CUS_0x449,1/10/2023,10,0,10000,0,0,0,10000,1/10/2023,2023-10-01,2025-11-09 06:51:02.752980,data/lms_loan_daily.csv,2023-10-01
CUS_0x4498_2023_09_01,CUS_0x4498,1/9/2023,10,1,10000,1000,1000,0,9000,1/10/2023,2023-10-01,2025-11-09 06:51:02.752980,data/lms_loan_daily.csv,2023-10-01
CUS_0x44a4_2023_05_01,CUS_0x44a4,1/5/2023,10,5,10000,1000,1000,0,5000,1/10/2023,2023-10-01,2025-11-09 06:51:02.752980,data/lms_loan_daily.csv,2023-10-01
CUS_0x44b8_2023_09_01,CUS_0x44b8,1/9/2023,10,1,10000,1000,1000,0,9000,1/10/2023,2023-10-01,2025-11-09 06:51:02.752980,data/lms_loan_daily.csv,2023-10-01
CUS_0x44b9_2023_08_01,CUS_0x44b9,1/8/2023,10,2,10000,1000,1000,0,8000,1/10/2023,2023-10-01,2025-11-09 06:51:02.752980,data/lms_loan_daily.csv,2023-10-01
CUS_0x44bb_2023_05_01,CUS_0x44bb,1/5/2023,10,5,10000,1000,1000,0,5000,1/10/2023,2023-10-01,2025-11-09 06:51:02.752980,data/lms_loan_daily.csv,2023-10-01
CUS_0x44c8_2023_04_01,CUS_0x44c8,1/4/2023,10,6,10000,1000,1000,0,4000,1/10/2023,2023-10-01,2025-11-09 06:51:02.752980,data/lms_loan_daily.csv,2023-10-01
CUS_0x44d2_2023_08_01,CUS_0x44d2,1/8/2023,10,2,10000,1000,1000,0,8000,1/10/2023,2023-10-01,2025-11-09 06:51:02.752980,data/lms_loan_daily.csv,2023-10-01
CUS_0x44d5_2023_01_01,CUS_0x44d5,1/1/2023,10,9,10000,1000,1000,0,1000,1/10/2023,2023-10-01,2025-11-09 06:51:02.752980,data/lms_loan_daily.csv,2023-10-01
CUS_0x44e0_2023_01_01,CUS_0x44e0,1/1/2023,10,9,10000,1000,1000,0,1000,1/10/2023,2023-10-01,2025-11-09 06:51:02.752980,data/lms_loan_daily.csv,2023-10-01
CUS_0x44e8_2023_02_01,CUS_0x44e8,1/2/2023,10,8,10000,1000,1000,0,2000,1/10/2023,2023-10-01,2025-11-09 06:51:02.752980,data/lms_loan_daily.csv,2023-10-01
CUS_0x44e9_2023_10_01,CUS_0x44e9,1/10/2023,10,0,10000,0,0,0,10000,1/10/2023,2023-10-01,2025-11-09 06:51:02.752980,data/lms_loan_daily.csv,2023-10-01
CUS_0x44fa_2023_02_01,CUS_0x44fa,1/2/2023,10,8,10000,1000,1000,0,2000,1/10/2023,2023-10-01,2025-11-09 06:51:02.752980,data/lms_loan_daily.csv,2023-10-01
CUS_0x44ff_2023_04_01,CUS_0x44ff,1/4/2023,10,6,10000,1000,1000,0,4000,1/10/2023,2023-10-01,2025-11-09 06:51:02.752980,data/lms_loan_daily.csv,2023-10-01
CUS_0x450_2023_09_01,CUS_0x450,1/9/2023,10,1,10000,1000,1000,0,9000,1/10/2023,2023-10-01,2025-11-09 06:51:02.752980,data/lms_loan_daily.csv,2023-10-01
CUS_0x4505_2023_06_01,CUS_0x4505,1/6/2023,10,4,10000,1000,1000,0,6000,1/10/2023,2023-10-01,2025-11-09 06:51:02.752980,data/lms_loan_daily.csv,2023-10-01
CUS_0x4519_2023_07_01,CUS_0x4519,1/7/2023,10,3,10000,1000,1000,0,7000,1/10/2023,2023-10-01,2025-11-09 06:51:02.752980,data/lms_loan_daily.csv,2023-10-01
CUS_0x4523_2023_10_01,CUS_0x4523,1/10/2023,10,0,10000,0,0,0,10000,1/10/2023,2023-10-01,2025-11-09 06:51:02.752980,data/lms_loan_daily.csv,2023-10-01
CUS_0x4527_2023_04_01,CUS_0x4527,1/4/2023,10,6,10000,1000,1000,0,4000,1/10/2023,2023-10-01,2025-11-09 06:51:02.752980,data/lms_loan_daily.csv,2023-10-01
CUS_0x452f_2023_02_01,CUS_0x452f,1/2/2023,10,8,10000,1000,0,6000,8000,1/10/2023,2023-10-01,2025-11-09 06:51:02.752980,data/lms_loan_daily.csv,2023-10-01
CUS_0x4533_2023_03_01,CUS_0x4533,1/3/2023,10,7,10000,1000,1000,0,3000,1/10/2023,2023-10-01,2025-11-09 06:51:02.752980,data/lms_loan_daily.csv,2023-10-01
CUS_0x4534_2023_09_01,CUS_0x4534,1/9/2023,10,1,10000,1000,1000,0,9000,1/10/2023,2023-10-01,2025-11-09 06:51:02.752980,data/lms_loan_daily.csv,2023-10-01
CUS_0x453a_2023_05_01,CUS_0x453a,1/5/2023,10,5,10000,1000,1000,0,5000,1/10/2023,2023-10-01,2025-11-09 06:51:02.752980,data/lms_loan_daily.csv,2023-10-01
CUS_0x4549_2023_07_01,CUS_0x4549,1/7/2023,10,3,10000,1000,1000,0,7000,1/10/2023,2023-10-01,2025-11-09 06:51:02.752980,data/lms_loan_daily.csv,2023-10-01
CUS_0x4555_2023_02_01,CUS_0x4555,1/2/2023,10,8,10000,1000,0,4000,6000,1/10/2023,2023-10-01,2025-11-09 06:51:02.752980,data/lms_loan_daily.csv,2023-10-01
CUS_0x4563_2023_08_01,CUS_0x4563,1/8/2023,10,2,10000,1000,1000,0,8000,1/10/2023,2023-10-01,2025-11-09 06:51:02.752980,data/lms_loan_daily.csv,2023-10-01
CUS_0x4569_2023_04_01,CUS_0x4569,1/4/2023,10,6,10000,1000,1000,0,4000,1/10/2023,2023-10-01,2025-11-09 06:51:02.752980,data/lms_loan_daily.csv,2023-10-01
CUS_0x456d_2023_10_01,CUS_0x456d,1/10/2023,10,0,10000,0,0,0,10000,1/10/2023,2023-10-01,2025-11-09 06:51:02.752980,data/lms_loan_daily.csv,2023-10-01
CUS_0x4596_2023_01_01,CUS_0x4596,1/1/2023,10,9,10000,1000,1000,0,1000,1/10/2023,2023-10-01,2025-11-09 06:51:02.752980,data/lms_loan_daily.csv,2023-10-01
CUS_0x45aa_2023_02_01,CUS_0x45aa,1/2/2023,10,8,10000,1000,1000,0,2000,1/10/2023,2023-10-01,2025-11-09 06:51:02.752980,data/lms_loan_daily.csv,2023-10-01
CUS_0x45b_2023_08_01,CUS_0x45b,1/8/2023,10,2,10000,1000,0,1000,9000,1/10/2023,2023-10-01,2025-11-09 06:51:02.752980,data/lms_loan_daily.csv,2023-10-01
CUS_0x45b6_2023_04_01,CUS_0x45b6,1/4/2023,10,6,10000,1000,1000,0,4000,1/10/2023,2023-10-01,2025-11-09 06:51:02.752980,data/lms_loan_daily.csv,2023-10-01
CUS_0x45bd_2023_07_01,CUS_0x45bd,1/7/2023,10,3,10000,1000,1000,0,7000,1/10/2023,2023-10-01,2025-11-09 06:51:02.752980,data/lms_loan_daily.csv,2023-10-01
CUS_0x45c0_2023_09_01,CUS_0x45c0,1/9/2023,10,1,10000,1000,1000,0,9000,1/10/2023,2023-10-01,2025-11-09 06:51:02.752980,data/lms_loan_daily.csv,2023-10-01
CUS_0x45da_2023_03_01,CUS_0x45da,1/3/2023,10,7,10000,1000,1000,0,3000,1/10/2023,2023-10-01,2025-11-09 06:51:02.752980,data/lms_loan_daily.csv,2023-10-01
CUS_0x45db_2023_05_01,CUS_0x45db,1/5/2023,10,5,10000,1000,1000,0,5000,1/10/2023,2023-10-01,2025-11-09 06:51:02.752980,data/lms_loan_daily.csv,2023-10-01
CUS_0x45e5_2023_08_01,CUS_0x45e5,1/8/2023,10,2,10000,1000,1000,0,8000,1/10/2023,2023-10-01,2025-11-09 06:51:02.752980,data/lms_loan_daily.csv,2023-10-01
CUS_0x45ea_2023_10_01,CUS_0x45ea,1/10/2023,10,0,10000,0,0,0,10000,1/10/2023,2023-10-01,2025-11-09 06:51:02.752980,data/lms_loan_daily.csv,2023-10-01
CUS_0x45f1_2023_08_01,CUS_0x45f1,1/8/2023,10,2,10000,1000,1000,0,8000,1/10/2023,2023-10-01,2025-11-09 06:51:02.752980,data/lms_loan_daily.csv,2023-10-01
CUS_0x45f8_2023_03_01,CUS_0x45f8,1/3/2023,10,7,10000,1000,1000,0,3000,1/10/2023,2023-10-01,2025-11-09 06:51:02.752980,data/lms_loan_daily.csv,2023-10-01
CUS_0x4601_2023_08_01,CUS_0x4601,1/8/2023,10,2,10000,1000,0,2000,10000,1/10/2023,2023-10-01,2025-11-09 06:51:02.752980,data/lms_loan_daily.csv,2023-10-01
CUS_0x4603_2023_04_01,CUS_0x4603,1/4/2023,10,6,10000,1000,1000,0,4000,1/10/2023,2023-10-01,2025-11-09 06:51:02.752980,data/lms_loan_daily.csv,2023-10-01
CUS_0x460a_2023_04_01,CUS_0x460a,1/4/2023,10,6,10000,1000,1000,0,4000,1/10/2023,2023-10-01,2025-11-09 06:51:02.752980,data/lms_loan_daily.csv,2023-10-01
CUS_0x4636_2023_05_01,CUS_0x4636,1/5/2023,10,5,10000,1000,0,3000,8000,1/10/2023,2023-10-01,2025-11-09 06:51:02.752980,data/lms_loan_daily.csv,2023-10-01
CUS_0x4638_2023_05_01,CUS_0x4638,1/5/2023,10,5,10000,1000,1000,0,5000,1/10/2023,2023-10-01,2025-11-09 06:51:02.752980,data/lms_loan_daily.csv,2023-10-01
CUS_0x4649_2023_06_01,CUS_0x4649,1/6/2023,10,4,10000,1000,1000,0,6000,1/10/2023,2023-10-01,2025-11-09 06:51:02.752980,data/lms_loan_daily.csv,2023-10-01
CUS_0x464f_2023_05_01,CUS_0x464f,1/5/2023,10,5,10000,1000,1000,0,5000,1/10/2023,2023-10-01,2025-11-09 06:51:02.752980,data/lms_loan_daily.csv,2023-10-01
CUS_0x4662_2023_01_01,CUS_0x4662,1/1/2023,10,9,10000,1000,1000,0,1000,1/10/2023,2023-10-01,2025-11-09 06:51:02.752980,data/lms_loan_daily.csv,2023-10-01
CUS_0x466a_2023_03_01,CUS_0x466a,1/3/2023,10,7,10000,1000,1000,0,3000,1/10/2023,2023-10-01,2025-11-09 06:51:02.752980,data/lms_loan_daily.csv,2023-10-01
CUS_0x466e_2023_06_01,CUS_0x466e,1/6/2023,10,4,10000,1000,2000,0,6000,1/10/2023,2023-10-01,2025-11-09 06:51:02.752980,data/lms_loan_daily.csv,2023-10-01
CUS_0x4671_2023_01_01,CUS_0x4671,1/1/2023,10,9,10000,1000,0,7000,8000,1/10/2023,2023-10-01,2025-11-09 06:51:02.752980,data/lms_loan_daily.csv,2023-10-01
CUS_0x4672_2023_10_01,CUS_0x4672,1/10/2023,10,0,10000,0,0,0,10000,1/10/2023,2023-10-01,2025-11-09 06:51:02.752980,data/lms_loan_daily.csv,2023-10-01
CUS_0x4674_2023_01_01,CUS_0x4674,1/1/2023,10,9,10000,1000,1000,0,1000,1/10/2023,2023-10-01,2025-11-09 06:51:02.752980,data/lms_loan_daily.csv,2023-10-01
CUS_0x4681_2023_07_01,CUS_0x4681,1/7/2023,10,3,10000,1000,1000,0,7000,1/10/2023,2023-10-01,2025-11-09 06:51:02.752980,data/lms_loan_daily.csv,2023-10-01
CUS_0x4688_2023_01_01,CUS_0x4688,1/1/2023,10,9,10000,1000,1000,0,1000,1/10/2023,2023-10-01,2025-11-09 06:51:02.752980,data/lms_loan_daily.csv,2023-10-01
CUS_0x468a_2023_02_01,CUS_0x468a,1/2/2023,10,8,10000,1000,1000,0,2000,1/10/2023,2023-10-01,2025-11-09 06:51:02.752980,data/lms_loan_daily.csv,2023-10-01
CUS_0x469a_2023_10_01,CUS_0x469a,1/10/2023,10,0,10000,0,0,0,10000,1/10/2023,2023-10-01,2025-11-09 06:51:02.752980,data/lms_loan_daily.csv,2023-10-01
CUS_0x46bf_2023_08_01,CUS_0x46bf,1/8/2023,10,2,10000,1000,1000,0,8000,1/10/2023,2023-10-01,2025-11-09 06:51:02.752980,data/lms_loan_daily.csv,2023-10-01
CUS_0x46c_2023_06_01,CUS_0x46c,1/6/2023,10,4,10000,1000,1000,0,6000,1/10/2023,2023-10-01,2025-11-09 06:51:02.752980,data/lms_loan_daily.csv,2023-10-01
CUS_0x46ce_2023_02_01,CUS_0x46ce,1/2/2023,10,8,10000,1000,1000,0,2000,1/10/2023,2023-10-01,2025-11-09 06:51:02.752980,data/lms_loan_daily.csv,2023-10-01
CUS_0x46d2_2023_05_01,CUS_0x46d2,1/5/2023,10,5,10000,1000,0,2000,7000,1/10/2023,2023-10-01,2025-11-09 06:51:02.752980,data/lms_loan_daily.csv,2023-10-01
CUS_0x46d7_2023_03_01,CUS_0x46d7,1/3/2023,10,7,10000,1000,1000,0,3000,1/10/2023,2023-10-01,2025-11-09 06:51:02.752980,data/lms_loan_daily.csv,2023-10-01
CUS_0x46e6_2023_07_01,CUS_0x46e6,1/7/2023,10,3,10000,1000,0,1000,8000,1/10/2023,2023-10-01,2025-11-09 06:51:02.752980,data/lms_loan_daily.csv,2023-10-01
CUS_0x46ea_2023_08_01,CUS_0x46ea,1/8/2023,10,2,10000,1000,1000,0,8000,1/10/2023,2023-10-01,2025-11-09 06:51:02.752980,data/lms_loan_daily.csv,2023-10-01
CUS_0x46ef_2023_03_01,CUS_0x46ef,1/3/2023,10,7,10000,1000,1000,0,3000,1/10/2023,2023-10-01,2025-11-09 06:51:02.752980,data/lms_loan_daily.csv,2023-10-01
CUS_0x46ff_2023_02_01,CUS_0x46ff,1/2/2023,10,8,10000,1000,1000,0,2000,1/10/2023,2023-10-01,2025-11-09 06:51:02.752980,data/lms_loan_daily.csv,2023-10-01
CUS_0x470c_2023_02_01,CUS_0x470c,1/2/2023,10,8,10000,1000,1000,0,2000,1/10/2023,2023-10-01,2025-11-09 06:51:02.752980,data/lms_loan_daily.csv,2023-10-01
CUS_0x4711_2023_09_01,CUS_0x4711,1/9/2023,10,1,10000,1000,1000,0,9000,1/10/2023,2023-10-01,2025-11-09 06:51:02.752980,data/lms_loan_daily.csv,2023-10-01
CUS_0x4717_2023_10_01,CUS_0x4717,1/10/2023,10,0,10000,0,0,0,10000,1/10/2023,2023-10-01,2025-11-09 06:51:02.752980,data/lms_loan_daily.csv,2023-10-01
CUS_0x471c_2023_10_01,CUS_0x471c,1/10/2023,10,0,10000,0,0,0,10000,1/10/2023,2023-10-01,2025-11-09 06:51:02.752980,data/lms_loan_daily.csv,2023-10-01
CUS_0x4721_2023_06_01,CUS_0x4721,1/6/2023,10,4,10000,1000,1000,0,6000,1/10/2023,2023-10-01,2025-11-09 06:51:02.752980,data/lms_loan_daily.csv,2023-10-01
CUS_0x472b_2023_01_01,CUS_0x472b,1/1/2023,10,9,10000,1000,1000,0,1000,1/10/2023,2023-10-01,2025-11-09 06:51:02.752980,data/lms_loan_daily.csv,2023-10-01
CUS_0x472e_2023_10_01,CUS_0x472e,1/10/2023,10,0,10000,0,0,0,10000,1/10/2023,2023-10-01,2025-11-09 06:51:02.752980,data/lms_loan_daily.csv,2023-10-01
CUS_0x473a_2023_09_01,CUS_0x473a,1/9/2023,10,1,10000,1000,1000,0,9000,1/10/2023,2023-10-01,2025-11-09 06:51:02.752980,data/lms_loan_daily.csv,2023-10-01
CUS_0x473f_2023_09_01,CUS_0x473f,1/9/2023,10,1,10000,1000,1000,0,9000,1/10/2023,2023-10-01,2025-11-09 06:51:02.752980,data/lms_loan_daily.csv,2023-10-01
CUS_0x474_2023_01_01,CUS_0x474,1/1/2023,10,9,10000,1000,1000,0,1000,1/10/2023,2023-10-01,2025-11-09 06:51:02.752980,data/lms_loan_daily.csv,2023-10-01
CUS_0x4750_2023_05_01,CUS_0x4750,1/5/2023,10,5,10000,1000,0,3000,8000,1/10/2023,2023-10-01,2025-11-09 06:51:02.752980,data/lms_loan_daily.csv,2023-10-01
CUS_0x4767_2023_09_01,CUS_0x4767,1/9/2023,10,1,10000,1000,1000,0,9000,1/10/2023,2023-10-01,2025-11-09 06:51:02.752980,data/lms_loan_daily.csv,2023-10-01
CUS_0x476d_2023_03_01,CUS_0x476d,1/3/2023,10,7,10000,1000,1000,0,3000,1/10/2023,2023-10-01,2025-11-09 06:51:02.752980,data/lms_loan_daily.csv,2023-10-01
CUS_0x4771_2023_09_01,CUS_0x4771,1/9/2023,10,1,10000,1000,1000,0,9000,1/10/2023,2023-10-01,2025-11-09 06:51:02.752980,data/lms_loan_daily.csv,2023-10-01
CUS_0x4791_2023_07_01,CUS_0x4791,1/7/2023,10,3,10000,1000,0,1000,8000,1/10/2023,2023-10-01,2025-11-09 06:51:02.752980,data/lms_loan_daily.csv,2023-10-01
CUS_0x47a_2023_04_01,CUS_0x47a,1/4/2023,10,6,10000,1000,1000,0,4000,1/10/2023,2023-10-01,2025-11-09 06:51:02.752980,data/lms_loan_daily.csv,2023-10-01
CUS_0x47a5_2023_01_01,CUS_0x47a5,1/1/2023,10,9,10000,1000,0,7000,8000,1/10/2023,2023-10-01,2025-11-09 06:51:02.752980,data/lms_loan_daily.csv,2023-10-01
CUS_0x47c0_2023_01_01,CUS_0x47c0,1/1/2023,10,9,10000,1000,1000,0,1000,1/10/2023,2023-10-01,2025-11-09 06:51:02.752980,data/lms_loan_daily.csv,2023-10-01
CUS_0x47c1_2023_03_01,CUS_0x47c1,1/3/2023,10,7,10000,1000,0,5000,8000,1/10/2023,2023-10-01,2025-11-09 06:51:02.752980,data/lms_loan_daily.csv,2023-10-01
CUS_0x47c8_2023_04_01,CUS_0x47c8,1/4/2023,10,6,10000,1000,0,4000,8000,1/10/2023,2023-10-01,2025-11-09 06:51:02.752980,data/lms_loan_daily.csv,2023-10-01
CUS_0x47d0_2023_03_01,CUS_0x47d0,1/3/2023,10,7,10000,1000,1000,0,3000,1/10/2023,2023-10-01,2025-11-09 06:51:02.752980,data/lms_loan_daily.csv,2023-10-01
CUS_0x47d5_2023_07_01,CUS_0x47d5,1/7/2023,10,3,10000,1000,0,1000,8000,1/10/2023,2023-10-01,2025-11-09 06:51:02.752980,data/lms_loan_daily.csv,2023-10-01
CUS_0x47e3_2023_07_01,CUS_0x47e3,1/7/2023,10,3,10000,1000,0,1000,8000,1/10/2023,2023-10-01,2025-11-09 06:51:02.752980,data/lms_loan_daily.csv,2023-10-01
CUS_0x47ed_2023_09_01,CUS_0x47ed,1/9/2023,10,1,10000,1000,1000,0,9000,1/10/2023,2023-10-01,2025-11-09 06:51:02.752980,data/lms_loan_daily.csv,2023-10-01
CUS_0x47fa_2023_03_01,CUS_0x47fa,1/3/2023,10,7,10000,1000,1000,0,3000,1/10/2023,2023-10-01,2025-11-09 06:51:02.752980,data/lms_loan_daily.csv,2023-10-01
CUS_0x480c_2023_01_01,CUS_0x480c,1/1/2023,10,9,10000,1000,1000,0,1000,1/10/2023,2023-10-01,2025-11-09 06:51:02.752980,data/lms_loan_daily.csv,2023-10-01
CUS_0x4813_2023_03_01,CUS_0x4813,1/3/2023,10,7,10000,1000,1000,0,3000,1/10/2023,2023-10-01,2025-11-09 06:51:02.752980,data/lms_loan_daily.csv,2023-10-01
CUS_0x481c_2023_03_01,CUS_0x481c,1/3/2023,10,7,10000,1000,1000,0,3000,1/10/2023,2023-10-01,2025-11-09 06:51:02.752980,data/lms_loan_daily.csv,2023-10-01
CUS_0x481d_2023_04_01,CUS_0x481d,1/4/2023,10,6,10000,1000,1000,0,4000,1/10/2023,2023-10-01,2025-11-09 06:51:02.752980,data/lms_loan_daily.csv,2023-10-01
CUS_0x482d_2023_05_01,CUS_0x482d,1/5/2023,10,5,10000,1000,1000,0,5000,1/10/2023,2023-10-01,2025-11-09 06:51:02.752980,data/lms_loan_daily.csv,2023-10-01
CUS_0x4842_2023_07_01,CUS_0x4842,1/7/2023,10,3,10000,1000,1000,0,7000,1/10/2023,2023-10-01,2025-11-09 06:51:02.752980,data/lms_loan_daily.csv,2023-10-01
CUS_0x4844_2023_08_01,CUS_0x4844,1/8/2023,10,2,10000,1000,0,2000,10000,1/10/2023,2023-10-01,2025-11-09 06:51:02.752980,data/lms_loan_daily.csv,2023-10-01
CUS_0x4846_2023_03_01,CUS_0x4846,1/3/2023,10,7,10000,1000,0,5000,8000,1/10/2023,2023-10-01,2025-11-09 06:51:02.752980,data/lms_loan_daily.csv,2023-10-01
CUS_0x4854_2023_01_01,CUS_0x4854,1/1/2023,10,9,10000,1000,1000,0,1000,1/10/2023,2023-10-01,2025-11-09 06:51:02.752980,data/lms_loan_daily.csv,2023-10-01
CUS_0x485f_2023_10_01,CUS_0x485f,1/10/2023,10,0,10000,0,0,0,10000,1/10/2023,2023-10-01,2025-11-09 06:51:02.752980,data/lms_loan_daily.csv,2023-10-01
CUS_0x4881_2023_01_01,CUS_0x4881,1/1/2023,10,9,10000,1000,1000,0,1000,1/10/2023,2023-10-01,2025-11-09 06:51:02.752980,data/lms_loan_daily.csv,2023-10-01
CUS_0x4898_2023_04_01,CUS_0x4898,1/4/2023,10,6,10000,1000,1000,0,4000,1/10/2023,2023-10-01,2025-11-09 06:51:02.752980,data/lms_loan_daily.csv,2023-10-01
CUS_0x4899_2023_03_01,CUS_0x4899,1/3/2023,10,7,10000,1000,0,5000,8000,1/10/2023,2023-10-01,2025-11-09 06:51:02.752980,data/lms_loan_daily.csv,2023-10-01
CUS_0x489b_2023_02_01,CUS_0x489b,1/2/2023,10,8,10000,1000,1000,0,2000,1/10/2023,2023-10-01,2025-11-09 06:51:02.752980,data/lms_loan_daily.csv,2023-10-01
CUS_0x48a4_2023_02_01,CUS_0x48a4,1/2/2023,10,8,10000,1000,1000,0,2000,1/10/2023,2023-10-01,2025-11-09 06:51:02.752980,data/lms_loan_daily.csv,2023-10-01
CUS_0x48ac_2023_06_01,CUS_0x48ac,1/6/2023,10,4,10000,1000,0,1000,7000,1/10/2023,2023-10-01,2025-11-09 06:51:02.752980,data/lms_loan_daily.csv,2023-10-01
CUS_0x48ae_2023_01_01,CUS_0x48ae,1/1/2023,10,9,10000,1000,1000,0,1000,1/10/2023,2023-10-01,2025-11-09 06:51:02.752980,data/lms_loan_daily.csv,2023-10-01
CUS_0x48b7_2023_03_01,CUS_0x48b7,1/3/2023,10,7,10000,1000,0,4000,7000,1/10/2023,2023-10-01,2025-11-09 06:51:02.752980,data/lms_loan_daily.csv,2023-10-01
CUS_0x48ca_2023_09_01,CUS_0x48ca,1/9/2023,10,1,10000,1000,1000,0,9000,1/10/2023,2023-10-01,2025-11-09 06:51:02.752980,data/lms_loan_daily.csv,2023-10-01
CUS_0x48cc_2023_05_01,CUS_0x48cc,1/5/2023,10,5,10000,1000,1000,0,5000,1/10/2023,2023-10-01,2025-11-09 06:51:02.752980,data/lms_loan_daily.csv,2023-10-01
CUS_0x48d4_2023_03_01,CUS_0x48d4,1/3/2023,10,7,10000,1000,1000,0,3000,1/10/2023,2023-10-01,2025-11-09 06:51:02.752980,data/lms_loan_daily.csv,2023-10-01
CUS_0x48dc_2023_08_01,CUS_0x48dc,1/8/2023,10,2,10000,1000,1000,0,8000,1/10/2023,2023-10-01,2025-11-09 06:51:02.752980,data/lms_loan_daily.csv,2023-10-01
CUS_0x48e4_2023_10_01,CUS_0x48e4,1/10/2023,10,0,10000,0,0,0,10000,1/10/2023,2023-10-01,2025-11-09 06:51:02.752980,data/lms_loan_daily.csv,2023-10-01
CUS_0x48e9_2023_02_01,CUS_0x48e9,1/2/2023,10,8,10000,1000,1000,0,2000,1/10/2023,2023-10-01,2025-11-09 06:51:02.752980,data/lms_loan_daily.csv,2023-10-01
CUS_0x48f7_2023_03_01,CUS_0x48f7,1/3/2023,10,7,10000,1000,1000,0,3000,1/10/2023,2023-10-01,2025-11-09 06:51:02.752980,data/lms_loan_daily.csv,2023-10-01
CUS_0x4939_2023_01_01,CUS_0x4939,1/1/2023,10,9,10000,1000,0,9000,10000,1/10/2023,2023-10-01,2025-11-09 06:51:02.752980,data/lms_loan_daily.csv,2023-10-01
CUS_0x4943_2023_01_01,CUS_0x4943,1/1/2023,10,9,10000,1000,1000,0,1000,1/10/2023,2023-10-01,2025-11-09 06:51:02.752980,data/lms_loan_daily.csv,2023-10-01
CUS_0x495f_2023_07_01,CUS_0x495f,1/7/2023,10,3,10000,1000,2000,0,7000,1/10/2023,2023-10-01,2025-11-09 06:51:02.752980,data/lms_loan_daily.csv,2023-10-01
CUS_0x4967_2023_08_01,CUS_0x4967,1/8/2023,10,2,10000,1000,1000,0,8000,1/10/2023,2023-10-01,2025-11-09 06:51:02.752980,data/lms_loan_daily.csv,2023-10-01
CUS_0x4969_2023_05_01,CUS_0x4969,1/5/2023,10,5,10000,1000,1000,0,5000,1/10/2023,2023-10-01,2025-11-09 06:51:02.752980,data/lms_loan_daily.csv,2023-10-01
CUS_0x4976_2023_07_01,CUS_0x4976,1/7/2023,10,3,10000,1000,1000,0,7000,1/10/2023,2023-10-01,2025-11-09 06:51:02.752980,data/lms_loan_daily.csv,2023-10-01
CUS_0x4993_2023_08_01,CUS_0x4993,1/8/2023,10,2,10000,1000,1000,0,8000,1/10/2023,2023-10-01,2025-11-09 06:51:02.752980,data/lms_loan_daily.csv,2023-10-01
CUS_0x4999_2023_08_01,CUS_0x4999,1/8/2023,10,2,10000,1000,1000,0,8000,1/10/2023,2023-10-01,2025-11-09 06:51:02.752980,data/lms_loan_daily.csv,2023-10-01
CUS_0x499d_2023_09_01,CUS_0x499d,1/9/2023,10,1,10000,1000,1000,0,9000,1/10/2023,2023-10-01,2025-11-09 06:51:02.752980,data/lms_loan_daily.csv,2023-10-01
CUS_0x49ae_2023_02_01,CUS_0x49ae,1/2/2023,10,8,10000,1000,1000,0,2000,1/10/2023,2023-10-01,2025-11-09 06:51:02.752980,data/lms_loan_daily.csv,2023-10-01
CUS_0x49b5_2023_07_01,CUS_0x49b5,1/7/2023,10,3,10000,1000,1000,0,7000,1/10/2023,2023-10-01,2025-11-09 06:51:02.752980,data/lms_loan_daily.csv,2023-10-01
CUS_0x49c4_2023_02_01,CUS_0x49c4,1/2/2023,10,8,10000,1000,1000,0,2000,1/10/2023,2023-10-01,2025-11-09 06:51:02.752980,data/lms_loan_daily.csv,2023-10-01
CUS_0x49d5_2023_10_01,CUS_0x49d5,1/10/2023,10,0,10000,0,0,0,10000,1/10/2023,2023-10-01,2025-11-09 06:51:02.752980,data/lms_loan_daily.csv,2023-10-01
CUS_0x49e3_2023_07_01,CUS_0x49e3,1/7/2023,10,3,10000,1000,1000,0,7000,1/10/2023,2023-10-01,2025-11-09 06:51:02.752980,data/lms_loan_daily.csv,2023-10-01
CUS_0x49fa_2023_08_01,CUS_0x49fa,1/8/2023,10,2,10000,1000,1000,0,8000,1/10/2023,2023-10-01,2025-11-09 06:51:02.752980,data/lms_loan_daily.csv,2023-10-01
CUS_0x49fd_2023_02_01,CUS_0x49fd,1/2/2023,10,8,10000,1000,0,5000,7000,1/10/2023,2023-10-01,2025-11-09 06:51:02.752980,data/lms_loan_daily.csv,2023-10-01
CUS_0x49fe_2023_05_01,CUS_0x49fe,1/5/2023,10,5,10000,1000,0,3000,8000,1/10/2023,2023-10-01,2025-11-09 06:51:02.752980,data/lms_loan_daily.csv,2023-10-01
CUS_0x4a0a_2023_06_01,CUS_0x4a0a,1/6/2023,10,4,10000,1000,1000,0,6000,1/10/2023,2023-10-01,2025-11-09 06:51:02.752980,data/lms_loan_daily.csv,2023-10-01
CUS_0x4a0b_2023_01_01,CUS_0x4a0b,1/1/2023,10,9,10000,1000,1000,0,1000,1/10/2023,2023-10-01,2025-11-09 06:51:02.752980,data/lms_loan_daily.csv,2023-10-01
CUS_0x4a24_2023_01_01,CUS_0x4a24,1/1/2023,10,9,10000,1000,1000,0,1000,1/10/2023,2023-10-01,2025-11-09 06:51:02.752980,data/lms_loan_daily.csv,2023-10-01
CUS_0x4a2b_2023_06_01,CUS_0x4a2b,1/6/2023,10,4,10000,1000,0,2000,8000,1/10/2023,2023-10-01,2025-11-09 06:51:02.752980,data/lms_loan_daily.csv,2023-10-01
CUS_0x4a3d_2023_02_01,CUS_0x4a3d,1/2/2023,10,8,10000,1000,1000,0,2000,1/10/2023,2023-10-01,2025-11-09 06:51:02.752980,data/lms_loan_daily.csv,2023-10-01
CUS_0x4a3f_2023_01_01,CUS_0x4a3f,1/1/2023,10,9,10000,1000,1000,0,1000,1/10/2023,2023-10-01,2025-11-09 06:51:02.752980,data/lms_loan_daily.csv,2023-10-01
CUS_0x4a43_2023_01_01,CUS_0x4a43,1/1/2023,10,9,10000,1000,0,6000,7000,1/10/2023,2023-10-01,2025-11-09 06:51:02.752980,data/lms_loan_daily.csv,2023-10-01
CUS_0x4a5b_2023_02_01,CUS_0x4a5b,1/2/2023,10,8,10000,1000,1000,0,2000,1/10/2023,2023-10-01,2025-11-09 06:51:02.752980,data/lms_loan_daily.csv,2023-10-01
CUS_0x4a65_2023_03_01,CUS_0x4a65,1/3/2023,10,7,10000,1000,1000,0,3000,1/10/2023,2023-10-01,2025-11-09 06:51:02.752980,data/lms_loan_daily.csv,2023-10-01
CUS_0x4a74_2023_02_01,CUS_0x4a74,1/2/2023,10,8,10000,1000,1000,0,2000,1/10/2023,2023-10-01,2025-11-09 06:51:02.752980,data/lms_loan_daily.csv,2023-10-01
CUS_0x4a77_2023_07_01,CUS_0x4a77,1/7/2023,10,3,10000,1000,1000,0,7000,1/10/2023,2023-10-01,2025-11-09 06:51:02.752980,data/lms_loan_daily.csv,2023-10-01
CUS_0x4a79_2023_09_01,CUS_0x4a79,1/9/2023,10,1,10000,1000,1000,0,9000,1/10/2023,2023-10-01,2025-11-09 06:51:02.752980,data/lms_loan_daily.csv,2023-10-01
CUS_0x4a88_2023_09_01,CUS_0x4a88,1/9/2023,10,1,10000,1000,1000,0,9000,1/10/2023,2023-10-01,2025-11-09 06:51:02.752980,data/lms_loan_daily.csv,2023-10-01
CUS_0x4a8f_2023_06_01,CUS_0x4a8f,1/6/2023,10,4,10000,1000,0,3000,9000,1/10/2023,2023-10-01,2025-11-09 06:51:02.752980,data/lms_loan_daily.csv,2023-10-01
CUS_0x4a91_2023_09_01,CUS_0x4a91,1/9/2023,10,1,10000,1000,1000,0,9000,1/10/2023,2023-10-01,2025-11-09 06:51:02.752980,data/lms_loan_daily.csv,2023-10-01
CUS_0x4a94_2023_01_01,CUS_0x4a94,1/1/2023,10,9,10000,1000,0,5000,6000,1/10/2023,2023-10-01,2025-11-09 06:51:02.752980,data/lms_loan_daily.csv,2023-10-01
CUS_0x4a97_2023_02_01,CUS_0x4a97,1/2/2023,10,8,10000,1000,1000,0,2000,1/10/2023,2023-10-01,2025-11-09 06:51:02.752980,data/lms_loan_daily.csv,2023-10-01
CUS_0x4a9c_2023_05_01,CUS_0x4a9c,1/5/2023,10,5,10000,1000,1000,0,5000,1/10/2023,2023-10-01,2025-11-09 06:51:02.752980,data/lms_loan_daily.csv,2023-10-01
CUS_0x4ab_2023_03_01,CUS_0x4ab,1/3/2023,10,7,10000,1000,1000,0,3000,1/10/2023,2023-10-01,2025-11-09 06:51:02.752980,data/lms_loan_daily.csv,2023-10-01
CUS_0x4ab2_2023_10_01,CUS_0x4ab2,1/10/2023,10,0,10000,0,0,0,10000,1/10/2023,2023-10-01,2025-11-09 06:51:02.752980,data/lms_loan_daily.csv,2023-10-01
CUS_0x4ab4_2023_08_01,CUS_0x4ab4,1/8/2023,10,2,10000,1000,1000,0,8000,1/10/2023,2023-10-01,2025-11-09 06:51:02.752980,data/lms_loan_daily.csv,2023-10-01
CUS_0x4abb_2023_04_01,CUS_0x4abb,1/4/2023,10,6,10000,1000,1000,0,4000,1/10/2023,2023-10-01,2025-11-09 06:51:02.752980,data/lms_loan_daily.csv,2023-10-01
CUS_0x4abd_2023_10_01,CUS_0x4abd,1/10/2023,10,0,10000,0,0,0,10000,1/10/2023,2023-10-01,2025-11-09 06:51:02.752980,data/lms_loan_daily.csv,2023-10-01
CUS_0x4ac9_2023_04_01,CUS_0x4ac9,1/4/2023,10,6,10000,1000,1000,0,4000,1/10/2023,2023-10-01,2025-11-09 06:51:02.752980,data/lms_loan_daily.csv,2023-10-01
CUS_0x4acc_2023_10_01,CUS_0x4acc,1/10/2023,10,0,10000,0,0,0,10000,1/10/2023,2023-10-01,2025-11-09 06:51:02.752980,data/lms_loan_daily.csv,2023-10-01
CUS_0x4ace_2023_04_01,CUS_0x4ace,1/4/2023,10,6,10000,1000,0,4000,8000,1/10/2023,2023-10-01,2025-11-09 06:51:02.752980,data/lms_loan_daily.csv,2023-10-01
CUS_0x4ad5_2023_08_01,CUS_0x4ad5,1/8/2023,10,2,10000,1000,1000,0,8000,1/10/2023,2023-10-01,2025-11-09 06:51:02.752980,data/lms_loan_daily.csv,2023-10-01
CUS_0x4ad9_2023_09_01,CUS_0x4ad9,1/9/2023,10,1,10000,1000,1000,0,9000,1/10/2023,2023-10-01,2025-11-09 06:51:02.752980,data/lms_loan_daily.csv,2023-10-01
CUS_0x4adc_2023_02_01,CUS_0x4adc,1/2/2023,10,8,10000,1000,0,6000,8000,1/10/2023,2023-10-01,2025-11-09 06:51:02.752980,data/lms_loan_daily.csv,2023-10-01
CUS_0x4ade_2023_06_01,CUS_0x4ade,1/6/2023,10,4,10000,1000,1000,0,6000,1/10/2023,2023-10-01,2025-11-09 06:51:02.752980,data/lms_loan_daily.csv,2023-10-01
CUS_0x4ae9_2023_06_01,CUS_0x4ae9,1/6/2023,10,4,10000,1000,1000,0,6000,1/10/2023,2023-10-01,2025-11-09 06:51:02.752980,data/lms_loan_daily.csv,2023-10-01
CUS_0x4aeb_2023_08_01,CUS_0x4aeb,1/8/2023,10,2,10000,1000,1000,0,8000,1/10/2023,2023-10-01,2025-11-09 06:51:02.752980,data/lms_loan_daily.csv,2023-10-01
CUS_0x4aef_2023_06_01,CUS_0x4aef,1/6/2023,10,4,10000,1000,0,1000,7000,1/10/2023,2023-10-01,2025-11-09 06:51:02.752980,data/lms_loan_daily.csv,2023-10-01
CUS_0x4b12_2023_07_01,CUS_0x4b12,1/7/2023,10,3,10000,1000,1000,0,7000,1/10/2023,2023-10-01,2025-11-09 06:51:02.752980,data/lms_loan_daily.csv,2023-10-01
CUS_0x4b19_2023_02_01,CUS_0x4b19,1/2/2023,10,8,10000,1000,1000,0,2000,1/10/2023,2023-10-01,2025-11-09 06:51:02.752980,data/lms_loan_daily.csv,2023-10-01
CUS_0x4b23_2023_07_01,CUS_0x4b23,1/7/2023,10,3,10000,1000,0,1000,8000,1/10/2023,2023-10-01,2025-11-09 06:51:02.752980,data/lms_loan_daily.csv,2023-10-01
CUS_0x4b2e_2023_09_01,CUS_0x4b2e,1/9/2023,10,1,10000,1000,1000,0,9000,1/10/2023,2023-10-01,2025-11-09 06:51:02.752980,data/lms_loan_daily.csv,2023-10-01
CUS_0x4b30_2023_03_01,CUS_0x4b30,1/3/2023,10,7,10000,1000,0,4000,7000,1/10/2023,2023-10-01,2025-11-09 06:51:02.752980,data/lms_loan_daily.csv,2023-10-01
CUS_0x4b40_2023_01_01,CUS_0x4b40,1/1/2023,10,9,10000,1000,1000,0,1000,1/10/2023,2023-10-01,2025-11-09 06:51:02.752980,data/lms_loan_daily.csv,2023-10-01
CUS_0x4b44_2023_08_01,CUS_0x4b44,1/8/2023,10,2,10000,1000,1000,0,8000,1/10/2023,2023-10-01,2025-11-09 06:51:02.752980,data/lms_loan_daily.csv,2023-10-01
CUS_0x4b5d_2023_08_01,CUS_0x4b5d,1/8/2023,10,2,10000,1000,1000,0,8000,1/10/2023,2023-10-01,2025-11-09 06:51:02.752980,data/lms_loan_daily.csv,2023-10-01
CUS_0x4b5e_2023_02_01,CUS_0x4b5e,1/2/2023,10,8,10000,1000,0,5000,7000,1/10/2023,2023-10-01,2025-11-09 06:51:02.752980,data/lms_loan_daily.csv,2023-10-01
CUS_0x4b64_2023_01_01,CUS_0x4b64,1/1/2023,10,9,10000,1000,1000,0,1000,1/10/2023,2023-10-01,2025-11-09 06:51:02.752980,data/lms_loan_daily.csv,2023-10-01
CUS_0x4b67_2023_02_01,CUS_0x4b67,1/2/2023,10,8,10000,1000,0,6000,8000,1/10/2023,2023-10-01,2025-11-09 06:51:02.752980,data/lms_loan_daily.csv,2023-10-01
CUS_0x4b6b_2023_10_01,CUS_0x4b6b,1/10/2023,10,0,10000,0,0,0,10000,1/10/2023,2023-10-01,2025-11-09 06:51:02.752980,data/lms_loan_daily.csv,2023-10-01
CUS_0x4b7f_2023_02_01,CUS_0x4b7f,1/2/2023,10,8,10000,1000,1000,0,2000,1/10/2023,2023-10-01,2025-11-09 06:51:02.752980,data/lms_loan_daily.csv,2023-10-01
CUS_0x4b82_2023_03_01,CUS_0x4b82,1/3/2023,10,7,10000,1000,1000,0,3000,1/10/2023,2023-10-01,2025-11-09 06:51:02.752980,data/lms_loan_daily.csv,2023-10-01
CUS_0x4b93_2023_04_01,CUS_0x4b93,1/4/2023,10,6,10000,1000,1000,0,4000,1/10/2023,2023-10-01,2025-11-09 06:51:02.752980,data/lms_loan_daily.csv,2023-10-01
CUS_0x4b9c_2023_03_01,CUS_0x4b9c,1/3/2023,10,7,10000,1000,1000,0,3000,1/10/2023,2023-10-01,2025-11-09 06:51:02.752980,data/lms_loan_daily.csv,2023-10-01
CUS_0x4ba7_2023_09_01,CUS_0x4ba7,1/9/2023,10,1,10000,1000,1000,0,9000,1/10/2023,2023-10-01,2025-11-09 06:51:02.752980,data/lms_loan_daily.csv,2023-10-01
CUS_0x4bbb_2023_05_01,CUS_0x4bbb,1/5/2023,10,5,10000,1000,1000,0,5000,1/10/2023,2023-10-01,2025-11-09 06:51:02.752980,data/lms_loan_daily.csv,2023-10-01
CUS_0x4bc0_2023_08_01,CUS_0x4bc0,1/8/2023,10,2,10000,1000,1000,0,8000,1/10/2023,2023-10-01,2025-11-09 06:51:02.752980,data/lms_loan_daily.csv,2023-10-01
CUS_0x4bdf_2023_06_01,CUS_0x4bdf,1/6/2023,10,4,10000,1000,1000,0,6000,1/10/2023,2023-10-01,2025-11-09 06:51:02.752980,data/lms_loan_daily.csv,2023-10-01
CUS_0x4be1_2023_05_01,CUS_0x4be1,1/5/2023,10,5,10000,1000,1000,0,5000,1/10/2023,2023-10-01,2025-11-09 06:51:02.752980,data/lms_loan_daily.csv,2023-10-01
CUS_0x4be2_2023_01_01,CUS_0x4be2,1/1/2023,10,9,10000,1000,0,5000,6000,1/10/2023,2023-10-01,2025-11-09 06:51:02.752980,data/lms_loan_daily.csv,2023-10-01
CUS_0x4be5_2023_02_01,CUS_0x4be5,1/2/2023,10,8,10000,1000,1000,0,2000,1/10/2023,2023-10-01,2025-11-09 06:51:02.752980,data/lms_loan_daily.csv,2023-10-01
CUS_0x4bf4_2023_02_01,CUS_0x4bf4,1/2/2023,10,8,10000,1000,1000,0,2000,1/10/2023,2023-10-01,2025-11-09 06:51:02.752980,data/lms_loan_daily.csv,2023-10-01
CUS_0x4bfc_2023_01_01,CUS_0x4bfc,1/1/2023,10,9,10000,1000,1000,0,1000,1/10/2023,2023-10-01,2025-11-09 06:51:02.752980,data/lms_loan_daily.csv,2023-10-01
CUS_0x4c1c_2023_04_01,CUS_0x4c1c,1/4/2023,10,6,10000,1000,1000,0,4000,1/10/2023,2023-10-01,2025-11-09 06:51:02.752980,data/lms_loan_daily.csv,2023-10-01
CUS_0x4c1e_2023_04_01,CUS_0x4c1e,1/4/2023,10,6,10000,1000,1000,0,4000,1/10/2023,2023-10-01,2025-11-09 06:51:02.752980,data/lms_loan_daily.csv,2023-10-01
CUS_0x4c2_2023_10_01,CUS_0x4c2,1/10/2023,10,0,10000,0,0,0,10000,1/10/2023,2023-10-01,2025-11-09 06:51:02.752980,data/lms_loan_daily.csv,2023-10-01
CUS_0x4c29_2023_01_01,CUS_0x4c29,1/1/2023,10,9,10000,1000,1000,0,1000,1/10/2023,2023-10-01,2025-11-09 06:51:02.752980,data/lms_loan_daily.csv,2023-10-01
CUS_0x4c2b_2023_07_01,CUS_0x4c2b,1/7/2023,10,3,10000,1000,0,1000,8000,1/10/2023,2023-10-01,2025-11-09 06:51:02.752980,data/lms_loan_daily.csv,2023-10-01
CUS_0x4c2c_2023_10_01,CUS_0x4c2c,1/10/2023,10,0,10000,0,0,0,10000,1/10/2023,2023-10-01,2025-11-09 06:51:02.752980,data/lms_loan_daily.csv,2023-10-01
CUS_0x4c45_2023_03_01,CUS_0x4c45,1/3/2023,10,7,10000,1000,0,4000,7000,1/10/2023,2023-10-01,2025-11-09 06:51:02.752980,data/lms_loan_daily.csv,2023-10-01
CUS_0x4c4f_2023_07_01,CUS_0x4c4f,1/7/2023,10,3,10000,1000,1000,0,7000,1/10/2023,2023-10-01,2025-11-09 06:51:02.752980,data/lms_loan_daily.csv,2023-10-01
CUS_0x4c5_2023_02_01,CUS_0x4c5,1/2/2023,10,8,10000,1000,1000,0,2000,1/10/2023,2023-10-01,2025-11-09 06:51:02.752980,data/lms_loan_daily.csv,2023-10-01
CUS_0x4c56_2023_09_01,CUS_0x4c56,1/9/2023,10,1,10000,1000,1000,0,9000,1/10/2023,2023-10-01,2025-11-09 06:51:02.752980,data/lms_loan_daily.csv,2023-10-01
CUS_0x4c6b_2023_09_01,CUS_0x4c6b,1/9/2023,10,1,10000,1000,1000,0,9000,1/10/2023,2023-10-01,2025-11-09 06:51:02.752980,data/lms_loan_daily.csv,2023-10-01
CUS_0x4c71_2023_01_01,CUS_0x4c71,1/1/2023,10,9,10000,1000,1000,0,1000,1/10/2023,2023-10-01,2025-11-09 06:51:02.752980,data/lms_loan_daily.csv,2023-10-01
CUS_0x4c75_2023_02_01,CUS_0x4c75,1/2/2023,10,8,10000,1000,1000,0,2000,1/10/2023,2023-10-01,2025-11-09 06:51:02.752980,data/lms_loan_daily.csv,2023-10-01
CUS_0x4c87_2023_04_01,CUS_0x4c87,1/4/2023,10,6,10000,1000,0,4000,8000,1/10/2023,2023-10-01,2025-11-09 06:51:02.752980,data/lms_loan_daily.csv,2023-10-01
CUS_0x4c8c_2023_02_01,CUS_0x4c8c,1/2/2023,10,8,10000,1000,0,6000,8000,1/10/2023,2023-10-01,2025-11-09 06:51:02.752980,data/lms_loan_daily.csv,2023-10-01
CUS_0x4c8d_2023_02_01,CUS_0x4c8d,1/2/2023,10,8,10000,1000,1000,0,2000,1/10/2023,2023-10-01,2025-11-09 06:51:02.752980,data/lms_loan_daily.csv,2023-10-01
CUS_0x4c9_2023_04_01,CUS_0x4c9,1/4/2023,10,6,10000,1000,1000,0,4000,1/10/2023,2023-10-01,2025-11-09 06:51:02.752980,data/lms_loan_daily.csv,2023-10-01
CUS_0x4c90_2023_03_01,CUS_0x4c90,1/3/2023,10,7,10000,1000,1000,0,3000,1/10/2023,2023-10-01,2025-11-09 06:51:02.752980,data/lms_loan_daily.csv,2023-10-01
CUS_0x4c96_2023_07_01,CUS_0x4c96,1/7/2023,10,3,10000,1000,1000,0,7000,1/10/2023,2023-10-01,2025-11-09 06:51:02.752980,data/lms_loan_daily.csv,2023-10-01
CUS_0x4cab_2023_08_01,CUS_0x4cab,1/8/2023,10,2,10000,1000,1000,0,8000,1/10/2023,2023-10-01,2025-11-09 06:51:02.752980,data/lms_loan_daily.csv,2023-10-01
CUS_0x4cad_2023_09_01,CUS_0x4cad,1/9/2023,10,1,10000,1000,1000,0,9000,1/10/2023,2023-10-01,2025-11-09 06:51:02.752980,data/lms_loan_daily.csv,2023-10-01
CUS_0x4cb3_2023_03_01,CUS_0x4cb3,1/3/2023,10,7,10000,1000,1000,0,3000,1/10/2023,2023-10-01,2025-11-09 06:51:02.752980,data/lms_loan_daily.csv,2023-10-01
CUS_0x4cb4_2023_09_01,CUS_0x4cb4,1/9/2023,10,1,10000,1000,1000,0,9000,1/10/2023,2023-10-01,2025-11-09 06:51:02.752980,data/lms_loan_daily.csv,2023-10-01
CUS_0x4cce_2023_10_01,CUS_0x4cce,1/10/2023,10,0,10000,0,0,0,10000,1/10/2023,2023-10-01,2025-11-09 06:51:02.752980,data/lms_loan_daily.csv,2023-10-01
CUS_0x4cdd_2023_01_01,CUS_0x4cdd,1/1/2023,10,9,10000,1000,1000,0,1000,1/10/2023,2023-10-01,2025-11-09 06:51:02.752980,data/lms_loan_daily.csv,2023-10-01
CUS_0x4ceb_2023_05_01,CUS_0x4ceb,1/5/2023,10,5,10000,1000,1000,0,5000,1/10/2023,2023-10-01,2025-11-09 06:51:02.752980,data/lms_loan_daily.csv,2023-10-01
CUS_0x4cf1_2023_08_01,CUS_0x4cf1,1/8/2023,10,2,10000,1000,0,2000,10000,1/10/2023,2023-10-01,2025-11-09 06:51:02.752980,data/lms_loan_daily.csv,2023-10-01
CUS_0x4cf6_2023_01_01,CUS_0x4cf6,1/1/2023,10,9,10000,1000,1000,0,1000,1/10/2023,2023-10-01,2025-11-09 06:51:02.752980,data/lms_loan_daily.csv,2023-10-01
CUS_0x4cfd_2023_07_01,CUS_0x4cfd,1/7/2023,10,3,10000,1000,1000,0,7000,1/10/2023,2023-10-01,2025-11-09 06:51:02.752980,data/lms_loan_daily.csv,2023-10-01
CUS_0x4d01_2023_08_01,CUS_0x4d01,1/8/2023,10,2,10000,1000,1000,0,8000,1/10/2023,2023-10-01,2025-11-09 06:51:02.752980,data/lms_loan_daily.csv,2023-10-01
CUS_0x4d05_2023_01_01,CUS_0x4d05,1/1/2023,10,9,10000,1000,1000,0,1000,1/10/2023,2023-10-01,2025-11-09 06:51:02.752980,data/lms_loan_daily.csv,2023-10-01
CUS_0x4d1_2023_08_01,CUS_0x4d1,1/8/2023,10,2,10000,1000,1000,0,8000,1/10/2023,2023-10-01,2025-11-09 06:51:02.752980,data/lms_loan_daily.csv,2023-10-01
CUS_0x4d16_2023_03_01,CUS_0x4d16,1/3/2023,10,7,10000,1000,0,4000,7000,1/10/2023,2023-10-01,2025-11-09 06:51:02.752980,data/lms_loan_daily.csv,2023-10-01
CUS_0x4d2_2023_10_01,CUS_0x4d2,1/10/2023,10,0,10000,0,0,0,10000,1/10/2023,2023-10-01,2025-11-09 06:51:02.752980,data/lms_loan_daily.csv,2023-10-01
CUS_0x4d25_2023_06_01,CUS_0x4d25,1/6/2023,10,4,10000,1000,1000,0,6000,1/10/2023,2023-10-01,2025-11-09 06:51:02.752980,data/lms_loan_daily.csv,2023-10-01
CUS_0x4d33_2023_05_01,CUS_0x4d33,1/5/2023,10,5,10000,1000,1000,0,5000,1/10/2023,2023-10-01,2025-11-09 06:51:02.752980,data/lms_loan_daily.csv,2023-10-01
CUS_0x4d35_2023_02_01,CUS_0x4d35,1/2/2023,10,8,10000,1000,1000,0,2000,1/10/2023,2023-10-01,2025-11-09 06:51:02.752980,data/lms_loan_daily.csv,2023-10-01
CUS_0x4d3d_2023_05_01,CUS_0x4d3d,1/5/2023,10,5,10000,1000,0,2000,7000,1/10/2023,2023-10-01,2025-11-09 06:51:02.752980,data/lms_loan_daily.csv,2023-10-01
CUS_0x4d41_2023_01_01,CUS_0x4d41,1/1/2023,10,9,10000,1000,0,8000,9000,1/10/2023,2023-10-01,2025-11-09 06:51:02.752980,data/lms_loan_daily.csv,2023-10-01
CUS_0x4d4d_2023_03_01,CUS_0x4d4d,1/3/2023,10,7,10000,1000,1000,0,3000,1/10/2023,2023-10-01,2025-11-09 06:51:02.752980,data/lms_loan_daily.csv,2023-10-01
CUS_0x4d61_2023_06_01,CUS_0x4d61,1/6/2023,10,4,10000,1000,1000,0,6000,1/10/2023,2023-10-01,2025-11-09 06:51:02.752980,data/lms_loan_daily.csv,2023-10-01
CUS_0x4d66_2023_04_01,CUS_0x4d66,1/4/2023,10,6,10000,1000,1000,0,4000,1/10/2023,2023-10-01,2025-11-09 06:51:02.752980,data/lms_loan_daily.csv,2023-10-01
CUS_0x4d6a_2023_06_01,CUS_0x4d6a,1/6/2023,10,4,10000,1000,1000,0,6000,1/10/2023,2023-10-01,2025-11-09 06:51:02.752980,data/lms_loan_daily.csv,2023-10-01
CUS_0x4d6d_2023_05_01,CUS_0x4d6d,1/5/2023,10,5,10000,1000,1000,0,5000,1/10/2023,2023-10-01,2025-11-09 06:51:02.752980,data/lms_loan_daily.csv,2023-10-01
CUS_0x4d71_2023_08_01,CUS_0x4d71,1/8/2023,10,2,10000,1000,0,1000,9000,1/10/2023,2023-10-01,2025-11-09 06:51:02.752980,data/lms_loan_daily.csv,2023-10-01
CUS_0x4d7e_2023_09_01,CUS_0x4d7e,1/9/2023,10,1,10000,1000,1000,0,9000,1/10/2023,2023-10-01,2025-11-09 06:51:02.752980,data/lms_loan_daily.csv,2023-10-01
CUS_0x4d8b_2023_08_01,CUS_0x4d8b,1/8/2023,10,2,10000,1000,1000,0,8000,1/10/2023,2023-10-01,2025-11-09 06:51:02.752980,data/lms_loan_daily.csv,2023-10-01
CUS_0x4d92_2023_02_01,CUS_0x4d92,1/2/2023,10,8,10000,1000,1000,0,2000,1/10/2023,2023-10-01,2025-11-09 06:51:02.752980,data/lms_loan_daily.csv,2023-10-01
CUS_0x4da0_2023_05_01,CUS_0x4da0,1/5/2023,10,5,10000,1000,1000,0,5000,1/10/2023,2023-10-01,2025-11-09 06:51:02.752980,data/lms_loan_daily.csv,2023-10-01
CUS_0x4db5_2023_10_01,CUS_0x4db5,1/10/2023,10,0,10000,0,0,0,10000,1/10/2023,2023-10-01,2025-11-09 06:51:02.752980,data/lms_loan_daily.csv,2023-10-01
CUS_0x4db7_2023_02_01,CUS_0x4db7,1/2/2023,10,8,10000,1000,0,5000,7000,1/10/2023,2023-10-01,2025-11-09 06:51:02.752980,data/lms_loan_daily.csv,2023-10-01
CUS_0x4dbd_2023_10_01,CUS_0x4dbd,1/10/2023,10,0,10000,0,0,0,10000,1/10/2023,2023-10-01,2025-11-09 06:51:02.752980,data/lms_loan_daily.csv,2023-10-01
CUS_0x4dc9_2023_01_01,CUS_0x4dc9,1/1/2023,10,9,10000,1000,1000,0,1000,1/10/2023,2023-10-01,2025-11-09 06:51:02.752980,data/lms_loan_daily.csv,2023-10-01
CUS_0x4dcd_2023_05_01,CUS_0x4dcd,1/5/2023,10,5,10000,1000,1000,0,5000,1/10/2023,2023-10-01,2025-11-09 06:51:02.752980,data/lms_loan_daily.csv,2023-10-01
CUS_0x4dd1_2023_07_01,CUS_0x4dd1,1/7/2023,10,3,10000,1000,1000,0,7000,1/10/2023,2023-10-01,2025-11-09 06:51:02.752980,data/lms_loan_daily.csv,2023-10-01
CUS_0x4dd5_2023_07_01,CUS_0x4dd5,1/7/2023,10,3,10000,1000,0,1000,8000,1/10/2023,2023-10-01,2025-11-09 06:51:02.752980,data/lms_loan_daily.csv,2023-10-01
CUS_0x4ddc_2023_01_01,CUS_0x4ddc,1/1/2023,10,9,10000,1000,1000,0,1000,1/10/2023,2023-10-01,2025-11-09 06:51:02.752980,data/lms_loan_daily.csv,2023-10-01
CUS_0x4ddf_2023_01_01,CUS_0x4ddf,1/1/2023,10,9,10000,1000,0,6000,7000,1/10/2023,2023-10-01,2025-11-09 06:51:02.752980,data/lms_loan_daily.csv,2023-10-01
CUS_0x4de7_2023_03_01,CUS_0x4de7,1/3/2023,10,7,10000,1000,1000,0,3000,1/10/2023,2023-10-01,2025-11-09 06:51:02.752980,data/lms_loan_daily.csv,2023-10-01
CUS_0x4de9_2023_02_01,CUS_0x4de9,1/2/2023,10,8,10000,1000,1000,0,2000,1/10/2023,2023-10-01,2025-11-09 06:51:02.752980,data/lms_loan_daily.csv,2023-10-01
CUS_0x4dfe_2023_04_01,CUS_0x4dfe,1/4/2023,10,6,10000,1000,1000,0,4000,1/10/2023,2023-10-01,2025-11-09 06:51:02.752980,data/lms_loan_daily.csv,2023-10-01
CUS_0x4dff_2023_09_01,CUS_0x4dff,1/9/2023,10,1,10000,1000,1000,0,9000,1/10/2023,2023-10-01,2025-11-09 06:51:02.752980,data/lms_loan_daily.csv,2023-10-01
CUS_0x4e03_2023_03_01,CUS_0x4e03,1/3/2023,10,7,10000,1000,0,3000,6000,1/10/2023,2023-10-01,2025-11-09 06:51:02.752980,data/lms_loan_daily.csv,2023-10-01
CUS_0x4e0d_2023_09_01,CUS_0x4e0d,1/9/2023,10,1,10000,1000,1000,0,9000,1/10/2023,2023-10-01,2025-11-09 06:51:02.752980,data/lms_loan_daily.csv,2023-10-01
CUS_0x4e0e_2023_07_01,CUS_0x4e0e,1/7/2023,10,3,10000,1000,1000,0,7000,1/10/2023,2023-10-01,2025-11-09 06:51:02.752980,data/lms_loan_daily.csv,2023-10-01
CUS_0x4e11_2023_03_01,CUS_0x4e11,1/3/2023,10,7,10000,1000,1000,0,3000,1/10/2023,2023-10-01,2025-11-09 06:51:02.752980,data/lms_loan_daily.csv,2023-10-01
CUS_0x4e14_2023_05_01,CUS_0x4e14,1/5/2023,10,5,10000,1000,1000,0,5000,1/10/2023,2023-10-01,2025-11-09 06:51:02.752980,data/lms_loan_daily.csv,2023-10-01
CUS_0x4e30_2023_04_01,CUS_0x4e30,1/4/2023,10,6,10000,1000,1000,0,4000,1/10/2023,2023-10-01,2025-11-09 06:51:02.752980,data/lms_loan_daily.csv,2023-10-01
CUS_0x4e38_2023_03_01,CUS_0x4e38,1/3/2023,10,7,10000,1000,1000,0,3000,1/10/2023,2023-10-01,2025-11-09 06:51:02.752980,data/lms_loan_daily.csv,2023-10-01
CUS_0x4e3c_2023_10_01,CUS_0x4e3c,1/10/2023,10,0,10000,0,0,0,10000,1/10/2023,2023-10-01,2025-11-09 06:51:02.752980,data/lms_loan_daily.csv,2023-10-01
CUS_0x4e43_2023_08_01,CUS_0x4e43,1/8/2023,10,2,10000,1000,0,2000,10000,1/10/2023,2023-10-01,2025-11-09 06:51:02.752980,data/lms_loan_daily.csv,2023-10-01
CUS_0x4e47_2023_05_01,CUS_0x4e47,1/5/2023,10,5,10000,1000,1000,0,5000,1/10/2023,2023-10-01,2025-11-09 06:51:02.752980,data/lms_loan_daily.csv,2023-10-01
CUS_0x4e5_2023_09_01,CUS_0x4e5,1/9/2023,10,1,10000,1000,1000,0,9000,1/10/2023,2023-10-01,2025-11-09 06:51:02.752980,data/lms_loan_daily.csv,2023-10-01
CUS_0x4e53_2023_06_01,CUS_0x4e53,1/6/2023,10,4,10000,1000,1000,0,6000,1/10/2023,2023-10-01,2025-11-09 06:51:02.752980,data/lms_loan_daily.csv,2023-10-01
CUS_0x4e5c_2023_10_01,CUS_0x4e5c,1/10/2023,10,0,10000,0,0,0,10000,1/10/2023,2023-10-01,2025-11-09 06:51:02.752980,data/lms_loan_daily.csv,2023-10-01
CUS_0x4e60_2023_09_01,CUS_0x4e60,1/9/2023,10,1,10000,1000,1000,0,9000,1/10/2023,2023-10-01,2025-11-09 06:51:02.752980,data/lms_loan_daily.csv,2023-10-01
CUS_0x4e6a_2023_03_01,CUS_0x4e6a,1/3/2023,10,7,10000,1000,1000,0,3000,1/10/2023,2023-10-01,2025-11-09 06:51:02.752980,data/lms_loan_daily.csv,2023-10-01
CUS_0x4e71_2023_08_01,CUS_0x4e71,1/8/2023,10,2,10000,1000,1000,0,8000,1/10/2023,2023-10-01,2025-11-09 06:51:02.752980,data/lms_loan_daily.csv,2023-10-01
CUS_0x4e8f_2023_05_01,CUS_0x4e8f,1/5/2023,10,5,10000,1000,0,2000,7000,1/10/2023,2023-10-01,2025-11-09 06:51:02.752980,data/lms_loan_daily.csv,2023-10-01
CUS_0x4e95_2023_10_01,CUS_0x4e95,1/10/2023,10,0,10000,0,0,0,10000,1/10/2023,2023-10-01,2025-11-09 06:51:02.752980,data/lms_loan_daily.csv,2023-10-01
CUS_0x4ea9_2023_08_01,CUS_0x4ea9,1/8/2023,10,2,10000,1000,0,1000,9000,1/10/2023,2023-10-01,2025-11-09 06:51:02.752980,data/lms_loan_daily.csv,2023-10-01
CUS_0x4eae_2023_02_01,CUS_0x4eae,1/2/2023,10,8,10000,1000,1000,0,2000,1/10/2023,2023-10-01,2025-11-09 06:51:02.752980,data/lms_loan_daily.csv,2023-10-01
CUS_0x4eb4_2023_04_01,CUS_0x4eb4,1/4/2023,10,6,10000,1000,1000,0,4000,1/10/2023,2023-10-01,2025-11-09 06:51:02.752980,data/lms_loan_daily.csv,2023-10-01
CUS_0x4eb6_2023_10_01,CUS_0x4eb6,1/10/2023,10,0,10000,0,0,0,10000,1/10/2023,2023-10-01,2025-11-09 06:51:02.752980,data/lms_loan_daily.csv,2023-10-01
CUS_0x4ebb_2023_09_01,CUS_0x4ebb,1/9/2023,10,1,10000,1000,1000,0,9000,1/10/2023,2023-10-01,2025-11-09 06:51:02.752980,data/lms_loan_daily.csv,2023-10-01
CUS_0x4ebf_2023_02_01,CUS_0x4ebf,1/2/2023,10,8,10000,1000,0,6000,8000,1/10/2023,2023-10-01,2025-11-09 06:51:02.752980,data/lms_loan_daily.csv,2023-10-01
CUS_0x4ec5_2023_04_01,CUS_0x4ec5,1/4/2023,10,6,10000,1000,1000,0,4000,1/10/2023,2023-10-01,2025-11-09 06:51:02.752980,data/lms_loan_daily.csv,2023-10-01
CUS_0x4ee4_2023_10_01,CUS_0x4ee4,1/10/2023,10,0,10000,0,0,0,10000,1/10/2023,2023-10-01,2025-11-09 06:51:02.752980,data/lms_loan_daily.csv,2023-10-01
CUS_0x4ee9_2023_02_01,CUS_0x4ee9,1/2/2023,10,8,10000,1000,1000,0,2000,1/10/2023,2023-10-01,2025-11-09 06:51:02.752980,data/lms_loan_daily.csv,2023-10-01
CUS_0x4ef1_2023_10_01,CUS_0x4ef1,1/10/2023,10,0,10000,0,0,0,10000,1/10/2023,2023-10-01,2025-11-09 06:51:02.752980,data/lms_loan_daily.csv,2023-10-01
CUS_0x4f00_2023_10_01,CUS_0x4f00,1/10/2023,10,0,10000,0,0,0,10000,1/10/2023,2023-10-01,2025-11-09 06:51:02.752980,data/lms_loan_daily.csv,2023-10-01
CUS_0x4f05_2023_10_01,CUS_0x4f05,1/10/2023,10,0,10000,0,0,0,10000,1/10/2023,2023-10-01,2025-11-09 06:51:02.752980,data/lms_loan_daily.csv,2023-10-01
CUS_0x4f0a_2023_08_01,CUS_0x4f0a,1/8/2023,10,2,10000,1000,1000,0,8000,1/10/2023,2023-10-01,2025-11-09 06:51:02.752980,data/lms_loan_daily.csv,2023-10-01
CUS_0x4f10_2023_04_01,CUS_0x4f10,1/4/2023,10,6,10000,1000,0,3000,7000,1/10/2023,2023-10-01,2025-11-09 06:51:02.752980,data/lms_loan_daily.csv,2023-10-01
CUS_0x4f13_2023_02_01,CUS_0x4f13,1/2/2023,10,8,10000,1000,1000,0,2000,1/10/2023,2023-10-01,2025-11-09 06:51:02.752980,data/lms_loan_daily.csv,2023-10-01
CUS_0x4f16_2023_07_01,CUS_0x4f16,1/7/2023,10,3,10000,1000,1000,0,7000,1/10/2023,2023-10-01,2025-11-09 06:51:02.752980,data/lms_loan_daily.csv,2023-10-01
CUS_0x4f1a_2023_07_01,CUS_0x4f1a,1/7/2023,10,3,10000,1000,0,1000,8000,1/10/2023,2023-10-01,2025-11-09 06:51:02.752980,data/lms_loan_daily.csv,2023-10-01
CUS_0x4f2f_2023_08_01,CUS_0x4f2f,1/8/2023,10,2,10000,1000,1000,0,8000,1/10/2023,2023-10-01,2025-11-09 06:51:02.752980,data/lms_loan_daily.csv,2023-10-01
CUS_0x4f31_2023_08_01,CUS_0x4f31,1/8/2023,10,2,10000,1000,1000,0,8000,1/10/2023,2023-10-01,2025-11-09 06:51:02.752980,data/lms_loan_daily.csv,2023-10-01
CUS_0x4f34_2023_03_01,CUS_0x4f34,1/3/2023,10,7,10000,1000,0,4000,7000,1/10/2023,2023-10-01,2025-11-09 06:51:02.752980,data/lms_loan_daily.csv,2023-10-01
CUS_0x4f41_2023_07_01,CUS_0x4f41,1/7/2023,10,3,10000,1000,0,2000,9000,1/10/2023,2023-10-01,2025-11-09 06:51:02.752980,data/lms_loan_daily.csv,2023-10-01
CUS_0x4f49_2023_08_01,CUS_0x4f49,1/8/2023,10,2,10000,1000,1000,0,8000,1/10/2023,2023-10-01,2025-11-09 06:51:02.752980,data/lms_loan_daily.csv,2023-10-01
CUS_0x4f4f_2023_05_01,CUS_0x4f4f,1/5/2023,10,5,10000,1000,1000,0,5000,1/10/2023,2023-10-01,2025-11-09 06:51:02.752980,data/lms_loan_daily.csv,2023-10-01
CUS_0x4f65_2023_09_01,CUS_0x4f65,1/9/2023,10,1,10000,1000,1000,0,9000,1/10/2023,2023-10-01,2025-11-09 06:51:02.752980,data/lms_loan_daily.csv,2023-10-01
CUS_0x4f72_2023_03_01,CUS_0x4f72,1/3/2023,10,7,10000,1000,1000,0,3000,1/10/2023,2023-10-01,2025-11-09 06:51:02.752980,data/lms_loan_daily.csv,2023-10-01
CUS_0x4f7d_2023_09_01,CUS_0x4f7d,1/9/2023,10,1,10000,1000,1000,0,9000,1/10/2023,2023-10-01,2025-11-09 06:51:02.752980,data/lms_loan_daily.csv,2023-10-01
CUS_0x4fa3_2023_06_01,CUS_0x4fa3,1/6/2023,10,4,10000,1000,1000,0,6000,1/10/2023,2023-10-01,2025-11-09 06:51:02.752980,data/lms_loan_daily.csv,2023-10-01
CUS_0x4fac_2023_08_01,CUS_0x4fac,1/8/2023,10,2,10000,1000,1000,0,8000,1/10/2023,2023-10-01,2025-11-09 06:51:02.752980,data/lms_loan_daily.csv,2023-10-01
CUS_0x4fad_2023_06_01,CUS_0x4fad,1/6/2023,10,4,10000,1000,1000,0,6000,1/10/2023,2023-10-01,2025-11-09 06:51:02.752980,data/lms_loan_daily.csv,2023-10-01
CUS_0x4fb1_2023_08_01,CUS_0x4fb1,1/8/2023,10,2,10000,1000,0,2000,10000,1/10/2023,2023-10-01,2025-11-09 06:51:02.752980,data/lms_loan_daily.csv,2023-10-01
CUS_0x4fc1_2023_10_01,CUS_0x4fc1,1/10/2023,10,0,10000,0,0,0,10000,1/10/2023,2023-10-01,2025-11-09 06:51:02.752980,data/lms_loan_daily.csv,2023-10-01
CUS_0x4fd2_2023_09_01,CUS_0x4fd2,1/9/2023,10,1,10000,1000,1000,0,9000,1/10/2023,2023-10-01,2025-11-09 06:51:02.752980,data/lms_loan_daily.csv,2023-10-01
CUS_0x4fd4_2023_03_01,CUS_0x4fd4,1/3/2023,10,7,10000,1000,0,4000,7000,1/10/2023,2023-10-01,2025-11-09 06:51:02.752980,data/lms_loan_daily.csv,2023-10-01
CUS_0x4fee_2023_08_01,CUS_0x4fee,1/8/2023,10,2,10000,1000,1000,0,8000,1/10/2023,2023-10-01,2025-11-09 06:51:02.752980,data/lms_loan_daily.csv,2023-10-01
CUS_0x4ff5_2023_02_01,CUS_0x4ff5,1/2/2023,10,8,10000,1000,1000,0,2000,1/10/2023,2023-10-01,2025-11-09 06:51:02.752980,data/lms_loan_daily.csv,2023-10-01
CUS_0x4ff8_2023_10_01,CUS_0x4ff8,1/10/2023,10,0,10000,0,0,0,10000,1/10/2023,2023-10-01,2025-11-09 06:51:02.752980,data/lms_loan_daily.csv,2023-10-01
CUS_0x5002_2023_04_01,CUS_0x5002,1/4/2023,10,6,10000,1000,0,2000,6000,1/10/2023,2023-10-01,2025-11-09 06:51:02.752980,data/lms_loan_daily.csv,2023-10-01
CUS_0x5029_2023_06_01,CUS_0x5029,1/6/2023,10,4,10000,1000,1000,0,6000,1/10/2023,2023-10-01,2025-11-09 06:51:02.752980,data/lms_loan_daily.csv,2023-10-01
CUS_0x502c_2023_05_01,CUS_0x502c,1/5/2023,10,5,10000,1000,1000,0,5000,1/10/2023,2023-10-01,2025-11-09 06:51:02.752980,data/lms_loan_daily.csv,2023-10-01
CUS_0x5036_2023_04_01,CUS_0x5036,1/4/2023,10,6,10000,1000,1000,0,4000,1/10/2023,2023-10-01,2025-11-09 06:51:02.752980,data/lms_loan_daily.csv,2023-10-01
CUS_0x5046_2023_07_01,CUS_0x5046,1/7/2023,10,3,10000,1000,0,1000,8000,1/10/2023,2023-10-01,2025-11-09 06:51:02.752980,data/lms_loan_daily.csv,2023-10-01
CUS_0x5049_2023_05_01,CUS_0x5049,1/5/2023,10,5,10000,1000,1000,0,5000,1/10/2023,2023-10-01,2025-11-09 06:51:02.752980,data/lms_loan_daily.csv,2023-10-01
CUS_0x504e_2023_08_01,CUS_0x504e,1/8/2023,10,2,10000,1000,1000,0,8000,1/10/2023,2023-10-01,2025-11-09 06:51:02.752980,data/lms_loan_daily.csv,2023-10-01
CUS_0x5050_2023_05_01,CUS_0x5050,1/5/2023,10,5,10000,1000,1000,0,5000,1/10/2023,2023-10-01,2025-11-09 06:51:02.752980,data/lms_loan_daily.csv,2023-10-01
CUS_0x5052_2023_08_01,CUS_0x5052,1/8/2023,10,2,10000,1000,1000,0,8000,1/10/2023,2023-10-01,2025-11-09 06:51:02.752980,data/lms_loan_daily.csv,2023-10-01
CUS_0x5055_2023_10_01,CUS_0x5055,1/10/2023,10,0,10000,0,0,0,10000,1/10/2023,2023-10-01,2025-11-09 06:51:02.752980,data/lms_loan_daily.csv,2023-10-01
CUS_0x505c_2023_07_01,CUS_0x505c,1/7/2023,10,3,10000,1000,0,1000,8000,1/10/2023,2023-10-01,2025-11-09 06:51:02.752980,data/lms_loan_daily.csv,2023-10-01
CUS_0x506c_2023_08_01,CUS_0x506c,1/8/2023,10,2,10000,1000,1000,0,8000,1/10/2023,2023-10-01,2025-11-09 06:51:02.752980,data/lms_loan_daily.csv,2023-10-01
CUS_0x509_2023_04_01,CUS_0x509,1/4/2023,10,6,10000,1000,1000,0,4000,1/10/2023,2023-10-01,2025-11-09 06:51:02.752980,data/lms_loan_daily.csv,2023-10-01
CUS_0x5097_2023_09_01,CUS_0x5097,1/9/2023,10,1,10000,1000,1000,0,9000,1/10/2023,2023-10-01,2025-11-09 06:51:02.752980,data/lms_loan_daily.csv,2023-10-01
CUS_0x509d_2023_08_01,CUS_0x509d,1/8/2023,10,2,10000,1000,1000,0,8000,1/10/2023,2023-10-01,2025-11-09 06:51:02.752980,data/lms_loan_daily.csv,2023-10-01
CUS_0x50a2_2023_09_01,CUS_0x50a2,1/9/2023,10,1,10000,1000,1000,0,9000,1/10/2023,2023-10-01,2025-11-09 06:51:02.752980,data/lms_loan_daily.csv,2023-10-01
CUS_0x50ab_2023_02_01,CUS_0x50ab,1/2/2023,10,8,10000,1000,0,4000,6000,1/10/2023,2023-10-01,2025-11-09 06:51:02.752980,data/lms_loan_daily.csv,2023-10-01
CUS_0x50b5_2023_09_01,CUS_0x50b5,1/9/2023,10,1,10000,1000,1000,0,9000,1/10/2023,2023-10-01,2025-11-09 06:51:02.752980,data/lms_loan_daily.csv,2023-10-01
CUS_0x50b9_2023_09_01,CUS_0x50b9,1/9/2023,10,1,10000,1000,1000,0,9000,1/10/2023,2023-10-01,2025-11-09 06:51:02.752980,data/lms_loan_daily.csv,2023-10-01
CUS_0x50c9_2023_04_01,CUS_0x50c9,1/4/2023,10,6,10000,1000,1000,0,4000,1/10/2023,2023-10-01,2025-11-09 06:51:02.752980,data/lms_loan_daily.csv,2023-10-01
CUS_0x50d4_2023_05_01,CUS_0x50d4,1/5/2023,10,5,10000,1000,0,2000,7000,1/10/2023,2023-10-01,2025-11-09 06:51:02.752980,data/lms_loan_daily.csv,2023-10-01
CUS_0x50dd_2023_05_01,CUS_0x50dd,1/5/2023,10,5,10000,1000,1000,0,5000,1/10/2023,2023-10-01,2025-11-09 06:51:02.752980,data/lms_loan_daily.csv,2023-10-01
CUS_0x50e2_2023_07_01,CUS_0x50e2,1/7/2023,10,3,10000,1000,2000,0,7000,1/10/2023,2023-10-01,2025-11-09 06:51:02.752980,data/lms_loan_daily.csv,2023-10-01
CUS_0x50f7_2023_01_01,CUS_0x50f7,1/1/2023,10,9,10000,1000,0,7000,8000,1/10/2023,2023-10-01,2025-11-09 06:51:02.752980,data/lms_loan_daily.csv,2023-10-01
CUS_0x5107_2023_03_01,CUS_0x5107,1/3/2023,10,7,10000,1000,1000,0,3000,1/10/2023,2023-10-01,2025-11-09 06:51:02.752980,data/lms_loan_daily.csv,2023-10-01
CUS_0x510b_2023_08_01,CUS_0x510b,1/8/2023,10,2,10000,1000,1000,0,8000,1/10/2023,2023-10-01,2025-11-09 06:51:02.752980,data/lms_loan_daily.csv,2023-10-01
CUS_0x510f_2023_05_01,CUS_0x510f,1/5/2023,10,5,10000,1000,0,4000,9000,1/10/2023,2023-10-01,2025-11-09 06:51:02.752980,data/lms_loan_daily.csv,2023-10-01
CUS_0x5111_2023_01_01,CUS_0x5111,1/1/2023,10,9,10000,1000,0,8000,9000,1/10/2023,2023-10-01,2025-11-09 06:51:02.752980,data/lms_loan_daily.csv,2023-10-01
CUS_0x5117_2023_09_01,CUS_0x5117,1/9/2023,10,1,10000,1000,1000,0,9000,1/10/2023,2023-10-01,2025-11-09 06:51:02.752980,data/lms_loan_daily.csv,2023-10-01
CUS_0x511c_2023_09_01,CUS_0x511c,1/9/2023,10,1,10000,1000,1000,0,9000,1/10/2023,2023-10-01,2025-11-09 06:51:02.752980,data/lms_loan_daily.csv,2023-10-01
CUS_0x511d_2023_10_01,CUS_0x511d,1/10/2023,10,0,10000,0,0,0,10000,1/10/2023,2023-10-01,2025-11-09 06:51:02.752980,data/lms_loan_daily.csv,2023-10-01
CUS_0x511f_2023_05_01,CUS_0x511f,1/5/2023,10,5,10000,1000,1000,0,5000,1/10/2023,2023-10-01,2025-11-09 06:51:02.752980,data/lms_loan_daily.csv,2023-10-01
CUS_0x5121_2023_04_01,CUS_0x5121,1/4/2023,10,6,10000,1000,1000,0,4000,1/10/2023,2023-10-01,2025-11-09 06:51:02.752980,data/lms_loan_daily.csv,2023-10-01
CUS_0x512e_2023_03_01,CUS_0x512e,1/3/2023,10,7,10000,1000,1000,0,3000,1/10/2023,2023-10-01,2025-11-09 06:51:02.752980,data/lms_loan_daily.csv,2023-10-01
CUS_0x513_2023_03_01,CUS_0x513,1/3/2023,10,7,10000,1000,1000,0,3000,1/10/2023,2023-10-01,2025-11-09 06:51:02.752980,data/lms_loan_daily.csv,2023-10-01
CUS_0x513a_2023_10_01,CUS_0x513a,1/10/2023,10,0,10000,0,0,0,10000,1/10/2023,2023-10-01,2025-11-09 06:51:02.752980,data/lms_loan_daily.csv,2023-10-01
CUS_0x5148_2023_10_01,CUS_0x5148,1/10/2023,10,0,10000,0,0,0,10000,1/10/2023,2023-10-01,2025-11-09 06:51:02.752980,data/lms_loan_daily.csv,2023-10-01
CUS_0x5157_2023_05_01,CUS_0x5157,1/5/2023,10,5,10000,1000,1000,0,5000,1/10/2023,2023-10-01,2025-11-09 06:51:02.752980,data/lms_loan_daily.csv,2023-10-01
CUS_0x5158_2023_01_01,CUS_0x5158,1/1/2023,10,9,10000,1000,1000,0,1000,1/10/2023,2023-10-01,2025-11-09 06:51:02.752980,data/lms_loan_daily.csv,2023-10-01
CUS_0x5162_2023_04_01,CUS_0x5162,1/4/2023,10,6,10000,1000,1000,0,4000,1/10/2023,2023-10-01,2025-11-09 06:51:02.752980,data/lms_loan_daily.csv,2023-10-01
CUS_0x5172_2023_05_01,CUS_0x5172,1/5/2023,10,5,10000,1000,0,3000,8000,1/10/2023,2023-10-01,2025-11-09 06:51:02.752980,data/lms_loan_daily.csv,2023-10-01
CUS_0x517c_2023_05_01,CUS_0x517c,1/5/2023,10,5,10000,1000,1000,0,5000,1/10/2023,2023-10-01,2025-11-09 06:51:02.752980,data/lms_loan_daily.csv,2023-10-01
CUS_0x5180_2023_10_01,CUS_0x5180,1/10/2023,10,0,10000,0,0,0,10000,1/10/2023,2023-10-01,2025-11-09 06:51:02.752980,data/lms_loan_daily.csv,2023-10-01
CUS_0x5190_2023_08_01,CUS_0x5190,1/8/2023,10,2,10000,1000,1000,0,8000,1/10/2023,2023-10-01,2025-11-09 06:51:02.752980,data/lms_loan_daily.csv,2023-10-01
CUS_0x5198_2023_09_01,CUS_0x5198,1/9/2023,10,1,10000,1000,1000,0,9000,1/10/2023,2023-10-01,2025-11-09 06:51:02.752980,data/lms_loan_daily.csv,2023-10-01
CUS_0x519e_2023_05_01,CUS_0x519e,1/5/2023,10,5,10000,1000,1000,0,5000,1/10/2023,2023-10-01,2025-11-09 06:51:02.752980,data/lms_loan_daily.csv,2023-10-01
CUS_0x51a1_2023_05_01,CUS_0x51a1,1/5/2023,10,5,10000,1000,1000,0,5000,1/10/2023,2023-10-01,2025-11-09 06:51:02.752980,data/lms_loan_daily.csv,2023-10-01
CUS_0x51b3_2023_01_01,CUS_0x51b3,1/1/2023,10,9,10000,1000,1000,0,1000,1/10/2023,2023-10-01,2025-11-09 06:51:02.752980,data/lms_loan_daily.csv,2023-10-01
CUS_0x51b4_2023_09_01,CUS_0x51b4,1/9/2023,10,1,10000,1000,1000,0,9000,1/10/2023,2023-10-01,2025-11-09 06:51:02.752980,data/lms_loan_daily.csv,2023-10-01
CUS_0x51b9_2023_03_01,CUS_0x51b9,1/3/2023,10,7,10000,1000,0,5000,8000,1/10/2023,2023-10-01,2025-11-09 06:51:02.752980,data/lms_loan_daily.csv,2023-10-01
CUS_0x51bf_2023_10_01,CUS_0x51bf,1/10/2023,10,0,10000,0,0,0,10000,1/10/2023,2023-10-01,2025-11-09 06:51:02.752980,data/lms_loan_daily.csv,2023-10-01
CUS_0x51c_2023_06_01,CUS_0x51c,1/6/2023,10,4,10000,1000,1000,0,6000,1/10/2023,2023-10-01,2025-11-09 06:51:02.752980,data/lms_loan_daily.csv,2023-10-01
CUS_0x51c0_2023_04_01,CUS_0x51c0,1/4/2023,10,6,10000,1000,0,3000,7000,1/10/2023,2023-10-01,2025-11-09 06:51:02.752980,data/lms_loan_daily.csv,2023-10-01
CUS_0x51c9_2023_01_01,CUS_0x51c9,1/1/2023,10,9,10000,1000,1000,0,1000,1/10/2023,2023-10-01,2025-11-09 06:51:02.752980,data/lms_loan_daily.csv,2023-10-01
CUS_0x51cb_2023_05_01,CUS_0x51cb,1/5/2023,10,5,10000,1000,1000,0,5000,1/10/2023,2023-10-01,2025-11-09 06:51:02.752980,data/lms_loan_daily.csv,2023-10-01
CUS_0x51d4_2023_07_01,CUS_0x51d4,1/7/2023,10,3,10000,1000,1000,0,7000,1/10/2023,2023-10-01,2025-11-09 06:51:02.752980,data/lms_loan_daily.csv,2023-10-01
CUS_0x51e_2023_01_01,CUS_0x51e,1/1/2023,10,9,10000,1000,1000,0,1000,1/10/2023,2023-10-01,2025-11-09 06:51:02.752980,data/lms_loan_daily.csv,2023-10-01
CUS_0x51e0_2023_04_01,CUS_0x51e0,1/4/2023,10,6,10000,1000,1000,0,4000,1/10/2023,2023-10-01,2025-11-09 06:51:02.752980,data/lms_loan_daily.csv,2023-10-01
CUS_0x51e1_2023_04_01,CUS_0x51e1,1/4/2023,10,6,10000,1000,1000,0,4000,1/10/2023,2023-10-01,2025-11-09 06:51:02.752980,data/lms_loan_daily.csv,2023-10-01
CUS_0x51e5_2023_06_01,CUS_0x51e5,1/6/2023,10,4,10000,1000,1000,0,6000,1/10/2023,2023-10-01,2025-11-09 06:51:02.752980,data/lms_loan_daily.csv,2023-10-01
CUS_0x51e6_2023_05_01,CUS_0x51e6,1/5/2023,10,5,10000,1000,1000,0,5000,1/10/2023,2023-10-01,2025-11-09 06:51:02.752980,data/lms_loan_daily.csv,2023-10-01
CUS_0x51e7_2023_01_01,CUS_0x51e7,1/1/2023,10,9,10000,1000,1000,0,1000,1/10/2023,2023-10-01,2025-11-09 06:51:02.752980,data/lms_loan_daily.csv,2023-10-01
CUS_0x51eb_2023_07_01,CUS_0x51eb,1/7/2023,10,3,10000,1000,1000,0,7000,1/10/2023,2023-10-01,2025-11-09 06:51:02.752980,data/lms_loan_daily.csv,2023-10-01
CUS_0x51f_2023_05_01,CUS_0x51f,1/5/2023,10,5,10000,1000,1000,0,5000,1/10/2023,2023-10-01,2025-11-09 06:51:02.752980,data/lms_loan_daily.csv,2023-10-01
CUS_0x51fe_2023_08_01,CUS_0x51fe,1/8/2023,10,2,10000,1000,1000,0,8000,1/10/2023,2023-10-01,2025-11-09 06:51:02.752980,data/lms_loan_daily.csv,2023-10-01
CUS_0x5205_2023_05_01,CUS_0x5205,1/5/2023,10,5,10000,1000,0,2000,7000,1/10/2023,2023-10-01,2025-11-09 06:51:02.752980,data/lms_loan_daily.csv,2023-10-01
CUS_0x5208_2023_08_01,CUS_0x5208,1/8/2023,10,2,10000,1000,1000,0,8000,1/10/2023,2023-10-01,2025-11-09 06:51:02.752980,data/lms_loan_daily.csv,2023-10-01
CUS_0x520a_2023_08_01,CUS_0x520a,1/8/2023,10,2,10000,1000,0,1000,9000,1/10/2023,2023-10-01,2025-11-09 06:51:02.752980,data/lms_loan_daily.csv,2023-10-01
CUS_0x5215_2023_06_01,CUS_0x5215,1/6/2023,10,4,10000,1000,1000,0,6000,1/10/2023,2023-10-01,2025-11-09 06:51:02.752980,data/lms_loan_daily.csv,2023-10-01
CUS_0x5225_2023_01_01,CUS_0x5225,1/1/2023,10,9,10000,1000,0,5000,6000,1/10/2023,2023-10-01,2025-11-09 06:51:02.752980,data/lms_loan_daily.csv,2023-10-01
CUS_0x522d_2023_01_01,CUS_0x522d,1/1/2023,10,9,10000,1000,1000,0,1000,1/10/2023,2023-10-01,2025-11-09 06:51:02.752980,data/lms_loan_daily.csv,2023-10-01
CUS_0x5235_2023_02_01,CUS_0x5235,1/2/2023,10,8,10000,1000,0,7000,9000,1/10/2023,2023-10-01,2025-11-09 06:51:02.752980,data/lms_loan_daily.csv,2023-10-01
CUS_0x5247_2023_02_01,CUS_0x5247,1/2/2023,10,8,10000,1000,1000,0,2000,1/10/2023,2023-10-01,2025-11-09 06:51:02.752980,data/lms_loan_daily.csv,2023-10-01
CUS_0x5257_2023_05_01,CUS_0x5257,1/5/2023,10,5,10000,1000,1000,0,5000,1/10/2023,2023-10-01,2025-11-09 06:51:02.752980,data/lms_loan_daily.csv,2023-10-01
CUS_0x5260_2023_03_01,CUS_0x5260,1/3/2023,10,7,10000,1000,1000,0,3000,1/10/2023,2023-10-01,2025-11-09 06:51:02.752980,data/lms_loan_daily.csv,2023-10-01
CUS_0x5268_2023_02_01,CUS_0x5268,1/2/2023,10,8,10000,1000,1000,0,2000,1/10/2023,2023-10-01,2025-11-09 06:51:02.752980,data/lms_loan_daily.csv,2023-10-01
CUS_0x526d_2023_04_01,CUS_0x526d,1/4/2023,10,6,10000,1000,1000,0,4000,1/10/2023,2023-10-01,2025-11-09 06:51:02.752980,data/lms_loan_daily.csv,2023-10-01
CUS_0x5275_2023_06_01,CUS_0x5275,1/6/2023,10,4,10000,1000,0,1000,7000,1/10/2023,2023-10-01,2025-11-09 06:51:02.752980,data/lms_loan_daily.csv,2023-10-01
CUS_0x527c_2023_03_01,CUS_0x527c,1/3/2023,10,7,10000,1000,1000,0,3000,1/10/2023,2023-10-01,2025-11-09 06:51:02.752980,data/lms_loan_daily.csv,2023-10-01
CUS_0x527f_2023_01_01,CUS_0x527f,1/1/2023,10,9,10000,1000,1000,0,1000,1/10/2023,2023-10-01,2025-11-09 06:51:02.752980,data/lms_loan_daily.csv,2023-10-01
CUS_0x5292_2023_09_01,CUS_0x5292,1/9/2023,10,1,10000,1000,1000,0,9000,1/10/2023,2023-10-01,2025-11-09 06:51:02.752980,data/lms_loan_daily.csv,2023-10-01
CUS_0x5293_2023_05_01,CUS_0x5293,1/5/2023,10,5,10000,1000,1000,0,5000,1/10/2023,2023-10-01,2025-11-09 06:51:02.752980,data/lms_loan_daily.csv,2023-10-01
CUS_0x529b_2023_06_01,CUS_0x529b,1/6/2023,10,4,10000,1000,0,2000,8000,1/10/2023,2023-10-01,2025-11-09 06:51:02.752980,data/lms_loan_daily.csv,2023-10-01
CUS_0x52a5_2023_01_01,CUS_0x52a5,1/1/2023,10,9,10000,1000,0,8000,9000,1/10/2023,2023-10-01,2025-11-09 06:51:02.752980,data/lms_loan_daily.csv,2023-10-01
CUS_0x52aa_2023_01_01,CUS_0x52aa,1/1/2023,10,9,10000,1000,0,5000,6000,1/10/2023,2023-10-01,2025-11-09 06:51:02.752980,data/lms_loan_daily.csv,2023-10-01
CUS_0x52ad_2023_04_01,CUS_0x52ad,1/4/2023,10,6,10000,1000,0,4000,8000,1/10/2023,2023-10-01,2025-11-09 06:51:02.752980,data/lms_loan_daily.csv,2023-10-01
CUS_0x52b7_2023_06_01,CUS_0x52b7,1/6/2023,10,4,10000,1000,0,2000,8000,1/10/2023,2023-10-01,2025-11-09 06:51:02.752980,data/lms_loan_daily.csv,2023-10-01
CUS_0x52cb_2023_10_01,CUS_0x52cb,1/10/2023,10,0,10000,0,0,0,10000,1/10/2023,2023-10-01,2025-11-09 06:51:02.752980,data/lms_loan_daily.csv,2023-10-01
CUS_0x52dd_2023_08_01,CUS_0x52dd,1/8/2023,10,2,10000,1000,1000,0,8000,1/10/2023,2023-10-01,2025-11-09 06:51:02.752980,data/lms_loan_daily.csv,2023-10-01
CUS_0x52f1_2023_04_01,CUS_0x52f1,1/4/2023,10,6,10000,1000,1000,0,4000,1/10/2023,2023-10-01,2025-11-09 06:51:02.752980,data/lms_loan_daily.csv,2023-10-01
CUS_0x52fb_2023_03_01,CUS_0x52fb,1/3/2023,10,7,10000,1000,0,4000,7000,1/10/2023,2023-10-01,2025-11-09 06:51:02.752980,data/lms_loan_daily.csv,2023-10-01
CUS_0x530a_2023_04_01,CUS_0x530a,1/4/2023,10,6,10000,1000,1000,0,4000,1/10/2023,2023-10-01,2025-11-09 06:51:02.752980,data/lms_loan_daily.csv,2023-10-01
CUS_0x530e_2023_08_01,CUS_0x530e,1/8/2023,10,2,10000,1000,1000,0,8000,1/10/2023,2023-10-01,2025-11-09 06:51:02.752980,data/lms_loan_daily.csv,2023-10-01
CUS_0x531a_2023_03_01,CUS_0x531a,1/3/2023,10,7,10000,1000,1000,0,3000,1/10/2023,2023-10-01,2025-11-09 06:51:02.752980,data/lms_loan_daily.csv,2023-10-01
CUS_0x5321_2023_05_01,CUS_0x5321,1/5/2023,10,5,10000,1000,1000,0,5000,1/10/2023,2023-10-01,2025-11-09 06:51:02.752980,data/lms_loan_daily.csv,2023-10-01
CUS_0x5323_2023_08_01,CUS_0x5323,1/8/2023,10,2,10000,1000,1000,0,8000,1/10/2023,2023-10-01,2025-11-09 06:51:02.752980,data/lms_loan_daily.csv,2023-10-01
CUS_0x532d_2023_02_01,CUS_0x532d,1/2/2023,10,8,10000,1000,1000,0,2000,1/10/2023,2023-10-01,2025-11-09 06:51:02.752980,data/lms_loan_daily.csv,2023-10-01
CUS_0x5334_2023_03_01,CUS_0x5334,1/3/2023,10,7,10000,1000,1000,0,3000,1/10/2023,2023-10-01,2025-11-09 06:51:02.752980,data/lms_loan_daily.csv,2023-10-01
CUS_0x533b_2023_04_01,CUS_0x533b,1/4/2023,10,6,10000,1000,1000,0,4000,1/10/2023,2023-10-01,2025-11-09 06:51:02.752980,data/lms_loan_daily.csv,2023-10-01
CUS_0x5342_2023_03_01,CUS_0x5342,1/3/2023,10,7,10000,1000,0,4000,7000,1/10/2023,2023-10-01,2025-11-09 06:51:02.752980,data/lms_loan_daily.csv,2023-10-01
CUS_0x534a_2023_09_01,CUS_0x534a,1/9/2023,10,1,10000,1000,1000,0,9000,1/10/2023,2023-10-01,2025-11-09 06:51:02.752980,data/lms_loan_daily.csv,2023-10-01
CUS_0x5357_2023_10_01,CUS_0x5357,1/10/2023,10,0,10000,0,0,0,10000,1/10/2023,2023-10-01,2025-11-09 06:51:02.752980,data/lms_loan_daily.csv,2023-10-01
CUS_0x5360_2023_09_01,CUS_0x5360,1/9/2023,10,1,10000,1000,0,1000,10000,1/10/2023,2023-10-01,2025-11-09 06:51:02.752980,data/lms_loan_daily.csv,2023-10-01
CUS_0x5369_2023_10_01,CUS_0x5369,1/10/2023,10,0,10000,0,0,0,10000,1/10/2023,2023-10-01,2025-11-09 06:51:02.752980,data/lms_loan_daily.csv,2023-10-01
CUS_0x536b_2023_03_01,CUS_0x536b,1/3/2023,10,7,10000,1000,1000,0,3000,1/10/2023,2023-10-01,2025-11-09 06:51:02.752980,data/lms_loan_daily.csv,2023-10-01
CUS_0x537_2023_01_01,CUS_0x537,1/1/2023,10,9,10000,1000,1000,0,1000,1/10/2023,2023-10-01,2025-11-09 06:51:02.752980,data/lms_loan_daily.csv,2023-10-01
CUS_0x5385_2023_08_01,CUS_0x5385,1/8/2023,10,2,10000,1000,1000,0,8000,1/10/2023,2023-10-01,2025-11-09 06:51:02.752980,data/lms_loan_daily.csv,2023-10-01
CUS_0x5386_2023_04_01,CUS_0x5386,1/4/2023,10,6,10000,1000,1000,0,4000,1/10/2023,2023-10-01,2025-11-09 06:51:02.752980,data/lms_loan_daily.csv,2023-10-01
CUS_0x5395_2023_10_01,CUS_0x5395,1/10/2023,10,0,10000,0,0,0,10000,1/10/2023,2023-10-01,2025-11-09 06:51:02.752980,data/lms_loan_daily.csv,2023-10-01
CUS_0x5396_2023_07_01,CUS_0x5396,1/7/2023,10,3,10000,1000,1000,0,7000,1/10/2023,2023-10-01,2025-11-09 06:51:02.752980,data/lms_loan_daily.csv,2023-10-01
CUS_0x53ad_2023_05_01,CUS_0x53ad,1/5/2023,10,5,10000,1000,1000,0,5000,1/10/2023,2023-10-01,2025-11-09 06:51:02.752980,data/lms_loan_daily.csv,2023-10-01
CUS_0x53c_2023_03_01,CUS_0x53c,1/3/2023,10,7,10000,1000,1000,0,3000,1/10/2023,2023-10-01,2025-11-09 06:51:02.752980,data/lms_loan_daily.csv,2023-10-01
CUS_0x53c0_2023_05_01,CUS_0x53c0,1/5/2023,10,5,10000,1000,1000,0,5000,1/10/2023,2023-10-01,2025-11-09 06:51:02.752980,data/lms_loan_daily.csv,2023-10-01
CUS_0x53d6_2023_03_01,CUS_0x53d6,1/3/2023,10,7,10000,1000,1000,0,3000,1/10/2023,2023-10-01,2025-11-09 06:51:02.752980,data/lms_loan_daily.csv,2023-10-01
CUS_0x53e0_2023_02_01,CUS_0x53e0,1/2/2023,10,8,10000,1000,1000,0,2000,1/10/2023,2023-10-01,2025-11-09 06:51:02.752980,data/lms_loan_daily.csv,2023-10-01
CUS_0x53f0_2023_05_01,CUS_0x53f0,1/5/2023,10,5,10000,1000,1000,0,5000,1/10/2023,2023-10-01,2025-11-09 06:51:02.752980,data/lms_loan_daily.csv,2023-10-01
CUS_0x53f4_2023_01_01,CUS_0x53f4,1/1/2023,10,9,10000,1000,1000,0,1000,1/10/2023,2023-10-01,2025-11-09 06:51:02.752980,data/lms_loan_daily.csv,2023-10-01
CUS_0x53f9_2023_10_01,CUS_0x53f9,1/10/2023,10,0,10000,0,0,0,10000,1/10/2023,2023-10-01,2025-11-09 06:51:02.752980,data/lms_loan_daily.csv,2023-10-01
CUS_0x53fa_2023_06_01,CUS_0x53fa,1/6/2023,10,4,10000,1000,1000,0,6000,1/10/2023,2023-10-01,2025-11-09 06:51:02.752980,data/lms_loan_daily.csv,2023-10-01
CUS_0x540f_2023_01_01,CUS_0x540f,1/1/2023,10,9,10000,1000,1000,0,1000,1/10/2023,2023-10-01,2025-11-09 06:51:02.752980,data/lms_loan_daily.csv,2023-10-01
CUS_0x541_2023_07_01,CUS_0x541,1/7/2023,10,3,10000,1000,1000,0,7000,1/10/2023,2023-10-01,2025-11-09 06:51:02.752980,data/lms_loan_daily.csv,2023-10-01
CUS_0x5413_2023_05_01,CUS_0x5413,1/5/2023,10,5,10000,1000,0,2000,7000,1/10/2023,2023-10-01,2025-11-09 06:51:02.752980,data/lms_loan_daily.csv,2023-10-01
CUS_0x5417_2023_02_01,CUS_0x5417,1/2/2023,10,8,10000,1000,1000,0,2000,1/10/2023,2023-10-01,2025-11-09 06:51:02.752980,data/lms_loan_daily.csv,2023-10-01
CUS_0x541a_2023_01_01,CUS_0x541a,1/1/2023,10,9,10000,1000,1000,0,1000,1/10/2023,2023-10-01,2025-11-09 06:51:02.752980,data/lms_loan_daily.csv,2023-10-01
CUS_0x5421_2023_08_01,CUS_0x5421,1/8/2023,10,2,10000,1000,1000,0,8000,1/10/2023,2023-10-01,2025-11-09 06:51:02.752980,data/lms_loan_daily.csv,2023-10-01
CUS_0x543_2023_08_01,CUS_0x543,1/8/2023,10,2,10000,1000,1000,0,8000,1/10/2023,2023-10-01,2025-11-09 06:51:02.752980,data/lms_loan_daily.csv,2023-10-01
CUS_0x543f_2023_07_01,CUS_0x543f,1/7/2023,10,3,10000,1000,1000,0,7000,1/10/2023,2023-10-01,2025-11-09 06:51:02.752980,data/lms_loan_daily.csv,2023-10-01
CUS_0x5447_2023_04_01,CUS_0x5447,1/4/2023,10,6,10000,1000,1000,0,4000,1/10/2023,2023-10-01,2025-11-09 06:51:02.752980,data/lms_loan_daily.csv,2023-10-01
CUS_0x544a_2023_09_01,CUS_0x544a,1/9/2023,10,1,10000,1000,1000,0,9000,1/10/2023,2023-10-01,2025-11-09 06:51:02.752980,data/lms_loan_daily.csv,2023-10-01
CUS_0x5451_2023_07_01,CUS_0x5451,1/7/2023,10,3,10000,1000,1000,0,7000,1/10/2023,2023-10-01,2025-11-09 06:51:02.752980,data/lms_loan_daily.csv,2023-10-01
CUS_0x5454_2023_10_01,CUS_0x5454,1/10/2023,10,0,10000,0,0,0,10000,1/10/2023,2023-10-01,2025-11-09 06:51:02.752980,data/lms_loan_daily.csv,2023-10-01
CUS_0x545e_2023_09_01,CUS_0x545e,1/9/2023,10,1,10000,1000,1000,0,9000,1/10/2023,2023-10-01,2025-11-09 06:51:02.752980,data/lms_loan_daily.csv,2023-10-01
CUS_0x5470_2023_02_01,CUS_0x5470,1/2/2023,10,8,10000,1000,1000,0,2000,1/10/2023,2023-10-01,2025-11-09 06:51:02.752980,data/lms_loan_daily.csv,2023-10-01
CUS_0x5471_2023_03_01,CUS_0x5471,1/3/2023,10,7,10000,1000,1000,0,3000,1/10/2023,2023-10-01,2025-11-09 06:51:02.752980,data/lms_loan_daily.csv,2023-10-01
CUS_0x5474_2023_10_01,CUS_0x5474,1/10/2023,10,0,10000,0,0,0,10000,1/10/2023,2023-10-01,2025-11-09 06:51:02.752980,data/lms_loan_daily.csv,2023-10-01
CUS_0x5488_2023_07_01,CUS_0x5488,1/7/2023,10,3,10000,1000,1000,0,7000,1/10/2023,2023-10-01,2025-11-09 06:51:02.752980,data/lms_loan_daily.csv,2023-10-01
CUS_0x5499_2023_04_01,CUS_0x5499,1/4/2023,10,6,10000,1000,1000,0,4000,1/10/2023,2023-10-01,2025-11-09 06:51:02.752980,data/lms_loan_daily.csv,2023-10-01
CUS_0x54b1_2023_04_01,CUS_0x54b1,1/4/2023,10,6,10000,1000,0,4000,8000,1/10/2023,2023-10-01,2025-11-09 06:51:02.752980,data/lms_loan_daily.csv,2023-10-01
CUS_0x54be_2023_08_01,CUS_0x54be,1/8/2023,10,2,10000,1000,1000,0,8000,1/10/2023,2023-10-01,2025-11-09 06:51:02.752980,data/lms_loan_daily.csv,2023-10-01
CUS_0x54c0_2023_09_01,CUS_0x54c0,1/9/2023,10,1,10000,1000,1000,0,9000,1/10/2023,2023-10-01,2025-11-09 06:51:02.752980,data/lms_loan_daily.csv,2023-10-01
CUS_0x54d4_2023_01_01,CUS_0x54d4,1/1/2023,10,9,10000,1000,0,7000,8000,1/10/2023,2023-10-01,2025-11-09 06:51:02.752980,data/lms_loan_daily.csv,2023-10-01
CUS_0x54d6_2023_06_01,CUS_0x54d6,1/6/2023,10,4,10000,1000,1000,0,6000,1/10/2023,2023-10-01,2025-11-09 06:51:02.752980,data/lms_loan_daily.csv,2023-10-01
CUS_0x54fd_2023_09_01,CUS_0x54fd,1/9/2023,10,1,10000,1000,1000,0,9000,1/10/2023,2023-10-01,2025-11-09 06:51:02.752980,data/lms_loan_daily.csv,2023-10-01
CUS_0x5502_2023_09_01,CUS_0x5502,1/9/2023,10,1,10000,1000,1000,0,9000,1/10/2023,2023-10-01,2025-11-09 06:51:02.752980,data/lms_loan_daily.csv,2023-10-01
CUS_0x5505_2023_01_01,CUS_0x5505,1/1/2023,10,9,10000,1000,1000,0,1000,1/10/2023,2023-10-01,2025-11-09 06:51:02.752980,data/lms_loan_daily.csv,2023-10-01
CUS_0x5507_2023_04_01,CUS_0x5507,1/4/2023,10,6,10000,1000,0,5000,9000,1/10/2023,2023-10-01,2025-11-09 06:51:02.752980,data/lms_loan_daily.csv,2023-10-01
CUS_0x550b_2023_02_01,CUS_0x550b,1/2/2023,10,8,10000,1000,0,5000,7000,1/10/2023,2023-10-01,2025-11-09 06:51:02.752980,data/lms_loan_daily.csv,2023-10-01
CUS_0x5513_2023_03_01,CUS_0x5513,1/3/2023,10,7,10000,1000,0,4000,7000,1/10/2023,2023-10-01,2025-11-09 06:51:02.752980,data/lms_loan_daily.csv,2023-10-01
CUS_0x5525_2023_01_01,CUS_0x5525,1/1/2023,10,9,10000,1000,1000,0,1000,1/10/2023,2023-10-01,2025-11-09 06:51:02.752980,data/lms_loan_daily.csv,2023-10-01
CUS_0x5528_2023_04_01,CUS_0x5528,1/4/2023,10,6,10000,1000,0,2000,6000,1/10/2023,2023-10-01,2025-11-09 06:51:02.752980,data/lms_loan_daily.csv,2023-10-01
CUS_0x5537_2023_08_01,CUS_0x5537,1/8/2023,10,2,10000,1000,1000,0,8000,1/10/2023,2023-10-01,2025-11-09 06:51:02.752980,data/lms_loan_daily.csv,2023-10-01
CUS_0x553e_2023_01_01,CUS_0x553e,1/1/2023,10,9,10000,1000,1000,0,1000,1/10/2023,2023-10-01,2025-11-09 06:51:02.752980,data/lms_loan_daily.csv,2023-10-01
CUS_0x5563_2023_04_01,CUS_0x5563,1/4/2023,10,6,10000,1000,1000,0,4000,1/10/2023,2023-10-01,2025-11-09 06:51:02.752980,data/lms_loan_daily.csv,2023-10-01
CUS_0x5578_2023_09_01,CUS_0x5578,1/9/2023,10,1,10000,1000,1000,0,9000,1/10/2023,2023-10-01,2025-11-09 06:51:02.752980,data/lms_loan_daily.csv,2023-10-01
CUS_0x5585_2023_05_01,CUS_0x5585,1/5/2023,10,5,10000,1000,1000,0,5000,1/10/2023,2023-10-01,2025-11-09 06:51:02.752980,data/lms_loan_daily.csv,2023-10-01
CUS_0x5587_2023_08_01,CUS_0x5587,1/8/2023,10,2,10000,1000,1000,0,8000,1/10/2023,2023-10-01,2025-11-09 06:51:02.752980,data/lms_loan_daily.csv,2023-10-01
CUS_0x5597_2023_10_01,CUS_0x5597,1/10/2023,10,0,10000,0,0,0,10000,1/10/2023,2023-10-01,2025-11-09 06:51:02.752980,data/lms_loan_daily.csv,2023-10-01
CUS_0x55b_2023_03_01,CUS_0x55b,1/3/2023,10,7,10000,1000,1000,0,3000,1/10/2023,2023-10-01,2025-11-09 06:51:02.752980,data/lms_loan_daily.csv,2023-10-01
CUS_0x55d9_2023_07_01,CUS_0x55d9,1/7/2023,10,3,10000,1000,0,2000,9000,1/10/2023,2023-10-01,2025-11-09 06:51:02.752980,data/lms_loan_daily.csv,2023-10-01
CUS_0x55da_2023_08_01,CUS_0x55da,1/8/2023,10,2,10000,1000,1000,0,8000,1/10/2023,2023-10-01,2025-11-09 06:51:02.752980,data/lms_loan_daily.csv,2023-10-01
CUS_0x55e0_2023_10_01,CUS_0x55e0,1/10/2023,10,0,10000,0,0,0,10000,1/10/2023,2023-10-01,2025-11-09 06:51:02.752980,data/lms_loan_daily.csv,2023-10-01
CUS_0x55ed_2023_03_01,CUS_0x55ed,1/3/2023,10,7,10000,1000,0,5000,8000,1/10/2023,2023-10-01,2025-11-09 06:51:02.752980,data/lms_loan_daily.csv,2023-10-01
CUS_0x55f0_2023_01_01,CUS_0x55f0,1/1/2023,10,9,10000,1000,1000,0,1000,1/10/2023,2023-10-01,2025-11-09 06:51:02.752980,data/lms_loan_daily.csv,2023-10-01
CUS_0x55f4_2023_06_01,CUS_0x55f4,1/6/2023,10,4,10000,1000,1000,0,6000,1/10/2023,2023-10-01,2025-11-09 06:51:02.752980,data/lms_loan_daily.csv,2023-10-01
CUS_0x55f6_2023_10_01,CUS_0x55f6,1/10/2023,10,0,10000,0,0,0,10000,1/10/2023,2023-10-01,2025-11-09 06:51:02.752980,data/lms_loan_daily.csv,2023-10-01
CUS_0x5602_2023_09_01,CUS_0x5602,1/9/2023,10,1,10000,1000,1000,0,9000,1/10/2023,2023-10-01,2025-11-09 06:51:02.752980,data/lms_loan_daily.csv,2023-10-01
CUS_0x5604_2023_09_01,CUS_0x5604,1/9/2023,10,1,10000,1000,1000,0,9000,1/10/2023,2023-10-01,2025-11-09 06:51:02.752980,data/lms_loan_daily.csv,2023-10-01
CUS_0x5606_2023_08_01,CUS_0x5606,1/8/2023,10,2,10000,1000,1000,0,8000,1/10/2023,2023-10-01,2025-11-09 06:51:02.752980,data/lms_loan_daily.csv,2023-10-01
CUS_0x5607_2023_09_01,CUS_0x5607,1/9/2023,10,1,10000,1000,1000,0,9000,1/10/2023,2023-10-01,2025-11-09 06:51:02.752980,data/lms_loan_daily.csv,2023-10-01
CUS_0x560e_2023_02_01,CUS_0x560e,1/2/2023,10,8,10000,1000,1000,0,2000,1/10/2023,2023-10-01,2025-11-09 06:51:02.752980,data/lms_loan_daily.csv,2023-10-01
CUS_0x5625_2023_10_01,CUS_0x5625,1/10/2023,10,0,10000,0,0,0,10000,1/10/2023,2023-10-01,2025-11-09 06:51:02.752980,data/lms_loan_daily.csv,2023-10-01
CUS_0x5628_2023_08_01,CUS_0x5628,1/8/2023,10,2,10000,1000,1000,0,8000,1/10/2023,2023-10-01,2025-11-09 06:51:02.752980,data/lms_loan_daily.csv,2023-10-01
CUS_0x562a_2023_03_01,CUS_0x562a,1/3/2023,10,7,10000,1000,0,6000,9000,1/10/2023,2023-10-01,2025-11-09 06:51:02.752980,data/lms_loan_daily.csv,2023-10-01
CUS_0x562b_2023_10_01,CUS_0x562b,1/10/2023,10,0,10000,0,0,0,10000,1/10/2023,2023-10-01,2025-11-09 06:51:02.752980,data/lms_loan_daily.csv,2023-10-01
CUS_0x5632_2023_09_01,CUS_0x5632,1/9/2023,10,1,10000,1000,1000,0,9000,1/10/2023,2023-10-01,2025-11-09 06:51:02.752980,data/lms_loan_daily.csv,2023-10-01
CUS_0x5634_2023_05_01,CUS_0x5634,1/5/2023,10,5,10000,1000,1000,0,5000,1/10/2023,2023-10-01,2025-11-09 06:51:02.752980,data/lms_loan_daily.csv,2023-10-01
CUS_0x5637_2023_08_01,CUS_0x5637,1/8/2023,10,2,10000,1000,1000,0,8000,1/10/2023,2023-10-01,2025-11-09 06:51:02.752980,data/lms_loan_daily.csv,2023-10-01
CUS_0x563c_2023_03_01,CUS_0x563c,1/3/2023,10,7,10000,1000,1000,0,3000,1/10/2023,2023-10-01,2025-11-09 06:51:02.752980,data/lms_loan_daily.csv,2023-10-01
CUS_0x5647_2023_09_01,CUS_0x5647,1/9/2023,10,1,10000,1000,1000,0,9000,1/10/2023,2023-10-01,2025-11-09 06:51:02.752980,data/lms_loan_daily.csv,2023-10-01
CUS_0x5648_2023_05_01,CUS_0x5648,1/5/2023,10,5,10000,1000,1000,0,5000,1/10/2023,2023-10-01,2025-11-09 06:51:02.752980,data/lms_loan_daily.csv,2023-10-01
CUS_0x564e_2023_07_01,CUS_0x564e,1/7/2023,10,3,10000,1000,2000,0,7000,1/10/2023,2023-10-01,2025-11-09 06:51:02.752980,data/lms_loan_daily.csv,2023-10-01
CUS_0x5654_2023_03_01,CUS_0x5654,1/3/2023,10,7,10000,1000,0,4000,7000,1/10/2023,2023-10-01,2025-11-09 06:51:02.752980,data/lms_loan_daily.csv,2023-10-01
CUS_0x565d_2023_01_01,CUS_0x565d,1/1/2023,10,9,10000,1000,1000,0,1000,1/10/2023,2023-10-01,2025-11-09 06:51:02.752980,data/lms_loan_daily.csv,2023-10-01
CUS_0x5665_2023_10_01,CUS_0x5665,1/10/2023,10,0,10000,0,0,0,10000,1/10/2023,2023-10-01,2025-11-09 06:51:02.752980,data/lms_loan_daily.csv,2023-10-01
CUS_0x567b_2023_06_01,CUS_0x567b,1/6/2023,10,4,10000,1000,1000,0,6000,1/10/2023,2023-10-01,2025-11-09 06:51:02.752980,data/lms_loan_daily.csv,2023-10-01
CUS_0x568f_2023_08_01,CUS_0x568f,1/8/2023,10,2,10000,1000,1000,0,8000,1/10/2023,2023-10-01,2025-11-09 06:51:02.752980,data/lms_loan_daily.csv,2023-10-01
CUS_0x5698_2023_03_01,CUS_0x5698,1/3/2023,10,7,10000,1000,0,5000,8000,1/10/2023,2023-10-01,2025-11-09 06:51:02.752980,data/lms_loan_daily.csv,2023-10-01
CUS_0x569b_2023_05_01,CUS_0x569b,1/5/2023,10,5,10000,1000,1000,0,5000,1/10/2023,2023-10-01,2025-11-09 06:51:02.752980,data/lms_loan_daily.csv,2023-10-01
CUS_0x56ab_2023_02_01,CUS_0x56ab,1/2/2023,10,8,10000,1000,1000,0,2000,1/10/2023,2023-10-01,2025-11-09 06:51:02.752980,data/lms_loan_daily.csv,2023-10-01
CUS_0x56ad_2023_10_01,CUS_0x56ad,1/10/2023,10,0,10000,0,0,0,10000,1/10/2023,2023-10-01,2025-11-09 06:51:02.752980,data/lms_loan_daily.csv,2023-10-01
CUS_0x56b4_2023_09_01,CUS_0x56b4,1/9/2023,10,1,10000,1000,1000,0,9000,1/10/2023,2023-10-01,2025-11-09 06:51:02.752980,data/lms_loan_daily.csv,2023-10-01
CUS_0x56b9_2023_08_01,CUS_0x56b9,1/8/2023,10,2,10000,1000,1000,0,8000,1/10/2023,2023-10-01,2025-11-09 06:51:02.752980,data/lms_loan_daily.csv,2023-10-01
CUS_0x56bd_2023_09_01,CUS_0x56bd,1/9/2023,10,1,10000,1000,1000,0,9000,1/10/2023,2023-10-01,2025-11-09 06:51:02.752980,data/lms_loan_daily.csv,2023-10-01
CUS_0x56c_2023_04_01,CUS_0x56c,1/4/2023,10,6,10000,1000,1000,0,4000,1/10/2023,2023-10-01,2025-11-09 06:51:02.752980,data/lms_loan_daily.csv,2023-10-01
CUS_0x56c5_2023_07_01,CUS_0x56c5,1/7/2023,10,3,10000,1000,1000,0,7000,1/10/2023,2023-10-01,2025-11-09 06:51:02.752980,data/lms_loan_daily.csv,2023-10-01
CUS_0x56c8_2023_07_01,CUS_0x56c8,1/7/2023,10,3,10000,1000,1000,0,7000,1/10/2023,2023-10-01,2025-11-09 06:51:02.752980,data/lms_loan_daily.csv,2023-10-01
CUS_0x56d1_2023_09_01,CUS_0x56d1,1/9/2023,10,1,10000,1000,1000,0,9000,1/10/2023,2023-10-01,2025-11-09 06:51:02.752980,data/lms_loan_daily.csv,2023-10-01
CUS_0x56d3_2023_09_01,CUS_0x56d3,1/9/2023,10,1,10000,1000,1000,0,9000,1/10/2023,2023-10-01,2025-11-09 06:51:02.752980,data/lms_loan_daily.csv,2023-10-01
CUS_0x56f1_2023_01_01,CUS_0x56f1,1/1/2023,10,9,10000,1000,0,8000,9000,1/10/2023,2023-10-01,2025-11-09 06:51:02.752980,data/lms_loan_daily.csv,2023-10-01
CUS_0x56f6_2023_03_01,CUS_0x56f6,1/3/2023,10,7,10000,1000,1000,0,3000,1/10/2023,2023-10-01,2025-11-09 06:51:02.752980,data/lms_loan_daily.csv,2023-10-01
CUS_0x56f9_2023_08_01,CUS_0x56f9,1/8/2023,10,2,10000,1000,1000,0,8000,1/10/2023,2023-10-01,2025-11-09 06:51:02.752980,data/lms_loan_daily.csv,2023-10-01
CUS_0x5704_2023_09_01,CUS_0x5704,1/9/2023,10,1,10000,1000,1000,0,9000,1/10/2023,2023-10-01,2025-11-09 06:51:02.752980,data/lms_loan_daily.csv,2023-10-01
CUS_0x5707_2023_06_01,CUS_0x5707,1/6/2023,10,4,10000,1000,1000,0,6000,1/10/2023,2023-10-01,2025-11-09 06:51:02.752980,data/lms_loan_daily.csv,2023-10-01
CUS_0x5709_2023_10_01,CUS_0x5709,1/10/2023,10,0,10000,0,0,0,10000,1/10/2023,2023-10-01,2025-11-09 06:51:02.752980,data/lms_loan_daily.csv,2023-10-01
CUS_0x570b_2023_08_01,CUS_0x570b,1/8/2023,10,2,10000,1000,1000,0,8000,1/10/2023,2023-10-01,2025-11-09 06:51:02.752980,data/lms_loan_daily.csv,2023-10-01
CUS_0x5711_2023_05_01,CUS_0x5711,1/5/2023,10,5,10000,1000,1000,0,5000,1/10/2023,2023-10-01,2025-11-09 06:51:02.752980,data/lms_loan_daily.csv,2023-10-01
CUS_0x572_2023_09_01,CUS_0x572,1/9/2023,10,1,10000,1000,1000,0,9000,1/10/2023,2023-10-01,2025-11-09 06:51:02.752980,data/lms_loan_daily.csv,2023-10-01
CUS_0x5734_2023_07_01,CUS_0x5734,1/7/2023,10,3,10000,1000,1000,0,7000,1/10/2023,2023-10-01,2025-11-09 06:51:02.752980,data/lms_loan_daily.csv,2023-10-01
CUS_0x5746_2023_08_01,CUS_0x5746,1/8/2023,10,2,10000,1000,1000,0,8000,1/10/2023,2023-10-01,2025-11-09 06:51:02.752980,data/lms_loan_daily.csv,2023-10-01
CUS_0x5753_2023_05_01,CUS_0x5753,1/5/2023,10,5,10000,1000,1000,0,5000,1/10/2023,2023-10-01,2025-11-09 06:51:02.752980,data/lms_loan_daily.csv,2023-10-01
CUS_0x575e_2023_05_01,CUS_0x575e,1/5/2023,10,5,10000,1000,1000,0,5000,1/10/2023,2023-10-01,2025-11-09 06:51:02.752980,data/lms_loan_daily.csv,2023-10-01
CUS_0x576d_2023_09_01,CUS_0x576d,1/9/2023,10,1,10000,1000,1000,0,9000,1/10/2023,2023-10-01,2025-11-09 06:51:02.752980,data/lms_loan_daily.csv,2023-10-01
CUS_0x5793_2023_10_01,CUS_0x5793,1/10/2023,10,0,10000,0,0,0,10000,1/10/2023,2023-10-01,2025-11-09 06:51:02.752980,data/lms_loan_daily.csv,2023-10-01
CUS_0x5794_2023_08_01,CUS_0x5794,1/8/2023,10,2,10000,1000,1000,0,8000,1/10/2023,2023-10-01,2025-11-09 06:51:02.752980,data/lms_loan_daily.csv,2023-10-01
CUS_0x57a_2023_07_01,CUS_0x57a,1/7/2023,10,3,10000,1000,1000,0,7000,1/10/2023,2023-10-01,2025-11-09 06:51:02.752980,data/lms_loan_daily.csv,2023-10-01
CUS_0x57b2_2023_03_01,CUS_0x57b2,1/3/2023,10,7,10000,1000,1000,0,3000,1/10/2023,2023-10-01,2025-11-09 06:51:02.752980,data/lms_loan_daily.csv,2023-10-01
CUS_0x57c2_2023_04_01,CUS_0x57c2,1/4/2023,10,6,10000,1000,1000,0,4000,1/10/2023,2023-10-01,2025-11-09 06:51:02.752980,data/lms_loan_daily.csv,2023-10-01
CUS_0x57c9_2023_05_01,CUS_0x57c9,1/5/2023,10,5,10000,1000,1000,0,5000,1/10/2023,2023-10-01,2025-11-09 06:51:02.752980,data/lms_loan_daily.csv,2023-10-01
CUS_0x57da_2023_04_01,CUS_0x57da,1/4/2023,10,6,10000,1000,0,4000,8000,1/10/2023,2023-10-01,2025-11-09 06:51:02.752980,data/lms_loan_daily.csv,2023-10-01
CUS_0x57e7_2023_04_01,CUS_0x57e7,1/4/2023,10,6,10000,1000,0,5000,9000,1/10/2023,2023-10-01,2025-11-09 06:51:02.752980,data/lms_loan_daily.csv,2023-10-01
CUS_0x57e8_2023_05_01,CUS_0x57e8,1/5/2023,10,5,10000,1000,0,2000,7000,1/10/2023,2023-10-01,2025-11-09 06:51:02.752980,data/lms_loan_daily.csv,2023-10-01
CUS_0x57ea_2023_04_01,CUS_0x57ea,1/4/2023,10,6,10000,1000,1000,0,4000,1/10/2023,2023-10-01,2025-11-09 06:51:02.752980,data/lms_loan_daily.csv,2023-10-01
CUS_0x57f0_2023_05_01,CUS_0x57f0,1/5/2023,10,5,10000,1000,1000,0,5000,1/10/2023,2023-10-01,2025-11-09 06:51:02.752980,data/lms_loan_daily.csv,2023-10-01
CUS_0x57f2_2023_08_01,CUS_0x57f2,1/8/2023,10,2,10000,1000,1000,0,8000,1/10/2023,2023-10-01,2025-11-09 06:51:02.752980,data/lms_loan_daily.csv,2023-10-01
CUS_0x57f3_2023_08_01,CUS_0x57f3,1/8/2023,10,2,10000,1000,1000,0,8000,1/10/2023,2023-10-01,2025-11-09 06:51:02.752980,data/lms_loan_daily.csv,2023-10-01
CUS_0x57f5_2023_08_01,CUS_0x57f5,1/8/2023,10,2,10000,1000,1000,0,8000,1/10/2023,2023-10-01,2025-11-09 06:51:02.752980,data/lms_loan_daily.csv,2023-10-01
CUS_0x5803_2023_05_01,CUS_0x5803,1/5/2023,10,5,10000,1000,1000,0,5000,1/10/2023,2023-10-01,2025-11-09 06:51:02.752980,data/lms_loan_daily.csv,2023-10-01
CUS_0x5810_2023_03_01,CUS_0x5810,1/3/2023,10,7,10000,1000,1000,0,3000,1/10/2023,2023-10-01,2025-11-09 06:51:02.752980,data/lms_loan_daily.csv,2023-10-01
CUS_0x5813_2023_05_01,CUS_0x5813,1/5/2023,10,5,10000,1000,1000,0,5000,1/10/2023,2023-10-01,2025-11-09 06:51:02.752980,data/lms_loan_daily.csv,2023-10-01
CUS_0x5815_2023_10_01,CUS_0x5815,1/10/2023,10,0,10000,0,0,0,10000,1/10/2023,2023-10-01,2025-11-09 06:51:02.752980,data/lms_loan_daily.csv,2023-10-01
CUS_0x5817_2023_08_01,CUS_0x5817,1/8/2023,10,2,10000,1000,2000,0,8000,1/10/2023,2023-10-01,2025-11-09 06:51:02.752980,data/lms_loan_daily.csv,2023-10-01
CUS_0x5826_2023_04_01,CUS_0x5826,1/4/2023,10,6,10000,1000,1000,0,4000,1/10/2023,2023-10-01,2025-11-09 06:51:02.752980,data/lms_loan_daily.csv,2023-10-01
CUS_0x582f_2023_07_01,CUS_0x582f,1/7/2023,10,3,10000,1000,1000,0,7000,1/10/2023,2023-10-01,2025-11-09 06:51:02.752980,data/lms_loan_daily.csv,2023-10-01
CUS_0x5848_2023_07_01,CUS_0x5848,1/7/2023,10,3,10000,1000,1000,0,7000,1/10/2023,2023-10-01,2025-11-09 06:51:02.752980,data/lms_loan_daily.csv,2023-10-01
CUS_0x5849_2023_01_01,CUS_0x5849,1/1/2023,10,9,10000,1000,0,5000,6000,1/10/2023,2023-10-01,2025-11-09 06:51:02.752980,data/lms_loan_daily.csv,2023-10-01
CUS_0x584b_2023_07_01,CUS_0x584b,1/7/2023,10,3,10000,1000,1000,0,7000,1/10/2023,2023-10-01,2025-11-09 06:51:02.752980,data/lms_loan_daily.csv,2023-10-01
CUS_0x5856_2023_04_01,CUS_0x5856,1/4/2023,10,6,10000,1000,0,4000,8000,1/10/2023,2023-10-01,2025-11-09 06:51:02.752980,data/lms_loan_daily.csv,2023-10-01
CUS_0x5857_2023_10_01,CUS_0x5857,1/10/2023,10,0,10000,0,0,0,10000,1/10/2023,2023-10-01,2025-11-09 06:51:02.752980,data/lms_loan_daily.csv,2023-10-01
CUS_0x5876_2023_03_01,CUS_0x5876,1/3/2023,10,7,10000,1000,1000,0,3000,1/10/2023,2023-10-01,2025-11-09 06:51:02.752980,data/lms_loan_daily.csv,2023-10-01
CUS_0x5877_2023_01_01,CUS_0x5877,1/1/2023,10,9,10000,1000,1000,0,1000,1/10/2023,2023-10-01,2025-11-09 06:51:02.752980,data/lms_loan_daily.csv,2023-10-01
CUS_0x589a_2023_09_01,CUS_0x589a,1/9/2023,10,1,10000,1000,1000,0,9000,1/10/2023,2023-10-01,2025-11-09 06:51:02.752980,data/lms_loan_daily.csv,2023-10-01
CUS_0x58ba_2023_05_01,CUS_0x58ba,1/5/2023,10,5,10000,1000,1000,0,5000,1/10/2023,2023-10-01,2025-11-09 06:51:02.752980,data/lms_loan_daily.csv,2023-10-01
CUS_0x58bf_2023_01_01,CUS_0x58bf,1/1/2023,10,9,10000,1000,1000,0,1000,1/10/2023,2023-10-01,2025-11-09 06:51:02.752980,data/lms_loan_daily.csv,2023-10-01
CUS_0x58d0_2023_04_01,CUS_0x58d0,1/4/2023,10,6,10000,1000,1000,0,4000,1/10/2023,2023-10-01,2025-11-09 06:51:02.752980,data/lms_loan_daily.csv,2023-10-01
CUS_0x58e5_2023_03_01,CUS_0x58e5,1/3/2023,10,7,10000,1000,1000,0,3000,1/10/2023,2023-10-01,2025-11-09 06:51:02.752980,data/lms_loan_daily.csv,2023-10-01
CUS_0x58ea_2023_09_01,CUS_0x58ea,1/9/2023,10,1,10000,1000,1000,0,9000,1/10/2023,2023-10-01,2025-11-09 06:51:02.752980,data/lms_loan_daily.csv,2023-10-01
CUS_0x58f_2023_10_01,CUS_0x58f,1/10/2023,10,0,10000,0,0,0,10000,1/10/2023,2023-10-01,2025-11-09 06:51:02.752980,data/lms_loan_daily.csv,2023-10-01
CUS_0x58f7_2023_05_01,CUS_0x58f7,1/5/2023,10,5,10000,1000,1000,0,5000,1/10/2023,2023-10-01,2025-11-09 06:51:02.752980,data/lms_loan_daily.csv,2023-10-01
CUS_0x5915_2023_10_01,CUS_0x5915,1/10/2023,10,0,10000,0,0,0,10000,1/10/2023,2023-10-01,2025-11-09 06:51:02.752980,data/lms_loan_daily.csv,2023-10-01
CUS_0x5929_2023_06_01,CUS_0x5929,1/6/2023,10,4,10000,1000,1000,0,6000,1/10/2023,2023-10-01,2025-11-09 06:51:02.752980,data/lms_loan_daily.csv,2023-10-01
CUS_0x593c_2023_05_01,CUS_0x593c,1/5/2023,10,5,10000,1000,1000,0,5000,1/10/2023,2023-10-01,2025-11-09 06:51:02.752980,data/lms_loan_daily.csv,2023-10-01
CUS_0x594e_2023_05_01,CUS_0x594e,1/5/2023,10,5,10000,1000,0,2000,7000,1/10/2023,2023-10-01,2025-11-09 06:51:02.752980,data/lms_loan_daily.csv,2023-10-01
CUS_0x5952_2023_09_01,CUS_0x5952,1/9/2023,10,1,10000,1000,0,1000,10000,1/10/2023,2023-10-01,2025-11-09 06:51:02.752980,data/lms_loan_daily.csv,2023-10-01
CUS_0x5959_2023_08_01,CUS_0x5959,1/8/2023,10,2,10000,1000,0,2000,10000,1/10/2023,2023-10-01,2025-11-09 06:51:02.752980,data/lms_loan_daily.csv,2023-10-01
CUS_0x596a_2023_10_01,CUS_0x596a,1/10/2023,10,0,10000,0,0,0,10000,1/10/2023,2023-10-01,2025-11-09 06:51:02.752980,data/lms_loan_daily.csv,2023-10-01
CUS_0x5975_2023_02_01,CUS_0x5975,1/2/2023,10,8,10000,1000,1000,0,2000,1/10/2023,2023-10-01,2025-11-09 06:51:02.752980,data/lms_loan_daily.csv,2023-10-01
CUS_0x598f_2023_06_01,CUS_0x598f,1/6/2023,10,4,10000,1000,1000,0,6000,1/10/2023,2023-10-01,2025-11-09 06:51:02.752980,data/lms_loan_daily.csv,2023-10-01
CUS_0x5998_2023_05_01,CUS_0x5998,1/5/2023,10,5,10000,1000,1000,0,5000,1/10/2023,2023-10-01,2025-11-09 06:51:02.752980,data/lms_loan_daily.csv,2023-10-01
CUS_0x5999_2023_01_01,CUS_0x5999,1/1/2023,10,9,10000,1000,1000,0,1000,1/10/2023,2023-10-01,2025-11-09 06:51:02.752980,data/lms_loan_daily.csv,2023-10-01
CUS_0x599e_2023_09_01,CUS_0x599e,1/9/2023,10,1,10000,1000,1000,0,9000,1/10/2023,2023-10-01,2025-11-09 06:51:02.752980,data/lms_loan_daily.csv,2023-10-01
CUS_0x59a1_2023_06_01,CUS_0x59a1,1/6/2023,10,4,10000,1000,0,3000,9000,1/10/2023,2023-10-01,2025-11-09 06:51:02.752980,data/lms_loan_daily.csv,2023-10-01
CUS_0x59a2_2023_06_01,CUS_0x59a2,1/6/2023,10,4,10000,1000,1000,0,6000,1/10/2023,2023-10-01,2025-11-09 06:51:02.752980,data/lms_loan_daily.csv,2023-10-01
CUS_0x59b5_2023_04_01,CUS_0x59b5,1/4/2023,10,6,10000,1000,0,6000,10000,1/10/2023,2023-10-01,2025-11-09 06:51:02.752980,data/lms_loan_daily.csv,2023-10-01
CUS_0x59cf_2023_08_01,CUS_0x59cf,1/8/2023,10,2,10000,1000,1000,0,8000,1/10/2023,2023-10-01,2025-11-09 06:51:02.752980,data/lms_loan_daily.csv,2023-10-01
CUS_0x59d0_2023_01_01,CUS_0x59d0,1/1/2023,10,9,10000,1000,1000,0,1000,1/10/2023,2023-10-01,2025-11-09 06:51:02.752980,data/lms_loan_daily.csv,2023-10-01
CUS_0x59d8_2023_07_01,CUS_0x59d8,1/7/2023,10,3,10000,1000,0,1000,8000,1/10/2023,2023-10-01,2025-11-09 06:51:02.752980,data/lms_loan_daily.csv,2023-10-01
CUS_0x59e6_2023_04_01,CUS_0x59e6,1/4/2023,10,6,10000,1000,1000,0,4000,1/10/2023,2023-10-01,2025-11-09 06:51:02.752980,data/lms_loan_daily.csv,2023-10-01
CUS_0x59eb_2023_02_01,CUS_0x59eb,1/2/2023,10,8,10000,1000,0,5000,7000,1/10/2023,2023-10-01,2025-11-09 06:51:02.752980,data/lms_loan_daily.csv,2023-10-01
CUS_0x59f1_2023_03_01,CUS_0x59f1,1/3/2023,10,7,10000,1000,1000,0,3000,1/10/2023,2023-10-01,2025-11-09 06:51:02.752980,data/lms_loan_daily.csv,2023-10-01
CUS_0x59f5_2023_04_01,CUS_0x59f5,1/4/2023,10,6,10000,1000,1000,0,4000,1/10/2023,2023-10-01,2025-11-09 06:51:02.752980,data/lms_loan_daily.csv,2023-10-01
CUS_0x5a1b_2023_10_01,CUS_0x5a1b,1/10/2023,10,0,10000,0,0,0,10000,1/10/2023,2023-10-01,2025-11-09 06:51:02.752980,data/lms_loan_daily.csv,2023-10-01
CUS_0x5a2f_2023_05_01,CUS_0x5a2f,1/5/2023,10,5,10000,1000,1000,0,5000,1/10/2023,2023-10-01,2025-11-09 06:51:02.752980,data/lms_loan_daily.csv,2023-10-01
CUS_0x5a3d_2023_01_01,CUS_0x5a3d,1/1/2023,10,9,10000,1000,0,5000,6000,1/10/2023,2023-10-01,2025-11-09 06:51:02.752980,data/lms_loan_daily.csv,2023-10-01
CUS_0x5a3f_2023_08_01,CUS_0x5a3f,1/8/2023,10,2,10000,1000,1000,0,8000,1/10/2023,2023-10-01,2025-11-09 06:51:02.752980,data/lms_loan_daily.csv,2023-10-01
CUS_0x5a4d_2023_02_01,CUS_0x5a4d,1/2/2023,10,8,10000,1000,1000,0,2000,1/10/2023,2023-10-01,2025-11-09 06:51:02.752980,data/lms_loan_daily.csv,2023-10-01
CUS_0x5a4f_2023_05_01,CUS_0x5a4f,1/5/2023,10,5,10000,1000,0,1000,6000,1/10/2023,2023-10-01,2025-11-09 06:51:02.752980,data/lms_loan_daily.csv,2023-10-01
CUS_0x5a77_2023_06_01,CUS_0x5a77,1/6/2023,10,4,10000,1000,2000,0,6000,1/10/2023,2023-10-01,2025-11-09 06:51:02.752980,data/lms_loan_daily.csv,2023-10-01
CUS_0x5a7d_2023_02_01,CUS_0x5a7d,1/2/2023,10,8,10000,1000,1000,0,2000,1/10/2023,2023-10-01,2025-11-09 06:51:02.752980,data/lms_loan_daily.csv,2023-10-01
CUS_0x5a82_2023_07_01,CUS_0x5a82,1/7/2023,10,3,10000,1000,1000,0,7000,1/10/2023,2023-10-01,2025-11-09 06:51:02.752980,data/lms_loan_daily.csv,2023-10-01
CUS_0x5a9e_2023_08_01,CUS_0x5a9e,1/8/2023,10,2,10000,1000,1000,0,8000,1/10/2023,2023-10-01,2025-11-09 06:51:02.752980,data/lms_loan_daily.csv,2023-10-01
CUS_0x5aaa_2023_07_01,CUS_0x5aaa,1/7/2023,10,3,10000,1000,1000,0,7000,1/10/2023,2023-10-01,2025-11-09 06:51:02.752980,data/lms_loan_daily.csv,2023-10-01
CUS_0x5ab7_2023_10_01,CUS_0x5ab7,1/10/2023,10,0,10000,0,0,0,10000,1/10/2023,2023-10-01,2025-11-09 06:51:02.752980,data/lms_loan_daily.csv,2023-10-01
CUS_0x5abc_2023_05_01,CUS_0x5abc,1/5/2023,10,5,10000,1000,1000,0,5000,1/10/2023,2023-10-01,2025-11-09 06:51:02.752980,data/lms_loan_daily.csv,2023-10-01
CUS_0x5ac7_2023_04_01,CUS_0x5ac7,1/4/2023,10,6,10000,1000,1000,0,4000,1/10/2023,2023-10-01,2025-11-09 06:51:02.752980,data/lms_loan_daily.csv,2023-10-01
CUS_0x5adc_2023_05_01,CUS_0x5adc,1/5/2023,10,5,10000,1000,1000,0,5000,1/10/2023,2023-10-01,2025-11-09 06:51:02.752980,data/lms_loan_daily.csv,2023-10-01
CUS_0x5ae1_2023_06_01,CUS_0x5ae1,1/6/2023,10,4,10000,1000,0,1000,7000,1/10/2023,2023-10-01,2025-11-09 06:51:02.752980,data/lms_loan_daily.csv,2023-10-01
CUS_0x5ae3_2023_09_01,CUS_0x5ae3,1/9/2023,10,1,10000,1000,1000,0,9000,1/10/2023,2023-10-01,2025-11-09 06:51:02.752980,data/lms_loan_daily.csv,2023-10-01
CUS_0x5ae6_2023_01_01,CUS_0x5ae6,1/1/2023,10,9,10000,1000,1000,0,1000,1/10/2023,2023-10-01,2025-11-09 06:51:02.752980,data/lms_loan_daily.csv,2023-10-01
CUS_0x5aeb_2023_05_01,CUS_0x5aeb,1/5/2023,10,5,10000,1000,0,2000,7000,1/10/2023,2023-10-01,2025-11-09 06:51:02.752980,data/lms_loan_daily.csv,2023-10-01
CUS_0x5af2_2023_02_01,CUS_0x5af2,1/2/2023,10,8,10000,1000,1000,0,2000,1/10/2023,2023-10-01,2025-11-09 06:51:02.752980,data/lms_loan_daily.csv,2023-10-01
CUS_0x5af5_2023_09_01,CUS_0x5af5,1/9/2023,10,1,10000,1000,1000,0,9000,1/10/2023,2023-10-01,2025-11-09 06:51:02.752980,data/lms_loan_daily.csv,2023-10-01
CUS_0x5b04_2023_09_01,CUS_0x5b04,1/9/2023,10,1,10000,1000,1000,0,9000,1/10/2023,2023-10-01,2025-11-09 06:51:02.752980,data/lms_loan_daily.csv,2023-10-01
CUS_0x5b05_2023_05_01,CUS_0x5b05,1/5/2023,10,5,10000,1000,0,2000,7000,1/10/2023,2023-10-01,2025-11-09 06:51:02.752980,data/lms_loan_daily.csv,2023-10-01
CUS_0x5b25_2023_09_01,CUS_0x5b25,1/9/2023,10,1,10000,1000,1000,0,9000,1/10/2023,2023-10-01,2025-11-09 06:51:02.752980,data/lms_loan_daily.csv,2023-10-01
CUS_0x5b2a_2023_05_01,CUS_0x5b2a,1/5/2023,10,5,10000,1000,1000,0,5000,1/10/2023,2023-10-01,2025-11-09 06:51:02.752980,data/lms_loan_daily.csv,2023-10-01
CUS_0x5b30_2023_05_01,CUS_0x5b30,1/5/2023,10,5,10000,1000,1000,0,5000,1/10/2023,2023-10-01,2025-11-09 06:51:02.752980,data/lms_loan_daily.csv,2023-10-01
CUS_0x5b41_2023_03_01,CUS_0x5b41,1/3/2023,10,7,10000,1000,1000,0,3000,1/10/2023,2023-10-01,2025-11-09 06:51:02.752980,data/lms_loan_daily.csv,2023-10-01
CUS_0x5b42_2023_05_01,CUS_0x5b42,1/5/2023,10,5,10000,1000,1000,0,5000,1/10/2023,2023-10-01,2025-11-09 06:51:02.752980,data/lms_loan_daily.csv,2023-10-01
CUS_0x5b4e_2023_04_01,CUS_0x5b4e,1/4/2023,10,6,10000,1000,1000,0,4000,1/10/2023,2023-10-01,2025-11-09 06:51:02.752980,data/lms_loan_daily.csv,2023-10-01
CUS_0x5b62_2023_02_01,CUS_0x5b62,1/2/2023,10,8,10000,1000,1000,0,2000,1/10/2023,2023-10-01,2025-11-09 06:51:02.752980,data/lms_loan_daily.csv,2023-10-01
CUS_0x5b6c_2023_04_01,CUS_0x5b6c,1/4/2023,10,6,10000,1000,0,3000,7000,1/10/2023,2023-10-01,2025-11-09 06:51:02.752980,data/lms_loan_daily.csv,2023-10-01
CUS_0x5b70_2023_10_01,CUS_0x5b70,1/10/2023,10,0,10000,0,0,0,10000,1/10/2023,2023-10-01,2025-11-09 06:51:02.752980,data/lms_loan_daily.csv,2023-10-01
CUS_0x5b84_2023_08_01,CUS_0x5b84,1/8/2023,10,2,10000,1000,0,2000,10000,1/10/2023,2023-10-01,2025-11-09 06:51:02.752980,data/lms_loan_daily.csv,2023-10-01
CUS_0x5b92_2023_06_01,CUS_0x5b92,1/6/2023,10,4,10000,1000,1000,0,6000,1/10/2023,2023-10-01,2025-11-09 06:51:02.752980,data/lms_loan_daily.csv,2023-10-01
CUS_0x5ba1_2023_10_01,CUS_0x5ba1,1/10/2023,10,0,10000,0,0,0,10000,1/10/2023,2023-10-01,2025-11-09 06:51:02.752980,data/lms_loan_daily.csv,2023-10-01
CUS_0x5bb8_2023_04_01,CUS_0x5bb8,1/4/2023,10,6,10000,1000,1000,0,4000,1/10/2023,2023-10-01,2025-11-09 06:51:02.752980,data/lms_loan_daily.csv,2023-10-01
CUS_0x5bba_2023_08_01,CUS_0x5bba,1/8/2023,10,2,10000,1000,0,1000,9000,1/10/2023,2023-10-01,2025-11-09 06:51:02.752980,data/lms_loan_daily.csv,2023-10-01
CUS_0x5bbc_2023_04_01,CUS_0x5bbc,1/4/2023,10,6,10000,1000,1000,0,4000,1/10/2023,2023-10-01,2025-11-09 06:51:02.752980,data/lms_loan_daily.csv,2023-10-01
CUS_0x5bce_2023_01_01,CUS_0x5bce,1/1/2023,10,9,10000,1000,1000,0,1000,1/10/2023,2023-10-01,2025-11-09 06:51:02.752980,data/lms_loan_daily.csv,2023-10-01
CUS_0x5be9_2023_10_01,CUS_0x5be9,1/10/2023,10,0,10000,0,0,0,10000,1/10/2023,2023-10-01,2025-11-09 06:51:02.752980,data/lms_loan_daily.csv,2023-10-01
CUS_0x5bf_2023_03_01,CUS_0x5bf,1/3/2023,10,7,10000,1000,0,5000,8000,1/10/2023,2023-10-01,2025-11-09 06:51:02.752980,data/lms_loan_daily.csv,2023-10-01
CUS_0x5c07_2023_08_01,CUS_0x5c07,1/8/2023,10,2,10000,1000,1000,0,8000,1/10/2023,2023-10-01,2025-11-09 06:51:02.752980,data/lms_loan_daily.csv,2023-10-01
CUS_0x5c1c_2023_03_01,CUS_0x5c1c,1/3/2023,10,7,10000,1000,0,3000,6000,1/10/2023,2023-10-01,2025-11-09 06:51:02.752980,data/lms_loan_daily.csv,2023-10-01
CUS_0x5c1f_2023_10_01,CUS_0x5c1f,1/10/2023,10,0,10000,0,0,0,10000,1/10/2023,2023-10-01,2025-11-09 06:51:02.752980,data/lms_loan_daily.csv,2023-10-01
CUS_0x5c2_2023_06_01,CUS_0x5c2,1/6/2023,10,4,10000,1000,1000,0,6000,1/10/2023,2023-10-01,2025-11-09 06:51:02.752980,data/lms_loan_daily.csv,2023-10-01
CUS_0x5c3c_2023_06_01,CUS_0x5c3c,1/6/2023,10,4,10000,1000,1000,0,6000,1/10/2023,2023-10-01,2025-11-09 06:51:02.752980,data/lms_loan_daily.csv,2023-10-01
CUS_0x5c3f_2023_06_01,CUS_0x5c3f,1/6/2023,10,4,10000,1000,1000,0,6000,1/10/2023,2023-10-01,2025-11-09 06:51:02.752980,data/lms_loan_daily.csv,2023-10-01
CUS_0x5c53_2023_05_01,CUS_0x5c53,1/5/2023,10,5,10000,1000,0,3000,8000,1/10/2023,2023-10-01,2025-11-09 06:51:02.752980,data/lms_loan_daily.csv,2023-10-01
CUS_0x5c60_2023_03_01,CUS_0x5c60,1/3/2023,10,7,10000,1000,1000,0,3000,1/10/2023,2023-10-01,2025-11-09 06:51:02.752980,data/lms_loan_daily.csv,2023-10-01
CUS_0x5c66_2023_07_01,CUS_0x5c66,1/7/2023,10,3,10000,1000,1000,0,7000,1/10/2023,2023-10-01,2025-11-09 06:51:02.752980,data/lms_loan_daily.csv,2023-10-01
CUS_0x5c6d_2023_02_01,CUS_0x5c6d,1/2/2023,10,8,10000,1000,1000,0,2000,1/10/2023,2023-10-01,2025-11-09 06:51:02.752980,data/lms_loan_daily.csv,2023-10-01
CUS_0x5c7a_2023_06_01,CUS_0x5c7a,1/6/2023,10,4,10000,1000,0,3000,9000,1/10/2023,2023-10-01,2025-11-09 06:51:02.752980,data/lms_loan_daily.csv,2023-10-01
CUS_0x5c7f_2023_07_01,CUS_0x5c7f,1/7/2023,10,3,10000,1000,1000,0,7000,1/10/2023,2023-10-01,2025-11-09 06:51:02.752980,data/lms_loan_daily.csv,2023-10-01
CUS_0x5c8d_2023_05_01,CUS_0x5c8d,1/5/2023,10,5,10000,1000,1000,0,5000,1/10/2023,2023-10-01,2025-11-09 06:51:02.752980,data/lms_loan_daily.csv,2023-10-01
CUS_0x5c94_2023_10_01,CUS_0x5c94,1/10/2023,10,0,10000,0,0,0,10000,1/10/2023,2023-10-01,2025-11-09 06:51:02.752980,data/lms_loan_daily.csv,2023-10-01
CUS_0x5c9f_2023_01_01,CUS_0x5c9f,1/1/2023,10,9,10000,1000,0,7000,8000,1/10/2023,2023-10-01,2025-11-09 06:51:02.752980,data/lms_loan_daily.csv,2023-10-01
CUS_0x5ca1_2023_06_01,CUS_0x5ca1,1/6/2023,10,4,10000,1000,1000,0,6000,1/10/2023,2023-10-01,2025-11-09 06:51:02.752980,data/lms_loan_daily.csv,2023-10-01
CUS_0x5cac_2023_08_01,CUS_0x5cac,1/8/2023,10,2,10000,1000,1000,0,8000,1/10/2023,2023-10-01,2025-11-09 06:51:02.752980,data/lms_loan_daily.csv,2023-10-01
CUS_0x5cb5_2023_03_01,CUS_0x5cb5,1/3/2023,10,7,10000,1000,1000,0,3000,1/10/2023,2023-10-01,2025-11-09 06:51:02.752980,data/lms_loan_daily.csv,2023-10-01
CUS_0x5cb9_2023_02_01,CUS_0x5cb9,1/2/2023,10,8,10000,1000,1000,0,2000,1/10/2023,2023-10-01,2025-11-09 06:51:02.752980,data/lms_loan_daily.csv,2023-10-01
CUS_0x5cbb_2023_10_01,CUS_0x5cbb,1/10/2023,10,0,10000,0,0,0,10000,1/10/2023,2023-10-01,2025-11-09 06:51:02.752980,data/lms_loan_daily.csv,2023-10-01
CUS_0x5cc0_2023_06_01,CUS_0x5cc0,1/6/2023,10,4,10000,1000,0,2000,8000,1/10/2023,2023-10-01,2025-11-09 06:51:02.752980,data/lms_loan_daily.csv,2023-10-01
CUS_0x5cc4_2023_04_01,CUS_0x5cc4,1/4/2023,10,6,10000,1000,1000,0,4000,1/10/2023,2023-10-01,2025-11-09 06:51:02.752980,data/lms_loan_daily.csv,2023-10-01
CUS_0x5cc5_2023_07_01,CUS_0x5cc5,1/7/2023,10,3,10000,1000,1000,0,7000,1/10/2023,2023-10-01,2025-11-09 06:51:02.752980,data/lms_loan_daily.csv,2023-10-01
CUS_0x5cc6_2023_02_01,CUS_0x5cc6,1/2/2023,10,8,10000,1000,1000,0,2000,1/10/2023,2023-10-01,2025-11-09 06:51:02.752980,data/lms_loan_daily.csv,2023-10-01
CUS_0x5cc8_2023_02_01,CUS_0x5cc8,1/2/2023,10,8,10000,1000,1000,0,2000,1/10/2023,2023-10-01,2025-11-09 06:51:02.752980,data/lms_loan_daily.csv,2023-10-01
CUS_0x5cd7_2023_05_01,CUS_0x5cd7,1/5/2023,10,5,10000,1000,1000,0,5000,1/10/2023,2023-10-01,2025-11-09 06:51:02.752980,data/lms_loan_daily.csv,2023-10-01
CUS_0x5cdb_2023_06_01,CUS_0x5cdb,1/6/2023,10,4,10000,1000,1000,0,6000,1/10/2023,2023-10-01,2025-11-09 06:51:02.752980,data/lms_loan_daily.csv,2023-10-01
CUS_0x5cf1_2023_04_01,CUS_0x5cf1,1/4/2023,10,6,10000,1000,1000,0,4000,1/10/2023,2023-10-01,2025-11-09 06:51:02.752980,data/lms_loan_daily.csv,2023-10-01
CUS_0x5cfd_2023_09_01,CUS_0x5cfd,1/9/2023,10,1,10000,1000,1000,0,9000,1/10/2023,2023-10-01,2025-11-09 06:51:02.752980,data/lms_loan_daily.csv,2023-10-01
CUS_0x5d01_2023_04_01,CUS_0x5d01,1/4/2023,10,6,10000,1000,1000,0,4000,1/10/2023,2023-10-01,2025-11-09 06:51:02.752980,data/lms_loan_daily.csv,2023-10-01
CUS_0x5d05_2023_03_01,CUS_0x5d05,1/3/2023,10,7,10000,1000,1000,0,3000,1/10/2023,2023-10-01,2025-11-09 06:51:02.752980,data/lms_loan_daily.csv,2023-10-01
CUS_0x5d0b_2023_06_01,CUS_0x5d0b,1/6/2023,10,4,10000,1000,0,2000,8000,1/10/2023,2023-10-01,2025-11-09 06:51:02.752980,data/lms_loan_daily.csv,2023-10-01
CUS_0x5d0f_2023_03_01,CUS_0x5d0f,1/3/2023,10,7,10000,1000,1000,0,3000,1/10/2023,2023-10-01,2025-11-09 06:51:02.752980,data/lms_loan_daily.csv,2023-10-01
CUS_0x5d24_2023_04_01,CUS_0x5d24,1/4/2023,10,6,10000,1000,1000,0,4000,1/10/2023,2023-10-01,2025-11-09 06:51:02.752980,data/lms_loan_daily.csv,2023-10-01
CUS_0x5d35_2023_04_01,CUS_0x5d35,1/4/2023,10,6,10000,1000,1000,0,4000,1/10/2023,2023-10-01,2025-11-09 06:51:02.752980,data/lms_loan_daily.csv,2023-10-01
CUS_0x5d3f_2023_05_01,CUS_0x5d3f,1/5/2023,10,5,10000,1000,1000,0,5000,1/10/2023,2023-10-01,2025-11-09 06:51:02.752980,data/lms_loan_daily.csv,2023-10-01
CUS_0x5d42_2023_10_01,CUS_0x5d42,1/10/2023,10,0,10000,0,0,0,10000,1/10/2023,2023-10-01,2025-11-09 06:51:02.752980,data/lms_loan_daily.csv,2023-10-01
CUS_0x5d46_2023_10_01,CUS_0x5d46,1/10/2023,10,0,10000,0,0,0,10000,1/10/2023,2023-10-01,2025-11-09 06:51:02.752980,data/lms_loan_daily.csv,2023-10-01
CUS_0x5d4c_2023_02_01,CUS_0x5d4c,1/2/2023,10,8,10000,1000,1000,0,2000,1/10/2023,2023-10-01,2025-11-09 06:51:02.752980,data/lms_loan_daily.csv,2023-10-01
CUS_0x5d50_2023_06_01,CUS_0x5d50,1/6/2023,10,4,10000,1000,1000,0,6000,1/10/2023,2023-10-01,2025-11-09 06:51:02.752980,data/lms_loan_daily.csv,2023-10-01
CUS_0x5d5c_2023_03_01,CUS_0x5d5c,1/3/2023,10,7,10000,1000,0,3000,6000,1/10/2023,2023-10-01,2025-11-09 06:51:02.752980,data/lms_loan_daily.csv,2023-10-01
CUS_0x5d65_2023_05_01,CUS_0x5d65,1/5/2023,10,5,10000,1000,1000,0,5000,1/10/2023,2023-10-01,2025-11-09 06:51:02.752980,data/lms_loan_daily.csv,2023-10-01
CUS_0x5d77_2023_05_01,CUS_0x5d77,1/5/2023,10,5,10000,1000,0,3000,8000,1/10/2023,2023-10-01,2025-11-09 06:51:02.752980,data/lms_loan_daily.csv,2023-10-01
CUS_0x5d7c_2023_02_01,CUS_0x5d7c,1/2/2023,10,8,10000,1000,1000,0,2000,1/10/2023,2023-10-01,2025-11-09 06:51:02.752980,data/lms_loan_daily.csv,2023-10-01
CUS_0x5db7_2023_10_01,CUS_0x5db7,1/10/2023,10,0,10000,0,0,0,10000,1/10/2023,2023-10-01,2025-11-09 06:51:02.752980,data/lms_loan_daily.csv,2023-10-01
CUS_0x5dc2_2023_09_01,CUS_0x5dc2,1/9/2023,10,1,10000,1000,1000,0,9000,1/10/2023,2023-10-01,2025-11-09 06:51:02.752980,data/lms_loan_daily.csv,2023-10-01
CUS_0x5dd0_2023_02_01,CUS_0x5dd0,1/2/2023,10,8,10000,1000,1000,0,2000,1/10/2023,2023-10-01,2025-11-09 06:51:02.752980,data/lms_loan_daily.csv,2023-10-01
CUS_0x5dd6_2023_07_01,CUS_0x5dd6,1/7/2023,10,3,10000,1000,1000,0,7000,1/10/2023,2023-10-01,2025-11-09 06:51:02.752980,data/lms_loan_daily.csv,2023-10-01
CUS_0x5de2_2023_08_01,CUS_0x5de2,1/8/2023,10,2,10000,1000,1000,0,8000,1/10/2023,2023-10-01,2025-11-09 06:51:02.752980,data/lms_loan_daily.csv,2023-10-01
CUS_0x5de6_2023_06_01,CUS_0x5de6,1/6/2023,10,4,10000,1000,1000,0,6000,1/10/2023,2023-10-01,2025-11-09 06:51:02.752980,data/lms_loan_daily.csv,2023-10-01
CUS_0x5df5_2023_08_01,CUS_0x5df5,1/8/2023,10,2,10000,1000,1000,0,8000,1/10/2023,2023-10-01,2025-11-09 06:51:02.752980,data/lms_loan_daily.csv,2023-10-01
CUS_0x5e0e_2023_08_01,CUS_0x5e0e,1/8/2023,10,2,10000,1000,1000,0,8000,1/10/2023,2023-10-01,2025-11-09 06:51:02.752980,data/lms_loan_daily.csv,2023-10-01
CUS_0x5e18_2023_02_01,CUS_0x5e18,1/2/2023,10,8,10000,1000,1000,0,2000,1/10/2023,2023-10-01,2025-11-09 06:51:02.752980,data/lms_loan_daily.csv,2023-10-01
CUS_0x5e19_2023_05_01,CUS_0x5e19,1/5/2023,10,5,10000,1000,1000,0,5000,1/10/2023,2023-10-01,2025-11-09 06:51:02.752980,data/lms_loan_daily.csv,2023-10-01
CUS_0x5e1f_2023_03_01,CUS_0x5e1f,1/3/2023,10,7,10000,1000,1000,0,3000,1/10/2023,2023-10-01,2025-11-09 06:51:02.752980,data/lms_loan_daily.csv,2023-10-01
CUS_0x5e22_2023_05_01,CUS_0x5e22,1/5/2023,10,5,10000,1000,1000,0,5000,1/10/2023,2023-10-01,2025-11-09 06:51:02.752980,data/lms_loan_daily.csv,2023-10-01
CUS_0x5e29_2023_04_01,CUS_0x5e29,1/4/2023,10,6,10000,1000,1000,0,4000,1/10/2023,2023-10-01,2025-11-09 06:51:02.752980,data/lms_loan_daily.csv,2023-10-01
CUS_0x5e2d_2023_07_01,CUS_0x5e2d,1/7/2023,10,3,10000,1000,1000,0,7000,1/10/2023,2023-10-01,2025-11-09 06:51:02.752980,data/lms_loan_daily.csv,2023-10-01
CUS_0x5e3b_2023_10_01,CUS_0x5e3b,1/10/2023,10,0,10000,0,0,0,10000,1/10/2023,2023-10-01,2025-11-09 06:51:02.752980,data/lms_loan_daily.csv,2023-10-01
CUS_0x5e3d_2023_06_01,CUS_0x5e3d,1/6/2023,10,4,10000,1000,1000,0,6000,1/10/2023,2023-10-01,2025-11-09 06:51:02.752980,data/lms_loan_daily.csv,2023-10-01
CUS_0x5e4e_2023_04_01,CUS_0x5e4e,1/4/2023,10,6,10000,1000,1000,0,4000,1/10/2023,2023-10-01,2025-11-09 06:51:02.752980,data/lms_loan_daily.csv,2023-10-01
CUS_0x5e52_2023_04_01,CUS_0x5e52,1/4/2023,10,6,10000,1000,1000,0,4000,1/10/2023,2023-10-01,2025-11-09 06:51:02.752980,data/lms_loan_daily.csv,2023-10-01
CUS_0x5e56_2023_06_01,CUS_0x5e56,1/6/2023,10,4,10000,1000,1000,0,6000,1/10/2023,2023-10-01,2025-11-09 06:51:02.752980,data/lms_loan_daily.csv,2023-10-01
CUS_0x5e70_2023_10_01,CUS_0x5e70,1/10/2023,10,0,10000,0,0,0,10000,1/10/2023,2023-10-01,2025-11-09 06:51:02.752980,data/lms_loan_daily.csv,2023-10-01
CUS_0x5e73_2023_09_01,CUS_0x5e73,1/9/2023,10,1,10000,1000,1000,0,9000,1/10/2023,2023-10-01,2025-11-09 06:51:02.752980,data/lms_loan_daily.csv,2023-10-01
CUS_0x5e78_2023_08_01,CUS_0x5e78,1/8/2023,10,2,10000,1000,1000,0,8000,1/10/2023,2023-10-01,2025-11-09 06:51:02.752980,data/lms_loan_daily.csv,2023-10-01
CUS_0x5e96_2023_06_01,CUS_0x5e96,1/6/2023,10,4,10000,1000,0,3000,9000,1/10/2023,2023-10-01,2025-11-09 06:51:02.752980,data/lms_loan_daily.csv,2023-10-01
CUS_0x5e99_2023_05_01,CUS_0x5e99,1/5/2023,10,5,10000,1000,1000,0,5000,1/10/2023,2023-10-01,2025-11-09 06:51:02.752980,data/lms_loan_daily.csv,2023-10-01
CUS_0x5ebc_2023_04_01,CUS_0x5ebc,1/4/2023,10,6,10000,1000,1000,0,4000,1/10/2023,2023-10-01,2025-11-09 06:51:02.752980,data/lms_loan_daily.csv,2023-10-01
CUS_0x5ebe_2023_01_01,CUS_0x5ebe,1/1/2023,10,9,10000,1000,1000,0,1000,1/10/2023,2023-10-01,2025-11-09 06:51:02.752980,data/lms_loan_daily.csv,2023-10-01
CUS_0x5ec_2023_02_01,CUS_0x5ec,1/2/2023,10,8,10000,1000,0,5000,7000,1/10/2023,2023-10-01,2025-11-09 06:51:02.752980,data/lms_loan_daily.csv,2023-10-01
CUS_0x5ece_2023_06_01,CUS_0x5ece,1/6/2023,10,4,10000,1000,1000,0,6000,1/10/2023,2023-10-01,2025-11-09 06:51:02.752980,data/lms_loan_daily.csv,2023-10-01
CUS_0x5ecf_2023_06_01,CUS_0x5ecf,1/6/2023,10,4,10000,1000,0,4000,10000,1/10/2023,2023-10-01,2025-11-09 06:51:02.752980,data/lms_loan_daily.csv,2023-10-01
CUS_0x5ed7_2023_03_01,CUS_0x5ed7,1/3/2023,10,7,10000,1000,0,4000,7000,1/10/2023,2023-10-01,2025-11-09 06:51:02.752980,data/lms_loan_daily.csv,2023-10-01
CUS_0x5eda_2023_04_01,CUS_0x5eda,1/4/2023,10,6,10000,1000,1000,0,4000,1/10/2023,2023-10-01,2025-11-09 06:51:02.752980,data/lms_loan_daily.csv,2023-10-01
CUS_0x5edf_2023_02_01,CUS_0x5edf,1/2/2023,10,8,10000,1000,1000,0,2000,1/10/2023,2023-10-01,2025-11-09 06:51:02.752980,data/lms_loan_daily.csv,2023-10-01
CUS_0x5ee1_2023_05_01,CUS_0x5ee1,1/5/2023,10,5,10000,1000,1000,0,5000,1/10/2023,2023-10-01,2025-11-09 06:51:02.752980,data/lms_loan_daily.csv,2023-10-01
CUS_0x5ee5_2023_03_01,CUS_0x5ee5,1/3/2023,10,7,10000,1000,1000,0,3000,1/10/2023,2023-10-01,2025-11-09 06:51:02.752980,data/lms_loan_daily.csv,2023-10-01
CUS_0x5ee7_2023_10_01,CUS_0x5ee7,1/10/2023,10,0,10000,0,0,0,10000,1/10/2023,2023-10-01,2025-11-09 06:51:02.752980,data/lms_loan_daily.csv,2023-10-01
CUS_0x5ee8_2023_04_01,CUS_0x5ee8,1/4/2023,10,6,10000,1000,0,4000,8000,1/10/2023,2023-10-01,2025-11-09 06:51:02.752980,data/lms_loan_daily.csv,2023-10-01
CUS_0x5eef_2023_02_01,CUS_0x5eef,1/2/2023,10,8,10000,1000,1000,0,2000,1/10/2023,2023-10-01,2025-11-09 06:51:02.752980,data/lms_loan_daily.csv,2023-10-01
CUS_0x5ef2_2023_02_01,CUS_0x5ef2,1/2/2023,10,8,10000,1000,1000,0,2000,1/10/2023,2023-10-01,2025-11-09 06:51:02.752980,data/lms_loan_daily.csv,2023-10-01
CUS_0x5ef3_2023_04_01,CUS_0x5ef3,1/4/2023,10,6,10000,1000,1000,0,4000,1/10/2023,2023-10-01,2025-11-09 06:51:02.752980,data/lms_loan_daily.csv,2023-10-01
CUS_0x5efc_2023_08_01,CUS_0x5efc,1/8/2023,10,2,10000,1000,0,1000,9000,1/10/2023,2023-10-01,2025-11-09 06:51:02.752980,data/lms_loan_daily.csv,2023-10-01
CUS_0x5f02_2023_01_01,CUS_0x5f02,1/1/2023,10,9,10000,1000,1000,0,1000,1/10/2023,2023-10-01,2025-11-09 06:51:02.752980,data/lms_loan_daily.csv,2023-10-01
CUS_0x5f0f_2023_07_01,CUS_0x5f0f,1/7/2023,10,3,10000,1000,1000,0,7000,1/10/2023,2023-10-01,2025-11-09 06:51:02.752980,data/lms_loan_daily.csv,2023-10-01
CUS_0x5f10_2023_01_01,CUS_0x5f10,1/1/2023,10,9,10000,1000,1000,0,1000,1/10/2023,2023-10-01,2025-11-09 06:51:02.752980,data/lms_loan_daily.csv,2023-10-01
CUS_0x5f1b_2023_04_01,CUS_0x5f1b,1/4/2023,10,6,10000,1000,1000,0,4000,1/10/2023,2023-10-01,2025-11-09 06:51:02.752980,data/lms_loan_daily.csv,2023-10-01
CUS_0x5f21_2023_03_01,CUS_0x5f21,1/3/2023,10,7,10000,1000,0,5000,8000,1/10/2023,2023-10-01,2025-11-09 06:51:02.752980,data/lms_loan_daily.csv,2023-10-01
CUS_0x5f25_2023_05_01,CUS_0x5f25,1/5/2023,10,5,10000,1000,1000,0,5000,1/10/2023,2023-10-01,2025-11-09 06:51:02.752980,data/lms_loan_daily.csv,2023-10-01
CUS_0x5f30_2023_01_01,CUS_0x5f30,1/1/2023,10,9,10000,1000,1000,0,1000,1/10/2023,2023-10-01,2025-11-09 06:51:02.752980,data/lms_loan_daily.csv,2023-10-01
CUS_0x5f36_2023_03_01,CUS_0x5f36,1/3/2023,10,7,10000,1000,1000,0,3000,1/10/2023,2023-10-01,2025-11-09 06:51:02.752980,data/lms_loan_daily.csv,2023-10-01
CUS_0x5f55_2023_01_01,CUS_0x5f55,1/1/2023,10,9,10000,1000,1000,0,1000,1/10/2023,2023-10-01,2025-11-09 06:51:02.752980,data/lms_loan_daily.csv,2023-10-01
CUS_0x5f5a_2023_08_01,CUS_0x5f5a,1/8/2023,10,2,10000,1000,1000,0,8000,1/10/2023,2023-10-01,2025-11-09 06:51:02.752980,data/lms_loan_daily.csv,2023-10-01
CUS_0x5f5d_2023_07_01,CUS_0x5f5d,1/7/2023,10,3,10000,1000,1000,0,7000,1/10/2023,2023-10-01,2025-11-09 06:51:02.752980,data/lms_loan_daily.csv,2023-10-01
CUS_0x5f64_2023_10_01,CUS_0x5f64,1/10/2023,10,0,10000,0,0,0,10000,1/10/2023,2023-10-01,2025-11-09 06:51:02.752980,data/lms_loan_daily.csv,2023-10-01
CUS_0x5f7b_2023_04_01,CUS_0x5f7b,1/4/2023,10,6,10000,1000,1000,0,4000,1/10/2023,2023-10-01,2025-11-09 06:51:02.752980,data/lms_loan_daily.csv,2023-10-01
CUS_0x5f83_2023_07_01,CUS_0x5f83,1/7/2023,10,3,10000,1000,1000,0,7000,1/10/2023,2023-10-01,2025-11-09 06:51:02.752980,data/lms_loan_daily.csv,2023-10-01
CUS_0x5f89_2023_09_01,CUS_0x5f89,1/9/2023,10,1,10000,1000,1000,0,9000,1/10/2023,2023-10-01,2025-11-09 06:51:02.752980,data/lms_loan_daily.csv,2023-10-01
CUS_0x5f8b_2023_02_01,CUS_0x5f8b,1/2/2023,10,8,10000,1000,0,5000,7000,1/10/2023,2023-10-01,2025-11-09 06:51:02.752980,data/lms_loan_daily.csv,2023-10-01
CUS_0x5f9_2023_10_01,CUS_0x5f9,1/10/2023,10,0,10000,0,0,0,10000,1/10/2023,2023-10-01,2025-11-09 06:51:02.752980,data/lms_loan_daily.csv,2023-10-01
CUS_0x5fbf_2023_07_01,CUS_0x5fbf,1/7/2023,10,3,10000,1000,0,2000,9000,1/10/2023,2023-10-01,2025-11-09 06:51:02.752980,data/lms_loan_daily.csv,2023-10-01
CUS_0x5fc_2023_02_01,CUS_0x5fc,1/2/2023,10,8,10000,1000,1000,0,2000,1/10/2023,2023-10-01,2025-11-09 06:51:02.752980,data/lms_loan_daily.csv,2023-10-01
CUS_0x5fc6_2023_05_01,CUS_0x5fc6,1/5/2023,10,5,10000,1000,1000,0,5000,1/10/2023,2023-10-01,2025-11-09 06:51:02.752980,data/lms_loan_daily.csv,2023-10-01
CUS_0x5fcb_2023_05_01,CUS_0x5fcb,1/5/2023,10,5,10000,1000,1000,0,5000,1/10/2023,2023-10-01,2025-11-09 06:51:02.752980,data/lms_loan_daily.csv,2023-10-01
CUS_0x5fd2_2023_08_01,CUS_0x5fd2,1/8/2023,10,2,10000,1000,1000,0,8000,1/10/2023,2023-10-01,2025-11-09 06:51:02.752980,data/lms_loan_daily.csv,2023-10-01
CUS_0x5fd3_2023_10_01,CUS_0x5fd3,1/10/2023,10,0,10000,0,0,0,10000,1/10/2023,2023-10-01,2025-11-09 06:51:02.752980,data/lms_loan_daily.csv,2023-10-01
CUS_0x5fd4_2023_03_01,CUS_0x5fd4,1/3/2023,10,7,10000,1000,1000,0,3000,1/10/2023,2023-10-01,2025-11-09 06:51:02.752980,data/lms_loan_daily.csv,2023-10-01
CUS_0x5fd6_2023_08_01,CUS_0x5fd6,1/8/2023,10,2,10000,1000,1000,0,8000,1/10/2023,2023-10-01,2025-11-09 06:51:02.752980,data/lms_loan_daily.csv,2023-10-01
CUS_0x5fe9_2023_01_01,CUS_0x5fe9,1/1/2023,10,9,10000,1000,0,5000,6000,1/10/2023,2023-10-01,2025-11-09 06:51:02.752980,data/lms_loan_daily.csv,2023-10-01
CUS_0x5fec_2023_09_01,CUS_0x5fec,1/9/2023,10,1,10000,1000,1000,0,9000,1/10/2023,2023-10-01,2025-11-09 06:51:02.752980,data/lms_loan_daily.csv,2023-10-01
CUS_0x5ff4_2023_03_01,CUS_0x5ff4,1/3/2023,10,7,10000,1000,1000,0,3000,1/10/2023,2023-10-01,2025-11-09 06:51:02.752980,data/lms_loan_daily.csv,2023-10-01
CUS_0x5ff6_2023_07_01,CUS_0x5ff6,1/7/2023,10,3,10000,1000,0,1000,8000,1/10/2023,2023-10-01,2025-11-09 06:51:02.752980,data/lms_loan_daily.csv,2023-10-01
CUS_0x6010_2023_07_01,CUS_0x6010,1/7/2023,10,3,10000,1000,1000,0,7000,1/10/2023,2023-10-01,2025-11-09 06:51:02.752980,data/lms_loan_daily.csv,2023-10-01
CUS_0x602d_2023_04_01,CUS_0x602d,1/4/2023,10,6,10000,1000,1000,0,4000,1/10/2023,2023-10-01,2025-11-09 06:51:02.752980,data/lms_loan_daily.csv,2023-10-01
CUS_0x6032_2023_10_01,CUS_0x6032,1/10/2023,10,0,10000,0,0,0,10000,1/10/2023,2023-10-01,2025-11-09 06:51:02.752980,data/lms_loan_daily.csv,2023-10-01
CUS_0x6034_2023_01_01,CUS_0x6034,1/1/2023,10,9,10000,1000,1000,0,1000,1/10/2023,2023-10-01,2025-11-09 06:51:02.752980,data/lms_loan_daily.csv,2023-10-01
CUS_0x603a_2023_06_01,CUS_0x603a,1/6/2023,10,4,10000,1000,1000,0,6000,1/10/2023,2023-10-01,2025-11-09 06:51:02.752980,data/lms_loan_daily.csv,2023-10-01
CUS_0x6044_2023_03_01,CUS_0x6044,1/3/2023,10,7,10000,1000,1000,0,3000,1/10/2023,2023-10-01,2025-11-09 06:51:02.752980,data/lms_loan_daily.csv,2023-10-01
CUS_0x6048_2023_09_01,CUS_0x6048,1/9/2023,10,1,10000,1000,1000,0,9000,1/10/2023,2023-10-01,2025-11-09 06:51:02.752980,data/lms_loan_daily.csv,2023-10-01
CUS_0x6054_2023_07_01,CUS_0x6054,1/7/2023,10,3,10000,1000,1000,0,7000,1/10/2023,2023-10-01,2025-11-09 06:51:02.752980,data/lms_loan_daily.csv,2023-10-01
CUS_0x6057_2023_03_01,CUS_0x6057,1/3/2023,10,7,10000,1000,1000,0,3000,1/10/2023,2023-10-01,2025-11-09 06:51:02.752980,data/lms_loan_daily.csv,2023-10-01
CUS_0x6069_2023_02_01,CUS_0x6069,1/2/2023,10,8,10000,1000,1000,0,2000,1/10/2023,2023-10-01,2025-11-09 06:51:02.752980,data/lms_loan_daily.csv,2023-10-01
CUS_0x6070_2023_01_01,CUS_0x6070,1/1/2023,10,9,10000,1000,0,7000,8000,1/10/2023,2023-10-01,2025-11-09 06:51:02.752980,data/lms_loan_daily.csv,2023-10-01
CUS_0x6072_2023_05_01,CUS_0x6072,1/5/2023,10,5,10000,1000,1000,0,5000,1/10/2023,2023-10-01,2025-11-09 06:51:02.752980,data/lms_loan_daily.csv,2023-10-01
CUS_0x6080_2023_08_01,CUS_0x6080,1/8/2023,10,2,10000,1000,1000,0,8000,1/10/2023,2023-10-01,2025-11-09 06:51:02.752980,data/lms_loan_daily.csv,2023-10-01
CUS_0x6084_2023_08_01,CUS_0x6084,1/8/2023,10,2,10000,1000,2000,0,8000,1/10/2023,2023-10-01,2025-11-09 06:51:02.752980,data/lms_loan_daily.csv,2023-10-01
CUS_0x6092_2023_07_01,CUS_0x6092,1/7/2023,10,3,10000,1000,1000,0,7000,1/10/2023,2023-10-01,2025-11-09 06:51:02.752980,data/lms_loan_daily.csv,2023-10-01
CUS_0x609c_2023_04_01,CUS_0x609c,1/4/2023,10,6,10000,1000,1000,0,4000,1/10/2023,2023-10-01,2025-11-09 06:51:02.752980,data/lms_loan_daily.csv,2023-10-01
CUS_0x60c0_2023_10_01,CUS_0x60c0,1/10/2023,10,0,10000,0,0,0,10000,1/10/2023,2023-10-01,2025-11-09 06:51:02.752980,data/lms_loan_daily.csv,2023-10-01
CUS_0x60c2_2023_03_01,CUS_0x60c2,1/3/2023,10,7,10000,1000,1000,0,3000,1/10/2023,2023-10-01,2025-11-09 06:51:02.752980,data/lms_loan_daily.csv,2023-10-01
CUS_0x60c8_2023_09_01,CUS_0x60c8,1/9/2023,10,1,10000,1000,1000,0,9000,1/10/2023,2023-10-01,2025-11-09 06:51:02.752980,data/lms_loan_daily.csv,2023-10-01
CUS_0x60e8_2023_06_01,CUS_0x60e8,1/6/2023,10,4,10000,1000,1000,0,6000,1/10/2023,2023-10-01,2025-11-09 06:51:02.752980,data/lms_loan_daily.csv,2023-10-01
CUS_0x60f_2023_03_01,CUS_0x60f,1/3/2023,10,7,10000,1000,1000,0,3000,1/10/2023,2023-10-01,2025-11-09 06:51:02.752980,data/lms_loan_daily.csv,2023-10-01
CUS_0x60f5_2023_02_01,CUS_0x60f5,1/2/2023,10,8,10000,1000,1000,0,2000,1/10/2023,2023-10-01,2025-11-09 06:51:02.752980,data/lms_loan_daily.csv,2023-10-01
CUS_0x6102_2023_07_01,CUS_0x6102,1/7/2023,10,3,10000,1000,1000,0,7000,1/10/2023,2023-10-01,2025-11-09 06:51:02.752980,data/lms_loan_daily.csv,2023-10-01
CUS_0x610d_2023_02_01,CUS_0x610d,1/2/2023,10,8,10000,1000,1000,0,2000,1/10/2023,2023-10-01,2025-11-09 06:51:02.752980,data/lms_loan_daily.csv,2023-10-01
CUS_0x6112_2023_09_01,CUS_0x6112,1/9/2023,10,1,10000,1000,1000,0,9000,1/10/2023,2023-10-01,2025-11-09 06:51:02.752980,data/lms_loan_daily.csv,2023-10-01
CUS_0x6116_2023_02_01,CUS_0x6116,1/2/2023,10,8,10000,1000,1000,0,2000,1/10/2023,2023-10-01,2025-11-09 06:51:02.752980,data/lms_loan_daily.csv,2023-10-01
CUS_0x6120_2023_01_01,CUS_0x6120,1/1/2023,10,9,10000,1000,0,7000,8000,1/10/2023,2023-10-01,2025-11-09 06:51:02.752980,data/lms_loan_daily.csv,2023-10-01
CUS_0x612e_2023_07_01,CUS_0x612e,1/7/2023,10,3,10000,1000,1000,0,7000,1/10/2023,2023-10-01,2025-11-09 06:51:02.752980,data/lms_loan_daily.csv,2023-10-01
CUS_0x612f_2023_04_01,CUS_0x612f,1/4/2023,10,6,10000,1000,0,3000,7000,1/10/2023,2023-10-01,2025-11-09 06:51:02.752980,data/lms_loan_daily.csv,2023-10-01
CUS_0x6142_2023_10_01,CUS_0x6142,1/10/2023,10,0,10000,0,0,0,10000,1/10/2023,2023-10-01,2025-11-09 06:51:02.752980,data/lms_loan_daily.csv,2023-10-01
CUS_0x6148_2023_07_01,CUS_0x6148,1/7/2023,10,3,10000,1000,1000,0,7000,1/10/2023,2023-10-01,2025-11-09 06:51:02.752980,data/lms_loan_daily.csv,2023-10-01
CUS_0x614e_2023_05_01,CUS_0x614e,1/5/2023,10,5,10000,1000,1000,0,5000,1/10/2023,2023-10-01,2025-11-09 06:51:02.752980,data/lms_loan_daily.csv,2023-10-01
CUS_0x6159_2023_04_01,CUS_0x6159,1/4/2023,10,6,10000,1000,1000,0,4000,1/10/2023,2023-10-01,2025-11-09 06:51:02.752980,data/lms_loan_daily.csv,2023-10-01
CUS_0x6171_2023_05_01,CUS_0x6171,1/5/2023,10,5,10000,1000,1000,0,5000,1/10/2023,2023-10-01,2025-11-09 06:51:02.752980,data/lms_loan_daily.csv,2023-10-01
CUS_0x617c_2023_09_01,CUS_0x617c,1/9/2023,10,1,10000,1000,1000,0,9000,1/10/2023,2023-10-01,2025-11-09 06:51:02.752980,data/lms_loan_daily.csv,2023-10-01
CUS_0x6194_2023_04_01,CUS_0x6194,1/4/2023,10,6,10000,1000,0,5000,9000,1/10/2023,2023-10-01,2025-11-09 06:51:02.752980,data/lms_loan_daily.csv,2023-10-01
CUS_0x6197_2023_10_01,CUS_0x6197,1/10/2023,10,0,10000,0,0,0,10000,1/10/2023,2023-10-01,2025-11-09 06:51:02.752980,data/lms_loan_daily.csv,2023-10-01
CUS_0x61a1_2023_05_01,CUS_0x61a1,1/5/2023,10,5,10000,1000,1000,0,5000,1/10/2023,2023-10-01,2025-11-09 06:51:02.752980,data/lms_loan_daily.csv,2023-10-01
CUS_0x61a3_2023_04_01,CUS_0x61a3,1/4/2023,10,6,10000,1000,1000,0,4000,1/10/2023,2023-10-01,2025-11-09 06:51:02.752980,data/lms_loan_daily.csv,2023-10-01
CUS_0x61a6_2023_02_01,CUS_0x61a6,1/2/2023,10,8,10000,1000,1000,0,2000,1/10/2023,2023-10-01,2025-11-09 06:51:02.752980,data/lms_loan_daily.csv,2023-10-01
CUS_0x61ba_2023_04_01,CUS_0x61ba,1/4/2023,10,6,10000,1000,0,4000,8000,1/10/2023,2023-10-01,2025-11-09 06:51:02.752980,data/lms_loan_daily.csv,2023-10-01
CUS_0x61c2_2023_07_01,CUS_0x61c2,1/7/2023,10,3,10000,1000,1000,0,7000,1/10/2023,2023-10-01,2025-11-09 06:51:02.752980,data/lms_loan_daily.csv,2023-10-01
CUS_0x61d1_2023_04_01,CUS_0x61d1,1/4/2023,10,6,10000,1000,0,2000,6000,1/10/2023,2023-10-01,2025-11-09 06:51:02.752980,data/lms_loan_daily.csv,2023-10-01
CUS_0x61d4_2023_08_01,CUS_0x61d4,1/8/2023,10,2,10000,1000,1000,0,8000,1/10/2023,2023-10-01,2025-11-09 06:51:02.752980,data/lms_loan_daily.csv,2023-10-01
CUS_0x61de_2023_01_01,CUS_0x61de,1/1/2023,10,9,10000,1000,1000,0,1000,1/10/2023,2023-10-01,2025-11-09 06:51:02.752980,data/lms_loan_daily.csv,2023-10-01
CUS_0x61e3_2023_04_01,CUS_0x61e3,1/4/2023,10,6,10000,1000,1000,0,4000,1/10/2023,2023-10-01,2025-11-09 06:51:02.752980,data/lms_loan_daily.csv,2023-10-01
CUS_0x61e4_2023_06_01,CUS_0x61e4,1/6/2023,10,4,10000,1000,1000,0,6000,1/10/2023,2023-10-01,2025-11-09 06:51:02.752980,data/lms_loan_daily.csv,2023-10-01
CUS_0x61f7_2023_05_01,CUS_0x61f7,1/5/2023,10,5,10000,1000,1000,0,5000,1/10/2023,2023-10-01,2025-11-09 06:51:02.752980,data/lms_loan_daily.csv,2023-10-01
CUS_0x61f8_2023_05_01,CUS_0x61f8,1/5/2023,10,5,10000,1000,1000,0,5000,1/10/2023,2023-10-01,2025-11-09 06:51:02.752980,data/lms_loan_daily.csv,2023-10-01
CUS_0x6200_2023_07_01,CUS_0x6200,1/7/2023,10,3,10000,1000,1000,0,7000,1/10/2023,2023-10-01,2025-11-09 06:51:02.752980,data/lms_loan_daily.csv,2023-10-01
CUS_0x6203_2023_02_01,CUS_0x6203,1/2/2023,10,8,10000,1000,1000,0,2000,1/10/2023,2023-10-01,2025-11-09 06:51:02.752980,data/lms_loan_daily.csv,2023-10-01
CUS_0x6207_2023_09_01,CUS_0x6207,1/9/2023,10,1,10000,1000,1000,0,9000,1/10/2023,2023-10-01,2025-11-09 06:51:02.752980,data/lms_loan_daily.csv,2023-10-01
CUS_0x620b_2023_05_01,CUS_0x620b,1/5/2023,10,5,10000,1000,1000,0,5000,1/10/2023,2023-10-01,2025-11-09 06:51:02.752980,data/lms_loan_daily.csv,2023-10-01
CUS_0x622e_2023_08_01,CUS_0x622e,1/8/2023,10,2,10000,1000,1000,0,8000,1/10/2023,2023-10-01,2025-11-09 06:51:02.752980,data/lms_loan_daily.csv,2023-10-01
CUS_0x6235_2023_02_01,CUS_0x6235,1/2/2023,10,8,10000,1000,0,5000,7000,1/10/2023,2023-10-01,2025-11-09 06:51:02.752980,data/lms_loan_daily.csv,2023-10-01
CUS_0x6240_2023_08_01,CUS_0x6240,1/8/2023,10,2,10000,1000,1000,0,8000,1/10/2023,2023-10-01,2025-11-09 06:51:02.752980,data/lms_loan_daily.csv,2023-10-01
CUS_0x6250_2023_04_01,CUS_0x6250,1/4/2023,10,6,10000,1000,1000,0,4000,1/10/2023,2023-10-01,2025-11-09 06:51:02.752980,data/lms_loan_daily.csv,2023-10-01
CUS_0x6276_2023_02_01,CUS_0x6276,1/2/2023,10,8,10000,1000,1000,0,2000,1/10/2023,2023-10-01,2025-11-09 06:51:02.752980,data/lms_loan_daily.csv,2023-10-01
CUS_0x6277_2023_09_01,CUS_0x6277,1/9/2023,10,1,10000,1000,1000,0,9000,1/10/2023,2023-10-01,2025-11-09 06:51:02.752980,data/lms_loan_daily.csv,2023-10-01
CUS_0x627a_2023_01_01,CUS_0x627a,1/1/2023,10,9,10000,1000,1000,0,1000,1/10/2023,2023-10-01,2025-11-09 06:51:02.752980,data/lms_loan_daily.csv,2023-10-01
CUS_0x627f_2023_02_01,CUS_0x627f,1/2/2023,10,8,10000,1000,0,4000,6000,1/10/2023,2023-10-01,2025-11-09 06:51:02.752980,data/lms_loan_daily.csv,2023-10-01
CUS_0x628_2023_10_01,CUS_0x628,1/10/2023,10,0,10000,0,0,0,10000,1/10/2023,2023-10-01,2025-11-09 06:51:02.752980,data/lms_loan_daily.csv,2023-10-01
CUS_0x6287_2023_08_01,CUS_0x6287,1/8/2023,10,2,10000,1000,1000,0,8000,1/10/2023,2023-10-01,2025-11-09 06:51:02.752980,data/lms_loan_daily.csv,2023-10-01
CUS_0x628b_2023_08_01,CUS_0x628b,1/8/2023,10,2,10000,1000,2000,0,8000,1/10/2023,2023-10-01,2025-11-09 06:51:02.752980,data/lms_loan_daily.csv,2023-10-01
CUS_0x628e_2023_07_01,CUS_0x628e,1/7/2023,10,3,10000,1000,1000,0,7000,1/10/2023,2023-10-01,2025-11-09 06:51:02.752980,data/lms_loan_daily.csv,2023-10-01
CUS_0x62a6_2023_09_01,CUS_0x62a6,1/9/2023,10,1,10000,1000,1000,0,9000,1/10/2023,2023-10-01,2025-11-09 06:51:02.752980,data/lms_loan_daily.csv,2023-10-01
CUS_0x62be_2023_06_01,CUS_0x62be,1/6/2023,10,4,10000,1000,1000,0,6000,1/10/2023,2023-10-01,2025-11-09 06:51:02.752980,data/lms_loan_daily.csv,2023-10-01
CUS_0x62c8_2023_03_01,CUS_0x62c8,1/3/2023,10,7,10000,1000,0,4000,7000,1/10/2023,2023-10-01,2025-11-09 06:51:02.752980,data/lms_loan_daily.csv,2023-10-01
CUS_0x62cf_2023_07_01,CUS_0x62cf,1/7/2023,10,3,10000,1000,0,2000,9000,1/10/2023,2023-10-01,2025-11-09 06:51:02.752980,data/lms_loan_daily.csv,2023-10-01
CUS_0x62d1_2023_02_01,CUS_0x62d1,1/2/2023,10,8,10000,1000,1000,0,2000,1/10/2023,2023-10-01,2025-11-09 06:51:02.752980,data/lms_loan_daily.csv,2023-10-01
CUS_0x62e4_2023_06_01,CUS_0x62e4,1/6/2023,10,4,10000,1000,1000,0,6000,1/10/2023,2023-10-01,2025-11-09 06:51:02.752980,data/lms_loan_daily.csv,2023-10-01
CUS_0x6318_2023_03_01,CUS_0x6318,1/3/2023,10,7,10000,1000,0,3000,6000,1/10/2023,2023-10-01,2025-11-09 06:51:02.752980,data/lms_loan_daily.csv,2023-10-01
CUS_0x631f_2023_04_01,CUS_0x631f,1/4/2023,10,6,10000,1000,0,3000,7000,1/10/2023,2023-10-01,2025-11-09 06:51:02.752980,data/lms_loan_daily.csv,2023-10-01
CUS_0x6322_2023_07_01,CUS_0x6322,1/7/2023,10,3,10000,1000,1000,0,7000,1/10/2023,2023-10-01,2025-11-09 06:51:02.752980,data/lms_loan_daily.csv,2023-10-01
CUS_0x632c_2023_06_01,CUS_0x632c,1/6/2023,10,4,10000,1000,1000,0,6000,1/10/2023,2023-10-01,2025-11-09 06:51:02.752980,data/lms_loan_daily.csv,2023-10-01
CUS_0x632f_2023_02_01,CUS_0x632f,1/2/2023,10,8,10000,1000,1000,0,2000,1/10/2023,2023-10-01,2025-11-09 06:51:02.752980,data/lms_loan_daily.csv,2023-10-01
CUS_0x6336_2023_03_01,CUS_0x6336,1/3/2023,10,7,10000,1000,0,7000,10000,1/10/2023,2023-10-01,2025-11-09 06:51:02.752980,data/lms_loan_daily.csv,2023-10-01
CUS_0x6345_2023_03_01,CUS_0x6345,1/3/2023,10,7,10000,1000,0,5000,8000,1/10/2023,2023-10-01,2025-11-09 06:51:02.752980,data/lms_loan_daily.csv,2023-10-01
CUS_0x6347_2023_09_01,CUS_0x6347,1/9/2023,10,1,10000,1000,1000,0,9000,1/10/2023,2023-10-01,2025-11-09 06:51:02.752980,data/lms_loan_daily.csv,2023-10-01
CUS_0x6349_2023_08_01,CUS_0x6349,1/8/2023,10,2,10000,1000,1000,0,8000,1/10/2023,2023-10-01,2025-11-09 06:51:02.752980,data/lms_loan_daily.csv,2023-10-01
CUS_0x635a_2023_01_01,CUS_0x635a,1/1/2023,10,9,10000,1000,1000,0,1000,1/10/2023,2023-10-01,2025-11-09 06:51:02.752980,data/lms_loan_daily.csv,2023-10-01
CUS_0x635d_2023_05_01,CUS_0x635d,1/5/2023,10,5,10000,1000,1000,0,5000,1/10/2023,2023-10-01,2025-11-09 06:51:02.752980,data/lms_loan_daily.csv,2023-10-01
CUS_0x636d_2023_01_01,CUS_0x636d,1/1/2023,10,9,10000,1000,0,7000,8000,1/10/2023,2023-10-01,2025-11-09 06:51:02.752980,data/lms_loan_daily.csv,2023-10-01
CUS_0x6371_2023_03_01,CUS_0x6371,1/3/2023,10,7,10000,1000,1000,0,3000,1/10/2023,2023-10-01,2025-11-09 06:51:02.752980,data/lms_loan_daily.csv,2023-10-01
CUS_0x637b_2023_03_01,CUS_0x637b,1/3/2023,10,7,10000,1000,0,5000,8000,1/10/2023,2023-10-01,2025-11-09 06:51:02.752980,data/lms_loan_daily.csv,2023-10-01
CUS_0x639_2023_09_01,CUS_0x639,1/9/2023,10,1,10000,1000,1000,0,9000,1/10/2023,2023-10-01,2025-11-09 06:51:02.752980,data/lms_loan_daily.csv,2023-10-01
CUS_0x6398_2023_02_01,CUS_0x6398,1/2/2023,10,8,10000,1000,0,4000,6000,1/10/2023,2023-10-01,2025-11-09 06:51:02.752980,data/lms_loan_daily.csv,2023-10-01
CUS_0x6399_2023_10_01,CUS_0x6399,1/10/2023,10,0,10000,0,0,0,10000,1/10/2023,2023-10-01,2025-11-09 06:51:02.752980,data/lms_loan_daily.csv,2023-10-01
CUS_0x63a6_2023_05_01,CUS_0x63a6,1/5/2023,10,5,10000,1000,1000,0,5000,1/10/2023,2023-10-01,2025-11-09 06:51:02.752980,data/lms_loan_daily.csv,2023-10-01
CUS_0x63ac_2023_02_01,CUS_0x63ac,1/2/2023,10,8,10000,1000,1000,0,2000,1/10/2023,2023-10-01,2025-11-09 06:51:02.752980,data/lms_loan_daily.csv,2023-10-01
CUS_0x63b4_2023_03_01,CUS_0x63b4,1/3/2023,10,7,10000,1000,1000,0,3000,1/10/2023,2023-10-01,2025-11-09 06:51:02.752980,data/lms_loan_daily.csv,2023-10-01
CUS_0x63c0_2023_03_01,CUS_0x63c0,1/3/2023,10,7,10000,1000,0,4000,7000,1/10/2023,2023-10-01,2025-11-09 06:51:02.752980,data/lms_loan_daily.csv,2023-10-01
CUS_0x63c1_2023_05_01,CUS_0x63c1,1/5/2023,10,5,10000,1000,1000,0,5000,1/10/2023,2023-10-01,2025-11-09 06:51:02.752980,data/lms_loan_daily.csv,2023-10-01
CUS_0x63c3_2023_09_01,CUS_0x63c3,1/9/2023,10,1,10000,1000,1000,0,9000,1/10/2023,2023-10-01,2025-11-09 06:51:02.752980,data/lms_loan_daily.csv,2023-10-01
CUS_0x63d_2023_01_01,CUS_0x63d,1/1/2023,10,9,10000,1000,1000,0,1000,1/10/2023,2023-10-01,2025-11-09 06:51:02.752980,data/lms_loan_daily.csv,2023-10-01
CUS_0x63d4_2023_02_01,CUS_0x63d4,1/2/2023,10,8,10000,1000,1000,0,2000,1/10/2023,2023-10-01,2025-11-09 06:51:02.752980,data/lms_loan_daily.csv,2023-10-01
CUS_0x63d8_2023_01_01,CUS_0x63d8,1/1/2023,10,9,10000,1000,1000,0,1000,1/10/2023,2023-10-01,2025-11-09 06:51:02.752980,data/lms_loan_daily.csv,2023-10-01
CUS_0x63ec_2023_05_01,CUS_0x63ec,1/5/2023,10,5,10000,1000,1000,0,5000,1/10/2023,2023-10-01,2025-11-09 06:51:02.752980,data/lms_loan_daily.csv,2023-10-01
CUS_0x6400_2023_08_01,CUS_0x6400,1/8/2023,10,2,10000,1000,1000,0,8000,1/10/2023,2023-10-01,2025-11-09 06:51:02.752980,data/lms_loan_daily.csv,2023-10-01
CUS_0x6420_2023_04_01,CUS_0x6420,1/4/2023,10,6,10000,1000,0,3000,7000,1/10/2023,2023-10-01,2025-11-09 06:51:02.752980,data/lms_loan_daily.csv,2023-10-01
CUS_0x6427_2023_09_01,CUS_0x6427,1/9/2023,10,1,10000,1000,1000,0,9000,1/10/2023,2023-10-01,2025-11-09 06:51:02.752980,data/lms_loan_daily.csv,2023-10-01
CUS_0x6435_2023_03_01,CUS_0x6435,1/3/2023,10,7,10000,1000,1000,0,3000,1/10/2023,2023-10-01,2025-11-09 06:51:02.752980,data/lms_loan_daily.csv,2023-10-01
CUS_0x643b_2023_07_01,CUS_0x643b,1/7/2023,10,3,10000,1000,1000,0,7000,1/10/2023,2023-10-01,2025-11-09 06:51:02.752980,data/lms_loan_daily.csv,2023-10-01
CUS_0x643c_2023_08_01,CUS_0x643c,1/8/2023,10,2,10000,1000,1000,0,8000,1/10/2023,2023-10-01,2025-11-09 06:51:02.752980,data/lms_loan_daily.csv,2023-10-01
CUS_0x6440_2023_06_01,CUS_0x6440,1/6/2023,10,4,10000,1000,1000,0,6000,1/10/2023,2023-10-01,2025-11-09 06:51:02.752980,data/lms_loan_daily.csv,2023-10-01
CUS_0x6442_2023_01_01,CUS_0x6442,1/1/2023,10,9,10000,1000,1000,0,1000,1/10/2023,2023-10-01,2025-11-09 06:51:02.752980,data/lms_loan_daily.csv,2023-10-01
CUS_0x6443_2023_04_01,CUS_0x6443,1/4/2023,10,6,10000,1000,1000,0,4000,1/10/2023,2023-10-01,2025-11-09 06:51:02.752980,data/lms_loan_daily.csv,2023-10-01
CUS_0x644e_2023_06_01,CUS_0x644e,1/6/2023,10,4,10000,1000,1000,0,6000,1/10/2023,2023-10-01,2025-11-09 06:51:02.752980,data/lms_loan_daily.csv,2023-10-01
CUS_0x644f_2023_02_01,CUS_0x644f,1/2/2023,10,8,10000,1000,1000,0,2000,1/10/2023,2023-10-01,2025-11-09 06:51:02.752980,data/lms_loan_daily.csv,2023-10-01
CUS_0x645e_2023_03_01,CUS_0x645e,1/3/2023,10,7,10000,1000,0,4000,7000,1/10/2023,2023-10-01,2025-11-09 06:51:02.752980,data/lms_loan_daily.csv,2023-10-01
CUS_0x645f_2023_08_01,CUS_0x645f,1/8/2023,10,2,10000,1000,1000,0,8000,1/10/2023,2023-10-01,2025-11-09 06:51:02.752980,data/lms_loan_daily.csv,2023-10-01
CUS_0x6468_2023_09_01,CUS_0x6468,1/9/2023,10,1,10000,1000,1000,0,9000,1/10/2023,2023-10-01,2025-11-09 06:51:02.752980,data/lms_loan_daily.csv,2023-10-01
CUS_0x646d_2023_05_01,CUS_0x646d,1/5/2023,10,5,10000,1000,0,4000,9000,1/10/2023,2023-10-01,2025-11-09 06:51:02.752980,data/lms_loan_daily.csv,2023-10-01
CUS_0x6473_2023_02_01,CUS_0x6473,1/2/2023,10,8,10000,1000,1000,0,2000,1/10/2023,2023-10-01,2025-11-09 06:51:02.752980,data/lms_loan_daily.csv,2023-10-01
CUS_0x6478_2023_07_01,CUS_0x6478,1/7/2023,10,3,10000,1000,1000,0,7000,1/10/2023,2023-10-01,2025-11-09 06:51:02.752980,data/lms_loan_daily.csv,2023-10-01
CUS_0x649d_2023_06_01,CUS_0x649d,1/6/2023,10,4,10000,1000,1000,0,6000,1/10/2023,2023-10-01,2025-11-09 06:51:02.752980,data/lms_loan_daily.csv,2023-10-01
CUS_0x649e_2023_08_01,CUS_0x649e,1/8/2023,10,2,10000,1000,1000,0,8000,1/10/2023,2023-10-01,2025-11-09 06:51:02.752980,data/lms_loan_daily.csv,2023-10-01
CUS_0x64a1_2023_07_01,CUS_0x64a1,1/7/2023,10,3,10000,1000,1000,0,7000,1/10/2023,2023-10-01,2025-11-09 06:51:02.752980,data/lms_loan_daily.csv,2023-10-01
CUS_0x64a3_2023_07_01,CUS_0x64a3,1/7/2023,10,3,10000,1000,1000,0,7000,1/10/2023,2023-10-01,2025-11-09 06:51:02.752980,data/lms_loan_daily.csv,2023-10-01
CUS_0x64a4_2023_07_01,CUS_0x64a4,1/7/2023,10,3,10000,1000,1000,0,7000,1/10/2023,2023-10-01,2025-11-09 06:51:02.752980,data/lms_loan_daily.csv,2023-10-01
CUS_0x64aa_2023_02_01,CUS_0x64aa,1/2/2023,10,8,10000,1000,1000,0,2000,1/10/2023,2023-10-01,2025-11-09 06:51:02.752980,data/lms_loan_daily.csv,2023-10-01
CUS_0x64ae_2023_03_01,CUS_0x64ae,1/3/2023,10,7,10000,1000,1000,0,3000,1/10/2023,2023-10-01,2025-11-09 06:51:02.752980,data/lms_loan_daily.csv,2023-10-01
CUS_0x64b8_2023_01_01,CUS_0x64b8,1/1/2023,10,9,10000,1000,0,5000,6000,1/10/2023,2023-10-01,2025-11-09 06:51:02.752980,data/lms_loan_daily.csv,2023-10-01
CUS_0x64c8_2023_06_01,CUS_0x64c8,1/6/2023,10,4,10000,1000,1000,0,6000,1/10/2023,2023-10-01,2025-11-09 06:51:02.752980,data/lms_loan_daily.csv,2023-10-01
CUS_0x64c9_2023_05_01,CUS_0x64c9,1/5/2023,10,5,10000,1000,1000,0,5000,1/10/2023,2023-10-01,2025-11-09 06:51:02.752980,data/lms_loan_daily.csv,2023-10-01
CUS_0x64d4_2023_09_01,CUS_0x64d4,1/9/2023,10,1,10000,1000,1000,0,9000,1/10/2023,2023-10-01,2025-11-09 06:51:02.752980,data/lms_loan_daily.csv,2023-10-01
CUS_0x64d9_2023_08_01,CUS_0x64d9,1/8/2023,10,2,10000,1000,1000,0,8000,1/10/2023,2023-10-01,2025-11-09 06:51:02.752980,data/lms_loan_daily.csv,2023-10-01
CUS_0x64e5_2023_02_01,CUS_0x64e5,1/2/2023,10,8,10000,1000,1000,0,2000,1/10/2023,2023-10-01,2025-11-09 06:51:02.752980,data/lms_loan_daily.csv,2023-10-01
CUS_0x64f0_2023_10_01,CUS_0x64f0,1/10/2023,10,0,10000,0,0,0,10000,1/10/2023,2023-10-01,2025-11-09 06:51:02.752980,data/lms_loan_daily.csv,2023-10-01
CUS_0x64f1_2023_08_01,CUS_0x64f1,1/8/2023,10,2,10000,1000,1000,0,8000,1/10/2023,2023-10-01,2025-11-09 06:51:02.752980,data/lms_loan_daily.csv,2023-10-01
CUS_0x650_2023_04_01,CUS_0x650,1/4/2023,10,6,10000,1000,1000,0,4000,1/10/2023,2023-10-01,2025-11-09 06:51:02.752980,data/lms_loan_daily.csv,2023-10-01
CUS_0x6514_2023_06_01,CUS_0x6514,1/6/2023,10,4,10000,1000,1000,0,6000,1/10/2023,2023-10-01,2025-11-09 06:51:02.752980,data/lms_loan_daily.csv,2023-10-01
CUS_0x652f_2023_09_01,CUS_0x652f,1/9/2023,10,1,10000,1000,1000,0,9000,1/10/2023,2023-10-01,2025-11-09 06:51:02.752980,data/lms_loan_daily.csv,2023-10-01
CUS_0x6543_2023_08_01,CUS_0x6543,1/8/2023,10,2,10000,1000,1000,0,8000,1/10/2023,2023-10-01,2025-11-09 06:51:02.752980,data/lms_loan_daily.csv,2023-10-01
CUS_0x6549_2023_06_01,CUS_0x6549,1/6/2023,10,4,10000,1000,1000,0,6000,1/10/2023,2023-10-01,2025-11-09 06:51:02.752980,data/lms_loan_daily.csv,2023-10-01
CUS_0x6563_2023_02_01,CUS_0x6563,1/2/2023,10,8,10000,1000,0,4000,6000,1/10/2023,2023-10-01,2025-11-09 06:51:02.752980,data/lms_loan_daily.csv,2023-10-01
CUS_0x6566_2023_04_01,CUS_0x6566,1/4/2023,10,6,10000,1000,1000,0,4000,1/10/2023,2023-10-01,2025-11-09 06:51:02.752980,data/lms_loan_daily.csv,2023-10-01
CUS_0x6569_2023_09_01,CUS_0x6569,1/9/2023,10,1,10000,1000,1000,0,9000,1/10/2023,2023-10-01,2025-11-09 06:51:02.752980,data/lms_loan_daily.csv,2023-10-01
CUS_0x6570_2023_03_01,CUS_0x6570,1/3/2023,10,7,10000,1000,1000,0,3000,1/10/2023,2023-10-01,2025-11-09 06:51:02.752980,data/lms_loan_daily.csv,2023-10-01
CUS_0x6578_2023_10_01,CUS_0x6578,1/10/2023,10,0,10000,0,0,0,10000,1/10/2023,2023-10-01,2025-11-09 06:51:02.752980,data/lms_loan_daily.csv,2023-10-01
CUS_0x657e_2023_03_01,CUS_0x657e,1/3/2023,10,7,10000,1000,1000,0,3000,1/10/2023,2023-10-01,2025-11-09 06:51:02.752980,data/lms_loan_daily.csv,2023-10-01
CUS_0x6582_2023_03_01,CUS_0x6582,1/3/2023,10,7,10000,1000,0,5000,8000,1/10/2023,2023-10-01,2025-11-09 06:51:02.752980,data/lms_loan_daily.csv,2023-10-01
CUS_0x6587_2023_01_01,CUS_0x6587,1/1/2023,10,9,10000,1000,1000,0,1000,1/10/2023,2023-10-01,2025-11-09 06:51:02.752980,data/lms_loan_daily.csv,2023-10-01
CUS_0x658e_2023_01_01,CUS_0x658e,1/1/2023,10,9,10000,1000,0,5000,6000,1/10/2023,2023-10-01,2025-11-09 06:51:02.752980,data/lms_loan_daily.csv,2023-10-01
CUS_0x659b_2023_05_01,CUS_0x659b,1/5/2023,10,5,10000,1000,1000,0,5000,1/10/2023,2023-10-01,2025-11-09 06:51:02.752980,data/lms_loan_daily.csv,2023-10-01
CUS_0x65aa_2023_02_01,CUS_0x65aa,1/2/2023,10,8,10000,1000,1000,0,2000,1/10/2023,2023-10-01,2025-11-09 06:51:02.752980,data/lms_loan_daily.csv,2023-10-01
CUS_0x65ae_2023_03_01,CUS_0x65ae,1/3/2023,10,7,10000,1000,0,6000,9000,1/10/2023,2023-10-01,2025-11-09 06:51:02.752980,data/lms_loan_daily.csv,2023-10-01
CUS_0x65b1_2023_09_01,CUS_0x65b1,1/9/2023,10,1,10000,1000,1000,0,9000,1/10/2023,2023-10-01,2025-11-09 06:51:02.752980,data/lms_loan_daily.csv,2023-10-01
CUS_0x65bd_2023_09_01,CUS_0x65bd,1/9/2023,10,1,10000,1000,1000,0,9000,1/10/2023,2023-10-01,2025-11-09 06:51:02.752980,data/lms_loan_daily.csv,2023-10-01
CUS_0x65bf_2023_01_01,CUS_0x65bf,1/1/2023,10,9,10000,1000,1000,0,1000,1/10/2023,2023-10-01,2025-11-09 06:51:02.752980,data/lms_loan_daily.csv,2023-10-01
CUS_0x65c5_2023_10_01,CUS_0x65c5,1/10/2023,10,0,10000,0,0,0,10000,1/10/2023,2023-10-01,2025-11-09 06:51:02.752980,data/lms_loan_daily.csv,2023-10-01
CUS_0x65d0_2023_10_01,CUS_0x65d0,1/10/2023,10,0,10000,0,0,0,10000,1/10/2023,2023-10-01,2025-11-09 06:51:02.752980,data/lms_loan_daily.csv,2023-10-01
CUS_0x65d3_2023_07_01,CUS_0x65d3,1/7/2023,10,3,10000,1000,1000,0,7000,1/10/2023,2023-10-01,2025-11-09 06:51:02.752980,data/lms_loan_daily.csv,2023-10-01
CUS_0x65d7_2023_08_01,CUS_0x65d7,1/8/2023,10,2,10000,1000,0,1000,9000,1/10/2023,2023-10-01,2025-11-09 06:51:02.752980,data/lms_loan_daily.csv,2023-10-01
CUS_0x65df_2023_04_01,CUS_0x65df,1/4/2023,10,6,10000,1000,1000,0,4000,1/10/2023,2023-10-01,2025-11-09 06:51:02.752980,data/lms_loan_daily.csv,2023-10-01
CUS_0x6611_2023_03_01,CUS_0x6611,1/3/2023,10,7,10000,1000,1000,0,3000,1/10/2023,2023-10-01,2025-11-09 06:51:02.752980,data/lms_loan_daily.csv,2023-10-01
CUS_0x6612_2023_10_01,CUS_0x6612,1/10/2023,10,0,10000,0,0,0,10000,1/10/2023,2023-10-01,2025-11-09 06:51:02.752980,data/lms_loan_daily.csv,2023-10-01
CUS_0x6619_2023_03_01,CUS_0x6619,1/3/2023,10,7,10000,1000,1000,0,3000,1/10/2023,2023-10-01,2025-11-09 06:51:02.752980,data/lms_loan_daily.csv,2023-10-01
CUS_0x661b_2023_09_01,CUS_0x661b,1/9/2023,10,1,10000,1000,1000,0,9000,1/10/2023,2023-10-01,2025-11-09 06:51:02.752980,data/lms_loan_daily.csv,2023-10-01
CUS_0x661d_2023_07_01,CUS_0x661d,1/7/2023,10,3,10000,1000,0,2000,9000,1/10/2023,2023-10-01,2025-11-09 06:51:02.752980,data/lms_loan_daily.csv,2023-10-01
CUS_0x661f_2023_03_01,CUS_0x661f,1/3/2023,10,7,10000,1000,1000,0,3000,1/10/2023,2023-10-01,2025-11-09 06:51:02.752980,data/lms_loan_daily.csv,2023-10-01
CUS_0x6620_2023_02_01,CUS_0x6620,1/2/2023,10,8,10000,1000,0,8000,10000,1/10/2023,2023-10-01,2025-11-09 06:51:02.752980,data/lms_loan_daily.csv,2023-10-01
CUS_0x663_2023_10_01,CUS_0x663,1/10/2023,10,0,10000,0,0,0,10000,1/10/2023,2023-10-01,2025-11-09 06:51:02.752980,data/lms_loan_daily.csv,2023-10-01
CUS_0x663b_2023_06_01,CUS_0x663b,1/6/2023,10,4,10000,1000,1000,0,6000,1/10/2023,2023-10-01,2025-11-09 06:51:02.752980,data/lms_loan_daily.csv,2023-10-01
CUS_0x663d_2023_02_01,CUS_0x663d,1/2/2023,10,8,10000,1000,0,6000,8000,1/10/2023,2023-10-01,2025-11-09 06:51:02.752980,data/lms_loan_daily.csv,2023-10-01
CUS_0x663e_2023_06_01,CUS_0x663e,1/6/2023,10,4,10000,1000,1000,0,6000,1/10/2023,2023-10-01,2025-11-09 06:51:02.752980,data/lms_loan_daily.csv,2023-10-01
CUS_0x6640_2023_03_01,CUS_0x6640,1/3/2023,10,7,10000,1000,0,5000,8000,1/10/2023,2023-10-01,2025-11-09 06:51:02.752980,data/lms_loan_daily.csv,2023-10-01
CUS_0x664c_2023_10_01,CUS_0x664c,1/10/2023,10,0,10000,0,0,0,10000,1/10/2023,2023-10-01,2025-11-09 06:51:02.752980,data/lms_loan_daily.csv,2023-10-01
CUS_0x6664_2023_08_01,CUS_0x6664,1/8/2023,10,2,10000,1000,1000,0,8000,1/10/2023,2023-10-01,2025-11-09 06:51:02.752980,data/lms_loan_daily.csv,2023-10-01
CUS_0x6669_2023_07_01,CUS_0x6669,1/7/2023,10,3,10000,1000,0,1000,8000,1/10/2023,2023-10-01,2025-11-09 06:51:02.752980,data/lms_loan_daily.csv,2023-10-01
CUS_0x666a_2023_07_01,CUS_0x666a,1/7/2023,10,3,10000,1000,1000,0,7000,1/10/2023,2023-10-01,2025-11-09 06:51:02.752980,data/lms_loan_daily.csv,2023-10-01
CUS_0x666b_2023_09_01,CUS_0x666b,1/9/2023,10,1,10000,1000,1000,0,9000,1/10/2023,2023-10-01,2025-11-09 06:51:02.752980,data/lms_loan_daily.csv,2023-10-01
CUS_0x6672_2023_07_01,CUS_0x6672,1/7/2023,10,3,10000,1000,1000,0,7000,1/10/2023,2023-10-01,2025-11-09 06:51:02.752980,data/lms_loan_daily.csv,2023-10-01
CUS_0x6673_2023_07_01,CUS_0x6673,1/7/2023,10,3,10000,1000,1000,0,7000,1/10/2023,2023-10-01,2025-11-09 06:51:02.752980,data/lms_loan_daily.csv,2023-10-01
CUS_0x667d_2023_04_01,CUS_0x667d,1/4/2023,10,6,10000,1000,0,3000,7000,1/10/2023,2023-10-01,2025-11-09 06:51:02.752980,data/lms_loan_daily.csv,2023-10-01
CUS_0x6683_2023_09_01,CUS_0x6683,1/9/2023,10,1,10000,1000,1000,0,9000,1/10/2023,2023-10-01,2025-11-09 06:51:02.752980,data/lms_loan_daily.csv,2023-10-01
CUS_0x6694_2023_01_01,CUS_0x6694,1/1/2023,10,9,10000,1000,0,6000,7000,1/10/2023,2023-10-01,2025-11-09 06:51:02.752980,data/lms_loan_daily.csv,2023-10-01
CUS_0x66c7_2023_05_01,CUS_0x66c7,1/5/2023,10,5,10000,1000,0,2000,7000,1/10/2023,2023-10-01,2025-11-09 06:51:02.752980,data/lms_loan_daily.csv,2023-10-01
CUS_0x66d1_2023_08_01,CUS_0x66d1,1/8/2023,10,2,10000,1000,1000,0,8000,1/10/2023,2023-10-01,2025-11-09 06:51:02.752980,data/lms_loan_daily.csv,2023-10-01
CUS_0x66d4_2023_07_01,CUS_0x66d4,1/7/2023,10,3,10000,1000,0,3000,10000,1/10/2023,2023-10-01,2025-11-09 06:51:02.752980,data/lms_loan_daily.csv,2023-10-01
CUS_0x66d7_2023_03_01,CUS_0x66d7,1/3/2023,10,7,10000,1000,1000,0,3000,1/10/2023,2023-10-01,2025-11-09 06:51:02.752980,data/lms_loan_daily.csv,2023-10-01
CUS_0x66df_2023_08_01,CUS_0x66df,1/8/2023,10,2,10000,1000,1000,0,8000,1/10/2023,2023-10-01,2025-11-09 06:51:02.752980,data/lms_loan_daily.csv,2023-10-01
CUS_0x66fc_2023_10_01,CUS_0x66fc,1/10/2023,10,0,10000,0,0,0,10000,1/10/2023,2023-10-01,2025-11-09 06:51:02.752980,data/lms_loan_daily.csv,2023-10-01
CUS_0x6701_2023_01_01,CUS_0x6701,1/1/2023,10,9,10000,1000,0,8000,9000,1/10/2023,2023-10-01,2025-11-09 06:51:02.752980,data/lms_loan_daily.csv,2023-10-01
CUS_0x6709_2023_04_01,CUS_0x6709,1/4/2023,10,6,10000,1000,0,4000,8000,1/10/2023,2023-10-01,2025-11-09 06:51:02.752980,data/lms_loan_daily.csv,2023-10-01
CUS_0x6728_2023_07_01,CUS_0x6728,1/7/2023,10,3,10000,1000,1000,0,7000,1/10/2023,2023-10-01,2025-11-09 06:51:02.752980,data/lms_loan_daily.csv,2023-10-01
CUS_0x6733_2023_06_01,CUS_0x6733,1/6/2023,10,4,10000,1000,1000,0,6000,1/10/2023,2023-10-01,2025-11-09 06:51:02.752980,data/lms_loan_daily.csv,2023-10-01
CUS_0x6736_2023_03_01,CUS_0x6736,1/3/2023,10,7,10000,1000,1000,0,3000,1/10/2023,2023-10-01,2025-11-09 06:51:02.752980,data/lms_loan_daily.csv,2023-10-01
CUS_0x6743_2023_02_01,CUS_0x6743,1/2/2023,10,8,10000,1000,0,5000,7000,1/10/2023,2023-10-01,2025-11-09 06:51:02.752980,data/lms_loan_daily.csv,2023-10-01
CUS_0x6749_2023_10_01,CUS_0x6749,1/10/2023,10,0,10000,0,0,0,10000,1/10/2023,2023-10-01,2025-11-09 06:51:02.752980,data/lms_loan_daily.csv,2023-10-01
CUS_0x6752_2023_01_01,CUS_0x6752,1/1/2023,10,9,10000,1000,0,5000,6000,1/10/2023,2023-10-01,2025-11-09 06:51:02.752980,data/lms_loan_daily.csv,2023-10-01
CUS_0x675c_2023_05_01,CUS_0x675c,1/5/2023,10,5,10000,1000,0,3000,8000,1/10/2023,2023-10-01,2025-11-09 06:51:02.752980,data/lms_loan_daily.csv,2023-10-01
CUS_0x6779_2023_04_01,CUS_0x6779,1/4/2023,10,6,10000,1000,1000,0,4000,1/10/2023,2023-10-01,2025-11-09 06:51:02.752980,data/lms_loan_daily.csv,2023-10-01
CUS_0x677f_2023_03_01,CUS_0x677f,1/3/2023,10,7,10000,1000,0,6000,9000,1/10/2023,2023-10-01,2025-11-09 06:51:02.752980,data/lms_loan_daily.csv,2023-10-01
CUS_0x6799_2023_04_01,CUS_0x6799,1/4/2023,10,6,10000,1000,0,4000,8000,1/10/2023,2023-10-01,2025-11-09 06:51:02.752980,data/lms_loan_daily.csv,2023-10-01
CUS_0x67a9_2023_07_01,CUS_0x67a9,1/7/2023,10,3,10000,1000,1000,0,7000,1/10/2023,2023-10-01,2025-11-09 06:51:02.752980,data/lms_loan_daily.csv,2023-10-01
CUS_0x67b1_2023_03_01,CUS_0x67b1,1/3/2023,10,7,10000,1000,1000,0,3000,1/10/2023,2023-10-01,2025-11-09 06:51:02.752980,data/lms_loan_daily.csv,2023-10-01
CUS_0x67bc_2023_08_01,CUS_0x67bc,1/8/2023,10,2,10000,1000,1000,0,8000,1/10/2023,2023-10-01,2025-11-09 06:51:02.752980,data/lms_loan_daily.csv,2023-10-01
CUS_0x67c4_2023_03_01,CUS_0x67c4,1/3/2023,10,7,10000,1000,1000,0,3000,1/10/2023,2023-10-01,2025-11-09 06:51:02.752980,data/lms_loan_daily.csv,2023-10-01
CUS_0x67cb_2023_02_01,CUS_0x67cb,1/2/2023,10,8,10000,1000,1000,0,2000,1/10/2023,2023-10-01,2025-11-09 06:51:02.752980,data/lms_loan_daily.csv,2023-10-01
CUS_0x67d0_2023_05_01,CUS_0x67d0,1/5/2023,10,5,10000,1000,1000,0,5000,1/10/2023,2023-10-01,2025-11-09 06:51:02.752980,data/lms_loan_daily.csv,2023-10-01
CUS_0x67dc_2023_09_01,CUS_0x67dc,1/9/2023,10,1,10000,1000,1000,0,9000,1/10/2023,2023-10-01,2025-11-09 06:51:02.752980,data/lms_loan_daily.csv,2023-10-01
CUS_0x67e2_2023_05_01,CUS_0x67e2,1/5/2023,10,5,10000,1000,1000,0,5000,1/10/2023,2023-10-01,2025-11-09 06:51:02.752980,data/lms_loan_daily.csv,2023-10-01
CUS_0x67e4_2023_01_01,CUS_0x67e4,1/1/2023,10,9,10000,1000,1000,0,1000,1/10/2023,2023-10-01,2025-11-09 06:51:02.752980,data/lms_loan_daily.csv,2023-10-01
CUS_0x67eb_2023_06_01,CUS_0x67eb,1/6/2023,10,4,10000,1000,0,1000,7000,1/10/2023,2023-10-01,2025-11-09 06:51:02.752980,data/lms_loan_daily.csv,2023-10-01
CUS_0x67ec_2023_10_01,CUS_0x67ec,1/10/2023,10,0,10000,0,0,0,10000,1/10/2023,2023-10-01,2025-11-09 06:51:02.752980,data/lms_loan_daily.csv,2023-10-01
CUS_0x67f9_2023_03_01,CUS_0x67f9,1/3/2023,10,7,10000,1000,0,4000,7000,1/10/2023,2023-10-01,2025-11-09 06:51:02.752980,data/lms_loan_daily.csv,2023-10-01
CUS_0x6801_2023_04_01,CUS_0x6801,1/4/2023,10,6,10000,1000,1000,0,4000,1/10/2023,2023-10-01,2025-11-09 06:51:02.752980,data/lms_loan_daily.csv,2023-10-01
CUS_0x6808_2023_05_01,CUS_0x6808,1/5/2023,10,5,10000,1000,0,2000,7000,1/10/2023,2023-10-01,2025-11-09 06:51:02.752980,data/lms_loan_daily.csv,2023-10-01
CUS_0x6817_2023_03_01,CUS_0x6817,1/3/2023,10,7,10000,1000,1000,0,3000,1/10/2023,2023-10-01,2025-11-09 06:51:02.752980,data/lms_loan_daily.csv,2023-10-01
CUS_0x6819_2023_10_01,CUS_0x6819,1/10/2023,10,0,10000,0,0,0,10000,1/10/2023,2023-10-01,2025-11-09 06:51:02.752980,data/lms_loan_daily.csv,2023-10-01
CUS_0x681c_2023_10_01,CUS_0x681c,1/10/2023,10,0,10000,0,0,0,10000,1/10/2023,2023-10-01,2025-11-09 06:51:02.752980,data/lms_loan_daily.csv,2023-10-01
CUS_0x682b_2023_09_01,CUS_0x682b,1/9/2023,10,1,10000,1000,1000,0,9000,1/10/2023,2023-10-01,2025-11-09 06:51:02.752980,data/lms_loan_daily.csv,2023-10-01
CUS_0x683d_2023_05_01,CUS_0x683d,1/5/2023,10,5,10000,1000,1000,0,5000,1/10/2023,2023-10-01,2025-11-09 06:51:02.752980,data/lms_loan_daily.csv,2023-10-01
CUS_0x6846_2023_04_01,CUS_0x6846,1/4/2023,10,6,10000,1000,0,5000,9000,1/10/2023,2023-10-01,2025-11-09 06:51:02.752980,data/lms_loan_daily.csv,2023-10-01
CUS_0x684a_2023_09_01,CUS_0x684a,1/9/2023,10,1,10000,1000,1000,0,9000,1/10/2023,2023-10-01,2025-11-09 06:51:02.752980,data/lms_loan_daily.csv,2023-10-01
CUS_0x6850_2023_01_01,CUS_0x6850,1/1/2023,10,9,10000,1000,1000,0,1000,1/10/2023,2023-10-01,2025-11-09 06:51:02.752980,data/lms_loan_daily.csv,2023-10-01
CUS_0x6856_2023_04_01,CUS_0x6856,1/4/2023,10,6,10000,1000,1000,0,4000,1/10/2023,2023-10-01,2025-11-09 06:51:02.752980,data/lms_loan_daily.csv,2023-10-01
CUS_0x687c_2023_02_01,CUS_0x687c,1/2/2023,10,8,10000,1000,1000,0,2000,1/10/2023,2023-10-01,2025-11-09 06:51:02.752980,data/lms_loan_daily.csv,2023-10-01
CUS_0x687f_2023_08_01,CUS_0x687f,1/8/2023,10,2,10000,1000,2000,0,8000,1/10/2023,2023-10-01,2025-11-09 06:51:02.752980,data/lms_loan_daily.csv,2023-10-01
CUS_0x689_2023_05_01,CUS_0x689,1/5/2023,10,5,10000,1000,1000,0,5000,1/10/2023,2023-10-01,2025-11-09 06:51:02.752980,data/lms_loan_daily.csv,2023-10-01
CUS_0x689b_2023_01_01,CUS_0x689b,1/1/2023,10,9,10000,1000,0,8000,9000,1/10/2023,2023-10-01,2025-11-09 06:51:02.752980,data/lms_loan_daily.csv,2023-10-01
CUS_0x689e_2023_06_01,CUS_0x689e,1/6/2023,10,4,10000,1000,0,1000,7000,1/10/2023,2023-10-01,2025-11-09 06:51:02.752980,data/lms_loan_daily.csv,2023-10-01
CUS_0x68a8_2023_05_01,CUS_0x68a8,1/5/2023,10,5,10000,1000,0,2000,7000,1/10/2023,2023-10-01,2025-11-09 06:51:02.752980,data/lms_loan_daily.csv,2023-10-01
CUS_0x68ad_2023_10_01,CUS_0x68ad,1/10/2023,10,0,10000,0,0,0,10000,1/10/2023,2023-10-01,2025-11-09 06:51:02.752980,data/lms_loan_daily.csv,2023-10-01
CUS_0x68b5_2023_06_01,CUS_0x68b5,1/6/2023,10,4,10000,1000,1000,0,6000,1/10/2023,2023-10-01,2025-11-09 06:51:02.752980,data/lms_loan_daily.csv,2023-10-01
CUS_0x68cb_2023_06_01,CUS_0x68cb,1/6/2023,10,4,10000,1000,1000,0,6000,1/10/2023,2023-10-01,2025-11-09 06:51:02.752980,data/lms_loan_daily.csv,2023-10-01
CUS_0x68cd_2023_04_01,CUS_0x68cd,1/4/2023,10,6,10000,1000,1000,0,4000,1/10/2023,2023-10-01,2025-11-09 06:51:02.752980,data/lms_loan_daily.csv,2023-10-01
CUS_0x68ce_2023_04_01,CUS_0x68ce,1/4/2023,10,6,10000,1000,1000,0,4000,1/10/2023,2023-10-01,2025-11-09 06:51:02.752980,data/lms_loan_daily.csv,2023-10-01
CUS_0x68cf_2023_06_01,CUS_0x68cf,1/6/2023,10,4,10000,1000,0,1000,7000,1/10/2023,2023-10-01,2025-11-09 06:51:02.752980,data/lms_loan_daily.csv,2023-10-01
CUS_0x68d8_2023_04_01,CUS_0x68d8,1/4/2023,10,6,10000,1000,1000,0,4000,1/10/2023,2023-10-01,2025-11-09 06:51:02.752980,data/lms_loan_daily.csv,2023-10-01
CUS_0x68d9_2023_10_01,CUS_0x68d9,1/10/2023,10,0,10000,0,0,0,10000,1/10/2023,2023-10-01,2025-11-09 06:51:02.752980,data/lms_loan_daily.csv,2023-10-01
CUS_0x68dc_2023_05_01,CUS_0x68dc,1/5/2023,10,5,10000,1000,0,1000,6000,1/10/2023,2023-10-01,2025-11-09 06:51:02.752980,data/lms_loan_daily.csv,2023-10-01
CUS_0x68df_2023_03_01,CUS_0x68df,1/3/2023,10,7,10000,1000,1000,0,3000,1/10/2023,2023-10-01,2025-11-09 06:51:02.752980,data/lms_loan_daily.csv,2023-10-01
CUS_0x68e1_2023_09_01,CUS_0x68e1,1/9/2023,10,1,10000,1000,1000,0,9000,1/10/2023,2023-10-01,2025-11-09 06:51:02.752980,data/lms_loan_daily.csv,2023-10-01
CUS_0x68ee_2023_06_01,CUS_0x68ee,1/6/2023,10,4,10000,1000,1000,0,6000,1/10/2023,2023-10-01,2025-11-09 06:51:02.752980,data/lms_loan_daily.csv,2023-10-01
CUS_0x68f8_2023_07_01,CUS_0x68f8,1/7/2023,10,3,10000,1000,1000,0,7000,1/10/2023,2023-10-01,2025-11-09 06:51:02.752980,data/lms_loan_daily.csv,2023-10-01
CUS_0x6902_2023_06_01,CUS_0x6902,1/6/2023,10,4,10000,1000,0,2000,8000,1/10/2023,2023-10-01,2025-11-09 06:51:02.752980,data/lms_loan_daily.csv,2023-10-01
CUS_0x6908_2023_08_01,CUS_0x6908,1/8/2023,10,2,10000,1000,1000,0,8000,1/10/2023,2023-10-01,2025-11-09 06:51:02.752980,data/lms_loan_daily.csv,2023-10-01
CUS_0x6915_2023_01_01,CUS_0x6915,1/1/2023,10,9,10000,1000,0,6000,7000,1/10/2023,2023-10-01,2025-11-09 06:51:02.752980,data/lms_loan_daily.csv,2023-10-01
CUS_0x6926_2023_03_01,CUS_0x6926,1/3/2023,10,7,10000,1000,1000,0,3000,1/10/2023,2023-10-01,2025-11-09 06:51:02.752980,data/lms_loan_daily.csv,2023-10-01
CUS_0x6928_2023_07_01,CUS_0x6928,1/7/2023,10,3,10000,1000,0,1000,8000,1/10/2023,2023-10-01,2025-11-09 06:51:02.752980,data/lms_loan_daily.csv,2023-10-01
CUS_0x693a_2023_05_01,CUS_0x693a,1/5/2023,10,5,10000,1000,0,3000,8000,1/10/2023,2023-10-01,2025-11-09 06:51:02.752980,data/lms_loan_daily.csv,2023-10-01
CUS_0x6958_2023_03_01,CUS_0x6958,1/3/2023,10,7,10000,1000,1000,0,3000,1/10/2023,2023-10-01,2025-11-09 06:51:02.752980,data/lms_loan_daily.csv,2023-10-01
CUS_0x695c_2023_01_01,CUS_0x695c,1/1/2023,10,9,10000,1000,1000,0,1000,1/10/2023,2023-10-01,2025-11-09 06:51:02.752980,data/lms_loan_daily.csv,2023-10-01
CUS_0x695e_2023_04_01,CUS_0x695e,1/4/2023,10,6,10000,1000,1000,0,4000,1/10/2023,2023-10-01,2025-11-09 06:51:02.752980,data/lms_loan_daily.csv,2023-10-01
CUS_0x6968_2023_06_01,CUS_0x6968,1/6/2023,10,4,10000,1000,1000,0,6000,1/10/2023,2023-10-01,2025-11-09 06:51:02.752980,data/lms_loan_daily.csv,2023-10-01
CUS_0x696c_2023_10_01,CUS_0x696c,1/10/2023,10,0,10000,0,0,0,10000,1/10/2023,2023-10-01,2025-11-09 06:51:02.752980,data/lms_loan_daily.csv,2023-10-01
CUS_0x6974_2023_04_01,CUS_0x6974,1/4/2023,10,6,10000,1000,1000,0,4000,1/10/2023,2023-10-01,2025-11-09 06:51:02.752980,data/lms_loan_daily.csv,2023-10-01
CUS_0x697d_2023_01_01,CUS_0x697d,1/1/2023,10,9,10000,1000,1000,0,1000,1/10/2023,2023-10-01,2025-11-09 06:51:02.752980,data/lms_loan_daily.csv,2023-10-01
CUS_0x697f_2023_04_01,CUS_0x697f,1/4/2023,10,6,10000,1000,0,3000,7000,1/10/2023,2023-10-01,2025-11-09 06:51:02.752980,data/lms_loan_daily.csv,2023-10-01
CUS_0x6983_2023_06_01,CUS_0x6983,1/6/2023,10,4,10000,1000,3000,0,6000,1/10/2023,2023-10-01,2025-11-09 06:51:02.752980,data/lms_loan_daily.csv,2023-10-01
CUS_0x6985_2023_04_01,CUS_0x6985,1/4/2023,10,6,10000,1000,0,4000,8000,1/10/2023,2023-10-01,2025-11-09 06:51:02.752980,data/lms_loan_daily.csv,2023-10-01
CUS_0x699_2023_01_01,CUS_0x699,1/1/2023,10,9,10000,1000,1000,0,1000,1/10/2023,2023-10-01,2025-11-09 06:51:02.752980,data/lms_loan_daily.csv,2023-10-01
CUS_0x6998_2023_04_01,CUS_0x6998,1/4/2023,10,6,10000,1000,1000,0,4000,1/10/2023,2023-10-01,2025-11-09 06:51:02.752980,data/lms_loan_daily.csv,2023-10-01
CUS_0x699d_2023_04_01,CUS_0x699d,1/4/2023,10,6,10000,1000,1000,0,4000,1/10/2023,2023-10-01,2025-11-09 06:51:02.752980,data/lms_loan_daily.csv,2023-10-01
CUS_0x699f_2023_08_01,CUS_0x699f,1/8/2023,10,2,10000,1000,1000,0,8000,1/10/2023,2023-10-01,2025-11-09 06:51:02.752980,data/lms_loan_daily.csv,2023-10-01
CUS_0x69a6_2023_08_01,CUS_0x69a6,1/8/2023,10,2,10000,1000,1000,0,8000,1/10/2023,2023-10-01,2025-11-09 06:51:02.752980,data/lms_loan_daily.csv,2023-10-01
CUS_0x69a8_2023_02_01,CUS_0x69a8,1/2/2023,10,8,10000,1000,1000,0,2000,1/10/2023,2023-10-01,2025-11-09 06:51:02.752980,data/lms_loan_daily.csv,2023-10-01
CUS_0x69aa_2023_08_01,CUS_0x69aa,1/8/2023,10,2,10000,1000,1000,0,8000,1/10/2023,2023-10-01,2025-11-09 06:51:02.752980,data/lms_loan_daily.csv,2023-10-01
CUS_0x69b1_2023_06_01,CUS_0x69b1,1/6/2023,10,4,10000,1000,1000,0,6000,1/10/2023,2023-10-01,2025-11-09 06:51:02.752980,data/lms_loan_daily.csv,2023-10-01
CUS_0x69bb_2023_04_01,CUS_0x69bb,1/4/2023,10,6,10000,1000,0,3000,7000,1/10/2023,2023-10-01,2025-11-09 06:51:02.752980,data/lms_loan_daily.csv,2023-10-01
CUS_0x69be_2023_01_01,CUS_0x69be,1/1/2023,10,9,10000,1000,1000,0,1000,1/10/2023,2023-10-01,2025-11-09 06:51:02.752980,data/lms_loan_daily.csv,2023-10-01
CUS_0x69c6_2023_05_01,CUS_0x69c6,1/5/2023,10,5,10000,1000,1000,0,5000,1/10/2023,2023-10-01,2025-11-09 06:51:02.752980,data/lms_loan_daily.csv,2023-10-01
CUS_0x69c8_2023_04_01,CUS_0x69c8,1/4/2023,10,6,10000,1000,1000,0,4000,1/10/2023,2023-10-01,2025-11-09 06:51:02.752980,data/lms_loan_daily.csv,2023-10-01
CUS_0x69d9_2023_06_01,CUS_0x69d9,1/6/2023,10,4,10000,1000,1000,0,6000,1/10/2023,2023-10-01,2025-11-09 06:51:02.752980,data/lms_loan_daily.csv,2023-10-01
CUS_0x69df_2023_03_01,CUS_0x69df,1/3/2023,10,7,10000,1000,1000,0,3000,1/10/2023,2023-10-01,2025-11-09 06:51:02.752980,data/lms_loan_daily.csv,2023-10-01
CUS_0x69e5_2023_07_01,CUS_0x69e5,1/7/2023,10,3,10000,1000,1000,0,7000,1/10/2023,2023-10-01,2025-11-09 06:51:02.752980,data/lms_loan_daily.csv,2023-10-01
CUS_0x69f0_2023_10_01,CUS_0x69f0,1/10/2023,10,0,10000,0,0,0,10000,1/10/2023,2023-10-01,2025-11-09 06:51:02.752980,data/lms_loan_daily.csv,2023-10-01
CUS_0x69f3_2023_06_01,CUS_0x69f3,1/6/2023,10,4,10000,1000,1000,0,6000,1/10/2023,2023-10-01,2025-11-09 06:51:02.752980,data/lms_loan_daily.csv,2023-10-01
CUS_0x69ff_2023_01_01,CUS_0x69ff,1/1/2023,10,9,10000,1000,1000,0,1000,1/10/2023,2023-10-01,2025-11-09 06:51:02.752980,data/lms_loan_daily.csv,2023-10-01
CUS_0x6a17_2023_04_01,CUS_0x6a17,1/4/2023,10,6,10000,1000,0,2000,6000,1/10/2023,2023-10-01,2025-11-09 06:51:02.752980,data/lms_loan_daily.csv,2023-10-01
CUS_0x6a1a_2023_07_01,CUS_0x6a1a,1/7/2023,10,3,10000,1000,1000,0,7000,1/10/2023,2023-10-01,2025-11-09 06:51:02.752980,data/lms_loan_daily.csv,2023-10-01
CUS_0x6a1b_2023_04_01,CUS_0x6a1b,1/4/2023,10,6,10000,1000,1000,0,4000,1/10/2023,2023-10-01,2025-11-09 06:51:02.752980,data/lms_loan_daily.csv,2023-10-01
CUS_0x6a29_2023_10_01,CUS_0x6a29,1/10/2023,10,0,10000,0,0,0,10000,1/10/2023,2023-10-01,2025-11-09 06:51:02.752980,data/lms_loan_daily.csv,2023-10-01
CUS_0x6a4b_2023_02_01,CUS_0x6a4b,1/2/2023,10,8,10000,1000,1000,0,2000,1/10/2023,2023-10-01,2025-11-09 06:51:02.752980,data/lms_loan_daily.csv,2023-10-01
CUS_0x6a50_2023_02_01,CUS_0x6a50,1/2/2023,10,8,10000,1000,1000,0,2000,1/10/2023,2023-10-01,2025-11-09 06:51:02.752980,data/lms_loan_daily.csv,2023-10-01
CUS_0x6a5f_2023_10_01,CUS_0x6a5f,1/10/2023,10,0,10000,0,0,0,10000,1/10/2023,2023-10-01,2025-11-09 06:51:02.752980,data/lms_loan_daily.csv,2023-10-01
CUS_0x6a66_2023_04_01,CUS_0x6a66,1/4/2023,10,6,10000,1000,1000,0,4000,1/10/2023,2023-10-01,2025-11-09 06:51:02.752980,data/lms_loan_daily.csv,2023-10-01
CUS_0x6a68_2023_03_01,CUS_0x6a68,1/3/2023,10,7,10000,1000,1000,0,3000,1/10/2023,2023-10-01,2025-11-09 06:51:02.752980,data/lms_loan_daily.csv,2023-10-01
CUS_0x6a6c_2023_08_01,CUS_0x6a6c,1/8/2023,10,2,10000,1000,1000,0,8000,1/10/2023,2023-10-01,2025-11-09 06:51:02.752980,data/lms_loan_daily.csv,2023-10-01
CUS_0x6a82_2023_08_01,CUS_0x6a82,1/8/2023,10,2,10000,1000,1000,0,8000,1/10/2023,2023-10-01,2025-11-09 06:51:02.752980,data/lms_loan_daily.csv,2023-10-01
CUS_0x6a8a_2023_01_01,CUS_0x6a8a,1/1/2023,10,9,10000,1000,1000,0,1000,1/10/2023,2023-10-01,2025-11-09 06:51:02.752980,data/lms_loan_daily.csv,2023-10-01
CUS_0x6a8f_2023_07_01,CUS_0x6a8f,1/7/2023,10,3,10000,1000,1000,0,7000,1/10/2023,2023-10-01,2025-11-09 06:51:02.752980,data/lms_loan_daily.csv,2023-10-01
CUS_0x6a9_2023_02_01,CUS_0x6a9,1/2/2023,10,8,10000,1000,1000,0,2000,1/10/2023,2023-10-01,2025-11-09 06:51:02.752980,data/lms_loan_daily.csv,2023-10-01
CUS_0x6a95_2023_02_01,CUS_0x6a95,1/2/2023,10,8,10000,1000,1000,0,2000,1/10/2023,2023-10-01,2025-11-09 06:51:02.752980,data/lms_loan_daily.csv,2023-10-01
CUS_0x6aa1_2023_04_01,CUS_0x6aa1,1/4/2023,10,6,10000,1000,0,3000,7000,1/10/2023,2023-10-01,2025-11-09 06:51:02.752980,data/lms_loan_daily.csv,2023-10-01
CUS_0x6ab0_2023_03_01,CUS_0x6ab0,1/3/2023,10,7,10000,1000,1000,0,3000,1/10/2023,2023-10-01,2025-11-09 06:51:02.752980,data/lms_loan_daily.csv,2023-10-01
CUS_0x6ab3_2023_01_01,CUS_0x6ab3,1/1/2023,10,9,10000,1000,1000,0,1000,1/10/2023,2023-10-01,2025-11-09 06:51:02.752980,data/lms_loan_daily.csv,2023-10-01
CUS_0x6ab5_2023_07_01,CUS_0x6ab5,1/7/2023,10,3,10000,1000,1000,0,7000,1/10/2023,2023-10-01,2025-11-09 06:51:02.752980,data/lms_loan_daily.csv,2023-10-01
CUS_0x6abf_2023_05_01,CUS_0x6abf,1/5/2023,10,5,10000,1000,1000,0,5000,1/10/2023,2023-10-01,2025-11-09 06:51:02.752980,data/lms_loan_daily.csv,2023-10-01
CUS_0x6ad2_2023_06_01,CUS_0x6ad2,1/6/2023,10,4,10000,1000,1000,0,6000,1/10/2023,2023-10-01,2025-11-09 06:51:02.752980,data/lms_loan_daily.csv,2023-10-01
CUS_0x6ada_2023_07_01,CUS_0x6ada,1/7/2023,10,3,10000,1000,1000,0,7000,1/10/2023,2023-10-01,2025-11-09 06:51:02.752980,data/lms_loan_daily.csv,2023-10-01
CUS_0x6afc_2023_04_01,CUS_0x6afc,1/4/2023,10,6,10000,1000,1000,0,4000,1/10/2023,2023-10-01,2025-11-09 06:51:02.752980,data/lms_loan_daily.csv,2023-10-01
CUS_0x6b0_2023_03_01,CUS_0x6b0,1/3/2023,10,7,10000,1000,1000,0,3000,1/10/2023,2023-10-01,2025-11-09 06:51:02.752980,data/lms_loan_daily.csv,2023-10-01
CUS_0x6b04_2023_02_01,CUS_0x6b04,1/2/2023,10,8,10000,1000,0,5000,7000,1/10/2023,2023-10-01,2025-11-09 06:51:02.752980,data/lms_loan_daily.csv,2023-10-01
CUS_0x6b0b_2023_10_01,CUS_0x6b0b,1/10/2023,10,0,10000,0,0,0,10000,1/10/2023,2023-10-01,2025-11-09 06:51:02.752980,data/lms_loan_daily.csv,2023-10-01
CUS_0x6b0c_2023_08_01,CUS_0x6b0c,1/8/2023,10,2,10000,1000,1000,0,8000,1/10/2023,2023-10-01,2025-11-09 06:51:02.752980,data/lms_loan_daily.csv,2023-10-01
CUS_0x6b1d_2023_01_01,CUS_0x6b1d,1/1/2023,10,9,10000,1000,1000,0,1000,1/10/2023,2023-10-01,2025-11-09 06:51:02.752980,data/lms_loan_daily.csv,2023-10-01
CUS_0x6b24_2023_06_01,CUS_0x6b24,1/6/2023,10,4,10000,1000,0,3000,9000,1/10/2023,2023-10-01,2025-11-09 06:51:02.752980,data/lms_loan_daily.csv,2023-10-01
CUS_0x6b35_2023_03_01,CUS_0x6b35,1/3/2023,10,7,10000,1000,0,3000,6000,1/10/2023,2023-10-01,2025-11-09 06:51:02.752980,data/lms_loan_daily.csv,2023-10-01
CUS_0x6b45_2023_03_01,CUS_0x6b45,1/3/2023,10,7,10000,1000,0,4000,7000,1/10/2023,2023-10-01,2025-11-09 06:51:02.752980,data/lms_loan_daily.csv,2023-10-01
CUS_0x6b50_2023_06_01,CUS_0x6b50,1/6/2023,10,4,10000,1000,0,2000,8000,1/10/2023,2023-10-01,2025-11-09 06:51:02.752980,data/lms_loan_daily.csv,2023-10-01
CUS_0x6b52_2023_01_01,CUS_0x6b52,1/1/2023,10,9,10000,1000,0,7000,8000,1/10/2023,2023-10-01,2025-11-09 06:51:02.752980,data/lms_loan_daily.csv,2023-10-01
CUS_0x6b59_2023_07_01,CUS_0x6b59,1/7/2023,10,3,10000,1000,0,1000,8000,1/10/2023,2023-10-01,2025-11-09 06:51:02.752980,data/lms_loan_daily.csv,2023-10-01
CUS_0x6b5f_2023_06_01,CUS_0x6b5f,1/6/2023,10,4,10000,1000,0,3000,9000,1/10/2023,2023-10-01,2025-11-09 06:51:02.752980,data/lms_loan_daily.csv,2023-10-01
CUS_0x6b6a_2023_04_01,CUS_0x6b6a,1/4/2023,10,6,10000,1000,1000,0,4000,1/10/2023,2023-10-01,2025-11-09 06:51:02.752980,data/lms_loan_daily.csv,2023-10-01
CUS_0x6b7_2023_02_01,CUS_0x6b7,1/2/2023,10,8,10000,1000,1000,0,2000,1/10/2023,2023-10-01,2025-11-09 06:51:02.752980,data/lms_loan_daily.csv,2023-10-01
CUS_0x6b79_2023_04_01,CUS_0x6b79,1/4/2023,10,6,10000,1000,1000,0,4000,1/10/2023,2023-10-01,2025-11-09 06:51:02.752980,data/lms_loan_daily.csv,2023-10-01
CUS_0x6b7c_2023_02_01,CUS_0x6b7c,1/2/2023,10,8,10000,1000,0,5000,7000,1/10/2023,2023-10-01,2025-11-09 06:51:02.752980,data/lms_loan_daily.csv,2023-10-01
CUS_0x6b82_2023_03_01,CUS_0x6b82,1/3/2023,10,7,10000,1000,0,3000,6000,1/10/2023,2023-10-01,2025-11-09 06:51:02.752980,data/lms_loan_daily.csv,2023-10-01
CUS_0x6b8d_2023_03_01,CUS_0x6b8d,1/3/2023,10,7,10000,1000,1000,0,3000,1/10/2023,2023-10-01,2025-11-09 06:51:02.752980,data/lms_loan_daily.csv,2023-10-01
CUS_0x6b9_2023_02_01,CUS_0x6b9,1/2/2023,10,8,10000,1000,1000,0,2000,1/10/2023,2023-10-01,2025-11-09 06:51:02.752980,data/lms_loan_daily.csv,2023-10-01
CUS_0x6b9d_2023_08_01,CUS_0x6b9d,1/8/2023,10,2,10000,1000,0,1000,9000,1/10/2023,2023-10-01,2025-11-09 06:51:02.752980,data/lms_loan_daily.csv,2023-10-01
CUS_0x6ba9_2023_05_01,CUS_0x6ba9,1/5/2023,10,5,10000,1000,1000,0,5000,1/10/2023,2023-10-01,2025-11-09 06:51:02.752980,data/lms_loan_daily.csv,2023-10-01
CUS_0x6bad_2023_07_01,CUS_0x6bad,1/7/2023,10,3,10000,1000,1000,0,7000,1/10/2023,2023-10-01,2025-11-09 06:51:02.752980,data/lms_loan_daily.csv,2023-10-01
CUS_0x6bb5_2023_06_01,CUS_0x6bb5,1/6/2023,10,4,10000,1000,1000,0,6000,1/10/2023,2023-10-01,2025-11-09 06:51:02.752980,data/lms_loan_daily.csv,2023-10-01
CUS_0x6bbe_2023_05_01,CUS_0x6bbe,1/5/2023,10,5,10000,1000,1000,0,5000,1/10/2023,2023-10-01,2025-11-09 06:51:02.752980,data/lms_loan_daily.csv,2023-10-01
CUS_0x6bd8_2023_03_01,CUS_0x6bd8,1/3/2023,10,7,10000,1000,1000,0,3000,1/10/2023,2023-10-01,2025-11-09 06:51:02.752980,data/lms_loan_daily.csv,2023-10-01
CUS_0x6bf5_2023_02_01,CUS_0x6bf5,1/2/2023,10,8,10000,1000,1000,0,2000,1/10/2023,2023-10-01,2025-11-09 06:51:02.752980,data/lms_loan_daily.csv,2023-10-01
CUS_0x6bff_2023_08_01,CUS_0x6bff,1/8/2023,10,2,10000,1000,0,1000,9000,1/10/2023,2023-10-01,2025-11-09 06:51:02.752980,data/lms_loan_daily.csv,2023-10-01
CUS_0x6c00_2023_07_01,CUS_0x6c00,1/7/2023,10,3,10000,1000,1000,0,7000,1/10/2023,2023-10-01,2025-11-09 06:51:02.752980,data/lms_loan_daily.csv,2023-10-01
CUS_0x6c0f_2023_06_01,CUS_0x6c0f,1/6/2023,10,4,10000,1000,1000,0,6000,1/10/2023,2023-10-01,2025-11-09 06:51:02.752980,data/lms_loan_daily.csv,2023-10-01
CUS_0x6c27_2023_10_01,CUS_0x6c27,1/10/2023,10,0,10000,0,0,0,10000,1/10/2023,2023-10-01,2025-11-09 06:51:02.752980,data/lms_loan_daily.csv,2023-10-01
CUS_0x6c2c_2023_04_01,CUS_0x6c2c,1/4/2023,10,6,10000,1000,0,3000,7000,1/10/2023,2023-10-01,2025-11-09 06:51:02.752980,data/lms_loan_daily.csv,2023-10-01
CUS_0x6c3b_2023_02_01,CUS_0x6c3b,1/2/2023,10,8,10000,1000,1000,0,2000,1/10/2023,2023-10-01,2025-11-09 06:51:02.752980,data/lms_loan_daily.csv,2023-10-01
CUS_0x6c4c_2023_06_01,CUS_0x6c4c,1/6/2023,10,4,10000,1000,1000,0,6000,1/10/2023,2023-10-01,2025-11-09 06:51:02.752980,data/lms_loan_daily.csv,2023-10-01
CUS_0x6c52_2023_07_01,CUS_0x6c52,1/7/2023,10,3,10000,1000,2000,0,7000,1/10/2023,2023-10-01,2025-11-09 06:51:02.752980,data/lms_loan_daily.csv,2023-10-01
CUS_0x6c53_2023_07_01,CUS_0x6c53,1/7/2023,10,3,10000,1000,1000,0,7000,1/10/2023,2023-10-01,2025-11-09 06:51:02.752980,data/lms_loan_daily.csv,2023-10-01
CUS_0x6c58_2023_09_01,CUS_0x6c58,1/9/2023,10,1,10000,1000,1000,0,9000,1/10/2023,2023-10-01,2025-11-09 06:51:02.752980,data/lms_loan_daily.csv,2023-10-01
CUS_0x6c5d_2023_02_01,CUS_0x6c5d,1/2/2023,10,8,10000,1000,1000,0,2000,1/10/2023,2023-10-01,2025-11-09 06:51:02.752980,data/lms_loan_daily.csv,2023-10-01
CUS_0x6c66_2023_04_01,CUS_0x6c66,1/4/2023,10,6,10000,1000,0,2000,6000,1/10/2023,2023-10-01,2025-11-09 06:51:02.752980,data/lms_loan_daily.csv,2023-10-01
CUS_0x6c71_2023_02_01,CUS_0x6c71,1/2/2023,10,8,10000,1000,0,6000,8000,1/10/2023,2023-10-01,2025-11-09 06:51:02.752980,data/lms_loan_daily.csv,2023-10-01
CUS_0x6c83_2023_10_01,CUS_0x6c83,1/10/2023,10,0,10000,0,0,0,10000,1/10/2023,2023-10-01,2025-11-09 06:51:02.752980,data/lms_loan_daily.csv,2023-10-01
CUS_0x6c85_2023_06_01,CUS_0x6c85,1/6/2023,10,4,10000,1000,1000,0,6000,1/10/2023,2023-10-01,2025-11-09 06:51:02.752980,data/lms_loan_daily.csv,2023-10-01
CUS_0x6c88_2023_10_01,CUS_0x6c88,1/10/2023,10,0,10000,0,0,0,10000,1/10/2023,2023-10-01,2025-11-09 06:51:02.752980,data/lms_loan_daily.csv,2023-10-01
CUS_0x6c8b_2023_06_01,CUS_0x6c8b,1/6/2023,10,4,10000,1000,1000,0,6000,1/10/2023,2023-10-01,2025-11-09 06:51:02.752980,data/lms_loan_daily.csv,2023-10-01
CUS_0x6c8e_2023_09_01,CUS_0x6c8e,1/9/2023,10,1,10000,1000,1000,0,9000,1/10/2023,2023-10-01,2025-11-09 06:51:02.752980,data/lms_loan_daily.csv,2023-10-01
CUS_0x6c8f_2023_02_01,CUS_0x6c8f,1/2/2023,10,8,10000,1000,1000,0,2000,1/10/2023,2023-10-01,2025-11-09 06:51:02.752980,data/lms_loan_daily.csv,2023-10-01
CUS_0x6c90_2023_07_01,CUS_0x6c90,1/7/2023,10,3,10000,1000,0,1000,8000,1/10/2023,2023-10-01,2025-11-09 06:51:02.752980,data/lms_loan_daily.csv,2023-10-01
CUS_0x6c95_2023_06_01,CUS_0x6c95,1/6/2023,10,4,10000,1000,1000,0,6000,1/10/2023,2023-10-01,2025-11-09 06:51:02.752980,data/lms_loan_daily.csv,2023-10-01
CUS_0x6c9d_2023_06_01,CUS_0x6c9d,1/6/2023,10,4,10000,1000,1000,0,6000,1/10/2023,2023-10-01,2025-11-09 06:51:02.752980,data/lms_loan_daily.csv,2023-10-01
CUS_0x6cad_2023_08_01,CUS_0x6cad,1/8/2023,10,2,10000,1000,1000,0,8000,1/10/2023,2023-10-01,2025-11-09 06:51:02.752980,data/lms_loan_daily.csv,2023-10-01
CUS_0x6cae_2023_08_01,CUS_0x6cae,1/8/2023,10,2,10000,1000,1000,0,8000,1/10/2023,2023-10-01,2025-11-09 06:51:02.752980,data/lms_loan_daily.csv,2023-10-01
CUS_0x6cb4_2023_07_01,CUS_0x6cb4,1/7/2023,10,3,10000,1000,0,1000,8000,1/10/2023,2023-10-01,2025-11-09 06:51:02.752980,data/lms_loan_daily.csv,2023-10-01
CUS_0x6cc_2023_06_01,CUS_0x6cc,1/6/2023,10,4,10000,1000,1000,0,6000,1/10/2023,2023-10-01,2025-11-09 06:51:02.752980,data/lms_loan_daily.csv,2023-10-01
CUS_0x6cc6_2023_07_01,CUS_0x6cc6,1/7/2023,10,3,10000,1000,1000,0,7000,1/10/2023,2023-10-01,2025-11-09 06:51:02.752980,data/lms_loan_daily.csv,2023-10-01
CUS_0x6cd1_2023_02_01,CUS_0x6cd1,1/2/2023,10,8,10000,1000,0,5000,7000,1/10/2023,2023-10-01,2025-11-09 06:51:02.752980,data/lms_loan_daily.csv,2023-10-01
CUS_0x6ce_2023_08_01,CUS_0x6ce,1/8/2023,10,2,10000,1000,1000,0,8000,1/10/2023,2023-10-01,2025-11-09 06:51:02.752980,data/lms_loan_daily.csv,2023-10-01
CUS_0x6cf3_2023_03_01,CUS_0x6cf3,1/3/2023,10,7,10000,1000,1000,0,3000,1/10/2023,2023-10-01,2025-11-09 06:51:02.752980,data/lms_loan_daily.csv,2023-10-01
CUS_0x6cf5_2023_05_01,CUS_0x6cf5,1/5/2023,10,5,10000,1000,1000,0,5000,1/10/2023,2023-10-01,2025-11-09 06:51:02.752980,data/lms_loan_daily.csv,2023-10-01
CUS_0x6cf6_2023_09_01,CUS_0x6cf6,1/9/2023,10,1,10000,1000,1000,0,9000,1/10/2023,2023-10-01,2025-11-09 06:51:02.752980,data/lms_loan_daily.csv,2023-10-01
CUS_0x6cfa_2023_02_01,CUS_0x6cfa,1/2/2023,10,8,10000,1000,1000,0,2000,1/10/2023,2023-10-01,2025-11-09 06:51:02.752980,data/lms_loan_daily.csv,2023-10-01
CUS_0x6d02_2023_03_01,CUS_0x6d02,1/3/2023,10,7,10000,1000,1000,0,3000,1/10/2023,2023-10-01,2025-11-09 06:51:02.752980,data/lms_loan_daily.csv,2023-10-01
CUS_0x6d04_2023_10_01,CUS_0x6d04,1/10/2023,10,0,10000,0,0,0,10000,1/10/2023,2023-10-01,2025-11-09 06:51:02.752980,data/lms_loan_daily.csv,2023-10-01
CUS_0x6d05_2023_01_01,CUS_0x6d05,1/1/2023,10,9,10000,1000,1000,0,1000,1/10/2023,2023-10-01,2025-11-09 06:51:02.752980,data/lms_loan_daily.csv,2023-10-01
CUS_0x6d0e_2023_02_01,CUS_0x6d0e,1/2/2023,10,8,10000,1000,1000,0,2000,1/10/2023,2023-10-01,2025-11-09 06:51:02.752980,data/lms_loan_daily.csv,2023-10-01
CUS_0x6d15_2023_06_01,CUS_0x6d15,1/6/2023,10,4,10000,1000,1000,0,6000,1/10/2023,2023-10-01,2025-11-09 06:51:02.752980,data/lms_loan_daily.csv,2023-10-01
CUS_0x6d17_2023_10_01,CUS_0x6d17,1/10/2023,10,0,10000,0,0,0,10000,1/10/2023,2023-10-01,2025-11-09 06:51:02.752980,data/lms_loan_daily.csv,2023-10-01
CUS_0x6d1e_2023_10_01,CUS_0x6d1e,1/10/2023,10,0,10000,0,0,0,10000,1/10/2023,2023-10-01,2025-11-09 06:51:02.752980,data/lms_loan_daily.csv,2023-10-01
CUS_0x6d22_2023_10_01,CUS_0x6d22,1/10/2023,10,0,10000,0,0,0,10000,1/10/2023,2023-10-01,2025-11-09 06:51:02.752980,data/lms_loan_daily.csv,2023-10-01
CUS_0x6d28_2023_06_01,CUS_0x6d28,1/6/2023,10,4,10000,1000,1000,0,6000,1/10/2023,2023-10-01,2025-11-09 06:51:02.752980,data/lms_loan_daily.csv,2023-10-01
CUS_0x6d3c_2023_07_01,CUS_0x6d3c,1/7/2023,10,3,10000,1000,1000,0,7000,1/10/2023,2023-10-01,2025-11-09 06:51:02.752980,data/lms_loan_daily.csv,2023-10-01
CUS_0x6d4_2023_01_01,CUS_0x6d4,1/1/2023,10,9,10000,1000,1000,0,1000,1/10/2023,2023-10-01,2025-11-09 06:51:02.752980,data/lms_loan_daily.csv,2023-10-01
CUS_0x6d55_2023_03_01,CUS_0x6d55,1/3/2023,10,7,10000,1000,1000,0,3000,1/10/2023,2023-10-01,2025-11-09 06:51:02.752980,data/lms_loan_daily.csv,2023-10-01
CUS_0x6d94_2023_10_01,CUS_0x6d94,1/10/2023,10,0,10000,0,0,0,10000,1/10/2023,2023-10-01,2025-11-09 06:51:02.752980,data/lms_loan_daily.csv,2023-10-01
CUS_0x6da3_2023_07_01,CUS_0x6da3,1/7/2023,10,3,10000,1000,1000,0,7000,1/10/2023,2023-10-01,2025-11-09 06:51:02.752980,data/lms_loan_daily.csv,2023-10-01
CUS_0x6daf_2023_06_01,CUS_0x6daf,1/6/2023,10,4,10000,1000,1000,0,6000,1/10/2023,2023-10-01,2025-11-09 06:51:02.752980,data/lms_loan_daily.csv,2023-10-01
CUS_0x6dbb_2023_03_01,CUS_0x6dbb,1/3/2023,10,7,10000,1000,1000,0,3000,1/10/2023,2023-10-01,2025-11-09 06:51:02.752980,data/lms_loan_daily.csv,2023-10-01
CUS_0x6dc9_2023_06_01,CUS_0x6dc9,1/6/2023,10,4,10000,1000,1000,0,6000,1/10/2023,2023-10-01,2025-11-09 06:51:02.752980,data/lms_loan_daily.csv,2023-10-01
CUS_0x6dcf_2023_06_01,CUS_0x6dcf,1/6/2023,10,4,10000,1000,1000,0,6000,1/10/2023,2023-10-01,2025-11-09 06:51:02.752980,data/lms_loan_daily.csv,2023-10-01
CUS_0x6de6_2023_08_01,CUS_0x6de6,1/8/2023,10,2,10000,1000,1000,0,8000,1/10/2023,2023-10-01,2025-11-09 06:51:02.752980,data/lms_loan_daily.csv,2023-10-01
CUS_0x6deb_2023_04_01,CUS_0x6deb,1/4/2023,10,6,10000,1000,1000,0,4000,1/10/2023,2023-10-01,2025-11-09 06:51:02.752980,data/lms_loan_daily.csv,2023-10-01
CUS_0x6dec_2023_02_01,CUS_0x6dec,1/2/2023,10,8,10000,1000,1000,0,2000,1/10/2023,2023-10-01,2025-11-09 06:51:02.752980,data/lms_loan_daily.csv,2023-10-01
CUS_0x6df1_2023_05_01,CUS_0x6df1,1/5/2023,10,5,10000,1000,1000,0,5000,1/10/2023,2023-10-01,2025-11-09 06:51:02.752980,data/lms_loan_daily.csv,2023-10-01
CUS_0x6df9_2023_08_01,CUS_0x6df9,1/8/2023,10,2,10000,1000,1000,0,8000,1/10/2023,2023-10-01,2025-11-09 06:51:02.752980,data/lms_loan_daily.csv,2023-10-01
CUS_0x6dfc_2023_04_01,CUS_0x6dfc,1/4/2023,10,6,10000,1000,1000,0,4000,1/10/2023,2023-10-01,2025-11-09 06:51:02.752980,data/lms_loan_daily.csv,2023-10-01
CUS_0x6e23_2023_10_01,CUS_0x6e23,1/10/2023,10,0,10000,0,0,0,10000,1/10/2023,2023-10-01,2025-11-09 06:51:02.752980,data/lms_loan_daily.csv,2023-10-01
CUS_0x6e2b_2023_10_01,CUS_0x6e2b,1/10/2023,10,0,10000,0,0,0,10000,1/10/2023,2023-10-01,2025-11-09 06:51:02.752980,data/lms_loan_daily.csv,2023-10-01
CUS_0x6e35_2023_09_01,CUS_0x6e35,1/9/2023,10,1,10000,1000,1000,0,9000,1/10/2023,2023-10-01,2025-11-09 06:51:02.752980,data/lms_loan_daily.csv,2023-10-01
CUS_0x6e36_2023_02_01,CUS_0x6e36,1/2/2023,10,8,10000,1000,1000,0,2000,1/10/2023,2023-10-01,2025-11-09 06:51:02.752980,data/lms_loan_daily.csv,2023-10-01
CUS_0x6e3b_2023_08_01,CUS_0x6e3b,1/8/2023,10,2,10000,1000,1000,0,8000,1/10/2023,2023-10-01,2025-11-09 06:51:02.752980,data/lms_loan_daily.csv,2023-10-01
CUS_0x6e43_2023_09_01,CUS_0x6e43,1/9/2023,10,1,10000,1000,1000,0,9000,1/10/2023,2023-10-01,2025-11-09 06:51:02.752980,data/lms_loan_daily.csv,2023-10-01
CUS_0x6e47_2023_10_01,CUS_0x6e47,1/10/2023,10,0,10000,0,0,0,10000,1/10/2023,2023-10-01,2025-11-09 06:51:02.752980,data/lms_loan_daily.csv,2023-10-01
CUS_0x6e58_2023_06_01,CUS_0x6e58,1/6/2023,10,4,10000,1000,1000,0,6000,1/10/2023,2023-10-01,2025-11-09 06:51:02.752980,data/lms_loan_daily.csv,2023-10-01
CUS_0x6e65_2023_04_01,CUS_0x6e65,1/4/2023,10,6,10000,1000,0,4000,8000,1/10/2023,2023-10-01,2025-11-09 06:51:02.752980,data/lms_loan_daily.csv,2023-10-01
CUS_0x6e6c_2023_09_01,CUS_0x6e6c,1/9/2023,10,1,10000,1000,1000,0,9000,1/10/2023,2023-10-01,2025-11-09 06:51:02.752980,data/lms_loan_daily.csv,2023-10-01
CUS_0x6e8_2023_03_01,CUS_0x6e8,1/3/2023,10,7,10000,1000,1000,0,3000,1/10/2023,2023-10-01,2025-11-09 06:51:02.752980,data/lms_loan_daily.csv,2023-10-01
CUS_0x6e9_2023_03_01,CUS_0x6e9,1/3/2023,10,7,10000,1000,1000,0,3000,1/10/2023,2023-10-01,2025-11-09 06:51:02.752980,data/lms_loan_daily.csv,2023-10-01
CUS_0x6ead_2023_04_01,CUS_0x6ead,1/4/2023,10,6,10000,1000,1000,0,4000,1/10/2023,2023-10-01,2025-11-09 06:51:02.752980,data/lms_loan_daily.csv,2023-10-01
CUS_0x6eb3_2023_09_01,CUS_0x6eb3,1/9/2023,10,1,10000,1000,1000,0,9000,1/10/2023,2023-10-01,2025-11-09 06:51:02.752980,data/lms_loan_daily.csv,2023-10-01
CUS_0x6ebb_2023_02_01,CUS_0x6ebb,1/2/2023,10,8,10000,1000,1000,0,2000,1/10/2023,2023-10-01,2025-11-09 06:51:02.752980,data/lms_loan_daily.csv,2023-10-01
CUS_0x6ed3_2023_05_01,CUS_0x6ed3,1/5/2023,10,5,10000,1000,1000,0,5000,1/10/2023,2023-10-01,2025-11-09 06:51:02.752980,data/lms_loan_daily.csv,2023-10-01
CUS_0x6ed8_2023_05_01,CUS_0x6ed8,1/5/2023,10,5,10000,1000,1000,0,5000,1/10/2023,2023-10-01,2025-11-09 06:51:02.752980,data/lms_loan_daily.csv,2023-10-01
CUS_0x6ee_2023_01_01,CUS_0x6ee,1/1/2023,10,9,10000,1000,0,5000,6000,1/10/2023,2023-10-01,2025-11-09 06:51:02.752980,data/lms_loan_daily.csv,2023-10-01
CUS_0x6ef_2023_02_01,CUS_0x6ef,1/2/2023,10,8,10000,1000,1000,0,2000,1/10/2023,2023-10-01,2025-11-09 06:51:02.752980,data/lms_loan_daily.csv,2023-10-01
CUS_0x6f04_2023_07_01,CUS_0x6f04,1/7/2023,10,3,10000,1000,0,1000,8000,1/10/2023,2023-10-01,2025-11-09 06:51:02.752980,data/lms_loan_daily.csv,2023-10-01
CUS_0x6f09_2023_03_01,CUS_0x6f09,1/3/2023,10,7,10000,1000,0,6000,9000,1/10/2023,2023-10-01,2025-11-09 06:51:02.752980,data/lms_loan_daily.csv,2023-10-01
CUS_0x6f0a_2023_05_01,CUS_0x6f0a,1/5/2023,10,5,10000,1000,0,3000,8000,1/10/2023,2023-10-01,2025-11-09 06:51:02.752980,data/lms_loan_daily.csv,2023-10-01
CUS_0x6f0b_2023_09_01,CUS_0x6f0b,1/9/2023,10,1,10000,1000,1000,0,9000,1/10/2023,2023-10-01,2025-11-09 06:51:02.752980,data/lms_loan_daily.csv,2023-10-01
CUS_0x6f0c_2023_03_01,CUS_0x6f0c,1/3/2023,10,7,10000,1000,1000,0,3000,1/10/2023,2023-10-01,2025-11-09 06:51:02.752980,data/lms_loan_daily.csv,2023-10-01
CUS_0x6f11_2023_01_01,CUS_0x6f11,1/1/2023,10,9,10000,1000,1000,0,1000,1/10/2023,2023-10-01,2025-11-09 06:51:02.752980,data/lms_loan_daily.csv,2023-10-01
CUS_0x6f40_2023_10_01,CUS_0x6f40,1/10/2023,10,0,10000,0,0,0,10000,1/10/2023,2023-10-01,2025-11-09 06:51:02.752980,data/lms_loan_daily.csv,2023-10-01
CUS_0x6f4a_2023_01_01,CUS_0x6f4a,1/1/2023,10,9,10000,1000,1000,0,1000,1/10/2023,2023-10-01,2025-11-09 06:51:02.752980,data/lms_loan_daily.csv,2023-10-01
CUS_0x6f4c_2023_05_01,CUS_0x6f4c,1/5/2023,10,5,10000,1000,0,3000,8000,1/10/2023,2023-10-01,2025-11-09 06:51:02.752980,data/lms_loan_daily.csv,2023-10-01
CUS_0x6f4d_2023_03_01,CUS_0x6f4d,1/3/2023,10,7,10000,1000,1000,0,3000,1/10/2023,2023-10-01,2025-11-09 06:51:02.752980,data/lms_loan_daily.csv,2023-10-01
CUS_0x6f5c_2023_03_01,CUS_0x6f5c,1/3/2023,10,7,10000,1000,1000,0,3000,1/10/2023,2023-10-01,2025-11-09 06:51:02.752980,data/lms_loan_daily.csv,2023-10-01
CUS_0x6f5d_2023_01_01,CUS_0x6f5d,1/1/2023,10,9,10000,1000,0,6000,7000,1/10/2023,2023-10-01,2025-11-09 06:51:02.752980,data/lms_loan_daily.csv,2023-10-01
CUS_0x6f62_2023_03_01,CUS_0x6f62,1/3/2023,10,7,10000,1000,0,6000,9000,1/10/2023,2023-10-01,2025-11-09 06:51:02.752980,data/lms_loan_daily.csv,2023-10-01
CUS_0x6f69_2023_07_01,CUS_0x6f69,1/7/2023,10,3,10000,1000,0,1000,8000,1/10/2023,2023-10-01,2025-11-09 06:51:02.752980,data/lms_loan_daily.csv,2023-10-01
CUS_0x6f78_2023_07_01,CUS_0x6f78,1/7/2023,10,3,10000,1000,1000,0,7000,1/10/2023,2023-10-01,2025-11-09 06:51:02.752980,data/lms_loan_daily.csv,2023-10-01
CUS_0x6f7b_2023_09_01,CUS_0x6f7b,1/9/2023,10,1,10000,1000,1000,0,9000,1/10/2023,2023-10-01,2025-11-09 06:51:02.752980,data/lms_loan_daily.csv,2023-10-01
CUS_0x6f84_2023_07_01,CUS_0x6f84,1/7/2023,10,3,10000,1000,1000,0,7000,1/10/2023,2023-10-01,2025-11-09 06:51:02.752980,data/lms_loan_daily.csv,2023-10-01
CUS_0x6f88_2023_09_01,CUS_0x6f88,1/9/2023,10,1,10000,1000,1000,0,9000,1/10/2023,2023-10-01,2025-11-09 06:51:02.752980,data/lms_loan_daily.csv,2023-10-01
CUS_0x6f8b_2023_10_01,CUS_0x6f8b,1/10/2023,10,0,10000,0,0,0,10000,1/10/2023,2023-10-01,2025-11-09 06:51:02.752980,data/lms_loan_daily.csv,2023-10-01
CUS_0x6f91_2023_03_01,CUS_0x6f91,1/3/2023,10,7,10000,1000,0,3000,6000,1/10/2023,2023-10-01,2025-11-09 06:51:02.752980,data/lms_loan_daily.csv,2023-10-01
CUS_0x6f92_2023_05_01,CUS_0x6f92,1/5/2023,10,5,10000,1000,0,3000,8000,1/10/2023,2023-10-01,2025-11-09 06:51:02.752980,data/lms_loan_daily.csv,2023-10-01
CUS_0x6f95_2023_01_01,CUS_0x6f95,1/1/2023,10,9,10000,1000,1000,0,1000,1/10/2023,2023-10-01,2025-11-09 06:51:02.752980,data/lms_loan_daily.csv,2023-10-01
CUS_0x6f9b_2023_04_01,CUS_0x6f9b,1/4/2023,10,6,10000,1000,1000,0,4000,1/10/2023,2023-10-01,2025-11-09 06:51:02.752980,data/lms_loan_daily.csv,2023-10-01
CUS_0x6f9d_2023_05_01,CUS_0x6f9d,1/5/2023,10,5,10000,1000,1000,0,5000,1/10/2023,2023-10-01,2025-11-09 06:51:02.752980,data/lms_loan_daily.csv,2023-10-01
CUS_0x6fa_2023_02_01,CUS_0x6fa,1/2/2023,10,8,10000,1000,1000,0,2000,1/10/2023,2023-10-01,2025-11-09 06:51:02.752980,data/lms_loan_daily.csv,2023-10-01
CUS_0x6fa7_2023_05_01,CUS_0x6fa7,1/5/2023,10,5,10000,1000,1000,0,5000,1/10/2023,2023-10-01,2025-11-09 06:51:02.752980,data/lms_loan_daily.csv,2023-10-01
CUS_0x6fb1_2023_07_01,CUS_0x6fb1,1/7/2023,10,3,10000,1000,1000,0,7000,1/10/2023,2023-10-01,2025-11-09 06:51:02.752980,data/lms_loan_daily.csv,2023-10-01
CUS_0x6fb2_2023_07_01,CUS_0x6fb2,1/7/2023,10,3,10000,1000,1000,0,7000,1/10/2023,2023-10-01,2025-11-09 06:51:02.752980,data/lms_loan_daily.csv,2023-10-01
CUS_0x6fb4_2023_09_01,CUS_0x6fb4,1/9/2023,10,1,10000,1000,1000,0,9000,1/10/2023,2023-10-01,2025-11-09 06:51:02.752980,data/lms_loan_daily.csv,2023-10-01
CUS_0x6fbb_2023_09_01,CUS_0x6fbb,1/9/2023,10,1,10000,1000,1000,0,9000,1/10/2023,2023-10-01,2025-11-09 06:51:02.752980,data/lms_loan_daily.csv,2023-10-01
CUS_0x6fbc_2023_08_01,CUS_0x6fbc,1/8/2023,10,2,10000,1000,0,1000,9000,1/10/2023,2023-10-01,2025-11-09 06:51:02.752980,data/lms_loan_daily.csv,2023-10-01
CUS_0x6fbf_2023_08_01,CUS_0x6fbf,1/8/2023,10,2,10000,1000,0,1000,9000,1/10/2023,2023-10-01,2025-11-09 06:51:02.752980,data/lms_loan_daily.csv,2023-10-01
CUS_0x6fd5_2023_06_01,CUS_0x6fd5,1/6/2023,10,4,10000,1000,0,1000,7000,1/10/2023,2023-10-01,2025-11-09 06:51:02.752980,data/lms_loan_daily.csv,2023-10-01
CUS_0x6fd9_2023_04_01,CUS_0x6fd9,1/4/2023,10,6,10000,1000,1000,0,4000,1/10/2023,2023-10-01,2025-11-09 06:51:02.752980,data/lms_loan_daily.csv,2023-10-01
CUS_0x6fea_2023_01_01,CUS_0x6fea,1/1/2023,10,9,10000,1000,1000,0,1000,1/10/2023,2023-10-01,2025-11-09 06:51:02.752980,data/lms_loan_daily.csv,2023-10-01
CUS_0x6ff5_2023_03_01,CUS_0x6ff5,1/3/2023,10,7,10000,1000,1000,0,3000,1/10/2023,2023-10-01,2025-11-09 06:51:02.752980,data/lms_loan_daily.csv,2023-10-01
CUS_0x6ffa_2023_02_01,CUS_0x6ffa,1/2/2023,10,8,10000,1000,1000,0,2000,1/10/2023,2023-10-01,2025-11-09 06:51:02.752980,data/lms_loan_daily.csv,2023-10-01
CUS_0x6ffb_2023_01_01,CUS_0x6ffb,1/1/2023,10,9,10000,1000,1000,0,1000,1/10/2023,2023-10-01,2025-11-09 06:51:02.752980,data/lms_loan_daily.csv,2023-10-01
CUS_0x6fff_2023_06_01,CUS_0x6fff,1/6/2023,10,4,10000,1000,1000,0,6000,1/10/2023,2023-10-01,2025-11-09 06:51:02.752980,data/lms_loan_daily.csv,2023-10-01
CUS_0x701f_2023_04_01,CUS_0x701f,1/4/2023,10,6,10000,1000,1000,0,4000,1/10/2023,2023-10-01,2025-11-09 06:51:02.752980,data/lms_loan_daily.csv,2023-10-01
CUS_0x7029_2023_09_01,CUS_0x7029,1/9/2023,10,1,10000,1000,1000,0,9000,1/10/2023,2023-10-01,2025-11-09 06:51:02.752980,data/lms_loan_daily.csv,2023-10-01
CUS_0x7032_2023_05_01,CUS_0x7032,1/5/2023,10,5,10000,1000,1000,0,5000,1/10/2023,2023-10-01,2025-11-09 06:51:02.752980,data/lms_loan_daily.csv,2023-10-01
CUS_0x7033_2023_03_01,CUS_0x7033,1/3/2023,10,7,10000,1000,1000,0,3000,1/10/2023,2023-10-01,2025-11-09 06:51:02.752980,data/lms_loan_daily.csv,2023-10-01
CUS_0x703c_2023_07_01,CUS_0x703c,1/7/2023,10,3,10000,1000,1000,0,7000,1/10/2023,2023-10-01,2025-11-09 06:51:02.752980,data/lms_loan_daily.csv,2023-10-01
CUS_0x703f_2023_01_01,CUS_0x703f,1/1/2023,10,9,10000,1000,1000,0,1000,1/10/2023,2023-10-01,2025-11-09 06:51:02.752980,data/lms_loan_daily.csv,2023-10-01
CUS_0x7044_2023_08_01,CUS_0x7044,1/8/2023,10,2,10000,1000,1000,0,8000,1/10/2023,2023-10-01,2025-11-09 06:51:02.752980,data/lms_loan_daily.csv,2023-10-01
CUS_0x7051_2023_06_01,CUS_0x7051,1/6/2023,10,4,10000,1000,1000,0,6000,1/10/2023,2023-10-01,2025-11-09 06:51:02.752980,data/lms_loan_daily.csv,2023-10-01
CUS_0x705d_2023_02_01,CUS_0x705d,1/2/2023,10,8,10000,1000,1000,0,2000,1/10/2023,2023-10-01,2025-11-09 06:51:02.752980,data/lms_loan_daily.csv,2023-10-01
CUS_0x705e_2023_08_01,CUS_0x705e,1/8/2023,10,2,10000,1000,1000,0,8000,1/10/2023,2023-10-01,2025-11-09 06:51:02.752980,data/lms_loan_daily.csv,2023-10-01
CUS_0x706a_2023_04_01,CUS_0x706a,1/4/2023,10,6,10000,1000,1000,0,4000,1/10/2023,2023-10-01,2025-11-09 06:51:02.752980,data/lms_loan_daily.csv,2023-10-01
CUS_0x706d_2023_04_01,CUS_0x706d,1/4/2023,10,6,10000,1000,0,5000,9000,1/10/2023,2023-10-01,2025-11-09 06:51:02.752980,data/lms_loan_daily.csv,2023-10-01
CUS_0x707a_2023_02_01,CUS_0x707a,1/2/2023,10,8,10000,1000,1000,0,2000,1/10/2023,2023-10-01,2025-11-09 06:51:02.752980,data/lms_loan_daily.csv,2023-10-01
CUS_0x707d_2023_01_01,CUS_0x707d,1/1/2023,10,9,10000,1000,1000,0,1000,1/10/2023,2023-10-01,2025-11-09 06:51:02.752980,data/lms_loan_daily.csv,2023-10-01
CUS_0x7080_2023_07_01,CUS_0x7080,1/7/2023,10,3,10000,1000,0,1000,8000,1/10/2023,2023-10-01,2025-11-09 06:51:02.752980,data/lms_loan_daily.csv,2023-10-01
CUS_0x7084_2023_10_01,CUS_0x7084,1/10/2023,10,0,10000,0,0,0,10000,1/10/2023,2023-10-01,2025-11-09 06:51:02.752980,data/lms_loan_daily.csv,2023-10-01
CUS_0x7088_2023_04_01,CUS_0x7088,1/4/2023,10,6,10000,1000,1000,0,4000,1/10/2023,2023-10-01,2025-11-09 06:51:02.752980,data/lms_loan_daily.csv,2023-10-01
CUS_0x70af_2023_05_01,CUS_0x70af,1/5/2023,10,5,10000,1000,0,4000,9000,1/10/2023,2023-10-01,2025-11-09 06:51:02.752980,data/lms_loan_daily.csv,2023-10-01
CUS_0x70b_2023_06_01,CUS_0x70b,1/6/2023,10,4,10000,1000,1000,0,6000,1/10/2023,2023-10-01,2025-11-09 06:51:02.752980,data/lms_loan_daily.csv,2023-10-01
CUS_0x70b2_2023_07_01,CUS_0x70b2,1/7/2023,10,3,10000,1000,1000,0,7000,1/10/2023,2023-10-01,2025-11-09 06:51:02.752980,data/lms_loan_daily.csv,2023-10-01
CUS_0x70bd_2023_06_01,CUS_0x70bd,1/6/2023,10,4,10000,1000,0,2000,8000,1/10/2023,2023-10-01,2025-11-09 06:51:02.752980,data/lms_loan_daily.csv,2023-10-01
CUS_0x70c5_2023_04_01,CUS_0x70c5,1/4/2023,10,6,10000,1000,1000,0,4000,1/10/2023,2023-10-01,2025-11-09 06:51:02.752980,data/lms_loan_daily.csv,2023-10-01
CUS_0x70d4_2023_04_01,CUS_0x70d4,1/4/2023,10,6,10000,1000,0,3000,7000,1/10/2023,2023-10-01,2025-11-09 06:51:02.752980,data/lms_loan_daily.csv,2023-10-01
CUS_0x70d5_2023_06_01,CUS_0x70d5,1/6/2023,10,4,10000,1000,1000,0,6000,1/10/2023,2023-10-01,2025-11-09 06:51:02.752980,data/lms_loan_daily.csv,2023-10-01
CUS_0x70d6_2023_06_01,CUS_0x70d6,1/6/2023,10,4,10000,1000,1000,0,6000,1/10/2023,2023-10-01,2025-11-09 06:51:02.752980,data/lms_loan_daily.csv,2023-10-01
CUS_0x70d8_2023_02_01,CUS_0x70d8,1/2/2023,10,8,10000,1000,1000,0,2000,1/10/2023,2023-10-01,2025-11-09 06:51:02.752980,data/lms_loan_daily.csv,2023-10-01
CUS_0x70dc_2023_03_01,CUS_0x70dc,1/3/2023,10,7,10000,1000,0,3000,6000,1/10/2023,2023-10-01,2025-11-09 06:51:02.752980,data/lms_loan_daily.csv,2023-10-01
CUS_0x70e8_2023_10_01,CUS_0x70e8,1/10/2023,10,0,10000,0,0,0,10000,1/10/2023,2023-10-01,2025-11-09 06:51:02.752980,data/lms_loan_daily.csv,2023-10-01
CUS_0x70ee_2023_04_01,CUS_0x70ee,1/4/2023,10,6,10000,1000,1000,0,4000,1/10/2023,2023-10-01,2025-11-09 06:51:02.752980,data/lms_loan_daily.csv,2023-10-01
CUS_0x70f1_2023_03_01,CUS_0x70f1,1/3/2023,10,7,10000,1000,1000,0,3000,1/10/2023,2023-10-01,2025-11-09 06:51:02.752980,data/lms_loan_daily.csv,2023-10-01
CUS_0x70f2_2023_08_01,CUS_0x70f2,1/8/2023,10,2,10000,1000,0,1000,9000,1/10/2023,2023-10-01,2025-11-09 06:51:02.752980,data/lms_loan_daily.csv,2023-10-01
CUS_0x70f7_2023_02_01,CUS_0x70f7,1/2/2023,10,8,10000,1000,1000,0,2000,1/10/2023,2023-10-01,2025-11-09 06:51:02.752980,data/lms_loan_daily.csv,2023-10-01
CUS_0x7101_2023_03_01,CUS_0x7101,1/3/2023,10,7,10000,1000,1000,0,3000,1/10/2023,2023-10-01,2025-11-09 06:51:02.752980,data/lms_loan_daily.csv,2023-10-01
CUS_0x710b_2023_01_01,CUS_0x710b,1/1/2023,10,9,10000,1000,0,6000,7000,1/10/2023,2023-10-01,2025-11-09 06:51:02.752980,data/lms_loan_daily.csv,2023-10-01
CUS_0x710e_2023_10_01,CUS_0x710e,1/10/2023,10,0,10000,0,0,0,10000,1/10/2023,2023-10-01,2025-11-09 06:51:02.752980,data/lms_loan_daily.csv,2023-10-01
CUS_0x7129_2023_08_01,CUS_0x7129,1/8/2023,10,2,10000,1000,0,1000,9000,1/10/2023,2023-10-01,2025-11-09 06:51:02.752980,data/lms_loan_daily.csv,2023-10-01
CUS_0x7148_2023_09_01,CUS_0x7148,1/9/2023,10,1,10000,1000,1000,0,9000,1/10/2023,2023-10-01,2025-11-09 06:51:02.752980,data/lms_loan_daily.csv,2023-10-01
CUS_0x7152_2023_02_01,CUS_0x7152,1/2/2023,10,8,10000,1000,1000,0,2000,1/10/2023,2023-10-01,2025-11-09 06:51:02.752980,data/lms_loan_daily.csv,2023-10-01
CUS_0x7154_2023_07_01,CUS_0x7154,1/7/2023,10,3,10000,1000,1000,0,7000,1/10/2023,2023-10-01,2025-11-09 06:51:02.752980,data/lms_loan_daily.csv,2023-10-01
CUS_0x715f_2023_04_01,CUS_0x715f,1/4/2023,10,6,10000,1000,1000,0,4000,1/10/2023,2023-10-01,2025-11-09 06:51:02.752980,data/lms_loan_daily.csv,2023-10-01
CUS_0x7168_2023_03_01,CUS_0x7168,1/3/2023,10,7,10000,1000,1000,0,3000,1/10/2023,2023-10-01,2025-11-09 06:51:02.752980,data/lms_loan_daily.csv,2023-10-01
CUS_0x716c_2023_05_01,CUS_0x716c,1/5/2023,10,5,10000,1000,1000,0,5000,1/10/2023,2023-10-01,2025-11-09 06:51:02.752980,data/lms_loan_daily.csv,2023-10-01
CUS_0x718a_2023_06_01,CUS_0x718a,1/6/2023,10,4,10000,1000,0,1000,7000,1/10/2023,2023-10-01,2025-11-09 06:51:02.752980,data/lms_loan_daily.csv,2023-10-01
CUS_0x7198_2023_07_01,CUS_0x7198,1/7/2023,10,3,10000,1000,1000,0,7000,1/10/2023,2023-10-01,2025-11-09 06:51:02.752980,data/lms_loan_daily.csv,2023-10-01
CUS_0x71a_2023_08_01,CUS_0x71a,1/8/2023,10,2,10000,1000,0,1000,9000,1/10/2023,2023-10-01,2025-11-09 06:51:02.752980,data/lms_loan_daily.csv,2023-10-01
CUS_0x71a0_2023_01_01,CUS_0x71a0,1/1/2023,10,9,10000,1000,0,7000,8000,1/10/2023,2023-10-01,2025-11-09 06:51:02.752980,data/lms_loan_daily.csv,2023-10-01
CUS_0x71aa_2023_05_01,CUS_0x71aa,1/5/2023,10,5,10000,1000,0,3000,8000,1/10/2023,2023-10-01,2025-11-09 06:51:02.752980,data/lms_loan_daily.csv,2023-10-01
CUS_0x71b8_2023_10_01,CUS_0x71b8,1/10/2023,10,0,10000,0,0,0,10000,1/10/2023,2023-10-01,2025-11-09 06:51:02.752980,data/lms_loan_daily.csv,2023-10-01
CUS_0x71ba_2023_10_01,CUS_0x71ba,1/10/2023,10,0,10000,0,0,0,10000,1/10/2023,2023-10-01,2025-11-09 06:51:02.752980,data/lms_loan_daily.csv,2023-10-01
CUS_0x71bf_2023_10_01,CUS_0x71bf,1/10/2023,10,0,10000,0,0,0,10000,1/10/2023,2023-10-01,2025-11-09 06:51:02.752980,data/lms_loan_daily.csv,2023-10-01
CUS_0x71d_2023_05_01,CUS_0x71d,1/5/2023,10,5,10000,1000,0,4000,9000,1/10/2023,2023-10-01,2025-11-09 06:51:02.752980,data/lms_loan_daily.csv,2023-10-01
CUS_0x71d2_2023_02_01,CUS_0x71d2,1/2/2023,10,8,10000,1000,1000,0,2000,1/10/2023,2023-10-01,2025-11-09 06:51:02.752980,data/lms_loan_daily.csv,2023-10-01
CUS_0x71da_2023_03_01,CUS_0x71da,1/3/2023,10,7,10000,1000,1000,0,3000,1/10/2023,2023-10-01,2025-11-09 06:51:02.752980,data/lms_loan_daily.csv,2023-10-01
CUS_0x71de_2023_02_01,CUS_0x71de,1/2/2023,10,8,10000,1000,1000,0,2000,1/10/2023,2023-10-01,2025-11-09 06:51:02.752980,data/lms_loan_daily.csv,2023-10-01
CUS_0x71e0_2023_09_01,CUS_0x71e0,1/9/2023,10,1,10000,1000,1000,0,9000,1/10/2023,2023-10-01,2025-11-09 06:51:02.752980,data/lms_loan_daily.csv,2023-10-01
CUS_0x7200_2023_05_01,CUS_0x7200,1/5/2023,10,5,10000,1000,0,5000,10000,1/10/2023,2023-10-01,2025-11-09 06:51:02.752980,data/lms_loan_daily.csv,2023-10-01
CUS_0x720f_2023_08_01,CUS_0x720f,1/8/2023,10,2,10000,1000,1000,0,8000,1/10/2023,2023-10-01,2025-11-09 06:51:02.752980,data/lms_loan_daily.csv,2023-10-01
CUS_0x721_2023_06_01,CUS_0x721,1/6/2023,10,4,10000,1000,0,4000,10000,1/10/2023,2023-10-01,2025-11-09 06:51:02.752980,data/lms_loan_daily.csv,2023-10-01
CUS_0x721f_2023_03_01,CUS_0x721f,1/3/2023,10,7,10000,1000,0,6000,9000,1/10/2023,2023-10-01,2025-11-09 06:51:02.752980,data/lms_loan_daily.csv,2023-10-01
CUS_0x7223_2023_06_01,CUS_0x7223,1/6/2023,10,4,10000,1000,1000,0,6000,1/10/2023,2023-10-01,2025-11-09 06:51:02.752980,data/lms_loan_daily.csv,2023-10-01
CUS_0x7225_2023_03_01,CUS_0x7225,1/3/2023,10,7,10000,1000,1000,0,3000,1/10/2023,2023-10-01,2025-11-09 06:51:02.752980,data/lms_loan_daily.csv,2023-10-01
CUS_0x7238_2023_06_01,CUS_0x7238,1/6/2023,10,4,10000,1000,1000,0,6000,1/10/2023,2023-10-01,2025-11-09 06:51:02.752980,data/lms_loan_daily.csv,2023-10-01
CUS_0x7245_2023_08_01,CUS_0x7245,1/8/2023,10,2,10000,1000,1000,0,8000,1/10/2023,2023-10-01,2025-11-09 06:51:02.752980,data/lms_loan_daily.csv,2023-10-01
CUS_0x7251_2023_02_01,CUS_0x7251,1/2/2023,10,8,10000,1000,1000,0,2000,1/10/2023,2023-10-01,2025-11-09 06:51:02.752980,data/lms_loan_daily.csv,2023-10-01
CUS_0x725e_2023_06_01,CUS_0x725e,1/6/2023,10,4,10000,1000,0,2000,8000,1/10/2023,2023-10-01,2025-11-09 06:51:02.752980,data/lms_loan_daily.csv,2023-10-01
CUS_0x725f_2023_08_01,CUS_0x725f,1/8/2023,10,2,10000,1000,0,2000,10000,1/10/2023,2023-10-01,2025-11-09 06:51:02.752980,data/lms_loan_daily.csv,2023-10-01
CUS_0x7266_2023_01_01,CUS_0x7266,1/1/2023,10,9,10000,1000,1000,0,1000,1/10/2023,2023-10-01,2025-11-09 06:51:02.752980,data/lms_loan_daily.csv,2023-10-01
CUS_0x7278_2023_09_01,CUS_0x7278,1/9/2023,10,1,10000,1000,1000,0,9000,1/10/2023,2023-10-01,2025-11-09 06:51:02.752980,data/lms_loan_daily.csv,2023-10-01
CUS_0x727f_2023_08_01,CUS_0x727f,1/8/2023,10,2,10000,1000,1000,0,8000,1/10/2023,2023-10-01,2025-11-09 06:51:02.752980,data/lms_loan_daily.csv,2023-10-01
CUS_0x7281_2023_02_01,CUS_0x7281,1/2/2023,10,8,10000,1000,0,6000,8000,1/10/2023,2023-10-01,2025-11-09 06:51:02.752980,data/lms_loan_daily.csv,2023-10-01
CUS_0x7283_2023_07_01,CUS_0x7283,1/7/2023,10,3,10000,1000,1000,0,7000,1/10/2023,2023-10-01,2025-11-09 06:51:02.752980,data/lms_loan_daily.csv,2023-10-01
CUS_0x729_2023_08_01,CUS_0x729,1/8/2023,10,2,10000,1000,2000,0,8000,1/10/2023,2023-10-01,2025-11-09 06:51:02.752980,data/lms_loan_daily.csv,2023-10-01
CUS_0x72a0_2023_09_01,CUS_0x72a0,1/9/2023,10,1,10000,1000,1000,0,9000,1/10/2023,2023-10-01,2025-11-09 06:51:02.752980,data/lms_loan_daily.csv,2023-10-01
CUS_0x72a7_2023_02_01,CUS_0x72a7,1/2/2023,10,8,10000,1000,1000,0,2000,1/10/2023,2023-10-01,2025-11-09 06:51:02.752980,data/lms_loan_daily.csv,2023-10-01
CUS_0x72b2_2023_02_01,CUS_0x72b2,1/2/2023,10,8,10000,1000,1000,0,2000,1/10/2023,2023-10-01,2025-11-09 06:51:02.752980,data/lms_loan_daily.csv,2023-10-01
CUS_0x72b7_2023_03_01,CUS_0x72b7,1/3/2023,10,7,10000,1000,1000,0,3000,1/10/2023,2023-10-01,2025-11-09 06:51:02.752980,data/lms_loan_daily.csv,2023-10-01
CUS_0x72c1_2023_06_01,CUS_0x72c1,1/6/2023,10,4,10000,1000,1000,0,6000,1/10/2023,2023-10-01,2025-11-09 06:51:02.752980,data/lms_loan_daily.csv,2023-10-01
CUS_0x72d2_2023_08_01,CUS_0x72d2,1/8/2023,10,2,10000,1000,1000,0,8000,1/10/2023,2023-10-01,2025-11-09 06:51:02.752980,data/lms_loan_daily.csv,2023-10-01
CUS_0x72f3_2023_03_01,CUS_0x72f3,1/3/2023,10,7,10000,1000,1000,0,3000,1/10/2023,2023-10-01,2025-11-09 06:51:02.752980,data/lms_loan_daily.csv,2023-10-01
CUS_0x72fe_2023_05_01,CUS_0x72fe,1/5/2023,10,5,10000,1000,0,3000,8000,1/10/2023,2023-10-01,2025-11-09 06:51:02.752980,data/lms_loan_daily.csv,2023-10-01
CUS_0x730d_2023_05_01,CUS_0x730d,1/5/2023,10,5,10000,1000,1000,0,5000,1/10/2023,2023-10-01,2025-11-09 06:51:02.752980,data/lms_loan_daily.csv,2023-10-01
CUS_0x7315_2023_08_01,CUS_0x7315,1/8/2023,10,2,10000,1000,1000,0,8000,1/10/2023,2023-10-01,2025-11-09 06:51:02.752980,data/lms_loan_daily.csv,2023-10-01
CUS_0x7324_2023_10_01,CUS_0x7324,1/10/2023,10,0,10000,0,0,0,10000,1/10/2023,2023-10-01,2025-11-09 06:51:02.752980,data/lms_loan_daily.csv,2023-10-01
CUS_0x732b_2023_02_01,CUS_0x732b,1/2/2023,10,8,10000,1000,1000,0,2000,1/10/2023,2023-10-01,2025-11-09 06:51:02.752980,data/lms_loan_daily.csv,2023-10-01
CUS_0x7334_2023_08_01,CUS_0x7334,1/8/2023,10,2,10000,1000,1000,0,8000,1/10/2023,2023-10-01,2025-11-09 06:51:02.752980,data/lms_loan_daily.csv,2023-10-01
CUS_0x7348_2023_03_01,CUS_0x7348,1/3/2023,10,7,10000,1000,1000,0,3000,1/10/2023,2023-10-01,2025-11-09 06:51:02.752980,data/lms_loan_daily.csv,2023-10-01
CUS_0x734a_2023_10_01,CUS_0x734a,1/10/2023,10,0,10000,0,0,0,10000,1/10/2023,2023-10-01,2025-11-09 06:51:02.752980,data/lms_loan_daily.csv,2023-10-01
CUS_0x7350_2023_04_01,CUS_0x7350,1/4/2023,10,6,10000,1000,1000,0,4000,1/10/2023,2023-10-01,2025-11-09 06:51:02.752980,data/lms_loan_daily.csv,2023-10-01
CUS_0x7351_2023_03_01,CUS_0x7351,1/3/2023,10,7,10000,1000,1000,0,3000,1/10/2023,2023-10-01,2025-11-09 06:51:02.752980,data/lms_loan_daily.csv,2023-10-01
CUS_0x7354_2023_05_01,CUS_0x7354,1/5/2023,10,5,10000,1000,1000,0,5000,1/10/2023,2023-10-01,2025-11-09 06:51:02.752980,data/lms_loan_daily.csv,2023-10-01
CUS_0x7357_2023_08_01,CUS_0x7357,1/8/2023,10,2,10000,1000,1000,0,8000,1/10/2023,2023-10-01,2025-11-09 06:51:02.752980,data/lms_loan_daily.csv,2023-10-01
CUS_0x7369_2023_05_01,CUS_0x7369,1/5/2023,10,5,10000,1000,1000,0,5000,1/10/2023,2023-10-01,2025-11-09 06:51:02.752980,data/lms_loan_daily.csv,2023-10-01
CUS_0x7373_2023_01_01,CUS_0x7373,1/1/2023,10,9,10000,1000,0,6000,7000,1/10/2023,2023-10-01,2025-11-09 06:51:02.752980,data/lms_loan_daily.csv,2023-10-01
CUS_0x738f_2023_01_01,CUS_0x738f,1/1/2023,10,9,10000,1000,1000,0,1000,1/10/2023,2023-10-01,2025-11-09 06:51:02.752980,data/lms_loan_daily.csv,2023-10-01
CUS_0x739_2023_02_01,CUS_0x739,1/2/2023,10,8,10000,1000,1000,0,2000,1/10/2023,2023-10-01,2025-11-09 06:51:02.752980,data/lms_loan_daily.csv,2023-10-01
CUS_0x7394_2023_03_01,CUS_0x7394,1/3/2023,10,7,10000,1000,1000,0,3000,1/10/2023,2023-10-01,2025-11-09 06:51:02.752980,data/lms_loan_daily.csv,2023-10-01
CUS_0x73ae_2023_04_01,CUS_0x73ae,1/4/2023,10,6,10000,1000,0,5000,9000,1/10/2023,2023-10-01,2025-11-09 06:51:02.752980,data/lms_loan_daily.csv,2023-10-01
CUS_0x73b3_2023_09_01,CUS_0x73b3,1/9/2023,10,1,10000,1000,1000,0,9000,1/10/2023,2023-10-01,2025-11-09 06:51:02.752980,data/lms_loan_daily.csv,2023-10-01
CUS_0x73bb_2023_07_01,CUS_0x73bb,1/7/2023,10,3,10000,1000,1000,0,7000,1/10/2023,2023-10-01,2025-11-09 06:51:02.752980,data/lms_loan_daily.csv,2023-10-01
CUS_0x73c0_2023_02_01,CUS_0x73c0,1/2/2023,10,8,10000,1000,0,7000,9000,1/10/2023,2023-10-01,2025-11-09 06:51:02.752980,data/lms_loan_daily.csv,2023-10-01
CUS_0x73cf_2023_07_01,CUS_0x73cf,1/7/2023,10,3,10000,1000,0,2000,9000,1/10/2023,2023-10-01,2025-11-09 06:51:02.752980,data/lms_loan_daily.csv,2023-10-01
CUS_0x73d_2023_05_01,CUS_0x73d,1/5/2023,10,5,10000,1000,1000,0,5000,1/10/2023,2023-10-01,2025-11-09 06:51:02.752980,data/lms_loan_daily.csv,2023-10-01
CUS_0x73d9_2023_06_01,CUS_0x73d9,1/6/2023,10,4,10000,1000,4000,0,6000,1/10/2023,2023-10-01,2025-11-09 06:51:02.752980,data/lms_loan_daily.csv,2023-10-01
CUS_0x73db_2023_05_01,CUS_0x73db,1/5/2023,10,5,10000,1000,1000,0,5000,1/10/2023,2023-10-01,2025-11-09 06:51:02.752980,data/lms_loan_daily.csv,2023-10-01
CUS_0x73e6_2023_03_01,CUS_0x73e6,1/3/2023,10,7,10000,1000,1000,0,3000,1/10/2023,2023-10-01,2025-11-09 06:51:02.752980,data/lms_loan_daily.csv,2023-10-01
CUS_0x73ee_2023_07_01,CUS_0x73ee,1/7/2023,10,3,10000,1000,1000,0,7000,1/10/2023,2023-10-01,2025-11-09 06:51:02.752980,data/lms_loan_daily.csv,2023-10-01
CUS_0x73ef_2023_04_01,CUS_0x73ef,1/4/2023,10,6,10000,1000,1000,0,4000,1/10/2023,2023-10-01,2025-11-09 06:51:02.752980,data/lms_loan_daily.csv,2023-10-01
CUS_0x73f9_2023_06_01,CUS_0x73f9,1/6/2023,10,4,10000,1000,1000,0,6000,1/10/2023,2023-10-01,2025-11-09 06:51:02.752980,data/lms_loan_daily.csv,2023-10-01
CUS_0x73fb_2023_02_01,CUS_0x73fb,1/2/2023,10,8,10000,1000,1000,0,2000,1/10/2023,2023-10-01,2025-11-09 06:51:02.752980,data/lms_loan_daily.csv,2023-10-01
CUS_0x7405_2023_02_01,CUS_0x7405,1/2/2023,10,8,10000,1000,1000,0,2000,1/10/2023,2023-10-01,2025-11-09 06:51:02.752980,data/lms_loan_daily.csv,2023-10-01
CUS_0x741_2023_09_01,CUS_0x741,1/9/2023,10,1,10000,1000,1000,0,9000,1/10/2023,2023-10-01,2025-11-09 06:51:02.752980,data/lms_loan_daily.csv,2023-10-01
CUS_0x7411_2023_04_01,CUS_0x7411,1/4/2023,10,6,10000,1000,1000,0,4000,1/10/2023,2023-10-01,2025-11-09 06:51:02.752980,data/lms_loan_daily.csv,2023-10-01
CUS_0x7418_2023_01_01,CUS_0x7418,1/1/2023,10,9,10000,1000,1000,0,1000,1/10/2023,2023-10-01,2025-11-09 06:51:02.752980,data/lms_loan_daily.csv,2023-10-01
CUS_0x741b_2023_08_01,CUS_0x741b,1/8/2023,10,2,10000,1000,1000,0,8000,1/10/2023,2023-10-01,2025-11-09 06:51:02.752980,data/lms_loan_daily.csv,2023-10-01
CUS_0x7429_2023_07_01,CUS_0x7429,1/7/2023,10,3,10000,1000,1000,0,7000,1/10/2023,2023-10-01,2025-11-09 06:51:02.752980,data/lms_loan_daily.csv,2023-10-01
CUS_0x742c_2023_10_01,CUS_0x742c,1/10/2023,10,0,10000,0,0,0,10000,1/10/2023,2023-10-01,2025-11-09 06:51:02.752980,data/lms_loan_daily.csv,2023-10-01
CUS_0x7430_2023_02_01,CUS_0x7430,1/2/2023,10,8,10000,1000,1000,0,2000,1/10/2023,2023-10-01,2025-11-09 06:51:02.752980,data/lms_loan_daily.csv,2023-10-01
CUS_0x744c_2023_10_01,CUS_0x744c,1/10/2023,10,0,10000,0,0,0,10000,1/10/2023,2023-10-01,2025-11-09 06:51:02.752980,data/lms_loan_daily.csv,2023-10-01
CUS_0x7459_2023_09_01,CUS_0x7459,1/9/2023,10,1,10000,1000,1000,0,9000,1/10/2023,2023-10-01,2025-11-09 06:51:02.752980,data/lms_loan_daily.csv,2023-10-01
CUS_0x7462_2023_05_01,CUS_0x7462,1/5/2023,10,5,10000,1000,0,2000,7000,1/10/2023,2023-10-01,2025-11-09 06:51:02.752980,data/lms_loan_daily.csv,2023-10-01
CUS_0x7467_2023_08_01,CUS_0x7467,1/8/2023,10,2,10000,1000,1000,0,8000,1/10/2023,2023-10-01,2025-11-09 06:51:02.752980,data/lms_loan_daily.csv,2023-10-01
CUS_0x746c_2023_02_01,CUS_0x746c,1/2/2023,10,8,10000,1000,0,6000,8000,1/10/2023,2023-10-01,2025-11-09 06:51:02.752980,data/lms_loan_daily.csv,2023-10-01
CUS_0x7473_2023_05_01,CUS_0x7473,1/5/2023,10,5,10000,1000,1000,0,5000,1/10/2023,2023-10-01,2025-11-09 06:51:02.752980,data/lms_loan_daily.csv,2023-10-01
CUS_0x747a_2023_04_01,CUS_0x747a,1/4/2023,10,6,10000,1000,1000,0,4000,1/10/2023,2023-10-01,2025-11-09 06:51:02.752980,data/lms_loan_daily.csv,2023-10-01
CUS_0x7486_2023_02_01,CUS_0x7486,1/2/2023,10,8,10000,1000,0,4000,6000,1/10/2023,2023-10-01,2025-11-09 06:51:02.752980,data/lms_loan_daily.csv,2023-10-01
CUS_0x748d_2023_06_01,CUS_0x748d,1/6/2023,10,4,10000,1000,1000,0,6000,1/10/2023,2023-10-01,2025-11-09 06:51:02.752980,data/lms_loan_daily.csv,2023-10-01
CUS_0x748e_2023_10_01,CUS_0x748e,1/10/2023,10,0,10000,0,0,0,10000,1/10/2023,2023-10-01,2025-11-09 06:51:02.752980,data/lms_loan_daily.csv,2023-10-01
CUS_0x7494_2023_07_01,CUS_0x7494,1/7/2023,10,3,10000,1000,1000,0,7000,1/10/2023,2023-10-01,2025-11-09 06:51:02.752980,data/lms_loan_daily.csv,2023-10-01
CUS_0x749e_2023_10_01,CUS_0x749e,1/10/2023,10,0,10000,0,0,0,10000,1/10/2023,2023-10-01,2025-11-09 06:51:02.752980,data/lms_loan_daily.csv,2023-10-01
CUS_0x74a3_2023_05_01,CUS_0x74a3,1/5/2023,10,5,10000,1000,0,3000,8000,1/10/2023,2023-10-01,2025-11-09 06:51:02.752980,data/lms_loan_daily.csv,2023-10-01
CUS_0x74a6_2023_09_01,CUS_0x74a6,1/9/2023,10,1,10000,1000,1000,0,9000,1/10/2023,2023-10-01,2025-11-09 06:51:02.752980,data/lms_loan_daily.csv,2023-10-01
CUS_0x74b1_2023_08_01,CUS_0x74b1,1/8/2023,10,2,10000,1000,0,1000,9000,1/10/2023,2023-10-01,2025-11-09 06:51:02.752980,data/lms_loan_daily.csv,2023-10-01
CUS_0x74bf_2023_08_01,CUS_0x74bf,1/8/2023,10,2,10000,1000,1000,0,8000,1/10/2023,2023-10-01,2025-11-09 06:51:02.752980,data/lms_loan_daily.csv,2023-10-01
CUS_0x74c_2023_09_01,CUS_0x74c,1/9/2023,10,1,10000,1000,1000,0,9000,1/10/2023,2023-10-01,2025-11-09 06:51:02.752980,data/lms_loan_daily.csv,2023-10-01
CUS_0x74c7_2023_05_01,CUS_0x74c7,1/5/2023,10,5,10000,1000,1000,0,5000,1/10/2023,2023-10-01,2025-11-09 06:51:02.752980,data/lms_loan_daily.csv,2023-10-01
CUS_0x74d2_2023_02_01,CUS_0x74d2,1/2/2023,10,8,10000,1000,0,6000,8000,1/10/2023,2023-10-01,2025-11-09 06:51:02.752980,data/lms_loan_daily.csv,2023-10-01
CUS_0x74d5_2023_10_01,CUS_0x74d5,1/10/2023,10,0,10000,0,0,0,10000,1/10/2023,2023-10-01,2025-11-09 06:51:02.752980,data/lms_loan_daily.csv,2023-10-01
CUS_0x74e7_2023_06_01,CUS_0x74e7,1/6/2023,10,4,10000,1000,1000,0,6000,1/10/2023,2023-10-01,2025-11-09 06:51:02.752980,data/lms_loan_daily.csv,2023-10-01
CUS_0x74f2_2023_03_01,CUS_0x74f2,1/3/2023,10,7,10000,1000,1000,0,3000,1/10/2023,2023-10-01,2025-11-09 06:51:02.752980,data/lms_loan_daily.csv,2023-10-01
CUS_0x74f5_2023_08_01,CUS_0x74f5,1/8/2023,10,2,10000,1000,1000,0,8000,1/10/2023,2023-10-01,2025-11-09 06:51:02.752980,data/lms_loan_daily.csv,2023-10-01
CUS_0x74f7_2023_06_01,CUS_0x74f7,1/6/2023,10,4,10000,1000,1000,0,6000,1/10/2023,2023-10-01,2025-11-09 06:51:02.752980,data/lms_loan_daily.csv,2023-10-01
CUS_0x74fa_2023_05_01,CUS_0x74fa,1/5/2023,10,5,10000,1000,1000,0,5000,1/10/2023,2023-10-01,2025-11-09 06:51:02.752980,data/lms_loan_daily.csv,2023-10-01
CUS_0x74fc_2023_07_01,CUS_0x74fc,1/7/2023,10,3,10000,1000,1000,0,7000,1/10/2023,2023-10-01,2025-11-09 06:51:02.752980,data/lms_loan_daily.csv,2023-10-01
CUS_0x7517_2023_03_01,CUS_0x7517,1/3/2023,10,7,10000,1000,0,3000,6000,1/10/2023,2023-10-01,2025-11-09 06:51:02.752980,data/lms_loan_daily.csv,2023-10-01
CUS_0x7523_2023_08_01,CUS_0x7523,1/8/2023,10,2,10000,1000,0,1000,9000,1/10/2023,2023-10-01,2025-11-09 06:51:02.752980,data/lms_loan_daily.csv,2023-10-01
CUS_0x7526_2023_05_01,CUS_0x7526,1/5/2023,10,5,10000,1000,1000,0,5000,1/10/2023,2023-10-01,2025-11-09 06:51:02.752980,data/lms_loan_daily.csv,2023-10-01
CUS_0x7528_2023_06_01,CUS_0x7528,1/6/2023,10,4,10000,1000,1000,0,6000,1/10/2023,2023-10-01,2025-11-09 06:51:02.752980,data/lms_loan_daily.csv,2023-10-01
CUS_0x752c_2023_01_01,CUS_0x752c,1/1/2023,10,9,10000,1000,1000,0,1000,1/10/2023,2023-10-01,2025-11-09 06:51:02.752980,data/lms_loan_daily.csv,2023-10-01
CUS_0x752e_2023_04_01,CUS_0x752e,1/4/2023,10,6,10000,1000,1000,0,4000,1/10/2023,2023-10-01,2025-11-09 06:51:02.752980,data/lms_loan_daily.csv,2023-10-01
CUS_0x752f_2023_01_01,CUS_0x752f,1/1/2023,10,9,10000,1000,0,9000,10000,1/10/2023,2023-10-01,2025-11-09 06:51:02.752980,data/lms_loan_daily.csv,2023-10-01
CUS_0x7541_2023_08_01,CUS_0x7541,1/8/2023,10,2,10000,1000,1000,0,8000,1/10/2023,2023-10-01,2025-11-09 06:51:02.752980,data/lms_loan_daily.csv,2023-10-01
CUS_0x7542_2023_02_01,CUS_0x7542,1/2/2023,10,8,10000,1000,1000,0,2000,1/10/2023,2023-10-01,2025-11-09 06:51:02.752980,data/lms_loan_daily.csv,2023-10-01
CUS_0x7547_2023_09_01,CUS_0x7547,1/9/2023,10,1,10000,1000,1000,0,9000,1/10/2023,2023-10-01,2025-11-09 06:51:02.752980,data/lms_loan_daily.csv,2023-10-01
CUS_0x754d_2023_10_01,CUS_0x754d,1/10/2023,10,0,10000,0,0,0,10000,1/10/2023,2023-10-01,2025-11-09 06:51:02.752980,data/lms_loan_daily.csv,2023-10-01
CUS_0x7551_2023_07_01,CUS_0x7551,1/7/2023,10,3,10000,1000,1000,0,7000,1/10/2023,2023-10-01,2025-11-09 06:51:02.752980,data/lms_loan_daily.csv,2023-10-01
CUS_0x7558_2023_09_01,CUS_0x7558,1/9/2023,10,1,10000,1000,1000,0,9000,1/10/2023,2023-10-01,2025-11-09 06:51:02.752980,data/lms_loan_daily.csv,2023-10-01
CUS_0x755b_2023_06_01,CUS_0x755b,1/6/2023,10,4,10000,1000,1000,0,6000,1/10/2023,2023-10-01,2025-11-09 06:51:02.752980,data/lms_loan_daily.csv,2023-10-01
CUS_0x756d_2023_02_01,CUS_0x756d,1/2/2023,10,8,10000,1000,1000,0,2000,1/10/2023,2023-10-01,2025-11-09 06:51:02.752980,data/lms_loan_daily.csv,2023-10-01
CUS_0x7580_2023_01_01,CUS_0x7580,1/1/2023,10,9,10000,1000,0,7000,8000,1/10/2023,2023-10-01,2025-11-09 06:51:02.752980,data/lms_loan_daily.csv,2023-10-01
CUS_0x758e_2023_01_01,CUS_0x758e,1/1/2023,10,9,10000,1000,1000,0,1000,1/10/2023,2023-10-01,2025-11-09 06:51:02.752980,data/lms_loan_daily.csv,2023-10-01
CUS_0x75a0_2023_09_01,CUS_0x75a0,1/9/2023,10,1,10000,1000,1000,0,9000,1/10/2023,2023-10-01,2025-11-09 06:51:02.752980,data/lms_loan_daily.csv,2023-10-01
CUS_0x75ba_2023_08_01,CUS_0x75ba,1/8/2023,10,2,10000,1000,1000,0,8000,1/10/2023,2023-10-01,2025-11-09 06:51:02.752980,data/lms_loan_daily.csv,2023-10-01
CUS_0x75ca_2023_02_01,CUS_0x75ca,1/2/2023,10,8,10000,1000,1000,0,2000,1/10/2023,2023-10-01,2025-11-09 06:51:02.752980,data/lms_loan_daily.csv,2023-10-01
CUS_0x75ce_2023_06_01,CUS_0x75ce,1/6/2023,10,4,10000,1000,0,1000,7000,1/10/2023,2023-10-01,2025-11-09 06:51:02.752980,data/lms_loan_daily.csv,2023-10-01
CUS_0x75d3_2023_09_01,CUS_0x75d3,1/9/2023,10,1,10000,1000,1000,0,9000,1/10/2023,2023-10-01,2025-11-09 06:51:02.752980,data/lms_loan_daily.csv,2023-10-01
CUS_0x75e_2023_01_01,CUS_0x75e,1/1/2023,10,9,10000,1000,1000,0,1000,1/10/2023,2023-10-01,2025-11-09 06:51:02.752980,data/lms_loan_daily.csv,2023-10-01
CUS_0x75e8_2023_10_01,CUS_0x75e8,1/10/2023,10,0,10000,0,0,0,10000,1/10/2023,2023-10-01,2025-11-09 06:51:02.752980,data/lms_loan_daily.csv,2023-10-01
CUS_0x75ee_2023_04_01,CUS_0x75ee,1/4/2023,10,6,10000,1000,1000,0,4000,1/10/2023,2023-10-01,2025-11-09 06:51:02.752980,data/lms_loan_daily.csv,2023-10-01
CUS_0x75f_2023_07_01,CUS_0x75f,1/7/2023,10,3,10000,1000,1000,0,7000,1/10/2023,2023-10-01,2025-11-09 06:51:02.752980,data/lms_loan_daily.csv,2023-10-01
CUS_0x75f0_2023_06_01,CUS_0x75f0,1/6/2023,10,4,10000,1000,1000,0,6000,1/10/2023,2023-10-01,2025-11-09 06:51:02.752980,data/lms_loan_daily.csv,2023-10-01
CUS_0x75fb_2023_09_01,CUS_0x75fb,1/9/2023,10,1,10000,1000,1000,0,9000,1/10/2023,2023-10-01,2025-11-09 06:51:02.752980,data/lms_loan_daily.csv,2023-10-01
CUS_0x75fd_2023_03_01,CUS_0x75fd,1/3/2023,10,7,10000,1000,1000,0,3000,1/10/2023,2023-10-01,2025-11-09 06:51:02.752980,data/lms_loan_daily.csv,2023-10-01
CUS_0x7633_2023_06_01,CUS_0x7633,1/6/2023,10,4,10000,1000,0,1000,7000,1/10/2023,2023-10-01,2025-11-09 06:51:02.752980,data/lms_loan_daily.csv,2023-10-01
CUS_0x763c_2023_03_01,CUS_0x763c,1/3/2023,10,7,10000,1000,1000,0,3000,1/10/2023,2023-10-01,2025-11-09 06:51:02.752980,data/lms_loan_daily.csv,2023-10-01
CUS_0x7641_2023_10_01,CUS_0x7641,1/10/2023,10,0,10000,0,0,0,10000,1/10/2023,2023-10-01,2025-11-09 06:51:02.752980,data/lms_loan_daily.csv,2023-10-01
CUS_0x764f_2023_07_01,CUS_0x764f,1/7/2023,10,3,10000,1000,1000,0,7000,1/10/2023,2023-10-01,2025-11-09 06:51:02.752980,data/lms_loan_daily.csv,2023-10-01
CUS_0x7651_2023_06_01,CUS_0x7651,1/6/2023,10,4,10000,1000,0,2000,8000,1/10/2023,2023-10-01,2025-11-09 06:51:02.752980,data/lms_loan_daily.csv,2023-10-01
CUS_0x7659_2023_02_01,CUS_0x7659,1/2/2023,10,8,10000,1000,1000,0,2000,1/10/2023,2023-10-01,2025-11-09 06:51:02.752980,data/lms_loan_daily.csv,2023-10-01
CUS_0x765b_2023_09_01,CUS_0x765b,1/9/2023,10,1,10000,1000,1000,0,9000,1/10/2023,2023-10-01,2025-11-09 06:51:02.752980,data/lms_loan_daily.csv,2023-10-01
CUS_0x7677_2023_08_01,CUS_0x7677,1/8/2023,10,2,10000,1000,1000,0,8000,1/10/2023,2023-10-01,2025-11-09 06:51:02.752980,data/lms_loan_daily.csv,2023-10-01
CUS_0x7693_2023_06_01,CUS_0x7693,1/6/2023,10,4,10000,1000,0,1000,7000,1/10/2023,2023-10-01,2025-11-09 06:51:02.752980,data/lms_loan_daily.csv,2023-10-01
CUS_0x7694_2023_09_01,CUS_0x7694,1/9/2023,10,1,10000,1000,1000,0,9000,1/10/2023,2023-10-01,2025-11-09 06:51:02.752980,data/lms_loan_daily.csv,2023-10-01
CUS_0x7698_2023_02_01,CUS_0x7698,1/2/2023,10,8,10000,1000,0,6000,8000,1/10/2023,2023-10-01,2025-11-09 06:51:02.752980,data/lms_loan_daily.csv,2023-10-01
CUS_0x7699_2023_10_01,CUS_0x7699,1/10/2023,10,0,10000,0,0,0,10000,1/10/2023,2023-10-01,2025-11-09 06:51:02.752980,data/lms_loan_daily.csv,2023-10-01
CUS_0x76a6_2023_04_01,CUS_0x76a6,1/4/2023,10,6,10000,1000,1000,0,4000,1/10/2023,2023-10-01,2025-11-09 06:51:02.752980,data/lms_loan_daily.csv,2023-10-01
CUS_0x76a9_2023_10_01,CUS_0x76a9,1/10/2023,10,0,10000,0,0,0,10000,1/10/2023,2023-10-01,2025-11-09 06:51:02.752980,data/lms_loan_daily.csv,2023-10-01
CUS_0x76c1_2023_03_01,CUS_0x76c1,1/3/2023,10,7,10000,1000,1000,0,3000,1/10/2023,2023-10-01,2025-11-09 06:51:02.752980,data/lms_loan_daily.csv,2023-10-01
CUS_0x76d1_2023_05_01,CUS_0x76d1,1/5/2023,10,5,10000,1000,1000,0,5000,1/10/2023,2023-10-01,2025-11-09 06:51:02.752980,data/lms_loan_daily.csv,2023-10-01
CUS_0x76d4_2023_06_01,CUS_0x76d4,1/6/2023,10,4,10000,1000,1000,0,6000,1/10/2023,2023-10-01,2025-11-09 06:51:02.752980,data/lms_loan_daily.csv,2023-10-01
CUS_0x76dc_2023_06_01,CUS_0x76dc,1/6/2023,10,4,10000,1000,1000,0,6000,1/10/2023,2023-10-01,2025-11-09 06:51:02.752980,data/lms_loan_daily.csv,2023-10-01
CUS_0x76e7_2023_06_01,CUS_0x76e7,1/6/2023,10,4,10000,1000,0,1000,7000,1/10/2023,2023-10-01,2025-11-09 06:51:02.752980,data/lms_loan_daily.csv,2023-10-01
CUS_0x76fc_2023_07_01,CUS_0x76fc,1/7/2023,10,3,10000,1000,1000,0,7000,1/10/2023,2023-10-01,2025-11-09 06:51:02.752980,data/lms_loan_daily.csv,2023-10-01
CUS_0x7703_2023_10_01,CUS_0x7703,1/10/2023,10,0,10000,0,0,0,10000,1/10/2023,2023-10-01,2025-11-09 06:51:02.752980,data/lms_loan_daily.csv,2023-10-01
CUS_0x771e_2023_05_01,CUS_0x771e,1/5/2023,10,5,10000,1000,0,4000,9000,1/10/2023,2023-10-01,2025-11-09 06:51:02.752980,data/lms_loan_daily.csv,2023-10-01
CUS_0x7721_2023_03_01,CUS_0x7721,1/3/2023,10,7,10000,1000,0,6000,9000,1/10/2023,2023-10-01,2025-11-09 06:51:02.752980,data/lms_loan_daily.csv,2023-10-01
CUS_0x773_2023_01_01,CUS_0x773,1/1/2023,10,9,10000,1000,1000,0,1000,1/10/2023,2023-10-01,2025-11-09 06:51:02.752980,data/lms_loan_daily.csv,2023-10-01
CUS_0x7756_2023_08_01,CUS_0x7756,1/8/2023,10,2,10000,1000,1000,0,8000,1/10/2023,2023-10-01,2025-11-09 06:51:02.752980,data/lms_loan_daily.csv,2023-10-01
CUS_0x775a_2023_01_01,CUS_0x775a,1/1/2023,10,9,10000,1000,1000,0,1000,1/10/2023,2023-10-01,2025-11-09 06:51:02.752980,data/lms_loan_daily.csv,2023-10-01
CUS_0x778b_2023_08_01,CUS_0x778b,1/8/2023,10,2,10000,1000,1000,0,8000,1/10/2023,2023-10-01,2025-11-09 06:51:02.752980,data/lms_loan_daily.csv,2023-10-01
CUS_0x778e_2023_07_01,CUS_0x778e,1/7/2023,10,3,10000,1000,1000,0,7000,1/10/2023,2023-10-01,2025-11-09 06:51:02.752980,data/lms_loan_daily.csv,2023-10-01
CUS_0x77a2_2023_08_01,CUS_0x77a2,1/8/2023,10,2,10000,1000,1000,0,8000,1/10/2023,2023-10-01,2025-11-09 06:51:02.752980,data/lms_loan_daily.csv,2023-10-01
CUS_0x77ac_2023_09_01,CUS_0x77ac,1/9/2023,10,1,10000,1000,1000,0,9000,1/10/2023,2023-10-01,2025-11-09 06:51:02.752980,data/lms_loan_daily.csv,2023-10-01
CUS_0x77ca_2023_06_01,CUS_0x77ca,1/6/2023,10,4,10000,1000,1000,0,6000,1/10/2023,2023-10-01,2025-11-09 06:51:02.752980,data/lms_loan_daily.csv,2023-10-01
CUS_0x77d1_2023_03_01,CUS_0x77d1,1/3/2023,10,7,10000,1000,0,4000,7000,1/10/2023,2023-10-01,2025-11-09 06:51:02.752980,data/lms_loan_daily.csv,2023-10-01
CUS_0x77da_2023_08_01,CUS_0x77da,1/8/2023,10,2,10000,1000,0,2000,10000,1/10/2023,2023-10-01,2025-11-09 06:51:02.752980,data/lms_loan_daily.csv,2023-10-01
CUS_0x77de_2023_04_01,CUS_0x77de,1/4/2023,10,6,10000,1000,1000,0,4000,1/10/2023,2023-10-01,2025-11-09 06:51:02.752980,data/lms_loan_daily.csv,2023-10-01
CUS_0x77e2_2023_01_01,CUS_0x77e2,1/1/2023,10,9,10000,1000,0,7000,8000,1/10/2023,2023-10-01,2025-11-09 06:51:02.752980,data/lms_loan_daily.csv,2023-10-01
CUS_0x77ec_2023_10_01,CUS_0x77ec,1/10/2023,10,0,10000,0,0,0,10000,1/10/2023,2023-10-01,2025-11-09 06:51:02.752980,data/lms_loan_daily.csv,2023-10-01
CUS_0x77f6_2023_09_01,CUS_0x77f6,1/9/2023,10,1,10000,1000,1000,0,9000,1/10/2023,2023-10-01,2025-11-09 06:51:02.752980,data/lms_loan_daily.csv,2023-10-01
CUS_0x7801_2023_09_01,CUS_0x7801,1/9/2023,10,1,10000,1000,1000,0,9000,1/10/2023,2023-10-01,2025-11-09 06:51:02.752980,data/lms_loan_daily.csv,2023-10-01
CUS_0x7803_2023_04_01,CUS_0x7803,1/4/2023,10,6,10000,1000,1000,0,4000,1/10/2023,2023-10-01,2025-11-09 06:51:02.752980,data/lms_loan_daily.csv,2023-10-01
CUS_0x7806_2023_02_01,CUS_0x7806,1/2/2023,10,8,10000,1000,1000,0,2000,1/10/2023,2023-10-01,2025-11-09 06:51:02.752980,data/lms_loan_daily.csv,2023-10-01
CUS_0x781a_2023_09_01,CUS_0x781a,1/9/2023,10,1,10000,1000,1000,0,9000,1/10/2023,2023-10-01,2025-11-09 06:51:02.752980,data/lms_loan_daily.csv,2023-10-01
CUS_0x7820_2023_05_01,CUS_0x7820,1/5/2023,10,5,10000,1000,1000,0,5000,1/10/2023,2023-10-01,2025-11-09 06:51:02.752980,data/lms_loan_daily.csv,2023-10-01
CUS_0x7830_2023_04_01,CUS_0x7830,1/4/2023,10,6,10000,1000,1000,0,4000,1/10/2023,2023-10-01,2025-11-09 06:51:02.752980,data/lms_loan_daily.csv,2023-10-01
CUS_0x7837_2023_07_01,CUS_0x7837,1/7/2023,10,3,10000,1000,2000,0,7000,1/10/2023,2023-10-01,2025-11-09 06:51:02.752980,data/lms_loan_daily.csv,2023-10-01
CUS_0x783f_2023_06_01,CUS_0x783f,1/6/2023,10,4,10000,1000,3000,0,6000,1/10/2023,2023-10-01,2025-11-09 06:51:02.752980,data/lms_loan_daily.csv,2023-10-01
CUS_0x7843_2023_06_01,CUS_0x7843,1/6/2023,10,4,10000,1000,1000,0,6000,1/10/2023,2023-10-01,2025-11-09 06:51:02.752980,data/lms_loan_daily.csv,2023-10-01
CUS_0x7846_2023_05_01,CUS_0x7846,1/5/2023,10,5,10000,1000,1000,0,5000,1/10/2023,2023-10-01,2025-11-09 06:51:02.752980,data/lms_loan_daily.csv,2023-10-01
CUS_0x7848_2023_05_01,CUS_0x7848,1/5/2023,10,5,10000,1000,1000,0,5000,1/10/2023,2023-10-01,2025-11-09 06:51:02.752980,data/lms_loan_daily.csv,2023-10-01
CUS_0x785f_2023_03_01,CUS_0x785f,1/3/2023,10,7,10000,1000,1000,0,3000,1/10/2023,2023-10-01,2025-11-09 06:51:02.752980,data/lms_loan_daily.csv,2023-10-01
CUS_0x7863_2023_05_01,CUS_0x7863,1/5/2023,10,5,10000,1000,0,3000,8000,1/10/2023,2023-10-01,2025-11-09 06:51:02.752980,data/lms_loan_daily.csv,2023-10-01
CUS_0x7869_2023_03_01,CUS_0x7869,1/3/2023,10,7,10000,1000,1000,0,3000,1/10/2023,2023-10-01,2025-11-09 06:51:02.752980,data/lms_loan_daily.csv,2023-10-01
CUS_0x7872_2023_01_01,CUS_0x7872,1/1/2023,10,9,10000,1000,0,7000,8000,1/10/2023,2023-10-01,2025-11-09 06:51:02.752980,data/lms_loan_daily.csv,2023-10-01
CUS_0x7874_2023_02_01,CUS_0x7874,1/2/2023,10,8,10000,1000,0,7000,9000,1/10/2023,2023-10-01,2025-11-09 06:51:02.752980,data/lms_loan_daily.csv,2023-10-01
CUS_0x7877_2023_01_01,CUS_0x7877,1/1/2023,10,9,10000,1000,1000,0,1000,1/10/2023,2023-10-01,2025-11-09 06:51:02.752980,data/lms_loan_daily.csv,2023-10-01
CUS_0x787f_2023_08_01,CUS_0x787f,1/8/2023,10,2,10000,1000,1000,0,8000,1/10/2023,2023-10-01,2025-11-09 06:51:02.752980,data/lms_loan_daily.csv,2023-10-01
CUS_0x7884_2023_03_01,CUS_0x7884,1/3/2023,10,7,10000,1000,0,5000,8000,1/10/2023,2023-10-01,2025-11-09 06:51:02.752980,data/lms_loan_daily.csv,2023-10-01
CUS_0x789_2023_06_01,CUS_0x789,1/6/2023,10,4,10000,1000,1000,0,6000,1/10/2023,2023-10-01,2025-11-09 06:51:02.752980,data/lms_loan_daily.csv,2023-10-01
CUS_0x7893_2023_07_01,CUS_0x7893,1/7/2023,10,3,10000,1000,1000,0,7000,1/10/2023,2023-10-01,2025-11-09 06:51:02.752980,data/lms_loan_daily.csv,2023-10-01
CUS_0x7899_2023_06_01,CUS_0x7899,1/6/2023,10,4,10000,1000,0,2000,8000,1/10/2023,2023-10-01,2025-11-09 06:51:02.752980,data/lms_loan_daily.csv,2023-10-01
CUS_0x789f_2023_09_01,CUS_0x789f,1/9/2023,10,1,10000,1000,1000,0,9000,1/10/2023,2023-10-01,2025-11-09 06:51:02.752980,data/lms_loan_daily.csv,2023-10-01
CUS_0x78a6_2023_05_01,CUS_0x78a6,1/5/2023,10,5,10000,1000,1000,0,5000,1/10/2023,2023-10-01,2025-11-09 06:51:02.752980,data/lms_loan_daily.csv,2023-10-01
CUS_0x78a7_2023_01_01,CUS_0x78a7,1/1/2023,10,9,10000,1000,0,6000,7000,1/10/2023,2023-10-01,2025-11-09 06:51:02.752980,data/lms_loan_daily.csv,2023-10-01
CUS_0x78ab_2023_03_01,CUS_0x78ab,1/3/2023,10,7,10000,1000,1000,0,3000,1/10/2023,2023-10-01,2025-11-09 06:51:02.752980,data/lms_loan_daily.csv,2023-10-01
CUS_0x78af_2023_04_01,CUS_0x78af,1/4/2023,10,6,10000,1000,1000,0,4000,1/10/2023,2023-10-01,2025-11-09 06:51:02.752980,data/lms_loan_daily.csv,2023-10-01
CUS_0x78bf_2023_09_01,CUS_0x78bf,1/9/2023,10,1,10000,1000,1000,0,9000,1/10/2023,2023-10-01,2025-11-09 06:51:02.752980,data/lms_loan_daily.csv,2023-10-01
CUS_0x78cd_2023_10_01,CUS_0x78cd,1/10/2023,10,0,10000,0,0,0,10000,1/10/2023,2023-10-01,2025-11-09 06:51:02.752980,data/lms_loan_daily.csv,2023-10-01
CUS_0x78e0_2023_05_01,CUS_0x78e0,1/5/2023,10,5,10000,1000,1000,0,5000,1/10/2023,2023-10-01,2025-11-09 06:51:02.752980,data/lms_loan_daily.csv,2023-10-01
CUS_0x78f_2023_03_01,CUS_0x78f,1/3/2023,10,7,10000,1000,1000,0,3000,1/10/2023,2023-10-01,2025-11-09 06:51:02.752980,data/lms_loan_daily.csv,2023-10-01
CUS_0x78f0_2023_04_01,CUS_0x78f0,1/4/2023,10,6,10000,1000,1000,0,4000,1/10/2023,2023-10-01,2025-11-09 06:51:02.752980,data/lms_loan_daily.csv,2023-10-01
CUS_0x78f8_2023_03_01,CUS_0x78f8,1/3/2023,10,7,10000,1000,1000,0,3000,1/10/2023,2023-10-01,2025-11-09 06:51:02.752980,data/lms_loan_daily.csv,2023-10-01
CUS_0x7900_2023_06_01,CUS_0x7900,1/6/2023,10,4,10000,1000,0,3000,9000,1/10/2023,2023-10-01,2025-11-09 06:51:02.752980,data/lms_loan_daily.csv,2023-10-01
CUS_0x7910_2023_01_01,CUS_0x7910,1/1/2023,10,9,10000,1000,1000,0,1000,1/10/2023,2023-10-01,2025-11-09 06:51:02.752980,data/lms_loan_daily.csv,2023-10-01
CUS_0x792b_2023_02_01,CUS_0x792b,1/2/2023,10,8,10000,1000,1000,0,2000,1/10/2023,2023-10-01,2025-11-09 06:51:02.752980,data/lms_loan_daily.csv,2023-10-01
CUS_0x795c_2023_05_01,CUS_0x795c,1/5/2023,10,5,10000,1000,1000,0,5000,1/10/2023,2023-10-01,2025-11-09 06:51:02.752980,data/lms_loan_daily.csv,2023-10-01
CUS_0x7960_2023_07_01,CUS_0x7960,1/7/2023,10,3,10000,1000,0,2000,9000,1/10/2023,2023-10-01,2025-11-09 06:51:02.752980,data/lms_loan_daily.csv,2023-10-01
CUS_0x7963_2023_06_01,CUS_0x7963,1/6/2023,10,4,10000,1000,1000,0,6000,1/10/2023,2023-10-01,2025-11-09 06:51:02.752980,data/lms_loan_daily.csv,2023-10-01
CUS_0x7967_2023_05_01,CUS_0x7967,1/5/2023,10,5,10000,1000,1000,0,5000,1/10/2023,2023-10-01,2025-11-09 06:51:02.752980,data/lms_loan_daily.csv,2023-10-01
CUS_0x796e_2023_04_01,CUS_0x796e,1/4/2023,10,6,10000,1000,1000,0,4000,1/10/2023,2023-10-01,2025-11-09 06:51:02.752980,data/lms_loan_daily.csv,2023-10-01
CUS_0x797_2023_09_01,CUS_0x797,1/9/2023,10,1,10000,1000,1000,0,9000,1/10/2023,2023-10-01,2025-11-09 06:51:02.752980,data/lms_loan_daily.csv,2023-10-01
CUS_0x7977_2023_02_01,CUS_0x7977,1/2/2023,10,8,10000,1000,1000,0,2000,1/10/2023,2023-10-01,2025-11-09 06:51:02.752980,data/lms_loan_daily.csv,2023-10-01
CUS_0x797d_2023_10_01,CUS_0x797d,1/10/2023,10,0,10000,0,0,0,10000,1/10/2023,2023-10-01,2025-11-09 06:51:02.752980,data/lms_loan_daily.csv,2023-10-01
CUS_0x798f_2023_08_01,CUS_0x798f,1/8/2023,10,2,10000,1000,1000,0,8000,1/10/2023,2023-10-01,2025-11-09 06:51:02.752980,data/lms_loan_daily.csv,2023-10-01
CUS_0x7992_2023_04_01,CUS_0x7992,1/4/2023,10,6,10000,1000,1000,0,4000,1/10/2023,2023-10-01,2025-11-09 06:51:02.752980,data/lms_loan_daily.csv,2023-10-01
CUS_0x79a9_2023_07_01,CUS_0x79a9,1/7/2023,10,3,10000,1000,0,1000,8000,1/10/2023,2023-10-01,2025-11-09 06:51:02.752980,data/lms_loan_daily.csv,2023-10-01
CUS_0x79aa_2023_01_01,CUS_0x79aa,1/1/2023,10,9,10000,1000,1000,0,1000,1/10/2023,2023-10-01,2025-11-09 06:51:02.752980,data/lms_loan_daily.csv,2023-10-01
CUS_0x79ac_2023_01_01,CUS_0x79ac,1/1/2023,10,9,10000,1000,1000,0,1000,1/10/2023,2023-10-01,2025-11-09 06:51:02.752980,data/lms_loan_daily.csv,2023-10-01
CUS_0x79b8_2023_09_01,CUS_0x79b8,1/9/2023,10,1,10000,1000,1000,0,9000,1/10/2023,2023-10-01,2025-11-09 06:51:02.752980,data/lms_loan_daily.csv,2023-10-01
CUS_0x79c1_2023_06_01,CUS_0x79c1,1/6/2023,10,4,10000,1000,0,1000,7000,1/10/2023,2023-10-01,2025-11-09 06:51:02.752980,data/lms_loan_daily.csv,2023-10-01
CUS_0x79c8_2023_08_01,CUS_0x79c8,1/8/2023,10,2,10000,1000,1000,0,8000,1/10/2023,2023-10-01,2025-11-09 06:51:02.752980,data/lms_loan_daily.csv,2023-10-01
CUS_0x79cf_2023_01_01,CUS_0x79cf,1/1/2023,10,9,10000,1000,1000,0,1000,1/10/2023,2023-10-01,2025-11-09 06:51:02.752980,data/lms_loan_daily.csv,2023-10-01
CUS_0x79d3_2023_05_01,CUS_0x79d3,1/5/2023,10,5,10000,1000,1000,0,5000,1/10/2023,2023-10-01,2025-11-09 06:51:02.752980,data/lms_loan_daily.csv,2023-10-01
CUS_0x79dd_2023_02_01,CUS_0x79dd,1/2/2023,10,8,10000,1000,1000,0,2000,1/10/2023,2023-10-01,2025-11-09 06:51:02.752980,data/lms_loan_daily.csv,2023-10-01
CUS_0x79ee_2023_05_01,CUS_0x79ee,1/5/2023,10,5,10000,1000,1000,0,5000,1/10/2023,2023-10-01,2025-11-09 06:51:02.752980,data/lms_loan_daily.csv,2023-10-01
CUS_0x79ff_2023_01_01,CUS_0x79ff,1/1/2023,10,9,10000,1000,0,5000,6000,1/10/2023,2023-10-01,2025-11-09 06:51:02.752980,data/lms_loan_daily.csv,2023-10-01
CUS_0x7a05_2023_08_01,CUS_0x7a05,1/8/2023,10,2,10000,1000,1000,0,8000,1/10/2023,2023-10-01,2025-11-09 06:51:02.752980,data/lms_loan_daily.csv,2023-10-01
CUS_0x7a0a_2023_03_01,CUS_0x7a0a,1/3/2023,10,7,10000,1000,1000,0,3000,1/10/2023,2023-10-01,2025-11-09 06:51:02.752980,data/lms_loan_daily.csv,2023-10-01
CUS_0x7a0b_2023_07_01,CUS_0x7a0b,1/7/2023,10,3,10000,1000,1000,0,7000,1/10/2023,2023-10-01,2025-11-09 06:51:02.752980,data/lms_loan_daily.csv,2023-10-01
CUS_0x7a11_2023_05_01,CUS_0x7a11,1/5/2023,10,5,10000,1000,1000,0,5000,1/10/2023,2023-10-01,2025-11-09 06:51:02.752980,data/lms_loan_daily.csv,2023-10-01
CUS_0x7a1f_2023_02_01,CUS_0x7a1f,1/2/2023,10,8,10000,1000,0,5000,7000,1/10/2023,2023-10-01,2025-11-09 06:51:02.752980,data/lms_loan_daily.csv,2023-10-01
CUS_0x7a21_2023_04_01,CUS_0x7a21,1/4/2023,10,6,10000,1000,0,3000,7000,1/10/2023,2023-10-01,2025-11-09 06:51:02.752980,data/lms_loan_daily.csv,2023-10-01
CUS_0x7a2d_2023_01_01,CUS_0x7a2d,1/1/2023,10,9,10000,1000,1000,0,1000,1/10/2023,2023-10-01,2025-11-09 06:51:02.752980,data/lms_loan_daily.csv,2023-10-01
CUS_0x7a39_2023_07_01,CUS_0x7a39,1/7/2023,10,3,10000,1000,1000,0,7000,1/10/2023,2023-10-01,2025-11-09 06:51:02.752980,data/lms_loan_daily.csv,2023-10-01
CUS_0x7a4c_2023_08_01,CUS_0x7a4c,1/8/2023,10,2,10000,1000,1000,0,8000,1/10/2023,2023-10-01,2025-11-09 06:51:02.752980,data/lms_loan_daily.csv,2023-10-01
CUS_0x7a4d_2023_05_01,CUS_0x7a4d,1/5/2023,10,5,10000,1000,0,2000,7000,1/10/2023,2023-10-01,2025-11-09 06:51:02.752980,data/lms_loan_daily.csv,2023-10-01
CUS_0x7a56_2023_08_01,CUS_0x7a56,1/8/2023,10,2,10000,1000,0,1000,9000,1/10/2023,2023-10-01,2025-11-09 06:51:02.752980,data/lms_loan_daily.csv,2023-10-01
CUS_0x7a59_2023_04_01,CUS_0x7a59,1/4/2023,10,6,10000,1000,1000,0,4000,1/10/2023,2023-10-01,2025-11-09 06:51:02.752980,data/lms_loan_daily.csv,2023-10-01
CUS_0x7a68_2023_08_01,CUS_0x7a68,1/8/2023,10,2,10000,1000,1000,0,8000,1/10/2023,2023-10-01,2025-11-09 06:51:02.752980,data/lms_loan_daily.csv,2023-10-01
CUS_0x7a6f_2023_02_01,CUS_0x7a6f,1/2/2023,10,8,10000,1000,0,7000,9000,1/10/2023,2023-10-01,2025-11-09 06:51:02.752980,data/lms_loan_daily.csv,2023-10-01
CUS_0x7a73_2023_06_01,CUS_0x7a73,1/6/2023,10,4,10000,1000,0,2000,8000,1/10/2023,2023-10-01,2025-11-09 06:51:02.752980,data/lms_loan_daily.csv,2023-10-01
CUS_0x7a77_2023_01_01,CUS_0x7a77,1/1/2023,10,9,10000,1000,1000,0,1000,1/10/2023,2023-10-01,2025-11-09 06:51:02.752980,data/lms_loan_daily.csv,2023-10-01
CUS_0x7a79_2023_06_01,CUS_0x7a79,1/6/2023,10,4,10000,1000,1000,0,6000,1/10/2023,2023-10-01,2025-11-09 06:51:02.752980,data/lms_loan_daily.csv,2023-10-01
CUS_0x7a7d_2023_04_01,CUS_0x7a7d,1/4/2023,10,6,10000,1000,0,5000,9000,1/10/2023,2023-10-01,2025-11-09 06:51:02.752980,data/lms_loan_daily.csv,2023-10-01
CUS_0x7a84_2023_01_01,CUS_0x7a84,1/1/2023,10,9,10000,1000,0,5000,6000,1/10/2023,2023-10-01,2025-11-09 06:51:02.752980,data/lms_loan_daily.csv,2023-10-01
CUS_0x7a8d_2023_10_01,CUS_0x7a8d,1/10/2023,10,0,10000,0,0,0,10000,1/10/2023,2023-10-01,2025-11-09 06:51:02.752980,data/lms_loan_daily.csv,2023-10-01
CUS_0x7a96_2023_04_01,CUS_0x7a96,1/4/2023,10,6,10000,1000,1000,0,4000,1/10/2023,2023-10-01,2025-11-09 06:51:02.752980,data/lms_loan_daily.csv,2023-10-01
CUS_0x7ab1_2023_04_01,CUS_0x7ab1,1/4/2023,10,6,10000,1000,1000,0,4000,1/10/2023,2023-10-01,2025-11-09 06:51:02.752980,data/lms_loan_daily.csv,2023-10-01
CUS_0x7ab6_2023_08_01,CUS_0x7ab6,1/8/2023,10,2,10000,1000,1000,0,8000,1/10/2023,2023-10-01,2025-11-09 06:51:02.752980,data/lms_loan_daily.csv,2023-10-01
CUS_0x7aba_2023_05_01,CUS_0x7aba,1/5/2023,10,5,10000,1000,1000,0,5000,1/10/2023,2023-10-01,2025-11-09 06:51:02.752980,data/lms_loan_daily.csv,2023-10-01
CUS_0x7ac7_2023_08_01,CUS_0x7ac7,1/8/2023,10,2,10000,1000,0,1000,9000,1/10/2023,2023-10-01,2025-11-09 06:51:02.752980,data/lms_loan_daily.csv,2023-10-01
CUS_0x7ace_2023_10_01,CUS_0x7ace,1/10/2023,10,0,10000,0,0,0,10000,1/10/2023,2023-10-01,2025-11-09 06:51:02.752980,data/lms_loan_daily.csv,2023-10-01
CUS_0x7ad4_2023_04_01,CUS_0x7ad4,1/4/2023,10,6,10000,1000,1000,0,4000,1/10/2023,2023-10-01,2025-11-09 06:51:02.752980,data/lms_loan_daily.csv,2023-10-01
CUS_0x7ad7_2023_06_01,CUS_0x7ad7,1/6/2023,10,4,10000,1000,1000,0,6000,1/10/2023,2023-10-01,2025-11-09 06:51:02.752980,data/lms_loan_daily.csv,2023-10-01
CUS_0x7ad8_2023_09_01,CUS_0x7ad8,1/9/2023,10,1,10000,1000,1000,0,9000,1/10/2023,2023-10-01,2025-11-09 06:51:02.752980,data/lms_loan_daily.csv,2023-10-01
CUS_0x7afc_2023_05_01,CUS_0x7afc,1/5/2023,10,5,10000,1000,1000,0,5000,1/10/2023,2023-10-01,2025-11-09 06:51:02.752980,data/lms_loan_daily.csv,2023-10-01
CUS_0x7b27_2023_06_01,CUS_0x7b27,1/6/2023,10,4,10000,1000,1000,0,6000,1/10/2023,2023-10-01,2025-11-09 06:51:02.752980,data/lms_loan_daily.csv,2023-10-01
CUS_0x7b2d_2023_04_01,CUS_0x7b2d,1/4/2023,10,6,10000,1000,1000,0,4000,1/10/2023,2023-10-01,2025-11-09 06:51:02.752980,data/lms_loan_daily.csv,2023-10-01
CUS_0x7b2f_2023_09_01,CUS_0x7b2f,1/9/2023,10,1,10000,1000,1000,0,9000,1/10/2023,2023-10-01,2025-11-09 06:51:02.752980,data/lms_loan_daily.csv,2023-10-01
CUS_0x7b31_2023_01_01,CUS_0x7b31,1/1/2023,10,9,10000,1000,1000,0,1000,1/10/2023,2023-10-01,2025-11-09 06:51:02.752980,data/lms_loan_daily.csv,2023-10-01
CUS_0x7b52_2023_01_01,CUS_0x7b52,1/1/2023,10,9,10000,1000,0,7000,8000,1/10/2023,2023-10-01,2025-11-09 06:51:02.752980,data/lms_loan_daily.csv,2023-10-01
CUS_0x7b58_2023_02_01,CUS_0x7b58,1/2/2023,10,8,10000,1000,1000,0,2000,1/10/2023,2023-10-01,2025-11-09 06:51:02.752980,data/lms_loan_daily.csv,2023-10-01
CUS_0x7b66_2023_06_01,CUS_0x7b66,1/6/2023,10,4,10000,1000,0,1000,7000,1/10/2023,2023-10-01,2025-11-09 06:51:02.752980,data/lms_loan_daily.csv,2023-10-01
CUS_0x7b72_2023_04_01,CUS_0x7b72,1/4/2023,10,6,10000,1000,1000,0,4000,1/10/2023,2023-10-01,2025-11-09 06:51:02.752980,data/lms_loan_daily.csv,2023-10-01
CUS_0x7b8a_2023_04_01,CUS_0x7b8a,1/4/2023,10,6,10000,1000,0,2000,6000,1/10/2023,2023-10-01,2025-11-09 06:51:02.752980,data/lms_loan_daily.csv,2023-10-01
CUS_0x7b90_2023_01_01,CUS_0x7b90,1/1/2023,10,9,10000,1000,1000,0,1000,1/10/2023,2023-10-01,2025-11-09 06:51:02.752980,data/lms_loan_daily.csv,2023-10-01
CUS_0x7b97_2023_02_01,CUS_0x7b97,1/2/2023,10,8,10000,1000,0,5000,7000,1/10/2023,2023-10-01,2025-11-09 06:51:02.752980,data/lms_loan_daily.csv,2023-10-01
CUS_0x7ba0_2023_10_01,CUS_0x7ba0,1/10/2023,10,0,10000,0,0,0,10000,1/10/2023,2023-10-01,2025-11-09 06:51:02.752980,data/lms_loan_daily.csv,2023-10-01
CUS_0x7ba5_2023_07_01,CUS_0x7ba5,1/7/2023,10,3,10000,1000,0,2000,9000,1/10/2023,2023-10-01,2025-11-09 06:51:02.752980,data/lms_loan_daily.csv,2023-10-01
CUS_0x7ba9_2023_05_01,CUS_0x7ba9,1/5/2023,10,5,10000,1000,1000,0,5000,1/10/2023,2023-10-01,2025-11-09 06:51:02.752980,data/lms_loan_daily.csv,2023-10-01
CUS_0x7bad_2023_03_01,CUS_0x7bad,1/3/2023,10,7,10000,1000,1000,0,3000,1/10/2023,2023-10-01,2025-11-09 06:51:02.752980,data/lms_loan_daily.csv,2023-10-01
CUS_0x7baf_2023_07_01,CUS_0x7baf,1/7/2023,10,3,10000,1000,1000,0,7000,1/10/2023,2023-10-01,2025-11-09 06:51:02.752980,data/lms_loan_daily.csv,2023-10-01
CUS_0x7bb2_2023_06_01,CUS_0x7bb2,1/6/2023,10,4,10000,1000,0,2000,8000,1/10/2023,2023-10-01,2025-11-09 06:51:02.752980,data/lms_loan_daily.csv,2023-10-01
CUS_0x7bb3_2023_02_01,CUS_0x7bb3,1/2/2023,10,8,10000,1000,1000,0,2000,1/10/2023,2023-10-01,2025-11-09 06:51:02.752980,data/lms_loan_daily.csv,2023-10-01
CUS_0x7bda_2023_01_01,CUS_0x7bda,1/1/2023,10,9,10000,1000,1000,0,1000,1/10/2023,2023-10-01,2025-11-09 06:51:02.752980,data/lms_loan_daily.csv,2023-10-01
CUS_0x7be5_2023_02_01,CUS_0x7be5,1/2/2023,10,8,10000,1000,1000,0,2000,1/10/2023,2023-10-01,2025-11-09 06:51:02.752980,data/lms_loan_daily.csv,2023-10-01
CUS_0x7bec_2023_04_01,CUS_0x7bec,1/4/2023,10,6,10000,1000,1000,0,4000,1/10/2023,2023-10-01,2025-11-09 06:51:02.752980,data/lms_loan_daily.csv,2023-10-01
CUS_0x7bee_2023_09_01,CUS_0x7bee,1/9/2023,10,1,10000,1000,1000,0,9000,1/10/2023,2023-10-01,2025-11-09 06:51:02.752980,data/lms_loan_daily.csv,2023-10-01
CUS_0x7bf_2023_07_01,CUS_0x7bf,1/7/2023,10,3,10000,1000,1000,0,7000,1/10/2023,2023-10-01,2025-11-09 06:51:02.752980,data/lms_loan_daily.csv,2023-10-01
CUS_0x7bf0_2023_08_01,CUS_0x7bf0,1/8/2023,10,2,10000,1000,0,1000,9000,1/10/2023,2023-10-01,2025-11-09 06:51:02.752980,data/lms_loan_daily.csv,2023-10-01
CUS_0x7bf2_2023_02_01,CUS_0x7bf2,1/2/2023,10,8,10000,1000,1000,0,2000,1/10/2023,2023-10-01,2025-11-09 06:51:02.752980,data/lms_loan_daily.csv,2023-10-01
CUS_0x7bf8_2023_06_01,CUS_0x7bf8,1/6/2023,10,4,10000,1000,1000,0,6000,1/10/2023,2023-10-01,2025-11-09 06:51:02.752980,data/lms_loan_daily.csv,2023-10-01
CUS_0x7c00_2023_01_01,CUS_0x7c00,1/1/2023,10,9,10000,1000,1000,0,1000,1/10/2023,2023-10-01,2025-11-09 06:51:02.752980,data/lms_loan_daily.csv,2023-10-01
CUS_0x7c01_2023_01_01,CUS_0x7c01,1/1/2023,10,9,10000,1000,1000,0,1000,1/10/2023,2023-10-01,2025-11-09 06:51:02.752980,data/lms_loan_daily.csv,2023-10-01
CUS_0x7c06_2023_03_01,CUS_0x7c06,1/3/2023,10,7,10000,1000,1000,0,3000,1/10/2023,2023-10-01,2025-11-09 06:51:02.752980,data/lms_loan_daily.csv,2023-10-01
CUS_0x7c12_2023_05_01,CUS_0x7c12,1/5/2023,10,5,10000,1000,1000,0,5000,1/10/2023,2023-10-01,2025-11-09 06:51:02.752980,data/lms_loan_daily.csv,2023-10-01
CUS_0x7c13_2023_01_01,CUS_0x7c13,1/1/2023,10,9,10000,1000,0,8000,9000,1/10/2023,2023-10-01,2025-11-09 06:51:02.752980,data/lms_loan_daily.csv,2023-10-01
CUS_0x7c2_2023_07_01,CUS_0x7c2,1/7/2023,10,3,10000,1000,1000,0,7000,1/10/2023,2023-10-01,2025-11-09 06:51:02.752980,data/lms_loan_daily.csv,2023-10-01
CUS_0x7c21_2023_06_01,CUS_0x7c21,1/6/2023,10,4,10000,1000,0,1000,7000,1/10/2023,2023-10-01,2025-11-09 06:51:02.752980,data/lms_loan_daily.csv,2023-10-01
CUS_0x7c2f_2023_01_01,CUS_0x7c2f,1/1/2023,10,9,10000,1000,0,5000,6000,1/10/2023,2023-10-01,2025-11-09 06:51:02.752980,data/lms_loan_daily.csv,2023-10-01
CUS_0x7c4a_2023_07_01,CUS_0x7c4a,1/7/2023,10,3,10000,1000,0,3000,10000,1/10/2023,2023-10-01,2025-11-09 06:51:02.752980,data/lms_loan_daily.csv,2023-10-01
CUS_0x7c55_2023_04_01,CUS_0x7c55,1/4/2023,10,6,10000,1000,1000,0,4000,1/10/2023,2023-10-01,2025-11-09 06:51:02.752980,data/lms_loan_daily.csv,2023-10-01
CUS_0x7c58_2023_01_01,CUS_0x7c58,1/1/2023,10,9,10000,1000,1000,0,1000,1/10/2023,2023-10-01,2025-11-09 06:51:02.752980,data/lms_loan_daily.csv,2023-10-01
CUS_0x7c59_2023_04_01,CUS_0x7c59,1/4/2023,10,6,10000,1000,1000,0,4000,1/10/2023,2023-10-01,2025-11-09 06:51:02.752980,data/lms_loan_daily.csv,2023-10-01
CUS_0x7c6_2023_07_01,CUS_0x7c6,1/7/2023,10,3,10000,1000,1000,0,7000,1/10/2023,2023-10-01,2025-11-09 06:51:02.752980,data/lms_loan_daily.csv,2023-10-01
CUS_0x7c60_2023_02_01,CUS_0x7c60,1/2/2023,10,8,10000,1000,1000,0,2000,1/10/2023,2023-10-01,2025-11-09 06:51:02.752980,data/lms_loan_daily.csv,2023-10-01
CUS_0x7c64_2023_01_01,CUS_0x7c64,1/1/2023,10,9,10000,1000,1000,0,1000,1/10/2023,2023-10-01,2025-11-09 06:51:02.752980,data/lms_loan_daily.csv,2023-10-01
CUS_0x7c66_2023_01_01,CUS_0x7c66,1/1/2023,10,9,10000,1000,1000,0,1000,1/10/2023,2023-10-01,2025-11-09 06:51:02.752980,data/lms_loan_daily.csv,2023-10-01
CUS_0x7c68_2023_09_01,CUS_0x7c68,1/9/2023,10,1,10000,1000,1000,0,9000,1/10/2023,2023-10-01,2025-11-09 06:51:02.752980,data/lms_loan_daily.csv,2023-10-01
CUS_0x7c84_2023_04_01,CUS_0x7c84,1/4/2023,10,6,10000,1000,1000,0,4000,1/10/2023,2023-10-01,2025-11-09 06:51:02.752980,data/lms_loan_daily.csv,2023-10-01
CUS_0x7c97_2023_03_01,CUS_0x7c97,1/3/2023,10,7,10000,1000,0,3000,6000,1/10/2023,2023-10-01,2025-11-09 06:51:02.752980,data/lms_loan_daily.csv,2023-10-01
CUS_0x7cb9_2023_01_01,CUS_0x7cb9,1/1/2023,10,9,10000,1000,0,5000,6000,1/10/2023,2023-10-01,2025-11-09 06:51:02.752980,data/lms_loan_daily.csv,2023-10-01
CUS_0x7cc7_2023_04_01,CUS_0x7cc7,1/4/2023,10,6,10000,1000,1000,0,4000,1/10/2023,2023-10-01,2025-11-09 06:51:02.752980,data/lms_loan_daily.csv,2023-10-01
CUS_0x7cd8_2023_04_01,CUS_0x7cd8,1/4/2023,10,6,10000,1000,1000,0,4000,1/10/2023,2023-10-01,2025-11-09 06:51:02.752980,data/lms_loan_daily.csv,2023-10-01
CUS_0x7cea_2023_05_01,CUS_0x7cea,1/5/2023,10,5,10000,1000,1000,0,5000,1/10/2023,2023-10-01,2025-11-09 06:51:02.752980,data/lms_loan_daily.csv,2023-10-01
CUS_0x7cf_2023_08_01,CUS_0x7cf,1/8/2023,10,2,10000,1000,0,1000,9000,1/10/2023,2023-10-01,2025-11-09 06:51:02.752980,data/lms_loan_daily.csv,2023-10-01
CUS_0x7cf0_2023_04_01,CUS_0x7cf0,1/4/2023,10,6,10000,1000,0,3000,7000,1/10/2023,2023-10-01,2025-11-09 06:51:02.752980,data/lms_loan_daily.csv,2023-10-01
CUS_0x7cf1_2023_06_01,CUS_0x7cf1,1/6/2023,10,4,10000,1000,1000,0,6000,1/10/2023,2023-10-01,2025-11-09 06:51:02.752980,data/lms_loan_daily.csv,2023-10-01
CUS_0x7cfb_2023_07_01,CUS_0x7cfb,1/7/2023,10,3,10000,1000,1000,0,7000,1/10/2023,2023-10-01,2025-11-09 06:51:02.752980,data/lms_loan_daily.csv,2023-10-01
CUS_0x7cfc_2023_01_01,CUS_0x7cfc,1/1/2023,10,9,10000,1000,1000,0,1000,1/10/2023,2023-10-01,2025-11-09 06:51:02.752980,data/lms_loan_daily.csv,2023-10-01
CUS_0x7d04_2023_03_01,CUS_0x7d04,1/3/2023,10,7,10000,1000,1000,0,3000,1/10/2023,2023-10-01,2025-11-09 06:51:02.752980,data/lms_loan_daily.csv,2023-10-01
CUS_0x7d0b_2023_10_01,CUS_0x7d0b,1/10/2023,10,0,10000,0,0,0,10000,1/10/2023,2023-10-01,2025-11-09 06:51:02.752980,data/lms_loan_daily.csv,2023-10-01
CUS_0x7d17_2023_02_01,CUS_0x7d17,1/2/2023,10,8,10000,1000,1000,0,2000,1/10/2023,2023-10-01,2025-11-09 06:51:02.752980,data/lms_loan_daily.csv,2023-10-01
CUS_0x7d18_2023_03_01,CUS_0x7d18,1/3/2023,10,7,10000,1000,1000,0,3000,1/10/2023,2023-10-01,2025-11-09 06:51:02.752980,data/lms_loan_daily.csv,2023-10-01
CUS_0x7d25_2023_04_01,CUS_0x7d25,1/4/2023,10,6,10000,1000,0,3000,7000,1/10/2023,2023-10-01,2025-11-09 06:51:02.752980,data/lms_loan_daily.csv,2023-10-01
CUS_0x7d27_2023_04_01,CUS_0x7d27,1/4/2023,10,6,10000,1000,1000,0,4000,1/10/2023,2023-10-01,2025-11-09 06:51:02.752980,data/lms_loan_daily.csv,2023-10-01
CUS_0x7d2c_2023_05_01,CUS_0x7d2c,1/5/2023,10,5,10000,1000,0,4000,9000,1/10/2023,2023-10-01,2025-11-09 06:51:02.752980,data/lms_loan_daily.csv,2023-10-01
CUS_0x7d3b_2023_09_01,CUS_0x7d3b,1/9/2023,10,1,10000,1000,1000,0,9000,1/10/2023,2023-10-01,2025-11-09 06:51:02.752980,data/lms_loan_daily.csv,2023-10-01
CUS_0x7d44_2023_05_01,CUS_0x7d44,1/5/2023,10,5,10000,1000,1000,0,5000,1/10/2023,2023-10-01,2025-11-09 06:51:02.752980,data/lms_loan_daily.csv,2023-10-01
CUS_0x7d48_2023_09_01,CUS_0x7d48,1/9/2023,10,1,10000,1000,1000,0,9000,1/10/2023,2023-10-01,2025-11-09 06:51:02.752980,data/lms_loan_daily.csv,2023-10-01
CUS_0x7d57_2023_10_01,CUS_0x7d57,1/10/2023,10,0,10000,0,0,0,10000,1/10/2023,2023-10-01,2025-11-09 06:51:02.752980,data/lms_loan_daily.csv,2023-10-01
CUS_0x7d6_2023_02_01,CUS_0x7d6,1/2/2023,10,8,10000,1000,1000,0,2000,1/10/2023,2023-10-01,2025-11-09 06:51:02.752980,data/lms_loan_daily.csv,2023-10-01
CUS_0x7d64_2023_03_01,CUS_0x7d64,1/3/2023,10,7,10000,1000,1000,0,3000,1/10/2023,2023-10-01,2025-11-09 06:51:02.752980,data/lms_loan_daily.csv,2023-10-01
CUS_0x7d65_2023_03_01,CUS_0x7d65,1/3/2023,10,7,10000,1000,1000,0,3000,1/10/2023,2023-10-01,2025-11-09 06:51:02.752980,data/lms_loan_daily.csv,2023-10-01
CUS_0x7d70_2023_04_01,CUS_0x7d70,1/4/2023,10,6,10000,1000,1000,0,4000,1/10/2023,2023-10-01,2025-11-09 06:51:02.752980,data/lms_loan_daily.csv,2023-10-01
CUS_0x7d80_2023_08_01,CUS_0x7d80,1/8/2023,10,2,10000,1000,1000,0,8000,1/10/2023,2023-10-01,2025-11-09 06:51:02.752980,data/lms_loan_daily.csv,2023-10-01
CUS_0x7d8a_2023_09_01,CUS_0x7d8a,1/9/2023,10,1,10000,1000,1000,0,9000,1/10/2023,2023-10-01,2025-11-09 06:51:02.752980,data/lms_loan_daily.csv,2023-10-01
CUS_0x7da5_2023_07_01,CUS_0x7da5,1/7/2023,10,3,10000,1000,0,2000,9000,1/10/2023,2023-10-01,2025-11-09 06:51:02.752980,data/lms_loan_daily.csv,2023-10-01
CUS_0x7db4_2023_08_01,CUS_0x7db4,1/8/2023,10,2,10000,1000,1000,0,8000,1/10/2023,2023-10-01,2025-11-09 06:51:02.752980,data/lms_loan_daily.csv,2023-10-01
CUS_0x7dd_2023_10_01,CUS_0x7dd,1/10/2023,10,0,10000,0,0,0,10000,1/10/2023,2023-10-01,2025-11-09 06:51:02.752980,data/lms_loan_daily.csv,2023-10-01
CUS_0x7dd5_2023_03_01,CUS_0x7dd5,1/3/2023,10,7,10000,1000,1000,0,3000,1/10/2023,2023-10-01,2025-11-09 06:51:02.752980,data/lms_loan_daily.csv,2023-10-01
CUS_0x7dd7_2023_07_01,CUS_0x7dd7,1/7/2023,10,3,10000,1000,1000,0,7000,1/10/2023,2023-10-01,2025-11-09 06:51:02.752980,data/lms_loan_daily.csv,2023-10-01
CUS_0x7de0_2023_07_01,CUS_0x7de0,1/7/2023,10,3,10000,1000,1000,0,7000,1/10/2023,2023-10-01,2025-11-09 06:51:02.752980,data/lms_loan_daily.csv,2023-10-01
CUS_0x7dea_2023_05_01,CUS_0x7dea,1/5/2023,10,5,10000,1000,1000,0,5000,1/10/2023,2023-10-01,2025-11-09 06:51:02.752980,data/lms_loan_daily.csv,2023-10-01
CUS_0x7dee_2023_09_01,CUS_0x7dee,1/9/2023,10,1,10000,1000,1000,0,9000,1/10/2023,2023-10-01,2025-11-09 06:51:02.752980,data/lms_loan_daily.csv,2023-10-01
CUS_0x7df0_2023_05_01,CUS_0x7df0,1/5/2023,10,5,10000,1000,1000,0,5000,1/10/2023,2023-10-01,2025-11-09 06:51:02.752980,data/lms_loan_daily.csv,2023-10-01
CUS_0x7df6_2023_10_01,CUS_0x7df6,1/10/2023,10,0,10000,0,0,0,10000,1/10/2023,2023-10-01,2025-11-09 06:51:02.752980,data/lms_loan_daily.csv,2023-10-01
CUS_0x7dfb_2023_01_01,CUS_0x7dfb,1/1/2023,10,9,10000,1000,0,6000,7000,1/10/2023,2023-10-01,2025-11-09 06:51:02.752980,data/lms_loan_daily.csv,2023-10-01
CUS_0x7e02_2023_05_01,CUS_0x7e02,1/5/2023,10,5,10000,1000,1000,0,5000,1/10/2023,2023-10-01,2025-11-09 06:51:02.752980,data/lms_loan_daily.csv,2023-10-01
CUS_0x7e0b_2023_07_01,CUS_0x7e0b,1/7/2023,10,3,10000,1000,0,1000,8000,1/10/2023,2023-10-01,2025-11-09 06:51:02.752980,data/lms_loan_daily.csv,2023-10-01
CUS_0x7e0e_2023_02_01,CUS_0x7e0e,1/2/2023,10,8,10000,1000,1000,0,2000,1/10/2023,2023-10-01,2025-11-09 06:51:02.752980,data/lms_loan_daily.csv,2023-10-01
CUS_0x7e0f_2023_09_01,CUS_0x7e0f,1/9/2023,10,1,10000,1000,1000,0,9000,1/10/2023,2023-10-01,2025-11-09 06:51:02.752980,data/lms_loan_daily.csv,2023-10-01
CUS_0x7e10_2023_10_01,CUS_0x7e10,1/10/2023,10,0,10000,0,0,0,10000,1/10/2023,2023-10-01,2025-11-09 06:51:02.752980,data/lms_loan_daily.csv,2023-10-01
CUS_0x7e24_2023_06_01,CUS_0x7e24,1/6/2023,10,4,10000,1000,1000,0,6000,1/10/2023,2023-10-01,2025-11-09 06:51:02.752980,data/lms_loan_daily.csv,2023-10-01
CUS_0x7e28_2023_02_01,CUS_0x7e28,1/2/2023,10,8,10000,1000,1000,0,2000,1/10/2023,2023-10-01,2025-11-09 06:51:02.752980,data/lms_loan_daily.csv,2023-10-01
CUS_0x7e2f_2023_05_01,CUS_0x7e2f,1/5/2023,10,5,10000,1000,1000,0,5000,1/10/2023,2023-10-01,2025-11-09 06:51:02.752980,data/lms_loan_daily.csv,2023-10-01
CUS_0x7e3a_2023_06_01,CUS_0x7e3a,1/6/2023,10,4,10000,1000,1000,0,6000,1/10/2023,2023-10-01,2025-11-09 06:51:02.752980,data/lms_loan_daily.csv,2023-10-01
CUS_0x7e3e_2023_10_01,CUS_0x7e3e,1/10/2023,10,0,10000,0,0,0,10000,1/10/2023,2023-10-01,2025-11-09 06:51:02.752980,data/lms_loan_daily.csv,2023-10-01
CUS_0x7e3f_2023_09_01,CUS_0x7e3f,1/9/2023,10,1,10000,1000,1000,0,9000,1/10/2023,2023-10-01,2025-11-09 06:51:02.752980,data/lms_loan_daily.csv,2023-10-01
CUS_0x7e51_2023_08_01,CUS_0x7e51,1/8/2023,10,2,10000,1000,1000,0,8000,1/10/2023,2023-10-01,2025-11-09 06:51:02.752980,data/lms_loan_daily.csv,2023-10-01
CUS_0x7e62_2023_06_01,CUS_0x7e62,1/6/2023,10,4,10000,1000,2000,0,6000,1/10/2023,2023-10-01,2025-11-09 06:51:02.752980,data/lms_loan_daily.csv,2023-10-01
CUS_0x7e63_2023_06_01,CUS_0x7e63,1/6/2023,10,4,10000,1000,1000,0,6000,1/10/2023,2023-10-01,2025-11-09 06:51:02.752980,data/lms_loan_daily.csv,2023-10-01
CUS_0x7e67_2023_09_01,CUS_0x7e67,1/9/2023,10,1,10000,1000,1000,0,9000,1/10/2023,2023-10-01,2025-11-09 06:51:02.752980,data/lms_loan_daily.csv,2023-10-01
CUS_0x7e6f_2023_09_01,CUS_0x7e6f,1/9/2023,10,1,10000,1000,1000,0,9000,1/10/2023,2023-10-01,2025-11-09 06:51:02.752980,data/lms_loan_daily.csv,2023-10-01
CUS_0x7e84_2023_04_01,CUS_0x7e84,1/4/2023,10,6,10000,1000,1000,0,4000,1/10/2023,2023-10-01,2025-11-09 06:51:02.752980,data/lms_loan_daily.csv,2023-10-01
CUS_0x7e86_2023_08_01,CUS_0x7e86,1/8/2023,10,2,10000,1000,0,2000,10000,1/10/2023,2023-10-01,2025-11-09 06:51:02.752980,data/lms_loan_daily.csv,2023-10-01
CUS_0x7e8a_2023_02_01,CUS_0x7e8a,1/2/2023,10,8,10000,1000,1000,0,2000,1/10/2023,2023-10-01,2025-11-09 06:51:02.752980,data/lms_loan_daily.csv,2023-10-01
CUS_0x7e9a_2023_06_01,CUS_0x7e9a,1/6/2023,10,4,10000,1000,1000,0,6000,1/10/2023,2023-10-01,2025-11-09 06:51:02.752980,data/lms_loan_daily.csv,2023-10-01
CUS_0x7ea2_2023_10_01,CUS_0x7ea2,1/10/2023,10,0,10000,0,0,0,10000,1/10/2023,2023-10-01,2025-11-09 06:51:02.752980,data/lms_loan_daily.csv,2023-10-01
CUS_0x7ea4_2023_10_01,CUS_0x7ea4,1/10/2023,10,0,10000,0,0,0,10000,1/10/2023,2023-10-01,2025-11-09 06:51:02.752980,data/lms_loan_daily.csv,2023-10-01
CUS_0x7ea8_2023_08_01,CUS_0x7ea8,1/8/2023,10,2,10000,1000,1000,0,8000,1/10/2023,2023-10-01,2025-11-09 06:51:02.752980,data/lms_loan_daily.csv,2023-10-01
CUS_0x7ec0_2023_04_01,CUS_0x7ec0,1/4/2023,10,6,10000,1000,0,4000,8000,1/10/2023,2023-10-01,2025-11-09 06:51:02.752980,data/lms_loan_daily.csv,2023-10-01
CUS_0x7ee3_2023_04_01,CUS_0x7ee3,1/4/2023,10,6,10000,1000,1000,0,4000,1/10/2023,2023-10-01,2025-11-09 06:51:02.752980,data/lms_loan_daily.csv,2023-10-01
CUS_0x7efe_2023_10_01,CUS_0x7efe,1/10/2023,10,0,10000,0,0,0,10000,1/10/2023,2023-10-01,2025-11-09 06:51:02.752980,data/lms_loan_daily.csv,2023-10-01
CUS_0x7f07_2023_09_01,CUS_0x7f07,1/9/2023,10,1,10000,1000,1000,0,9000,1/10/2023,2023-10-01,2025-11-09 06:51:02.752980,data/lms_loan_daily.csv,2023-10-01
CUS_0x7f10_2023_08_01,CUS_0x7f10,1/8/2023,10,2,10000,1000,0,2000,10000,1/10/2023,2023-10-01,2025-11-09 06:51:02.752980,data/lms_loan_daily.csv,2023-10-01
CUS_0x7f2c_2023_05_01,CUS_0x7f2c,1/5/2023,10,5,10000,1000,1000,0,5000,1/10/2023,2023-10-01,2025-11-09 06:51:02.752980,data/lms_loan_daily.csv,2023-10-01
CUS_0x7f46_2023_06_01,CUS_0x7f46,1/6/2023,10,4,10000,1000,1000,0,6000,1/10/2023,2023-10-01,2025-11-09 06:51:02.752980,data/lms_loan_daily.csv,2023-10-01
CUS_0x7f50_2023_07_01,CUS_0x7f50,1/7/2023,10,3,10000,1000,1000,0,7000,1/10/2023,2023-10-01,2025-11-09 06:51:02.752980,data/lms_loan_daily.csv,2023-10-01
CUS_0x7f9c_2023_07_01,CUS_0x7f9c,1/7/2023,10,3,10000,1000,1000,0,7000,1/10/2023,2023-10-01,2025-11-09 06:51:02.752980,data/lms_loan_daily.csv,2023-10-01
CUS_0x7fa_2023_04_01,CUS_0x7fa,1/4/2023,10,6,10000,1000,1000,0,4000,1/10/2023,2023-10-01,2025-11-09 06:51:02.752980,data/lms_loan_daily.csv,2023-10-01
CUS_0x7fa0_2023_08_01,CUS_0x7fa0,1/8/2023,10,2,10000,1000,1000,0,8000,1/10/2023,2023-10-01,2025-11-09 06:51:02.752980,data/lms_loan_daily.csv,2023-10-01
CUS_0x7faf_2023_05_01,CUS_0x7faf,1/5/2023,10,5,10000,1000,1000,0,5000,1/10/2023,2023-10-01,2025-11-09 06:51:02.752980,data/lms_loan_daily.csv,2023-10-01
CUS_0x7fb3_2023_04_01,CUS_0x7fb3,1/4/2023,10,6,10000,1000,0,6000,10000,1/10/2023,2023-10-01,2025-11-09 06:51:02.752980,data/lms_loan_daily.csv,2023-10-01
CUS_0x7fc3_2023_01_01,CUS_0x7fc3,1/1/2023,10,9,10000,1000,1000,0,1000,1/10/2023,2023-10-01,2025-11-09 06:51:02.752980,data/lms_loan_daily.csv,2023-10-01
CUS_0x7fc7_2023_10_01,CUS_0x7fc7,1/10/2023,10,0,10000,0,0,0,10000,1/10/2023,2023-10-01,2025-11-09 06:51:02.752980,data/lms_loan_daily.csv,2023-10-01
CUS_0x7fd3_2023_02_01,CUS_0x7fd3,1/2/2023,10,8,10000,1000,1000,0,2000,1/10/2023,2023-10-01,2025-11-09 06:51:02.752980,data/lms_loan_daily.csv,2023-10-01
CUS_0x7fe_2023_08_01,CUS_0x7fe,1/8/2023,10,2,10000,1000,1000,0,8000,1/10/2023,2023-10-01,2025-11-09 06:51:02.752980,data/lms_loan_daily.csv,2023-10-01
CUS_0x7fe2_2023_01_01,CUS_0x7fe2,1/1/2023,10,9,10000,1000,1000,0,1000,1/10/2023,2023-10-01,2025-11-09 06:51:02.752980,data/lms_loan_daily.csv,2023-10-01
CUS_0x7fe9_2023_06_01,CUS_0x7fe9,1/6/2023,10,4,10000,1000,0,4000,10000,1/10/2023,2023-10-01,2025-11-09 06:51:02.752980,data/lms_loan_daily.csv,2023-10-01
CUS_0x7feb_2023_10_01,CUS_0x7feb,1/10/2023,10,0,10000,0,0,0,10000,1/10/2023,2023-10-01,2025-11-09 06:51:02.752980,data/lms_loan_daily.csv,2023-10-01
CUS_0x7ff5_2023_02_01,CUS_0x7ff5,1/2/2023,10,8,10000,1000,1000,0,2000,1/10/2023,2023-10-01,2025-11-09 06:51:02.752980,data/lms_loan_daily.csv,2023-10-01
CUS_0x8004_2023_03_01,CUS_0x8004,1/3/2023,10,7,10000,1000,1000,0,3000,1/10/2023,2023-10-01,2025-11-09 06:51:02.752980,data/lms_loan_daily.csv,2023-10-01
CUS_0x8009_2023_05_01,CUS_0x8009,1/5/2023,10,5,10000,1000,1000,0,5000,1/10/2023,2023-10-01,2025-11-09 06:51:02.752980,data/lms_loan_daily.csv,2023-10-01
CUS_0x802_2023_03_01,CUS_0x802,1/3/2023,10,7,10000,1000,0,4000,7000,1/10/2023,2023-10-01,2025-11-09 06:51:02.752980,data/lms_loan_daily.csv,2023-10-01
CUS_0x8031_2023_01_01,CUS_0x8031,1/1/2023,10,9,10000,1000,0,7000,8000,1/10/2023,2023-10-01,2025-11-09 06:51:02.752980,data/lms_loan_daily.csv,2023-10-01
CUS_0x8033_2023_10_01,CUS_0x8033,1/10/2023,10,0,10000,0,0,0,10000,1/10/2023,2023-10-01,2025-11-09 06:51:02.752980,data/lms_loan_daily.csv,2023-10-01
CUS_0x8034_2023_01_01,CUS_0x8034,1/1/2023,10,9,10000,1000,1000,0,1000,1/10/2023,2023-10-01,2025-11-09 06:51:02.752980,data/lms_loan_daily.csv,2023-10-01
CUS_0x8036_2023_03_01,CUS_0x8036,1/3/2023,10,7,10000,1000,1000,0,3000,1/10/2023,2023-10-01,2025-11-09 06:51:02.752980,data/lms_loan_daily.csv,2023-10-01
CUS_0x803c_2023_10_01,CUS_0x803c,1/10/2023,10,0,10000,0,0,0,10000,1/10/2023,2023-10-01,2025-11-09 06:51:02.752980,data/lms_loan_daily.csv,2023-10-01
CUS_0x8046_2023_04_01,CUS_0x8046,1/4/2023,10,6,10000,1000,1000,0,4000,1/10/2023,2023-10-01,2025-11-09 06:51:02.752980,data/lms_loan_daily.csv,2023-10-01
CUS_0x8049_2023_05_01,CUS_0x8049,1/5/2023,10,5,10000,1000,1000,0,5000,1/10/2023,2023-10-01,2025-11-09 06:51:02.752980,data/lms_loan_daily.csv,2023-10-01
CUS_0x8059_2023_06_01,CUS_0x8059,1/6/2023,10,4,10000,1000,0,2000,8000,1/10/2023,2023-10-01,2025-11-09 06:51:02.752980,data/lms_loan_daily.csv,2023-10-01
CUS_0x8065_2023_01_01,CUS_0x8065,1/1/2023,10,9,10000,1000,0,8000,9000,1/10/2023,2023-10-01,2025-11-09 06:51:02.752980,data/lms_loan_daily.csv,2023-10-01
CUS_0x8067_2023_04_01,CUS_0x8067,1/4/2023,10,6,10000,1000,0,4000,8000,1/10/2023,2023-10-01,2025-11-09 06:51:02.752980,data/lms_loan_daily.csv,2023-10-01
CUS_0x8072_2023_07_01,CUS_0x8072,1/7/2023,10,3,10000,1000,1000,0,7000,1/10/2023,2023-10-01,2025-11-09 06:51:02.752980,data/lms_loan_daily.csv,2023-10-01
CUS_0x8081_2023_10_01,CUS_0x8081,1/10/2023,10,0,10000,0,0,0,10000,1/10/2023,2023-10-01,2025-11-09 06:51:02.752980,data/lms_loan_daily.csv,2023-10-01
CUS_0x8083_2023_02_01,CUS_0x8083,1/2/2023,10,8,10000,1000,1000,0,2000,1/10/2023,2023-10-01,2025-11-09 06:51:02.752980,data/lms_loan_daily.csv,2023-10-01
CUS_0x809c_2023_07_01,CUS_0x809c,1/7/2023,10,3,10000,1000,1000,0,7000,1/10/2023,2023-10-01,2025-11-09 06:51:02.752980,data/lms_loan_daily.csv,2023-10-01
CUS_0x80b1_2023_08_01,CUS_0x80b1,1/8/2023,10,2,10000,1000,1000,0,8000,1/10/2023,2023-10-01,2025-11-09 06:51:02.752980,data/lms_loan_daily.csv,2023-10-01
CUS_0x80b7_2023_08_01,CUS_0x80b7,1/8/2023,10,2,10000,1000,1000,0,8000,1/10/2023,2023-10-01,2025-11-09 06:51:02.752980,data/lms_loan_daily.csv,2023-10-01
CUS_0x80c0_2023_09_01,CUS_0x80c0,1/9/2023,10,1,10000,1000,1000,0,9000,1/10/2023,2023-10-01,2025-11-09 06:51:02.752980,data/lms_loan_daily.csv,2023-10-01
CUS_0x80ca_2023_02_01,CUS_0x80ca,1/2/2023,10,8,10000,1000,1000,0,2000,1/10/2023,2023-10-01,2025-11-09 06:51:02.752980,data/lms_loan_daily.csv,2023-10-01
CUS_0x80d7_2023_10_01,CUS_0x80d7,1/10/2023,10,0,10000,0,0,0,10000,1/10/2023,2023-10-01,2025-11-09 06:51:02.752980,data/lms_loan_daily.csv,2023-10-01
CUS_0x80d8_2023_10_01,CUS_0x80d8,1/10/2023,10,0,10000,0,0,0,10000,1/10/2023,2023-10-01,2025-11-09 06:51:02.752980,data/lms_loan_daily.csv,2023-10-01
CUS_0x80dc_2023_04_01,CUS_0x80dc,1/4/2023,10,6,10000,1000,1000,0,4000,1/10/2023,2023-10-01,2025-11-09 06:51:02.752980,data/lms_loan_daily.csv,2023-10-01
CUS_0x80df_2023_07_01,CUS_0x80df,1/7/2023,10,3,10000,1000,1000,0,7000,1/10/2023,2023-10-01,2025-11-09 06:51:02.752980,data/lms_loan_daily.csv,2023-10-01
CUS_0x80e2_2023_03_01,CUS_0x80e2,1/3/2023,10,7,10000,1000,1000,0,3000,1/10/2023,2023-10-01,2025-11-09 06:51:02.752980,data/lms_loan_daily.csv,2023-10-01
CUS_0x80e5_2023_04_01,CUS_0x80e5,1/4/2023,10,6,10000,1000,0,3000,7000,1/10/2023,2023-10-01,2025-11-09 06:51:02.752980,data/lms_loan_daily.csv,2023-10-01
CUS_0x80f8_2023_07_01,CUS_0x80f8,1/7/2023,10,3,10000,1000,1000,0,7000,1/10/2023,2023-10-01,2025-11-09 06:51:02.752980,data/lms_loan_daily.csv,2023-10-01
CUS_0x8110_2023_07_01,CUS_0x8110,1/7/2023,10,3,10000,1000,1000,0,7000,1/10/2023,2023-10-01,2025-11-09 06:51:02.752980,data/lms_loan_daily.csv,2023-10-01
CUS_0x8112_2023_08_01,CUS_0x8112,1/8/2023,10,2,10000,1000,1000,0,8000,1/10/2023,2023-10-01,2025-11-09 06:51:02.752980,data/lms_loan_daily.csv,2023-10-01
CUS_0x8126_2023_04_01,CUS_0x8126,1/4/2023,10,6,10000,1000,1000,0,4000,1/10/2023,2023-10-01,2025-11-09 06:51:02.752980,data/lms_loan_daily.csv,2023-10-01
CUS_0x812d_2023_03_01,CUS_0x812d,1/3/2023,10,7,10000,1000,0,4000,7000,1/10/2023,2023-10-01,2025-11-09 06:51:02.752980,data/lms_loan_daily.csv,2023-10-01
CUS_0x8132_2023_10_01,CUS_0x8132,1/10/2023,10,0,10000,0,0,0,10000,1/10/2023,2023-10-01,2025-11-09 06:51:02.752980,data/lms_loan_daily.csv,2023-10-01
CUS_0x8135_2023_02_01,CUS_0x8135,1/2/2023,10,8,10000,1000,1000,0,2000,1/10/2023,2023-10-01,2025-11-09 06:51:02.752980,data/lms_loan_daily.csv,2023-10-01
CUS_0x8142_2023_04_01,CUS_0x8142,1/4/2023,10,6,10000,1000,1000,0,4000,1/10/2023,2023-10-01,2025-11-09 06:51:02.752980,data/lms_loan_daily.csv,2023-10-01
CUS_0x8144_2023_10_01,CUS_0x8144,1/10/2023,10,0,10000,0,0,0,10000,1/10/2023,2023-10-01,2025-11-09 06:51:02.752980,data/lms_loan_daily.csv,2023-10-01
CUS_0x8153_2023_08_01,CUS_0x8153,1/8/2023,10,2,10000,1000,1000,0,8000,1/10/2023,2023-10-01,2025-11-09 06:51:02.752980,data/lms_loan_daily.csv,2023-10-01
CUS_0x8167_2023_09_01,CUS_0x8167,1/9/2023,10,1,10000,1000,1000,0,9000,1/10/2023,2023-10-01,2025-11-09 06:51:02.752980,data/lms_loan_daily.csv,2023-10-01
CUS_0x8171_2023_01_01,CUS_0x8171,1/1/2023,10,9,10000,1000,1000,0,1000,1/10/2023,2023-10-01,2025-11-09 06:51:02.752980,data/lms_loan_daily.csv,2023-10-01
CUS_0x8197_2023_08_01,CUS_0x8197,1/8/2023,10,2,10000,1000,1000,0,8000,1/10/2023,2023-10-01,2025-11-09 06:51:02.752980,data/lms_loan_daily.csv,2023-10-01
CUS_0x81ac_2023_08_01,CUS_0x81ac,1/8/2023,10,2,10000,1000,1000,0,8000,1/10/2023,2023-10-01,2025-11-09 06:51:02.752980,data/lms_loan_daily.csv,2023-10-01
CUS_0x81b8_2023_02_01,CUS_0x81b8,1/2/2023,10,8,10000,1000,1000,0,2000,1/10/2023,2023-10-01,2025-11-09 06:51:02.752980,data/lms_loan_daily.csv,2023-10-01
CUS_0x81b9_2023_03_01,CUS_0x81b9,1/3/2023,10,7,10000,1000,0,5000,8000,1/10/2023,2023-10-01,2025-11-09 06:51:02.752980,data/lms_loan_daily.csv,2023-10-01
CUS_0x81bb_2023_08_01,CUS_0x81bb,1/8/2023,10,2,10000,1000,1000,0,8000,1/10/2023,2023-10-01,2025-11-09 06:51:02.752980,data/lms_loan_daily.csv,2023-10-01
CUS_0x81c3_2023_04_01,CUS_0x81c3,1/4/2023,10,6,10000,1000,1000,0,4000,1/10/2023,2023-10-01,2025-11-09 06:51:02.752980,data/lms_loan_daily.csv,2023-10-01
CUS_0x81c5_2023_07_01,CUS_0x81c5,1/7/2023,10,3,10000,1000,1000,0,7000,1/10/2023,2023-10-01,2025-11-09 06:51:02.752980,data/lms_loan_daily.csv,2023-10-01
CUS_0x81d4_2023_09_01,CUS_0x81d4,1/9/2023,10,1,10000,1000,1000,0,9000,1/10/2023,2023-10-01,2025-11-09 06:51:02.752980,data/lms_loan_daily.csv,2023-10-01
CUS_0x81e4_2023_05_01,CUS_0x81e4,1/5/2023,10,5,10000,1000,0,3000,8000,1/10/2023,2023-10-01,2025-11-09 06:51:02.752980,data/lms_loan_daily.csv,2023-10-01
CUS_0x81e6_2023_01_01,CUS_0x81e6,1/1/2023,10,9,10000,1000,0,7000,8000,1/10/2023,2023-10-01,2025-11-09 06:51:02.752980,data/lms_loan_daily.csv,2023-10-01
CUS_0x81e9_2023_07_01,CUS_0x81e9,1/7/2023,10,3,10000,1000,1000,0,7000,1/10/2023,2023-10-01,2025-11-09 06:51:02.752980,data/lms_loan_daily.csv,2023-10-01
CUS_0x81f1_2023_04_01,CUS_0x81f1,1/4/2023,10,6,10000,1000,1000,0,4000,1/10/2023,2023-10-01,2025-11-09 06:51:02.752980,data/lms_loan_daily.csv,2023-10-01
CUS_0x81f2_2023_06_01,CUS_0x81f2,1/6/2023,10,4,10000,1000,1000,0,6000,1/10/2023,2023-10-01,2025-11-09 06:51:02.752980,data/lms_loan_daily.csv,2023-10-01
CUS_0x8207_2023_01_01,CUS_0x8207,1/1/2023,10,9,10000,1000,0,7000,8000,1/10/2023,2023-10-01,2025-11-09 06:51:02.752980,data/lms_loan_daily.csv,2023-10-01
CUS_0x8208_2023_02_01,CUS_0x8208,1/2/2023,10,8,10000,1000,1000,0,2000,1/10/2023,2023-10-01,2025-11-09 06:51:02.752980,data/lms_loan_daily.csv,2023-10-01
CUS_0x821_2023_04_01,CUS_0x821,1/4/2023,10,6,10000,1000,1000,0,4000,1/10/2023,2023-10-01,2025-11-09 06:51:02.752980,data/lms_loan_daily.csv,2023-10-01
CUS_0x8216_2023_05_01,CUS_0x8216,1/5/2023,10,5,10000,1000,0,3000,8000,1/10/2023,2023-10-01,2025-11-09 06:51:02.752980,data/lms_loan_daily.csv,2023-10-01
CUS_0x8225_2023_03_01,CUS_0x8225,1/3/2023,10,7,10000,1000,1000,0,3000,1/10/2023,2023-10-01,2025-11-09 06:51:02.752980,data/lms_loan_daily.csv,2023-10-01
CUS_0x8237_2023_03_01,CUS_0x8237,1/3/2023,10,7,10000,1000,1000,0,3000,1/10/2023,2023-10-01,2025-11-09 06:51:02.752980,data/lms_loan_daily.csv,2023-10-01
CUS_0x8239_2023_04_01,CUS_0x8239,1/4/2023,10,6,10000,1000,0,4000,8000,1/10/2023,2023-10-01,2025-11-09 06:51:02.752980,data/lms_loan_daily.csv,2023-10-01
CUS_0x8247_2023_02_01,CUS_0x8247,1/2/2023,10,8,10000,1000,1000,0,2000,1/10/2023,2023-10-01,2025-11-09 06:51:02.752980,data/lms_loan_daily.csv,2023-10-01
CUS_0x825d_2023_04_01,CUS_0x825d,1/4/2023,10,6,10000,1000,1000,0,4000,1/10/2023,2023-10-01,2025-11-09 06:51:02.752980,data/lms_loan_daily.csv,2023-10-01
CUS_0x825e_2023_02_01,CUS_0x825e,1/2/2023,10,8,10000,1000,0,7000,9000,1/10/2023,2023-10-01,2025-11-09 06:51:02.752980,data/lms_loan_daily.csv,2023-10-01
CUS_0x826d_2023_04_01,CUS_0x826d,1/4/2023,10,6,10000,1000,1000,0,4000,1/10/2023,2023-10-01,2025-11-09 06:51:02.752980,data/lms_loan_daily.csv,2023-10-01
CUS_0x8275_2023_06_01,CUS_0x8275,1/6/2023,10,4,10000,1000,0,1000,7000,1/10/2023,2023-10-01,2025-11-09 06:51:02.752980,data/lms_loan_daily.csv,2023-10-01
CUS_0x8277_2023_02_01,CUS_0x8277,1/2/2023,10,8,10000,1000,1000,0,2000,1/10/2023,2023-10-01,2025-11-09 06:51:02.752980,data/lms_loan_daily.csv,2023-10-01
CUS_0x828b_2023_06_01,CUS_0x828b,1/6/2023,10,4,10000,1000,1000,0,6000,1/10/2023,2023-10-01,2025-11-09 06:51:02.752980,data/lms_loan_daily.csv,2023-10-01
CUS_0x828f_2023_03_01,CUS_0x828f,1/3/2023,10,7,10000,1000,0,3000,6000,1/10/2023,2023-10-01,2025-11-09 06:51:02.752980,data/lms_loan_daily.csv,2023-10-01
CUS_0x8291_2023_08_01,CUS_0x8291,1/8/2023,10,2,10000,1000,1000,0,8000,1/10/2023,2023-10-01,2025-11-09 06:51:02.752980,data/lms_loan_daily.csv,2023-10-01
CUS_0x8293_2023_10_01,CUS_0x8293,1/10/2023,10,0,10000,0,0,0,10000,1/10/2023,2023-10-01,2025-11-09 06:51:02.752980,data/lms_loan_daily.csv,2023-10-01
CUS_0x829a_2023_04_01,CUS_0x829a,1/4/2023,10,6,10000,1000,1000,0,4000,1/10/2023,2023-10-01,2025-11-09 06:51:02.752980,data/lms_loan_daily.csv,2023-10-01
CUS_0x82a1_2023_02_01,CUS_0x82a1,1/2/2023,10,8,10000,1000,1000,0,2000,1/10/2023,2023-10-01,2025-11-09 06:51:02.752980,data/lms_loan_daily.csv,2023-10-01
CUS_0x82a7_2023_01_01,CUS_0x82a7,1/1/2023,10,9,10000,1000,0,7000,8000,1/10/2023,2023-10-01,2025-11-09 06:51:02.752980,data/lms_loan_daily.csv,2023-10-01
CUS_0x82b6_2023_02_01,CUS_0x82b6,1/2/2023,10,8,10000,1000,1000,0,2000,1/10/2023,2023-10-01,2025-11-09 06:51:02.752980,data/lms_loan_daily.csv,2023-10-01
CUS_0x82c4_2023_03_01,CUS_0x82c4,1/3/2023,10,7,10000,1000,0,3000,6000,1/10/2023,2023-10-01,2025-11-09 06:51:02.752980,data/lms_loan_daily.csv,2023-10-01
CUS_0x82cb_2023_09_01,CUS_0x82cb,1/9/2023,10,1,10000,1000,1000,0,9000,1/10/2023,2023-10-01,2025-11-09 06:51:02.752980,data/lms_loan_daily.csv,2023-10-01
CUS_0x82d5_2023_05_01,CUS_0x82d5,1/5/2023,10,5,10000,1000,0,4000,9000,1/10/2023,2023-10-01,2025-11-09 06:51:02.752980,data/lms_loan_daily.csv,2023-10-01
CUS_0x82db_2023_10_01,CUS_0x82db,1/10/2023,10,0,10000,0,0,0,10000,1/10/2023,2023-10-01,2025-11-09 06:51:02.752980,data/lms_loan_daily.csv,2023-10-01
CUS_0x82fc_2023_03_01,CUS_0x82fc,1/3/2023,10,7,10000,1000,1000,0,3000,1/10/2023,2023-10-01,2025-11-09 06:51:02.752980,data/lms_loan_daily.csv,2023-10-01
CUS_0x82fd_2023_10_01,CUS_0x82fd,1/10/2023,10,0,10000,0,0,0,10000,1/10/2023,2023-10-01,2025-11-09 06:51:02.752980,data/lms_loan_daily.csv,2023-10-01
CUS_0x8316_2023_06_01,CUS_0x8316,1/6/2023,10,4,10000,1000,1000,0,6000,1/10/2023,2023-10-01,2025-11-09 06:51:02.752980,data/lms_loan_daily.csv,2023-10-01
CUS_0x8327_2023_03_01,CUS_0x8327,1/3/2023,10,7,10000,1000,1000,0,3000,1/10/2023,2023-10-01,2025-11-09 06:51:02.752980,data/lms_loan_daily.csv,2023-10-01
CUS_0x832d_2023_01_01,CUS_0x832d,1/1/2023,10,9,10000,1000,1000,0,1000,1/10/2023,2023-10-01,2025-11-09 06:51:02.752980,data/lms_loan_daily.csv,2023-10-01
CUS_0x8340_2023_08_01,CUS_0x8340,1/8/2023,10,2,10000,1000,0,1000,9000,1/10/2023,2023-10-01,2025-11-09 06:51:02.752980,data/lms_loan_daily.csv,2023-10-01
CUS_0x834f_2023_04_01,CUS_0x834f,1/4/2023,10,6,10000,1000,0,5000,9000,1/10/2023,2023-10-01,2025-11-09 06:51:02.752980,data/lms_loan_daily.csv,2023-10-01
CUS_0x8370_2023_01_01,CUS_0x8370,1/1/2023,10,9,10000,1000,0,8000,9000,1/10/2023,2023-10-01,2025-11-09 06:51:02.752980,data/lms_loan_daily.csv,2023-10-01
CUS_0x8376_2023_01_01,CUS_0x8376,1/1/2023,10,9,10000,1000,1000,0,1000,1/10/2023,2023-10-01,2025-11-09 06:51:02.752980,data/lms_loan_daily.csv,2023-10-01
CUS_0x837e_2023_08_01,CUS_0x837e,1/8/2023,10,2,10000,1000,1000,0,8000,1/10/2023,2023-10-01,2025-11-09 06:51:02.752980,data/lms_loan_daily.csv,2023-10-01
CUS_0x838c_2023_03_01,CUS_0x838c,1/3/2023,10,7,10000,1000,0,6000,9000,1/10/2023,2023-10-01,2025-11-09 06:51:02.752980,data/lms_loan_daily.csv,2023-10-01
CUS_0x8398_2023_05_01,CUS_0x8398,1/5/2023,10,5,10000,1000,1000,0,5000,1/10/2023,2023-10-01,2025-11-09 06:51:02.752980,data/lms_loan_daily.csv,2023-10-01
CUS_0x8399_2023_06_01,CUS_0x8399,1/6/2023,10,4,10000,1000,1000,0,6000,1/10/2023,2023-10-01,2025-11-09 06:51:02.752980,data/lms_loan_daily.csv,2023-10-01
CUS_0x83a4_2023_07_01,CUS_0x83a4,1/7/2023,10,3,10000,1000,0,1000,8000,1/10/2023,2023-10-01,2025-11-09 06:51:02.752980,data/lms_loan_daily.csv,2023-10-01
CUS_0x83bd_2023_08_01,CUS_0x83bd,1/8/2023,10,2,10000,1000,2000,0,8000,1/10/2023,2023-10-01,2025-11-09 06:51:02.752980,data/lms_loan_daily.csv,2023-10-01
CUS_0x83c5_2023_07_01,CUS_0x83c5,1/7/2023,10,3,10000,1000,0,1000,8000,1/10/2023,2023-10-01,2025-11-09 06:51:02.752980,data/lms_loan_daily.csv,2023-10-01
CUS_0x83cc_2023_02_01,CUS_0x83cc,1/2/2023,10,8,10000,1000,1000,0,2000,1/10/2023,2023-10-01,2025-11-09 06:51:02.752980,data/lms_loan_daily.csv,2023-10-01
CUS_0x83d7_2023_07_01,CUS_0x83d7,1/7/2023,10,3,10000,1000,1000,0,7000,1/10/2023,2023-10-01,2025-11-09 06:51:02.752980,data/lms_loan_daily.csv,2023-10-01
CUS_0x83e_2023_06_01,CUS_0x83e,1/6/2023,10,4,10000,1000,1000,0,6000,1/10/2023,2023-10-01,2025-11-09 06:51:02.752980,data/lms_loan_daily.csv,2023-10-01
CUS_0x83ef_2023_07_01,CUS_0x83ef,1/7/2023,10,3,10000,1000,1000,0,7000,1/10/2023,2023-10-01,2025-11-09 06:51:02.752980,data/lms_loan_daily.csv,2023-10-01
CUS_0x83f5_2023_03_01,CUS_0x83f5,1/3/2023,10,7,10000,1000,0,5000,8000,1/10/2023,2023-10-01,2025-11-09 06:51:02.752980,data/lms_loan_daily.csv,2023-10-01
CUS_0x83fb_2023_04_01,CUS_0x83fb,1/4/2023,10,6,10000,1000,1000,0,4000,1/10/2023,2023-10-01,2025-11-09 06:51:02.752980,data/lms_loan_daily.csv,2023-10-01
CUS_0x840a_2023_10_01,CUS_0x840a,1/10/2023,10,0,10000,0,0,0,10000,1/10/2023,2023-10-01,2025-11-09 06:51:02.752980,data/lms_loan_daily.csv,2023-10-01
CUS_0x8425_2023_02_01,CUS_0x8425,1/2/2023,10,8,10000,1000,1000,0,2000,1/10/2023,2023-10-01,2025-11-09 06:51:02.752980,data/lms_loan_daily.csv,2023-10-01
CUS_0x8432_2023_02_01,CUS_0x8432,1/2/2023,10,8,10000,1000,0,6000,8000,1/10/2023,2023-10-01,2025-11-09 06:51:02.752980,data/lms_loan_daily.csv,2023-10-01
CUS_0x8433_2023_04_01,CUS_0x8433,1/4/2023,10,6,10000,1000,1000,0,4000,1/10/2023,2023-10-01,2025-11-09 06:51:02.752980,data/lms_loan_daily.csv,2023-10-01
CUS_0x843d_2023_03_01,CUS_0x843d,1/3/2023,10,7,10000,1000,1000,0,3000,1/10/2023,2023-10-01,2025-11-09 06:51:02.752980,data/lms_loan_daily.csv,2023-10-01
CUS_0x8459_2023_09_01,CUS_0x8459,1/9/2023,10,1,10000,1000,1000,0,9000,1/10/2023,2023-10-01,2025-11-09 06:51:02.752980,data/lms_loan_daily.csv,2023-10-01
CUS_0x846a_2023_01_01,CUS_0x846a,1/1/2023,10,9,10000,1000,1000,0,1000,1/10/2023,2023-10-01,2025-11-09 06:51:02.752980,data/lms_loan_daily.csv,2023-10-01
CUS_0x846e_2023_05_01,CUS_0x846e,1/5/2023,10,5,10000,1000,0,2000,7000,1/10/2023,2023-10-01,2025-11-09 06:51:02.752980,data/lms_loan_daily.csv,2023-10-01
CUS_0x84a0_2023_01_01,CUS_0x84a0,1/1/2023,10,9,10000,1000,1000,0,1000,1/10/2023,2023-10-01,2025-11-09 06:51:02.752980,data/lms_loan_daily.csv,2023-10-01
CUS_0x84a9_2023_06_01,CUS_0x84a9,1/6/2023,10,4,10000,1000,1000,0,6000,1/10/2023,2023-10-01,2025-11-09 06:51:02.752980,data/lms_loan_daily.csv,2023-10-01
CUS_0x84ae_2023_05_01,CUS_0x84ae,1/5/2023,10,5,10000,1000,1000,0,5000,1/10/2023,2023-10-01,2025-11-09 06:51:02.752980,data/lms_loan_daily.csv,2023-10-01
CUS_0x84af_2023_10_01,CUS_0x84af,1/10/2023,10,0,10000,0,0,0,10000,1/10/2023,2023-10-01,2025-11-09 06:51:02.752980,data/lms_loan_daily.csv,2023-10-01
CUS_0x84b_2023_08_01,CUS_0x84b,1/8/2023,10,2,10000,1000,1000,0,8000,1/10/2023,2023-10-01,2025-11-09 06:51:02.752980,data/lms_loan_daily.csv,2023-10-01
CUS_0x84b8_2023_07_01,CUS_0x84b8,1/7/2023,10,3,10000,1000,2000,0,7000,1/10/2023,2023-10-01,2025-11-09 06:51:02.752980,data/lms_loan_daily.csv,2023-10-01
CUS_0x84c3_2023_07_01,CUS_0x84c3,1/7/2023,10,3,10000,1000,2000,0,7000,1/10/2023,2023-10-01,2025-11-09 06:51:02.752980,data/lms_loan_daily.csv,2023-10-01
CUS_0x84d_2023_08_01,CUS_0x84d,1/8/2023,10,2,10000,1000,1000,0,8000,1/10/2023,2023-10-01,2025-11-09 06:51:02.752980,data/lms_loan_daily.csv,2023-10-01
CUS_0x84e7_2023_06_01,CUS_0x84e7,1/6/2023,10,4,10000,1000,1000,0,6000,1/10/2023,2023-10-01,2025-11-09 06:51:02.752980,data/lms_loan_daily.csv,2023-10-01
CUS_0x84fe_2023_05_01,CUS_0x84fe,1/5/2023,10,5,10000,1000,0,2000,7000,1/10/2023,2023-10-01,2025-11-09 06:51:02.752980,data/lms_loan_daily.csv,2023-10-01
CUS_0x850b_2023_03_01,CUS_0x850b,1/3/2023,10,7,10000,1000,1000,0,3000,1/10/2023,2023-10-01,2025-11-09 06:51:02.752980,data/lms_loan_daily.csv,2023-10-01
CUS_0x8526_2023_03_01,CUS_0x8526,1/3/2023,10,7,10000,1000,1000,0,3000,1/10/2023,2023-10-01,2025-11-09 06:51:02.752980,data/lms_loan_daily.csv,2023-10-01
CUS_0x8533_2023_10_01,CUS_0x8533,1/10/2023,10,0,10000,0,0,0,10000,1/10/2023,2023-10-01,2025-11-09 06:51:02.752980,data/lms_loan_daily.csv,2023-10-01
CUS_0x8536_2023_05_01,CUS_0x8536,1/5/2023,10,5,10000,1000,1000,0,5000,1/10/2023,2023-10-01,2025-11-09 06:51:02.752980,data/lms_loan_daily.csv,2023-10-01
CUS_0x853c_2023_08_01,CUS_0x853c,1/8/2023,10,2,10000,1000,1000,0,8000,1/10/2023,2023-10-01,2025-11-09 06:51:02.752980,data/lms_loan_daily.csv,2023-10-01
CUS_0x853f_2023_08_01,CUS_0x853f,1/8/2023,10,2,10000,1000,1000,0,8000,1/10/2023,2023-10-01,2025-11-09 06:51:02.752980,data/lms_loan_daily.csv,2023-10-01
CUS_0x8546_2023_01_01,CUS_0x8546,1/1/2023,10,9,10000,1000,1000,0,1000,1/10/2023,2023-10-01,2025-11-09 06:51:02.752980,data/lms_loan_daily.csv,2023-10-01
CUS_0x854c_2023_04_01,CUS_0x854c,1/4/2023,10,6,10000,1000,1000,0,4000,1/10/2023,2023-10-01,2025-11-09 06:51:02.752980,data/lms_loan_daily.csv,2023-10-01
CUS_0x854e_2023_08_01,CUS_0x854e,1/8/2023,10,2,10000,1000,1000,0,8000,1/10/2023,2023-10-01,2025-11-09 06:51:02.752980,data/lms_loan_daily.csv,2023-10-01
CUS_0x8558_2023_09_01,CUS_0x8558,1/9/2023,10,1,10000,1000,1000,0,9000,1/10/2023,2023-10-01,2025-11-09 06:51:02.752980,data/lms_loan_daily.csv,2023-10-01
CUS_0x8562_2023_02_01,CUS_0x8562,1/2/2023,10,8,10000,1000,0,7000,9000,1/10/2023,2023-10-01,2025-11-09 06:51:02.752980,data/lms_loan_daily.csv,2023-10-01
CUS_0x8568_2023_09_01,CUS_0x8568,1/9/2023,10,1,10000,1000,1000,0,9000,1/10/2023,2023-10-01,2025-11-09 06:51:02.752980,data/lms_loan_daily.csv,2023-10-01
CUS_0x856b_2023_04_01,CUS_0x856b,1/4/2023,10,6,10000,1000,1000,0,4000,1/10/2023,2023-10-01,2025-11-09 06:51:02.752980,data/lms_loan_daily.csv,2023-10-01
CUS_0x856c_2023_09_01,CUS_0x856c,1/9/2023,10,1,10000,1000,0,1000,10000,1/10/2023,2023-10-01,2025-11-09 06:51:02.752980,data/lms_loan_daily.csv,2023-10-01
CUS_0x857b_2023_05_01,CUS_0x857b,1/5/2023,10,5,10000,1000,1000,0,5000,1/10/2023,2023-10-01,2025-11-09 06:51:02.752980,data/lms_loan_daily.csv,2023-10-01
CUS_0x857f_2023_07_01,CUS_0x857f,1/7/2023,10,3,10000,1000,1000,0,7000,1/10/2023,2023-10-01,2025-11-09 06:51:02.752980,data/lms_loan_daily.csv,2023-10-01
CUS_0x858a_2023_08_01,CUS_0x858a,1/8/2023,10,2,10000,1000,0,2000,10000,1/10/2023,2023-10-01,2025-11-09 06:51:02.752980,data/lms_loan_daily.csv,2023-10-01
CUS_0x8593_2023_09_01,CUS_0x8593,1/9/2023,10,1,10000,1000,1000,0,9000,1/10/2023,2023-10-01,2025-11-09 06:51:02.752980,data/lms_loan_daily.csv,2023-10-01
CUS_0x859d_2023_01_01,CUS_0x859d,1/1/2023,10,9,10000,1000,1000,0,1000,1/10/2023,2023-10-01,2025-11-09 06:51:02.752980,data/lms_loan_daily.csv,2023-10-01
CUS_0x85a0_2023_04_01,CUS_0x85a0,1/4/2023,10,6,10000,1000,1000,0,4000,1/10/2023,2023-10-01,2025-11-09 06:51:02.752980,data/lms_loan_daily.csv,2023-10-01
CUS_0x85b_2023_07_01,CUS_0x85b,1/7/2023,10,3,10000,1000,0,2000,9000,1/10/2023,2023-10-01,2025-11-09 06:51:02.752980,data/lms_loan_daily.csv,2023-10-01
CUS_0x85bb_2023_05_01,CUS_0x85bb,1/5/2023,10,5,10000,1000,1000,0,5000,1/10/2023,2023-10-01,2025-11-09 06:51:02.752980,data/lms_loan_daily.csv,2023-10-01
CUS_0x85cb_2023_07_01,CUS_0x85cb,1/7/2023,10,3,10000,1000,1000,0,7000,1/10/2023,2023-10-01,2025-11-09 06:51:02.752980,data/lms_loan_daily.csv,2023-10-01
CUS_0x85d_2023_05_01,CUS_0x85d,1/5/2023,10,5,10000,1000,1000,0,5000,1/10/2023,2023-10-01,2025-11-09 06:51:02.752980,data/lms_loan_daily.csv,2023-10-01
CUS_0x85e7_2023_10_01,CUS_0x85e7,1/10/2023,10,0,10000,0,0,0,10000,1/10/2023,2023-10-01,2025-11-09 06:51:02.752980,data/lms_loan_daily.csv,2023-10-01
CUS_0x85e9_2023_10_01,CUS_0x85e9,1/10/2023,10,0,10000,0,0,0,10000,1/10/2023,2023-10-01,2025-11-09 06:51:02.752980,data/lms_loan_daily.csv,2023-10-01
CUS_0x85f1_2023_06_01,CUS_0x85f1,1/6/2023,10,4,10000,1000,1000,0,6000,1/10/2023,2023-10-01,2025-11-09 06:51:02.752980,data/lms_loan_daily.csv,2023-10-01
CUS_0x85f4_2023_06_01,CUS_0x85f4,1/6/2023,10,4,10000,1000,0,1000,7000,1/10/2023,2023-10-01,2025-11-09 06:51:02.752980,data/lms_loan_daily.csv,2023-10-01
CUS_0x85fa_2023_02_01,CUS_0x85fa,1/2/2023,10,8,10000,1000,1000,0,2000,1/10/2023,2023-10-01,2025-11-09 06:51:02.752980,data/lms_loan_daily.csv,2023-10-01
CUS_0x85fd_2023_05_01,CUS_0x85fd,1/5/2023,10,5,10000,1000,1000,0,5000,1/10/2023,2023-10-01,2025-11-09 06:51:02.752980,data/lms_loan_daily.csv,2023-10-01
CUS_0x8600_2023_07_01,CUS_0x8600,1/7/2023,10,3,10000,1000,1000,0,7000,1/10/2023,2023-10-01,2025-11-09 06:51:02.752980,data/lms_loan_daily.csv,2023-10-01
CUS_0x861a_2023_03_01,CUS_0x861a,1/3/2023,10,7,10000,1000,1000,0,3000,1/10/2023,2023-10-01,2025-11-09 06:51:02.752980,data/lms_loan_daily.csv,2023-10-01
CUS_0x862b_2023_05_01,CUS_0x862b,1/5/2023,10,5,10000,1000,1000,0,5000,1/10/2023,2023-10-01,2025-11-09 06:51:02.752980,data/lms_loan_daily.csv,2023-10-01
CUS_0x8638_2023_04_01,CUS_0x8638,1/4/2023,10,6,10000,1000,1000,0,4000,1/10/2023,2023-10-01,2025-11-09 06:51:02.752980,data/lms_loan_daily.csv,2023-10-01
CUS_0x8643_2023_06_01,CUS_0x8643,1/6/2023,10,4,10000,1000,0,1000,7000,1/10/2023,2023-10-01,2025-11-09 06:51:02.752980,data/lms_loan_daily.csv,2023-10-01
CUS_0x8647_2023_03_01,CUS_0x8647,1/3/2023,10,7,10000,1000,1000,0,3000,1/10/2023,2023-10-01,2025-11-09 06:51:02.752980,data/lms_loan_daily.csv,2023-10-01
CUS_0x864c_2023_06_01,CUS_0x864c,1/6/2023,10,4,10000,1000,1000,0,6000,1/10/2023,2023-10-01,2025-11-09 06:51:02.752980,data/lms_loan_daily.csv,2023-10-01
CUS_0x8658_2023_01_01,CUS_0x8658,1/1/2023,10,9,10000,1000,1000,0,1000,1/10/2023,2023-10-01,2025-11-09 06:51:02.752980,data/lms_loan_daily.csv,2023-10-01
CUS_0x866d_2023_05_01,CUS_0x866d,1/5/2023,10,5,10000,1000,1000,0,5000,1/10/2023,2023-10-01,2025-11-09 06:51:02.752980,data/lms_loan_daily.csv,2023-10-01
CUS_0x867e_2023_09_01,CUS_0x867e,1/9/2023,10,1,10000,1000,1000,0,9000,1/10/2023,2023-10-01,2025-11-09 06:51:02.752980,data/lms_loan_daily.csv,2023-10-01
CUS_0x867f_2023_03_01,CUS_0x867f,1/3/2023,10,7,10000,1000,0,3000,6000,1/10/2023,2023-10-01,2025-11-09 06:51:02.752980,data/lms_loan_daily.csv,2023-10-01
CUS_0x8680_2023_08_01,CUS_0x8680,1/8/2023,10,2,10000,1000,1000,0,8000,1/10/2023,2023-10-01,2025-11-09 06:51:02.752980,data/lms_loan_daily.csv,2023-10-01
CUS_0x8681_2023_08_01,CUS_0x8681,1/8/2023,10,2,10000,1000,1000,0,8000,1/10/2023,2023-10-01,2025-11-09 06:51:02.752980,data/lms_loan_daily.csv,2023-10-01
CUS_0x868f_2023_04_01,CUS_0x868f,1/4/2023,10,6,10000,1000,1000,0,4000,1/10/2023,2023-10-01,2025-11-09 06:51:02.752980,data/lms_loan_daily.csv,2023-10-01
CUS_0x869_2023_09_01,CUS_0x869,1/9/2023,10,1,10000,1000,1000,0,9000,1/10/2023,2023-10-01,2025-11-09 06:51:02.752980,data/lms_loan_daily.csv,2023-10-01
CUS_0x8694_2023_05_01,CUS_0x8694,1/5/2023,10,5,10000,1000,1000,0,5000,1/10/2023,2023-10-01,2025-11-09 06:51:02.752980,data/lms_loan_daily.csv,2023-10-01
CUS_0x869b_2023_06_01,CUS_0x869b,1/6/2023,10,4,10000,1000,0,2000,8000,1/10/2023,2023-10-01,2025-11-09 06:51:02.752980,data/lms_loan_daily.csv,2023-10-01
CUS_0x86a7_2023_03_01,CUS_0x86a7,1/3/2023,10,7,10000,1000,1000,0,3000,1/10/2023,2023-10-01,2025-11-09 06:51:02.752980,data/lms_loan_daily.csv,2023-10-01
CUS_0x86aa_2023_09_01,CUS_0x86aa,1/9/2023,10,1,10000,1000,1000,0,9000,1/10/2023,2023-10-01,2025-11-09 06:51:02.752980,data/lms_loan_daily.csv,2023-10-01
CUS_0x86be_2023_01_01,CUS_0x86be,1/1/2023,10,9,10000,1000,0,6000,7000,1/10/2023,2023-10-01,2025-11-09 06:51:02.752980,data/lms_loan_daily.csv,2023-10-01
CUS_0x86c5_2023_06_01,CUS_0x86c5,1/6/2023,10,4,10000,1000,1000,0,6000,1/10/2023,2023-10-01,2025-11-09 06:51:02.752980,data/lms_loan_daily.csv,2023-10-01
CUS_0x86c7_2023_01_01,CUS_0x86c7,1/1/2023,10,9,10000,1000,1000,0,1000,1/10/2023,2023-10-01,2025-11-09 06:51:02.752980,data/lms_loan_daily.csv,2023-10-01
CUS_0x86ce_2023_03_01,CUS_0x86ce,1/3/2023,10,7,10000,1000,0,3000,6000,1/10/2023,2023-10-01,2025-11-09 06:51:02.752980,data/lms_loan_daily.csv,2023-10-01
CUS_0x86da_2023_06_01,CUS_0x86da,1/6/2023,10,4,10000,1000,0,3000,9000,1/10/2023,2023-10-01,2025-11-09 06:51:02.752980,data/lms_loan_daily.csv,2023-10-01
CUS_0x86dd_2023_03_01,CUS_0x86dd,1/3/2023,10,7,10000,1000,0,6000,9000,1/10/2023,2023-10-01,2025-11-09 06:51:02.752980,data/lms_loan_daily.csv,2023-10-01
CUS_0x86e_2023_03_01,CUS_0x86e,1/3/2023,10,7,10000,1000,0,4000,7000,1/10/2023,2023-10-01,2025-11-09 06:51:02.752980,data/lms_loan_daily.csv,2023-10-01
CUS_0x86ed_2023_01_01,CUS_0x86ed,1/1/2023,10,9,10000,1000,0,7000,8000,1/10/2023,2023-10-01,2025-11-09 06:51:02.752980,data/lms_loan_daily.csv,2023-10-01
CUS_0x86fa_2023_03_01,CUS_0x86fa,1/3/2023,10,7,10000,1000,1000,0,3000,1/10/2023,2023-10-01,2025-11-09 06:51:02.752980,data/lms_loan_daily.csv,2023-10-01
CUS_0x86fe_2023_06_01,CUS_0x86fe,1/6/2023,10,4,10000,1000,1000,0,6000,1/10/2023,2023-10-01,2025-11-09 06:51:02.752980,data/lms_loan_daily.csv,2023-10-01
CUS_0x8704_2023_01_01,CUS_0x8704,1/1/2023,10,9,10000,1000,1000,0,1000,1/10/2023,2023-10-01,2025-11-09 06:51:02.752980,data/lms_loan_daily.csv,2023-10-01
CUS_0x870c_2023_05_01,CUS_0x870c,1/5/2023,10,5,10000,1000,1000,0,5000,1/10/2023,2023-10-01,2025-11-09 06:51:02.752980,data/lms_loan_daily.csv,2023-10-01
CUS_0x870d_2023_07_01,CUS_0x870d,1/7/2023,10,3,10000,1000,3000,0,7000,1/10/2023,2023-10-01,2025-11-09 06:51:02.752980,data/lms_loan_daily.csv,2023-10-01
CUS_0x870e_2023_07_01,CUS_0x870e,1/7/2023,10,3,10000,1000,0,3000,10000,1/10/2023,2023-10-01,2025-11-09 06:51:02.752980,data/lms_loan_daily.csv,2023-10-01
CUS_0x8715_2023_06_01,CUS_0x8715,1/6/2023,10,4,10000,1000,1000,0,6000,1/10/2023,2023-10-01,2025-11-09 06:51:02.752980,data/lms_loan_daily.csv,2023-10-01
CUS_0x8718_2023_10_01,CUS_0x8718,1/10/2023,10,0,10000,0,0,0,10000,1/10/2023,2023-10-01,2025-11-09 06:51:02.752980,data/lms_loan_daily.csv,2023-10-01
CUS_0x8727_2023_03_01,CUS_0x8727,1/3/2023,10,7,10000,1000,1000,0,3000,1/10/2023,2023-10-01,2025-11-09 06:51:02.752980,data/lms_loan_daily.csv,2023-10-01
CUS_0x872e_2023_08_01,CUS_0x872e,1/8/2023,10,2,10000,1000,1000,0,8000,1/10/2023,2023-10-01,2025-11-09 06:51:02.752980,data/lms_loan_daily.csv,2023-10-01
CUS_0x8731_2023_04_01,CUS_0x8731,1/4/2023,10,6,10000,1000,1000,0,4000,1/10/2023,2023-10-01,2025-11-09 06:51:02.752980,data/lms_loan_daily.csv,2023-10-01
CUS_0x873b_2023_01_01,CUS_0x873b,1/1/2023,10,9,10000,1000,1000,0,1000,1/10/2023,2023-10-01,2025-11-09 06:51:02.752980,data/lms_loan_daily.csv,2023-10-01
CUS_0x8747_2023_04_01,CUS_0x8747,1/4/2023,10,6,10000,1000,1000,0,4000,1/10/2023,2023-10-01,2025-11-09 06:51:02.752980,data/lms_loan_daily.csv,2023-10-01
CUS_0x8749_2023_06_01,CUS_0x8749,1/6/2023,10,4,10000,1000,1000,0,6000,1/10/2023,2023-10-01,2025-11-09 06:51:02.752980,data/lms_loan_daily.csv,2023-10-01
CUS_0x8752_2023_10_01,CUS_0x8752,1/10/2023,10,0,10000,0,0,0,10000,1/10/2023,2023-10-01,2025-11-09 06:51:02.752980,data/lms_loan_daily.csv,2023-10-01
CUS_0x878_2023_04_01,CUS_0x878,1/4/2023,10,6,10000,1000,1000,0,4000,1/10/2023,2023-10-01,2025-11-09 06:51:02.752980,data/lms_loan_daily.csv,2023-10-01
CUS_0x8783_2023_07_01,CUS_0x8783,1/7/2023,10,3,10000,1000,1000,0,7000,1/10/2023,2023-10-01,2025-11-09 06:51:02.752980,data/lms_loan_daily.csv,2023-10-01
CUS_0x8788_2023_03_01,CUS_0x8788,1/3/2023,10,7,10000,1000,1000,0,3000,1/10/2023,2023-10-01,2025-11-09 06:51:02.752980,data/lms_loan_daily.csv,2023-10-01
CUS_0x878c_2023_10_01,CUS_0x878c,1/10/2023,10,0,10000,0,0,0,10000,1/10/2023,2023-10-01,2025-11-09 06:51:02.752980,data/lms_loan_daily.csv,2023-10-01
CUS_0x8793_2023_10_01,CUS_0x8793,1/10/2023,10,0,10000,0,0,0,10000,1/10/2023,2023-10-01,2025-11-09 06:51:02.752980,data/lms_loan_daily.csv,2023-10-01
CUS_0x8798_2023_03_01,CUS_0x8798,1/3/2023,10,7,10000,1000,1000,0,3000,1/10/2023,2023-10-01,2025-11-09 06:51:02.752980,data/lms_loan_daily.csv,2023-10-01
CUS_0x87a_2023_05_01,CUS_0x87a,1/5/2023,10,5,10000,1000,1000,0,5000,1/10/2023,2023-10-01,2025-11-09 06:51:02.752980,data/lms_loan_daily.csv,2023-10-01
CUS_0x87a2_2023_05_01,CUS_0x87a2,1/5/2023,10,5,10000,1000,1000,0,5000,1/10/2023,2023-10-01,2025-11-09 06:51:02.752980,data/lms_loan_daily.csv,2023-10-01
CUS_0x87b6_2023_07_01,CUS_0x87b6,1/7/2023,10,3,10000,1000,1000,0,7000,1/10/2023,2023-10-01,2025-11-09 06:51:02.752980,data/lms_loan_daily.csv,2023-10-01
CUS_0x87b8_2023_09_01,CUS_0x87b8,1/9/2023,10,1,10000,1000,1000,0,9000,1/10/2023,2023-10-01,2025-11-09 06:51:02.752980,data/lms_loan_daily.csv,2023-10-01
CUS_0x87ba_2023_05_01,CUS_0x87ba,1/5/2023,10,5,10000,1000,0,1000,6000,1/10/2023,2023-10-01,2025-11-09 06:51:02.752980,data/lms_loan_daily.csv,2023-10-01
CUS_0x87cb_2023_05_01,CUS_0x87cb,1/5/2023,10,5,10000,1000,0,4000,9000,1/10/2023,2023-10-01,2025-11-09 06:51:02.752980,data/lms_loan_daily.csv,2023-10-01
CUS_0x87d5_2023_03_01,CUS_0x87d5,1/3/2023,10,7,10000,1000,1000,0,3000,1/10/2023,2023-10-01,2025-11-09 06:51:02.752980,data/lms_loan_daily.csv,2023-10-01
CUS_0x87d8_2023_02_01,CUS_0x87d8,1/2/2023,10,8,10000,1000,1000,0,2000,1/10/2023,2023-10-01,2025-11-09 06:51:02.752980,data/lms_loan_daily.csv,2023-10-01
CUS_0x87db_2023_10_01,CUS_0x87db,1/10/2023,10,0,10000,0,0,0,10000,1/10/2023,2023-10-01,2025-11-09 06:51:02.752980,data/lms_loan_daily.csv,2023-10-01
CUS_0x87e7_2023_06_01,CUS_0x87e7,1/6/2023,10,4,10000,1000,0,2000,8000,1/10/2023,2023-10-01,2025-11-09 06:51:02.752980,data/lms_loan_daily.csv,2023-10-01
CUS_0x87ec_2023_03_01,CUS_0x87ec,1/3/2023,10,7,10000,1000,1000,0,3000,1/10/2023,2023-10-01,2025-11-09 06:51:02.752980,data/lms_loan_daily.csv,2023-10-01
CUS_0x87f0_2023_09_01,CUS_0x87f0,1/9/2023,10,1,10000,1000,1000,0,9000,1/10/2023,2023-10-01,2025-11-09 06:51:02.752980,data/lms_loan_daily.csv,2023-10-01
CUS_0x87f9_2023_04_01,CUS_0x87f9,1/4/2023,10,6,10000,1000,0,5000,9000,1/10/2023,2023-10-01,2025-11-09 06:51:02.752980,data/lms_loan_daily.csv,2023-10-01
CUS_0x87fa_2023_01_01,CUS_0x87fa,1/1/2023,10,9,10000,1000,0,7000,8000,1/10/2023,2023-10-01,2025-11-09 06:51:02.752980,data/lms_loan_daily.csv,2023-10-01
CUS_0x87fe_2023_06_01,CUS_0x87fe,1/6/2023,10,4,10000,1000,1000,0,6000,1/10/2023,2023-10-01,2025-11-09 06:51:02.752980,data/lms_loan_daily.csv,2023-10-01
CUS_0x880b_2023_10_01,CUS_0x880b,1/10/2023,10,0,10000,0,0,0,10000,1/10/2023,2023-10-01,2025-11-09 06:51:02.752980,data/lms_loan_daily.csv,2023-10-01
CUS_0x8812_2023_06_01,CUS_0x8812,1/6/2023,10,4,10000,1000,0,1000,7000,1/10/2023,2023-10-01,2025-11-09 06:51:02.752980,data/lms_loan_daily.csv,2023-10-01
CUS_0x8816_2023_09_01,CUS_0x8816,1/9/2023,10,1,10000,1000,1000,0,9000,1/10/2023,2023-10-01,2025-11-09 06:51:02.752980,data/lms_loan_daily.csv,2023-10-01
CUS_0x881e_2023_06_01,CUS_0x881e,1/6/2023,10,4,10000,1000,0,1000,7000,1/10/2023,2023-10-01,2025-11-09 06:51:02.752980,data/lms_loan_daily.csv,2023-10-01
CUS_0x884_2023_06_01,CUS_0x884,1/6/2023,10,4,10000,1000,1000,0,6000,1/10/2023,2023-10-01,2025-11-09 06:51:02.752980,data/lms_loan_daily.csv,2023-10-01
CUS_0x8841_2023_07_01,CUS_0x8841,1/7/2023,10,3,10000,1000,1000,0,7000,1/10/2023,2023-10-01,2025-11-09 06:51:02.752980,data/lms_loan_daily.csv,2023-10-01
CUS_0x8843_2023_05_01,CUS_0x8843,1/5/2023,10,5,10000,1000,1000,0,5000,1/10/2023,2023-10-01,2025-11-09 06:51:02.752980,data/lms_loan_daily.csv,2023-10-01
CUS_0x8844_2023_05_01,CUS_0x8844,1/5/2023,10,5,10000,1000,1000,0,5000,1/10/2023,2023-10-01,2025-11-09 06:51:02.752980,data/lms_loan_daily.csv,2023-10-01
CUS_0x884a_2023_09_01,CUS_0x884a,1/9/2023,10,1,10000,1000,1000,0,9000,1/10/2023,2023-10-01,2025-11-09 06:51:02.752980,data/lms_loan_daily.csv,2023-10-01
CUS_0x8852_2023_07_01,CUS_0x8852,1/7/2023,10,3,10000,1000,1000,0,7000,1/10/2023,2023-10-01,2025-11-09 06:51:02.752980,data/lms_loan_daily.csv,2023-10-01
CUS_0x885f_2023_05_01,CUS_0x885f,1/5/2023,10,5,10000,1000,1000,0,5000,1/10/2023,2023-10-01,2025-11-09 06:51:02.752980,data/lms_loan_daily.csv,2023-10-01
CUS_0x887f_2023_01_01,CUS_0x887f,1/1/2023,10,9,10000,1000,1000,0,1000,1/10/2023,2023-10-01,2025-11-09 06:51:02.752980,data/lms_loan_daily.csv,2023-10-01
CUS_0x8880_2023_09_01,CUS_0x8880,1/9/2023,10,1,10000,1000,1000,0,9000,1/10/2023,2023-10-01,2025-11-09 06:51:02.752980,data/lms_loan_daily.csv,2023-10-01
CUS_0x8888_2023_09_01,CUS_0x8888,1/9/2023,10,1,10000,1000,1000,0,9000,1/10/2023,2023-10-01,2025-11-09 06:51:02.752980,data/lms_loan_daily.csv,2023-10-01
CUS_0x8898_2023_03_01,CUS_0x8898,1/3/2023,10,7,10000,1000,1000,0,3000,1/10/2023,2023-10-01,2025-11-09 06:51:02.752980,data/lms_loan_daily.csv,2023-10-01
CUS_0x88a_2023_06_01,CUS_0x88a,1/6/2023,10,4,10000,1000,1000,0,6000,1/10/2023,2023-10-01,2025-11-09 06:51:02.752980,data/lms_loan_daily.csv,2023-10-01
CUS_0x88a0_2023_09_01,CUS_0x88a0,1/9/2023,10,1,10000,1000,1000,0,9000,1/10/2023,2023-10-01,2025-11-09 06:51:02.752980,data/lms_loan_daily.csv,2023-10-01
CUS_0x88b8_2023_05_01,CUS_0x88b8,1/5/2023,10,5,10000,1000,1000,0,5000,1/10/2023,2023-10-01,2025-11-09 06:51:02.752980,data/lms_loan_daily.csv,2023-10-01
CUS_0x88c3_2023_08_01,CUS_0x88c3,1/8/2023,10,2,10000,1000,1000,0,8000,1/10/2023,2023-10-01,2025-11-09 06:51:02.752980,data/lms_loan_daily.csv,2023-10-01
CUS_0x88ca_2023_02_01,CUS_0x88ca,1/2/2023,10,8,10000,1000,1000,0,2000,1/10/2023,2023-10-01,2025-11-09 06:51:02.752980,data/lms_loan_daily.csv,2023-10-01
CUS_0x88e2_2023_07_01,CUS_0x88e2,1/7/2023,10,3,10000,1000,0,1000,8000,1/10/2023,2023-10-01,2025-11-09 06:51:02.752980,data/lms_loan_daily.csv,2023-10-01
CUS_0x88e3_2023_05_01,CUS_0x88e3,1/5/2023,10,5,10000,1000,1000,0,5000,1/10/2023,2023-10-01,2025-11-09 06:51:02.752980,data/lms_loan_daily.csv,2023-10-01
CUS_0x88e5_2023_09_01,CUS_0x88e5,1/9/2023,10,1,10000,1000,1000,0,9000,1/10/2023,2023-10-01,2025-11-09 06:51:02.752980,data/lms_loan_daily.csv,2023-10-01
CUS_0x8908_2023_05_01,CUS_0x8908,1/5/2023,10,5,10000,1000,1000,0,5000,1/10/2023,2023-10-01,2025-11-09 06:51:02.752980,data/lms_loan_daily.csv,2023-10-01
CUS_0x8919_2023_01_01,CUS_0x8919,1/1/2023,10,9,10000,1000,1000,0,1000,1/10/2023,2023-10-01,2025-11-09 06:51:02.752980,data/lms_loan_daily.csv,2023-10-01
CUS_0x891b_2023_01_01,CUS_0x891b,1/1/2023,10,9,10000,1000,1000,0,1000,1/10/2023,2023-10-01,2025-11-09 06:51:02.752980,data/lms_loan_daily.csv,2023-10-01
CUS_0x8924_2023_03_01,CUS_0x8924,1/3/2023,10,7,10000,1000,1000,0,3000,1/10/2023,2023-10-01,2025-11-09 06:51:02.752980,data/lms_loan_daily.csv,2023-10-01
CUS_0x8925_2023_05_01,CUS_0x8925,1/5/2023,10,5,10000,1000,1000,0,5000,1/10/2023,2023-10-01,2025-11-09 06:51:02.752980,data/lms_loan_daily.csv,2023-10-01
CUS_0x893e_2023_01_01,CUS_0x893e,1/1/2023,10,9,10000,1000,1000,0,1000,1/10/2023,2023-10-01,2025-11-09 06:51:02.752980,data/lms_loan_daily.csv,2023-10-01
CUS_0x893f_2023_02_01,CUS_0x893f,1/2/2023,10,8,10000,1000,1000,0,2000,1/10/2023,2023-10-01,2025-11-09 06:51:02.752980,data/lms_loan_daily.csv,2023-10-01
CUS_0x8945_2023_06_01,CUS_0x8945,1/6/2023,10,4,10000,1000,0,1000,7000,1/10/2023,2023-10-01,2025-11-09 06:51:02.752980,data/lms_loan_daily.csv,2023-10-01
CUS_0x894e_2023_02_01,CUS_0x894e,1/2/2023,10,8,10000,1000,1000,0,2000,1/10/2023,2023-10-01,2025-11-09 06:51:02.752980,data/lms_loan_daily.csv,2023-10-01
CUS_0x8956_2023_01_01,CUS_0x8956,1/1/2023,10,9,10000,1000,0,5000,6000,1/10/2023,2023-10-01,2025-11-09 06:51:02.752980,data/lms_loan_daily.csv,2023-10-01
CUS_0x8957_2023_09_01,CUS_0x8957,1/9/2023,10,1,10000,1000,1000,0,9000,1/10/2023,2023-10-01,2025-11-09 06:51:02.752980,data/lms_loan_daily.csv,2023-10-01
CUS_0x8958_2023_02_01,CUS_0x8958,1/2/2023,10,8,10000,1000,0,4000,6000,1/10/2023,2023-10-01,2025-11-09 06:51:02.752980,data/lms_loan_daily.csv,2023-10-01
CUS_0x8959_2023_05_01,CUS_0x8959,1/5/2023,10,5,10000,1000,1000,0,5000,1/10/2023,2023-10-01,2025-11-09 06:51:02.752980,data/lms_loan_daily.csv,2023-10-01
CUS_0x895d_2023_05_01,CUS_0x895d,1/5/2023,10,5,10000,1000,1000,0,5000,1/10/2023,2023-10-01,2025-11-09 06:51:02.752980,data/lms_loan_daily.csv,2023-10-01
CUS_0x896e_2023_02_01,CUS_0x896e,1/2/2023,10,8,10000,1000,1000,0,2000,1/10/2023,2023-10-01,2025-11-09 06:51:02.752980,data/lms_loan_daily.csv,2023-10-01
CUS_0x8974_2023_10_01,CUS_0x8974,1/10/2023,10,0,10000,0,0,0,10000,1/10/2023,2023-10-01,2025-11-09 06:51:02.752980,data/lms_loan_daily.csv,2023-10-01
CUS_0x897e_2023_05_01,CUS_0x897e,1/5/2023,10,5,10000,1000,1000,0,5000,1/10/2023,2023-10-01,2025-11-09 06:51:02.752980,data/lms_loan_daily.csv,2023-10-01
CUS_0x8983_2023_01_01,CUS_0x8983,1/1/2023,10,9,10000,1000,1000,0,1000,1/10/2023,2023-10-01,2025-11-09 06:51:02.752980,data/lms_loan_daily.csv,2023-10-01
CUS_0x898a_2023_02_01,CUS_0x898a,1/2/2023,10,8,10000,1000,1000,0,2000,1/10/2023,2023-10-01,2025-11-09 06:51:02.752980,data/lms_loan_daily.csv,2023-10-01
CUS_0x89a_2023_01_01,CUS_0x89a,1/1/2023,10,9,10000,1000,1000,0,1000,1/10/2023,2023-10-01,2025-11-09 06:51:02.752980,data/lms_loan_daily.csv,2023-10-01
CUS_0x89b4_2023_02_01,CUS_0x89b4,1/2/2023,10,8,10000,1000,0,6000,8000,1/10/2023,2023-10-01,2025-11-09 06:51:02.752980,data/lms_loan_daily.csv,2023-10-01
CUS_0x89b9_2023_10_01,CUS_0x89b9,1/10/2023,10,0,10000,0,0,0,10000,1/10/2023,2023-10-01,2025-11-09 06:51:02.752980,data/lms_loan_daily.csv,2023-10-01
CUS_0x89ba_2023_08_01,CUS_0x89ba,1/8/2023,10,2,10000,1000,1000,0,8000,1/10/2023,2023-10-01,2025-11-09 06:51:02.752980,data/lms_loan_daily.csv,2023-10-01
CUS_0x89be_2023_08_01,CUS_0x89be,1/8/2023,10,2,10000,1000,0,1000,9000,1/10/2023,2023-10-01,2025-11-09 06:51:02.752980,data/lms_loan_daily.csv,2023-10-01
CUS_0x89ca_2023_01_01,CUS_0x89ca,1/1/2023,10,9,10000,1000,1000,0,1000,1/10/2023,2023-10-01,2025-11-09 06:51:02.752980,data/lms_loan_daily.csv,2023-10-01
CUS_0x89d2_2023_08_01,CUS_0x89d2,1/8/2023,10,2,10000,1000,1000,0,8000,1/10/2023,2023-10-01,2025-11-09 06:51:02.752980,data/lms_loan_daily.csv,2023-10-01
CUS_0x89d3_2023_01_01,CUS_0x89d3,1/1/2023,10,9,10000,1000,0,8000,9000,1/10/2023,2023-10-01,2025-11-09 06:51:02.752980,data/lms_loan_daily.csv,2023-10-01
CUS_0x89ec_2023_05_01,CUS_0x89ec,1/5/2023,10,5,10000,1000,0,3000,8000,1/10/2023,2023-10-01,2025-11-09 06:51:02.752980,data/lms_loan_daily.csv,2023-10-01
CUS_0x8a03_2023_03_01,CUS_0x8a03,1/3/2023,10,7,10000,1000,1000,0,3000,1/10/2023,2023-10-01,2025-11-09 06:51:02.752980,data/lms_loan_daily.csv,2023-10-01
CUS_0x8a20_2023_05_01,CUS_0x8a20,1/5/2023,10,5,10000,1000,1000,0,5000,1/10/2023,2023-10-01,2025-11-09 06:51:02.752980,data/lms_loan_daily.csv,2023-10-01
CUS_0x8a2b_2023_10_01,CUS_0x8a2b,1/10/2023,10,0,10000,0,0,0,10000,1/10/2023,2023-10-01,2025-11-09 06:51:02.752980,data/lms_loan_daily.csv,2023-10-01
CUS_0x8a31_2023_05_01,CUS_0x8a31,1/5/2023,10,5,10000,1000,0,3000,8000,1/10/2023,2023-10-01,2025-11-09 06:51:02.752980,data/lms_loan_daily.csv,2023-10-01
CUS_0x8a3c_2023_01_01,CUS_0x8a3c,1/1/2023,10,9,10000,1000,1000,0,1000,1/10/2023,2023-10-01,2025-11-09 06:51:02.752980,data/lms_loan_daily.csv,2023-10-01
CUS_0x8a40_2023_02_01,CUS_0x8a40,1/2/2023,10,8,10000,1000,0,5000,7000,1/10/2023,2023-10-01,2025-11-09 06:51:02.752980,data/lms_loan_daily.csv,2023-10-01
CUS_0x8a44_2023_01_01,CUS_0x8a44,1/1/2023,10,9,10000,1000,1000,0,1000,1/10/2023,2023-10-01,2025-11-09 06:51:02.752980,data/lms_loan_daily.csv,2023-10-01
CUS_0x8a48_2023_02_01,CUS_0x8a48,1/2/2023,10,8,10000,1000,1000,0,2000,1/10/2023,2023-10-01,2025-11-09 06:51:02.752980,data/lms_loan_daily.csv,2023-10-01
CUS_0x8a4b_2023_06_01,CUS_0x8a4b,1/6/2023,10,4,10000,1000,1000,0,6000,1/10/2023,2023-10-01,2025-11-09 06:51:02.752980,data/lms_loan_daily.csv,2023-10-01
CUS_0x8a5_2023_05_01,CUS_0x8a5,1/5/2023,10,5,10000,1000,1000,0,5000,1/10/2023,2023-10-01,2025-11-09 06:51:02.752980,data/lms_loan_daily.csv,2023-10-01
CUS_0x8a6e_2023_01_01,CUS_0x8a6e,1/1/2023,10,9,10000,1000,1000,0,1000,1/10/2023,2023-10-01,2025-11-09 06:51:02.752980,data/lms_loan_daily.csv,2023-10-01
CUS_0x8a73_2023_05_01,CUS_0x8a73,1/5/2023,10,5,10000,1000,1000,0,5000,1/10/2023,2023-10-01,2025-11-09 06:51:02.752980,data/lms_loan_daily.csv,2023-10-01
CUS_0x8a78_2023_07_01,CUS_0x8a78,1/7/2023,10,3,10000,1000,1000,0,7000,1/10/2023,2023-10-01,2025-11-09 06:51:02.752980,data/lms_loan_daily.csv,2023-10-01
CUS_0x8aa3_2023_02_01,CUS_0x8aa3,1/2/2023,10,8,10000,1000,1000,0,2000,1/10/2023,2023-10-01,2025-11-09 06:51:02.752980,data/lms_loan_daily.csv,2023-10-01
CUS_0x8abb_2023_02_01,CUS_0x8abb,1/2/2023,10,8,10000,1000,1000,0,2000,1/10/2023,2023-10-01,2025-11-09 06:51:02.752980,data/lms_loan_daily.csv,2023-10-01
CUS_0x8ac8_2023_09_01,CUS_0x8ac8,1/9/2023,10,1,10000,1000,1000,0,9000,1/10/2023,2023-10-01,2025-11-09 06:51:02.752980,data/lms_loan_daily.csv,2023-10-01
CUS_0x8acf_2023_05_01,CUS_0x8acf,1/5/2023,10,5,10000,1000,1000,0,5000,1/10/2023,2023-10-01,2025-11-09 06:51:02.752980,data/lms_loan_daily.csv,2023-10-01
CUS_0x8ad9_2023_07_01,CUS_0x8ad9,1/7/2023,10,3,10000,1000,1000,0,7000,1/10/2023,2023-10-01,2025-11-09 06:51:02.752980,data/lms_loan_daily.csv,2023-10-01
CUS_0x8ae0_2023_06_01,CUS_0x8ae0,1/6/2023,10,4,10000,1000,2000,0,6000,1/10/2023,2023-10-01,2025-11-09 06:51:02.752980,data/lms_loan_daily.csv,2023-10-01
CUS_0x8af4_2023_06_01,CUS_0x8af4,1/6/2023,10,4,10000,1000,0,1000,7000,1/10/2023,2023-10-01,2025-11-09 06:51:02.752980,data/lms_loan_daily.csv,2023-10-01
CUS_0x8af8_2023_01_01,CUS_0x8af8,1/1/2023,10,9,10000,1000,1000,0,1000,1/10/2023,2023-10-01,2025-11-09 06:51:02.752980,data/lms_loan_daily.csv,2023-10-01
CUS_0x8afa_2023_02_01,CUS_0x8afa,1/2/2023,10,8,10000,1000,1000,0,2000,1/10/2023,2023-10-01,2025-11-09 06:51:02.752980,data/lms_loan_daily.csv,2023-10-01
CUS_0x8b02_2023_03_01,CUS_0x8b02,1/3/2023,10,7,10000,1000,0,6000,9000,1/10/2023,2023-10-01,2025-11-09 06:51:02.752980,data/lms_loan_daily.csv,2023-10-01
CUS_0x8b0c_2023_06_01,CUS_0x8b0c,1/6/2023,10,4,10000,1000,0,2000,8000,1/10/2023,2023-10-01,2025-11-09 06:51:02.752980,data/lms_loan_daily.csv,2023-10-01
CUS_0x8b1_2023_01_01,CUS_0x8b1,1/1/2023,10,9,10000,1000,1000,0,1000,1/10/2023,2023-10-01,2025-11-09 06:51:02.752980,data/lms_loan_daily.csv,2023-10-01
CUS_0x8b17_2023_01_01,CUS_0x8b17,1/1/2023,10,9,10000,1000,1000,0,1000,1/10/2023,2023-10-01,2025-11-09 06:51:02.752980,data/lms_loan_daily.csv,2023-10-01
CUS_0x8b1f_2023_09_01,CUS_0x8b1f,1/9/2023,10,1,10000,1000,1000,0,9000,1/10/2023,2023-10-01,2025-11-09 06:51:02.752980,data/lms_loan_daily.csv,2023-10-01
CUS_0x8b25_2023_02_01,CUS_0x8b25,1/2/2023,10,8,10000,1000,1000,0,2000,1/10/2023,2023-10-01,2025-11-09 06:51:02.752980,data/lms_loan_daily.csv,2023-10-01
CUS_0x8b26_2023_09_01,CUS_0x8b26,1/9/2023,10,1,10000,1000,1000,0,9000,1/10/2023,2023-10-01,2025-11-09 06:51:02.752980,data/lms_loan_daily.csv,2023-10-01
CUS_0x8b29_2023_07_01,CUS_0x8b29,1/7/2023,10,3,10000,1000,1000,0,7000,1/10/2023,2023-10-01,2025-11-09 06:51:02.752980,data/lms_loan_daily.csv,2023-10-01
CUS_0x8b3_2023_08_01,CUS_0x8b3,1/8/2023,10,2,10000,1000,1000,0,8000,1/10/2023,2023-10-01,2025-11-09 06:51:02.752980,data/lms_loan_daily.csv,2023-10-01
CUS_0x8b4_2023_09_01,CUS_0x8b4,1/9/2023,10,1,10000,1000,1000,0,9000,1/10/2023,2023-10-01,2025-11-09 06:51:02.752980,data/lms_loan_daily.csv,2023-10-01
CUS_0x8b44_2023_08_01,CUS_0x8b44,1/8/2023,10,2,10000,1000,0,2000,10000,1/10/2023,2023-10-01,2025-11-09 06:51:02.752980,data/lms_loan_daily.csv,2023-10-01
CUS_0x8b5f_2023_07_01,CUS_0x8b5f,1/7/2023,10,3,10000,1000,1000,0,7000,1/10/2023,2023-10-01,2025-11-09 06:51:02.752980,data/lms_loan_daily.csv,2023-10-01
CUS_0x8b66_2023_02_01,CUS_0x8b66,1/2/2023,10,8,10000,1000,0,6000,8000,1/10/2023,2023-10-01,2025-11-09 06:51:02.752980,data/lms_loan_daily.csv,2023-10-01
CUS_0x8b6f_2023_06_01,CUS_0x8b6f,1/6/2023,10,4,10000,1000,1000,0,6000,1/10/2023,2023-10-01,2025-11-09 06:51:02.752980,data/lms_loan_daily.csv,2023-10-01
CUS_0x8b78_2023_08_01,CUS_0x8b78,1/8/2023,10,2,10000,1000,1000,0,8000,1/10/2023,2023-10-01,2025-11-09 06:51:02.752980,data/lms_loan_daily.csv,2023-10-01
CUS_0x8b7c_2023_09_01,CUS_0x8b7c,1/9/2023,10,1,10000,1000,1000,0,9000,1/10/2023,2023-10-01,2025-11-09 06:51:02.752980,data/lms_loan_daily.csv,2023-10-01
CUS_0x8b8e_2023_06_01,CUS_0x8b8e,1/6/2023,10,4,10000,1000,1000,0,6000,1/10/2023,2023-10-01,2025-11-09 06:51:02.752980,data/lms_loan_daily.csv,2023-10-01
CUS_0x8b90_2023_09_01,CUS_0x8b90,1/9/2023,10,1,10000,1000,1000,0,9000,1/10/2023,2023-10-01,2025-11-09 06:51:02.752980,data/lms_loan_daily.csv,2023-10-01
CUS_0x8b91_2023_10_01,CUS_0x8b91,1/10/2023,10,0,10000,0,0,0,10000,1/10/2023,2023-10-01,2025-11-09 06:51:02.752980,data/lms_loan_daily.csv,2023-10-01
CUS_0x8b99_2023_06_01,CUS_0x8b99,1/6/2023,10,4,10000,1000,1000,0,6000,1/10/2023,2023-10-01,2025-11-09 06:51:02.752980,data/lms_loan_daily.csv,2023-10-01
CUS_0x8ba3_2023_05_01,CUS_0x8ba3,1/5/2023,10,5,10000,1000,0,2000,7000,1/10/2023,2023-10-01,2025-11-09 06:51:02.752980,data/lms_loan_daily.csv,2023-10-01
CUS_0x8ba4_2023_05_01,CUS_0x8ba4,1/5/2023,10,5,10000,1000,0,1000,6000,1/10/2023,2023-10-01,2025-11-09 06:51:02.752980,data/lms_loan_daily.csv,2023-10-01
CUS_0x8bb3_2023_08_01,CUS_0x8bb3,1/8/2023,10,2,10000,1000,1000,0,8000,1/10/2023,2023-10-01,2025-11-09 06:51:02.752980,data/lms_loan_daily.csv,2023-10-01
CUS_0x8bb9_2023_08_01,CUS_0x8bb9,1/8/2023,10,2,10000,1000,1000,0,8000,1/10/2023,2023-10-01,2025-11-09 06:51:02.752980,data/lms_loan_daily.csv,2023-10-01
CUS_0x8bc6_2023_09_01,CUS_0x8bc6,1/9/2023,10,1,10000,1000,1000,0,9000,1/10/2023,2023-10-01,2025-11-09 06:51:02.752980,data/lms_loan_daily.csv,2023-10-01
CUS_0x8bcc_2023_05_01,CUS_0x8bcc,1/5/2023,10,5,10000,1000,1000,0,5000,1/10/2023,2023-10-01,2025-11-09 06:51:02.752980,data/lms_loan_daily.csv,2023-10-01
CUS_0x8bcf_2023_02_01,CUS_0x8bcf,1/2/2023,10,8,10000,1000,1000,0,2000,1/10/2023,2023-10-01,2025-11-09 06:51:02.752980,data/lms_loan_daily.csv,2023-10-01
CUS_0x8bd2_2023_10_01,CUS_0x8bd2,1/10/2023,10,0,10000,0,0,0,10000,1/10/2023,2023-10-01,2025-11-09 06:51:02.752980,data/lms_loan_daily.csv,2023-10-01
CUS_0x8bd3_2023_10_01,CUS_0x8bd3,1/10/2023,10,0,10000,0,0,0,10000,1/10/2023,2023-10-01,2025-11-09 06:51:02.752980,data/lms_loan_daily.csv,2023-10-01
CUS_0x8bd6_2023_07_01,CUS_0x8bd6,1/7/2023,10,3,10000,1000,2000,0,7000,1/10/2023,2023-10-01,2025-11-09 06:51:02.752980,data/lms_loan_daily.csv,2023-10-01
CUS_0x8bda_2023_10_01,CUS_0x8bda,1/10/2023,10,0,10000,0,0,0,10000,1/10/2023,2023-10-01,2025-11-09 06:51:02.752980,data/lms_loan_daily.csv,2023-10-01
CUS_0x8bdf_2023_04_01,CUS_0x8bdf,1/4/2023,10,6,10000,1000,1000,0,4000,1/10/2023,2023-10-01,2025-11-09 06:51:02.752980,data/lms_loan_daily.csv,2023-10-01
CUS_0x8bf2_2023_09_01,CUS_0x8bf2,1/9/2023,10,1,10000,1000,1000,0,9000,1/10/2023,2023-10-01,2025-11-09 06:51:02.752980,data/lms_loan_daily.csv,2023-10-01
CUS_0x8bf5_2023_03_01,CUS_0x8bf5,1/3/2023,10,7,10000,1000,1000,0,3000,1/10/2023,2023-10-01,2025-11-09 06:51:02.752980,data/lms_loan_daily.csv,2023-10-01
CUS_0x8bfe_2023_05_01,CUS_0x8bfe,1/5/2023,10,5,10000,1000,0,3000,8000,1/10/2023,2023-10-01,2025-11-09 06:51:02.752980,data/lms_loan_daily.csv,2023-10-01
CUS_0x8c1_2023_06_01,CUS_0x8c1,1/6/2023,10,4,10000,1000,1000,0,6000,1/10/2023,2023-10-01,2025-11-09 06:51:02.752980,data/lms_loan_daily.csv,2023-10-01
CUS_0x8c2c_2023_01_01,CUS_0x8c2c,1/1/2023,10,9,10000,1000,1000,0,1000,1/10/2023,2023-10-01,2025-11-09 06:51:02.752980,data/lms_loan_daily.csv,2023-10-01
CUS_0x8c52_2023_06_01,CUS_0x8c52,1/6/2023,10,4,10000,1000,1000,0,6000,1/10/2023,2023-10-01,2025-11-09 06:51:02.752980,data/lms_loan_daily.csv,2023-10-01
CUS_0x8c5a_2023_07_01,CUS_0x8c5a,1/7/2023,10,3,10000,1000,1000,0,7000,1/10/2023,2023-10-01,2025-11-09 06:51:02.752980,data/lms_loan_daily.csv,2023-10-01
CUS_0x8c7c_2023_10_01,CUS_0x8c7c,1/10/2023,10,0,10000,0,0,0,10000,1/10/2023,2023-10-01,2025-11-09 06:51:02.752980,data/lms_loan_daily.csv,2023-10-01
CUS_0x8c8a_2023_09_01,CUS_0x8c8a,1/9/2023,10,1,10000,1000,1000,0,9000,1/10/2023,2023-10-01,2025-11-09 06:51:02.752980,data/lms_loan_daily.csv,2023-10-01
CUS_0x8c8d_2023_08_01,CUS_0x8c8d,1/8/2023,10,2,10000,1000,0,1000,9000,1/10/2023,2023-10-01,2025-11-09 06:51:02.752980,data/lms_loan_daily.csv,2023-10-01
CUS_0x8c90_2023_09_01,CUS_0x8c90,1/9/2023,10,1,10000,1000,1000,0,9000,1/10/2023,2023-10-01,2025-11-09 06:51:02.752980,data/lms_loan_daily.csv,2023-10-01
CUS_0x8c9a_2023_01_01,CUS_0x8c9a,1/1/2023,10,9,10000,1000,1000,0,1000,1/10/2023,2023-10-01,2025-11-09 06:51:02.752980,data/lms_loan_daily.csv,2023-10-01
CUS_0x8ca_2023_08_01,CUS_0x8ca,1/8/2023,10,2,10000,1000,1000,0,8000,1/10/2023,2023-10-01,2025-11-09 06:51:02.752980,data/lms_loan_daily.csv,2023-10-01
CUS_0x8ca3_2023_02_01,CUS_0x8ca3,1/2/2023,10,8,10000,1000,1000,0,2000,1/10/2023,2023-10-01,2025-11-09 06:51:02.752980,data/lms_loan_daily.csv,2023-10-01
CUS_0x8cc1_2023_06_01,CUS_0x8cc1,1/6/2023,10,4,10000,1000,1000,0,6000,1/10/2023,2023-10-01,2025-11-09 06:51:02.752980,data/lms_loan_daily.csv,2023-10-01
CUS_0x8cc9_2023_09_01,CUS_0x8cc9,1/9/2023,10,1,10000,1000,1000,0,9000,1/10/2023,2023-10-01,2025-11-09 06:51:02.752980,data/lms_loan_daily.csv,2023-10-01
CUS_0x8cce_2023_05_01,CUS_0x8cce,1/5/2023,10,5,10000,1000,1000,0,5000,1/10/2023,2023-10-01,2025-11-09 06:51:02.752980,data/lms_loan_daily.csv,2023-10-01
CUS_0x8cd_2023_05_01,CUS_0x8cd,1/5/2023,10,5,10000,1000,1000,0,5000,1/10/2023,2023-10-01,2025-11-09 06:51:02.752980,data/lms_loan_daily.csv,2023-10-01
CUS_0x8cd0_2023_05_01,CUS_0x8cd0,1/5/2023,10,5,10000,1000,0,3000,8000,1/10/2023,2023-10-01,2025-11-09 06:51:02.752980,data/lms_loan_daily.csv,2023-10-01
CUS_0x8cd2_2023_08_01,CUS_0x8cd2,1/8/2023,10,2,10000,1000,1000,0,8000,1/10/2023,2023-10-01,2025-11-09 06:51:02.752980,data/lms_loan_daily.csv,2023-10-01
CUS_0x8cd3_2023_02_01,CUS_0x8cd3,1/2/2023,10,8,10000,1000,1000,0,2000,1/10/2023,2023-10-01,2025-11-09 06:51:02.752980,data/lms_loan_daily.csv,2023-10-01
CUS_0x8cd9_2023_04_01,CUS_0x8cd9,1/4/2023,10,6,10000,1000,1000,0,4000,1/10/2023,2023-10-01,2025-11-09 06:51:02.752980,data/lms_loan_daily.csv,2023-10-01
CUS_0x8cdf_2023_09_01,CUS_0x8cdf,1/9/2023,10,1,10000,1000,1000,0,9000,1/10/2023,2023-10-01,2025-11-09 06:51:02.752980,data/lms_loan_daily.csv,2023-10-01
CUS_0x8ce_2023_07_01,CUS_0x8ce,1/7/2023,10,3,10000,1000,1000,0,7000,1/10/2023,2023-10-01,2025-11-09 06:51:02.752980,data/lms_loan_daily.csv,2023-10-01
CUS_0x8ce4_2023_09_01,CUS_0x8ce4,1/9/2023,10,1,10000,1000,0,1000,10000,1/10/2023,2023-10-01,2025-11-09 06:51:02.752980,data/lms_loan_daily.csv,2023-10-01
CUS_0x8ce7_2023_02_01,CUS_0x8ce7,1/2/2023,10,8,10000,1000,0,7000,9000,1/10/2023,2023-10-01,2025-11-09 06:51:02.752980,data/lms_loan_daily.csv,2023-10-01
CUS_0x8cf2_2023_02_01,CUS_0x8cf2,1/2/2023,10,8,10000,1000,1000,0,2000,1/10/2023,2023-10-01,2025-11-09 06:51:02.752980,data/lms_loan_daily.csv,2023-10-01
CUS_0x8cf6_2023_08_01,CUS_0x8cf6,1/8/2023,10,2,10000,1000,1000,0,8000,1/10/2023,2023-10-01,2025-11-09 06:51:02.752980,data/lms_loan_daily.csv,2023-10-01
CUS_0x8cff_2023_06_01,CUS_0x8cff,1/6/2023,10,4,10000,1000,0,2000,8000,1/10/2023,2023-10-01,2025-11-09 06:51:02.752980,data/lms_loan_daily.csv,2023-10-01
CUS_0x8d02_2023_05_01,CUS_0x8d02,1/5/2023,10,5,10000,1000,0,2000,7000,1/10/2023,2023-10-01,2025-11-09 06:51:02.752980,data/lms_loan_daily.csv,2023-10-01
CUS_0x8d04_2023_09_01,CUS_0x8d04,1/9/2023,10,1,10000,1000,1000,0,9000,1/10/2023,2023-10-01,2025-11-09 06:51:02.752980,data/lms_loan_daily.csv,2023-10-01
CUS_0x8d0f_2023_08_01,CUS_0x8d0f,1/8/2023,10,2,10000,1000,1000,0,8000,1/10/2023,2023-10-01,2025-11-09 06:51:02.752980,data/lms_loan_daily.csv,2023-10-01
CUS_0x8d17_2023_09_01,CUS_0x8d17,1/9/2023,10,1,10000,1000,1000,0,9000,1/10/2023,2023-10-01,2025-11-09 06:51:02.752980,data/lms_loan_daily.csv,2023-10-01
CUS_0x8d2_2023_03_01,CUS_0x8d2,1/3/2023,10,7,10000,1000,1000,0,3000,1/10/2023,2023-10-01,2025-11-09 06:51:02.752980,data/lms_loan_daily.csv,2023-10-01
CUS_0x8d21_2023_01_01,CUS_0x8d21,1/1/2023,10,9,10000,1000,0,7000,8000,1/10/2023,2023-10-01,2025-11-09 06:51:02.752980,data/lms_loan_daily.csv,2023-10-01
CUS_0x8d2b_2023_09_01,CUS_0x8d2b,1/9/2023,10,1,10000,1000,1000,0,9000,1/10/2023,2023-10-01,2025-11-09 06:51:02.752980,data/lms_loan_daily.csv,2023-10-01
CUS_0x8d38_2023_09_01,CUS_0x8d38,1/9/2023,10,1,10000,1000,1000,0,9000,1/10/2023,2023-10-01,2025-11-09 06:51:02.752980,data/lms_loan_daily.csv,2023-10-01
CUS_0x8d3d_2023_04_01,CUS_0x8d3d,1/4/2023,10,6,10000,1000,1000,0,4000,1/10/2023,2023-10-01,2025-11-09 06:51:02.752980,data/lms_loan_daily.csv,2023-10-01
CUS_0x8d56_2023_03_01,CUS_0x8d56,1/3/2023,10,7,10000,1000,1000,0,3000,1/10/2023,2023-10-01,2025-11-09 06:51:02.752980,data/lms_loan_daily.csv,2023-10-01
CUS_0x8d5d_2023_04_01,CUS_0x8d5d,1/4/2023,10,6,10000,1000,1000,0,4000,1/10/2023,2023-10-01,2025-11-09 06:51:02.752980,data/lms_loan_daily.csv,2023-10-01
CUS_0x8d60_2023_09_01,CUS_0x8d60,1/9/2023,10,1,10000,1000,0,1000,10000,1/10/2023,2023-10-01,2025-11-09 06:51:02.752980,data/lms_loan_daily.csv,2023-10-01
CUS_0x8d6e_2023_03_01,CUS_0x8d6e,1/3/2023,10,7,10000,1000,1000,0,3000,1/10/2023,2023-10-01,2025-11-09 06:51:02.752980,data/lms_loan_daily.csv,2023-10-01
CUS_0x8d74_2023_09_01,CUS_0x8d74,1/9/2023,10,1,10000,1000,1000,0,9000,1/10/2023,2023-10-01,2025-11-09 06:51:02.752980,data/lms_loan_daily.csv,2023-10-01
CUS_0x8d7c_2023_02_01,CUS_0x8d7c,1/2/2023,10,8,10000,1000,1000,0,2000,1/10/2023,2023-10-01,2025-11-09 06:51:02.752980,data/lms_loan_daily.csv,2023-10-01
CUS_0x8d84_2023_10_01,CUS_0x8d84,1/10/2023,10,0,10000,0,0,0,10000,1/10/2023,2023-10-01,2025-11-09 06:51:02.752980,data/lms_loan_daily.csv,2023-10-01
CUS_0x8da5_2023_10_01,CUS_0x8da5,1/10/2023,10,0,10000,0,0,0,10000,1/10/2023,2023-10-01,2025-11-09 06:51:02.752980,data/lms_loan_daily.csv,2023-10-01
CUS_0x8da9_2023_09_01,CUS_0x8da9,1/9/2023,10,1,10000,1000,1000,0,9000,1/10/2023,2023-10-01,2025-11-09 06:51:02.752980,data/lms_loan_daily.csv,2023-10-01
CUS_0x8db8_2023_04_01,CUS_0x8db8,1/4/2023,10,6,10000,1000,1000,0,4000,1/10/2023,2023-10-01,2025-11-09 06:51:02.752980,data/lms_loan_daily.csv,2023-10-01
CUS_0x8dc0_2023_05_01,CUS_0x8dc0,1/5/2023,10,5,10000,1000,0,2000,7000,1/10/2023,2023-10-01,2025-11-09 06:51:02.752980,data/lms_loan_daily.csv,2023-10-01
CUS_0x8dc6_2023_03_01,CUS_0x8dc6,1/3/2023,10,7,10000,1000,1000,0,3000,1/10/2023,2023-10-01,2025-11-09 06:51:02.752980,data/lms_loan_daily.csv,2023-10-01
CUS_0x8de0_2023_01_01,CUS_0x8de0,1/1/2023,10,9,10000,1000,0,7000,8000,1/10/2023,2023-10-01,2025-11-09 06:51:02.752980,data/lms_loan_daily.csv,2023-10-01
CUS_0x8df0_2023_03_01,CUS_0x8df0,1/3/2023,10,7,10000,1000,0,5000,8000,1/10/2023,2023-10-01,2025-11-09 06:51:02.752980,data/lms_loan_daily.csv,2023-10-01
CUS_0x8df6_2023_02_01,CUS_0x8df6,1/2/2023,10,8,10000,1000,1000,0,2000,1/10/2023,2023-10-01,2025-11-09 06:51:02.752980,data/lms_loan_daily.csv,2023-10-01
CUS_0x8dfa_2023_05_01,CUS_0x8dfa,1/5/2023,10,5,10000,1000,0,1000,6000,1/10/2023,2023-10-01,2025-11-09 06:51:02.752980,data/lms_loan_daily.csv,2023-10-01
CUS_0x8e1a_2023_10_01,CUS_0x8e1a,1/10/2023,10,0,10000,0,0,0,10000,1/10/2023,2023-10-01,2025-11-09 06:51:02.752980,data/lms_loan_daily.csv,2023-10-01
CUS_0x8e30_2023_01_01,CUS_0x8e30,1/1/2023,10,9,10000,1000,1000,0,1000,1/10/2023,2023-10-01,2025-11-09 06:51:02.752980,data/lms_loan_daily.csv,2023-10-01
CUS_0x8e35_2023_04_01,CUS_0x8e35,1/4/2023,10,6,10000,1000,1000,0,4000,1/10/2023,2023-10-01,2025-11-09 06:51:02.752980,data/lms_loan_daily.csv,2023-10-01
CUS_0x8e44_2023_01_01,CUS_0x8e44,1/1/2023,10,9,10000,1000,1000,0,1000,1/10/2023,2023-10-01,2025-11-09 06:51:02.752980,data/lms_loan_daily.csv,2023-10-01
CUS_0x8e4d_2023_04_01,CUS_0x8e4d,1/4/2023,10,6,10000,1000,1000,0,4000,1/10/2023,2023-10-01,2025-11-09 06:51:02.752980,data/lms_loan_daily.csv,2023-10-01
CUS_0x8e53_2023_09_01,CUS_0x8e53,1/9/2023,10,1,10000,1000,1000,0,9000,1/10/2023,2023-10-01,2025-11-09 06:51:02.752980,data/lms_loan_daily.csv,2023-10-01
CUS_0x8e5a_2023_04_01,CUS_0x8e5a,1/4/2023,10,6,10000,1000,0,5000,9000,1/10/2023,2023-10-01,2025-11-09 06:51:02.752980,data/lms_loan_daily.csv,2023-10-01
CUS_0x8e5b_2023_03_01,CUS_0x8e5b,1/3/2023,10,7,10000,1000,0,7000,10000,1/10/2023,2023-10-01,2025-11-09 06:51:02.752980,data/lms_loan_daily.csv,2023-10-01
CUS_0x8e7f_2023_09_01,CUS_0x8e7f,1/9/2023,10,1,10000,1000,1000,0,9000,1/10/2023,2023-10-01,2025-11-09 06:51:02.752980,data/lms_loan_daily.csv,2023-10-01
CUS_0x8e80_2023_06_01,CUS_0x8e80,1/6/2023,10,4,10000,1000,1000,0,6000,1/10/2023,2023-10-01,2025-11-09 06:51:02.752980,data/lms_loan_daily.csv,2023-10-01
CUS_0x8e81_2023_02_01,CUS_0x8e81,1/2/2023,10,8,10000,1000,0,6000,8000,1/10/2023,2023-10-01,2025-11-09 06:51:02.752980,data/lms_loan_daily.csv,2023-10-01
CUS_0x8e88_2023_02_01,CUS_0x8e88,1/2/2023,10,8,10000,1000,1000,0,2000,1/10/2023,2023-10-01,2025-11-09 06:51:02.752980,data/lms_loan_daily.csv,2023-10-01
CUS_0x8e90_2023_01_01,CUS_0x8e90,1/1/2023,10,9,10000,1000,1000,0,1000,1/10/2023,2023-10-01,2025-11-09 06:51:02.752980,data/lms_loan_daily.csv,2023-10-01
CUS_0x8e93_2023_03_01,CUS_0x8e93,1/3/2023,10,7,10000,1000,0,4000,7000,1/10/2023,2023-10-01,2025-11-09 06:51:02.752980,data/lms_loan_daily.csv,2023-10-01
CUS_0x8e96_2023_06_01,CUS_0x8e96,1/6/2023,10,4,10000,1000,0,1000,7000,1/10/2023,2023-10-01,2025-11-09 06:51:02.752980,data/lms_loan_daily.csv,2023-10-01
CUS_0x8e9b_2023_02_01,CUS_0x8e9b,1/2/2023,10,8,10000,1000,1000,0,2000,1/10/2023,2023-10-01,2025-11-09 06:51:02.752980,data/lms_loan_daily.csv,2023-10-01
CUS_0x8ea8_2023_06_01,CUS_0x8ea8,1/6/2023,10,4,10000,1000,1000,0,6000,1/10/2023,2023-10-01,2025-11-09 06:51:02.752980,data/lms_loan_daily.csv,2023-10-01
CUS_0x8eaa_2023_09_01,CUS_0x8eaa,1/9/2023,10,1,10000,1000,0,1000,10000,1/10/2023,2023-10-01,2025-11-09 06:51:02.752980,data/lms_loan_daily.csv,2023-10-01
CUS_0x8eb0_2023_02_01,CUS_0x8eb0,1/2/2023,10,8,10000,1000,1000,0,2000,1/10/2023,2023-10-01,2025-11-09 06:51:02.752980,data/lms_loan_daily.csv,2023-10-01
CUS_0x8eb8_2023_04_01,CUS_0x8eb8,1/4/2023,10,6,10000,1000,1000,0,4000,1/10/2023,2023-10-01,2025-11-09 06:51:02.752980,data/lms_loan_daily.csv,2023-10-01
CUS_0x8ec8_2023_02_01,CUS_0x8ec8,1/2/2023,10,8,10000,1000,0,6000,8000,1/10/2023,2023-10-01,2025-11-09 06:51:02.752980,data/lms_loan_daily.csv,2023-10-01
CUS_0x8ecf_2023_05_01,CUS_0x8ecf,1/5/2023,10,5,10000,1000,0,4000,9000,1/10/2023,2023-10-01,2025-11-09 06:51:02.752980,data/lms_loan_daily.csv,2023-10-01
CUS_0x8ed4_2023_07_01,CUS_0x8ed4,1/7/2023,10,3,10000,1000,1000,0,7000,1/10/2023,2023-10-01,2025-11-09 06:51:02.752980,data/lms_loan_daily.csv,2023-10-01
CUS_0x8ede_2023_08_01,CUS_0x8ede,1/8/2023,10,2,10000,1000,1000,0,8000,1/10/2023,2023-10-01,2025-11-09 06:51:02.752980,data/lms_loan_daily.csv,2023-10-01
CUS_0x8f0c_2023_05_01,CUS_0x8f0c,1/5/2023,10,5,10000,1000,1000,0,5000,1/10/2023,2023-10-01,2025-11-09 06:51:02.752980,data/lms_loan_daily.csv,2023-10-01
CUS_0x8f19_2023_10_01,CUS_0x8f19,1/10/2023,10,0,10000,0,0,0,10000,1/10/2023,2023-10-01,2025-11-09 06:51:02.752980,data/lms_loan_daily.csv,2023-10-01
CUS_0x8f23_2023_08_01,CUS_0x8f23,1/8/2023,10,2,10000,1000,1000,0,8000,1/10/2023,2023-10-01,2025-11-09 06:51:02.752980,data/lms_loan_daily.csv,2023-10-01
CUS_0x8f25_2023_07_01,CUS_0x8f25,1/7/2023,10,3,10000,1000,2000,0,7000,1/10/2023,2023-10-01,2025-11-09 06:51:02.752980,data/lms_loan_daily.csv,2023-10-01
CUS_0x8f4_2023_06_01,CUS_0x8f4,1/6/2023,10,4,10000,1000,1000,0,6000,1/10/2023,2023-10-01,2025-11-09 06:51:02.752980,data/lms_loan_daily.csv,2023-10-01
CUS_0x8f45_2023_07_01,CUS_0x8f45,1/7/2023,10,3,10000,1000,1000,0,7000,1/10/2023,2023-10-01,2025-11-09 06:51:02.752980,data/lms_loan_daily.csv,2023-10-01
CUS_0x8f4e_2023_01_01,CUS_0x8f4e,1/1/2023,10,9,10000,1000,0,7000,8000,1/10/2023,2023-10-01,2025-11-09 06:51:02.752980,data/lms_loan_daily.csv,2023-10-01
CUS_0x8f59_2023_09_01,CUS_0x8f59,1/9/2023,10,1,10000,1000,1000,0,9000,1/10/2023,2023-10-01,2025-11-09 06:51:02.752980,data/lms_loan_daily.csv,2023-10-01
CUS_0x8f63_2023_06_01,CUS_0x8f63,1/6/2023,10,4,10000,1000,1000,0,6000,1/10/2023,2023-10-01,2025-11-09 06:51:02.752980,data/lms_loan_daily.csv,2023-10-01
CUS_0x8f65_2023_08_01,CUS_0x8f65,1/8/2023,10,2,10000,1000,1000,0,8000,1/10/2023,2023-10-01,2025-11-09 06:51:02.752980,data/lms_loan_daily.csv,2023-10-01
CUS_0x8f6b_2023_02_01,CUS_0x8f6b,1/2/2023,10,8,10000,1000,1000,0,2000,1/10/2023,2023-10-01,2025-11-09 06:51:02.752980,data/lms_loan_daily.csv,2023-10-01
CUS_0x8f6f_2023_06_01,CUS_0x8f6f,1/6/2023,10,4,10000,1000,1000,0,6000,1/10/2023,2023-10-01,2025-11-09 06:51:02.752980,data/lms_loan_daily.csv,2023-10-01
CUS_0x8f7e_2023_01_01,CUS_0x8f7e,1/1/2023,10,9,10000,1000,0,6000,7000,1/10/2023,2023-10-01,2025-11-09 06:51:02.752980,data/lms_loan_daily.csv,2023-10-01
CUS_0x8f7f_2023_04_01,CUS_0x8f7f,1/4/2023,10,6,10000,1000,0,5000,9000,1/10/2023,2023-10-01,2025-11-09 06:51:02.752980,data/lms_loan_daily.csv,2023-10-01
CUS_0x8f86_2023_10_01,CUS_0x8f86,1/10/2023,10,0,10000,0,0,0,10000,1/10/2023,2023-10-01,2025-11-09 06:51:02.752980,data/lms_loan_daily.csv,2023-10-01
CUS_0x8f8f_2023_06_01,CUS_0x8f8f,1/6/2023,10,4,10000,1000,1000,0,6000,1/10/2023,2023-10-01,2025-11-09 06:51:02.752980,data/lms_loan_daily.csv,2023-10-01
CUS_0x8f9a_2023_09_01,CUS_0x8f9a,1/9/2023,10,1,10000,1000,1000,0,9000,1/10/2023,2023-10-01,2025-11-09 06:51:02.752980,data/lms_loan_daily.csv,2023-10-01
CUS_0x8f9e_2023_06_01,CUS_0x8f9e,1/6/2023,10,4,10000,1000,1000,0,6000,1/10/2023,2023-10-01,2025-11-09 06:51:02.752980,data/lms_loan_daily.csv,2023-10-01
CUS_0x8fa_2023_07_01,CUS_0x8fa,1/7/2023,10,3,10000,1000,1000,0,7000,1/10/2023,2023-10-01,2025-11-09 06:51:02.752980,data/lms_loan_daily.csv,2023-10-01
CUS_0x8fa0_2023_05_01,CUS_0x8fa0,1/5/2023,10,5,10000,1000,1000,0,5000,1/10/2023,2023-10-01,2025-11-09 06:51:02.752980,data/lms_loan_daily.csv,2023-10-01
CUS_0x8fa7_2023_09_01,CUS_0x8fa7,1/9/2023,10,1,10000,1000,1000,0,9000,1/10/2023,2023-10-01,2025-11-09 06:51:02.752980,data/lms_loan_daily.csv,2023-10-01
CUS_0x8fa8_2023_03_01,CUS_0x8fa8,1/3/2023,10,7,10000,1000,1000,0,3000,1/10/2023,2023-10-01,2025-11-09 06:51:02.752980,data/lms_loan_daily.csv,2023-10-01
CUS_0x8fac_2023_09_01,CUS_0x8fac,1/9/2023,10,1,10000,1000,1000,0,9000,1/10/2023,2023-10-01,2025-11-09 06:51:02.752980,data/lms_loan_daily.csv,2023-10-01
CUS_0x8fb4_2023_01_01,CUS_0x8fb4,1/1/2023,10,9,10000,1000,1000,0,1000,1/10/2023,2023-10-01,2025-11-09 06:51:02.752980,data/lms_loan_daily.csv,2023-10-01
CUS_0x8fd8_2023_04_01,CUS_0x8fd8,1/4/2023,10,6,10000,1000,0,5000,9000,1/10/2023,2023-10-01,2025-11-09 06:51:02.752980,data/lms_loan_daily.csv,2023-10-01
CUS_0x8fd9_2023_10_01,CUS_0x8fd9,1/10/2023,10,0,10000,0,0,0,10000,1/10/2023,2023-10-01,2025-11-09 06:51:02.752980,data/lms_loan_daily.csv,2023-10-01
CUS_0x8fdd_2023_07_01,CUS_0x8fdd,1/7/2023,10,3,10000,1000,1000,0,7000,1/10/2023,2023-10-01,2025-11-09 06:51:02.752980,data/lms_loan_daily.csv,2023-10-01
CUS_0x8fdf_2023_05_01,CUS_0x8fdf,1/5/2023,10,5,10000,1000,1000,0,5000,1/10/2023,2023-10-01,2025-11-09 06:51:02.752980,data/lms_loan_daily.csv,2023-10-01
CUS_0x8fea_2023_05_01,CUS_0x8fea,1/5/2023,10,5,10000,1000,1000,0,5000,1/10/2023,2023-10-01,2025-11-09 06:51:02.752980,data/lms_loan_daily.csv,2023-10-01
CUS_0x9027_2023_10_01,CUS_0x9027,1/10/2023,10,0,10000,0,0,0,10000,1/10/2023,2023-10-01,2025-11-09 06:51:02.752980,data/lms_loan_daily.csv,2023-10-01
CUS_0x902b_2023_04_01,CUS_0x902b,1/4/2023,10,6,10000,1000,1000,0,4000,1/10/2023,2023-10-01,2025-11-09 06:51:02.752980,data/lms_loan_daily.csv,2023-10-01
CUS_0x902d_2023_09_01,CUS_0x902d,1/9/2023,10,1,10000,1000,1000,0,9000,1/10/2023,2023-10-01,2025-11-09 06:51:02.752980,data/lms_loan_daily.csv,2023-10-01
CUS_0x9038_2023_10_01,CUS_0x9038,1/10/2023,10,0,10000,0,0,0,10000,1/10/2023,2023-10-01,2025-11-09 06:51:02.752980,data/lms_loan_daily.csv,2023-10-01
CUS_0x903f_2023_05_01,CUS_0x903f,1/5/2023,10,5,10000,1000,1000,0,5000,1/10/2023,2023-10-01,2025-11-09 06:51:02.752980,data/lms_loan_daily.csv,2023-10-01
CUS_0x904_2023_09_01,CUS_0x904,1/9/2023,10,1,10000,1000,1000,0,9000,1/10/2023,2023-10-01,2025-11-09 06:51:02.752980,data/lms_loan_daily.csv,2023-10-01
CUS_0x9051_2023_08_01,CUS_0x9051,1/8/2023,10,2,10000,1000,1000,0,8000,1/10/2023,2023-10-01,2025-11-09 06:51:02.752980,data/lms_loan_daily.csv,2023-10-01
CUS_0x905e_2023_05_01,CUS_0x905e,1/5/2023,10,5,10000,1000,1000,0,5000,1/10/2023,2023-10-01,2025-11-09 06:51:02.752980,data/lms_loan_daily.csv,2023-10-01
CUS_0x9066_2023_08_01,CUS_0x9066,1/8/2023,10,2,10000,1000,1000,0,8000,1/10/2023,2023-10-01,2025-11-09 06:51:02.752980,data/lms_loan_daily.csv,2023-10-01
CUS_0x906a_2023_09_01,CUS_0x906a,1/9/2023,10,1,10000,1000,1000,0,9000,1/10/2023,2023-10-01,2025-11-09 06:51:02.752980,data/lms_loan_daily.csv,2023-10-01
CUS_0x9074_2023_10_01,CUS_0x9074,1/10/2023,10,0,10000,0,0,0,10000,1/10/2023,2023-10-01,2025-11-09 06:51:02.752980,data/lms_loan_daily.csv,2023-10-01
CUS_0x9076_2023_10_01,CUS_0x9076,1/10/2023,10,0,10000,0,0,0,10000,1/10/2023,2023-10-01,2025-11-09 06:51:02.752980,data/lms_loan_daily.csv,2023-10-01
CUS_0x907c_2023_08_01,CUS_0x907c,1/8/2023,10,2,10000,1000,1000,0,8000,1/10/2023,2023-10-01,2025-11-09 06:51:02.752980,data/lms_loan_daily.csv,2023-10-01
CUS_0x908_2023_07_01,CUS_0x908,1/7/2023,10,3,10000,1000,0,1000,8000,1/10/2023,2023-10-01,2025-11-09 06:51:02.752980,data/lms_loan_daily.csv,2023-10-01
CUS_0x9087_2023_05_01,CUS_0x9087,1/5/2023,10,5,10000,1000,1000,0,5000,1/10/2023,2023-10-01,2025-11-09 06:51:02.752980,data/lms_loan_daily.csv,2023-10-01
CUS_0x9095_2023_10_01,CUS_0x9095,1/10/2023,10,0,10000,0,0,0,10000,1/10/2023,2023-10-01,2025-11-09 06:51:02.752980,data/lms_loan_daily.csv,2023-10-01
CUS_0x90a1_2023_05_01,CUS_0x90a1,1/5/2023,10,5,10000,1000,1000,0,5000,1/10/2023,2023-10-01,2025-11-09 06:51:02.752980,data/lms_loan_daily.csv,2023-10-01
CUS_0x90be_2023_07_01,CUS_0x90be,1/7/2023,10,3,10000,1000,1000,0,7000,1/10/2023,2023-10-01,2025-11-09 06:51:02.752980,data/lms_loan_daily.csv,2023-10-01
CUS_0x90cf_2023_07_01,CUS_0x90cf,1/7/2023,10,3,10000,1000,1000,0,7000,1/10/2023,2023-10-01,2025-11-09 06:51:02.752980,data/lms_loan_daily.csv,2023-10-01
CUS_0x90d7_2023_09_01,CUS_0x90d7,1/9/2023,10,1,10000,1000,1000,0,9000,1/10/2023,2023-10-01,2025-11-09 06:51:02.752980,data/lms_loan_daily.csv,2023-10-01
CUS_0x90d8_2023_02_01,CUS_0x90d8,1/2/2023,10,8,10000,1000,1000,0,2000,1/10/2023,2023-10-01,2025-11-09 06:51:02.752980,data/lms_loan_daily.csv,2023-10-01
CUS_0x90e2_2023_02_01,CUS_0x90e2,1/2/2023,10,8,10000,1000,1000,0,2000,1/10/2023,2023-10-01,2025-11-09 06:51:02.752980,data/lms_loan_daily.csv,2023-10-01
CUS_0x9102_2023_01_01,CUS_0x9102,1/1/2023,10,9,10000,1000,0,7000,8000,1/10/2023,2023-10-01,2025-11-09 06:51:02.752980,data/lms_loan_daily.csv,2023-10-01
CUS_0x910a_2023_09_01,CUS_0x910a,1/9/2023,10,1,10000,1000,1000,0,9000,1/10/2023,2023-10-01,2025-11-09 06:51:02.752980,data/lms_loan_daily.csv,2023-10-01
CUS_0x9122_2023_06_01,CUS_0x9122,1/6/2023,10,4,10000,1000,1000,0,6000,1/10/2023,2023-10-01,2025-11-09 06:51:02.752980,data/lms_loan_daily.csv,2023-10-01
CUS_0x9123_2023_03_01,CUS_0x9123,1/3/2023,10,7,10000,1000,1000,0,3000,1/10/2023,2023-10-01,2025-11-09 06:51:02.752980,data/lms_loan_daily.csv,2023-10-01
CUS_0x9124_2023_01_01,CUS_0x9124,1/1/2023,10,9,10000,1000,0,5000,6000,1/10/2023,2023-10-01,2025-11-09 06:51:02.752980,data/lms_loan_daily.csv,2023-10-01
CUS_0x9138_2023_07_01,CUS_0x9138,1/7/2023,10,3,10000,1000,1000,0,7000,1/10/2023,2023-10-01,2025-11-09 06:51:02.752980,data/lms_loan_daily.csv,2023-10-01
CUS_0x913a_2023_06_01,CUS_0x913a,1/6/2023,10,4,10000,1000,1000,0,6000,1/10/2023,2023-10-01,2025-11-09 06:51:02.752980,data/lms_loan_daily.csv,2023-10-01
CUS_0x913e_2023_06_01,CUS_0x913e,1/6/2023,10,4,10000,1000,1000,0,6000,1/10/2023,2023-10-01,2025-11-09 06:51:02.752980,data/lms_loan_daily.csv,2023-10-01
CUS_0x915_2023_08_01,CUS_0x915,1/8/2023,10,2,10000,1000,1000,0,8000,1/10/2023,2023-10-01,2025-11-09 06:51:02.752980,data/lms_loan_daily.csv,2023-10-01
CUS_0x9151_2023_10_01,CUS_0x9151,1/10/2023,10,0,10000,0,0,0,10000,1/10/2023,2023-10-01,2025-11-09 06:51:02.752980,data/lms_loan_daily.csv,2023-10-01
CUS_0x9154_2023_01_01,CUS_0x9154,1/1/2023,10,9,10000,1000,0,8000,9000,1/10/2023,2023-10-01,2025-11-09 06:51:02.752980,data/lms_loan_daily.csv,2023-10-01
CUS_0x9167_2023_10_01,CUS_0x9167,1/10/2023,10,0,10000,0,0,0,10000,1/10/2023,2023-10-01,2025-11-09 06:51:02.752980,data/lms_loan_daily.csv,2023-10-01
CUS_0x9176_2023_07_01,CUS_0x9176,1/7/2023,10,3,10000,1000,1000,0,7000,1/10/2023,2023-10-01,2025-11-09 06:51:02.752980,data/lms_loan_daily.csv,2023-10-01
CUS_0x9177_2023_02_01,CUS_0x9177,1/2/2023,10,8,10000,1000,1000,0,2000,1/10/2023,2023-10-01,2025-11-09 06:51:02.752980,data/lms_loan_daily.csv,2023-10-01
CUS_0x9178_2023_03_01,CUS_0x9178,1/3/2023,10,7,10000,1000,1000,0,3000,1/10/2023,2023-10-01,2025-11-09 06:51:02.752980,data/lms_loan_daily.csv,2023-10-01
CUS_0x917d_2023_07_01,CUS_0x917d,1/7/2023,10,3,10000,1000,1000,0,7000,1/10/2023,2023-10-01,2025-11-09 06:51:02.752980,data/lms_loan_daily.csv,2023-10-01
CUS_0x9185_2023_09_01,CUS_0x9185,1/9/2023,10,1,10000,1000,1000,0,9000,1/10/2023,2023-10-01,2025-11-09 06:51:02.752980,data/lms_loan_daily.csv,2023-10-01
CUS_0x9189_2023_05_01,CUS_0x9189,1/5/2023,10,5,10000,1000,0,4000,9000,1/10/2023,2023-10-01,2025-11-09 06:51:02.752980,data/lms_loan_daily.csv,2023-10-01
CUS_0x918c_2023_02_01,CUS_0x918c,1/2/2023,10,8,10000,1000,1000,0,2000,1/10/2023,2023-10-01,2025-11-09 06:51:02.752980,data/lms_loan_daily.csv,2023-10-01
CUS_0x919_2023_02_01,CUS_0x919,1/2/2023,10,8,10000,1000,1000,0,2000,1/10/2023,2023-10-01,2025-11-09 06:51:02.752980,data/lms_loan_daily.csv,2023-10-01
CUS_0x9190_2023_01_01,CUS_0x9190,1/1/2023,10,9,10000,1000,1000,0,1000,1/10/2023,2023-10-01,2025-11-09 06:51:02.752980,data/lms_loan_daily.csv,2023-10-01
CUS_0x919b_2023_06_01,CUS_0x919b,1/6/2023,10,4,10000,1000,0,1000,7000,1/10/2023,2023-10-01,2025-11-09 06:51:02.752980,data/lms_loan_daily.csv,2023-10-01
CUS_0x91c4_2023_05_01,CUS_0x91c4,1/5/2023,10,5,10000,1000,1000,0,5000,1/10/2023,2023-10-01,2025-11-09 06:51:02.752980,data/lms_loan_daily.csv,2023-10-01
CUS_0x91c8_2023_09_01,CUS_0x91c8,1/9/2023,10,1,10000,1000,1000,0,9000,1/10/2023,2023-10-01,2025-11-09 06:51:02.752980,data/lms_loan_daily.csv,2023-10-01
CUS_0x91ca_2023_04_01,CUS_0x91ca,1/4/2023,10,6,10000,1000,1000,0,4000,1/10/2023,2023-10-01,2025-11-09 06:51:02.752980,data/lms_loan_daily.csv,2023-10-01
CUS_0x91d4_2023_04_01,CUS_0x91d4,1/4/2023,10,6,10000,1000,1000,0,4000,1/10/2023,2023-10-01,2025-11-09 06:51:02.752980,data/lms_loan_daily.csv,2023-10-01
CUS_0x91e5_2023_02_01,CUS_0x91e5,1/2/2023,10,8,10000,1000,1000,0,2000,1/10/2023,2023-10-01,2025-11-09 06:51:02.752980,data/lms_loan_daily.csv,2023-10-01
CUS_0x91ed_2023_04_01,CUS_0x91ed,1/4/2023,10,6,10000,1000,1000,0,4000,1/10/2023,2023-10-01,2025-11-09 06:51:02.752980,data/lms_loan_daily.csv,2023-10-01
CUS_0x9215_2023_03_01,CUS_0x9215,1/3/2023,10,7,10000,1000,1000,0,3000,1/10/2023,2023-10-01,2025-11-09 06:51:02.752980,data/lms_loan_daily.csv,2023-10-01
CUS_0x9216_2023_04_01,CUS_0x9216,1/4/2023,10,6,10000,1000,1000,0,4000,1/10/2023,2023-10-01,2025-11-09 06:51:02.752980,data/lms_loan_daily.csv,2023-10-01
CUS_0x9228_2023_09_01,CUS_0x9228,1/9/2023,10,1,10000,1000,1000,0,9000,1/10/2023,2023-10-01,2025-11-09 06:51:02.752980,data/lms_loan_daily.csv,2023-10-01
CUS_0x922f_2023_04_01,CUS_0x922f,1/4/2023,10,6,10000,1000,0,3000,7000,1/10/2023,2023-10-01,2025-11-09 06:51:02.752980,data/lms_loan_daily.csv,2023-10-01
CUS_0x9230_2023_01_01,CUS_0x9230,1/1/2023,10,9,10000,1000,1000,0,1000,1/10/2023,2023-10-01,2025-11-09 06:51:02.752980,data/lms_loan_daily.csv,2023-10-01
CUS_0x9237_2023_04_01,CUS_0x9237,1/4/2023,10,6,10000,1000,1000,0,4000,1/10/2023,2023-10-01,2025-11-09 06:51:02.752980,data/lms_loan_daily.csv,2023-10-01
CUS_0x924e_2023_10_01,CUS_0x924e,1/10/2023,10,0,10000,0,0,0,10000,1/10/2023,2023-10-01,2025-11-09 06:51:02.752980,data/lms_loan_daily.csv,2023-10-01
CUS_0x925c_2023_08_01,CUS_0x925c,1/8/2023,10,2,10000,1000,1000,0,8000,1/10/2023,2023-10-01,2025-11-09 06:51:02.752980,data/lms_loan_daily.csv,2023-10-01
CUS_0x925f_2023_03_01,CUS_0x925f,1/3/2023,10,7,10000,1000,0,5000,8000,1/10/2023,2023-10-01,2025-11-09 06:51:02.752980,data/lms_loan_daily.csv,2023-10-01
CUS_0x9268_2023_06_01,CUS_0x9268,1/6/2023,10,4,10000,1000,1000,0,6000,1/10/2023,2023-10-01,2025-11-09 06:51:02.752980,data/lms_loan_daily.csv,2023-10-01
CUS_0x9273_2023_01_01,CUS_0x9273,1/1/2023,10,9,10000,1000,1000,0,1000,1/10/2023,2023-10-01,2025-11-09 06:51:02.752980,data/lms_loan_daily.csv,2023-10-01
CUS_0x9274_2023_05_01,CUS_0x9274,1/5/2023,10,5,10000,1000,1000,0,5000,1/10/2023,2023-10-01,2025-11-09 06:51:02.752980,data/lms_loan_daily.csv,2023-10-01
CUS_0x9275_2023_05_01,CUS_0x9275,1/5/2023,10,5,10000,1000,1000,0,5000,1/10/2023,2023-10-01,2025-11-09 06:51:02.752980,data/lms_loan_daily.csv,2023-10-01
CUS_0x9278_2023_01_01,CUS_0x9278,1/1/2023,10,9,10000,1000,1000,0,1000,1/10/2023,2023-10-01,2025-11-09 06:51:02.752980,data/lms_loan_daily.csv,2023-10-01
CUS_0x927d_2023_06_01,CUS_0x927d,1/6/2023,10,4,10000,1000,1000,0,6000,1/10/2023,2023-10-01,2025-11-09 06:51:02.752980,data/lms_loan_daily.csv,2023-10-01
CUS_0x9288_2023_03_01,CUS_0x9288,1/3/2023,10,7,10000,1000,1000,0,3000,1/10/2023,2023-10-01,2025-11-09 06:51:02.752980,data/lms_loan_daily.csv,2023-10-01
CUS_0x928f_2023_01_01,CUS_0x928f,1/1/2023,10,9,10000,1000,0,7000,8000,1/10/2023,2023-10-01,2025-11-09 06:51:02.752980,data/lms_loan_daily.csv,2023-10-01
CUS_0x9296_2023_05_01,CUS_0x9296,1/5/2023,10,5,10000,1000,1000,0,5000,1/10/2023,2023-10-01,2025-11-09 06:51:02.752980,data/lms_loan_daily.csv,2023-10-01
CUS_0x9297_2023_05_01,CUS_0x9297,1/5/2023,10,5,10000,1000,1000,0,5000,1/10/2023,2023-10-01,2025-11-09 06:51:02.752980,data/lms_loan_daily.csv,2023-10-01
CUS_0x929a_2023_01_01,CUS_0x929a,1/1/2023,10,9,10000,1000,1000,0,1000,1/10/2023,2023-10-01,2025-11-09 06:51:02.752980,data/lms_loan_daily.csv,2023-10-01
CUS_0x929c_2023_01_01,CUS_0x929c,1/1/2023,10,9,10000,1000,1000,0,1000,1/10/2023,2023-10-01,2025-11-09 06:51:02.752980,data/lms_loan_daily.csv,2023-10-01
CUS_0x92c6_2023_06_01,CUS_0x92c6,1/6/2023,10,4,10000,1000,1000,0,6000,1/10/2023,2023-10-01,2025-11-09 06:51:02.752980,data/lms_loan_daily.csv,2023-10-01
CUS_0x92d2_2023_09_01,CUS_0x92d2,1/9/2023,10,1,10000,1000,1000,0,9000,1/10/2023,2023-10-01,2025-11-09 06:51:02.752980,data/lms_loan_daily.csv,2023-10-01
CUS_0x92d5_2023_09_01,CUS_0x92d5,1/9/2023,10,1,10000,1000,1000,0,9000,1/10/2023,2023-10-01,2025-11-09 06:51:02.752980,data/lms_loan_daily.csv,2023-10-01
CUS_0x92d6_2023_01_01,CUS_0x92d6,1/1/2023,10,9,10000,1000,0,5000,6000,1/10/2023,2023-10-01,2025-11-09 06:51:02.752980,data/lms_loan_daily.csv,2023-10-01
CUS_0x92ec_2023_06_01,CUS_0x92ec,1/6/2023,10,4,10000,1000,1000,0,6000,1/10/2023,2023-10-01,2025-11-09 06:51:02.752980,data/lms_loan_daily.csv,2023-10-01
CUS_0x92f0_2023_01_01,CUS_0x92f0,1/1/2023,10,9,10000,1000,0,7000,8000,1/10/2023,2023-10-01,2025-11-09 06:51:02.752980,data/lms_loan_daily.csv,2023-10-01
CUS_0x92f8_2023_06_01,CUS_0x92f8,1/6/2023,10,4,10000,1000,1000,0,6000,1/10/2023,2023-10-01,2025-11-09 06:51:02.752980,data/lms_loan_daily.csv,2023-10-01
CUS_0x9305_2023_04_01,CUS_0x9305,1/4/2023,10,6,10000,1000,1000,0,4000,1/10/2023,2023-10-01,2025-11-09 06:51:02.752980,data/lms_loan_daily.csv,2023-10-01
CUS_0x9319_2023_07_01,CUS_0x9319,1/7/2023,10,3,10000,1000,1000,0,7000,1/10/2023,2023-10-01,2025-11-09 06:51:02.752980,data/lms_loan_daily.csv,2023-10-01
CUS_0x931c_2023_03_01,CUS_0x931c,1/3/2023,10,7,10000,1000,1000,0,3000,1/10/2023,2023-10-01,2025-11-09 06:51:02.752980,data/lms_loan_daily.csv,2023-10-01
CUS_0x932_2023_10_01,CUS_0x932,1/10/2023,10,0,10000,0,0,0,10000,1/10/2023,2023-10-01,2025-11-09 06:51:02.752980,data/lms_loan_daily.csv,2023-10-01
CUS_0x932c_2023_04_01,CUS_0x932c,1/4/2023,10,6,10000,1000,0,3000,7000,1/10/2023,2023-10-01,2025-11-09 06:51:02.752980,data/lms_loan_daily.csv,2023-10-01
CUS_0x933f_2023_02_01,CUS_0x933f,1/2/2023,10,8,10000,1000,1000,0,2000,1/10/2023,2023-10-01,2025-11-09 06:51:02.752980,data/lms_loan_daily.csv,2023-10-01
CUS_0x9348_2023_10_01,CUS_0x9348,1/10/2023,10,0,10000,0,0,0,10000,1/10/2023,2023-10-01,2025-11-09 06:51:02.752980,data/lms_loan_daily.csv,2023-10-01
CUS_0x9352_2023_10_01,CUS_0x9352,1/10/2023,10,0,10000,0,0,0,10000,1/10/2023,2023-10-01,2025-11-09 06:51:02.752980,data/lms_loan_daily.csv,2023-10-01
CUS_0x9357_2023_01_01,CUS_0x9357,1/1/2023,10,9,10000,1000,1000,0,1000,1/10/2023,2023-10-01,2025-11-09 06:51:02.752980,data/lms_loan_daily.csv,2023-10-01
CUS_0x9368_2023_02_01,CUS_0x9368,1/2/2023,10,8,10000,1000,1000,0,2000,1/10/2023,2023-10-01,2025-11-09 06:51:02.752980,data/lms_loan_daily.csv,2023-10-01
CUS_0x9386_2023_06_01,CUS_0x9386,1/6/2023,10,4,10000,1000,1000,0,6000,1/10/2023,2023-10-01,2025-11-09 06:51:02.752980,data/lms_loan_daily.csv,2023-10-01
CUS_0x9394_2023_03_01,CUS_0x9394,1/3/2023,10,7,10000,1000,1000,0,3000,1/10/2023,2023-10-01,2025-11-09 06:51:02.752980,data/lms_loan_daily.csv,2023-10-01
CUS_0x9398_2023_06_01,CUS_0x9398,1/6/2023,10,4,10000,1000,1000,0,6000,1/10/2023,2023-10-01,2025-11-09 06:51:02.752980,data/lms_loan_daily.csv,2023-10-01
CUS_0x93a0_2023_01_01,CUS_0x93a0,1/1/2023,10,9,10000,1000,0,5000,6000,1/10/2023,2023-10-01,2025-11-09 06:51:02.752980,data/lms_loan_daily.csv,2023-10-01
CUS_0x93af_2023_06_01,CUS_0x93af,1/6/2023,10,4,10000,1000,0,1000,7000,1/10/2023,2023-10-01,2025-11-09 06:51:02.752980,data/lms_loan_daily.csv,2023-10-01
CUS_0x93bb_2023_05_01,CUS_0x93bb,1/5/2023,10,5,10000,1000,0,2000,7000,1/10/2023,2023-10-01,2025-11-09 06:51:02.752980,data/lms_loan_daily.csv,2023-10-01
CUS_0x93c8_2023_08_01,CUS_0x93c8,1/8/2023,10,2,10000,1000,0,2000,10000,1/10/2023,2023-10-01,2025-11-09 06:51:02.752980,data/lms_loan_daily.csv,2023-10-01
CUS_0x93d2_2023_05_01,CUS_0x93d2,1/5/2023,10,5,10000,1000,0,2000,7000,1/10/2023,2023-10-01,2025-11-09 06:51:02.752980,data/lms_loan_daily.csv,2023-10-01
CUS_0x93e_2023_10_01,CUS_0x93e,1/10/2023,10,0,10000,0,0,0,10000,1/10/2023,2023-10-01,2025-11-09 06:51:02.752980,data/lms_loan_daily.csv,2023-10-01
CUS_0x93f4_2023_07_01,CUS_0x93f4,1/7/2023,10,3,10000,1000,0,1000,8000,1/10/2023,2023-10-01,2025-11-09 06:51:02.752980,data/lms_loan_daily.csv,2023-10-01
CUS_0x940d_2023_10_01,CUS_0x940d,1/10/2023,10,0,10000,0,0,0,10000,1/10/2023,2023-10-01,2025-11-09 06:51:02.752980,data/lms_loan_daily.csv,2023-10-01
CUS_0x9412_2023_10_01,CUS_0x9412,1/10/2023,10,0,10000,0,0,0,10000,1/10/2023,2023-10-01,2025-11-09 06:51:02.752980,data/lms_loan_daily.csv,2023-10-01
CUS_0x9414_2023_09_01,CUS_0x9414,1/9/2023,10,1,10000,1000,0,1000,10000,1/10/2023,2023-10-01,2025-11-09 06:51:02.752980,data/lms_loan_daily.csv,2023-10-01
CUS_0x9428_2023_03_01,CUS_0x9428,1/3/2023,10,7,10000,1000,0,4000,7000,1/10/2023,2023-10-01,2025-11-09 06:51:02.752980,data/lms_loan_daily.csv,2023-10-01
CUS_0x942a_2023_07_01,CUS_0x942a,1/7/2023,10,3,10000,1000,1000,0,7000,1/10/2023,2023-10-01,2025-11-09 06:51:02.752980,data/lms_loan_daily.csv,2023-10-01
CUS_0x942c_2023_03_01,CUS_0x942c,1/3/2023,10,7,10000,1000,0,3000,6000,1/10/2023,2023-10-01,2025-11-09 06:51:02.752980,data/lms_loan_daily.csv,2023-10-01
CUS_0x9434_2023_05_01,CUS_0x9434,1/5/2023,10,5,10000,1000,1000,0,5000,1/10/2023,2023-10-01,2025-11-09 06:51:02.752980,data/lms_loan_daily.csv,2023-10-01
CUS_0x9435_2023_01_01,CUS_0x9435,1/1/2023,10,9,10000,1000,1000,0,1000,1/10/2023,2023-10-01,2025-11-09 06:51:02.752980,data/lms_loan_daily.csv,2023-10-01
CUS_0x944_2023_04_01,CUS_0x944,1/4/2023,10,6,10000,1000,1000,0,4000,1/10/2023,2023-10-01,2025-11-09 06:51:02.752980,data/lms_loan_daily.csv,2023-10-01
CUS_0x9443_2023_02_01,CUS_0x9443,1/2/2023,10,8,10000,1000,0,7000,9000,1/10/2023,2023-10-01,2025-11-09 06:51:02.752980,data/lms_loan_daily.csv,2023-10-01
CUS_0x9448_2023_10_01,CUS_0x9448,1/10/2023,10,0,10000,0,0,0,10000,1/10/2023,2023-10-01,2025-11-09 06:51:02.752980,data/lms_loan_daily.csv,2023-10-01
CUS_0x9449_2023_09_01,CUS_0x9449,1/9/2023,10,1,10000,1000,0,1000,10000,1/10/2023,2023-10-01,2025-11-09 06:51:02.752980,data/lms_loan_daily.csv,2023-10-01
CUS_0x944e_2023_10_01,CUS_0x944e,1/10/2023,10,0,10000,0,0,0,10000,1/10/2023,2023-10-01,2025-11-09 06:51:02.752980,data/lms_loan_daily.csv,2023-10-01
CUS_0x944f_2023_02_01,CUS_0x944f,1/2/2023,10,8,10000,1000,1000,0,2000,1/10/2023,2023-10-01,2025-11-09 06:51:02.752980,data/lms_loan_daily.csv,2023-10-01
CUS_0x945f_2023_07_01,CUS_0x945f,1/7/2023,10,3,10000,1000,1000,0,7000,1/10/2023,2023-10-01,2025-11-09 06:51:02.752980,data/lms_loan_daily.csv,2023-10-01
CUS_0x946d_2023_07_01,CUS_0x946d,1/7/2023,10,3,10000,1000,0,1000,8000,1/10/2023,2023-10-01,2025-11-09 06:51:02.752980,data/lms_loan_daily.csv,2023-10-01
CUS_0x946e_2023_02_01,CUS_0x946e,1/2/2023,10,8,10000,1000,0,6000,8000,1/10/2023,2023-10-01,2025-11-09 06:51:02.752980,data/lms_loan_daily.csv,2023-10-01
CUS_0x947b_2023_06_01,CUS_0x947b,1/6/2023,10,4,10000,1000,1000,0,6000,1/10/2023,2023-10-01,2025-11-09 06:51:02.752980,data/lms_loan_daily.csv,2023-10-01
CUS_0x9486_2023_10_01,CUS_0x9486,1/10/2023,10,0,10000,0,0,0,10000,1/10/2023,2023-10-01,2025-11-09 06:51:02.752980,data/lms_loan_daily.csv,2023-10-01
CUS_0x948f_2023_01_01,CUS_0x948f,1/1/2023,10,9,10000,1000,1000,0,1000,1/10/2023,2023-10-01,2025-11-09 06:51:02.752980,data/lms_loan_daily.csv,2023-10-01
CUS_0x9491_2023_08_01,CUS_0x9491,1/8/2023,10,2,10000,1000,1000,0,8000,1/10/2023,2023-10-01,2025-11-09 06:51:02.752980,data/lms_loan_daily.csv,2023-10-01
CUS_0x9495_2023_07_01,CUS_0x9495,1/7/2023,10,3,10000,1000,1000,0,7000,1/10/2023,2023-10-01,2025-11-09 06:51:02.752980,data/lms_loan_daily.csv,2023-10-01
CUS_0x94a6_2023_08_01,CUS_0x94a6,1/8/2023,10,2,10000,1000,2000,0,8000,1/10/2023,2023-10-01,2025-11-09 06:51:02.752980,data/lms_loan_daily.csv,2023-10-01
CUS_0x94ac_2023_06_01,CUS_0x94ac,1/6/2023,10,4,10000,1000,1000,0,6000,1/10/2023,2023-10-01,2025-11-09 06:51:02.752980,data/lms_loan_daily.csv,2023-10-01
CUS_0x94ae_2023_02_01,CUS_0x94ae,1/2/2023,10,8,10000,1000,1000,0,2000,1/10/2023,2023-10-01,2025-11-09 06:51:02.752980,data/lms_loan_daily.csv,2023-10-01
CUS_0x94c5_2023_10_01,CUS_0x94c5,1/10/2023,10,0,10000,0,0,0,10000,1/10/2023,2023-10-01,2025-11-09 06:51:02.752980,data/lms_loan_daily.csv,2023-10-01
CUS_0x94cf_2023_04_01,CUS_0x94cf,1/4/2023,10,6,10000,1000,1000,0,4000,1/10/2023,2023-10-01,2025-11-09 06:51:02.752980,data/lms_loan_daily.csv,2023-10-01
CUS_0x94d5_2023_02_01,CUS_0x94d5,1/2/2023,10,8,10000,1000,1000,0,2000,1/10/2023,2023-10-01,2025-11-09 06:51:02.752980,data/lms_loan_daily.csv,2023-10-01
CUS_0x94dd_2023_04_01,CUS_0x94dd,1/4/2023,10,6,10000,1000,1000,0,4000,1/10/2023,2023-10-01,2025-11-09 06:51:02.752980,data/lms_loan_daily.csv,2023-10-01
CUS_0x94de_2023_04_01,CUS_0x94de,1/4/2023,10,6,10000,1000,1000,0,4000,1/10/2023,2023-10-01,2025-11-09 06:51:02.752980,data/lms_loan_daily.csv,2023-10-01
CUS_0x94e1_2023_06_01,CUS_0x94e1,1/6/2023,10,4,10000,1000,1000,0,6000,1/10/2023,2023-10-01,2025-11-09 06:51:02.752980,data/lms_loan_daily.csv,2023-10-01
CUS_0x94e3_2023_04_01,CUS_0x94e3,1/4/2023,10,6,10000,1000,1000,0,4000,1/10/2023,2023-10-01,2025-11-09 06:51:02.752980,data/lms_loan_daily.csv,2023-10-01
CUS_0x94e8_2023_07_01,CUS_0x94e8,1/7/2023,10,3,10000,1000,1000,0,7000,1/10/2023,2023-10-01,2025-11-09 06:51:02.752980,data/lms_loan_daily.csv,2023-10-01
CUS_0x94f6_2023_07_01,CUS_0x94f6,1/7/2023,10,3,10000,1000,1000,0,7000,1/10/2023,2023-10-01,2025-11-09 06:51:02.752980,data/lms_loan_daily.csv,2023-10-01
CUS_0x9506_2023_09_01,CUS_0x9506,1/9/2023,10,1,10000,1000,1000,0,9000,1/10/2023,2023-10-01,2025-11-09 06:51:02.752980,data/lms_loan_daily.csv,2023-10-01
CUS_0x950d_2023_01_01,CUS_0x950d,1/1/2023,10,9,10000,1000,1000,0,1000,1/10/2023,2023-10-01,2025-11-09 06:51:02.752980,data/lms_loan_daily.csv,2023-10-01
CUS_0x9510_2023_03_01,CUS_0x9510,1/3/2023,10,7,10000,1000,1000,0,3000,1/10/2023,2023-10-01,2025-11-09 06:51:02.752980,data/lms_loan_daily.csv,2023-10-01
CUS_0x9520_2023_06_01,CUS_0x9520,1/6/2023,10,4,10000,1000,1000,0,6000,1/10/2023,2023-10-01,2025-11-09 06:51:02.752980,data/lms_loan_daily.csv,2023-10-01
CUS_0x9522_2023_04_01,CUS_0x9522,1/4/2023,10,6,10000,1000,1000,0,4000,1/10/2023,2023-10-01,2025-11-09 06:51:02.752980,data/lms_loan_daily.csv,2023-10-01
CUS_0x9534_2023_05_01,CUS_0x9534,1/5/2023,10,5,10000,1000,1000,0,5000,1/10/2023,2023-10-01,2025-11-09 06:51:02.752980,data/lms_loan_daily.csv,2023-10-01
CUS_0x9536_2023_06_01,CUS_0x9536,1/6/2023,10,4,10000,1000,1000,0,6000,1/10/2023,2023-10-01,2025-11-09 06:51:02.752980,data/lms_loan_daily.csv,2023-10-01
CUS_0x9553_2023_06_01,CUS_0x9553,1/6/2023,10,4,10000,1000,1000,0,6000,1/10/2023,2023-10-01,2025-11-09 06:51:02.752980,data/lms_loan_daily.csv,2023-10-01
CUS_0x955d_2023_06_01,CUS_0x955d,1/6/2023,10,4,10000,1000,0,2000,8000,1/10/2023,2023-10-01,2025-11-09 06:51:02.752980,data/lms_loan_daily.csv,2023-10-01
CUS_0x956b_2023_06_01,CUS_0x956b,1/6/2023,10,4,10000,1000,0,1000,7000,1/10/2023,2023-10-01,2025-11-09 06:51:02.752980,data/lms_loan_daily.csv,2023-10-01
CUS_0x956d_2023_08_01,CUS_0x956d,1/8/2023,10,2,10000,1000,1000,0,8000,1/10/2023,2023-10-01,2025-11-09 06:51:02.752980,data/lms_loan_daily.csv,2023-10-01
CUS_0x9570_2023_08_01,CUS_0x9570,1/8/2023,10,2,10000,1000,1000,0,8000,1/10/2023,2023-10-01,2025-11-09 06:51:02.752980,data/lms_loan_daily.csv,2023-10-01
CUS_0x957c_2023_04_01,CUS_0x957c,1/4/2023,10,6,10000,1000,1000,0,4000,1/10/2023,2023-10-01,2025-11-09 06:51:02.752980,data/lms_loan_daily.csv,2023-10-01
CUS_0x9586_2023_08_01,CUS_0x9586,1/8/2023,10,2,10000,1000,1000,0,8000,1/10/2023,2023-10-01,2025-11-09 06:51:02.752980,data/lms_loan_daily.csv,2023-10-01
CUS_0x9587_2023_03_01,CUS_0x9587,1/3/2023,10,7,10000,1000,1000,0,3000,1/10/2023,2023-10-01,2025-11-09 06:51:02.752980,data/lms_loan_daily.csv,2023-10-01
CUS_0x958a_2023_04_01,CUS_0x958a,1/4/2023,10,6,10000,1000,1000,0,4000,1/10/2023,2023-10-01,2025-11-09 06:51:02.752980,data/lms_loan_daily.csv,2023-10-01
CUS_0x958b_2023_06_01,CUS_0x958b,1/6/2023,10,4,10000,1000,0,2000,8000,1/10/2023,2023-10-01,2025-11-09 06:51:02.752980,data/lms_loan_daily.csv,2023-10-01
CUS_0x958e_2023_10_01,CUS_0x958e,1/10/2023,10,0,10000,0,0,0,10000,1/10/2023,2023-10-01,2025-11-09 06:51:02.752980,data/lms_loan_daily.csv,2023-10-01
CUS_0x95a1_2023_06_01,CUS_0x95a1,1/6/2023,10,4,10000,1000,1000,0,6000,1/10/2023,2023-10-01,2025-11-09 06:51:02.752980,data/lms_loan_daily.csv,2023-10-01
CUS_0x95aa_2023_01_01,CUS_0x95aa,1/1/2023,10,9,10000,1000,0,6000,7000,1/10/2023,2023-10-01,2025-11-09 06:51:02.752980,data/lms_loan_daily.csv,2023-10-01
CUS_0x95d0_2023_06_01,CUS_0x95d0,1/6/2023,10,4,10000,1000,1000,0,6000,1/10/2023,2023-10-01,2025-11-09 06:51:02.752980,data/lms_loan_daily.csv,2023-10-01
CUS_0x95e7_2023_10_01,CUS_0x95e7,1/10/2023,10,0,10000,0,0,0,10000,1/10/2023,2023-10-01,2025-11-09 06:51:02.752980,data/lms_loan_daily.csv,2023-10-01
CUS_0x95eb_2023_10_01,CUS_0x95eb,1/10/2023,10,0,10000,0,0,0,10000,1/10/2023,2023-10-01,2025-11-09 06:51:02.752980,data/lms_loan_daily.csv,2023-10-01
CUS_0x95ef_2023_05_01,CUS_0x95ef,1/5/2023,10,5,10000,1000,0,2000,7000,1/10/2023,2023-10-01,2025-11-09 06:51:02.752980,data/lms_loan_daily.csv,2023-10-01
CUS_0x95f0_2023_05_01,CUS_0x95f0,1/5/2023,10,5,10000,1000,1000,0,5000,1/10/2023,2023-10-01,2025-11-09 06:51:02.752980,data/lms_loan_daily.csv,2023-10-01
CUS_0x960e_2023_07_01,CUS_0x960e,1/7/2023,10,3,10000,1000,0,1000,8000,1/10/2023,2023-10-01,2025-11-09 06:51:02.752980,data/lms_loan_daily.csv,2023-10-01
CUS_0x9614_2023_03_01,CUS_0x9614,1/3/2023,10,7,10000,1000,0,5000,8000,1/10/2023,2023-10-01,2025-11-09 06:51:02.752980,data/lms_loan_daily.csv,2023-10-01
CUS_0x9619_2023_07_01,CUS_0x9619,1/7/2023,10,3,10000,1000,1000,0,7000,1/10/2023,2023-10-01,2025-11-09 06:51:02.752980,data/lms_loan_daily.csv,2023-10-01
CUS_0x962f_2023_01_01,CUS_0x962f,1/1/2023,10,9,10000,1000,1000,0,1000,1/10/2023,2023-10-01,2025-11-09 06:51:02.752980,data/lms_loan_daily.csv,2023-10-01
CUS_0x963_2023_04_01,CUS_0x963,1/4/2023,10,6,10000,1000,1000,0,4000,1/10/2023,2023-10-01,2025-11-09 06:51:02.752980,data/lms_loan_daily.csv,2023-10-01
CUS_0x963e_2023_10_01,CUS_0x963e,1/10/2023,10,0,10000,0,0,0,10000,1/10/2023,2023-10-01,2025-11-09 06:51:02.752980,data/lms_loan_daily.csv,2023-10-01
CUS_0x9647_2023_02_01,CUS_0x9647,1/2/2023,10,8,10000,1000,0,5000,7000,1/10/2023,2023-10-01,2025-11-09 06:51:02.752980,data/lms_loan_daily.csv,2023-10-01
CUS_0x9648_2023_04_01,CUS_0x9648,1/4/2023,10,6,10000,1000,1000,0,4000,1/10/2023,2023-10-01,2025-11-09 06:51:02.752980,data/lms_loan_daily.csv,2023-10-01
CUS_0x9650_2023_09_01,CUS_0x9650,1/9/2023,10,1,10000,1000,1000,0,9000,1/10/2023,2023-10-01,2025-11-09 06:51:02.752980,data/lms_loan_daily.csv,2023-10-01
CUS_0x9657_2023_03_01,CUS_0x9657,1/3/2023,10,7,10000,1000,0,7000,10000,1/10/2023,2023-10-01,2025-11-09 06:51:02.752980,data/lms_loan_daily.csv,2023-10-01
CUS_0x966e_2023_02_01,CUS_0x966e,1/2/2023,10,8,10000,1000,0,6000,8000,1/10/2023,2023-10-01,2025-11-09 06:51:02.752980,data/lms_loan_daily.csv,2023-10-01
CUS_0x9680_2023_06_01,CUS_0x9680,1/6/2023,10,4,10000,1000,1000,0,6000,1/10/2023,2023-10-01,2025-11-09 06:51:02.752980,data/lms_loan_daily.csv,2023-10-01
CUS_0x9686_2023_02_01,CUS_0x9686,1/2/2023,10,8,10000,1000,1000,0,2000,1/10/2023,2023-10-01,2025-11-09 06:51:02.752980,data/lms_loan_daily.csv,2023-10-01
CUS_0x9694_2023_08_01,CUS_0x9694,1/8/2023,10,2,10000,1000,1000,0,8000,1/10/2023,2023-10-01,2025-11-09 06:51:02.752980,data/lms_loan_daily.csv,2023-10-01
CUS_0x96a2_2023_01_01,CUS_0x96a2,1/1/2023,10,9,10000,1000,1000,0,1000,1/10/2023,2023-10-01,2025-11-09 06:51:02.752980,data/lms_loan_daily.csv,2023-10-01
CUS_0x96a6_2023_10_01,CUS_0x96a6,1/10/2023,10,0,10000,0,0,0,10000,1/10/2023,2023-10-01,2025-11-09 06:51:02.752980,data/lms_loan_daily.csv,2023-10-01
CUS_0x96b3_2023_02_01,CUS_0x96b3,1/2/2023,10,8,10000,1000,0,5000,7000,1/10/2023,2023-10-01,2025-11-09 06:51:02.752980,data/lms_loan_daily.csv,2023-10-01
CUS_0x96b4_2023_08_01,CUS_0x96b4,1/8/2023,10,2,10000,1000,1000,0,8000,1/10/2023,2023-10-01,2025-11-09 06:51:02.752980,data/lms_loan_daily.csv,2023-10-01
CUS_0x96c_2023_06_01,CUS_0x96c,1/6/2023,10,4,10000,1000,1000,0,6000,1/10/2023,2023-10-01,2025-11-09 06:51:02.752980,data/lms_loan_daily.csv,2023-10-01
CUS_0x96cd_2023_08_01,CUS_0x96cd,1/8/2023,10,2,10000,1000,0,1000,9000,1/10/2023,2023-10-01,2025-11-09 06:51:02.752980,data/lms_loan_daily.csv,2023-10-01
CUS_0x96d3_2023_02_01,CUS_0x96d3,1/2/2023,10,8,10000,1000,1000,0,2000,1/10/2023,2023-10-01,2025-11-09 06:51:02.752980,data/lms_loan_daily.csv,2023-10-01
CUS_0x96da_2023_10_01,CUS_0x96da,1/10/2023,10,0,10000,0,0,0,10000,1/10/2023,2023-10-01,2025-11-09 06:51:02.752980,data/lms_loan_daily.csv,2023-10-01
CUS_0x96de_2023_06_01,CUS_0x96de,1/6/2023,10,4,10000,1000,1000,0,6000,1/10/2023,2023-10-01,2025-11-09 06:51:02.752980,data/lms_loan_daily.csv,2023-10-01
CUS_0x96e_2023_04_01,CUS_0x96e,1/4/2023,10,6,10000,1000,1000,0,4000,1/10/2023,2023-10-01,2025-11-09 06:51:02.752980,data/lms_loan_daily.csv,2023-10-01
CUS_0x96e7_2023_03_01,CUS_0x96e7,1/3/2023,10,7,10000,1000,1000,0,3000,1/10/2023,2023-10-01,2025-11-09 06:51:02.752980,data/lms_loan_daily.csv,2023-10-01
CUS_0x96f7_2023_06_01,CUS_0x96f7,1/6/2023,10,4,10000,1000,1000,0,6000,1/10/2023,2023-10-01,2025-11-09 06:51:02.752980,data/lms_loan_daily.csv,2023-10-01
CUS_0x9708_2023_07_01,CUS_0x9708,1/7/2023,10,3,10000,1000,1000,0,7000,1/10/2023,2023-10-01,2025-11-09 06:51:02.752980,data/lms_loan_daily.csv,2023-10-01
CUS_0x970b_2023_05_01,CUS_0x970b,1/5/2023,10,5,10000,1000,1000,0,5000,1/10/2023,2023-10-01,2025-11-09 06:51:02.752980,data/lms_loan_daily.csv,2023-10-01
CUS_0x970f_2023_01_01,CUS_0x970f,1/1/2023,10,9,10000,1000,1000,0,1000,1/10/2023,2023-10-01,2025-11-09 06:51:02.752980,data/lms_loan_daily.csv,2023-10-01
CUS_0x971a_2023_08_01,CUS_0x971a,1/8/2023,10,2,10000,1000,1000,0,8000,1/10/2023,2023-10-01,2025-11-09 06:51:02.752980,data/lms_loan_daily.csv,2023-10-01
CUS_0x971f_2023_08_01,CUS_0x971f,1/8/2023,10,2,10000,1000,1000,0,8000,1/10/2023,2023-10-01,2025-11-09 06:51:02.752980,data/lms_loan_daily.csv,2023-10-01
CUS_0x972d_2023_01_01,CUS_0x972d,1/1/2023,10,9,10000,1000,1000,0,1000,1/10/2023,2023-10-01,2025-11-09 06:51:02.752980,data/lms_loan_daily.csv,2023-10-01
CUS_0x973e_2023_05_01,CUS_0x973e,1/5/2023,10,5,10000,1000,0,2000,7000,1/10/2023,2023-10-01,2025-11-09 06:51:02.752980,data/lms_loan_daily.csv,2023-10-01
CUS_0x974_2023_06_01,CUS_0x974,1/6/2023,10,4,10000,1000,1000,0,6000,1/10/2023,2023-10-01,2025-11-09 06:51:02.752980,data/lms_loan_daily.csv,2023-10-01
CUS_0x974a_2023_06_01,CUS_0x974a,1/6/2023,10,4,10000,1000,0,2000,8000,1/10/2023,2023-10-01,2025-11-09 06:51:02.752980,data/lms_loan_daily.csv,2023-10-01
CUS_0x9754_2023_10_01,CUS_0x9754,1/10/2023,10,0,10000,0,0,0,10000,1/10/2023,2023-10-01,2025-11-09 06:51:02.752980,data/lms_loan_daily.csv,2023-10-01
CUS_0x975d_2023_10_01,CUS_0x975d,1/10/2023,10,0,10000,0,0,0,10000,1/10/2023,2023-10-01,2025-11-09 06:51:02.752980,data/lms_loan_daily.csv,2023-10-01
CUS_0x9760_2023_04_01,CUS_0x9760,1/4/2023,10,6,10000,1000,1000,0,4000,1/10/2023,2023-10-01,2025-11-09 06:51:02.752980,data/lms_loan_daily.csv,2023-10-01
CUS_0x9762_2023_02_01,CUS_0x9762,1/2/2023,10,8,10000,1000,0,7000,9000,1/10/2023,2023-10-01,2025-11-09 06:51:02.752980,data/lms_loan_daily.csv,2023-10-01
CUS_0x9764_2023_02_01,CUS_0x9764,1/2/2023,10,8,10000,1000,0,5000,7000,1/10/2023,2023-10-01,2025-11-09 06:51:02.752980,data/lms_loan_daily.csv,2023-10-01
CUS_0x978_2023_09_01,CUS_0x978,1/9/2023,10,1,10000,1000,1000,0,9000,1/10/2023,2023-10-01,2025-11-09 06:51:02.752980,data/lms_loan_daily.csv,2023-10-01
CUS_0x9784_2023_04_01,CUS_0x9784,1/4/2023,10,6,10000,1000,1000,0,4000,1/10/2023,2023-10-01,2025-11-09 06:51:02.752980,data/lms_loan_daily.csv,2023-10-01
CUS_0x97a_2023_10_01,CUS_0x97a,1/10/2023,10,0,10000,0,0,0,10000,1/10/2023,2023-10-01,2025-11-09 06:51:02.752980,data/lms_loan_daily.csv,2023-10-01
CUS_0x97a2_2023_06_01,CUS_0x97a2,1/6/2023,10,4,10000,1000,0,1000,7000,1/10/2023,2023-10-01,2025-11-09 06:51:02.752980,data/lms_loan_daily.csv,2023-10-01
CUS_0x97aa_2023_04_01,CUS_0x97aa,1/4/2023,10,6,10000,1000,1000,0,4000,1/10/2023,2023-10-01,2025-11-09 06:51:02.752980,data/lms_loan_daily.csv,2023-10-01
CUS_0x97ab_2023_01_01,CUS_0x97ab,1/1/2023,10,9,10000,1000,0,7000,8000,1/10/2023,2023-10-01,2025-11-09 06:51:02.752980,data/lms_loan_daily.csv,2023-10-01
CUS_0x97b_2023_01_01,CUS_0x97b,1/1/2023,10,9,10000,1000,1000,0,1000,1/10/2023,2023-10-01,2025-11-09 06:51:02.752980,data/lms_loan_daily.csv,2023-10-01
CUS_0x97b5_2023_02_01,CUS_0x97b5,1/2/2023,10,8,10000,1000,1000,0,2000,1/10/2023,2023-10-01,2025-11-09 06:51:02.752980,data/lms_loan_daily.csv,2023-10-01
CUS_0x97bd_2023_01_01,CUS_0x97bd,1/1/2023,10,9,10000,1000,0,6000,7000,1/10/2023,2023-10-01,2025-11-09 06:51:02.752980,data/lms_loan_daily.csv,2023-10-01
CUS_0x97d_2023_06_01,CUS_0x97d,1/6/2023,10,4,10000,1000,0,2000,8000,1/10/2023,2023-10-01,2025-11-09 06:51:02.752980,data/lms_loan_daily.csv,2023-10-01
CUS_0x97d1_2023_10_01,CUS_0x97d1,1/10/2023,10,0,10000,0,0,0,10000,1/10/2023,2023-10-01,2025-11-09 06:51:02.752980,data/lms_loan_daily.csv,2023-10-01
CUS_0x97da_2023_10_01,CUS_0x97da,1/10/2023,10,0,10000,0,0,0,10000,1/10/2023,2023-10-01,2025-11-09 06:51:02.752980,data/lms_loan_daily.csv,2023-10-01
CUS_0x97e1_2023_10_01,CUS_0x97e1,1/10/2023,10,0,10000,0,0,0,10000,1/10/2023,2023-10-01,2025-11-09 06:51:02.752980,data/lms_loan_daily.csv,2023-10-01
CUS_0x97ef_2023_04_01,CUS_0x97ef,1/4/2023,10,6,10000,1000,1000,0,4000,1/10/2023,2023-10-01,2025-11-09 06:51:02.752980,data/lms_loan_daily.csv,2023-10-01
CUS_0x97f8_2023_03_01,CUS_0x97f8,1/3/2023,10,7,10000,1000,1000,0,3000,1/10/2023,2023-10-01,2025-11-09 06:51:02.752980,data/lms_loan_daily.csv,2023-10-01
CUS_0x9803_2023_08_01,CUS_0x9803,1/8/2023,10,2,10000,1000,0,1000,9000,1/10/2023,2023-10-01,2025-11-09 06:51:02.752980,data/lms_loan_daily.csv,2023-10-01
CUS_0x9805_2023_01_01,CUS_0x9805,1/1/2023,10,9,10000,1000,0,6000,7000,1/10/2023,2023-10-01,2025-11-09 06:51:02.752980,data/lms_loan_daily.csv,2023-10-01
CUS_0x980b_2023_05_01,CUS_0x980b,1/5/2023,10,5,10000,1000,1000,0,5000,1/10/2023,2023-10-01,2025-11-09 06:51:02.752980,data/lms_loan_daily.csv,2023-10-01
CUS_0x981_2023_07_01,CUS_0x981,1/7/2023,10,3,10000,1000,1000,0,7000,1/10/2023,2023-10-01,2025-11-09 06:51:02.752980,data/lms_loan_daily.csv,2023-10-01
CUS_0x9819_2023_05_01,CUS_0x9819,1/5/2023,10,5,10000,1000,1000,0,5000,1/10/2023,2023-10-01,2025-11-09 06:51:02.752980,data/lms_loan_daily.csv,2023-10-01
CUS_0x981a_2023_02_01,CUS_0x981a,1/2/2023,10,8,10000,1000,1000,0,2000,1/10/2023,2023-10-01,2025-11-09 06:51:02.752980,data/lms_loan_daily.csv,2023-10-01
CUS_0x981d_2023_05_01,CUS_0x981d,1/5/2023,10,5,10000,1000,0,2000,7000,1/10/2023,2023-10-01,2025-11-09 06:51:02.752980,data/lms_loan_daily.csv,2023-10-01
CUS_0x9828_2023_10_01,CUS_0x9828,1/10/2023,10,0,10000,0,0,0,10000,1/10/2023,2023-10-01,2025-11-09 06:51:02.752980,data/lms_loan_daily.csv,2023-10-01
CUS_0x982e_2023_05_01,CUS_0x982e,1/5/2023,10,5,10000,1000,1000,0,5000,1/10/2023,2023-10-01,2025-11-09 06:51:02.752980,data/lms_loan_daily.csv,2023-10-01
CUS_0x985e_2023_06_01,CUS_0x985e,1/6/2023,10,4,10000,1000,1000,0,6000,1/10/2023,2023-10-01,2025-11-09 06:51:02.752980,data/lms_loan_daily.csv,2023-10-01
CUS_0x9860_2023_10_01,CUS_0x9860,1/10/2023,10,0,10000,0,0,0,10000,1/10/2023,2023-10-01,2025-11-09 06:51:02.752980,data/lms_loan_daily.csv,2023-10-01
CUS_0x9867_2023_06_01,CUS_0x9867,1/6/2023,10,4,10000,1000,1000,0,6000,1/10/2023,2023-10-01,2025-11-09 06:51:02.752980,data/lms_loan_daily.csv,2023-10-01
CUS_0x987a_2023_08_01,CUS_0x987a,1/8/2023,10,2,10000,1000,1000,0,8000,1/10/2023,2023-10-01,2025-11-09 06:51:02.752980,data/lms_loan_daily.csv,2023-10-01
CUS_0x987c_2023_04_01,CUS_0x987c,1/4/2023,10,6,10000,1000,0,4000,8000,1/10/2023,2023-10-01,2025-11-09 06:51:02.752980,data/lms_loan_daily.csv,2023-10-01
CUS_0x9884_2023_09_01,CUS_0x9884,1/9/2023,10,1,10000,1000,1000,0,9000,1/10/2023,2023-10-01,2025-11-09 06:51:02.752980,data/lms_loan_daily.csv,2023-10-01
CUS_0x988c_2023_01_01,CUS_0x988c,1/1/2023,10,9,10000,1000,1000,0,1000,1/10/2023,2023-10-01,2025-11-09 06:51:02.752980,data/lms_loan_daily.csv,2023-10-01
CUS_0x988d_2023_03_01,CUS_0x988d,1/3/2023,10,7,10000,1000,0,6000,9000,1/10/2023,2023-10-01,2025-11-09 06:51:02.752980,data/lms_loan_daily.csv,2023-10-01
CUS_0x989e_2023_04_01,CUS_0x989e,1/4/2023,10,6,10000,1000,0,4000,8000,1/10/2023,2023-10-01,2025-11-09 06:51:02.752980,data/lms_loan_daily.csv,2023-10-01
CUS_0x98a_2023_07_01,CUS_0x98a,1/7/2023,10,3,10000,1000,0,1000,8000,1/10/2023,2023-10-01,2025-11-09 06:51:02.752980,data/lms_loan_daily.csv,2023-10-01
CUS_0x98ba_2023_03_01,CUS_0x98ba,1/3/2023,10,7,10000,1000,1000,0,3000,1/10/2023,2023-10-01,2025-11-09 06:51:02.752980,data/lms_loan_daily.csv,2023-10-01
CUS_0x98c2_2023_06_01,CUS_0x98c2,1/6/2023,10,4,10000,1000,1000,0,6000,1/10/2023,2023-10-01,2025-11-09 06:51:02.752980,data/lms_loan_daily.csv,2023-10-01
CUS_0x98d4_2023_03_01,CUS_0x98d4,1/3/2023,10,7,10000,1000,1000,0,3000,1/10/2023,2023-10-01,2025-11-09 06:51:02.752980,data/lms_loan_daily.csv,2023-10-01
CUS_0x98e3_2023_06_01,CUS_0x98e3,1/6/2023,10,4,10000,1000,1000,0,6000,1/10/2023,2023-10-01,2025-11-09 06:51:02.752980,data/lms_loan_daily.csv,2023-10-01
CUS_0x98e4_2023_09_01,CUS_0x98e4,1/9/2023,10,1,10000,1000,1000,0,9000,1/10/2023,2023-10-01,2025-11-09 06:51:02.752980,data/lms_loan_daily.csv,2023-10-01
CUS_0x98e7_2023_10_01,CUS_0x98e7,1/10/2023,10,0,10000,0,0,0,10000,1/10/2023,2023-10-01,2025-11-09 06:51:02.752980,data/lms_loan_daily.csv,2023-10-01
CUS_0x990_2023_02_01,CUS_0x990,1/2/2023,10,8,10000,1000,0,5000,7000,1/10/2023,2023-10-01,2025-11-09 06:51:02.752980,data/lms_loan_daily.csv,2023-10-01
CUS_0x9902_2023_05_01,CUS_0x9902,1/5/2023,10,5,10000,1000,1000,0,5000,1/10/2023,2023-10-01,2025-11-09 06:51:02.752980,data/lms_loan_daily.csv,2023-10-01
CUS_0x9903_2023_06_01,CUS_0x9903,1/6/2023,10,4,10000,1000,1000,0,6000,1/10/2023,2023-10-01,2025-11-09 06:51:02.752980,data/lms_loan_daily.csv,2023-10-01
CUS_0x9916_2023_01_01,CUS_0x9916,1/1/2023,10,9,10000,1000,1000,0,1000,1/10/2023,2023-10-01,2025-11-09 06:51:02.752980,data/lms_loan_daily.csv,2023-10-01
CUS_0x9919_2023_05_01,CUS_0x9919,1/5/2023,10,5,10000,1000,0,1000,6000,1/10/2023,2023-10-01,2025-11-09 06:51:02.752980,data/lms_loan_daily.csv,2023-10-01
CUS_0x9931_2023_05_01,CUS_0x9931,1/5/2023,10,5,10000,1000,1000,0,5000,1/10/2023,2023-10-01,2025-11-09 06:51:02.752980,data/lms_loan_daily.csv,2023-10-01
CUS_0x9934_2023_08_01,CUS_0x9934,1/8/2023,10,2,10000,1000,1000,0,8000,1/10/2023,2023-10-01,2025-11-09 06:51:02.752980,data/lms_loan_daily.csv,2023-10-01
CUS_0x9939_2023_06_01,CUS_0x9939,1/6/2023,10,4,10000,1000,1000,0,6000,1/10/2023,2023-10-01,2025-11-09 06:51:02.752980,data/lms_loan_daily.csv,2023-10-01
CUS_0x9944_2023_03_01,CUS_0x9944,1/3/2023,10,7,10000,1000,0,3000,6000,1/10/2023,2023-10-01,2025-11-09 06:51:02.752980,data/lms_loan_daily.csv,2023-10-01
CUS_0x995_2023_05_01,CUS_0x995,1/5/2023,10,5,10000,1000,1000,0,5000,1/10/2023,2023-10-01,2025-11-09 06:51:02.752980,data/lms_loan_daily.csv,2023-10-01
CUS_0x9951_2023_03_01,CUS_0x9951,1/3/2023,10,7,10000,1000,1000,0,3000,1/10/2023,2023-10-01,2025-11-09 06:51:02.752980,data/lms_loan_daily.csv,2023-10-01
CUS_0x9953_2023_03_01,CUS_0x9953,1/3/2023,10,7,10000,1000,0,6000,9000,1/10/2023,2023-10-01,2025-11-09 06:51:02.752980,data/lms_loan_daily.csv,2023-10-01
CUS_0x995b_2023_10_01,CUS_0x995b,1/10/2023,10,0,10000,0,0,0,10000,1/10/2023,2023-10-01,2025-11-09 06:51:02.752980,data/lms_loan_daily.csv,2023-10-01
CUS_0x9967_2023_09_01,CUS_0x9967,1/9/2023,10,1,10000,1000,1000,0,9000,1/10/2023,2023-10-01,2025-11-09 06:51:02.752980,data/lms_loan_daily.csv,2023-10-01
CUS_0x9970_2023_10_01,CUS_0x9970,1/10/2023,10,0,10000,0,0,0,10000,1/10/2023,2023-10-01,2025-11-09 06:51:02.752980,data/lms_loan_daily.csv,2023-10-01
CUS_0x9979_2023_01_01,CUS_0x9979,1/1/2023,10,9,10000,1000,1000,0,1000,1/10/2023,2023-10-01,2025-11-09 06:51:02.752980,data/lms_loan_daily.csv,2023-10-01
CUS_0x997a_2023_07_01,CUS_0x997a,1/7/2023,10,3,10000,1000,1000,0,7000,1/10/2023,2023-10-01,2025-11-09 06:51:02.752980,data/lms_loan_daily.csv,2023-10-01
CUS_0x9985_2023_01_01,CUS_0x9985,1/1/2023,10,9,10000,1000,1000,0,1000,1/10/2023,2023-10-01,2025-11-09 06:51:02.752980,data/lms_loan_daily.csv,2023-10-01
CUS_0x998f_2023_09_01,CUS_0x998f,1/9/2023,10,1,10000,1000,1000,0,9000,1/10/2023,2023-10-01,2025-11-09 06:51:02.752980,data/lms_loan_daily.csv,2023-10-01
CUS_0x9997_2023_04_01,CUS_0x9997,1/4/2023,10,6,10000,1000,0,4000,8000,1/10/2023,2023-10-01,2025-11-09 06:51:02.752980,data/lms_loan_daily.csv,2023-10-01
CUS_0x9998_2023_04_01,CUS_0x9998,1/4/2023,10,6,10000,1000,0,4000,8000,1/10/2023,2023-10-01,2025-11-09 06:51:02.752980,data/lms_loan_daily.csv,2023-10-01
CUS_0x99a_2023_05_01,CUS_0x99a,1/5/2023,10,5,10000,1000,0,4000,9000,1/10/2023,2023-10-01,2025-11-09 06:51:02.752980,data/lms_loan_daily.csv,2023-10-01
CUS_0x99b8_2023_03_01,CUS_0x99b8,1/3/2023,10,7,10000,1000,1000,0,3000,1/10/2023,2023-10-01,2025-11-09 06:51:02.752980,data/lms_loan_daily.csv,2023-10-01
CUS_0x99c6_2023_10_01,CUS_0x99c6,1/10/2023,10,0,10000,0,0,0,10000,1/10/2023,2023-10-01,2025-11-09 06:51:02.752980,data/lms_loan_daily.csv,2023-10-01
CUS_0x99cf_2023_02_01,CUS_0x99cf,1/2/2023,10,8,10000,1000,1000,0,2000,1/10/2023,2023-10-01,2025-11-09 06:51:02.752980,data/lms_loan_daily.csv,2023-10-01
CUS_0x99d9_2023_07_01,CUS_0x99d9,1/7/2023,10,3,10000,1000,1000,0,7000,1/10/2023,2023-10-01,2025-11-09 06:51:02.752980,data/lms_loan_daily.csv,2023-10-01
CUS_0x99f1_2023_05_01,CUS_0x99f1,1/5/2023,10,5,10000,1000,1000,0,5000,1/10/2023,2023-10-01,2025-11-09 06:51:02.752980,data/lms_loan_daily.csv,2023-10-01
CUS_0x9a06_2023_08_01,CUS_0x9a06,1/8/2023,10,2,10000,1000,1000,0,8000,1/10/2023,2023-10-01,2025-11-09 06:51:02.752980,data/lms_loan_daily.csv,2023-10-01
CUS_0x9a0f_2023_07_01,CUS_0x9a0f,1/7/2023,10,3,10000,1000,2000,0,7000,1/10/2023,2023-10-01,2025-11-09 06:51:02.752980,data/lms_loan_daily.csv,2023-10-01
CUS_0x9a1d_2023_04_01,CUS_0x9a1d,1/4/2023,10,6,10000,1000,1000,0,4000,1/10/2023,2023-10-01,2025-11-09 06:51:02.752980,data/lms_loan_daily.csv,2023-10-01
CUS_0x9a42_2023_03_01,CUS_0x9a42,1/3/2023,10,7,10000,1000,0,6000,9000,1/10/2023,2023-10-01,2025-11-09 06:51:02.752980,data/lms_loan_daily.csv,2023-10-01
CUS_0x9a4b_2023_08_01,CUS_0x9a4b,1/8/2023,10,2,10000,1000,1000,0,8000,1/10/2023,2023-10-01,2025-11-09 06:51:02.752980,data/lms_loan_daily.csv,2023-10-01
CUS_0x9a51_2023_10_01,CUS_0x9a51,1/10/2023,10,0,10000,0,0,0,10000,1/10/2023,2023-10-01,2025-11-09 06:51:02.752980,data/lms_loan_daily.csv,2023-10-01
CUS_0x9a55_2023_01_01,CUS_0x9a55,1/1/2023,10,9,10000,1000,0,8000,9000,1/10/2023,2023-10-01,2025-11-09 06:51:02.752980,data/lms_loan_daily.csv,2023-10-01
CUS_0x9a58_2023_09_01,CUS_0x9a58,1/9/2023,10,1,10000,1000,1000,0,9000,1/10/2023,2023-10-01,2025-11-09 06:51:02.752980,data/lms_loan_daily.csv,2023-10-01
CUS_0x9a71_2023_01_01,CUS_0x9a71,1/1/2023,10,9,10000,1000,1000,0,1000,1/10/2023,2023-10-01,2025-11-09 06:51:02.752980,data/lms_loan_daily.csv,2023-10-01
CUS_0x9a7a_2023_08_01,CUS_0x9a7a,1/8/2023,10,2,10000,1000,1000,0,8000,1/10/2023,2023-10-01,2025-11-09 06:51:02.752980,data/lms_loan_daily.csv,2023-10-01
CUS_0x9a84_2023_02_01,CUS_0x9a84,1/2/2023,10,8,10000,1000,1000,0,2000,1/10/2023,2023-10-01,2025-11-09 06:51:02.752980,data/lms_loan_daily.csv,2023-10-01
CUS_0x9a88_2023_03_01,CUS_0x9a88,1/3/2023,10,7,10000,1000,0,4000,7000,1/10/2023,2023-10-01,2025-11-09 06:51:02.752980,data/lms_loan_daily.csv,2023-10-01
CUS_0x9a9_2023_08_01,CUS_0x9a9,1/8/2023,10,2,10000,1000,1000,0,8000,1/10/2023,2023-10-01,2025-11-09 06:51:02.752980,data/lms_loan_daily.csv,2023-10-01
CUS_0x9a92_2023_05_01,CUS_0x9a92,1/5/2023,10,5,10000,1000,1000,0,5000,1/10/2023,2023-10-01,2025-11-09 06:51:02.752980,data/lms_loan_daily.csv,2023-10-01
CUS_0x9ab3_2023_03_01,CUS_0x9ab3,1/3/2023,10,7,10000,1000,0,5000,8000,1/10/2023,2023-10-01,2025-11-09 06:51:02.752980,data/lms_loan_daily.csv,2023-10-01
CUS_0x9ab9_2023_08_01,CUS_0x9ab9,1/8/2023,10,2,10000,1000,1000,0,8000,1/10/2023,2023-10-01,2025-11-09 06:51:02.752980,data/lms_loan_daily.csv,2023-10-01
CUS_0x9abb_2023_09_01,CUS_0x9abb,1/9/2023,10,1,10000,1000,1000,0,9000,1/10/2023,2023-10-01,2025-11-09 06:51:02.752980,data/lms_loan_daily.csv,2023-10-01
CUS_0x9ad_2023_06_01,CUS_0x9ad,1/6/2023,10,4,10000,1000,1000,0,6000,1/10/2023,2023-10-01,2025-11-09 06:51:02.752980,data/lms_loan_daily.csv,2023-10-01
CUS_0x9ae3_2023_03_01,CUS_0x9ae3,1/3/2023,10,7,10000,1000,1000,0,3000,1/10/2023,2023-10-01,2025-11-09 06:51:02.752980,data/lms_loan_daily.csv,2023-10-01
CUS_0x9ae8_2023_10_01,CUS_0x9ae8,1/10/2023,10,0,10000,0,0,0,10000,1/10/2023,2023-10-01,2025-11-09 06:51:02.752980,data/lms_loan_daily.csv,2023-10-01
CUS_0x9aef_2023_10_01,CUS_0x9aef,1/10/2023,10,0,10000,0,0,0,10000,1/10/2023,2023-10-01,2025-11-09 06:51:02.752980,data/lms_loan_daily.csv,2023-10-01
CUS_0x9b03_2023_02_01,CUS_0x9b03,1/2/2023,10,8,10000,1000,0,5000,7000,1/10/2023,2023-10-01,2025-11-09 06:51:02.752980,data/lms_loan_daily.csv,2023-10-01
CUS_0x9b0f_2023_05_01,CUS_0x9b0f,1/5/2023,10,5,10000,1000,1000,0,5000,1/10/2023,2023-10-01,2025-11-09 06:51:02.752980,data/lms_loan_daily.csv,2023-10-01
CUS_0x9b12_2023_06_01,CUS_0x9b12,1/6/2023,10,4,10000,1000,0,3000,9000,1/10/2023,2023-10-01,2025-11-09 06:51:02.752980,data/lms_loan_daily.csv,2023-10-01
CUS_0x9b20_2023_03_01,CUS_0x9b20,1/3/2023,10,7,10000,1000,0,3000,6000,1/10/2023,2023-10-01,2025-11-09 06:51:02.752980,data/lms_loan_daily.csv,2023-10-01
CUS_0x9b24_2023_01_01,CUS_0x9b24,1/1/2023,10,9,10000,1000,1000,0,1000,1/10/2023,2023-10-01,2025-11-09 06:51:02.752980,data/lms_loan_daily.csv,2023-10-01
CUS_0x9b38_2023_02_01,CUS_0x9b38,1/2/2023,10,8,10000,1000,1000,0,2000,1/10/2023,2023-10-01,2025-11-09 06:51:02.752980,data/lms_loan_daily.csv,2023-10-01
CUS_0x9b3c_2023_09_01,CUS_0x9b3c,1/9/2023,10,1,10000,1000,1000,0,9000,1/10/2023,2023-10-01,2025-11-09 06:51:02.752980,data/lms_loan_daily.csv,2023-10-01
CUS_0x9b46_2023_05_01,CUS_0x9b46,1/5/2023,10,5,10000,1000,1000,0,5000,1/10/2023,2023-10-01,2025-11-09 06:51:02.752980,data/lms_loan_daily.csv,2023-10-01
CUS_0x9b4b_2023_09_01,CUS_0x9b4b,1/9/2023,10,1,10000,1000,1000,0,9000,1/10/2023,2023-10-01,2025-11-09 06:51:02.752980,data/lms_loan_daily.csv,2023-10-01
CUS_0x9b5a_2023_05_01,CUS_0x9b5a,1/5/2023,10,5,10000,1000,1000,0,5000,1/10/2023,2023-10-01,2025-11-09 06:51:02.752980,data/lms_loan_daily.csv,2023-10-01
CUS_0x9b63_2023_08_01,CUS_0x9b63,1/8/2023,10,2,10000,1000,1000,0,8000,1/10/2023,2023-10-01,2025-11-09 06:51:02.752980,data/lms_loan_daily.csv,2023-10-01
CUS_0x9b6b_2023_04_01,CUS_0x9b6b,1/4/2023,10,6,10000,1000,1000,0,4000,1/10/2023,2023-10-01,2025-11-09 06:51:02.752980,data/lms_loan_daily.csv,2023-10-01
CUS_0x9b7d_2023_07_01,CUS_0x9b7d,1/7/2023,10,3,10000,1000,1000,0,7000,1/10/2023,2023-10-01,2025-11-09 06:51:02.752980,data/lms_loan_daily.csv,2023-10-01
CUS_0x9b80_2023_08_01,CUS_0x9b80,1/8/2023,10,2,10000,1000,1000,0,8000,1/10/2023,2023-10-01,2025-11-09 06:51:02.752980,data/lms_loan_daily.csv,2023-10-01
CUS_0x9b94_2023_07_01,CUS_0x9b94,1/7/2023,10,3,10000,1000,1000,0,7000,1/10/2023,2023-10-01,2025-11-09 06:51:02.752980,data/lms_loan_daily.csv,2023-10-01
CUS_0x9b9e_2023_10_01,CUS_0x9b9e,1/10/2023,10,0,10000,0,0,0,10000,1/10/2023,2023-10-01,2025-11-09 06:51:02.752980,data/lms_loan_daily.csv,2023-10-01
CUS_0x9ba5_2023_10_01,CUS_0x9ba5,1/10/2023,10,0,10000,0,0,0,10000,1/10/2023,2023-10-01,2025-11-09 06:51:02.752980,data/lms_loan_daily.csv,2023-10-01
CUS_0x9bb0_2023_09_01,CUS_0x9bb0,1/9/2023,10,1,10000,1000,1000,0,9000,1/10/2023,2023-10-01,2025-11-09 06:51:02.752980,data/lms_loan_daily.csv,2023-10-01
CUS_0x9bb1_2023_08_01,CUS_0x9bb1,1/8/2023,10,2,10000,1000,1000,0,8000,1/10/2023,2023-10-01,2025-11-09 06:51:02.752980,data/lms_loan_daily.csv,2023-10-01
CUS_0x9bb7_2023_07_01,CUS_0x9bb7,1/7/2023,10,3,10000,1000,1000,0,7000,1/10/2023,2023-10-01,2025-11-09 06:51:02.752980,data/lms_loan_daily.csv,2023-10-01
CUS_0x9bb9_2023_06_01,CUS_0x9bb9,1/6/2023,10,4,10000,1000,0,3000,9000,1/10/2023,2023-10-01,2025-11-09 06:51:02.752980,data/lms_loan_daily.csv,2023-10-01
CUS_0x9bbc_2023_03_01,CUS_0x9bbc,1/3/2023,10,7,10000,1000,1000,0,3000,1/10/2023,2023-10-01,2025-11-09 06:51:02.752980,data/lms_loan_daily.csv,2023-10-01
CUS_0x9bbe_2023_04_01,CUS_0x9bbe,1/4/2023,10,6,10000,1000,1000,0,4000,1/10/2023,2023-10-01,2025-11-09 06:51:02.752980,data/lms_loan_daily.csv,2023-10-01
CUS_0x9bc1_2023_10_01,CUS_0x9bc1,1/10/2023,10,0,10000,0,0,0,10000,1/10/2023,2023-10-01,2025-11-09 06:51:02.752980,data/lms_loan_daily.csv,2023-10-01
CUS_0x9bc4_2023_07_01,CUS_0x9bc4,1/7/2023,10,3,10000,1000,0,1000,8000,1/10/2023,2023-10-01,2025-11-09 06:51:02.752980,data/lms_loan_daily.csv,2023-10-01
CUS_0x9bda_2023_03_01,CUS_0x9bda,1/3/2023,10,7,10000,1000,1000,0,3000,1/10/2023,2023-10-01,2025-11-09 06:51:02.752980,data/lms_loan_daily.csv,2023-10-01
CUS_0x9be9_2023_05_01,CUS_0x9be9,1/5/2023,10,5,10000,1000,0,3000,8000,1/10/2023,2023-10-01,2025-11-09 06:51:02.752980,data/lms_loan_daily.csv,2023-10-01
CUS_0x9bef_2023_01_01,CUS_0x9bef,1/1/2023,10,9,10000,1000,1000,0,1000,1/10/2023,2023-10-01,2025-11-09 06:51:02.752980,data/lms_loan_daily.csv,2023-10-01
CUS_0x9bf9_2023_05_01,CUS_0x9bf9,1/5/2023,10,5,10000,1000,1000,0,5000,1/10/2023,2023-10-01,2025-11-09 06:51:02.752980,data/lms_loan_daily.csv,2023-10-01
CUS_0x9c08_2023_09_01,CUS_0x9c08,1/9/2023,10,1,10000,1000,1000,0,9000,1/10/2023,2023-10-01,2025-11-09 06:51:02.752980,data/lms_loan_daily.csv,2023-10-01
CUS_0x9c09_2023_10_01,CUS_0x9c09,1/10/2023,10,0,10000,0,0,0,10000,1/10/2023,2023-10-01,2025-11-09 06:51:02.752980,data/lms_loan_daily.csv,2023-10-01
CUS_0x9c14_2023_07_01,CUS_0x9c14,1/7/2023,10,3,10000,1000,1000,0,7000,1/10/2023,2023-10-01,2025-11-09 06:51:02.752980,data/lms_loan_daily.csv,2023-10-01
CUS_0x9c2_2023_04_01,CUS_0x9c2,1/4/2023,10,6,10000,1000,0,2000,6000,1/10/2023,2023-10-01,2025-11-09 06:51:02.752980,data/lms_loan_daily.csv,2023-10-01
CUS_0x9c28_2023_05_01,CUS_0x9c28,1/5/2023,10,5,10000,1000,0,1000,6000,1/10/2023,2023-10-01,2025-11-09 06:51:02.752980,data/lms_loan_daily.csv,2023-10-01
CUS_0x9c2e_2023_04_01,CUS_0x9c2e,1/4/2023,10,6,10000,1000,1000,0,4000,1/10/2023,2023-10-01,2025-11-09 06:51:02.752980,data/lms_loan_daily.csv,2023-10-01
CUS_0x9c30_2023_05_01,CUS_0x9c30,1/5/2023,10,5,10000,1000,1000,0,5000,1/10/2023,2023-10-01,2025-11-09 06:51:02.752980,data/lms_loan_daily.csv,2023-10-01
CUS_0x9c3a_2023_09_01,CUS_0x9c3a,1/9/2023,10,1,10000,1000,1000,0,9000,1/10/2023,2023-10-01,2025-11-09 06:51:02.752980,data/lms_loan_daily.csv,2023-10-01
CUS_0x9c49_2023_04_01,CUS_0x9c49,1/4/2023,10,6,10000,1000,1000,0,4000,1/10/2023,2023-10-01,2025-11-09 06:51:02.752980,data/lms_loan_daily.csv,2023-10-01
CUS_0x9c59_2023_02_01,CUS_0x9c59,1/2/2023,10,8,10000,1000,0,6000,8000,1/10/2023,2023-10-01,2025-11-09 06:51:02.752980,data/lms_loan_daily.csv,2023-10-01
CUS_0x9c5b_2023_08_01,CUS_0x9c5b,1/8/2023,10,2,10000,1000,0,1000,9000,1/10/2023,2023-10-01,2025-11-09 06:51:02.752980,data/lms_loan_daily.csv,2023-10-01
CUS_0x9c66_2023_04_01,CUS_0x9c66,1/4/2023,10,6,10000,1000,1000,0,4000,1/10/2023,2023-10-01,2025-11-09 06:51:02.752980,data/lms_loan_daily.csv,2023-10-01
CUS_0x9c67_2023_01_01,CUS_0x9c67,1/1/2023,10,9,10000,1000,1000,0,1000,1/10/2023,2023-10-01,2025-11-09 06:51:02.752980,data/lms_loan_daily.csv,2023-10-01
CUS_0x9c71_2023_03_01,CUS_0x9c71,1/3/2023,10,7,10000,1000,1000,0,3000,1/10/2023,2023-10-01,2025-11-09 06:51:02.752980,data/lms_loan_daily.csv,2023-10-01
CUS_0x9c82_2023_07_01,CUS_0x9c82,1/7/2023,10,3,10000,1000,1000,0,7000,1/10/2023,2023-10-01,2025-11-09 06:51:02.752980,data/lms_loan_daily.csv,2023-10-01
CUS_0x9c85_2023_09_01,CUS_0x9c85,1/9/2023,10,1,10000,1000,1000,0,9000,1/10/2023,2023-10-01,2025-11-09 06:51:02.752980,data/lms_loan_daily.csv,2023-10-01
CUS_0x9c95_2023_03_01,CUS_0x9c95,1/3/2023,10,7,10000,1000,1000,0,3000,1/10/2023,2023-10-01,2025-11-09 06:51:02.752980,data/lms_loan_daily.csv,2023-10-01
CUS_0x9cc_2023_09_01,CUS_0x9cc,1/9/2023,10,1,10000,1000,1000,0,9000,1/10/2023,2023-10-01,2025-11-09 06:51:02.752980,data/lms_loan_daily.csv,2023-10-01
CUS_0x9cc4_2023_05_01,CUS_0x9cc4,1/5/2023,10,5,10000,1000,1000,0,5000,1/10/2023,2023-10-01,2025-11-09 06:51:02.752980,data/lms_loan_daily.csv,2023-10-01
CUS_0x9ccf_2023_02_01,CUS_0x9ccf,1/2/2023,10,8,10000,1000,1000,0,2000,1/10/2023,2023-10-01,2025-11-09 06:51:02.752980,data/lms_loan_daily.csv,2023-10-01
CUS_0x9cd7_2023_09_01,CUS_0x9cd7,1/9/2023,10,1,10000,1000,1000,0,9000,1/10/2023,2023-10-01,2025-11-09 06:51:02.752980,data/lms_loan_daily.csv,2023-10-01
CUS_0x9ce2_2023_09_01,CUS_0x9ce2,1/9/2023,10,1,10000,1000,1000,0,9000,1/10/2023,2023-10-01,2025-11-09 06:51:02.752980,data/lms_loan_daily.csv,2023-10-01
CUS_0x9ce4_2023_08_01,CUS_0x9ce4,1/8/2023,10,2,10000,1000,1000,0,8000,1/10/2023,2023-10-01,2025-11-09 06:51:02.752980,data/lms_loan_daily.csv,2023-10-01
CUS_0x9ce6_2023_01_01,CUS_0x9ce6,1/1/2023,10,9,10000,1000,1000,0,1000,1/10/2023,2023-10-01,2025-11-09 06:51:02.752980,data/lms_loan_daily.csv,2023-10-01
CUS_0x9ce7_2023_03_01,CUS_0x9ce7,1/3/2023,10,7,10000,1000,1000,0,3000,1/10/2023,2023-10-01,2025-11-09 06:51:02.752980,data/lms_loan_daily.csv,2023-10-01
CUS_0x9ce8_2023_05_01,CUS_0x9ce8,1/5/2023,10,5,10000,1000,0,1000,6000,1/10/2023,2023-10-01,2025-11-09 06:51:02.752980,data/lms_loan_daily.csv,2023-10-01
CUS_0x9d0b_2023_02_01,CUS_0x9d0b,1/2/2023,10,8,10000,1000,1000,0,2000,1/10/2023,2023-10-01,2025-11-09 06:51:02.752980,data/lms_loan_daily.csv,2023-10-01
CUS_0x9d36_2023_07_01,CUS_0x9d36,1/7/2023,10,3,10000,1000,1000,0,7000,1/10/2023,2023-10-01,2025-11-09 06:51:02.752980,data/lms_loan_daily.csv,2023-10-01
CUS_0x9d41_2023_04_01,CUS_0x9d41,1/4/2023,10,6,10000,1000,1000,0,4000,1/10/2023,2023-10-01,2025-11-09 06:51:02.752980,data/lms_loan_daily.csv,2023-10-01
CUS_0x9d51_2023_04_01,CUS_0x9d51,1/4/2023,10,6,10000,1000,1000,0,4000,1/10/2023,2023-10-01,2025-11-09 06:51:02.752980,data/lms_loan_daily.csv,2023-10-01
CUS_0x9d72_2023_07_01,CUS_0x9d72,1/7/2023,10,3,10000,1000,1000,0,7000,1/10/2023,2023-10-01,2025-11-09 06:51:02.752980,data/lms_loan_daily.csv,2023-10-01
CUS_0x9d73_2023_10_01,CUS_0x9d73,1/10/2023,10,0,10000,0,0,0,10000,1/10/2023,2023-10-01,2025-11-09 06:51:02.752980,data/lms_loan_daily.csv,2023-10-01
CUS_0x9d77_2023_06_01,CUS_0x9d77,1/6/2023,10,4,10000,1000,1000,0,6000,1/10/2023,2023-10-01,2025-11-09 06:51:02.752980,data/lms_loan_daily.csv,2023-10-01
CUS_0x9d78_2023_06_01,CUS_0x9d78,1/6/2023,10,4,10000,1000,1000,0,6000,1/10/2023,2023-10-01,2025-11-09 06:51:02.752980,data/lms_loan_daily.csv,2023-10-01
CUS_0x9d7d_2023_07_01,CUS_0x9d7d,1/7/2023,10,3,10000,1000,1000,0,7000,1/10/2023,2023-10-01,2025-11-09 06:51:02.752980,data/lms_loan_daily.csv,2023-10-01
CUS_0x9d83_2023_03_01,CUS_0x9d83,1/3/2023,10,7,10000,1000,0,6000,9000,1/10/2023,2023-10-01,2025-11-09 06:51:02.752980,data/lms_loan_daily.csv,2023-10-01
CUS_0x9d86_2023_05_01,CUS_0x9d86,1/5/2023,10,5,10000,1000,1000,0,5000,1/10/2023,2023-10-01,2025-11-09 06:51:02.752980,data/lms_loan_daily.csv,2023-10-01
CUS_0x9d87_2023_08_01,CUS_0x9d87,1/8/2023,10,2,10000,1000,1000,0,8000,1/10/2023,2023-10-01,2025-11-09 06:51:02.752980,data/lms_loan_daily.csv,2023-10-01
CUS_0x9d91_2023_09_01,CUS_0x9d91,1/9/2023,10,1,10000,1000,1000,0,9000,1/10/2023,2023-10-01,2025-11-09 06:51:02.752980,data/lms_loan_daily.csv,2023-10-01
CUS_0x9d9a_2023_07_01,CUS_0x9d9a,1/7/2023,10,3,10000,1000,1000,0,7000,1/10/2023,2023-10-01,2025-11-09 06:51:02.752980,data/lms_loan_daily.csv,2023-10-01
CUS_0x9da2_2023_07_01,CUS_0x9da2,1/7/2023,10,3,10000,1000,0,1000,8000,1/10/2023,2023-10-01,2025-11-09 06:51:02.752980,data/lms_loan_daily.csv,2023-10-01
CUS_0x9daa_2023_06_01,CUS_0x9daa,1/6/2023,10,4,10000,1000,1000,0,6000,1/10/2023,2023-10-01,2025-11-09 06:51:02.752980,data/lms_loan_daily.csv,2023-10-01
CUS_0x9db8_2023_06_01,CUS_0x9db8,1/6/2023,10,4,10000,1000,1000,0,6000,1/10/2023,2023-10-01,2025-11-09 06:51:02.752980,data/lms_loan_daily.csv,2023-10-01
CUS_0x9dbe_2023_07_01,CUS_0x9dbe,1/7/2023,10,3,10000,1000,1000,0,7000,1/10/2023,2023-10-01,2025-11-09 06:51:02.752980,data/lms_loan_daily.csv,2023-10-01
CUS_0x9dc5_2023_02_01,CUS_0x9dc5,1/2/2023,10,8,10000,1000,1000,0,2000,1/10/2023,2023-10-01,2025-11-09 06:51:02.752980,data/lms_loan_daily.csv,2023-10-01
CUS_0x9dc6_2023_02_01,CUS_0x9dc6,1/2/2023,10,8,10000,1000,1000,0,2000,1/10/2023,2023-10-01,2025-11-09 06:51:02.752980,data/lms_loan_daily.csv,2023-10-01
CUS_0x9ddd_2023_07_01,CUS_0x9ddd,1/7/2023,10,3,10000,1000,1000,0,7000,1/10/2023,2023-10-01,2025-11-09 06:51:02.752980,data/lms_loan_daily.csv,2023-10-01
CUS_0x9dec_2023_09_01,CUS_0x9dec,1/9/2023,10,1,10000,1000,1000,0,9000,1/10/2023,2023-10-01,2025-11-09 06:51:02.752980,data/lms_loan_daily.csv,2023-10-01
CUS_0x9dee_2023_03_01,CUS_0x9dee,1/3/2023,10,7,10000,1000,0,4000,7000,1/10/2023,2023-10-01,2025-11-09 06:51:02.752980,data/lms_loan_daily.csv,2023-10-01
CUS_0x9df0_2023_10_01,CUS_0x9df0,1/10/2023,10,0,10000,0,0,0,10000,1/10/2023,2023-10-01,2025-11-09 06:51:02.752980,data/lms_loan_daily.csv,2023-10-01
CUS_0x9df6_2023_05_01,CUS_0x9df6,1/5/2023,10,5,10000,1000,1000,0,5000,1/10/2023,2023-10-01,2025-11-09 06:51:02.752980,data/lms_loan_daily.csv,2023-10-01
CUS_0x9df7_2023_09_01,CUS_0x9df7,1/9/2023,10,1,10000,1000,1000,0,9000,1/10/2023,2023-10-01,2025-11-09 06:51:02.752980,data/lms_loan_daily.csv,2023-10-01
CUS_0x9df8_2023_09_01,CUS_0x9df8,1/9/2023,10,1,10000,1000,1000,0,9000,1/10/2023,2023-10-01,2025-11-09 06:51:02.752980,data/lms_loan_daily.csv,2023-10-01
CUS_0x9dfc_2023_06_01,CUS_0x9dfc,1/6/2023,10,4,10000,1000,1000,0,6000,1/10/2023,2023-10-01,2025-11-09 06:51:02.752980,data/lms_loan_daily.csv,2023-10-01
CUS_0x9dff_2023_02_01,CUS_0x9dff,1/2/2023,10,8,10000,1000,0,4000,6000,1/10/2023,2023-10-01,2025-11-09 06:51:02.752980,data/lms_loan_daily.csv,2023-10-01
CUS_0x9e02_2023_01_01,CUS_0x9e02,1/1/2023,10,9,10000,1000,1000,0,1000,1/10/2023,2023-10-01,2025-11-09 06:51:02.752980,data/lms_loan_daily.csv,2023-10-01
CUS_0x9e09_2023_01_01,CUS_0x9e09,1/1/2023,10,9,10000,1000,1000,0,1000,1/10/2023,2023-10-01,2025-11-09 06:51:02.752980,data/lms_loan_daily.csv,2023-10-01
CUS_0x9e13_2023_08_01,CUS_0x9e13,1/8/2023,10,2,10000,1000,1000,0,8000,1/10/2023,2023-10-01,2025-11-09 06:51:02.752980,data/lms_loan_daily.csv,2023-10-01
CUS_0x9e18_2023_03_01,CUS_0x9e18,1/3/2023,10,7,10000,1000,1000,0,3000,1/10/2023,2023-10-01,2025-11-09 06:51:02.752980,data/lms_loan_daily.csv,2023-10-01
CUS_0x9e1a_2023_09_01,CUS_0x9e1a,1/9/2023,10,1,10000,1000,1000,0,9000,1/10/2023,2023-10-01,2025-11-09 06:51:02.752980,data/lms_loan_daily.csv,2023-10-01
CUS_0x9e21_2023_04_01,CUS_0x9e21,1/4/2023,10,6,10000,1000,1000,0,4000,1/10/2023,2023-10-01,2025-11-09 06:51:02.752980,data/lms_loan_daily.csv,2023-10-01
CUS_0x9e24_2023_07_01,CUS_0x9e24,1/7/2023,10,3,10000,1000,1000,0,7000,1/10/2023,2023-10-01,2025-11-09 06:51:02.752980,data/lms_loan_daily.csv,2023-10-01
CUS_0x9e3_2023_03_01,CUS_0x9e3,1/3/2023,10,7,10000,1000,0,6000,9000,1/10/2023,2023-10-01,2025-11-09 06:51:02.752980,data/lms_loan_daily.csv,2023-10-01
CUS_0x9e31_2023_04_01,CUS_0x9e31,1/4/2023,10,6,10000,1000,1000,0,4000,1/10/2023,2023-10-01,2025-11-09 06:51:02.752980,data/lms_loan_daily.csv,2023-10-01
CUS_0x9e3b_2023_06_01,CUS_0x9e3b,1/6/2023,10,4,10000,1000,1000,0,6000,1/10/2023,2023-10-01,2025-11-09 06:51:02.752980,data/lms_loan_daily.csv,2023-10-01
CUS_0x9e3c_2023_05_01,CUS_0x9e3c,1/5/2023,10,5,10000,1000,1000,0,5000,1/10/2023,2023-10-01,2025-11-09 06:51:02.752980,data/lms_loan_daily.csv,2023-10-01
CUS_0x9e56_2023_02_01,CUS_0x9e56,1/2/2023,10,8,10000,1000,1000,0,2000,1/10/2023,2023-10-01,2025-11-09 06:51:02.752980,data/lms_loan_daily.csv,2023-10-01
CUS_0x9e5b_2023_03_01,CUS_0x9e5b,1/3/2023,10,7,10000,1000,1000,0,3000,1/10/2023,2023-10-01,2025-11-09 06:51:02.752980,data/lms_loan_daily.csv,2023-10-01
CUS_0x9e5e_2023_07_01,CUS_0x9e5e,1/7/2023,10,3,10000,1000,0,1000,8000,1/10/2023,2023-10-01,2025-11-09 06:51:02.752980,data/lms_loan_daily.csv,2023-10-01
CUS_0x9e5f_2023_08_01,CUS_0x9e5f,1/8/2023,10,2,10000,1000,1000,0,8000,1/10/2023,2023-10-01,2025-11-09 06:51:02.752980,data/lms_loan_daily.csv,2023-10-01
CUS_0x9e6a_2023_01_01,CUS_0x9e6a,1/1/2023,10,9,10000,1000,1000,0,1000,1/10/2023,2023-10-01,2025-11-09 06:51:02.752980,data/lms_loan_daily.csv,2023-10-01
CUS_0x9e76_2023_09_01,CUS_0x9e76,1/9/2023,10,1,10000,1000,1000,0,9000,1/10/2023,2023-10-01,2025-11-09 06:51:02.752980,data/lms_loan_daily.csv,2023-10-01
CUS_0x9e82_2023_08_01,CUS_0x9e82,1/8/2023,10,2,10000,1000,1000,0,8000,1/10/2023,2023-10-01,2025-11-09 06:51:02.752980,data/lms_loan_daily.csv,2023-10-01
CUS_0x9e8c_2023_09_01,CUS_0x9e8c,1/9/2023,10,1,10000,1000,1000,0,9000,1/10/2023,2023-10-01,2025-11-09 06:51:02.752980,data/lms_loan_daily.csv,2023-10-01
CUS_0x9e95_2023_10_01,CUS_0x9e95,1/10/2023,10,0,10000,0,0,0,10000,1/10/2023,2023-10-01,2025-11-09 06:51:02.752980,data/lms_loan_daily.csv,2023-10-01
CUS_0x9e9b_2023_02_01,CUS_0x9e9b,1/2/2023,10,8,10000,1000,1000,0,2000,1/10/2023,2023-10-01,2025-11-09 06:51:02.752980,data/lms_loan_daily.csv,2023-10-01
CUS_0x9e9d_2023_06_01,CUS_0x9e9d,1/6/2023,10,4,10000,1000,0,1000,7000,1/10/2023,2023-10-01,2025-11-09 06:51:02.752980,data/lms_loan_daily.csv,2023-10-01
CUS_0x9eb2_2023_09_01,CUS_0x9eb2,1/9/2023,10,1,10000,1000,1000,0,9000,1/10/2023,2023-10-01,2025-11-09 06:51:02.752980,data/lms_loan_daily.csv,2023-10-01
CUS_0x9eb9_2023_03_01,CUS_0x9eb9,1/3/2023,10,7,10000,1000,0,7000,10000,1/10/2023,2023-10-01,2025-11-09 06:51:02.752980,data/lms_loan_daily.csv,2023-10-01
CUS_0x9ebf_2023_07_01,CUS_0x9ebf,1/7/2023,10,3,10000,1000,0,2000,9000,1/10/2023,2023-10-01,2025-11-09 06:51:02.752980,data/lms_loan_daily.csv,2023-10-01
CUS_0x9ec2_2023_09_01,CUS_0x9ec2,1/9/2023,10,1,10000,1000,1000,0,9000,1/10/2023,2023-10-01,2025-11-09 06:51:02.752980,data/lms_loan_daily.csv,2023-10-01
CUS_0x9ec9_2023_03_01,CUS_0x9ec9,1/3/2023,10,7,10000,1000,1000,0,3000,1/10/2023,2023-10-01,2025-11-09 06:51:02.752980,data/lms_loan_daily.csv,2023-10-01
CUS_0x9ecd_2023_07_01,CUS_0x9ecd,1/7/2023,10,3,10000,1000,1000,0,7000,1/10/2023,2023-10-01,2025-11-09 06:51:02.752980,data/lms_loan_daily.csv,2023-10-01
CUS_0x9ed8_2023_03_01,CUS_0x9ed8,1/3/2023,10,7,10000,1000,1000,0,3000,1/10/2023,2023-10-01,2025-11-09 06:51:02.752980,data/lms_loan_daily.csv,2023-10-01
CUS_0x9ee4_2023_09_01,CUS_0x9ee4,1/9/2023,10,1,10000,1000,1000,0,9000,1/10/2023,2023-10-01,2025-11-09 06:51:02.752980,data/lms_loan_daily.csv,2023-10-01
CUS_0x9ee5_2023_02_01,CUS_0x9ee5,1/2/2023,10,8,10000,1000,0,4000,6000,1/10/2023,2023-10-01,2025-11-09 06:51:02.752980,data/lms_loan_daily.csv,2023-10-01
CUS_0x9eec_2023_10_01,CUS_0x9eec,1/10/2023,10,0,10000,0,0,0,10000,1/10/2023,2023-10-01,2025-11-09 06:51:02.752980,data/lms_loan_daily.csv,2023-10-01
CUS_0x9eef_2023_03_01,CUS_0x9eef,1/3/2023,10,7,10000,1000,1000,0,3000,1/10/2023,2023-10-01,2025-11-09 06:51:02.752980,data/lms_loan_daily.csv,2023-10-01
CUS_0x9f04_2023_08_01,CUS_0x9f04,1/8/2023,10,2,10000,1000,1000,0,8000,1/10/2023,2023-10-01,2025-11-09 06:51:02.752980,data/lms_loan_daily.csv,2023-10-01
CUS_0x9f06_2023_04_01,CUS_0x9f06,1/4/2023,10,6,10000,1000,1000,0,4000,1/10/2023,2023-10-01,2025-11-09 06:51:02.752980,data/lms_loan_daily.csv,2023-10-01
CUS_0x9f1f_2023_07_01,CUS_0x9f1f,1/7/2023,10,3,10000,1000,1000,0,7000,1/10/2023,2023-10-01,2025-11-09 06:51:02.752980,data/lms_loan_daily.csv,2023-10-01
CUS_0x9f23_2023_02_01,CUS_0x9f23,1/2/2023,10,8,10000,1000,1000,0,2000,1/10/2023,2023-10-01,2025-11-09 06:51:02.752980,data/lms_loan_daily.csv,2023-10-01
CUS_0x9f2f_2023_07_01,CUS_0x9f2f,1/7/2023,10,3,10000,1000,0,3000,10000,1/10/2023,2023-10-01,2025-11-09 06:51:02.752980,data/lms_loan_daily.csv,2023-10-01
CUS_0x9f3_2023_05_01,CUS_0x9f3,1/5/2023,10,5,10000,1000,1000,0,5000,1/10/2023,2023-10-01,2025-11-09 06:51:02.752980,data/lms_loan_daily.csv,2023-10-01
CUS_0x9f52_2023_08_01,CUS_0x9f52,1/8/2023,10,2,10000,1000,1000,0,8000,1/10/2023,2023-10-01,2025-11-09 06:51:02.752980,data/lms_loan_daily.csv,2023-10-01
CUS_0x9f59_2023_02_01,CUS_0x9f59,1/2/2023,10,8,10000,1000,1000,0,2000,1/10/2023,2023-10-01,2025-11-09 06:51:02.752980,data/lms_loan_daily.csv,2023-10-01
CUS_0x9f5e_2023_05_01,CUS_0x9f5e,1/5/2023,10,5,10000,1000,0,1000,6000,1/10/2023,2023-10-01,2025-11-09 06:51:02.752980,data/lms_loan_daily.csv,2023-10-01
CUS_0x9f70_2023_06_01,CUS_0x9f70,1/6/2023,10,4,10000,1000,1000,0,6000,1/10/2023,2023-10-01,2025-11-09 06:51:02.752980,data/lms_loan_daily.csv,2023-10-01
CUS_0x9f77_2023_03_01,CUS_0x9f77,1/3/2023,10,7,10000,1000,1000,0,3000,1/10/2023,2023-10-01,2025-11-09 06:51:02.752980,data/lms_loan_daily.csv,2023-10-01
CUS_0x9f7e_2023_06_01,CUS_0x9f7e,1/6/2023,10,4,10000,1000,1000,0,6000,1/10/2023,2023-10-01,2025-11-09 06:51:02.752980,data/lms_loan_daily.csv,2023-10-01
CUS_0x9f80_2023_04_01,CUS_0x9f80,1/4/2023,10,6,10000,1000,0,4000,8000,1/10/2023,2023-10-01,2025-11-09 06:51:02.752980,data/lms_loan_daily.csv,2023-10-01
CUS_0x9f8d_2023_09_01,CUS_0x9f8d,1/9/2023,10,1,10000,1000,1000,0,9000,1/10/2023,2023-10-01,2025-11-09 06:51:02.752980,data/lms_loan_daily.csv,2023-10-01
CUS_0x9f9_2023_06_01,CUS_0x9f9,1/6/2023,10,4,10000,1000,1000,0,6000,1/10/2023,2023-10-01,2025-11-09 06:51:02.752980,data/lms_loan_daily.csv,2023-10-01
CUS_0x9f91_2023_01_01,CUS_0x9f91,1/1/2023,10,9,10000,1000,1000,0,1000,1/10/2023,2023-10-01,2025-11-09 06:51:02.752980,data/lms_loan_daily.csv,2023-10-01
CUS_0x9f95_2023_03_01,CUS_0x9f95,1/3/2023,10,7,10000,1000,1000,0,3000,1/10/2023,2023-10-01,2025-11-09 06:51:02.752980,data/lms_loan_daily.csv,2023-10-01
CUS_0x9fab_2023_05_01,CUS_0x9fab,1/5/2023,10,5,10000,1000,1000,0,5000,1/10/2023,2023-10-01,2025-11-09 06:51:02.752980,data/lms_loan_daily.csv,2023-10-01
CUS_0x9fb1_2023_04_01,CUS_0x9fb1,1/4/2023,10,6,10000,1000,1000,0,4000,1/10/2023,2023-10-01,2025-11-09 06:51:02.752980,data/lms_loan_daily.csv,2023-10-01
CUS_0x9fca_2023_08_01,CUS_0x9fca,1/8/2023,10,2,10000,1000,1000,0,8000,1/10/2023,2023-10-01,2025-11-09 06:51:02.752980,data/lms_loan_daily.csv,2023-10-01
CUS_0x9fce_2023_07_01,CUS_0x9fce,1/7/2023,10,3,10000,1000,0,1000,8000,1/10/2023,2023-10-01,2025-11-09 06:51:02.752980,data/lms_loan_daily.csv,2023-10-01
CUS_0x9fcf_2023_02_01,CUS_0x9fcf,1/2/2023,10,8,10000,1000,0,4000,6000,1/10/2023,2023-10-01,2025-11-09 06:51:02.752980,data/lms_loan_daily.csv,2023-10-01
CUS_0x9fd7_2023_03_01,CUS_0x9fd7,1/3/2023,10,7,10000,1000,1000,0,3000,1/10/2023,2023-10-01,2025-11-09 06:51:02.752980,data/lms_loan_daily.csv,2023-10-01
CUS_0x9fea_2023_04_01,CUS_0x9fea,1/4/2023,10,6,10000,1000,0,3000,7000,1/10/2023,2023-10-01,2025-11-09 06:51:02.752980,data/lms_loan_daily.csv,2023-10-01
CUS_0x9ff5_2023_07_01,CUS_0x9ff5,1/7/2023,10,3,10000,1000,1000,0,7000,1/10/2023,2023-10-01,2025-11-09 06:51:02.752980,data/lms_loan_daily.csv,2023-10-01
CUS_0xa001_2023_03_01,CUS_0xa001,1/3/2023,10,7,10000,1000,0,3000,6000,1/10/2023,2023-10-01,2025-11-09 06:51:02.752980,data/lms_loan_daily.csv,2023-10-01
CUS_0xa005_2023_05_01,CUS_0xa005,1/5/2023,10,5,10000,1000,1000,0,5000,1/10/2023,2023-10-01,2025-11-09 06:51:02.752980,data/lms_loan_daily.csv,2023-10-01
CUS_0xa008_2023_07_01,CUS_0xa008,1/7/2023,10,3,10000,1000,1000,0,7000,1/10/2023,2023-10-01,2025-11-09 06:51:02.752980,data/lms_loan_daily.csv,2023-10-01
CUS_0xa009_2023_03_01,CUS_0xa009,1/3/2023,10,7,10000,1000,1000,0,3000,1/10/2023,2023-10-01,2025-11-09 06:51:02.752980,data/lms_loan_daily.csv,2023-10-01
CUS_0xa011_2023_09_01,CUS_0xa011,1/9/2023,10,1,10000,1000,0,1000,10000,1/10/2023,2023-10-01,2025-11-09 06:51:02.752980,data/lms_loan_daily.csv,2023-10-01
CUS_0xa01f_2023_06_01,CUS_0xa01f,1/6/2023,10,4,10000,1000,1000,0,6000,1/10/2023,2023-10-01,2025-11-09 06:51:02.752980,data/lms_loan_daily.csv,2023-10-01
CUS_0xa024_2023_06_01,CUS_0xa024,1/6/2023,10,4,10000,1000,1000,0,6000,1/10/2023,2023-10-01,2025-11-09 06:51:02.752980,data/lms_loan_daily.csv,2023-10-01
CUS_0xa03c_2023_05_01,CUS_0xa03c,1/5/2023,10,5,10000,1000,1000,0,5000,1/10/2023,2023-10-01,2025-11-09 06:51:02.752980,data/lms_loan_daily.csv,2023-10-01
CUS_0xa041_2023_08_01,CUS_0xa041,1/8/2023,10,2,10000,1000,1000,0,8000,1/10/2023,2023-10-01,2025-11-09 06:51:02.752980,data/lms_loan_daily.csv,2023-10-01
CUS_0xa049_2023_07_01,CUS_0xa049,1/7/2023,10,3,10000,1000,1000,0,7000,1/10/2023,2023-10-01,2025-11-09 06:51:02.752980,data/lms_loan_daily.csv,2023-10-01
CUS_0xa04f_2023_05_01,CUS_0xa04f,1/5/2023,10,5,10000,1000,0,4000,9000,1/10/2023,2023-10-01,2025-11-09 06:51:02.752980,data/lms_loan_daily.csv,2023-10-01
CUS_0xa055_2023_06_01,CUS_0xa055,1/6/2023,10,4,10000,1000,1000,0,6000,1/10/2023,2023-10-01,2025-11-09 06:51:02.752980,data/lms_loan_daily.csv,2023-10-01
CUS_0xa05a_2023_07_01,CUS_0xa05a,1/7/2023,10,3,10000,1000,0,2000,9000,1/10/2023,2023-10-01,2025-11-09 06:51:02.752980,data/lms_loan_daily.csv,2023-10-01
CUS_0xa05f_2023_07_01,CUS_0xa05f,1/7/2023,10,3,10000,1000,0,1000,8000,1/10/2023,2023-10-01,2025-11-09 06:51:02.752980,data/lms_loan_daily.csv,2023-10-01
CUS_0xa061_2023_08_01,CUS_0xa061,1/8/2023,10,2,10000,1000,1000,0,8000,1/10/2023,2023-10-01,2025-11-09 06:51:02.752980,data/lms_loan_daily.csv,2023-10-01
CUS_0xa066_2023_04_01,CUS_0xa066,1/4/2023,10,6,10000,1000,0,2000,6000,1/10/2023,2023-10-01,2025-11-09 06:51:02.752980,data/lms_loan_daily.csv,2023-10-01
CUS_0xa071_2023_04_01,CUS_0xa071,1/4/2023,10,6,10000,1000,1000,0,4000,1/10/2023,2023-10-01,2025-11-09 06:51:02.752980,data/lms_loan_daily.csv,2023-10-01
CUS_0xa08c_2023_07_01,CUS_0xa08c,1/7/2023,10,3,10000,1000,1000,0,7000,1/10/2023,2023-10-01,2025-11-09 06:51:02.752980,data/lms_loan_daily.csv,2023-10-01
CUS_0xa08e_2023_03_01,CUS_0xa08e,1/3/2023,10,7,10000,1000,1000,0,3000,1/10/2023,2023-10-01,2025-11-09 06:51:02.752980,data/lms_loan_daily.csv,2023-10-01
CUS_0xa094_2023_02_01,CUS_0xa094,1/2/2023,10,8,10000,1000,0,5000,7000,1/10/2023,2023-10-01,2025-11-09 06:51:02.752980,data/lms_loan_daily.csv,2023-10-01
CUS_0xa095_2023_03_01,CUS_0xa095,1/3/2023,10,7,10000,1000,0,6000,9000,1/10/2023,2023-10-01,2025-11-09 06:51:02.752980,data/lms_loan_daily.csv,2023-10-01
CUS_0xa09c_2023_02_01,CUS_0xa09c,1/2/2023,10,8,10000,1000,1000,0,2000,1/10/2023,2023-10-01,2025-11-09 06:51:02.752980,data/lms_loan_daily.csv,2023-10-01
CUS_0xa0a5_2023_06_01,CUS_0xa0a5,1/6/2023,10,4,10000,1000,1000,0,6000,1/10/2023,2023-10-01,2025-11-09 06:51:02.752980,data/lms_loan_daily.csv,2023-10-01
CUS_0xa0a6_2023_10_01,CUS_0xa0a6,1/10/2023,10,0,10000,0,0,0,10000,1/10/2023,2023-10-01,2025-11-09 06:51:02.752980,data/lms_loan_daily.csv,2023-10-01
CUS_0xa0b_2023_03_01,CUS_0xa0b,1/3/2023,10,7,10000,1000,0,6000,9000,1/10/2023,2023-10-01,2025-11-09 06:51:02.752980,data/lms_loan_daily.csv,2023-10-01
CUS_0xa0b8_2023_02_01,CUS_0xa0b8,1/2/2023,10,8,10000,1000,0,6000,8000,1/10/2023,2023-10-01,2025-11-09 06:51:02.752980,data/lms_loan_daily.csv,2023-10-01
CUS_0xa0ba_2023_03_01,CUS_0xa0ba,1/3/2023,10,7,10000,1000,1000,0,3000,1/10/2023,2023-10-01,2025-11-09 06:51:02.752980,data/lms_loan_daily.csv,2023-10-01
CUS_0xa0c_2023_01_01,CUS_0xa0c,1/1/2023,10,9,10000,1000,1000,0,1000,1/10/2023,2023-10-01,2025-11-09 06:51:02.752980,data/lms_loan_daily.csv,2023-10-01
CUS_0xa0c3_2023_02_01,CUS_0xa0c3,1/2/2023,10,8,10000,1000,1000,0,2000,1/10/2023,2023-10-01,2025-11-09 06:51:02.752980,data/lms_loan_daily.csv,2023-10-01
CUS_0xa0dc_2023_03_01,CUS_0xa0dc,1/3/2023,10,7,10000,1000,1000,0,3000,1/10/2023,2023-10-01,2025-11-09 06:51:02.752980,data/lms_loan_daily.csv,2023-10-01
CUS_0xa0ea_2023_03_01,CUS_0xa0ea,1/3/2023,10,7,10000,1000,1000,0,3000,1/10/2023,2023-10-01,2025-11-09 06:51:02.752980,data/lms_loan_daily.csv,2023-10-01
CUS_0xa0eb_2023_06_01,CUS_0xa0eb,1/6/2023,10,4,10000,1000,0,1000,7000,1/10/2023,2023-10-01,2025-11-09 06:51:02.752980,data/lms_loan_daily.csv,2023-10-01
CUS_0xa0ee_2023_05_01,CUS_0xa0ee,1/5/2023,10,5,10000,1000,0,1000,6000,1/10/2023,2023-10-01,2025-11-09 06:51:02.752980,data/lms_loan_daily.csv,2023-10-01
CUS_0xa0f3_2023_07_01,CUS_0xa0f3,1/7/2023,10,3,10000,1000,1000,0,7000,1/10/2023,2023-10-01,2025-11-09 06:51:02.752980,data/lms_loan_daily.csv,2023-10-01
CUS_0xa0f4_2023_05_01,CUS_0xa0f4,1/5/2023,10,5,10000,1000,1000,0,5000,1/10/2023,2023-10-01,2025-11-09 06:51:02.752980,data/lms_loan_daily.csv,2023-10-01
CUS_0xa0ff_2023_03_01,CUS_0xa0ff,1/3/2023,10,7,10000,1000,0,5000,8000,1/10/2023,2023-10-01,2025-11-09 06:51:02.752980,data/lms_loan_daily.csv,2023-10-01
CUS_0xa106_2023_10_01,CUS_0xa106,1/10/2023,10,0,10000,0,0,0,10000,1/10/2023,2023-10-01,2025-11-09 06:51:02.752980,data/lms_loan_daily.csv,2023-10-01
CUS_0xa11c_2023_05_01,CUS_0xa11c,1/5/2023,10,5,10000,1000,0,3000,8000,1/10/2023,2023-10-01,2025-11-09 06:51:02.752980,data/lms_loan_daily.csv,2023-10-01
CUS_0xa12_2023_05_01,CUS_0xa12,1/5/2023,10,5,10000,1000,0,3000,8000,1/10/2023,2023-10-01,2025-11-09 06:51:02.752980,data/lms_loan_daily.csv,2023-10-01
CUS_0xa127_2023_02_01,CUS_0xa127,1/2/2023,10,8,10000,1000,0,5000,7000,1/10/2023,2023-10-01,2025-11-09 06:51:02.752980,data/lms_loan_daily.csv,2023-10-01
CUS_0xa12e_2023_09_01,CUS_0xa12e,1/9/2023,10,1,10000,1000,1000,0,9000,1/10/2023,2023-10-01,2025-11-09 06:51:02.752980,data/lms_loan_daily.csv,2023-10-01
CUS_0xa133_2023_02_01,CUS_0xa133,1/2/2023,10,8,10000,1000,1000,0,2000,1/10/2023,2023-10-01,2025-11-09 06:51:02.752980,data/lms_loan_daily.csv,2023-10-01
CUS_0xa134_2023_01_01,CUS_0xa134,1/1/2023,10,9,10000,1000,1000,0,1000,1/10/2023,2023-10-01,2025-11-09 06:51:02.752980,data/lms_loan_daily.csv,2023-10-01
CUS_0xa138_2023_02_01,CUS_0xa138,1/2/2023,10,8,10000,1000,0,5000,7000,1/10/2023,2023-10-01,2025-11-09 06:51:02.752980,data/lms_loan_daily.csv,2023-10-01
CUS_0xa146_2023_01_01,CUS_0xa146,1/1/2023,10,9,10000,1000,1000,0,1000,1/10/2023,2023-10-01,2025-11-09 06:51:02.752980,data/lms_loan_daily.csv,2023-10-01
CUS_0xa153_2023_07_01,CUS_0xa153,1/7/2023,10,3,10000,1000,1000,0,7000,1/10/2023,2023-10-01,2025-11-09 06:51:02.752980,data/lms_loan_daily.csv,2023-10-01
CUS_0xa160_2023_03_01,CUS_0xa160,1/3/2023,10,7,10000,1000,0,3000,6000,1/10/2023,2023-10-01,2025-11-09 06:51:02.752980,data/lms_loan_daily.csv,2023-10-01
CUS_0xa163_2023_07_01,CUS_0xa163,1/7/2023,10,3,10000,1000,1000,0,7000,1/10/2023,2023-10-01,2025-11-09 06:51:02.752980,data/lms_loan_daily.csv,2023-10-01
CUS_0xa17a_2023_09_01,CUS_0xa17a,1/9/2023,10,1,10000,1000,1000,0,9000,1/10/2023,2023-10-01,2025-11-09 06:51:02.752980,data/lms_loan_daily.csv,2023-10-01
CUS_0xa182_2023_01_01,CUS_0xa182,1/1/2023,10,9,10000,1000,1000,0,1000,1/10/2023,2023-10-01,2025-11-09 06:51:02.752980,data/lms_loan_daily.csv,2023-10-01
CUS_0xa187_2023_01_01,CUS_0xa187,1/1/2023,10,9,10000,1000,1000,0,1000,1/10/2023,2023-10-01,2025-11-09 06:51:02.752980,data/lms_loan_daily.csv,2023-10-01
CUS_0xa18f_2023_10_01,CUS_0xa18f,1/10/2023,10,0,10000,0,0,0,10000,1/10/2023,2023-10-01,2025-11-09 06:51:02.752980,data/lms_loan_daily.csv,2023-10-01
CUS_0xa19_2023_10_01,CUS_0xa19,1/10/2023,10,0,10000,0,0,0,10000,1/10/2023,2023-10-01,2025-11-09 06:51:02.752980,data/lms_loan_daily.csv,2023-10-01
CUS_0xa1ab_2023_05_01,CUS_0xa1ab,1/5/2023,10,5,10000,1000,1000,0,5000,1/10/2023,2023-10-01,2025-11-09 06:51:02.752980,data/lms_loan_daily.csv,2023-10-01
CUS_0xa1bb_2023_01_01,CUS_0xa1bb,1/1/2023,10,9,10000,1000,1000,0,1000,1/10/2023,2023-10-01,2025-11-09 06:51:02.752980,data/lms_loan_daily.csv,2023-10-01
CUS_0xa1be_2023_08_01,CUS_0xa1be,1/8/2023,10,2,10000,1000,1000,0,8000,1/10/2023,2023-10-01,2025-11-09 06:51:02.752980,data/lms_loan_daily.csv,2023-10-01
CUS_0xa1c1_2023_08_01,CUS_0xa1c1,1/8/2023,10,2,10000,1000,1000,0,8000,1/10/2023,2023-10-01,2025-11-09 06:51:02.752980,data/lms_loan_daily.csv,2023-10-01
CUS_0xa1cb_2023_08_01,CUS_0xa1cb,1/8/2023,10,2,10000,1000,0,1000,9000,1/10/2023,2023-10-01,2025-11-09 06:51:02.752980,data/lms_loan_daily.csv,2023-10-01
CUS_0xa1d9_2023_02_01,CUS_0xa1d9,1/2/2023,10,8,10000,1000,0,6000,8000,1/10/2023,2023-10-01,2025-11-09 06:51:02.752980,data/lms_loan_daily.csv,2023-10-01
CUS_0xa1df_2023_09_01,CUS_0xa1df,1/9/2023,10,1,10000,1000,1000,0,9000,1/10/2023,2023-10-01,2025-11-09 06:51:02.752980,data/lms_loan_daily.csv,2023-10-01
CUS_0xa1ea_2023_09_01,CUS_0xa1ea,1/9/2023,10,1,10000,1000,1000,0,9000,1/10/2023,2023-10-01,2025-11-09 06:51:02.752980,data/lms_loan_daily.csv,2023-10-01
CUS_0xa1f4_2023_09_01,CUS_0xa1f4,1/9/2023,10,1,10000,1000,1000,0,9000,1/10/2023,2023-10-01,2025-11-09 06:51:02.752980,data/lms_loan_daily.csv,2023-10-01
CUS_0xa1fc_2023_08_01,CUS_0xa1fc,1/8/2023,10,2,10000,1000,1000,0,8000,1/10/2023,2023-10-01,2025-11-09 06:51:02.752980,data/lms_loan_daily.csv,2023-10-01
CUS_0xa201_2023_06_01,CUS_0xa201,1/6/2023,10,4,10000,1000,1000,0,6000,1/10/2023,2023-10-01,2025-11-09 06:51:02.752980,data/lms_loan_daily.csv,2023-10-01
CUS_0xa203_2023_01_01,CUS_0xa203,1/1/2023,10,9,10000,1000,0,6000,7000,1/10/2023,2023-10-01,2025-11-09 06:51:02.752980,data/lms_loan_daily.csv,2023-10-01
CUS_0xa20d_2023_01_01,CUS_0xa20d,1/1/2023,10,9,10000,1000,1000,0,1000,1/10/2023,2023-10-01,2025-11-09 06:51:02.752980,data/lms_loan_daily.csv,2023-10-01
CUS_0xa212_2023_03_01,CUS_0xa212,1/3/2023,10,7,10000,1000,1000,0,3000,1/10/2023,2023-10-01,2025-11-09 06:51:02.752980,data/lms_loan_daily.csv,2023-10-01
CUS_0xa213_2023_09_01,CUS_0xa213,1/9/2023,10,1,10000,1000,1000,0,9000,1/10/2023,2023-10-01,2025-11-09 06:51:02.752980,data/lms_loan_daily.csv,2023-10-01
CUS_0xa223_2023_08_01,CUS_0xa223,1/8/2023,10,2,10000,1000,1000,0,8000,1/10/2023,2023-10-01,2025-11-09 06:51:02.752980,data/lms_loan_daily.csv,2023-10-01
CUS_0xa226_2023_10_01,CUS_0xa226,1/10/2023,10,0,10000,0,0,0,10000,1/10/2023,2023-10-01,2025-11-09 06:51:02.752980,data/lms_loan_daily.csv,2023-10-01
CUS_0xa22a_2023_03_01,CUS_0xa22a,1/3/2023,10,7,10000,1000,1000,0,3000,1/10/2023,2023-10-01,2025-11-09 06:51:02.752980,data/lms_loan_daily.csv,2023-10-01
CUS_0xa230_2023_02_01,CUS_0xa230,1/2/2023,10,8,10000,1000,1000,0,2000,1/10/2023,2023-10-01,2025-11-09 06:51:02.752980,data/lms_loan_daily.csv,2023-10-01
CUS_0xa235_2023_07_01,CUS_0xa235,1/7/2023,10,3,10000,1000,0,2000,9000,1/10/2023,2023-10-01,2025-11-09 06:51:02.752980,data/lms_loan_daily.csv,2023-10-01
CUS_0xa24a_2023_06_01,CUS_0xa24a,1/6/2023,10,4,10000,1000,1000,0,6000,1/10/2023,2023-10-01,2025-11-09 06:51:02.752980,data/lms_loan_daily.csv,2023-10-01
CUS_0xa255_2023_09_01,CUS_0xa255,1/9/2023,10,1,10000,1000,1000,0,9000,1/10/2023,2023-10-01,2025-11-09 06:51:02.752980,data/lms_loan_daily.csv,2023-10-01
CUS_0xa25a_2023_07_01,CUS_0xa25a,1/7/2023,10,3,10000,1000,0,2000,9000,1/10/2023,2023-10-01,2025-11-09 06:51:02.752980,data/lms_loan_daily.csv,2023-10-01
CUS_0xa260_2023_02_01,CUS_0xa260,1/2/2023,10,8,10000,1000,1000,0,2000,1/10/2023,2023-10-01,2025-11-09 06:51:02.752980,data/lms_loan_daily.csv,2023-10-01
CUS_0xa27e_2023_02_01,CUS_0xa27e,1/2/2023,10,8,10000,1000,1000,0,2000,1/10/2023,2023-10-01,2025-11-09 06:51:02.752980,data/lms_loan_daily.csv,2023-10-01
CUS_0xa293_2023_08_01,CUS_0xa293,1/8/2023,10,2,10000,1000,1000,0,8000,1/10/2023,2023-10-01,2025-11-09 06:51:02.752980,data/lms_loan_daily.csv,2023-10-01
CUS_0xa299_2023_05_01,CUS_0xa299,1/5/2023,10,5,10000,1000,1000,0,5000,1/10/2023,2023-10-01,2025-11-09 06:51:02.752980,data/lms_loan_daily.csv,2023-10-01
CUS_0xa29a_2023_05_01,CUS_0xa29a,1/5/2023,10,5,10000,1000,1000,0,5000,1/10/2023,2023-10-01,2025-11-09 06:51:02.752980,data/lms_loan_daily.csv,2023-10-01
CUS_0xa2a2_2023_08_01,CUS_0xa2a2,1/8/2023,10,2,10000,1000,1000,0,8000,1/10/2023,2023-10-01,2025-11-09 06:51:02.752980,data/lms_loan_daily.csv,2023-10-01
CUS_0xa2a7_2023_06_01,CUS_0xa2a7,1/6/2023,10,4,10000,1000,0,3000,9000,1/10/2023,2023-10-01,2025-11-09 06:51:02.752980,data/lms_loan_daily.csv,2023-10-01
CUS_0xa2af_2023_02_01,CUS_0xa2af,1/2/2023,10,8,10000,1000,0,6000,8000,1/10/2023,2023-10-01,2025-11-09 06:51:02.752980,data/lms_loan_daily.csv,2023-10-01
CUS_0xa2c0_2023_01_01,CUS_0xa2c0,1/1/2023,10,9,10000,1000,1000,0,1000,1/10/2023,2023-10-01,2025-11-09 06:51:02.752980,data/lms_loan_daily.csv,2023-10-01
CUS_0xa2c5_2023_03_01,CUS_0xa2c5,1/3/2023,10,7,10000,1000,1000,0,3000,1/10/2023,2023-10-01,2025-11-09 06:51:02.752980,data/lms_loan_daily.csv,2023-10-01
CUS_0xa2ca_2023_10_01,CUS_0xa2ca,1/10/2023,10,0,10000,0,0,0,10000,1/10/2023,2023-10-01,2025-11-09 06:51:02.752980,data/lms_loan_daily.csv,2023-10-01
CUS_0xa2d2_2023_07_01,CUS_0xa2d2,1/7/2023,10,3,10000,1000,1000,0,7000,1/10/2023,2023-10-01,2025-11-09 06:51:02.752980,data/lms_loan_daily.csv,2023-10-01
CUS_0xa2d7_2023_03_01,CUS_0xa2d7,1/3/2023,10,7,10000,1000,1000,0,3000,1/10/2023,2023-10-01,2025-11-09 06:51:02.752980,data/lms_loan_daily.csv,2023-10-01
CUS_0xa2de_2023_05_01,CUS_0xa2de,1/5/2023,10,5,10000,1000,1000,0,5000,1/10/2023,2023-10-01,2025-11-09 06:51:02.752980,data/lms_loan_daily.csv,2023-10-01
CUS_0xa2e5_2023_06_01,CUS_0xa2e5,1/6/2023,10,4,10000,1000,1000,0,6000,1/10/2023,2023-10-01,2025-11-09 06:51:02.752980,data/lms_loan_daily.csv,2023-10-01
CUS_0xa2ee_2023_01_01,CUS_0xa2ee,1/1/2023,10,9,10000,1000,1000,0,1000,1/10/2023,2023-10-01,2025-11-09 06:51:02.752980,data/lms_loan_daily.csv,2023-10-01
CUS_0xa2f5_2023_10_01,CUS_0xa2f5,1/10/2023,10,0,10000,0,0,0,10000,1/10/2023,2023-10-01,2025-11-09 06:51:02.752980,data/lms_loan_daily.csv,2023-10-01
CUS_0xa2f8_2023_06_01,CUS_0xa2f8,1/6/2023,10,4,10000,1000,1000,0,6000,1/10/2023,2023-10-01,2025-11-09 06:51:02.752980,data/lms_loan_daily.csv,2023-10-01
CUS_0xa300_2023_05_01,CUS_0xa300,1/5/2023,10,5,10000,1000,1000,0,5000,1/10/2023,2023-10-01,2025-11-09 06:51:02.752980,data/lms_loan_daily.csv,2023-10-01
CUS_0xa303_2023_03_01,CUS_0xa303,1/3/2023,10,7,10000,1000,0,4000,7000,1/10/2023,2023-10-01,2025-11-09 06:51:02.752980,data/lms_loan_daily.csv,2023-10-01
CUS_0xa31b_2023_06_01,CUS_0xa31b,1/6/2023,10,4,10000,1000,1000,0,6000,1/10/2023,2023-10-01,2025-11-09 06:51:02.752980,data/lms_loan_daily.csv,2023-10-01
CUS_0xa323_2023_04_01,CUS_0xa323,1/4/2023,10,6,10000,1000,1000,0,4000,1/10/2023,2023-10-01,2025-11-09 06:51:02.752980,data/lms_loan_daily.csv,2023-10-01
CUS_0xa326_2023_05_01,CUS_0xa326,1/5/2023,10,5,10000,1000,1000,0,5000,1/10/2023,2023-10-01,2025-11-09 06:51:02.752980,data/lms_loan_daily.csv,2023-10-01
CUS_0xa328_2023_06_01,CUS_0xa328,1/6/2023,10,4,10000,1000,2000,0,6000,1/10/2023,2023-10-01,2025-11-09 06:51:02.752980,data/lms_loan_daily.csv,2023-10-01
CUS_0xa329_2023_08_01,CUS_0xa329,1/8/2023,10,2,10000,1000,1000,0,8000,1/10/2023,2023-10-01,2025-11-09 06:51:02.752980,data/lms_loan_daily.csv,2023-10-01
CUS_0xa335_2023_10_01,CUS_0xa335,1/10/2023,10,0,10000,0,0,0,10000,1/10/2023,2023-10-01,2025-11-09 06:51:02.752980,data/lms_loan_daily.csv,2023-10-01
CUS_0xa342_2023_05_01,CUS_0xa342,1/5/2023,10,5,10000,1000,1000,0,5000,1/10/2023,2023-10-01,2025-11-09 06:51:02.752980,data/lms_loan_daily.csv,2023-10-01
CUS_0xa347_2023_07_01,CUS_0xa347,1/7/2023,10,3,10000,1000,2000,0,7000,1/10/2023,2023-10-01,2025-11-09 06:51:02.752980,data/lms_loan_daily.csv,2023-10-01
CUS_0xa362_2023_09_01,CUS_0xa362,1/9/2023,10,1,10000,1000,1000,0,9000,1/10/2023,2023-10-01,2025-11-09 06:51:02.752980,data/lms_loan_daily.csv,2023-10-01
CUS_0xa37_2023_05_01,CUS_0xa37,1/5/2023,10,5,10000,1000,0,2000,7000,1/10/2023,2023-10-01,2025-11-09 06:51:02.752980,data/lms_loan_daily.csv,2023-10-01
CUS_0xa384_2023_02_01,CUS_0xa384,1/2/2023,10,8,10000,1000,1000,0,2000,1/10/2023,2023-10-01,2025-11-09 06:51:02.752980,data/lms_loan_daily.csv,2023-10-01
CUS_0xa396_2023_07_01,CUS_0xa396,1/7/2023,10,3,10000,1000,1000,0,7000,1/10/2023,2023-10-01,2025-11-09 06:51:02.752980,data/lms_loan_daily.csv,2023-10-01
CUS_0xa39c_2023_07_01,CUS_0xa39c,1/7/2023,10,3,10000,1000,1000,0,7000,1/10/2023,2023-10-01,2025-11-09 06:51:02.752980,data/lms_loan_daily.csv,2023-10-01
CUS_0xa3a1_2023_09_01,CUS_0xa3a1,1/9/2023,10,1,10000,1000,1000,0,9000,1/10/2023,2023-10-01,2025-11-09 06:51:02.752980,data/lms_loan_daily.csv,2023-10-01
CUS_0xa3b8_2023_03_01,CUS_0xa3b8,1/3/2023,10,7,10000,1000,1000,0,3000,1/10/2023,2023-10-01,2025-11-09 06:51:02.752980,data/lms_loan_daily.csv,2023-10-01
CUS_0xa3c_2023_04_01,CUS_0xa3c,1/4/2023,10,6,10000,1000,1000,0,4000,1/10/2023,2023-10-01,2025-11-09 06:51:02.752980,data/lms_loan_daily.csv,2023-10-01
CUS_0xa3e4_2023_07_01,CUS_0xa3e4,1/7/2023,10,3,10000,1000,1000,0,7000,1/10/2023,2023-10-01,2025-11-09 06:51:02.752980,data/lms_loan_daily.csv,2023-10-01
CUS_0xa3f_2023_04_01,CUS_0xa3f,1/4/2023,10,6,10000,1000,0,5000,9000,1/10/2023,2023-10-01,2025-11-09 06:51:02.752980,data/lms_loan_daily.csv,2023-10-01
CUS_0xa3ff_2023_09_01,CUS_0xa3ff,1/9/2023,10,1,10000,1000,1000,0,9000,1/10/2023,2023-10-01,2025-11-09 06:51:02.752980,data/lms_loan_daily.csv,2023-10-01
CUS_0xa405_2023_06_01,CUS_0xa405,1/6/2023,10,4,10000,1000,1000,0,6000,1/10/2023,2023-10-01,2025-11-09 06:51:02.752980,data/lms_loan_daily.csv,2023-10-01
CUS_0xa408_2023_01_01,CUS_0xa408,1/1/2023,10,9,10000,1000,0,9000,10000,1/10/2023,2023-10-01,2025-11-09 06:51:02.752980,data/lms_loan_daily.csv,2023-10-01
CUS_0xa40b_2023_08_01,CUS_0xa40b,1/8/2023,10,2,10000,1000,1000,0,8000,1/10/2023,2023-10-01,2025-11-09 06:51:02.752980,data/lms_loan_daily.csv,2023-10-01
CUS_0xa41e_2023_02_01,CUS_0xa41e,1/2/2023,10,8,10000,1000,0,4000,6000,1/10/2023,2023-10-01,2025-11-09 06:51:02.752980,data/lms_loan_daily.csv,2023-10-01
CUS_0xa41f_2023_06_01,CUS_0xa41f,1/6/2023,10,4,10000,1000,1000,0,6000,1/10/2023,2023-10-01,2025-11-09 06:51:02.752980,data/lms_loan_daily.csv,2023-10-01
CUS_0xa422_2023_01_01,CUS_0xa422,1/1/2023,10,9,10000,1000,1000,0,1000,1/10/2023,2023-10-01,2025-11-09 06:51:02.752980,data/lms_loan_daily.csv,2023-10-01
CUS_0xa423_2023_01_01,CUS_0xa423,1/1/2023,10,9,10000,1000,1000,0,1000,1/10/2023,2023-10-01,2025-11-09 06:51:02.752980,data/lms_loan_daily.csv,2023-10-01
CUS_0xa424_2023_08_01,CUS_0xa424,1/8/2023,10,2,10000,1000,1000,0,8000,1/10/2023,2023-10-01,2025-11-09 06:51:02.752980,data/lms_loan_daily.csv,2023-10-01
CUS_0xa42a_2023_08_01,CUS_0xa42a,1/8/2023,10,2,10000,1000,1000,0,8000,1/10/2023,2023-10-01,2025-11-09 06:51:02.752980,data/lms_loan_daily.csv,2023-10-01
CUS_0xa42f_2023_05_01,CUS_0xa42f,1/5/2023,10,5,10000,1000,0,2000,7000,1/10/2023,2023-10-01,2025-11-09 06:51:02.752980,data/lms_loan_daily.csv,2023-10-01
CUS_0xa437_2023_04_01,CUS_0xa437,1/4/2023,10,6,10000,1000,1000,0,4000,1/10/2023,2023-10-01,2025-11-09 06:51:02.752980,data/lms_loan_daily.csv,2023-10-01
CUS_0xa439_2023_10_01,CUS_0xa439,1/10/2023,10,0,10000,0,0,0,10000,1/10/2023,2023-10-01,2025-11-09 06:51:02.752980,data/lms_loan_daily.csv,2023-10-01
CUS_0xa442_2023_03_01,CUS_0xa442,1/3/2023,10,7,10000,1000,1000,0,3000,1/10/2023,2023-10-01,2025-11-09 06:51:02.752980,data/lms_loan_daily.csv,2023-10-01
CUS_0xa447_2023_10_01,CUS_0xa447,1/10/2023,10,0,10000,0,0,0,10000,1/10/2023,2023-10-01,2025-11-09 06:51:02.752980,data/lms_loan_daily.csv,2023-10-01
CUS_0xa455_2023_02_01,CUS_0xa455,1/2/2023,10,8,10000,1000,1000,0,2000,1/10/2023,2023-10-01,2025-11-09 06:51:02.752980,data/lms_loan_daily.csv,2023-10-01
CUS_0xa463_2023_01_01,CUS_0xa463,1/1/2023,10,9,10000,1000,1000,0,1000,1/10/2023,2023-10-01,2025-11-09 06:51:02.752980,data/lms_loan_daily.csv,2023-10-01
CUS_0xa479_2023_03_01,CUS_0xa479,1/3/2023,10,7,10000,1000,1000,0,3000,1/10/2023,2023-10-01,2025-11-09 06:51:02.752980,data/lms_loan_daily.csv,2023-10-01
CUS_0xa47c_2023_08_01,CUS_0xa47c,1/8/2023,10,2,10000,1000,0,1000,9000,1/10/2023,2023-10-01,2025-11-09 06:51:02.752980,data/lms_loan_daily.csv,2023-10-01
CUS_0xa488_2023_01_01,CUS_0xa488,1/1/2023,10,9,10000,1000,1000,0,1000,1/10/2023,2023-10-01,2025-11-09 06:51:02.752980,data/lms_loan_daily.csv,2023-10-01
CUS_0xa499_2023_06_01,CUS_0xa499,1/6/2023,10,4,10000,1000,1000,0,6000,1/10/2023,2023-10-01,2025-11-09 06:51:02.752980,data/lms_loan_daily.csv,2023-10-01
CUS_0xa4ae_2023_09_01,CUS_0xa4ae,1/9/2023,10,1,10000,1000,1000,0,9000,1/10/2023,2023-10-01,2025-11-09 06:51:02.752980,data/lms_loan_daily.csv,2023-10-01
CUS_0xa4b6_2023_10_01,CUS_0xa4b6,1/10/2023,10,0,10000,0,0,0,10000,1/10/2023,2023-10-01,2025-11-09 06:51:02.752980,data/lms_loan_daily.csv,2023-10-01
CUS_0xa4bd_2023_08_01,CUS_0xa4bd,1/8/2023,10,2,10000,1000,1000,0,8000,1/10/2023,2023-10-01,2025-11-09 06:51:02.752980,data/lms_loan_daily.csv,2023-10-01
CUS_0xa4c6_2023_08_01,CUS_0xa4c6,1/8/2023,10,2,10000,1000,1000,0,8000,1/10/2023,2023-10-01,2025-11-09 06:51:02.752980,data/lms_loan_daily.csv,2023-10-01
CUS_0xa4d0_2023_03_01,CUS_0xa4d0,1/3/2023,10,7,10000,1000,1000,0,3000,1/10/2023,2023-10-01,2025-11-09 06:51:02.752980,data/lms_loan_daily.csv,2023-10-01
CUS_0xa4e0_2023_03_01,CUS_0xa4e0,1/3/2023,10,7,10000,1000,1000,0,3000,1/10/2023,2023-10-01,2025-11-09 06:51:02.752980,data/lms_loan_daily.csv,2023-10-01
CUS_0xa4e7_2023_02_01,CUS_0xa4e7,1/2/2023,10,8,10000,1000,1000,0,2000,1/10/2023,2023-10-01,2025-11-09 06:51:02.752980,data/lms_loan_daily.csv,2023-10-01
CUS_0xa4e9_2023_03_01,CUS_0xa4e9,1/3/2023,10,7,10000,1000,1000,0,3000,1/10/2023,2023-10-01,2025-11-09 06:51:02.752980,data/lms_loan_daily.csv,2023-10-01
CUS_0xa4f6_2023_03_01,CUS_0xa4f6,1/3/2023,10,7,10000,1000,1000,0,3000,1/10/2023,2023-10-01,2025-11-09 06:51:02.752980,data/lms_loan_daily.csv,2023-10-01
CUS_0xa4f9_2023_10_01,CUS_0xa4f9,1/10/2023,10,0,10000,0,0,0,10000,1/10/2023,2023-10-01,2025-11-09 06:51:02.752980,data/lms_loan_daily.csv,2023-10-01
CUS_0xa505_2023_08_01,CUS_0xa505,1/8/2023,10,2,10000,1000,1000,0,8000,1/10/2023,2023-10-01,2025-11-09 06:51:02.752980,data/lms_loan_daily.csv,2023-10-01
CUS_0xa50e_2023_07_01,CUS_0xa50e,1/7/2023,10,3,10000,1000,2000,0,7000,1/10/2023,2023-10-01,2025-11-09 06:51:02.752980,data/lms_loan_daily.csv,2023-10-01
CUS_0xa514_2023_08_01,CUS_0xa514,1/8/2023,10,2,10000,1000,0,1000,9000,1/10/2023,2023-10-01,2025-11-09 06:51:02.752980,data/lms_loan_daily.csv,2023-10-01
CUS_0xa52_2023_01_01,CUS_0xa52,1/1/2023,10,9,10000,1000,0,5000,6000,1/10/2023,2023-10-01,2025-11-09 06:51:02.752980,data/lms_loan_daily.csv,2023-10-01
CUS_0xa520_2023_06_01,CUS_0xa520,1/6/2023,10,4,10000,1000,1000,0,6000,1/10/2023,2023-10-01,2025-11-09 06:51:02.752980,data/lms_loan_daily.csv,2023-10-01
CUS_0xa525_2023_04_01,CUS_0xa525,1/4/2023,10,6,10000,1000,1000,0,4000,1/10/2023,2023-10-01,2025-11-09 06:51:02.752980,data/lms_loan_daily.csv,2023-10-01
CUS_0xa52e_2023_04_01,CUS_0xa52e,1/4/2023,10,6,10000,1000,1000,0,4000,1/10/2023,2023-10-01,2025-11-09 06:51:02.752980,data/lms_loan_daily.csv,2023-10-01
CUS_0xa540_2023_02_01,CUS_0xa540,1/2/2023,10,8,10000,1000,0,5000,7000,1/10/2023,2023-10-01,2025-11-09 06:51:02.752980,data/lms_loan_daily.csv,2023-10-01
CUS_0xa54d_2023_01_01,CUS_0xa54d,1/1/2023,10,9,10000,1000,1000,0,1000,1/10/2023,2023-10-01,2025-11-09 06:51:02.752980,data/lms_loan_daily.csv,2023-10-01
CUS_0xa556_2023_04_01,CUS_0xa556,1/4/2023,10,6,10000,1000,1000,0,4000,1/10/2023,2023-10-01,2025-11-09 06:51:02.752980,data/lms_loan_daily.csv,2023-10-01
CUS_0xa56a_2023_08_01,CUS_0xa56a,1/8/2023,10,2,10000,1000,1000,0,8000,1/10/2023,2023-10-01,2025-11-09 06:51:02.752980,data/lms_loan_daily.csv,2023-10-01
CUS_0xa574_2023_02_01,CUS_0xa574,1/2/2023,10,8,10000,1000,0,4000,6000,1/10/2023,2023-10-01,2025-11-09 06:51:02.752980,data/lms_loan_daily.csv,2023-10-01
CUS_0xa59_2023_03_01,CUS_0xa59,1/3/2023,10,7,10000,1000,0,5000,8000,1/10/2023,2023-10-01,2025-11-09 06:51:02.752980,data/lms_loan_daily.csv,2023-10-01
CUS_0xa59d_2023_03_01,CUS_0xa59d,1/3/2023,10,7,10000,1000,0,4000,7000,1/10/2023,2023-10-01,2025-11-09 06:51:02.752980,data/lms_loan_daily.csv,2023-10-01
CUS_0xa5ac_2023_05_01,CUS_0xa5ac,1/5/2023,10,5,10000,1000,1000,0,5000,1/10/2023,2023-10-01,2025-11-09 06:51:02.752980,data/lms_loan_daily.csv,2023-10-01
CUS_0xa5b6_2023_05_01,CUS_0xa5b6,1/5/2023,10,5,10000,1000,1000,0,5000,1/10/2023,2023-10-01,2025-11-09 06:51:02.752980,data/lms_loan_daily.csv,2023-10-01
CUS_0xa5be_2023_05_01,CUS_0xa5be,1/5/2023,10,5,10000,1000,1000,0,5000,1/10/2023,2023-10-01,2025-11-09 06:51:02.752980,data/lms_loan_daily.csv,2023-10-01
CUS_0xa5c_2023_01_01,CUS_0xa5c,1/1/2023,10,9,10000,1000,1000,0,1000,1/10/2023,2023-10-01,2025-11-09 06:51:02.752980,data/lms_loan_daily.csv,2023-10-01
CUS_0xa5d1_2023_07_01,CUS_0xa5d1,1/7/2023,10,3,10000,1000,1000,0,7000,1/10/2023,2023-10-01,2025-11-09 06:51:02.752980,data/lms_loan_daily.csv,2023-10-01
CUS_0xa5e6_2023_01_01,CUS_0xa5e6,1/1/2023,10,9,10000,1000,1000,0,1000,1/10/2023,2023-10-01,2025-11-09 06:51:02.752980,data/lms_loan_daily.csv,2023-10-01
CUS_0xa5e7_2023_09_01,CUS_0xa5e7,1/9/2023,10,1,10000,1000,1000,0,9000,1/10/2023,2023-10-01,2025-11-09 06:51:02.752980,data/lms_loan_daily.csv,2023-10-01
CUS_0xa5e9_2023_01_01,CUS_0xa5e9,1/1/2023,10,9,10000,1000,0,9000,10000,1/10/2023,2023-10-01,2025-11-09 06:51:02.752980,data/lms_loan_daily.csv,2023-10-01
CUS_0xa5ee_2023_05_01,CUS_0xa5ee,1/5/2023,10,5,10000,1000,1000,0,5000,1/10/2023,2023-10-01,2025-11-09 06:51:02.752980,data/lms_loan_daily.csv,2023-10-01
CUS_0xa5f_2023_07_01,CUS_0xa5f,1/7/2023,10,3,10000,1000,1000,0,7000,1/10/2023,2023-10-01,2025-11-09 06:51:02.752980,data/lms_loan_daily.csv,2023-10-01
CUS_0xa5f9_2023_04_01,CUS_0xa5f9,1/4/2023,10,6,10000,1000,0,2000,6000,1/10/2023,2023-10-01,2025-11-09 06:51:02.752980,data/lms_loan_daily.csv,2023-10-01
CUS_0xa60e_2023_07_01,CUS_0xa60e,1/7/2023,10,3,10000,1000,1000,0,7000,1/10/2023,2023-10-01,2025-11-09 06:51:02.752980,data/lms_loan_daily.csv,2023-10-01
CUS_0xa610_2023_03_01,CUS_0xa610,1/3/2023,10,7,10000,1000,1000,0,3000,1/10/2023,2023-10-01,2025-11-09 06:51:02.752980,data/lms_loan_daily.csv,2023-10-01
CUS_0xa62f_2023_03_01,CUS_0xa62f,1/3/2023,10,7,10000,1000,1000,0,3000,1/10/2023,2023-10-01,2025-11-09 06:51:02.752980,data/lms_loan_daily.csv,2023-10-01
CUS_0xa630_2023_10_01,CUS_0xa630,1/10/2023,10,0,10000,0,0,0,10000,1/10/2023,2023-10-01,2025-11-09 06:51:02.752980,data/lms_loan_daily.csv,2023-10-01
CUS_0xa65_2023_01_01,CUS_0xa65,1/1/2023,10,9,10000,1000,0,7000,8000,1/10/2023,2023-10-01,2025-11-09 06:51:02.752980,data/lms_loan_daily.csv,2023-10-01
CUS_0xa66_2023_06_01,CUS_0xa66,1/6/2023,10,4,10000,1000,1000,0,6000,1/10/2023,2023-10-01,2025-11-09 06:51:02.752980,data/lms_loan_daily.csv,2023-10-01
CUS_0xa66b_2023_05_01,CUS_0xa66b,1/5/2023,10,5,10000,1000,1000,0,5000,1/10/2023,2023-10-01,2025-11-09 06:51:02.752980,data/lms_loan_daily.csv,2023-10-01
CUS_0xa66d_2023_09_01,CUS_0xa66d,1/9/2023,10,1,10000,1000,1000,0,9000,1/10/2023,2023-10-01,2025-11-09 06:51:02.752980,data/lms_loan_daily.csv,2023-10-01
CUS_0xa679_2023_04_01,CUS_0xa679,1/4/2023,10,6,10000,1000,1000,0,4000,1/10/2023,2023-10-01,2025-11-09 06:51:02.752980,data/lms_loan_daily.csv,2023-10-01
CUS_0xa682_2023_04_01,CUS_0xa682,1/4/2023,10,6,10000,1000,1000,0,4000,1/10/2023,2023-10-01,2025-11-09 06:51:02.752980,data/lms_loan_daily.csv,2023-10-01
CUS_0xa685_2023_05_01,CUS_0xa685,1/5/2023,10,5,10000,1000,1000,0,5000,1/10/2023,2023-10-01,2025-11-09 06:51:02.752980,data/lms_loan_daily.csv,2023-10-01
CUS_0xa68a_2023_02_01,CUS_0xa68a,1/2/2023,10,8,10000,1000,1000,0,2000,1/10/2023,2023-10-01,2025-11-09 06:51:02.752980,data/lms_loan_daily.csv,2023-10-01
CUS_0xa69_2023_04_01,CUS_0xa69,1/4/2023,10,6,10000,1000,1000,0,4000,1/10/2023,2023-10-01,2025-11-09 06:51:02.752980,data/lms_loan_daily.csv,2023-10-01
CUS_0xa693_2023_02_01,CUS_0xa693,1/2/2023,10,8,10000,1000,1000,0,2000,1/10/2023,2023-10-01,2025-11-09 06:51:02.752980,data/lms_loan_daily.csv,2023-10-01
CUS_0xa696_2023_05_01,CUS_0xa696,1/5/2023,10,5,10000,1000,1000,0,5000,1/10/2023,2023-10-01,2025-11-09 06:51:02.752980,data/lms_loan_daily.csv,2023-10-01
CUS_0xa69e_2023_02_01,CUS_0xa69e,1/2/2023,10,8,10000,1000,1000,0,2000,1/10/2023,2023-10-01,2025-11-09 06:51:02.752980,data/lms_loan_daily.csv,2023-10-01
CUS_0xa6a_2023_04_01,CUS_0xa6a,1/4/2023,10,6,10000,1000,1000,0,4000,1/10/2023,2023-10-01,2025-11-09 06:51:02.752980,data/lms_loan_daily.csv,2023-10-01
CUS_0xa6a7_2023_02_01,CUS_0xa6a7,1/2/2023,10,8,10000,1000,0,5000,7000,1/10/2023,2023-10-01,2025-11-09 06:51:02.752980,data/lms_loan_daily.csv,2023-10-01
CUS_0xa6b8_2023_04_01,CUS_0xa6b8,1/4/2023,10,6,10000,1000,1000,0,4000,1/10/2023,2023-10-01,2025-11-09 06:51:02.752980,data/lms_loan_daily.csv,2023-10-01
CUS_0xa6c1_2023_02_01,CUS_0xa6c1,1/2/2023,10,8,10000,1000,0,4000,6000,1/10/2023,2023-10-01,2025-11-09 06:51:02.752980,data/lms_loan_daily.csv,2023-10-01
CUS_0xa6c6_2023_06_01,CUS_0xa6c6,1/6/2023,10,4,10000,1000,0,2000,8000,1/10/2023,2023-10-01,2025-11-09 06:51:02.752980,data/lms_loan_daily.csv,2023-10-01
CUS_0xa6d5_2023_10_01,CUS_0xa6d5,1/10/2023,10,0,10000,0,0,0,10000,1/10/2023,2023-10-01,2025-11-09 06:51:02.752980,data/lms_loan_daily.csv,2023-10-01
CUS_0xa6d9_2023_01_01,CUS_0xa6d9,1/1/2023,10,9,10000,1000,1000,0,1000,1/10/2023,2023-10-01,2025-11-09 06:51:02.752980,data/lms_loan_daily.csv,2023-10-01
CUS_0xa6db_2023_10_01,CUS_0xa6db,1/10/2023,10,0,10000,0,0,0,10000,1/10/2023,2023-10-01,2025-11-09 06:51:02.752980,data/lms_loan_daily.csv,2023-10-01
CUS_0xa6dc_2023_03_01,CUS_0xa6dc,1/3/2023,10,7,10000,1000,0,6000,9000,1/10/2023,2023-10-01,2025-11-09 06:51:02.752980,data/lms_loan_daily.csv,2023-10-01
CUS_0xa6e8_2023_08_01,CUS_0xa6e8,1/8/2023,10,2,10000,1000,1000,0,8000,1/10/2023,2023-10-01,2025-11-09 06:51:02.752980,data/lms_loan_daily.csv,2023-10-01
CUS_0xa6f4_2023_05_01,CUS_0xa6f4,1/5/2023,10,5,10000,1000,1000,0,5000,1/10/2023,2023-10-01,2025-11-09 06:51:02.752980,data/lms_loan_daily.csv,2023-10-01
CUS_0xa6f6_2023_10_01,CUS_0xa6f6,1/10/2023,10,0,10000,0,0,0,10000,1/10/2023,2023-10-01,2025-11-09 06:51:02.752980,data/lms_loan_daily.csv,2023-10-01
CUS_0xa6f9_2023_10_01,CUS_0xa6f9,1/10/2023,10,0,10000,0,0,0,10000,1/10/2023,2023-10-01,2025-11-09 06:51:02.752980,data/lms_loan_daily.csv,2023-10-01
CUS_0xa70f_2023_03_01,CUS_0xa70f,1/3/2023,10,7,10000,1000,0,6000,9000,1/10/2023,2023-10-01,2025-11-09 06:51:02.752980,data/lms_loan_daily.csv,2023-10-01
CUS_0xa71a_2023_06_01,CUS_0xa71a,1/6/2023,10,4,10000,1000,1000,0,6000,1/10/2023,2023-10-01,2025-11-09 06:51:02.752980,data/lms_loan_daily.csv,2023-10-01
CUS_0xa731_2023_04_01,CUS_0xa731,1/4/2023,10,6,10000,1000,1000,0,4000,1/10/2023,2023-10-01,2025-11-09 06:51:02.752980,data/lms_loan_daily.csv,2023-10-01
CUS_0xa751_2023_06_01,CUS_0xa751,1/6/2023,10,4,10000,1000,1000,0,6000,1/10/2023,2023-10-01,2025-11-09 06:51:02.752980,data/lms_loan_daily.csv,2023-10-01
CUS_0xa762_2023_05_01,CUS_0xa762,1/5/2023,10,5,10000,1000,1000,0,5000,1/10/2023,2023-10-01,2025-11-09 06:51:02.752980,data/lms_loan_daily.csv,2023-10-01
CUS_0xa778_2023_09_01,CUS_0xa778,1/9/2023,10,1,10000,1000,1000,0,9000,1/10/2023,2023-10-01,2025-11-09 06:51:02.752980,data/lms_loan_daily.csv,2023-10-01
CUS_0xa77e_2023_05_01,CUS_0xa77e,1/5/2023,10,5,10000,1000,1000,0,5000,1/10/2023,2023-10-01,2025-11-09 06:51:02.752980,data/lms_loan_daily.csv,2023-10-01
CUS_0xa780_2023_04_01,CUS_0xa780,1/4/2023,10,6,10000,1000,1000,0,4000,1/10/2023,2023-10-01,2025-11-09 06:51:02.752980,data/lms_loan_daily.csv,2023-10-01
CUS_0xa79d_2023_09_01,CUS_0xa79d,1/9/2023,10,1,10000,1000,1000,0,9000,1/10/2023,2023-10-01,2025-11-09 06:51:02.752980,data/lms_loan_daily.csv,2023-10-01
CUS_0xa7a4_2023_04_01,CUS_0xa7a4,1/4/2023,10,6,10000,1000,1000,0,4000,1/10/2023,2023-10-01,2025-11-09 06:51:02.752980,data/lms_loan_daily.csv,2023-10-01
CUS_0xa7aa_2023_08_01,CUS_0xa7aa,1/8/2023,10,2,10000,1000,1000,0,8000,1/10/2023,2023-10-01,2025-11-09 06:51:02.752980,data/lms_loan_daily.csv,2023-10-01
CUS_0xa7ab_2023_06_01,CUS_0xa7ab,1/6/2023,10,4,10000,1000,1000,0,6000,1/10/2023,2023-10-01,2025-11-09 06:51:02.752980,data/lms_loan_daily.csv,2023-10-01
CUS_0xa7b5_2023_09_01,CUS_0xa7b5,1/9/2023,10,1,10000,1000,1000,0,9000,1/10/2023,2023-10-01,2025-11-09 06:51:02.752980,data/lms_loan_daily.csv,2023-10-01
CUS_0xa7b6_2023_06_01,CUS_0xa7b6,1/6/2023,10,4,10000,1000,1000,0,6000,1/10/2023,2023-10-01,2025-11-09 06:51:02.752980,data/lms_loan_daily.csv,2023-10-01
CUS_0xa7cd_2023_06_01,CUS_0xa7cd,1/6/2023,10,4,10000,1000,0,3000,9000,1/10/2023,2023-10-01,2025-11-09 06:51:02.752980,data/lms_loan_daily.csv,2023-10-01
CUS_0xa7d0_2023_10_01,CUS_0xa7d0,1/10/2023,10,0,10000,0,0,0,10000,1/10/2023,2023-10-01,2025-11-09 06:51:02.752980,data/lms_loan_daily.csv,2023-10-01
CUS_0xa7e1_2023_02_01,CUS_0xa7e1,1/2/2023,10,8,10000,1000,1000,0,2000,1/10/2023,2023-10-01,2025-11-09 06:51:02.752980,data/lms_loan_daily.csv,2023-10-01
CUS_0xa7ea_2023_05_01,CUS_0xa7ea,1/5/2023,10,5,10000,1000,1000,0,5000,1/10/2023,2023-10-01,2025-11-09 06:51:02.752980,data/lms_loan_daily.csv,2023-10-01
CUS_0xa7f3_2023_03_01,CUS_0xa7f3,1/3/2023,10,7,10000,1000,1000,0,3000,1/10/2023,2023-10-01,2025-11-09 06:51:02.752980,data/lms_loan_daily.csv,2023-10-01
CUS_0xa80_2023_09_01,CUS_0xa80,1/9/2023,10,1,10000,1000,1000,0,9000,1/10/2023,2023-10-01,2025-11-09 06:51:02.752980,data/lms_loan_daily.csv,2023-10-01
CUS_0xa801_2023_01_01,CUS_0xa801,1/1/2023,10,9,10000,1000,1000,0,1000,1/10/2023,2023-10-01,2025-11-09 06:51:02.752980,data/lms_loan_daily.csv,2023-10-01
CUS_0xa806_2023_02_01,CUS_0xa806,1/2/2023,10,8,10000,1000,1000,0,2000,1/10/2023,2023-10-01,2025-11-09 06:51:02.752980,data/lms_loan_daily.csv,2023-10-01
CUS_0xa814_2023_10_01,CUS_0xa814,1/10/2023,10,0,10000,0,0,0,10000,1/10/2023,2023-10-01,2025-11-09 06:51:02.752980,data/lms_loan_daily.csv,2023-10-01
CUS_0xa822_2023_08_01,CUS_0xa822,1/8/2023,10,2,10000,1000,1000,0,8000,1/10/2023,2023-10-01,2025-11-09 06:51:02.752980,data/lms_loan_daily.csv,2023-10-01
CUS_0xa82c_2023_10_01,CUS_0xa82c,1/10/2023,10,0,10000,0,0,0,10000,1/10/2023,2023-10-01,2025-11-09 06:51:02.752980,data/lms_loan_daily.csv,2023-10-01
CUS_0xa83_2023_01_01,CUS_0xa83,1/1/2023,10,9,10000,1000,1000,0,1000,1/10/2023,2023-10-01,2025-11-09 06:51:02.752980,data/lms_loan_daily.csv,2023-10-01
CUS_0xa83a_2023_08_01,CUS_0xa83a,1/8/2023,10,2,10000,1000,0,1000,9000,1/10/2023,2023-10-01,2025-11-09 06:51:02.752980,data/lms_loan_daily.csv,2023-10-01
CUS_0xa843_2023_06_01,CUS_0xa843,1/6/2023,10,4,10000,1000,1000,0,6000,1/10/2023,2023-10-01,2025-11-09 06:51:02.752980,data/lms_loan_daily.csv,2023-10-01
CUS_0xa86_2023_03_01,CUS_0xa86,1/3/2023,10,7,10000,1000,1000,0,3000,1/10/2023,2023-10-01,2025-11-09 06:51:02.752980,data/lms_loan_daily.csv,2023-10-01
CUS_0xa861_2023_03_01,CUS_0xa861,1/3/2023,10,7,10000,1000,1000,0,3000,1/10/2023,2023-10-01,2025-11-09 06:51:02.752980,data/lms_loan_daily.csv,2023-10-01
CUS_0xa865_2023_06_01,CUS_0xa865,1/6/2023,10,4,10000,1000,1000,0,6000,1/10/2023,2023-10-01,2025-11-09 06:51:02.752980,data/lms_loan_daily.csv,2023-10-01
CUS_0xa86b_2023_06_01,CUS_0xa86b,1/6/2023,10,4,10000,1000,1000,0,6000,1/10/2023,2023-10-01,2025-11-09 06:51:02.752980,data/lms_loan_daily.csv,2023-10-01
CUS_0xa877_2023_09_01,CUS_0xa877,1/9/2023,10,1,10000,1000,1000,0,9000,1/10/2023,2023-10-01,2025-11-09 06:51:02.752980,data/lms_loan_daily.csv,2023-10-01
CUS_0xa878_2023_07_01,CUS_0xa878,1/7/2023,10,3,10000,1000,2000,0,7000,1/10/2023,2023-10-01,2025-11-09 06:51:02.752980,data/lms_loan_daily.csv,2023-10-01
CUS_0xa88_2023_06_01,CUS_0xa88,1/6/2023,10,4,10000,1000,1000,0,6000,1/10/2023,2023-10-01,2025-11-09 06:51:02.752980,data/lms_loan_daily.csv,2023-10-01
CUS_0xa88c_2023_03_01,CUS_0xa88c,1/3/2023,10,7,10000,1000,1000,0,3000,1/10/2023,2023-10-01,2025-11-09 06:51:02.752980,data/lms_loan_daily.csv,2023-10-01
CUS_0xa897_2023_08_01,CUS_0xa897,1/8/2023,10,2,10000,1000,2000,0,8000,1/10/2023,2023-10-01,2025-11-09 06:51:02.752980,data/lms_loan_daily.csv,2023-10-01
CUS_0xa8b7_2023_02_01,CUS_0xa8b7,1/2/2023,10,8,10000,1000,1000,0,2000,1/10/2023,2023-10-01,2025-11-09 06:51:02.752980,data/lms_loan_daily.csv,2023-10-01
CUS_0xa8c_2023_10_01,CUS_0xa8c,1/10/2023,10,0,10000,0,0,0,10000,1/10/2023,2023-10-01,2025-11-09 06:51:02.752980,data/lms_loan_daily.csv,2023-10-01
CUS_0xa8c1_2023_04_01,CUS_0xa8c1,1/4/2023,10,6,10000,1000,0,5000,9000,1/10/2023,2023-10-01,2025-11-09 06:51:02.752980,data/lms_loan_daily.csv,2023-10-01
CUS_0xa8c6_2023_01_01,CUS_0xa8c6,1/1/2023,10,9,10000,1000,1000,0,1000,1/10/2023,2023-10-01,2025-11-09 06:51:02.752980,data/lms_loan_daily.csv,2023-10-01
CUS_0xa8ce_2023_02_01,CUS_0xa8ce,1/2/2023,10,8,10000,1000,1000,0,2000,1/10/2023,2023-10-01,2025-11-09 06:51:02.752980,data/lms_loan_daily.csv,2023-10-01
CUS_0xa8d1_2023_08_01,CUS_0xa8d1,1/8/2023,10,2,10000,1000,1000,0,8000,1/10/2023,2023-10-01,2025-11-09 06:51:02.752980,data/lms_loan_daily.csv,2023-10-01
CUS_0xa8d8_2023_08_01,CUS_0xa8d8,1/8/2023,10,2,10000,1000,1000,0,8000,1/10/2023,2023-10-01,2025-11-09 06:51:02.752980,data/lms_loan_daily.csv,2023-10-01
CUS_0xa8e7_2023_02_01,CUS_0xa8e7,1/2/2023,10,8,10000,1000,1000,0,2000,1/10/2023,2023-10-01,2025-11-09 06:51:02.752980,data/lms_loan_daily.csv,2023-10-01
CUS_0xa8ed_2023_10_01,CUS_0xa8ed,1/10/2023,10,0,10000,0,0,0,10000,1/10/2023,2023-10-01,2025-11-09 06:51:02.752980,data/lms_loan_daily.csv,2023-10-01
CUS_0xa910_2023_04_01,CUS_0xa910,1/4/2023,10,6,10000,1000,1000,0,4000,1/10/2023,2023-10-01,2025-11-09 06:51:02.752980,data/lms_loan_daily.csv,2023-10-01
CUS_0xa918_2023_01_01,CUS_0xa918,1/1/2023,10,9,10000,1000,1000,0,1000,1/10/2023,2023-10-01,2025-11-09 06:51:02.752980,data/lms_loan_daily.csv,2023-10-01
CUS_0xa91e_2023_04_01,CUS_0xa91e,1/4/2023,10,6,10000,1000,1000,0,4000,1/10/2023,2023-10-01,2025-11-09 06:51:02.752980,data/lms_loan_daily.csv,2023-10-01
CUS_0xa934_2023_09_01,CUS_0xa934,1/9/2023,10,1,10000,1000,1000,0,9000,1/10/2023,2023-10-01,2025-11-09 06:51:02.752980,data/lms_loan_daily.csv,2023-10-01
CUS_0xa93b_2023_06_01,CUS_0xa93b,1/6/2023,10,4,10000,1000,1000,0,6000,1/10/2023,2023-10-01,2025-11-09 06:51:02.752980,data/lms_loan_daily.csv,2023-10-01
CUS_0xa940_2023_10_01,CUS_0xa940,1/10/2023,10,0,10000,0,0,0,10000,1/10/2023,2023-10-01,2025-11-09 06:51:02.752980,data/lms_loan_daily.csv,2023-10-01
CUS_0xa95a_2023_08_01,CUS_0xa95a,1/8/2023,10,2,10000,1000,1000,0,8000,1/10/2023,2023-10-01,2025-11-09 06:51:02.752980,data/lms_loan_daily.csv,2023-10-01
CUS_0xa95d_2023_10_01,CUS_0xa95d,1/10/2023,10,0,10000,0,0,0,10000,1/10/2023,2023-10-01,2025-11-09 06:51:02.752980,data/lms_loan_daily.csv,2023-10-01
CUS_0xa962_2023_02_01,CUS_0xa962,1/2/2023,10,8,10000,1000,1000,0,2000,1/10/2023,2023-10-01,2025-11-09 06:51:02.752980,data/lms_loan_daily.csv,2023-10-01
CUS_0xa96d_2023_08_01,CUS_0xa96d,1/8/2023,10,2,10000,1000,0,1000,9000,1/10/2023,2023-10-01,2025-11-09 06:51:02.752980,data/lms_loan_daily.csv,2023-10-01
CUS_0xa972_2023_08_01,CUS_0xa972,1/8/2023,10,2,10000,1000,1000,0,8000,1/10/2023,2023-10-01,2025-11-09 06:51:02.752980,data/lms_loan_daily.csv,2023-10-01
CUS_0xa973_2023_02_01,CUS_0xa973,1/2/2023,10,8,10000,1000,1000,0,2000,1/10/2023,2023-10-01,2025-11-09 06:51:02.752980,data/lms_loan_daily.csv,2023-10-01
CUS_0xa97a_2023_04_01,CUS_0xa97a,1/4/2023,10,6,10000,1000,0,4000,8000,1/10/2023,2023-10-01,2025-11-09 06:51:02.752980,data/lms_loan_daily.csv,2023-10-01
CUS_0xa980_2023_02_01,CUS_0xa980,1/2/2023,10,8,10000,1000,1000,0,2000,1/10/2023,2023-10-01,2025-11-09 06:51:02.752980,data/lms_loan_daily.csv,2023-10-01
CUS_0xa990_2023_08_01,CUS_0xa990,1/8/2023,10,2,10000,1000,0,1000,9000,1/10/2023,2023-10-01,2025-11-09 06:51:02.752980,data/lms_loan_daily.csv,2023-10-01
CUS_0xa995_2023_08_01,CUS_0xa995,1/8/2023,10,2,10000,1000,1000,0,8000,1/10/2023,2023-10-01,2025-11-09 06:51:02.752980,data/lms_loan_daily.csv,2023-10-01
CUS_0xa99a_2023_08_01,CUS_0xa99a,1/8/2023,10,2,10000,1000,1000,0,8000,1/10/2023,2023-10-01,2025-11-09 06:51:02.752980,data/lms_loan_daily.csv,2023-10-01
CUS_0xa99c_2023_02_01,CUS_0xa99c,1/2/2023,10,8,10000,1000,0,4000,6000,1/10/2023,2023-10-01,2025-11-09 06:51:02.752980,data/lms_loan_daily.csv,2023-10-01
CUS_0xa9a_2023_01_01,CUS_0xa9a,1/1/2023,10,9,10000,1000,1000,0,1000,1/10/2023,2023-10-01,2025-11-09 06:51:02.752980,data/lms_loan_daily.csv,2023-10-01
CUS_0xa9a8_2023_03_01,CUS_0xa9a8,1/3/2023,10,7,10000,1000,0,6000,9000,1/10/2023,2023-10-01,2025-11-09 06:51:02.752980,data/lms_loan_daily.csv,2023-10-01
CUS_0xa9b4_2023_03_01,CUS_0xa9b4,1/3/2023,10,7,10000,1000,0,3000,6000,1/10/2023,2023-10-01,2025-11-09 06:51:02.752980,data/lms_loan_daily.csv,2023-10-01
CUS_0xa9d1_2023_10_01,CUS_0xa9d1,1/10/2023,10,0,10000,0,0,0,10000,1/10/2023,2023-10-01,2025-11-09 06:51:02.752980,data/lms_loan_daily.csv,2023-10-01
CUS_0xa9d2_2023_02_01,CUS_0xa9d2,1/2/2023,10,8,10000,1000,1000,0,2000,1/10/2023,2023-10-01,2025-11-09 06:51:02.752980,data/lms_loan_daily.csv,2023-10-01
CUS_0xa9d6_2023_08_01,CUS_0xa9d6,1/8/2023,10,2,10000,1000,1000,0,8000,1/10/2023,2023-10-01,2025-11-09 06:51:02.752980,data/lms_loan_daily.csv,2023-10-01
CUS_0xa9d9_2023_07_01,CUS_0xa9d9,1/7/2023,10,3,10000,1000,0,2000,9000,1/10/2023,2023-10-01,2025-11-09 06:51:02.752980,data/lms_loan_daily.csv,2023-10-01
CUS_0xa9e_2023_03_01,CUS_0xa9e,1/3/2023,10,7,10000,1000,1000,0,3000,1/10/2023,2023-10-01,2025-11-09 06:51:02.752980,data/lms_loan_daily.csv,2023-10-01
CUS_0xa9e3_2023_08_01,CUS_0xa9e3,1/8/2023,10,2,10000,1000,1000,0,8000,1/10/2023,2023-10-01,2025-11-09 06:51:02.752980,data/lms_loan_daily.csv,2023-10-01
CUS_0xa9e7_2023_08_01,CUS_0xa9e7,1/8/2023,10,2,10000,1000,1000,0,8000,1/10/2023,2023-10-01,2025-11-09 06:51:02.752980,data/lms_loan_daily.csv,2023-10-01
CUS_0xa9f_2023_04_01,CUS_0xa9f,1/4/2023,10,6,10000,1000,1000,0,4000,1/10/2023,2023-10-01,2025-11-09 06:51:02.752980,data/lms_loan_daily.csv,2023-10-01
CUS_0xa9f5_2023_05_01,CUS_0xa9f5,1/5/2023,10,5,10000,1000,0,3000,8000,1/10/2023,2023-10-01,2025-11-09 06:51:02.752980,data/lms_loan_daily.csv,2023-10-01
CUS_0xaa0a_2023_09_01,CUS_0xaa0a,1/9/2023,10,1,10000,1000,1000,0,9000,1/10/2023,2023-10-01,2025-11-09 06:51:02.752980,data/lms_loan_daily.csv,2023-10-01
CUS_0xaa0d_2023_03_01,CUS_0xaa0d,1/3/2023,10,7,10000,1000,1000,0,3000,1/10/2023,2023-10-01,2025-11-09 06:51:02.752980,data/lms_loan_daily.csv,2023-10-01
CUS_0xaa15_2023_05_01,CUS_0xaa15,1/5/2023,10,5,10000,1000,1000,0,5000,1/10/2023,2023-10-01,2025-11-09 06:51:02.752980,data/lms_loan_daily.csv,2023-10-01
CUS_0xaa3b_2023_09_01,CUS_0xaa3b,1/9/2023,10,1,10000,1000,1000,0,9000,1/10/2023,2023-10-01,2025-11-09 06:51:02.752980,data/lms_loan_daily.csv,2023-10-01
CUS_0xaa3d_2023_02_01,CUS_0xaa3d,1/2/2023,10,8,10000,1000,0,4000,6000,1/10/2023,2023-10-01,2025-11-09 06:51:02.752980,data/lms_loan_daily.csv,2023-10-01
CUS_0xaa4_2023_04_01,CUS_0xaa4,1/4/2023,10,6,10000,1000,0,4000,8000,1/10/2023,2023-10-01,2025-11-09 06:51:02.752980,data/lms_loan_daily.csv,2023-10-01
CUS_0xaa52_2023_05_01,CUS_0xaa52,1/5/2023,10,5,10000,1000,1000,0,5000,1/10/2023,2023-10-01,2025-11-09 06:51:02.752980,data/lms_loan_daily.csv,2023-10-01
CUS_0xaa56_2023_02_01,CUS_0xaa56,1/2/2023,10,8,10000,1000,0,5000,7000,1/10/2023,2023-10-01,2025-11-09 06:51:02.752980,data/lms_loan_daily.csv,2023-10-01
CUS_0xaa5b_2023_05_01,CUS_0xaa5b,1/5/2023,10,5,10000,1000,0,3000,8000,1/10/2023,2023-10-01,2025-11-09 06:51:02.752980,data/lms_loan_daily.csv,2023-10-01
CUS_0xaa62_2023_03_01,CUS_0xaa62,1/3/2023,10,7,10000,1000,1000,0,3000,1/10/2023,2023-10-01,2025-11-09 06:51:02.752980,data/lms_loan_daily.csv,2023-10-01
CUS_0xaa74_2023_09_01,CUS_0xaa74,1/9/2023,10,1,10000,1000,1000,0,9000,1/10/2023,2023-10-01,2025-11-09 06:51:02.752980,data/lms_loan_daily.csv,2023-10-01
CUS_0xaa7c_2023_09_01,CUS_0xaa7c,1/9/2023,10,1,10000,1000,1000,0,9000,1/10/2023,2023-10-01,2025-11-09 06:51:02.752980,data/lms_loan_daily.csv,2023-10-01
CUS_0xaa85_2023_05_01,CUS_0xaa85,1/5/2023,10,5,10000,1000,1000,0,5000,1/10/2023,2023-10-01,2025-11-09 06:51:02.752980,data/lms_loan_daily.csv,2023-10-01
CUS_0xaa87_2023_08_01,CUS_0xaa87,1/8/2023,10,2,10000,1000,1000,0,8000,1/10/2023,2023-10-01,2025-11-09 06:51:02.752980,data/lms_loan_daily.csv,2023-10-01
CUS_0xaa8c_2023_06_01,CUS_0xaa8c,1/6/2023,10,4,10000,1000,1000,0,6000,1/10/2023,2023-10-01,2025-11-09 06:51:02.752980,data/lms_loan_daily.csv,2023-10-01
CUS_0xaa8e_2023_01_01,CUS_0xaa8e,1/1/2023,10,9,10000,1000,0,5000,6000,1/10/2023,2023-10-01,2025-11-09 06:51:02.752980,data/lms_loan_daily.csv,2023-10-01
CUS_0xaaaf_2023_06_01,CUS_0xaaaf,1/6/2023,10,4,10000,1000,1000,0,6000,1/10/2023,2023-10-01,2025-11-09 06:51:02.752980,data/lms_loan_daily.csv,2023-10-01
CUS_0xaab3_2023_04_01,CUS_0xaab3,1/4/2023,10,6,10000,1000,0,3000,7000,1/10/2023,2023-10-01,2025-11-09 06:51:02.752980,data/lms_loan_daily.csv,2023-10-01
CUS_0xaabb_2023_04_01,CUS_0xaabb,1/4/2023,10,6,10000,1000,1000,0,4000,1/10/2023,2023-10-01,2025-11-09 06:51:02.752980,data/lms_loan_daily.csv,2023-10-01
CUS_0xaac3_2023_05_01,CUS_0xaac3,1/5/2023,10,5,10000,1000,1000,0,5000,1/10/2023,2023-10-01,2025-11-09 06:51:02.752980,data/lms_loan_daily.csv,2023-10-01
CUS_0xaacd_2023_02_01,CUS_0xaacd,1/2/2023,10,8,10000,1000,0,6000,8000,1/10/2023,2023-10-01,2025-11-09 06:51:02.752980,data/lms_loan_daily.csv,2023-10-01
CUS_0xaad9_2023_10_01,CUS_0xaad9,1/10/2023,10,0,10000,0,0,0,10000,1/10/2023,2023-10-01,2025-11-09 06:51:02.752980,data/lms_loan_daily.csv,2023-10-01
CUS_0xaadf_2023_10_01,CUS_0xaadf,1/10/2023,10,0,10000,0,0,0,10000,1/10/2023,2023-10-01,2025-11-09 06:51:02.752980,data/lms_loan_daily.csv,2023-10-01
CUS_0xaaf8_2023_08_01,CUS_0xaaf8,1/8/2023,10,2,10000,1000,1000,0,8000,1/10/2023,2023-10-01,2025-11-09 06:51:02.752980,data/lms_loan_daily.csv,2023-10-01
CUS_0xaaff_2023_01_01,CUS_0xaaff,1/1/2023,10,9,10000,1000,1000,0,1000,1/10/2023,2023-10-01,2025-11-09 06:51:02.752980,data/lms_loan_daily.csv,2023-10-01
CUS_0xab01_2023_04_01,CUS_0xab01,1/4/2023,10,6,10000,1000,1000,0,4000,1/10/2023,2023-10-01,2025-11-09 06:51:02.752980,data/lms_loan_daily.csv,2023-10-01
CUS_0xab17_2023_05_01,CUS_0xab17,1/5/2023,10,5,10000,1000,1000,0,5000,1/10/2023,2023-10-01,2025-11-09 06:51:02.752980,data/lms_loan_daily.csv,2023-10-01
CUS_0xab2_2023_05_01,CUS_0xab2,1/5/2023,10,5,10000,1000,1000,0,5000,1/10/2023,2023-10-01,2025-11-09 06:51:02.752980,data/lms_loan_daily.csv,2023-10-01
CUS_0xab32_2023_04_01,CUS_0xab32,1/4/2023,10,6,10000,1000,1000,0,4000,1/10/2023,2023-10-01,2025-11-09 06:51:02.752980,data/lms_loan_daily.csv,2023-10-01
CUS_0xab35_2023_04_01,CUS_0xab35,1/4/2023,10,6,10000,1000,1000,0,4000,1/10/2023,2023-10-01,2025-11-09 06:51:02.752980,data/lms_loan_daily.csv,2023-10-01
CUS_0xab3a_2023_10_01,CUS_0xab3a,1/10/2023,10,0,10000,0,0,0,10000,1/10/2023,2023-10-01,2025-11-09 06:51:02.752980,data/lms_loan_daily.csv,2023-10-01
CUS_0xab3b_2023_02_01,CUS_0xab3b,1/2/2023,10,8,10000,1000,1000,0,2000,1/10/2023,2023-10-01,2025-11-09 06:51:02.752980,data/lms_loan_daily.csv,2023-10-01
CUS_0xab43_2023_03_01,CUS_0xab43,1/3/2023,10,7,10000,1000,0,3000,6000,1/10/2023,2023-10-01,2025-11-09 06:51:02.752980,data/lms_loan_daily.csv,2023-10-01
CUS_0xab4a_2023_04_01,CUS_0xab4a,1/4/2023,10,6,10000,1000,0,4000,8000,1/10/2023,2023-10-01,2025-11-09 06:51:02.752980,data/lms_loan_daily.csv,2023-10-01
CUS_0xab61_2023_09_01,CUS_0xab61,1/9/2023,10,1,10000,1000,1000,0,9000,1/10/2023,2023-10-01,2025-11-09 06:51:02.752980,data/lms_loan_daily.csv,2023-10-01
CUS_0xab76_2023_07_01,CUS_0xab76,1/7/2023,10,3,10000,1000,1000,0,7000,1/10/2023,2023-10-01,2025-11-09 06:51:02.752980,data/lms_loan_daily.csv,2023-10-01
CUS_0xab80_2023_06_01,CUS_0xab80,1/6/2023,10,4,10000,1000,1000,0,6000,1/10/2023,2023-10-01,2025-11-09 06:51:02.752980,data/lms_loan_daily.csv,2023-10-01
CUS_0xab92_2023_05_01,CUS_0xab92,1/5/2023,10,5,10000,1000,0,3000,8000,1/10/2023,2023-10-01,2025-11-09 06:51:02.752980,data/lms_loan_daily.csv,2023-10-01
CUS_0xab9e_2023_10_01,CUS_0xab9e,1/10/2023,10,0,10000,0,0,0,10000,1/10/2023,2023-10-01,2025-11-09 06:51:02.752980,data/lms_loan_daily.csv,2023-10-01
CUS_0xabb5_2023_10_01,CUS_0xabb5,1/10/2023,10,0,10000,0,0,0,10000,1/10/2023,2023-10-01,2025-11-09 06:51:02.752980,data/lms_loan_daily.csv,2023-10-01
CUS_0xabbd_2023_03_01,CUS_0xabbd,1/3/2023,10,7,10000,1000,0,4000,7000,1/10/2023,2023-10-01,2025-11-09 06:51:02.752980,data/lms_loan_daily.csv,2023-10-01
CUS_0xabc0_2023_04_01,CUS_0xabc0,1/4/2023,10,6,10000,1000,1000,0,4000,1/10/2023,2023-10-01,2025-11-09 06:51:02.752980,data/lms_loan_daily.csv,2023-10-01
CUS_0xabc1_2023_07_01,CUS_0xabc1,1/7/2023,10,3,10000,1000,1000,0,7000,1/10/2023,2023-10-01,2025-11-09 06:51:02.752980,data/lms_loan_daily.csv,2023-10-01
CUS_0xabea_2023_04_01,CUS_0xabea,1/4/2023,10,6,10000,1000,1000,0,4000,1/10/2023,2023-10-01,2025-11-09 06:51:02.752980,data/lms_loan_daily.csv,2023-10-01
CUS_0xabed_2023_04_01,CUS_0xabed,1/4/2023,10,6,10000,1000,1000,0,4000,1/10/2023,2023-10-01,2025-11-09 06:51:02.752980,data/lms_loan_daily.csv,2023-10-01
CUS_0xabef_2023_07_01,CUS_0xabef,1/7/2023,10,3,10000,1000,1000,0,7000,1/10/2023,2023-10-01,2025-11-09 06:51:02.752980,data/lms_loan_daily.csv,2023-10-01
CUS_0xabf2_2023_01_01,CUS_0xabf2,1/1/2023,10,9,10000,1000,1000,0,1000,1/10/2023,2023-10-01,2025-11-09 06:51:02.752980,data/lms_loan_daily.csv,2023-10-01
CUS_0xabf6_2023_03_01,CUS_0xabf6,1/3/2023,10,7,10000,1000,1000,0,3000,1/10/2023,2023-10-01,2025-11-09 06:51:02.752980,data/lms_loan_daily.csv,2023-10-01
CUS_0xabff_2023_02_01,CUS_0xabff,1/2/2023,10,8,10000,1000,1000,0,2000,1/10/2023,2023-10-01,2025-11-09 06:51:02.752980,data/lms_loan_daily.csv,2023-10-01
CUS_0xac08_2023_09_01,CUS_0xac08,1/9/2023,10,1,10000,1000,1000,0,9000,1/10/2023,2023-10-01,2025-11-09 06:51:02.752980,data/lms_loan_daily.csv,2023-10-01
CUS_0xac0d_2023_06_01,CUS_0xac0d,1/6/2023,10,4,10000,1000,0,1000,7000,1/10/2023,2023-10-01,2025-11-09 06:51:02.752980,data/lms_loan_daily.csv,2023-10-01
CUS_0xac14_2023_02_01,CUS_0xac14,1/2/2023,10,8,10000,1000,1000,0,2000,1/10/2023,2023-10-01,2025-11-09 06:51:02.752980,data/lms_loan_daily.csv,2023-10-01
CUS_0xac16_2023_07_01,CUS_0xac16,1/7/2023,10,3,10000,1000,1000,0,7000,1/10/2023,2023-10-01,2025-11-09 06:51:02.752980,data/lms_loan_daily.csv,2023-10-01
CUS_0xac20_2023_04_01,CUS_0xac20,1/4/2023,10,6,10000,1000,1000,0,4000,1/10/2023,2023-10-01,2025-11-09 06:51:02.752980,data/lms_loan_daily.csv,2023-10-01
CUS_0xac39_2023_05_01,CUS_0xac39,1/5/2023,10,5,10000,1000,1000,0,5000,1/10/2023,2023-10-01,2025-11-09 06:51:02.752980,data/lms_loan_daily.csv,2023-10-01
CUS_0xac3b_2023_10_01,CUS_0xac3b,1/10/2023,10,0,10000,0,0,0,10000,1/10/2023,2023-10-01,2025-11-09 06:51:02.752980,data/lms_loan_daily.csv,2023-10-01
CUS_0xac41_2023_05_01,CUS_0xac41,1/5/2023,10,5,10000,1000,0,2000,7000,1/10/2023,2023-10-01,2025-11-09 06:51:02.752980,data/lms_loan_daily.csv,2023-10-01
CUS_0xac46_2023_01_01,CUS_0xac46,1/1/2023,10,9,10000,1000,0,8000,9000,1/10/2023,2023-10-01,2025-11-09 06:51:02.752980,data/lms_loan_daily.csv,2023-10-01
CUS_0xac51_2023_04_01,CUS_0xac51,1/4/2023,10,6,10000,1000,0,3000,7000,1/10/2023,2023-10-01,2025-11-09 06:51:02.752980,data/lms_loan_daily.csv,2023-10-01
CUS_0xac54_2023_10_01,CUS_0xac54,1/10/2023,10,0,10000,0,0,0,10000,1/10/2023,2023-10-01,2025-11-09 06:51:02.752980,data/lms_loan_daily.csv,2023-10-01
CUS_0xac58_2023_04_01,CUS_0xac58,1/4/2023,10,6,10000,1000,1000,0,4000,1/10/2023,2023-10-01,2025-11-09 06:51:02.752980,data/lms_loan_daily.csv,2023-10-01
CUS_0xac5c_2023_03_01,CUS_0xac5c,1/3/2023,10,7,10000,1000,0,3000,6000,1/10/2023,2023-10-01,2025-11-09 06:51:02.752980,data/lms_loan_daily.csv,2023-10-01
CUS_0xac67_2023_07_01,CUS_0xac67,1/7/2023,10,3,10000,1000,0,2000,9000,1/10/2023,2023-10-01,2025-11-09 06:51:02.752980,data/lms_loan_daily.csv,2023-10-01
CUS_0xac7c_2023_01_01,CUS_0xac7c,1/1/2023,10,9,10000,1000,0,7000,8000,1/10/2023,2023-10-01,2025-11-09 06:51:02.752980,data/lms_loan_daily.csv,2023-10-01
CUS_0xac7e_2023_02_01,CUS_0xac7e,1/2/2023,10,8,10000,1000,1000,0,2000,1/10/2023,2023-10-01,2025-11-09 06:51:02.752980,data/lms_loan_daily.csv,2023-10-01
CUS_0xac86_2023_05_01,CUS_0xac86,1/5/2023,10,5,10000,1000,1000,0,5000,1/10/2023,2023-10-01,2025-11-09 06:51:02.752980,data/lms_loan_daily.csv,2023-10-01
CUS_0xac95_2023_03_01,CUS_0xac95,1/3/2023,10,7,10000,1000,1000,0,3000,1/10/2023,2023-10-01,2025-11-09 06:51:02.752980,data/lms_loan_daily.csv,2023-10-01
CUS_0xaca7_2023_01_01,CUS_0xaca7,1/1/2023,10,9,10000,1000,0,6000,7000,1/10/2023,2023-10-01,2025-11-09 06:51:02.752980,data/lms_loan_daily.csv,2023-10-01
CUS_0xacab_2023_01_01,CUS_0xacab,1/1/2023,10,9,10000,1000,1000,0,1000,1/10/2023,2023-10-01,2025-11-09 06:51:02.752980,data/lms_loan_daily.csv,2023-10-01
CUS_0xacc6_2023_08_01,CUS_0xacc6,1/8/2023,10,2,10000,1000,1000,0,8000,1/10/2023,2023-10-01,2025-11-09 06:51:02.752980,data/lms_loan_daily.csv,2023-10-01
CUS_0xacd_2023_07_01,CUS_0xacd,1/7/2023,10,3,10000,1000,0,1000,8000,1/10/2023,2023-10-01,2025-11-09 06:51:02.752980,data/lms_loan_daily.csv,2023-10-01
CUS_0xacd4_2023_03_01,CUS_0xacd4,1/3/2023,10,7,10000,1000,0,6000,9000,1/10/2023,2023-10-01,2025-11-09 06:51:02.752980,data/lms_loan_daily.csv,2023-10-01
CUS_0xacd6_2023_07_01,CUS_0xacd6,1/7/2023,10,3,10000,1000,1000,0,7000,1/10/2023,2023-10-01,2025-11-09 06:51:02.752980,data/lms_loan_daily.csv,2023-10-01
CUS_0xacd7_2023_07_01,CUS_0xacd7,1/7/2023,10,3,10000,1000,0,1000,8000,1/10/2023,2023-10-01,2025-11-09 06:51:02.752980,data/lms_loan_daily.csv,2023-10-01
CUS_0xacf_2023_06_01,CUS_0xacf,1/6/2023,10,4,10000,1000,1000,0,6000,1/10/2023,2023-10-01,2025-11-09 06:51:02.752980,data/lms_loan_daily.csv,2023-10-01
CUS_0xacfa_2023_01_01,CUS_0xacfa,1/1/2023,10,9,10000,1000,0,5000,6000,1/10/2023,2023-10-01,2025-11-09 06:51:02.752980,data/lms_loan_daily.csv,2023-10-01
CUS_0xacfc_2023_07_01,CUS_0xacfc,1/7/2023,10,3,10000,1000,1000,0,7000,1/10/2023,2023-10-01,2025-11-09 06:51:02.752980,data/lms_loan_daily.csv,2023-10-01
CUS_0xad13_2023_01_01,CUS_0xad13,1/1/2023,10,9,10000,1000,1000,0,1000,1/10/2023,2023-10-01,2025-11-09 06:51:02.752980,data/lms_loan_daily.csv,2023-10-01
CUS_0xad19_2023_06_01,CUS_0xad19,1/6/2023,10,4,10000,1000,1000,0,6000,1/10/2023,2023-10-01,2025-11-09 06:51:02.752980,data/lms_loan_daily.csv,2023-10-01
CUS_0xad1d_2023_01_01,CUS_0xad1d,1/1/2023,10,9,10000,1000,1000,0,1000,1/10/2023,2023-10-01,2025-11-09 06:51:02.752980,data/lms_loan_daily.csv,2023-10-01
CUS_0xad30_2023_08_01,CUS_0xad30,1/8/2023,10,2,10000,1000,2000,0,8000,1/10/2023,2023-10-01,2025-11-09 06:51:02.752980,data/lms_loan_daily.csv,2023-10-01
CUS_0xad31_2023_04_01,CUS_0xad31,1/4/2023,10,6,10000,1000,0,2000,6000,1/10/2023,2023-10-01,2025-11-09 06:51:02.752980,data/lms_loan_daily.csv,2023-10-01
CUS_0xad38_2023_05_01,CUS_0xad38,1/5/2023,10,5,10000,1000,0,1000,6000,1/10/2023,2023-10-01,2025-11-09 06:51:02.752980,data/lms_loan_daily.csv,2023-10-01
CUS_0xad3d_2023_05_01,CUS_0xad3d,1/5/2023,10,5,10000,1000,1000,0,5000,1/10/2023,2023-10-01,2025-11-09 06:51:02.752980,data/lms_loan_daily.csv,2023-10-01
CUS_0xad7e_2023_03_01,CUS_0xad7e,1/3/2023,10,7,10000,1000,1000,0,3000,1/10/2023,2023-10-01,2025-11-09 06:51:02.752980,data/lms_loan_daily.csv,2023-10-01
CUS_0xad87_2023_03_01,CUS_0xad87,1/3/2023,10,7,10000,1000,0,4000,7000,1/10/2023,2023-10-01,2025-11-09 06:51:02.752980,data/lms_loan_daily.csv,2023-10-01
CUS_0xad90_2023_01_01,CUS_0xad90,1/1/2023,10,9,10000,1000,1000,0,1000,1/10/2023,2023-10-01,2025-11-09 06:51:02.752980,data/lms_loan_daily.csv,2023-10-01
CUS_0xad94_2023_09_01,CUS_0xad94,1/9/2023,10,1,10000,1000,1000,0,9000,1/10/2023,2023-10-01,2025-11-09 06:51:02.752980,data/lms_loan_daily.csv,2023-10-01
CUS_0xad9d_2023_02_01,CUS_0xad9d,1/2/2023,10,8,10000,1000,1000,0,2000,1/10/2023,2023-10-01,2025-11-09 06:51:02.752980,data/lms_loan_daily.csv,2023-10-01
CUS_0xada1_2023_08_01,CUS_0xada1,1/8/2023,10,2,10000,1000,1000,0,8000,1/10/2023,2023-10-01,2025-11-09 06:51:02.752980,data/lms_loan_daily.csv,2023-10-01
CUS_0xadad_2023_04_01,CUS_0xadad,1/4/2023,10,6,10000,1000,1000,0,4000,1/10/2023,2023-10-01,2025-11-09 06:51:02.752980,data/lms_loan_daily.csv,2023-10-01
CUS_0xadb2_2023_01_01,CUS_0xadb2,1/1/2023,10,9,10000,1000,1000,0,1000,1/10/2023,2023-10-01,2025-11-09 06:51:02.752980,data/lms_loan_daily.csv,2023-10-01
CUS_0xadb5_2023_04_01,CUS_0xadb5,1/4/2023,10,6,10000,1000,1000,0,4000,1/10/2023,2023-10-01,2025-11-09 06:51:02.752980,data/lms_loan_daily.csv,2023-10-01
CUS_0xadb7_2023_02_01,CUS_0xadb7,1/2/2023,10,8,10000,1000,0,6000,8000,1/10/2023,2023-10-01,2025-11-09 06:51:02.752980,data/lms_loan_daily.csv,2023-10-01
CUS_0xadb8_2023_01_01,CUS_0xadb8,1/1/2023,10,9,10000,1000,0,6000,7000,1/10/2023,2023-10-01,2025-11-09 06:51:02.752980,data/lms_loan_daily.csv,2023-10-01
CUS_0xadc8_2023_09_01,CUS_0xadc8,1/9/2023,10,1,10000,1000,1000,0,9000,1/10/2023,2023-10-01,2025-11-09 06:51:02.752980,data/lms_loan_daily.csv,2023-10-01
CUS_0xadd2_2023_04_01,CUS_0xadd2,1/4/2023,10,6,10000,1000,0,4000,8000,1/10/2023,2023-10-01,2025-11-09 06:51:02.752980,data/lms_loan_daily.csv,2023-10-01
CUS_0xade3_2023_08_01,CUS_0xade3,1/8/2023,10,2,10000,1000,1000,0,8000,1/10/2023,2023-10-01,2025-11-09 06:51:02.752980,data/lms_loan_daily.csv,2023-10-01
CUS_0xadee_2023_07_01,CUS_0xadee,1/7/2023,10,3,10000,1000,1000,0,7000,1/10/2023,2023-10-01,2025-11-09 06:51:02.752980,data/lms_loan_daily.csv,2023-10-01
CUS_0xadef_2023_09_01,CUS_0xadef,1/9/2023,10,1,10000,1000,1000,0,9000,1/10/2023,2023-10-01,2025-11-09 06:51:02.752980,data/lms_loan_daily.csv,2023-10-01
CUS_0xae03_2023_04_01,CUS_0xae03,1/4/2023,10,6,10000,1000,1000,0,4000,1/10/2023,2023-10-01,2025-11-09 06:51:02.752980,data/lms_loan_daily.csv,2023-10-01
CUS_0xae07_2023_06_01,CUS_0xae07,1/6/2023,10,4,10000,1000,1000,0,6000,1/10/2023,2023-10-01,2025-11-09 06:51:02.752980,data/lms_loan_daily.csv,2023-10-01
CUS_0xae09_2023_02_01,CUS_0xae09,1/2/2023,10,8,10000,1000,0,5000,7000,1/10/2023,2023-10-01,2025-11-09 06:51:02.752980,data/lms_loan_daily.csv,2023-10-01
CUS_0xae0a_2023_06_01,CUS_0xae0a,1/6/2023,10,4,10000,1000,1000,0,6000,1/10/2023,2023-10-01,2025-11-09 06:51:02.752980,data/lms_loan_daily.csv,2023-10-01
CUS_0xae25_2023_09_01,CUS_0xae25,1/9/2023,10,1,10000,1000,1000,0,9000,1/10/2023,2023-10-01,2025-11-09 06:51:02.752980,data/lms_loan_daily.csv,2023-10-01
CUS_0xae2e_2023_03_01,CUS_0xae2e,1/3/2023,10,7,10000,1000,1000,0,3000,1/10/2023,2023-10-01,2025-11-09 06:51:02.752980,data/lms_loan_daily.csv,2023-10-01
CUS_0xae34_2023_05_01,CUS_0xae34,1/5/2023,10,5,10000,1000,1000,0,5000,1/10/2023,2023-10-01,2025-11-09 06:51:02.752980,data/lms_loan_daily.csv,2023-10-01
CUS_0xae47_2023_03_01,CUS_0xae47,1/3/2023,10,7,10000,1000,0,4000,7000,1/10/2023,2023-10-01,2025-11-09 06:51:02.752980,data/lms_loan_daily.csv,2023-10-01
CUS_0xae51_2023_01_01,CUS_0xae51,1/1/2023,10,9,10000,1000,1000,0,1000,1/10/2023,2023-10-01,2025-11-09 06:51:02.752980,data/lms_loan_daily.csv,2023-10-01
CUS_0xae54_2023_06_01,CUS_0xae54,1/6/2023,10,4,10000,1000,1000,0,6000,1/10/2023,2023-10-01,2025-11-09 06:51:02.752980,data/lms_loan_daily.csv,2023-10-01
CUS_0xae58_2023_02_01,CUS_0xae58,1/2/2023,10,8,10000,1000,0,7000,9000,1/10/2023,2023-10-01,2025-11-09 06:51:02.752980,data/lms_loan_daily.csv,2023-10-01
CUS_0xae61_2023_08_01,CUS_0xae61,1/8/2023,10,2,10000,1000,1000,0,8000,1/10/2023,2023-10-01,2025-11-09 06:51:02.752980,data/lms_loan_daily.csv,2023-10-01
CUS_0xae62_2023_08_01,CUS_0xae62,1/8/2023,10,2,10000,1000,1000,0,8000,1/10/2023,2023-10-01,2025-11-09 06:51:02.752980,data/lms_loan_daily.csv,2023-10-01
CUS_0xae6a_2023_01_01,CUS_0xae6a,1/1/2023,10,9,10000,1000,1000,0,1000,1/10/2023,2023-10-01,2025-11-09 06:51:02.752980,data/lms_loan_daily.csv,2023-10-01
CUS_0xae6c_2023_07_01,CUS_0xae6c,1/7/2023,10,3,10000,1000,1000,0,7000,1/10/2023,2023-10-01,2025-11-09 06:51:02.752980,data/lms_loan_daily.csv,2023-10-01
CUS_0xae70_2023_04_01,CUS_0xae70,1/4/2023,10,6,10000,1000,0,2000,6000,1/10/2023,2023-10-01,2025-11-09 06:51:02.752980,data/lms_loan_daily.csv,2023-10-01
CUS_0xae75_2023_04_01,CUS_0xae75,1/4/2023,10,6,10000,1000,1000,0,4000,1/10/2023,2023-10-01,2025-11-09 06:51:02.752980,data/lms_loan_daily.csv,2023-10-01
CUS_0xae79_2023_05_01,CUS_0xae79,1/5/2023,10,5,10000,1000,1000,0,5000,1/10/2023,2023-10-01,2025-11-09 06:51:02.752980,data/lms_loan_daily.csv,2023-10-01
CUS_0xae7d_2023_01_01,CUS_0xae7d,1/1/2023,10,9,10000,1000,1000,0,1000,1/10/2023,2023-10-01,2025-11-09 06:51:02.752980,data/lms_loan_daily.csv,2023-10-01
CUS_0xae82_2023_07_01,CUS_0xae82,1/7/2023,10,3,10000,1000,1000,0,7000,1/10/2023,2023-10-01,2025-11-09 06:51:02.752980,data/lms_loan_daily.csv,2023-10-01
CUS_0xae93_2023_10_01,CUS_0xae93,1/10/2023,10,0,10000,0,0,0,10000,1/10/2023,2023-10-01,2025-11-09 06:51:02.752980,data/lms_loan_daily.csv,2023-10-01
CUS_0xae9e_2023_01_01,CUS_0xae9e,1/1/2023,10,9,10000,1000,0,6000,7000,1/10/2023,2023-10-01,2025-11-09 06:51:02.752980,data/lms_loan_daily.csv,2023-10-01
CUS_0xaeb8_2023_09_01,CUS_0xaeb8,1/9/2023,10,1,10000,1000,1000,0,9000,1/10/2023,2023-10-01,2025-11-09 06:51:02.752980,data/lms_loan_daily.csv,2023-10-01
CUS_0xaebc_2023_01_01,CUS_0xaebc,1/1/2023,10,9,10000,1000,1000,0,1000,1/10/2023,2023-10-01,2025-11-09 06:51:02.752980,data/lms_loan_daily.csv,2023-10-01
CUS_0xaec_2023_06_01,CUS_0xaec,1/6/2023,10,4,10000,1000,1000,0,6000,1/10/2023,2023-10-01,2025-11-09 06:51:02.752980,data/lms_loan_daily.csv,2023-10-01
CUS_0xaed2_2023_03_01,CUS_0xaed2,1/3/2023,10,7,10000,1000,0,3000,6000,1/10/2023,2023-10-01,2025-11-09 06:51:02.752980,data/lms_loan_daily.csv,2023-10-01
CUS_0xaed6_2023_06_01,CUS_0xaed6,1/6/2023,10,4,10000,1000,1000,0,6000,1/10/2023,2023-10-01,2025-11-09 06:51:02.752980,data/lms_loan_daily.csv,2023-10-01
CUS_0xaedb_2023_02_01,CUS_0xaedb,1/2/2023,10,8,10000,1000,1000,0,2000,1/10/2023,2023-10-01,2025-11-09 06:51:02.752980,data/lms_loan_daily.csv,2023-10-01
CUS_0xaeec_2023_09_01,CUS_0xaeec,1/9/2023,10,1,10000,1000,1000,0,9000,1/10/2023,2023-10-01,2025-11-09 06:51:02.752980,data/lms_loan_daily.csv,2023-10-01
CUS_0xaef8_2023_03_01,CUS_0xaef8,1/3/2023,10,7,10000,1000,0,6000,9000,1/10/2023,2023-10-01,2025-11-09 06:51:02.752980,data/lms_loan_daily.csv,2023-10-01
CUS_0xaf09_2023_01_01,CUS_0xaf09,1/1/2023,10,9,10000,1000,1000,0,1000,1/10/2023,2023-10-01,2025-11-09 06:51:02.752980,data/lms_loan_daily.csv,2023-10-01
CUS_0xaf0a_2023_07_01,CUS_0xaf0a,1/7/2023,10,3,10000,1000,1000,0,7000,1/10/2023,2023-10-01,2025-11-09 06:51:02.752980,data/lms_loan_daily.csv,2023-10-01
CUS_0xaf14_2023_04_01,CUS_0xaf14,1/4/2023,10,6,10000,1000,1000,0,4000,1/10/2023,2023-10-01,2025-11-09 06:51:02.752980,data/lms_loan_daily.csv,2023-10-01
CUS_0xaf16_2023_04_01,CUS_0xaf16,1/4/2023,10,6,10000,1000,0,3000,7000,1/10/2023,2023-10-01,2025-11-09 06:51:02.752980,data/lms_loan_daily.csv,2023-10-01
CUS_0xaf1b_2023_10_01,CUS_0xaf1b,1/10/2023,10,0,10000,0,0,0,10000,1/10/2023,2023-10-01,2025-11-09 06:51:02.752980,data/lms_loan_daily.csv,2023-10-01
CUS_0xaf3a_2023_07_01,CUS_0xaf3a,1/7/2023,10,3,10000,1000,1000,0,7000,1/10/2023,2023-10-01,2025-11-09 06:51:02.752980,data/lms_loan_daily.csv,2023-10-01
CUS_0xaf3b_2023_06_01,CUS_0xaf3b,1/6/2023,10,4,10000,1000,1000,0,6000,1/10/2023,2023-10-01,2025-11-09 06:51:02.752980,data/lms_loan_daily.csv,2023-10-01
CUS_0xaf4a_2023_08_01,CUS_0xaf4a,1/8/2023,10,2,10000,1000,1000,0,8000,1/10/2023,2023-10-01,2025-11-09 06:51:02.752980,data/lms_loan_daily.csv,2023-10-01
CUS_0xaf6_2023_04_01,CUS_0xaf6,1/4/2023,10,6,10000,1000,0,5000,9000,1/10/2023,2023-10-01,2025-11-09 06:51:02.752980,data/lms_loan_daily.csv,2023-10-01
CUS_0xaf67_2023_02_01,CUS_0xaf67,1/2/2023,10,8,10000,1000,1000,0,2000,1/10/2023,2023-10-01,2025-11-09 06:51:02.752980,data/lms_loan_daily.csv,2023-10-01
CUS_0xaf75_2023_02_01,CUS_0xaf75,1/2/2023,10,8,10000,1000,0,7000,9000,1/10/2023,2023-10-01,2025-11-09 06:51:02.752980,data/lms_loan_daily.csv,2023-10-01
CUS_0xaf7d_2023_06_01,CUS_0xaf7d,1/6/2023,10,4,10000,1000,1000,0,6000,1/10/2023,2023-10-01,2025-11-09 06:51:02.752980,data/lms_loan_daily.csv,2023-10-01
CUS_0xaf81_2023_10_01,CUS_0xaf81,1/10/2023,10,0,10000,0,0,0,10000,1/10/2023,2023-10-01,2025-11-09 06:51:02.752980,data/lms_loan_daily.csv,2023-10-01
CUS_0xaf95_2023_08_01,CUS_0xaf95,1/8/2023,10,2,10000,1000,1000,0,8000,1/10/2023,2023-10-01,2025-11-09 06:51:02.752980,data/lms_loan_daily.csv,2023-10-01
CUS_0xaf96_2023_08_01,CUS_0xaf96,1/8/2023,10,2,10000,1000,1000,0,8000,1/10/2023,2023-10-01,2025-11-09 06:51:02.752980,data/lms_loan_daily.csv,2023-10-01
CUS_0xaf99_2023_04_01,CUS_0xaf99,1/4/2023,10,6,10000,1000,0,5000,9000,1/10/2023,2023-10-01,2025-11-09 06:51:02.752980,data/lms_loan_daily.csv,2023-10-01
CUS_0xafa8_2023_02_01,CUS_0xafa8,1/2/2023,10,8,10000,1000,1000,0,2000,1/10/2023,2023-10-01,2025-11-09 06:51:02.752980,data/lms_loan_daily.csv,2023-10-01
CUS_0xafb5_2023_01_01,CUS_0xafb5,1/1/2023,10,9,10000,1000,0,6000,7000,1/10/2023,2023-10-01,2025-11-09 06:51:02.752980,data/lms_loan_daily.csv,2023-10-01
CUS_0xafc0_2023_07_01,CUS_0xafc0,1/7/2023,10,3,10000,1000,1000,0,7000,1/10/2023,2023-10-01,2025-11-09 06:51:02.752980,data/lms_loan_daily.csv,2023-10-01
CUS_0xafc3_2023_10_01,CUS_0xafc3,1/10/2023,10,0,10000,0,0,0,10000,1/10/2023,2023-10-01,2025-11-09 06:51:02.752980,data/lms_loan_daily.csv,2023-10-01
CUS_0xafcd_2023_04_01,CUS_0xafcd,1/4/2023,10,6,10000,1000,1000,0,4000,1/10/2023,2023-10-01,2025-11-09 06:51:02.752980,data/lms_loan_daily.csv,2023-10-01
CUS_0xafce_2023_10_01,CUS_0xafce,1/10/2023,10,0,10000,0,0,0,10000,1/10/2023,2023-10-01,2025-11-09 06:51:02.752980,data/lms_loan_daily.csv,2023-10-01
CUS_0xafd1_2023_02_01,CUS_0xafd1,1/2/2023,10,8,10000,1000,0,5000,7000,1/10/2023,2023-10-01,2025-11-09 06:51:02.752980,data/lms_loan_daily.csv,2023-10-01
CUS_0xafd5_2023_06_01,CUS_0xafd5,1/6/2023,10,4,10000,1000,1000,0,6000,1/10/2023,2023-10-01,2025-11-09 06:51:02.752980,data/lms_loan_daily.csv,2023-10-01
CUS_0xafda_2023_03_01,CUS_0xafda,1/3/2023,10,7,10000,1000,1000,0,3000,1/10/2023,2023-10-01,2025-11-09 06:51:02.752980,data/lms_loan_daily.csv,2023-10-01
CUS_0xafed_2023_07_01,CUS_0xafed,1/7/2023,10,3,10000,1000,1000,0,7000,1/10/2023,2023-10-01,2025-11-09 06:51:02.752980,data/lms_loan_daily.csv,2023-10-01
CUS_0xaff6_2023_09_01,CUS_0xaff6,1/9/2023,10,1,10000,1000,1000,0,9000,1/10/2023,2023-10-01,2025-11-09 06:51:02.752980,data/lms_loan_daily.csv,2023-10-01
CUS_0xaff7_2023_07_01,CUS_0xaff7,1/7/2023,10,3,10000,1000,1000,0,7000,1/10/2023,2023-10-01,2025-11-09 06:51:02.752980,data/lms_loan_daily.csv,2023-10-01
CUS_0xb001_2023_04_01,CUS_0xb001,1/4/2023,10,6,10000,1000,1000,0,4000,1/10/2023,2023-10-01,2025-11-09 06:51:02.752980,data/lms_loan_daily.csv,2023-10-01
CUS_0xb004_2023_10_01,CUS_0xb004,1/10/2023,10,0,10000,0,0,0,10000,1/10/2023,2023-10-01,2025-11-09 06:51:02.752980,data/lms_loan_daily.csv,2023-10-01
CUS_0xb005_2023_08_01,CUS_0xb005,1/8/2023,10,2,10000,1000,1000,0,8000,1/10/2023,2023-10-01,2025-11-09 06:51:02.752980,data/lms_loan_daily.csv,2023-10-01
CUS_0xb012_2023_04_01,CUS_0xb012,1/4/2023,10,6,10000,1000,1000,0,4000,1/10/2023,2023-10-01,2025-11-09 06:51:02.752980,data/lms_loan_daily.csv,2023-10-01
CUS_0xb013_2023_10_01,CUS_0xb013,1/10/2023,10,0,10000,0,0,0,10000,1/10/2023,2023-10-01,2025-11-09 06:51:02.752980,data/lms_loan_daily.csv,2023-10-01
CUS_0xb014_2023_10_01,CUS_0xb014,1/10/2023,10,0,10000,0,0,0,10000,1/10/2023,2023-10-01,2025-11-09 06:51:02.752980,data/lms_loan_daily.csv,2023-10-01
CUS_0xb018_2023_07_01,CUS_0xb018,1/7/2023,10,3,10000,1000,1000,0,7000,1/10/2023,2023-10-01,2025-11-09 06:51:02.752980,data/lms_loan_daily.csv,2023-10-01
CUS_0xb01a_2023_04_01,CUS_0xb01a,1/4/2023,10,6,10000,1000,0,5000,9000,1/10/2023,2023-10-01,2025-11-09 06:51:02.752980,data/lms_loan_daily.csv,2023-10-01
CUS_0xb021_2023_10_01,CUS_0xb021,1/10/2023,10,0,10000,0,0,0,10000,1/10/2023,2023-10-01,2025-11-09 06:51:02.752980,data/lms_loan_daily.csv,2023-10-01
CUS_0xb023_2023_02_01,CUS_0xb023,1/2/2023,10,8,10000,1000,0,6000,8000,1/10/2023,2023-10-01,2025-11-09 06:51:02.752980,data/lms_loan_daily.csv,2023-10-01
CUS_0xb029_2023_03_01,CUS_0xb029,1/3/2023,10,7,10000,1000,1000,0,3000,1/10/2023,2023-10-01,2025-11-09 06:51:02.752980,data/lms_loan_daily.csv,2023-10-01
CUS_0xb030_2023_06_01,CUS_0xb030,1/6/2023,10,4,10000,1000,1000,0,6000,1/10/2023,2023-10-01,2025-11-09 06:51:02.752980,data/lms_loan_daily.csv,2023-10-01
CUS_0xb031_2023_03_01,CUS_0xb031,1/3/2023,10,7,10000,1000,1000,0,3000,1/10/2023,2023-10-01,2025-11-09 06:51:02.752980,data/lms_loan_daily.csv,2023-10-01
CUS_0xb037_2023_10_01,CUS_0xb037,1/10/2023,10,0,10000,0,0,0,10000,1/10/2023,2023-10-01,2025-11-09 06:51:02.752980,data/lms_loan_daily.csv,2023-10-01
CUS_0xb03b_2023_10_01,CUS_0xb03b,1/10/2023,10,0,10000,0,0,0,10000,1/10/2023,2023-10-01,2025-11-09 06:51:02.752980,data/lms_loan_daily.csv,2023-10-01
CUS_0xb042_2023_08_01,CUS_0xb042,1/8/2023,10,2,10000,1000,2000,0,8000,1/10/2023,2023-10-01,2025-11-09 06:51:02.752980,data/lms_loan_daily.csv,2023-10-01
CUS_0xb04b_2023_07_01,CUS_0xb04b,1/7/2023,10,3,10000,1000,0,1000,8000,1/10/2023,2023-10-01,2025-11-09 06:51:02.752980,data/lms_loan_daily.csv,2023-10-01
CUS_0xb05a_2023_02_01,CUS_0xb05a,1/2/2023,10,8,10000,1000,1000,0,2000,1/10/2023,2023-10-01,2025-11-09 06:51:02.752980,data/lms_loan_daily.csv,2023-10-01
CUS_0xb079_2023_10_01,CUS_0xb079,1/10/2023,10,0,10000,0,0,0,10000,1/10/2023,2023-10-01,2025-11-09 06:51:02.752980,data/lms_loan_daily.csv,2023-10-01
CUS_0xb07d_2023_03_01,CUS_0xb07d,1/3/2023,10,7,10000,1000,0,5000,8000,1/10/2023,2023-10-01,2025-11-09 06:51:02.752980,data/lms_loan_daily.csv,2023-10-01
CUS_0xb080_2023_04_01,CUS_0xb080,1/4/2023,10,6,10000,1000,0,5000,9000,1/10/2023,2023-10-01,2025-11-09 06:51:02.752980,data/lms_loan_daily.csv,2023-10-01
CUS_0xb091_2023_10_01,CUS_0xb091,1/10/2023,10,0,10000,0,0,0,10000,1/10/2023,2023-10-01,2025-11-09 06:51:02.752980,data/lms_loan_daily.csv,2023-10-01
CUS_0xb0a3_2023_06_01,CUS_0xb0a3,1/6/2023,10,4,10000,1000,1000,0,6000,1/10/2023,2023-10-01,2025-11-09 06:51:02.752980,data/lms_loan_daily.csv,2023-10-01
CUS_0xb0bd_2023_01_01,CUS_0xb0bd,1/1/2023,10,9,10000,1000,1000,0,1000,1/10/2023,2023-10-01,2025-11-09 06:51:02.752980,data/lms_loan_daily.csv,2023-10-01
CUS_0xb0c4_2023_01_01,CUS_0xb0c4,1/1/2023,10,9,10000,1000,0,8000,9000,1/10/2023,2023-10-01,2025-11-09 06:51:02.752980,data/lms_loan_daily.csv,2023-10-01
CUS_0xb0e_2023_06_01,CUS_0xb0e,1/6/2023,10,4,10000,1000,2000,0,6000,1/10/2023,2023-10-01,2025-11-09 06:51:02.752980,data/lms_loan_daily.csv,2023-10-01
CUS_0xb0e4_2023_01_01,CUS_0xb0e4,1/1/2023,10,9,10000,1000,1000,0,1000,1/10/2023,2023-10-01,2025-11-09 06:51:02.752980,data/lms_loan_daily.csv,2023-10-01
CUS_0xb0e5_2023_08_01,CUS_0xb0e5,1/8/2023,10,2,10000,1000,1000,0,8000,1/10/2023,2023-10-01,2025-11-09 06:51:02.752980,data/lms_loan_daily.csv,2023-10-01
CUS_0xb0e8_2023_05_01,CUS_0xb0e8,1/5/2023,10,5,10000,1000,1000,0,5000,1/10/2023,2023-10-01,2025-11-09 06:51:02.752980,data/lms_loan_daily.csv,2023-10-01
CUS_0xb101_2023_08_01,CUS_0xb101,1/8/2023,10,2,10000,1000,1000,0,8000,1/10/2023,2023-10-01,2025-11-09 06:51:02.752980,data/lms_loan_daily.csv,2023-10-01
CUS_0xb115_2023_05_01,CUS_0xb115,1/5/2023,10,5,10000,1000,1000,0,5000,1/10/2023,2023-10-01,2025-11-09 06:51:02.752980,data/lms_loan_daily.csv,2023-10-01
CUS_0xb121_2023_04_01,CUS_0xb121,1/4/2023,10,6,10000,1000,1000,0,4000,1/10/2023,2023-10-01,2025-11-09 06:51:02.752980,data/lms_loan_daily.csv,2023-10-01
CUS_0xb122_2023_10_01,CUS_0xb122,1/10/2023,10,0,10000,0,0,0,10000,1/10/2023,2023-10-01,2025-11-09 06:51:02.752980,data/lms_loan_daily.csv,2023-10-01
CUS_0xb127_2023_02_01,CUS_0xb127,1/2/2023,10,8,10000,1000,1000,0,2000,1/10/2023,2023-10-01,2025-11-09 06:51:02.752980,data/lms_loan_daily.csv,2023-10-01
CUS_0xb130_2023_03_01,CUS_0xb130,1/3/2023,10,7,10000,1000,1000,0,3000,1/10/2023,2023-10-01,2025-11-09 06:51:02.752980,data/lms_loan_daily.csv,2023-10-01
CUS_0xb131_2023_10_01,CUS_0xb131,1/10/2023,10,0,10000,0,0,0,10000,1/10/2023,2023-10-01,2025-11-09 06:51:02.752980,data/lms_loan_daily.csv,2023-10-01
CUS_0xb13e_2023_10_01,CUS_0xb13e,1/10/2023,10,0,10000,0,0,0,10000,1/10/2023,2023-10-01,2025-11-09 06:51:02.752980,data/lms_loan_daily.csv,2023-10-01
CUS_0xb143_2023_05_01,CUS_0xb143,1/5/2023,10,5,10000,1000,0,1000,6000,1/10/2023,2023-10-01,2025-11-09 06:51:02.752980,data/lms_loan_daily.csv,2023-10-01
CUS_0xb144_2023_02_01,CUS_0xb144,1/2/2023,10,8,10000,1000,1000,0,2000,1/10/2023,2023-10-01,2025-11-09 06:51:02.752980,data/lms_loan_daily.csv,2023-10-01
CUS_0xb14c_2023_05_01,CUS_0xb14c,1/5/2023,10,5,10000,1000,1000,0,5000,1/10/2023,2023-10-01,2025-11-09 06:51:02.752980,data/lms_loan_daily.csv,2023-10-01
CUS_0xb153_2023_03_01,CUS_0xb153,1/3/2023,10,7,10000,1000,0,6000,9000,1/10/2023,2023-10-01,2025-11-09 06:51:02.752980,data/lms_loan_daily.csv,2023-10-01
CUS_0xb15c_2023_06_01,CUS_0xb15c,1/6/2023,10,4,10000,1000,3000,0,6000,1/10/2023,2023-10-01,2025-11-09 06:51:02.752980,data/lms_loan_daily.csv,2023-10-01
CUS_0xb168_2023_06_01,CUS_0xb168,1/6/2023,10,4,10000,1000,1000,0,6000,1/10/2023,2023-10-01,2025-11-09 06:51:02.752980,data/lms_loan_daily.csv,2023-10-01
CUS_0xb16c_2023_10_01,CUS_0xb16c,1/10/2023,10,0,10000,0,0,0,10000,1/10/2023,2023-10-01,2025-11-09 06:51:02.752980,data/lms_loan_daily.csv,2023-10-01
CUS_0xb173_2023_06_01,CUS_0xb173,1/6/2023,10,4,10000,1000,0,2000,8000,1/10/2023,2023-10-01,2025-11-09 06:51:02.752980,data/lms_loan_daily.csv,2023-10-01
CUS_0xb17e_2023_06_01,CUS_0xb17e,1/6/2023,10,4,10000,1000,0,2000,8000,1/10/2023,2023-10-01,2025-11-09 06:51:02.752980,data/lms_loan_daily.csv,2023-10-01
CUS_0xb183_2023_07_01,CUS_0xb183,1/7/2023,10,3,10000,1000,1000,0,7000,1/10/2023,2023-10-01,2025-11-09 06:51:02.752980,data/lms_loan_daily.csv,2023-10-01
CUS_0xb187_2023_04_01,CUS_0xb187,1/4/2023,10,6,10000,1000,1000,0,4000,1/10/2023,2023-10-01,2025-11-09 06:51:02.752980,data/lms_loan_daily.csv,2023-10-01
CUS_0xb196_2023_06_01,CUS_0xb196,1/6/2023,10,4,10000,1000,1000,0,6000,1/10/2023,2023-10-01,2025-11-09 06:51:02.752980,data/lms_loan_daily.csv,2023-10-01
CUS_0xb1a0_2023_03_01,CUS_0xb1a0,1/3/2023,10,7,10000,1000,1000,0,3000,1/10/2023,2023-10-01,2025-11-09 06:51:02.752980,data/lms_loan_daily.csv,2023-10-01
CUS_0xb1a2_2023_06_01,CUS_0xb1a2,1/6/2023,10,4,10000,1000,1000,0,6000,1/10/2023,2023-10-01,2025-11-09 06:51:02.752980,data/lms_loan_daily.csv,2023-10-01
CUS_0xb1bc_2023_05_01,CUS_0xb1bc,1/5/2023,10,5,10000,1000,0,4000,9000,1/10/2023,2023-10-01,2025-11-09 06:51:02.752980,data/lms_loan_daily.csv,2023-10-01
CUS_0xb1ca_2023_03_01,CUS_0xb1ca,1/3/2023,10,7,10000,1000,0,4000,7000,1/10/2023,2023-10-01,2025-11-09 06:51:02.752980,data/lms_loan_daily.csv,2023-10-01
CUS_0xb1d5_2023_04_01,CUS_0xb1d5,1/4/2023,10,6,10000,1000,0,3000,7000,1/10/2023,2023-10-01,2025-11-09 06:51:02.752980,data/lms_loan_daily.csv,2023-10-01
CUS_0xb1da_2023_10_01,CUS_0xb1da,1/10/2023,10,0,10000,0,0,0,10000,1/10/2023,2023-10-01,2025-11-09 06:51:02.752980,data/lms_loan_daily.csv,2023-10-01
CUS_0xb1dd_2023_05_01,CUS_0xb1dd,1/5/2023,10,5,10000,1000,1000,0,5000,1/10/2023,2023-10-01,2025-11-09 06:51:02.752980,data/lms_loan_daily.csv,2023-10-01
CUS_0xb1e8_2023_06_01,CUS_0xb1e8,1/6/2023,10,4,10000,1000,1000,0,6000,1/10/2023,2023-10-01,2025-11-09 06:51:02.752980,data/lms_loan_daily.csv,2023-10-01
CUS_0xb1f5_2023_01_01,CUS_0xb1f5,1/1/2023,10,9,10000,1000,1000,0,1000,1/10/2023,2023-10-01,2025-11-09 06:51:02.752980,data/lms_loan_daily.csv,2023-10-01
CUS_0xb1f6_2023_03_01,CUS_0xb1f6,1/3/2023,10,7,10000,1000,1000,0,3000,1/10/2023,2023-10-01,2025-11-09 06:51:02.752980,data/lms_loan_daily.csv,2023-10-01
CUS_0xb201_2023_06_01,CUS_0xb201,1/6/2023,10,4,10000,1000,1000,0,6000,1/10/2023,2023-10-01,2025-11-09 06:51:02.752980,data/lms_loan_daily.csv,2023-10-01
CUS_0xb203_2023_05_01,CUS_0xb203,1/5/2023,10,5,10000,1000,0,2000,7000,1/10/2023,2023-10-01,2025-11-09 06:51:02.752980,data/lms_loan_daily.csv,2023-10-01
CUS_0xb20f_2023_10_01,CUS_0xb20f,1/10/2023,10,0,10000,0,0,0,10000,1/10/2023,2023-10-01,2025-11-09 06:51:02.752980,data/lms_loan_daily.csv,2023-10-01
CUS_0xb213_2023_09_01,CUS_0xb213,1/9/2023,10,1,10000,1000,1000,0,9000,1/10/2023,2023-10-01,2025-11-09 06:51:02.752980,data/lms_loan_daily.csv,2023-10-01
CUS_0xb217_2023_04_01,CUS_0xb217,1/4/2023,10,6,10000,1000,1000,0,4000,1/10/2023,2023-10-01,2025-11-09 06:51:02.752980,data/lms_loan_daily.csv,2023-10-01
CUS_0xb22_2023_10_01,CUS_0xb22,1/10/2023,10,0,10000,0,0,0,10000,1/10/2023,2023-10-01,2025-11-09 06:51:02.752980,data/lms_loan_daily.csv,2023-10-01
CUS_0xb220_2023_01_01,CUS_0xb220,1/1/2023,10,9,10000,1000,0,5000,6000,1/10/2023,2023-10-01,2025-11-09 06:51:02.752980,data/lms_loan_daily.csv,2023-10-01
CUS_0xb229_2023_08_01,CUS_0xb229,1/8/2023,10,2,10000,1000,1000,0,8000,1/10/2023,2023-10-01,2025-11-09 06:51:02.752980,data/lms_loan_daily.csv,2023-10-01
CUS_0xb22f_2023_06_01,CUS_0xb22f,1/6/2023,10,4,10000,1000,0,1000,7000,1/10/2023,2023-10-01,2025-11-09 06:51:02.752980,data/lms_loan_daily.csv,2023-10-01
CUS_0xb239_2023_07_01,CUS_0xb239,1/7/2023,10,3,10000,1000,1000,0,7000,1/10/2023,2023-10-01,2025-11-09 06:51:02.752980,data/lms_loan_daily.csv,2023-10-01
CUS_0xb240_2023_06_01,CUS_0xb240,1/6/2023,10,4,10000,1000,1000,0,6000,1/10/2023,2023-10-01,2025-11-09 06:51:02.752980,data/lms_loan_daily.csv,2023-10-01
CUS_0xb24d_2023_09_01,CUS_0xb24d,1/9/2023,10,1,10000,1000,1000,0,9000,1/10/2023,2023-10-01,2025-11-09 06:51:02.752980,data/lms_loan_daily.csv,2023-10-01
CUS_0xb250_2023_05_01,CUS_0xb250,1/5/2023,10,5,10000,1000,0,2000,7000,1/10/2023,2023-10-01,2025-11-09 06:51:02.752980,data/lms_loan_daily.csv,2023-10-01
CUS_0xb25e_2023_02_01,CUS_0xb25e,1/2/2023,10,8,10000,1000,1000,0,2000,1/10/2023,2023-10-01,2025-11-09 06:51:02.752980,data/lms_loan_daily.csv,2023-10-01
CUS_0xb264_2023_02_01,CUS_0xb264,1/2/2023,10,8,10000,1000,1000,0,2000,1/10/2023,2023-10-01,2025-11-09 06:51:02.752980,data/lms_loan_daily.csv,2023-10-01
CUS_0xb282_2023_05_01,CUS_0xb282,1/5/2023,10,5,10000,1000,1000,0,5000,1/10/2023,2023-10-01,2025-11-09 06:51:02.752980,data/lms_loan_daily.csv,2023-10-01
CUS_0xb28a_2023_02_01,CUS_0xb28a,1/2/2023,10,8,10000,1000,1000,0,2000,1/10/2023,2023-10-01,2025-11-09 06:51:02.752980,data/lms_loan_daily.csv,2023-10-01
CUS_0xb293_2023_05_01,CUS_0xb293,1/5/2023,10,5,10000,1000,0,1000,6000,1/10/2023,2023-10-01,2025-11-09 06:51:02.752980,data/lms_loan_daily.csv,2023-10-01
CUS_0xb29a_2023_06_01,CUS_0xb29a,1/6/2023,10,4,10000,1000,1000,0,6000,1/10/2023,2023-10-01,2025-11-09 06:51:02.752980,data/lms_loan_daily.csv,2023-10-01
CUS_0xb2a1_2023_10_01,CUS_0xb2a1,1/10/2023,10,0,10000,0,0,0,10000,1/10/2023,2023-10-01,2025-11-09 06:51:02.752980,data/lms_loan_daily.csv,2023-10-01
CUS_0xb2a3_2023_08_01,CUS_0xb2a3,1/8/2023,10,2,10000,1000,2000,0,8000,1/10/2023,2023-10-01,2025-11-09 06:51:02.752980,data/lms_loan_daily.csv,2023-10-01
CUS_0xb2a9_2023_03_01,CUS_0xb2a9,1/3/2023,10,7,10000,1000,0,4000,7000,1/10/2023,2023-10-01,2025-11-09 06:51:02.752980,data/lms_loan_daily.csv,2023-10-01
CUS_0xb2b5_2023_07_01,CUS_0xb2b5,1/7/2023,10,3,10000,1000,1000,0,7000,1/10/2023,2023-10-01,2025-11-09 06:51:02.752980,data/lms_loan_daily.csv,2023-10-01
CUS_0xb2b8_2023_01_01,CUS_0xb2b8,1/1/2023,10,9,10000,1000,1000,0,1000,1/10/2023,2023-10-01,2025-11-09 06:51:02.752980,data/lms_loan_daily.csv,2023-10-01
CUS_0xb2bf_2023_10_01,CUS_0xb2bf,1/10/2023,10,0,10000,0,0,0,10000,1/10/2023,2023-10-01,2025-11-09 06:51:02.752980,data/lms_loan_daily.csv,2023-10-01
CUS_0xb2fc_2023_04_01,CUS_0xb2fc,1/4/2023,10,6,10000,1000,1000,0,4000,1/10/2023,2023-10-01,2025-11-09 06:51:02.752980,data/lms_loan_daily.csv,2023-10-01
CUS_0xb300_2023_07_01,CUS_0xb300,1/7/2023,10,3,10000,1000,1000,0,7000,1/10/2023,2023-10-01,2025-11-09 06:51:02.752980,data/lms_loan_daily.csv,2023-10-01
CUS_0xb322_2023_09_01,CUS_0xb322,1/9/2023,10,1,10000,1000,1000,0,9000,1/10/2023,2023-10-01,2025-11-09 06:51:02.752980,data/lms_loan_daily.csv,2023-10-01
CUS_0xb32a_2023_04_01,CUS_0xb32a,1/4/2023,10,6,10000,1000,0,2000,6000,1/10/2023,2023-10-01,2025-11-09 06:51:02.752980,data/lms_loan_daily.csv,2023-10-01
CUS_0xb32c_2023_02_01,CUS_0xb32c,1/2/2023,10,8,10000,1000,1000,0,2000,1/10/2023,2023-10-01,2025-11-09 06:51:02.752980,data/lms_loan_daily.csv,2023-10-01
CUS_0xb333_2023_10_01,CUS_0xb333,1/10/2023,10,0,10000,0,0,0,10000,1/10/2023,2023-10-01,2025-11-09 06:51:02.752980,data/lms_loan_daily.csv,2023-10-01
CUS_0xb339_2023_10_01,CUS_0xb339,1/10/2023,10,0,10000,0,0,0,10000,1/10/2023,2023-10-01,2025-11-09 06:51:02.752980,data/lms_loan_daily.csv,2023-10-01
CUS_0xb33a_2023_04_01,CUS_0xb33a,1/4/2023,10,6,10000,1000,1000,0,4000,1/10/2023,2023-10-01,2025-11-09 06:51:02.752980,data/lms_loan_daily.csv,2023-10-01
CUS_0xb351_2023_04_01,CUS_0xb351,1/4/2023,10,6,10000,1000,1000,0,4000,1/10/2023,2023-10-01,2025-11-09 06:51:02.752980,data/lms_loan_daily.csv,2023-10-01
CUS_0xb35f_2023_04_01,CUS_0xb35f,1/4/2023,10,6,10000,1000,1000,0,4000,1/10/2023,2023-10-01,2025-11-09 06:51:02.752980,data/lms_loan_daily.csv,2023-10-01
CUS_0xb362_2023_06_01,CUS_0xb362,1/6/2023,10,4,10000,1000,1000,0,6000,1/10/2023,2023-10-01,2025-11-09 06:51:02.752980,data/lms_loan_daily.csv,2023-10-01
CUS_0xb374_2023_06_01,CUS_0xb374,1/6/2023,10,4,10000,1000,2000,0,6000,1/10/2023,2023-10-01,2025-11-09 06:51:02.752980,data/lms_loan_daily.csv,2023-10-01
CUS_0xb378_2023_03_01,CUS_0xb378,1/3/2023,10,7,10000,1000,1000,0,3000,1/10/2023,2023-10-01,2025-11-09 06:51:02.752980,data/lms_loan_daily.csv,2023-10-01
CUS_0xb380_2023_07_01,CUS_0xb380,1/7/2023,10,3,10000,1000,0,1000,8000,1/10/2023,2023-10-01,2025-11-09 06:51:02.752980,data/lms_loan_daily.csv,2023-10-01
CUS_0xb381_2023_01_01,CUS_0xb381,1/1/2023,10,9,10000,1000,1000,0,1000,1/10/2023,2023-10-01,2025-11-09 06:51:02.752980,data/lms_loan_daily.csv,2023-10-01
CUS_0xb38f_2023_06_01,CUS_0xb38f,1/6/2023,10,4,10000,1000,1000,0,6000,1/10/2023,2023-10-01,2025-11-09 06:51:02.752980,data/lms_loan_daily.csv,2023-10-01
CUS_0xb39_2023_02_01,CUS_0xb39,1/2/2023,10,8,10000,1000,1000,0,2000,1/10/2023,2023-10-01,2025-11-09 06:51:02.752980,data/lms_loan_daily.csv,2023-10-01
CUS_0xb395_2023_06_01,CUS_0xb395,1/6/2023,10,4,10000,1000,1000,0,6000,1/10/2023,2023-10-01,2025-11-09 06:51:02.752980,data/lms_loan_daily.csv,2023-10-01
CUS_0xb3a_2023_04_01,CUS_0xb3a,1/4/2023,10,6,10000,1000,0,3000,7000,1/10/2023,2023-10-01,2025-11-09 06:51:02.752980,data/lms_loan_daily.csv,2023-10-01
CUS_0xb3aa_2023_03_01,CUS_0xb3aa,1/3/2023,10,7,10000,1000,1000,0,3000,1/10/2023,2023-10-01,2025-11-09 06:51:02.752980,data/lms_loan_daily.csv,2023-10-01
CUS_0xb3b_2023_10_01,CUS_0xb3b,1/10/2023,10,0,10000,0,0,0,10000,1/10/2023,2023-10-01,2025-11-09 06:51:02.752980,data/lms_loan_daily.csv,2023-10-01
CUS_0xb3b0_2023_05_01,CUS_0xb3b0,1/5/2023,10,5,10000,1000,1000,0,5000,1/10/2023,2023-10-01,2025-11-09 06:51:02.752980,data/lms_loan_daily.csv,2023-10-01
CUS_0xb3cb_2023_08_01,CUS_0xb3cb,1/8/2023,10,2,10000,1000,1000,0,8000,1/10/2023,2023-10-01,2025-11-09 06:51:02.752980,data/lms_loan_daily.csv,2023-10-01
CUS_0xb3f4_2023_01_01,CUS_0xb3f4,1/1/2023,10,9,10000,1000,1000,0,1000,1/10/2023,2023-10-01,2025-11-09 06:51:02.752980,data/lms_loan_daily.csv,2023-10-01
CUS_0xb403_2023_01_01,CUS_0xb403,1/1/2023,10,9,10000,1000,1000,0,1000,1/10/2023,2023-10-01,2025-11-09 06:51:02.752980,data/lms_loan_daily.csv,2023-10-01
CUS_0xb41f_2023_01_01,CUS_0xb41f,1/1/2023,10,9,10000,1000,1000,0,1000,1/10/2023,2023-10-01,2025-11-09 06:51:02.752980,data/lms_loan_daily.csv,2023-10-01
CUS_0xb424_2023_01_01,CUS_0xb424,1/1/2023,10,9,10000,1000,1000,0,1000,1/10/2023,2023-10-01,2025-11-09 06:51:02.752980,data/lms_loan_daily.csv,2023-10-01
CUS_0xb428_2023_02_01,CUS_0xb428,1/2/2023,10,8,10000,1000,0,6000,8000,1/10/2023,2023-10-01,2025-11-09 06:51:02.752980,data/lms_loan_daily.csv,2023-10-01
CUS_0xb433_2023_02_01,CUS_0xb433,1/2/2023,10,8,10000,1000,0,5000,7000,1/10/2023,2023-10-01,2025-11-09 06:51:02.752980,data/lms_loan_daily.csv,2023-10-01
CUS_0xb437_2023_01_01,CUS_0xb437,1/1/2023,10,9,10000,1000,1000,0,1000,1/10/2023,2023-10-01,2025-11-09 06:51:02.752980,data/lms_loan_daily.csv,2023-10-01
CUS_0xb443_2023_10_01,CUS_0xb443,1/10/2023,10,0,10000,0,0,0,10000,1/10/2023,2023-10-01,2025-11-09 06:51:02.752980,data/lms_loan_daily.csv,2023-10-01
CUS_0xb446_2023_09_01,CUS_0xb446,1/9/2023,10,1,10000,1000,0,1000,10000,1/10/2023,2023-10-01,2025-11-09 06:51:02.752980,data/lms_loan_daily.csv,2023-10-01
CUS_0xb450_2023_10_01,CUS_0xb450,1/10/2023,10,0,10000,0,0,0,10000,1/10/2023,2023-10-01,2025-11-09 06:51:02.752980,data/lms_loan_daily.csv,2023-10-01
CUS_0xb46_2023_01_01,CUS_0xb46,1/1/2023,10,9,10000,1000,1000,0,1000,1/10/2023,2023-10-01,2025-11-09 06:51:02.752980,data/lms_loan_daily.csv,2023-10-01
CUS_0xb461_2023_06_01,CUS_0xb461,1/6/2023,10,4,10000,1000,0,3000,9000,1/10/2023,2023-10-01,2025-11-09 06:51:02.752980,data/lms_loan_daily.csv,2023-10-01
CUS_0xb462_2023_03_01,CUS_0xb462,1/3/2023,10,7,10000,1000,1000,0,3000,1/10/2023,2023-10-01,2025-11-09 06:51:02.752980,data/lms_loan_daily.csv,2023-10-01
CUS_0xb46b_2023_05_01,CUS_0xb46b,1/5/2023,10,5,10000,1000,0,3000,8000,1/10/2023,2023-10-01,2025-11-09 06:51:02.752980,data/lms_loan_daily.csv,2023-10-01
CUS_0xb471_2023_03_01,CUS_0xb471,1/3/2023,10,7,10000,1000,0,4000,7000,1/10/2023,2023-10-01,2025-11-09 06:51:02.752980,data/lms_loan_daily.csv,2023-10-01
CUS_0xb473_2023_07_01,CUS_0xb473,1/7/2023,10,3,10000,1000,1000,0,7000,1/10/2023,2023-10-01,2025-11-09 06:51:02.752980,data/lms_loan_daily.csv,2023-10-01
CUS_0xb47f_2023_10_01,CUS_0xb47f,1/10/2023,10,0,10000,0,0,0,10000,1/10/2023,2023-10-01,2025-11-09 06:51:02.752980,data/lms_loan_daily.csv,2023-10-01
CUS_0xb483_2023_07_01,CUS_0xb483,1/7/2023,10,3,10000,1000,1000,0,7000,1/10/2023,2023-10-01,2025-11-09 06:51:02.752980,data/lms_loan_daily.csv,2023-10-01
CUS_0xb499_2023_04_01,CUS_0xb499,1/4/2023,10,6,10000,1000,1000,0,4000,1/10/2023,2023-10-01,2025-11-09 06:51:02.752980,data/lms_loan_daily.csv,2023-10-01
CUS_0xb49d_2023_09_01,CUS_0xb49d,1/9/2023,10,1,10000,1000,1000,0,9000,1/10/2023,2023-10-01,2025-11-09 06:51:02.752980,data/lms_loan_daily.csv,2023-10-01
CUS_0xb4b4_2023_10_01,CUS_0xb4b4,1/10/2023,10,0,10000,0,0,0,10000,1/10/2023,2023-10-01,2025-11-09 06:51:02.752980,data/lms_loan_daily.csv,2023-10-01
CUS_0xb4bc_2023_02_01,CUS_0xb4bc,1/2/2023,10,8,10000,1000,1000,0,2000,1/10/2023,2023-10-01,2025-11-09 06:51:02.752980,data/lms_loan_daily.csv,2023-10-01
CUS_0xb4c1_2023_02_01,CUS_0xb4c1,1/2/2023,10,8,10000,1000,1000,0,2000,1/10/2023,2023-10-01,2025-11-09 06:51:02.752980,data/lms_loan_daily.csv,2023-10-01
CUS_0xb4c4_2023_08_01,CUS_0xb4c4,1/8/2023,10,2,10000,1000,1000,0,8000,1/10/2023,2023-10-01,2025-11-09 06:51:02.752980,data/lms_loan_daily.csv,2023-10-01
CUS_0xb4ca_2023_10_01,CUS_0xb4ca,1/10/2023,10,0,10000,0,0,0,10000,1/10/2023,2023-10-01,2025-11-09 06:51:02.752980,data/lms_loan_daily.csv,2023-10-01
CUS_0xb4d3_2023_04_01,CUS_0xb4d3,1/4/2023,10,6,10000,1000,1000,0,4000,1/10/2023,2023-10-01,2025-11-09 06:51:02.752980,data/lms_loan_daily.csv,2023-10-01
CUS_0xb4d8_2023_01_01,CUS_0xb4d8,1/1/2023,10,9,10000,1000,1000,0,1000,1/10/2023,2023-10-01,2025-11-09 06:51:02.752980,data/lms_loan_daily.csv,2023-10-01
CUS_0xb4e2_2023_05_01,CUS_0xb4e2,1/5/2023,10,5,10000,1000,0,4000,9000,1/10/2023,2023-10-01,2025-11-09 06:51:02.752980,data/lms_loan_daily.csv,2023-10-01
CUS_0xb4fd_2023_05_01,CUS_0xb4fd,1/5/2023,10,5,10000,1000,1000,0,5000,1/10/2023,2023-10-01,2025-11-09 06:51:02.752980,data/lms_loan_daily.csv,2023-10-01
CUS_0xb503_2023_06_01,CUS_0xb503,1/6/2023,10,4,10000,1000,1000,0,6000,1/10/2023,2023-10-01,2025-11-09 06:51:02.752980,data/lms_loan_daily.csv,2023-10-01
CUS_0xb508_2023_03_01,CUS_0xb508,1/3/2023,10,7,10000,1000,0,4000,7000,1/10/2023,2023-10-01,2025-11-09 06:51:02.752980,data/lms_loan_daily.csv,2023-10-01
CUS_0xb512_2023_08_01,CUS_0xb512,1/8/2023,10,2,10000,1000,1000,0,8000,1/10/2023,2023-10-01,2025-11-09 06:51:02.752980,data/lms_loan_daily.csv,2023-10-01
CUS_0xb517_2023_07_01,CUS_0xb517,1/7/2023,10,3,10000,1000,1000,0,7000,1/10/2023,2023-10-01,2025-11-09 06:51:02.752980,data/lms_loan_daily.csv,2023-10-01
CUS_0xb51a_2023_07_01,CUS_0xb51a,1/7/2023,10,3,10000,1000,1000,0,7000,1/10/2023,2023-10-01,2025-11-09 06:51:02.752980,data/lms_loan_daily.csv,2023-10-01
CUS_0xb51c_2023_01_01,CUS_0xb51c,1/1/2023,10,9,10000,1000,0,5000,6000,1/10/2023,2023-10-01,2025-11-09 06:51:02.752980,data/lms_loan_daily.csv,2023-10-01
CUS_0xb521_2023_07_01,CUS_0xb521,1/7/2023,10,3,10000,1000,0,1000,8000,1/10/2023,2023-10-01,2025-11-09 06:51:02.752980,data/lms_loan_daily.csv,2023-10-01
CUS_0xb529_2023_09_01,CUS_0xb529,1/9/2023,10,1,10000,1000,1000,0,9000,1/10/2023,2023-10-01,2025-11-09 06:51:02.752980,data/lms_loan_daily.csv,2023-10-01
CUS_0xb52f_2023_06_01,CUS_0xb52f,1/6/2023,10,4,10000,1000,1000,0,6000,1/10/2023,2023-10-01,2025-11-09 06:51:02.752980,data/lms_loan_daily.csv,2023-10-01
CUS_0xb538_2023_03_01,CUS_0xb538,1/3/2023,10,7,10000,1000,1000,0,3000,1/10/2023,2023-10-01,2025-11-09 06:51:02.752980,data/lms_loan_daily.csv,2023-10-01
CUS_0xb545_2023_04_01,CUS_0xb545,1/4/2023,10,6,10000,1000,1000,0,4000,1/10/2023,2023-10-01,2025-11-09 06:51:02.752980,data/lms_loan_daily.csv,2023-10-01
CUS_0xb548_2023_02_01,CUS_0xb548,1/2/2023,10,8,10000,1000,1000,0,2000,1/10/2023,2023-10-01,2025-11-09 06:51:02.752980,data/lms_loan_daily.csv,2023-10-01
CUS_0xb551_2023_08_01,CUS_0xb551,1/8/2023,10,2,10000,1000,1000,0,8000,1/10/2023,2023-10-01,2025-11-09 06:51:02.752980,data/lms_loan_daily.csv,2023-10-01
CUS_0xb55e_2023_10_01,CUS_0xb55e,1/10/2023,10,0,10000,0,0,0,10000,1/10/2023,2023-10-01,2025-11-09 06:51:02.752980,data/lms_loan_daily.csv,2023-10-01
CUS_0xb575_2023_02_01,CUS_0xb575,1/2/2023,10,8,10000,1000,0,6000,8000,1/10/2023,2023-10-01,2025-11-09 06:51:02.752980,data/lms_loan_daily.csv,2023-10-01
CUS_0xb583_2023_05_01,CUS_0xb583,1/5/2023,10,5,10000,1000,1000,0,5000,1/10/2023,2023-10-01,2025-11-09 06:51:02.752980,data/lms_loan_daily.csv,2023-10-01
CUS_0xb586_2023_07_01,CUS_0xb586,1/7/2023,10,3,10000,1000,1000,0,7000,1/10/2023,2023-10-01,2025-11-09 06:51:02.752980,data/lms_loan_daily.csv,2023-10-01
CUS_0xb593_2023_08_01,CUS_0xb593,1/8/2023,10,2,10000,1000,2000,0,8000,1/10/2023,2023-10-01,2025-11-09 06:51:02.752980,data/lms_loan_daily.csv,2023-10-01
CUS_0xb59a_2023_10_01,CUS_0xb59a,1/10/2023,10,0,10000,0,0,0,10000,1/10/2023,2023-10-01,2025-11-09 06:51:02.752980,data/lms_loan_daily.csv,2023-10-01
CUS_0xb59b_2023_05_01,CUS_0xb59b,1/5/2023,10,5,10000,1000,1000,0,5000,1/10/2023,2023-10-01,2025-11-09 06:51:02.752980,data/lms_loan_daily.csv,2023-10-01
CUS_0xb5ae_2023_08_01,CUS_0xb5ae,1/8/2023,10,2,10000,1000,1000,0,8000,1/10/2023,2023-10-01,2025-11-09 06:51:02.752980,data/lms_loan_daily.csv,2023-10-01
CUS_0xb5af_2023_10_01,CUS_0xb5af,1/10/2023,10,0,10000,0,0,0,10000,1/10/2023,2023-10-01,2025-11-09 06:51:02.752980,data/lms_loan_daily.csv,2023-10-01
CUS_0xb5b5_2023_06_01,CUS_0xb5b5,1/6/2023,10,4,10000,1000,0,1000,7000,1/10/2023,2023-10-01,2025-11-09 06:51:02.752980,data/lms_loan_daily.csv,2023-10-01
CUS_0xb5b9_2023_05_01,CUS_0xb5b9,1/5/2023,10,5,10000,1000,1000,0,5000,1/10/2023,2023-10-01,2025-11-09 06:51:02.752980,data/lms_loan_daily.csv,2023-10-01
CUS_0xb5bd_2023_10_01,CUS_0xb5bd,1/10/2023,10,0,10000,0,0,0,10000,1/10/2023,2023-10-01,2025-11-09 06:51:02.752980,data/lms_loan_daily.csv,2023-10-01
CUS_0xb5be_2023_06_01,CUS_0xb5be,1/6/2023,10,4,10000,1000,1000,0,6000,1/10/2023,2023-10-01,2025-11-09 06:51:02.752980,data/lms_loan_daily.csv,2023-10-01
CUS_0xb5c0_2023_08_01,CUS_0xb5c0,1/8/2023,10,2,10000,1000,1000,0,8000,1/10/2023,2023-10-01,2025-11-09 06:51:02.752980,data/lms_loan_daily.csv,2023-10-01
CUS_0xb5d4_2023_08_01,CUS_0xb5d4,1/8/2023,10,2,10000,1000,1000,0,8000,1/10/2023,2023-10-01,2025-11-09 06:51:02.752980,data/lms_loan_daily.csv,2023-10-01
CUS_0xb5d7_2023_03_01,CUS_0xb5d7,1/3/2023,10,7,10000,1000,1000,0,3000,1/10/2023,2023-10-01,2025-11-09 06:51:02.752980,data/lms_loan_daily.csv,2023-10-01
CUS_0xb5dd_2023_08_01,CUS_0xb5dd,1/8/2023,10,2,10000,1000,1000,0,8000,1/10/2023,2023-10-01,2025-11-09 06:51:02.752980,data/lms_loan_daily.csv,2023-10-01
CUS_0xb5e3_2023_06_01,CUS_0xb5e3,1/6/2023,10,4,10000,1000,1000,0,6000,1/10/2023,2023-10-01,2025-11-09 06:51:02.752980,data/lms_loan_daily.csv,2023-10-01
CUS_0xb5ff_2023_03_01,CUS_0xb5ff,1/3/2023,10,7,10000,1000,1000,0,3000,1/10/2023,2023-10-01,2025-11-09 06:51:02.752980,data/lms_loan_daily.csv,2023-10-01
CUS_0xb61a_2023_02_01,CUS_0xb61a,1/2/2023,10,8,10000,1000,1000,0,2000,1/10/2023,2023-10-01,2025-11-09 06:51:02.752980,data/lms_loan_daily.csv,2023-10-01
CUS_0xb61d_2023_10_01,CUS_0xb61d,1/10/2023,10,0,10000,0,0,0,10000,1/10/2023,2023-10-01,2025-11-09 06:51:02.752980,data/lms_loan_daily.csv,2023-10-01
CUS_0xb631_2023_07_01,CUS_0xb631,1/7/2023,10,3,10000,1000,1000,0,7000,1/10/2023,2023-10-01,2025-11-09 06:51:02.752980,data/lms_loan_daily.csv,2023-10-01
CUS_0xb634_2023_03_01,CUS_0xb634,1/3/2023,10,7,10000,1000,0,7000,10000,1/10/2023,2023-10-01,2025-11-09 06:51:02.752980,data/lms_loan_daily.csv,2023-10-01
CUS_0xb638_2023_09_01,CUS_0xb638,1/9/2023,10,1,10000,1000,1000,0,9000,1/10/2023,2023-10-01,2025-11-09 06:51:02.752980,data/lms_loan_daily.csv,2023-10-01
CUS_0xb63e_2023_04_01,CUS_0xb63e,1/4/2023,10,6,10000,1000,1000,0,4000,1/10/2023,2023-10-01,2025-11-09 06:51:02.752980,data/lms_loan_daily.csv,2023-10-01
CUS_0xb644_2023_04_01,CUS_0xb644,1/4/2023,10,6,10000,1000,1000,0,4000,1/10/2023,2023-10-01,2025-11-09 06:51:02.752980,data/lms_loan_daily.csv,2023-10-01
CUS_0xb645_2023_03_01,CUS_0xb645,1/3/2023,10,7,10000,1000,1000,0,3000,1/10/2023,2023-10-01,2025-11-09 06:51:02.752980,data/lms_loan_daily.csv,2023-10-01
CUS_0xb64a_2023_01_01,CUS_0xb64a,1/1/2023,10,9,10000,1000,1000,0,1000,1/10/2023,2023-10-01,2025-11-09 06:51:02.752980,data/lms_loan_daily.csv,2023-10-01
CUS_0xb650_2023_07_01,CUS_0xb650,1/7/2023,10,3,10000,1000,1000,0,7000,1/10/2023,2023-10-01,2025-11-09 06:51:02.752980,data/lms_loan_daily.csv,2023-10-01
CUS_0xb65f_2023_02_01,CUS_0xb65f,1/2/2023,10,8,10000,1000,0,6000,8000,1/10/2023,2023-10-01,2025-11-09 06:51:02.752980,data/lms_loan_daily.csv,2023-10-01
CUS_0xb662_2023_01_01,CUS_0xb662,1/1/2023,10,9,10000,1000,1000,0,1000,1/10/2023,2023-10-01,2025-11-09 06:51:02.752980,data/lms_loan_daily.csv,2023-10-01
CUS_0xb67c_2023_01_01,CUS_0xb67c,1/1/2023,10,9,10000,1000,1000,0,1000,1/10/2023,2023-10-01,2025-11-09 06:51:02.752980,data/lms_loan_daily.csv,2023-10-01
CUS_0xb67f_2023_07_01,CUS_0xb67f,1/7/2023,10,3,10000,1000,1000,0,7000,1/10/2023,2023-10-01,2025-11-09 06:51:02.752980,data/lms_loan_daily.csv,2023-10-01
CUS_0xb685_2023_01_01,CUS_0xb685,1/1/2023,10,9,10000,1000,0,6000,7000,1/10/2023,2023-10-01,2025-11-09 06:51:02.752980,data/lms_loan_daily.csv,2023-10-01
CUS_0xb689_2023_03_01,CUS_0xb689,1/3/2023,10,7,10000,1000,1000,0,3000,1/10/2023,2023-10-01,2025-11-09 06:51:02.752980,data/lms_loan_daily.csv,2023-10-01
CUS_0xb68f_2023_08_01,CUS_0xb68f,1/8/2023,10,2,10000,1000,0,1000,9000,1/10/2023,2023-10-01,2025-11-09 06:51:02.752980,data/lms_loan_daily.csv,2023-10-01
CUS_0xb699_2023_06_01,CUS_0xb699,1/6/2023,10,4,10000,1000,1000,0,6000,1/10/2023,2023-10-01,2025-11-09 06:51:02.752980,data/lms_loan_daily.csv,2023-10-01
CUS_0xb6a5_2023_06_01,CUS_0xb6a5,1/6/2023,10,4,10000,1000,1000,0,6000,1/10/2023,2023-10-01,2025-11-09 06:51:02.752980,data/lms_loan_daily.csv,2023-10-01
CUS_0xb6b_2023_02_01,CUS_0xb6b,1/2/2023,10,8,10000,1000,1000,0,2000,1/10/2023,2023-10-01,2025-11-09 06:51:02.752980,data/lms_loan_daily.csv,2023-10-01
CUS_0xb6b1_2023_03_01,CUS_0xb6b1,1/3/2023,10,7,10000,1000,1000,0,3000,1/10/2023,2023-10-01,2025-11-09 06:51:02.752980,data/lms_loan_daily.csv,2023-10-01
CUS_0xb6b7_2023_09_01,CUS_0xb6b7,1/9/2023,10,1,10000,1000,1000,0,9000,1/10/2023,2023-10-01,2025-11-09 06:51:02.752980,data/lms_loan_daily.csv,2023-10-01
CUS_0xb6bc_2023_07_01,CUS_0xb6bc,1/7/2023,10,3,10000,1000,0,1000,8000,1/10/2023,2023-10-01,2025-11-09 06:51:02.752980,data/lms_loan_daily.csv,2023-10-01
CUS_0xb6be_2023_08_01,CUS_0xb6be,1/8/2023,10,2,10000,1000,2000,0,8000,1/10/2023,2023-10-01,2025-11-09 06:51:02.752980,data/lms_loan_daily.csv,2023-10-01
CUS_0xb6cd_2023_09_01,CUS_0xb6cd,1/9/2023,10,1,10000,1000,1000,0,9000,1/10/2023,2023-10-01,2025-11-09 06:51:02.752980,data/lms_loan_daily.csv,2023-10-01
CUS_0xb6d2_2023_07_01,CUS_0xb6d2,1/7/2023,10,3,10000,1000,2000,0,7000,1/10/2023,2023-10-01,2025-11-09 06:51:02.752980,data/lms_loan_daily.csv,2023-10-01
CUS_0xb6e3_2023_01_01,CUS_0xb6e3,1/1/2023,10,9,10000,1000,1000,0,1000,1/10/2023,2023-10-01,2025-11-09 06:51:02.752980,data/lms_loan_daily.csv,2023-10-01
CUS_0xb6e6_2023_10_01,CUS_0xb6e6,1/10/2023,10,0,10000,0,0,0,10000,1/10/2023,2023-10-01,2025-11-09 06:51:02.752980,data/lms_loan_daily.csv,2023-10-01
CUS_0xb704_2023_03_01,CUS_0xb704,1/3/2023,10,7,10000,1000,1000,0,3000,1/10/2023,2023-10-01,2025-11-09 06:51:02.752980,data/lms_loan_daily.csv,2023-10-01
CUS_0xb70f_2023_05_01,CUS_0xb70f,1/5/2023,10,5,10000,1000,1000,0,5000,1/10/2023,2023-10-01,2025-11-09 06:51:02.752980,data/lms_loan_daily.csv,2023-10-01
CUS_0xb725_2023_10_01,CUS_0xb725,1/10/2023,10,0,10000,0,0,0,10000,1/10/2023,2023-10-01,2025-11-09 06:51:02.752980,data/lms_loan_daily.csv,2023-10-01
CUS_0xb73_2023_01_01,CUS_0xb73,1/1/2023,10,9,10000,1000,0,7000,8000,1/10/2023,2023-10-01,2025-11-09 06:51:02.752980,data/lms_loan_daily.csv,2023-10-01
CUS_0xb732_2023_04_01,CUS_0xb732,1/4/2023,10,6,10000,1000,1000,0,4000,1/10/2023,2023-10-01,2025-11-09 06:51:02.752980,data/lms_loan_daily.csv,2023-10-01
CUS_0xb736_2023_10_01,CUS_0xb736,1/10/2023,10,0,10000,0,0,0,10000,1/10/2023,2023-10-01,2025-11-09 06:51:02.752980,data/lms_loan_daily.csv,2023-10-01
CUS_0xb742_2023_02_01,CUS_0xb742,1/2/2023,10,8,10000,1000,1000,0,2000,1/10/2023,2023-10-01,2025-11-09 06:51:02.752980,data/lms_loan_daily.csv,2023-10-01
CUS_0xb744_2023_05_01,CUS_0xb744,1/5/2023,10,5,10000,1000,1000,0,5000,1/10/2023,2023-10-01,2025-11-09 06:51:02.752980,data/lms_loan_daily.csv,2023-10-01
CUS_0xb745_2023_01_01,CUS_0xb745,1/1/2023,10,9,10000,1000,1000,0,1000,1/10/2023,2023-10-01,2025-11-09 06:51:02.752980,data/lms_loan_daily.csv,2023-10-01
CUS_0xb747_2023_09_01,CUS_0xb747,1/9/2023,10,1,10000,1000,1000,0,9000,1/10/2023,2023-10-01,2025-11-09 06:51:02.752980,data/lms_loan_daily.csv,2023-10-01
CUS_0xb749_2023_02_01,CUS_0xb749,1/2/2023,10,8,10000,1000,0,4000,6000,1/10/2023,2023-10-01,2025-11-09 06:51:02.752980,data/lms_loan_daily.csv,2023-10-01
CUS_0xb74c_2023_03_01,CUS_0xb74c,1/3/2023,10,7,10000,1000,0,7000,10000,1/10/2023,2023-10-01,2025-11-09 06:51:02.752980,data/lms_loan_daily.csv,2023-10-01
CUS_0xb767_2023_02_01,CUS_0xb767,1/2/2023,10,8,10000,1000,1000,0,2000,1/10/2023,2023-10-01,2025-11-09 06:51:02.752980,data/lms_loan_daily.csv,2023-10-01
CUS_0xb76e_2023_08_01,CUS_0xb76e,1/8/2023,10,2,10000,1000,1000,0,8000,1/10/2023,2023-10-01,2025-11-09 06:51:02.752980,data/lms_loan_daily.csv,2023-10-01
CUS_0xb76f_2023_10_01,CUS_0xb76f,1/10/2023,10,0,10000,0,0,0,10000,1/10/2023,2023-10-01,2025-11-09 06:51:02.752980,data/lms_loan_daily.csv,2023-10-01
CUS_0xb772_2023_10_01,CUS_0xb772,1/10/2023,10,0,10000,0,0,0,10000,1/10/2023,2023-10-01,2025-11-09 06:51:02.752980,data/lms_loan_daily.csv,2023-10-01
CUS_0xb786_2023_02_01,CUS_0xb786,1/2/2023,10,8,10000,1000,0,4000,6000,1/10/2023,2023-10-01,2025-11-09 06:51:02.752980,data/lms_loan_daily.csv,2023-10-01
CUS_0xb788_2023_09_01,CUS_0xb788,1/9/2023,10,1,10000,1000,1000,0,9000,1/10/2023,2023-10-01,2025-11-09 06:51:02.752980,data/lms_loan_daily.csv,2023-10-01
CUS_0xb793_2023_03_01,CUS_0xb793,1/3/2023,10,7,10000,1000,0,5000,8000,1/10/2023,2023-10-01,2025-11-09 06:51:02.752980,data/lms_loan_daily.csv,2023-10-01
CUS_0xb798_2023_04_01,CUS_0xb798,1/4/2023,10,6,10000,1000,1000,0,4000,1/10/2023,2023-10-01,2025-11-09 06:51:02.752980,data/lms_loan_daily.csv,2023-10-01
CUS_0xb79c_2023_10_01,CUS_0xb79c,1/10/2023,10,0,10000,0,0,0,10000,1/10/2023,2023-10-01,2025-11-09 06:51:02.752980,data/lms_loan_daily.csv,2023-10-01
CUS_0xb7a5_2023_10_01,CUS_0xb7a5,1/10/2023,10,0,10000,0,0,0,10000,1/10/2023,2023-10-01,2025-11-09 06:51:02.752980,data/lms_loan_daily.csv,2023-10-01
CUS_0xb7a7_2023_09_01,CUS_0xb7a7,1/9/2023,10,1,10000,1000,1000,0,9000,1/10/2023,2023-10-01,2025-11-09 06:51:02.752980,data/lms_loan_daily.csv,2023-10-01
CUS_0xb7bb_2023_10_01,CUS_0xb7bb,1/10/2023,10,0,10000,0,0,0,10000,1/10/2023,2023-10-01,2025-11-09 06:51:02.752980,data/lms_loan_daily.csv,2023-10-01
CUS_0xb7c_2023_07_01,CUS_0xb7c,1/7/2023,10,3,10000,1000,2000,0,7000,1/10/2023,2023-10-01,2025-11-09 06:51:02.752980,data/lms_loan_daily.csv,2023-10-01
CUS_0xb7c3_2023_06_01,CUS_0xb7c3,1/6/2023,10,4,10000,1000,1000,0,6000,1/10/2023,2023-10-01,2025-11-09 06:51:02.752980,data/lms_loan_daily.csv,2023-10-01
CUS_0xb7cf_2023_09_01,CUS_0xb7cf,1/9/2023,10,1,10000,1000,1000,0,9000,1/10/2023,2023-10-01,2025-11-09 06:51:02.752980,data/lms_loan_daily.csv,2023-10-01
CUS_0xb7de_2023_09_01,CUS_0xb7de,1/9/2023,10,1,10000,1000,1000,0,9000,1/10/2023,2023-10-01,2025-11-09 06:51:02.752980,data/lms_loan_daily.csv,2023-10-01
CUS_0xb7df_2023_02_01,CUS_0xb7df,1/2/2023,10,8,10000,1000,1000,0,2000,1/10/2023,2023-10-01,2025-11-09 06:51:02.752980,data/lms_loan_daily.csv,2023-10-01
CUS_0xb7e2_2023_06_01,CUS_0xb7e2,1/6/2023,10,4,10000,1000,1000,0,6000,1/10/2023,2023-10-01,2025-11-09 06:51:02.752980,data/lms_loan_daily.csv,2023-10-01
CUS_0xb7f1_2023_03_01,CUS_0xb7f1,1/3/2023,10,7,10000,1000,0,6000,9000,1/10/2023,2023-10-01,2025-11-09 06:51:02.752980,data/lms_loan_daily.csv,2023-10-01
CUS_0xb7fa_2023_04_01,CUS_0xb7fa,1/4/2023,10,6,10000,1000,1000,0,4000,1/10/2023,2023-10-01,2025-11-09 06:51:02.752980,data/lms_loan_daily.csv,2023-10-01
CUS_0xb801_2023_07_01,CUS_0xb801,1/7/2023,10,3,10000,1000,1000,0,7000,1/10/2023,2023-10-01,2025-11-09 06:51:02.752980,data/lms_loan_daily.csv,2023-10-01
CUS_0xb804_2023_03_01,CUS_0xb804,1/3/2023,10,7,10000,1000,1000,0,3000,1/10/2023,2023-10-01,2025-11-09 06:51:02.752980,data/lms_loan_daily.csv,2023-10-01
CUS_0xb80c_2023_09_01,CUS_0xb80c,1/9/2023,10,1,10000,1000,1000,0,9000,1/10/2023,2023-10-01,2025-11-09 06:51:02.752980,data/lms_loan_daily.csv,2023-10-01
CUS_0xb80d_2023_09_01,CUS_0xb80d,1/9/2023,10,1,10000,1000,1000,0,9000,1/10/2023,2023-10-01,2025-11-09 06:51:02.752980,data/lms_loan_daily.csv,2023-10-01
CUS_0xb814_2023_06_01,CUS_0xb814,1/6/2023,10,4,10000,1000,1000,0,6000,1/10/2023,2023-10-01,2025-11-09 06:51:02.752980,data/lms_loan_daily.csv,2023-10-01
CUS_0xb81c_2023_04_01,CUS_0xb81c,1/4/2023,10,6,10000,1000,0,4000,8000,1/10/2023,2023-10-01,2025-11-09 06:51:02.752980,data/lms_loan_daily.csv,2023-10-01
CUS_0xb82_2023_05_01,CUS_0xb82,1/5/2023,10,5,10000,1000,0,3000,8000,1/10/2023,2023-10-01,2025-11-09 06:51:02.752980,data/lms_loan_daily.csv,2023-10-01
CUS_0xb825_2023_04_01,CUS_0xb825,1/4/2023,10,6,10000,1000,1000,0,4000,1/10/2023,2023-10-01,2025-11-09 06:51:02.752980,data/lms_loan_daily.csv,2023-10-01
CUS_0xb832_2023_10_01,CUS_0xb832,1/10/2023,10,0,10000,0,0,0,10000,1/10/2023,2023-10-01,2025-11-09 06:51:02.752980,data/lms_loan_daily.csv,2023-10-01
CUS_0xb83e_2023_07_01,CUS_0xb83e,1/7/2023,10,3,10000,1000,1000,0,7000,1/10/2023,2023-10-01,2025-11-09 06:51:02.752980,data/lms_loan_daily.csv,2023-10-01
CUS_0xb843_2023_07_01,CUS_0xb843,1/7/2023,10,3,10000,1000,1000,0,7000,1/10/2023,2023-10-01,2025-11-09 06:51:02.752980,data/lms_loan_daily.csv,2023-10-01
CUS_0xb863_2023_10_01,CUS_0xb863,1/10/2023,10,0,10000,0,0,0,10000,1/10/2023,2023-10-01,2025-11-09 06:51:02.752980,data/lms_loan_daily.csv,2023-10-01
CUS_0xb867_2023_10_01,CUS_0xb867,1/10/2023,10,0,10000,0,0,0,10000,1/10/2023,2023-10-01,2025-11-09 06:51:02.752980,data/lms_loan_daily.csv,2023-10-01
CUS_0xb875_2023_01_01,CUS_0xb875,1/1/2023,10,9,10000,1000,1000,0,1000,1/10/2023,2023-10-01,2025-11-09 06:51:02.752980,data/lms_loan_daily.csv,2023-10-01
CUS_0xb87d_2023_08_01,CUS_0xb87d,1/8/2023,10,2,10000,1000,1000,0,8000,1/10/2023,2023-10-01,2025-11-09 06:51:02.752980,data/lms_loan_daily.csv,2023-10-01
CUS_0xb882_2023_10_01,CUS_0xb882,1/10/2023,10,0,10000,0,0,0,10000,1/10/2023,2023-10-01,2025-11-09 06:51:02.752980,data/lms_loan_daily.csv,2023-10-01
CUS_0xb888_2023_06_01,CUS_0xb888,1/6/2023,10,4,10000,1000,0,1000,7000,1/10/2023,2023-10-01,2025-11-09 06:51:02.752980,data/lms_loan_daily.csv,2023-10-01
CUS_0xb88a_2023_10_01,CUS_0xb88a,1/10/2023,10,0,10000,0,0,0,10000,1/10/2023,2023-10-01,2025-11-09 06:51:02.752980,data/lms_loan_daily.csv,2023-10-01
CUS_0xb891_2023_03_01,CUS_0xb891,1/3/2023,10,7,10000,1000,1000,0,3000,1/10/2023,2023-10-01,2025-11-09 06:51:02.752980,data/lms_loan_daily.csv,2023-10-01
CUS_0xb8b6_2023_06_01,CUS_0xb8b6,1/6/2023,10,4,10000,1000,1000,0,6000,1/10/2023,2023-10-01,2025-11-09 06:51:02.752980,data/lms_loan_daily.csv,2023-10-01
CUS_0xb8b9_2023_01_01,CUS_0xb8b9,1/1/2023,10,9,10000,1000,0,7000,8000,1/10/2023,2023-10-01,2025-11-09 06:51:02.752980,data/lms_loan_daily.csv,2023-10-01
CUS_0xb8c2_2023_10_01,CUS_0xb8c2,1/10/2023,10,0,10000,0,0,0,10000,1/10/2023,2023-10-01,2025-11-09 06:51:02.752980,data/lms_loan_daily.csv,2023-10-01
CUS_0xb8d4_2023_03_01,CUS_0xb8d4,1/3/2023,10,7,10000,1000,1000,0,3000,1/10/2023,2023-10-01,2025-11-09 06:51:02.752980,data/lms_loan_daily.csv,2023-10-01
CUS_0xb8de_2023_04_01,CUS_0xb8de,1/4/2023,10,6,10000,1000,1000,0,4000,1/10/2023,2023-10-01,2025-11-09 06:51:02.752980,data/lms_loan_daily.csv,2023-10-01
CUS_0xb8e_2023_02_01,CUS_0xb8e,1/2/2023,10,8,10000,1000,0,5000,7000,1/10/2023,2023-10-01,2025-11-09 06:51:02.752980,data/lms_loan_daily.csv,2023-10-01
CUS_0xb8e9_2023_10_01,CUS_0xb8e9,1/10/2023,10,0,10000,0,0,0,10000,1/10/2023,2023-10-01,2025-11-09 06:51:02.752980,data/lms_loan_daily.csv,2023-10-01
CUS_0xb8f4_2023_06_01,CUS_0xb8f4,1/6/2023,10,4,10000,1000,1000,0,6000,1/10/2023,2023-10-01,2025-11-09 06:51:02.752980,data/lms_loan_daily.csv,2023-10-01
CUS_0xb8f6_2023_06_01,CUS_0xb8f6,1/6/2023,10,4,10000,1000,1000,0,6000,1/10/2023,2023-10-01,2025-11-09 06:51:02.752980,data/lms_loan_daily.csv,2023-10-01
CUS_0xb8f7_2023_02_01,CUS_0xb8f7,1/2/2023,10,8,10000,1000,1000,0,2000,1/10/2023,2023-10-01,2025-11-09 06:51:02.752980,data/lms_loan_daily.csv,2023-10-01
CUS_0xb903_2023_07_01,CUS_0xb903,1/7/2023,10,3,10000,1000,1000,0,7000,1/10/2023,2023-10-01,2025-11-09 06:51:02.752980,data/lms_loan_daily.csv,2023-10-01
CUS_0xb90d_2023_09_01,CUS_0xb90d,1/9/2023,10,1,10000,1000,1000,0,9000,1/10/2023,2023-10-01,2025-11-09 06:51:02.752980,data/lms_loan_daily.csv,2023-10-01
CUS_0xb912_2023_09_01,CUS_0xb912,1/9/2023,10,1,10000,1000,1000,0,9000,1/10/2023,2023-10-01,2025-11-09 06:51:02.752980,data/lms_loan_daily.csv,2023-10-01
CUS_0xb915_2023_01_01,CUS_0xb915,1/1/2023,10,9,10000,1000,0,6000,7000,1/10/2023,2023-10-01,2025-11-09 06:51:02.752980,data/lms_loan_daily.csv,2023-10-01
CUS_0xb91a_2023_04_01,CUS_0xb91a,1/4/2023,10,6,10000,1000,0,5000,9000,1/10/2023,2023-10-01,2025-11-09 06:51:02.752980,data/lms_loan_daily.csv,2023-10-01
CUS_0xb932_2023_10_01,CUS_0xb932,1/10/2023,10,0,10000,0,0,0,10000,1/10/2023,2023-10-01,2025-11-09 06:51:02.752980,data/lms_loan_daily.csv,2023-10-01
CUS_0xb936_2023_02_01,CUS_0xb936,1/2/2023,10,8,10000,1000,0,7000,9000,1/10/2023,2023-10-01,2025-11-09 06:51:02.752980,data/lms_loan_daily.csv,2023-10-01
CUS_0xb93e_2023_01_01,CUS_0xb93e,1/1/2023,10,9,10000,1000,1000,0,1000,1/10/2023,2023-10-01,2025-11-09 06:51:02.752980,data/lms_loan_daily.csv,2023-10-01
CUS_0xb948_2023_08_01,CUS_0xb948,1/8/2023,10,2,10000,1000,1000,0,8000,1/10/2023,2023-10-01,2025-11-09 06:51:02.752980,data/lms_loan_daily.csv,2023-10-01
CUS_0xb949_2023_08_01,CUS_0xb949,1/8/2023,10,2,10000,1000,1000,0,8000,1/10/2023,2023-10-01,2025-11-09 06:51:02.752980,data/lms_loan_daily.csv,2023-10-01
CUS_0xb966_2023_09_01,CUS_0xb966,1/9/2023,10,1,10000,1000,1000,0,9000,1/10/2023,2023-10-01,2025-11-09 06:51:02.752980,data/lms_loan_daily.csv,2023-10-01
CUS_0xb96c_2023_08_01,CUS_0xb96c,1/8/2023,10,2,10000,1000,1000,0,8000,1/10/2023,2023-10-01,2025-11-09 06:51:02.752980,data/lms_loan_daily.csv,2023-10-01
CUS_0xb971_2023_08_01,CUS_0xb971,1/8/2023,10,2,10000,1000,1000,0,8000,1/10/2023,2023-10-01,2025-11-09 06:51:02.752980,data/lms_loan_daily.csv,2023-10-01
CUS_0xb98_2023_04_01,CUS_0xb98,1/4/2023,10,6,10000,1000,1000,0,4000,1/10/2023,2023-10-01,2025-11-09 06:51:02.752980,data/lms_loan_daily.csv,2023-10-01
CUS_0xb986_2023_10_01,CUS_0xb986,1/10/2023,10,0,10000,0,0,0,10000,1/10/2023,2023-10-01,2025-11-09 06:51:02.752980,data/lms_loan_daily.csv,2023-10-01
CUS_0xb9a2_2023_07_01,CUS_0xb9a2,1/7/2023,10,3,10000,1000,1000,0,7000,1/10/2023,2023-10-01,2025-11-09 06:51:02.752980,data/lms_loan_daily.csv,2023-10-01
CUS_0xb9bb_2023_09_01,CUS_0xb9bb,1/9/2023,10,1,10000,1000,1000,0,9000,1/10/2023,2023-10-01,2025-11-09 06:51:02.752980,data/lms_loan_daily.csv,2023-10-01
CUS_0xb9c9_2023_03_01,CUS_0xb9c9,1/3/2023,10,7,10000,1000,0,5000,8000,1/10/2023,2023-10-01,2025-11-09 06:51:02.752980,data/lms_loan_daily.csv,2023-10-01
CUS_0xb9e0_2023_07_01,CUS_0xb9e0,1/7/2023,10,3,10000,1000,1000,0,7000,1/10/2023,2023-10-01,2025-11-09 06:51:02.752980,data/lms_loan_daily.csv,2023-10-01
CUS_0xb9e5_2023_10_01,CUS_0xb9e5,1/10/2023,10,0,10000,0,0,0,10000,1/10/2023,2023-10-01,2025-11-09 06:51:02.752980,data/lms_loan_daily.csv,2023-10-01
CUS_0xb9e6_2023_08_01,CUS_0xb9e6,1/8/2023,10,2,10000,1000,1000,0,8000,1/10/2023,2023-10-01,2025-11-09 06:51:02.752980,data/lms_loan_daily.csv,2023-10-01
CUS_0xb9ea_2023_05_01,CUS_0xb9ea,1/5/2023,10,5,10000,1000,1000,0,5000,1/10/2023,2023-10-01,2025-11-09 06:51:02.752980,data/lms_loan_daily.csv,2023-10-01
CUS_0xb9ef_2023_03_01,CUS_0xb9ef,1/3/2023,10,7,10000,1000,1000,0,3000,1/10/2023,2023-10-01,2025-11-09 06:51:02.752980,data/lms_loan_daily.csv,2023-10-01
CUS_0xba01_2023_10_01,CUS_0xba01,1/10/2023,10,0,10000,0,0,0,10000,1/10/2023,2023-10-01,2025-11-09 06:51:02.752980,data/lms_loan_daily.csv,2023-10-01
CUS_0xba03_2023_03_01,CUS_0xba03,1/3/2023,10,7,10000,1000,1000,0,3000,1/10/2023,2023-10-01,2025-11-09 06:51:02.752980,data/lms_loan_daily.csv,2023-10-01
CUS_0xba0b_2023_06_01,CUS_0xba0b,1/6/2023,10,4,10000,1000,1000,0,6000,1/10/2023,2023-10-01,2025-11-09 06:51:02.752980,data/lms_loan_daily.csv,2023-10-01
CUS_0xba16_2023_06_01,CUS_0xba16,1/6/2023,10,4,10000,1000,1000,0,6000,1/10/2023,2023-10-01,2025-11-09 06:51:02.752980,data/lms_loan_daily.csv,2023-10-01
CUS_0xba1d_2023_08_01,CUS_0xba1d,1/8/2023,10,2,10000,1000,1000,0,8000,1/10/2023,2023-10-01,2025-11-09 06:51:02.752980,data/lms_loan_daily.csv,2023-10-01
CUS_0xba20_2023_07_01,CUS_0xba20,1/7/2023,10,3,10000,1000,1000,0,7000,1/10/2023,2023-10-01,2025-11-09 06:51:02.752980,data/lms_loan_daily.csv,2023-10-01
CUS_0xba27_2023_02_01,CUS_0xba27,1/2/2023,10,8,10000,1000,1000,0,2000,1/10/2023,2023-10-01,2025-11-09 06:51:02.752980,data/lms_loan_daily.csv,2023-10-01
CUS_0xba4c_2023_04_01,CUS_0xba4c,1/4/2023,10,6,10000,1000,1000,0,4000,1/10/2023,2023-10-01,2025-11-09 06:51:02.752980,data/lms_loan_daily.csv,2023-10-01
CUS_0xba52_2023_09_01,CUS_0xba52,1/9/2023,10,1,10000,1000,1000,0,9000,1/10/2023,2023-10-01,2025-11-09 06:51:02.752980,data/lms_loan_daily.csv,2023-10-01
CUS_0xba5f_2023_02_01,CUS_0xba5f,1/2/2023,10,8,10000,1000,0,7000,9000,1/10/2023,2023-10-01,2025-11-09 06:51:02.752980,data/lms_loan_daily.csv,2023-10-01
CUS_0xba6_2023_08_01,CUS_0xba6,1/8/2023,10,2,10000,1000,1000,0,8000,1/10/2023,2023-10-01,2025-11-09 06:51:02.752980,data/lms_loan_daily.csv,2023-10-01
CUS_0xba60_2023_02_01,CUS_0xba60,1/2/2023,10,8,10000,1000,0,6000,8000,1/10/2023,2023-10-01,2025-11-09 06:51:02.752980,data/lms_loan_daily.csv,2023-10-01
CUS_0xba63_2023_10_01,CUS_0xba63,1/10/2023,10,0,10000,0,0,0,10000,1/10/2023,2023-10-01,2025-11-09 06:51:02.752980,data/lms_loan_daily.csv,2023-10-01
CUS_0xba7e_2023_06_01,CUS_0xba7e,1/6/2023,10,4,10000,1000,3000,0,6000,1/10/2023,2023-10-01,2025-11-09 06:51:02.752980,data/lms_loan_daily.csv,2023-10-01
CUS_0xba92_2023_03_01,CUS_0xba92,1/3/2023,10,7,10000,1000,1000,0,3000,1/10/2023,2023-10-01,2025-11-09 06:51:02.752980,data/lms_loan_daily.csv,2023-10-01
CUS_0xba93_2023_06_01,CUS_0xba93,1/6/2023,10,4,10000,1000,1000,0,6000,1/10/2023,2023-10-01,2025-11-09 06:51:02.752980,data/lms_loan_daily.csv,2023-10-01
CUS_0xba94_2023_07_01,CUS_0xba94,1/7/2023,10,3,10000,1000,1000,0,7000,1/10/2023,2023-10-01,2025-11-09 06:51:02.752980,data/lms_loan_daily.csv,2023-10-01
CUS_0xba9d_2023_01_01,CUS_0xba9d,1/1/2023,10,9,10000,1000,0,6000,7000,1/10/2023,2023-10-01,2025-11-09 06:51:02.752980,data/lms_loan_daily.csv,2023-10-01
CUS_0xbaa6_2023_06_01,CUS_0xbaa6,1/6/2023,10,4,10000,1000,1000,0,6000,1/10/2023,2023-10-01,2025-11-09 06:51:02.752980,data/lms_loan_daily.csv,2023-10-01
CUS_0xbaa8_2023_05_01,CUS_0xbaa8,1/5/2023,10,5,10000,1000,1000,0,5000,1/10/2023,2023-10-01,2025-11-09 06:51:02.752980,data/lms_loan_daily.csv,2023-10-01
CUS_0xbaab_2023_03_01,CUS_0xbaab,1/3/2023,10,7,10000,1000,1000,0,3000,1/10/2023,2023-10-01,2025-11-09 06:51:02.752980,data/lms_loan_daily.csv,2023-10-01
CUS_0xbab1_2023_03_01,CUS_0xbab1,1/3/2023,10,7,10000,1000,1000,0,3000,1/10/2023,2023-10-01,2025-11-09 06:51:02.752980,data/lms_loan_daily.csv,2023-10-01
CUS_0xbabe_2023_07_01,CUS_0xbabe,1/7/2023,10,3,10000,1000,0,1000,8000,1/10/2023,2023-10-01,2025-11-09 06:51:02.752980,data/lms_loan_daily.csv,2023-10-01
CUS_0xbacd_2023_04_01,CUS_0xbacd,1/4/2023,10,6,10000,1000,1000,0,4000,1/10/2023,2023-10-01,2025-11-09 06:51:02.752980,data/lms_loan_daily.csv,2023-10-01
CUS_0xbace_2023_07_01,CUS_0xbace,1/7/2023,10,3,10000,1000,1000,0,7000,1/10/2023,2023-10-01,2025-11-09 06:51:02.752980,data/lms_loan_daily.csv,2023-10-01
CUS_0xbae6_2023_09_01,CUS_0xbae6,1/9/2023,10,1,10000,1000,1000,0,9000,1/10/2023,2023-10-01,2025-11-09 06:51:02.752980,data/lms_loan_daily.csv,2023-10-01
CUS_0xbaeb_2023_04_01,CUS_0xbaeb,1/4/2023,10,6,10000,1000,1000,0,4000,1/10/2023,2023-10-01,2025-11-09 06:51:02.752980,data/lms_loan_daily.csv,2023-10-01
CUS_0xbaee_2023_06_01,CUS_0xbaee,1/6/2023,10,4,10000,1000,1000,0,6000,1/10/2023,2023-10-01,2025-11-09 06:51:02.752980,data/lms_loan_daily.csv,2023-10-01
CUS_0xbaf4_2023_02_01,CUS_0xbaf4,1/2/2023,10,8,10000,1000,1000,0,2000,1/10/2023,2023-10-01,2025-11-09 06:51:02.752980,data/lms_loan_daily.csv,2023-10-01
CUS_0xbaf6_2023_07_01,CUS_0xbaf6,1/7/2023,10,3,10000,1000,1000,0,7000,1/10/2023,2023-10-01,2025-11-09 06:51:02.752980,data/lms_loan_daily.csv,2023-10-01
CUS_0xbafa_2023_04_01,CUS_0xbafa,1/4/2023,10,6,10000,1000,1000,0,4000,1/10/2023,2023-10-01,2025-11-09 06:51:02.752980,data/lms_loan_daily.csv,2023-10-01
CUS_0xbafb_2023_07_01,CUS_0xbafb,1/7/2023,10,3,10000,1000,1000,0,7000,1/10/2023,2023-10-01,2025-11-09 06:51:02.752980,data/lms_loan_daily.csv,2023-10-01
CUS_0xbafd_2023_04_01,CUS_0xbafd,1/4/2023,10,6,10000,1000,1000,0,4000,1/10/2023,2023-10-01,2025-11-09 06:51:02.752980,data/lms_loan_daily.csv,2023-10-01
CUS_0xbb02_2023_08_01,CUS_0xbb02,1/8/2023,10,2,10000,1000,1000,0,8000,1/10/2023,2023-10-01,2025-11-09 06:51:02.752980,data/lms_loan_daily.csv,2023-10-01
CUS_0xbb0b_2023_10_01,CUS_0xbb0b,1/10/2023,10,0,10000,0,0,0,10000,1/10/2023,2023-10-01,2025-11-09 06:51:02.752980,data/lms_loan_daily.csv,2023-10-01
CUS_0xbb0c_2023_09_01,CUS_0xbb0c,1/9/2023,10,1,10000,1000,1000,0,9000,1/10/2023,2023-10-01,2025-11-09 06:51:02.752980,data/lms_loan_daily.csv,2023-10-01
CUS_0xbb18_2023_07_01,CUS_0xbb18,1/7/2023,10,3,10000,1000,1000,0,7000,1/10/2023,2023-10-01,2025-11-09 06:51:02.752980,data/lms_loan_daily.csv,2023-10-01
CUS_0xbb2_2023_09_01,CUS_0xbb2,1/9/2023,10,1,10000,1000,0,1000,10000,1/10/2023,2023-10-01,2025-11-09 06:51:02.752980,data/lms_loan_daily.csv,2023-10-01
CUS_0xbb21_2023_06_01,CUS_0xbb21,1/6/2023,10,4,10000,1000,1000,0,6000,1/10/2023,2023-10-01,2025-11-09 06:51:02.752980,data/lms_loan_daily.csv,2023-10-01
CUS_0xbb37_2023_02_01,CUS_0xbb37,1/2/2023,10,8,10000,1000,1000,0,2000,1/10/2023,2023-10-01,2025-11-09 06:51:02.752980,data/lms_loan_daily.csv,2023-10-01
CUS_0xbb4e_2023_08_01,CUS_0xbb4e,1/8/2023,10,2,10000,1000,1000,0,8000,1/10/2023,2023-10-01,2025-11-09 06:51:02.752980,data/lms_loan_daily.csv,2023-10-01
CUS_0xbb55_2023_07_01,CUS_0xbb55,1/7/2023,10,3,10000,1000,0,2000,9000,1/10/2023,2023-10-01,2025-11-09 06:51:02.752980,data/lms_loan_daily.csv,2023-10-01
CUS_0xbb6a_2023_05_01,CUS_0xbb6a,1/5/2023,10,5,10000,1000,0,4000,9000,1/10/2023,2023-10-01,2025-11-09 06:51:02.752980,data/lms_loan_daily.csv,2023-10-01
CUS_0xbb6e_2023_04_01,CUS_0xbb6e,1/4/2023,10,6,10000,1000,1000,0,4000,1/10/2023,2023-10-01,2025-11-09 06:51:02.752980,data/lms_loan_daily.csv,2023-10-01
CUS_0xbb7_2023_03_01,CUS_0xbb7,1/3/2023,10,7,10000,1000,1000,0,3000,1/10/2023,2023-10-01,2025-11-09 06:51:02.752980,data/lms_loan_daily.csv,2023-10-01
CUS_0xbb73_2023_04_01,CUS_0xbb73,1/4/2023,10,6,10000,1000,1000,0,4000,1/10/2023,2023-10-01,2025-11-09 06:51:02.752980,data/lms_loan_daily.csv,2023-10-01
CUS_0xbb7e_2023_06_01,CUS_0xbb7e,1/6/2023,10,4,10000,1000,1000,0,6000,1/10/2023,2023-10-01,2025-11-09 06:51:02.752980,data/lms_loan_daily.csv,2023-10-01
CUS_0xbb85_2023_04_01,CUS_0xbb85,1/4/2023,10,6,10000,1000,1000,0,4000,1/10/2023,2023-10-01,2025-11-09 06:51:02.752980,data/lms_loan_daily.csv,2023-10-01
CUS_0xbb94_2023_05_01,CUS_0xbb94,1/5/2023,10,5,10000,1000,0,2000,7000,1/10/2023,2023-10-01,2025-11-09 06:51:02.752980,data/lms_loan_daily.csv,2023-10-01
CUS_0xbb95_2023_02_01,CUS_0xbb95,1/2/2023,10,8,10000,1000,1000,0,2000,1/10/2023,2023-10-01,2025-11-09 06:51:02.752980,data/lms_loan_daily.csv,2023-10-01
CUS_0xbb9a_2023_02_01,CUS_0xbb9a,1/2/2023,10,8,10000,1000,1000,0,2000,1/10/2023,2023-10-01,2025-11-09 06:51:02.752980,data/lms_loan_daily.csv,2023-10-01
CUS_0xbba_2023_07_01,CUS_0xbba,1/7/2023,10,3,10000,1000,1000,0,7000,1/10/2023,2023-10-01,2025-11-09 06:51:02.752980,data/lms_loan_daily.csv,2023-10-01
CUS_0xbba9_2023_07_01,CUS_0xbba9,1/7/2023,10,3,10000,1000,0,1000,8000,1/10/2023,2023-10-01,2025-11-09 06:51:02.752980,data/lms_loan_daily.csv,2023-10-01
CUS_0xbbaa_2023_08_01,CUS_0xbbaa,1/8/2023,10,2,10000,1000,1000,0,8000,1/10/2023,2023-10-01,2025-11-09 06:51:02.752980,data/lms_loan_daily.csv,2023-10-01
CUS_0xbbd3_2023_02_01,CUS_0xbbd3,1/2/2023,10,8,10000,1000,0,5000,7000,1/10/2023,2023-10-01,2025-11-09 06:51:02.752980,data/lms_loan_daily.csv,2023-10-01
CUS_0xbbdd_2023_10_01,CUS_0xbbdd,1/10/2023,10,0,10000,0,0,0,10000,1/10/2023,2023-10-01,2025-11-09 06:51:02.752980,data/lms_loan_daily.csv,2023-10-01
CUS_0xbbe4_2023_01_01,CUS_0xbbe4,1/1/2023,10,9,10000,1000,1000,0,1000,1/10/2023,2023-10-01,2025-11-09 06:51:02.752980,data/lms_loan_daily.csv,2023-10-01
CUS_0xbbf5_2023_02_01,CUS_0xbbf5,1/2/2023,10,8,10000,1000,1000,0,2000,1/10/2023,2023-10-01,2025-11-09 06:51:02.752980,data/lms_loan_daily.csv,2023-10-01
CUS_0xbbf6_2023_10_01,CUS_0xbbf6,1/10/2023,10,0,10000,0,0,0,10000,1/10/2023,2023-10-01,2025-11-09 06:51:02.752980,data/lms_loan_daily.csv,2023-10-01
CUS_0xbc05_2023_05_01,CUS_0xbc05,1/5/2023,10,5,10000,1000,0,1000,6000,1/10/2023,2023-10-01,2025-11-09 06:51:02.752980,data/lms_loan_daily.csv,2023-10-01
CUS_0xbc14_2023_07_01,CUS_0xbc14,1/7/2023,10,3,10000,1000,0,1000,8000,1/10/2023,2023-10-01,2025-11-09 06:51:02.752980,data/lms_loan_daily.csv,2023-10-01
CUS_0xbc1e_2023_02_01,CUS_0xbc1e,1/2/2023,10,8,10000,1000,0,5000,7000,1/10/2023,2023-10-01,2025-11-09 06:51:02.752980,data/lms_loan_daily.csv,2023-10-01
CUS_0xbc29_2023_04_01,CUS_0xbc29,1/4/2023,10,6,10000,1000,0,2000,6000,1/10/2023,2023-10-01,2025-11-09 06:51:02.752980,data/lms_loan_daily.csv,2023-10-01
CUS_0xbc33_2023_04_01,CUS_0xbc33,1/4/2023,10,6,10000,1000,1000,0,4000,1/10/2023,2023-10-01,2025-11-09 06:51:02.752980,data/lms_loan_daily.csv,2023-10-01
CUS_0xbc4c_2023_10_01,CUS_0xbc4c,1/10/2023,10,0,10000,0,0,0,10000,1/10/2023,2023-10-01,2025-11-09 06:51:02.752980,data/lms_loan_daily.csv,2023-10-01
CUS_0xbc51_2023_10_01,CUS_0xbc51,1/10/2023,10,0,10000,0,0,0,10000,1/10/2023,2023-10-01,2025-11-09 06:51:02.752980,data/lms_loan_daily.csv,2023-10-01
CUS_0xbc57_2023_09_01,CUS_0xbc57,1/9/2023,10,1,10000,1000,1000,0,9000,1/10/2023,2023-10-01,2025-11-09 06:51:02.752980,data/lms_loan_daily.csv,2023-10-01
CUS_0xbc5e_2023_10_01,CUS_0xbc5e,1/10/2023,10,0,10000,0,0,0,10000,1/10/2023,2023-10-01,2025-11-09 06:51:02.752980,data/lms_loan_daily.csv,2023-10-01
CUS_0xbc6a_2023_08_01,CUS_0xbc6a,1/8/2023,10,2,10000,1000,1000,0,8000,1/10/2023,2023-10-01,2025-11-09 06:51:02.752980,data/lms_loan_daily.csv,2023-10-01
CUS_0xbc9e_2023_04_01,CUS_0xbc9e,1/4/2023,10,6,10000,1000,0,4000,8000,1/10/2023,2023-10-01,2025-11-09 06:51:02.752980,data/lms_loan_daily.csv,2023-10-01
CUS_0xbca1_2023_07_01,CUS_0xbca1,1/7/2023,10,3,10000,1000,1000,0,7000,1/10/2023,2023-10-01,2025-11-09 06:51:02.752980,data/lms_loan_daily.csv,2023-10-01
CUS_0xbca3_2023_09_01,CUS_0xbca3,1/9/2023,10,1,10000,1000,1000,0,9000,1/10/2023,2023-10-01,2025-11-09 06:51:02.752980,data/lms_loan_daily.csv,2023-10-01
CUS_0xbca6_2023_01_01,CUS_0xbca6,1/1/2023,10,9,10000,1000,0,7000,8000,1/10/2023,2023-10-01,2025-11-09 06:51:02.752980,data/lms_loan_daily.csv,2023-10-01
CUS_0xbcbc_2023_09_01,CUS_0xbcbc,1/9/2023,10,1,10000,1000,1000,0,9000,1/10/2023,2023-10-01,2025-11-09 06:51:02.752980,data/lms_loan_daily.csv,2023-10-01
CUS_0xbcc9_2023_02_01,CUS_0xbcc9,1/2/2023,10,8,10000,1000,1000,0,2000,1/10/2023,2023-10-01,2025-11-09 06:51:02.752980,data/lms_loan_daily.csv,2023-10-01
CUS_0xbcca_2023_05_01,CUS_0xbcca,1/5/2023,10,5,10000,1000,1000,0,5000,1/10/2023,2023-10-01,2025-11-09 06:51:02.752980,data/lms_loan_daily.csv,2023-10-01
CUS_0xbccb_2023_03_01,CUS_0xbccb,1/3/2023,10,7,10000,1000,0,6000,9000,1/10/2023,2023-10-01,2025-11-09 06:51:02.752980,data/lms_loan_daily.csv,2023-10-01
CUS_0xbccf_2023_04_01,CUS_0xbccf,1/4/2023,10,6,10000,1000,1000,0,4000,1/10/2023,2023-10-01,2025-11-09 06:51:02.752980,data/lms_loan_daily.csv,2023-10-01
CUS_0xbcda_2023_08_01,CUS_0xbcda,1/8/2023,10,2,10000,1000,1000,0,8000,1/10/2023,2023-10-01,2025-11-09 06:51:02.752980,data/lms_loan_daily.csv,2023-10-01
CUS_0xbce_2023_09_01,CUS_0xbce,1/9/2023,10,1,10000,1000,1000,0,9000,1/10/2023,2023-10-01,2025-11-09 06:51:02.752980,data/lms_loan_daily.csv,2023-10-01
CUS_0xbce0_2023_06_01,CUS_0xbce0,1/6/2023,10,4,10000,1000,1000,0,6000,1/10/2023,2023-10-01,2025-11-09 06:51:02.752980,data/lms_loan_daily.csv,2023-10-01
CUS_0xbce2_2023_08_01,CUS_0xbce2,1/8/2023,10,2,10000,1000,1000,0,8000,1/10/2023,2023-10-01,2025-11-09 06:51:02.752980,data/lms_loan_daily.csv,2023-10-01
CUS_0xbcf7_2023_05_01,CUS_0xbcf7,1/5/2023,10,5,10000,1000,0,2000,7000,1/10/2023,2023-10-01,2025-11-09 06:51:02.752980,data/lms_loan_daily.csv,2023-10-01
CUS_0xbcfe_2023_06_01,CUS_0xbcfe,1/6/2023,10,4,10000,1000,1000,0,6000,1/10/2023,2023-10-01,2025-11-09 06:51:02.752980,data/lms_loan_daily.csv,2023-10-01
CUS_0xbd08_2023_06_01,CUS_0xbd08,1/6/2023,10,4,10000,1000,1000,0,6000,1/10/2023,2023-10-01,2025-11-09 06:51:02.752980,data/lms_loan_daily.csv,2023-10-01
CUS_0xbd0f_2023_04_01,CUS_0xbd0f,1/4/2023,10,6,10000,1000,1000,0,4000,1/10/2023,2023-10-01,2025-11-09 06:51:02.752980,data/lms_loan_daily.csv,2023-10-01
CUS_0xbd11_2023_06_01,CUS_0xbd11,1/6/2023,10,4,10000,1000,0,1000,7000,1/10/2023,2023-10-01,2025-11-09 06:51:02.752980,data/lms_loan_daily.csv,2023-10-01
CUS_0xbd1e_2023_05_01,CUS_0xbd1e,1/5/2023,10,5,10000,1000,1000,0,5000,1/10/2023,2023-10-01,2025-11-09 06:51:02.752980,data/lms_loan_daily.csv,2023-10-01
CUS_0xbd1f_2023_01_01,CUS_0xbd1f,1/1/2023,10,9,10000,1000,1000,0,1000,1/10/2023,2023-10-01,2025-11-09 06:51:02.752980,data/lms_loan_daily.csv,2023-10-01
CUS_0xbd29_2023_05_01,CUS_0xbd29,1/5/2023,10,5,10000,1000,1000,0,5000,1/10/2023,2023-10-01,2025-11-09 06:51:02.752980,data/lms_loan_daily.csv,2023-10-01
CUS_0xbd2c_2023_04_01,CUS_0xbd2c,1/4/2023,10,6,10000,1000,1000,0,4000,1/10/2023,2023-10-01,2025-11-09 06:51:02.752980,data/lms_loan_daily.csv,2023-10-01
CUS_0xbd33_2023_04_01,CUS_0xbd33,1/4/2023,10,6,10000,1000,1000,0,4000,1/10/2023,2023-10-01,2025-11-09 06:51:02.752980,data/lms_loan_daily.csv,2023-10-01
CUS_0xbd4b_2023_03_01,CUS_0xbd4b,1/3/2023,10,7,10000,1000,1000,0,3000,1/10/2023,2023-10-01,2025-11-09 06:51:02.752980,data/lms_loan_daily.csv,2023-10-01
CUS_0xbd59_2023_06_01,CUS_0xbd59,1/6/2023,10,4,10000,1000,1000,0,6000,1/10/2023,2023-10-01,2025-11-09 06:51:02.752980,data/lms_loan_daily.csv,2023-10-01
CUS_0xbd75_2023_07_01,CUS_0xbd75,1/7/2023,10,3,10000,1000,1000,0,7000,1/10/2023,2023-10-01,2025-11-09 06:51:02.752980,data/lms_loan_daily.csv,2023-10-01
CUS_0xbd85_2023_08_01,CUS_0xbd85,1/8/2023,10,2,10000,1000,1000,0,8000,1/10/2023,2023-10-01,2025-11-09 06:51:02.752980,data/lms_loan_daily.csv,2023-10-01
CUS_0xbd8c_2023_10_01,CUS_0xbd8c,1/10/2023,10,0,10000,0,0,0,10000,1/10/2023,2023-10-01,2025-11-09 06:51:02.752980,data/lms_loan_daily.csv,2023-10-01
CUS_0xbd8f_2023_01_01,CUS_0xbd8f,1/1/2023,10,9,10000,1000,0,6000,7000,1/10/2023,2023-10-01,2025-11-09 06:51:02.752980,data/lms_loan_daily.csv,2023-10-01
CUS_0xbd98_2023_09_01,CUS_0xbd98,1/9/2023,10,1,10000,1000,1000,0,9000,1/10/2023,2023-10-01,2025-11-09 06:51:02.752980,data/lms_loan_daily.csv,2023-10-01
CUS_0xbda2_2023_05_01,CUS_0xbda2,1/5/2023,10,5,10000,1000,1000,0,5000,1/10/2023,2023-10-01,2025-11-09 06:51:02.752980,data/lms_loan_daily.csv,2023-10-01
CUS_0xbdcd_2023_07_01,CUS_0xbdcd,1/7/2023,10,3,10000,1000,1000,0,7000,1/10/2023,2023-10-01,2025-11-09 06:51:02.752980,data/lms_loan_daily.csv,2023-10-01
CUS_0xbdcf_2023_06_01,CUS_0xbdcf,1/6/2023,10,4,10000,1000,1000,0,6000,1/10/2023,2023-10-01,2025-11-09 06:51:02.752980,data/lms_loan_daily.csv,2023-10-01
CUS_0xbdd9_2023_02_01,CUS_0xbdd9,1/2/2023,10,8,10000,1000,1000,0,2000,1/10/2023,2023-10-01,2025-11-09 06:51:02.752980,data/lms_loan_daily.csv,2023-10-01
CUS_0xbdf_2023_05_01,CUS_0xbdf,1/5/2023,10,5,10000,1000,1000,0,5000,1/10/2023,2023-10-01,2025-11-09 06:51:02.752980,data/lms_loan_daily.csv,2023-10-01
CUS_0xbe12_2023_02_01,CUS_0xbe12,1/2/2023,10,8,10000,1000,1000,0,2000,1/10/2023,2023-10-01,2025-11-09 06:51:02.752980,data/lms_loan_daily.csv,2023-10-01
CUS_0xbe14_2023_08_01,CUS_0xbe14,1/8/2023,10,2,10000,1000,1000,0,8000,1/10/2023,2023-10-01,2025-11-09 06:51:02.752980,data/lms_loan_daily.csv,2023-10-01
CUS_0xbe2_2023_07_01,CUS_0xbe2,1/7/2023,10,3,10000,1000,1000,0,7000,1/10/2023,2023-10-01,2025-11-09 06:51:02.752980,data/lms_loan_daily.csv,2023-10-01
CUS_0xbe20_2023_05_01,CUS_0xbe20,1/5/2023,10,5,10000,1000,1000,0,5000,1/10/2023,2023-10-01,2025-11-09 06:51:02.752980,data/lms_loan_daily.csv,2023-10-01
CUS_0xbe22_2023_07_01,CUS_0xbe22,1/7/2023,10,3,10000,1000,1000,0,7000,1/10/2023,2023-10-01,2025-11-09 06:51:02.752980,data/lms_loan_daily.csv,2023-10-01
CUS_0xbe25_2023_07_01,CUS_0xbe25,1/7/2023,10,3,10000,1000,1000,0,7000,1/10/2023,2023-10-01,2025-11-09 06:51:02.752980,data/lms_loan_daily.csv,2023-10-01
CUS_0xbe3_2023_07_01,CUS_0xbe3,1/7/2023,10,3,10000,1000,1000,0,7000,1/10/2023,2023-10-01,2025-11-09 06:51:02.752980,data/lms_loan_daily.csv,2023-10-01
CUS_0xbe3b_2023_09_01,CUS_0xbe3b,1/9/2023,10,1,10000,1000,0,1000,10000,1/10/2023,2023-10-01,2025-11-09 06:51:02.752980,data/lms_loan_daily.csv,2023-10-01
CUS_0xbe4b_2023_07_01,CUS_0xbe4b,1/7/2023,10,3,10000,1000,1000,0,7000,1/10/2023,2023-10-01,2025-11-09 06:51:02.752980,data/lms_loan_daily.csv,2023-10-01
CUS_0xbe54_2023_08_01,CUS_0xbe54,1/8/2023,10,2,10000,1000,1000,0,8000,1/10/2023,2023-10-01,2025-11-09 06:51:02.752980,data/lms_loan_daily.csv,2023-10-01
CUS_0xbe5c_2023_04_01,CUS_0xbe5c,1/4/2023,10,6,10000,1000,0,5000,9000,1/10/2023,2023-10-01,2025-11-09 06:51:02.752980,data/lms_loan_daily.csv,2023-10-01
CUS_0xbe64_2023_05_01,CUS_0xbe64,1/5/2023,10,5,10000,1000,1000,0,5000,1/10/2023,2023-10-01,2025-11-09 06:51:02.752980,data/lms_loan_daily.csv,2023-10-01
CUS_0xbe65_2023_06_01,CUS_0xbe65,1/6/2023,10,4,10000,1000,1000,0,6000,1/10/2023,2023-10-01,2025-11-09 06:51:02.752980,data/lms_loan_daily.csv,2023-10-01
CUS_0xbe7_2023_05_01,CUS_0xbe7,1/5/2023,10,5,10000,1000,0,3000,8000,1/10/2023,2023-10-01,2025-11-09 06:51:02.752980,data/lms_loan_daily.csv,2023-10-01
CUS_0xbe70_2023_05_01,CUS_0xbe70,1/5/2023,10,5,10000,1000,0,2000,7000,1/10/2023,2023-10-01,2025-11-09 06:51:02.752980,data/lms_loan_daily.csv,2023-10-01
CUS_0xbe71_2023_04_01,CUS_0xbe71,1/4/2023,10,6,10000,1000,1000,0,4000,1/10/2023,2023-10-01,2025-11-09 06:51:02.752980,data/lms_loan_daily.csv,2023-10-01
CUS_0xbe82_2023_09_01,CUS_0xbe82,1/9/2023,10,1,10000,1000,1000,0,9000,1/10/2023,2023-10-01,2025-11-09 06:51:02.752980,data/lms_loan_daily.csv,2023-10-01
CUS_0xbeb0_2023_08_01,CUS_0xbeb0,1/8/2023,10,2,10000,1000,1000,0,8000,1/10/2023,2023-10-01,2025-11-09 06:51:02.752980,data/lms_loan_daily.csv,2023-10-01
CUS_0xbeb8_2023_03_01,CUS_0xbeb8,1/3/2023,10,7,10000,1000,0,4000,7000,1/10/2023,2023-10-01,2025-11-09 06:51:02.752980,data/lms_loan_daily.csv,2023-10-01
CUS_0xbec2_2023_10_01,CUS_0xbec2,1/10/2023,10,0,10000,0,0,0,10000,1/10/2023,2023-10-01,2025-11-09 06:51:02.752980,data/lms_loan_daily.csv,2023-10-01
CUS_0xbecb_2023_08_01,CUS_0xbecb,1/8/2023,10,2,10000,1000,0,1000,9000,1/10/2023,2023-10-01,2025-11-09 06:51:02.752980,data/lms_loan_daily.csv,2023-10-01
CUS_0xbed7_2023_04_01,CUS_0xbed7,1/4/2023,10,6,10000,1000,1000,0,4000,1/10/2023,2023-10-01,2025-11-09 06:51:02.752980,data/lms_loan_daily.csv,2023-10-01
CUS_0xbeec_2023_08_01,CUS_0xbeec,1/8/2023,10,2,10000,1000,1000,0,8000,1/10/2023,2023-10-01,2025-11-09 06:51:02.752980,data/lms_loan_daily.csv,2023-10-01
CUS_0xbef7_2023_08_01,CUS_0xbef7,1/8/2023,10,2,10000,1000,0,2000,10000,1/10/2023,2023-10-01,2025-11-09 06:51:02.752980,data/lms_loan_daily.csv,2023-10-01
CUS_0xbf01_2023_01_01,CUS_0xbf01,1/1/2023,10,9,10000,1000,1000,0,1000,1/10/2023,2023-10-01,2025-11-09 06:51:02.752980,data/lms_loan_daily.csv,2023-10-01
CUS_0xbf03_2023_05_01,CUS_0xbf03,1/5/2023,10,5,10000,1000,1000,0,5000,1/10/2023,2023-10-01,2025-11-09 06:51:02.752980,data/lms_loan_daily.csv,2023-10-01
CUS_0xbf07_2023_09_01,CUS_0xbf07,1/9/2023,10,1,10000,1000,1000,0,9000,1/10/2023,2023-10-01,2025-11-09 06:51:02.752980,data/lms_loan_daily.csv,2023-10-01
CUS_0xbf18_2023_05_01,CUS_0xbf18,1/5/2023,10,5,10000,1000,1000,0,5000,1/10/2023,2023-10-01,2025-11-09 06:51:02.752980,data/lms_loan_daily.csv,2023-10-01
CUS_0xbf19_2023_10_01,CUS_0xbf19,1/10/2023,10,0,10000,0,0,0,10000,1/10/2023,2023-10-01,2025-11-09 06:51:02.752980,data/lms_loan_daily.csv,2023-10-01
CUS_0xbf23_2023_02_01,CUS_0xbf23,1/2/2023,10,8,10000,1000,1000,0,2000,1/10/2023,2023-10-01,2025-11-09 06:51:02.752980,data/lms_loan_daily.csv,2023-10-01
CUS_0xbf38_2023_01_01,CUS_0xbf38,1/1/2023,10,9,10000,1000,1000,0,1000,1/10/2023,2023-10-01,2025-11-09 06:51:02.752980,data/lms_loan_daily.csv,2023-10-01
CUS_0xbf40_2023_04_01,CUS_0xbf40,1/4/2023,10,6,10000,1000,1000,0,4000,1/10/2023,2023-10-01,2025-11-09 06:51:02.752980,data/lms_loan_daily.csv,2023-10-01
CUS_0xbf4c_2023_10_01,CUS_0xbf4c,1/10/2023,10,0,10000,0,0,0,10000,1/10/2023,2023-10-01,2025-11-09 06:51:02.752980,data/lms_loan_daily.csv,2023-10-01
CUS_0xbf55_2023_01_01,CUS_0xbf55,1/1/2023,10,9,10000,1000,0,8000,9000,1/10/2023,2023-10-01,2025-11-09 06:51:02.752980,data/lms_loan_daily.csv,2023-10-01
CUS_0xbf5c_2023_10_01,CUS_0xbf5c,1/10/2023,10,0,10000,0,0,0,10000,1/10/2023,2023-10-01,2025-11-09 06:51:02.752980,data/lms_loan_daily.csv,2023-10-01
CUS_0xbf8_2023_07_01,CUS_0xbf8,1/7/2023,10,3,10000,1000,1000,0,7000,1/10/2023,2023-10-01,2025-11-09 06:51:02.752980,data/lms_loan_daily.csv,2023-10-01
CUS_0xbf82_2023_03_01,CUS_0xbf82,1/3/2023,10,7,10000,1000,1000,0,3000,1/10/2023,2023-10-01,2025-11-09 06:51:02.752980,data/lms_loan_daily.csv,2023-10-01
CUS_0xbfa1_2023_06_01,CUS_0xbfa1,1/6/2023,10,4,10000,1000,1000,0,6000,1/10/2023,2023-10-01,2025-11-09 06:51:02.752980,data/lms_loan_daily.csv,2023-10-01
CUS_0xbfa6_2023_04_01,CUS_0xbfa6,1/4/2023,10,6,10000,1000,0,5000,9000,1/10/2023,2023-10-01,2025-11-09 06:51:02.752980,data/lms_loan_daily.csv,2023-10-01
CUS_0xbfa9_2023_06_01,CUS_0xbfa9,1/6/2023,10,4,10000,1000,0,2000,8000,1/10/2023,2023-10-01,2025-11-09 06:51:02.752980,data/lms_loan_daily.csv,2023-10-01
CUS_0xbfb4_2023_09_01,CUS_0xbfb4,1/9/2023,10,1,10000,1000,1000,0,9000,1/10/2023,2023-10-01,2025-11-09 06:51:02.752980,data/lms_loan_daily.csv,2023-10-01
CUS_0xbfb5_2023_05_01,CUS_0xbfb5,1/5/2023,10,5,10000,1000,1000,0,5000,1/10/2023,2023-10-01,2025-11-09 06:51:02.752980,data/lms_loan_daily.csv,2023-10-01
CUS_0xbfb6_2023_09_01,CUS_0xbfb6,1/9/2023,10,1,10000,1000,1000,0,9000,1/10/2023,2023-10-01,2025-11-09 06:51:02.752980,data/lms_loan_daily.csv,2023-10-01
CUS_0xbfbc_2023_06_01,CUS_0xbfbc,1/6/2023,10,4,10000,1000,1000,0,6000,1/10/2023,2023-10-01,2025-11-09 06:51:02.752980,data/lms_loan_daily.csv,2023-10-01
CUS_0xbfd_2023_03_01,CUS_0xbfd,1/3/2023,10,7,10000,1000,1000,0,3000,1/10/2023,2023-10-01,2025-11-09 06:51:02.752980,data/lms_loan_daily.csv,2023-10-01
CUS_0xbfd0_2023_02_01,CUS_0xbfd0,1/2/2023,10,8,10000,1000,1000,0,2000,1/10/2023,2023-10-01,2025-11-09 06:51:02.752980,data/lms_loan_daily.csv,2023-10-01
CUS_0xbfd5_2023_08_01,CUS_0xbfd5,1/8/2023,10,2,10000,1000,1000,0,8000,1/10/2023,2023-10-01,2025-11-09 06:51:02.752980,data/lms_loan_daily.csv,2023-10-01
CUS_0xbfe0_2023_09_01,CUS_0xbfe0,1/9/2023,10,1,10000,1000,1000,0,9000,1/10/2023,2023-10-01,2025-11-09 06:51:02.752980,data/lms_loan_daily.csv,2023-10-01
CUS_0xbfe7_2023_03_01,CUS_0xbfe7,1/3/2023,10,7,10000,1000,1000,0,3000,1/10/2023,2023-10-01,2025-11-09 06:51:02.752980,data/lms_loan_daily.csv,2023-10-01
CUS_0xbfea_2023_09_01,CUS_0xbfea,1/9/2023,10,1,10000,1000,1000,0,9000,1/10/2023,2023-10-01,2025-11-09 06:51:02.752980,data/lms_loan_daily.csv,2023-10-01
CUS_0xbfeb_2023_05_01,CUS_0xbfeb,1/5/2023,10,5,10000,1000,0,4000,9000,1/10/2023,2023-10-01,2025-11-09 06:51:02.752980,data/lms_loan_daily.csv,2023-10-01
CUS_0xbff1_2023_02_01,CUS_0xbff1,1/2/2023,10,8,10000,1000,1000,0,2000,1/10/2023,2023-10-01,2025-11-09 06:51:02.752980,data/lms_loan_daily.csv,2023-10-01
CUS_0xc007_2023_07_01,CUS_0xc007,1/7/2023,10,3,10000,1000,1000,0,7000,1/10/2023,2023-10-01,2025-11-09 06:51:02.752980,data/lms_loan_daily.csv,2023-10-01
CUS_0xc00a_2023_07_01,CUS_0xc00a,1/7/2023,10,3,10000,1000,1000,0,7000,1/10/2023,2023-10-01,2025-11-09 06:51:02.752980,data/lms_loan_daily.csv,2023-10-01
CUS_0xc010_2023_01_01,CUS_0xc010,1/1/2023,10,9,10000,1000,1000,0,1000,1/10/2023,2023-10-01,2025-11-09 06:51:02.752980,data/lms_loan_daily.csv,2023-10-01
CUS_0xc02f_2023_06_01,CUS_0xc02f,1/6/2023,10,4,10000,1000,1000,0,6000,1/10/2023,2023-10-01,2025-11-09 06:51:02.752980,data/lms_loan_daily.csv,2023-10-01
CUS_0xc044_2023_07_01,CUS_0xc044,1/7/2023,10,3,10000,1000,1000,0,7000,1/10/2023,2023-10-01,2025-11-09 06:51:02.752980,data/lms_loan_daily.csv,2023-10-01
CUS_0xc049_2023_09_01,CUS_0xc049,1/9/2023,10,1,10000,1000,1000,0,9000,1/10/2023,2023-10-01,2025-11-09 06:51:02.752980,data/lms_loan_daily.csv,2023-10-01
CUS_0xc055_2023_01_01,CUS_0xc055,1/1/2023,10,9,10000,1000,1000,0,1000,1/10/2023,2023-10-01,2025-11-09 06:51:02.752980,data/lms_loan_daily.csv,2023-10-01
CUS_0xc05d_2023_09_01,CUS_0xc05d,1/9/2023,10,1,10000,1000,1000,0,9000,1/10/2023,2023-10-01,2025-11-09 06:51:02.752980,data/lms_loan_daily.csv,2023-10-01
CUS_0xc062_2023_06_01,CUS_0xc062,1/6/2023,10,4,10000,1000,1000,0,6000,1/10/2023,2023-10-01,2025-11-09 06:51:02.752980,data/lms_loan_daily.csv,2023-10-01
CUS_0xc063_2023_01_01,CUS_0xc063,1/1/2023,10,9,10000,1000,1000,0,1000,1/10/2023,2023-10-01,2025-11-09 06:51:02.752980,data/lms_loan_daily.csv,2023-10-01
CUS_0xc065_2023_03_01,CUS_0xc065,1/3/2023,10,7,10000,1000,1000,0,3000,1/10/2023,2023-10-01,2025-11-09 06:51:02.752980,data/lms_loan_daily.csv,2023-10-01
CUS_0xc066_2023_04_01,CUS_0xc066,1/4/2023,10,6,10000,1000,1000,0,4000,1/10/2023,2023-10-01,2025-11-09 06:51:02.752980,data/lms_loan_daily.csv,2023-10-01
CUS_0xc075_2023_09_01,CUS_0xc075,1/9/2023,10,1,10000,1000,1000,0,9000,1/10/2023,2023-10-01,2025-11-09 06:51:02.752980,data/lms_loan_daily.csv,2023-10-01
CUS_0xc096_2023_10_01,CUS_0xc096,1/10/2023,10,0,10000,0,0,0,10000,1/10/2023,2023-10-01,2025-11-09 06:51:02.752980,data/lms_loan_daily.csv,2023-10-01
CUS_0xc0a3_2023_02_01,CUS_0xc0a3,1/2/2023,10,8,10000,1000,0,8000,10000,1/10/2023,2023-10-01,2025-11-09 06:51:02.752980,data/lms_loan_daily.csv,2023-10-01
CUS_0xc0af_2023_04_01,CUS_0xc0af,1/4/2023,10,6,10000,1000,0,5000,9000,1/10/2023,2023-10-01,2025-11-09 06:51:02.752980,data/lms_loan_daily.csv,2023-10-01
CUS_0xc0b7_2023_06_01,CUS_0xc0b7,1/6/2023,10,4,10000,1000,1000,0,6000,1/10/2023,2023-10-01,2025-11-09 06:51:02.752980,data/lms_loan_daily.csv,2023-10-01
CUS_0xc0c6_2023_02_01,CUS_0xc0c6,1/2/2023,10,8,10000,1000,1000,0,2000,1/10/2023,2023-10-01,2025-11-09 06:51:02.752980,data/lms_loan_daily.csv,2023-10-01
CUS_0xc0c7_2023_09_01,CUS_0xc0c7,1/9/2023,10,1,10000,1000,1000,0,9000,1/10/2023,2023-10-01,2025-11-09 06:51:02.752980,data/lms_loan_daily.csv,2023-10-01
CUS_0xc0c8_2023_05_01,CUS_0xc0c8,1/5/2023,10,5,10000,1000,1000,0,5000,1/10/2023,2023-10-01,2025-11-09 06:51:02.752980,data/lms_loan_daily.csv,2023-10-01
CUS_0xc0d9_2023_02_01,CUS_0xc0d9,1/2/2023,10,8,10000,1000,1000,0,2000,1/10/2023,2023-10-01,2025-11-09 06:51:02.752980,data/lms_loan_daily.csv,2023-10-01
CUS_0xc0e2_2023_09_01,CUS_0xc0e2,1/9/2023,10,1,10000,1000,1000,0,9000,1/10/2023,2023-10-01,2025-11-09 06:51:02.752980,data/lms_loan_daily.csv,2023-10-01
CUS_0xc0f6_2023_01_01,CUS_0xc0f6,1/1/2023,10,9,10000,1000,1000,0,1000,1/10/2023,2023-10-01,2025-11-09 06:51:02.752980,data/lms_loan_daily.csv,2023-10-01
CUS_0xc118_2023_04_01,CUS_0xc118,1/4/2023,10,6,10000,1000,1000,0,4000,1/10/2023,2023-10-01,2025-11-09 06:51:02.752980,data/lms_loan_daily.csv,2023-10-01
CUS_0xc122_2023_09_01,CUS_0xc122,1/9/2023,10,1,10000,1000,1000,0,9000,1/10/2023,2023-10-01,2025-11-09 06:51:02.752980,data/lms_loan_daily.csv,2023-10-01
CUS_0xc13_2023_02_01,CUS_0xc13,1/2/2023,10,8,10000,1000,0,7000,9000,1/10/2023,2023-10-01,2025-11-09 06:51:02.752980,data/lms_loan_daily.csv,2023-10-01
CUS_0xc144_2023_01_01,CUS_0xc144,1/1/2023,10,9,10000,1000,1000,0,1000,1/10/2023,2023-10-01,2025-11-09 06:51:02.752980,data/lms_loan_daily.csv,2023-10-01
CUS_0xc14e_2023_03_01,CUS_0xc14e,1/3/2023,10,7,10000,1000,0,5000,8000,1/10/2023,2023-10-01,2025-11-09 06:51:02.752980,data/lms_loan_daily.csv,2023-10-01
CUS_0xc15d_2023_04_01,CUS_0xc15d,1/4/2023,10,6,10000,1000,1000,0,4000,1/10/2023,2023-10-01,2025-11-09 06:51:02.752980,data/lms_loan_daily.csv,2023-10-01
CUS_0xc16d_2023_05_01,CUS_0xc16d,1/5/2023,10,5,10000,1000,1000,0,5000,1/10/2023,2023-10-01,2025-11-09 06:51:02.752980,data/lms_loan_daily.csv,2023-10-01
CUS_0xc173_2023_06_01,CUS_0xc173,1/6/2023,10,4,10000,1000,1000,0,6000,1/10/2023,2023-10-01,2025-11-09 06:51:02.752980,data/lms_loan_daily.csv,2023-10-01
CUS_0xc17f_2023_08_01,CUS_0xc17f,1/8/2023,10,2,10000,1000,1000,0,8000,1/10/2023,2023-10-01,2025-11-09 06:51:02.752980,data/lms_loan_daily.csv,2023-10-01
CUS_0xc18b_2023_01_01,CUS_0xc18b,1/1/2023,10,9,10000,1000,1000,0,1000,1/10/2023,2023-10-01,2025-11-09 06:51:02.752980,data/lms_loan_daily.csv,2023-10-01
CUS_0xc18e_2023_10_01,CUS_0xc18e,1/10/2023,10,0,10000,0,0,0,10000,1/10/2023,2023-10-01,2025-11-09 06:51:02.752980,data/lms_loan_daily.csv,2023-10-01
CUS_0xc190_2023_03_01,CUS_0xc190,1/3/2023,10,7,10000,1000,0,4000,7000,1/10/2023,2023-10-01,2025-11-09 06:51:02.752980,data/lms_loan_daily.csv,2023-10-01
CUS_0xc195_2023_02_01,CUS_0xc195,1/2/2023,10,8,10000,1000,1000,0,2000,1/10/2023,2023-10-01,2025-11-09 06:51:02.752980,data/lms_loan_daily.csv,2023-10-01
CUS_0xc1a6_2023_08_01,CUS_0xc1a6,1/8/2023,10,2,10000,1000,1000,0,8000,1/10/2023,2023-10-01,2025-11-09 06:51:02.752980,data/lms_loan_daily.csv,2023-10-01
CUS_0xc1b3_2023_01_01,CUS_0xc1b3,1/1/2023,10,9,10000,1000,1000,0,1000,1/10/2023,2023-10-01,2025-11-09 06:51:02.752980,data/lms_loan_daily.csv,2023-10-01
CUS_0xc1b4_2023_01_01,CUS_0xc1b4,1/1/2023,10,9,10000,1000,1000,0,1000,1/10/2023,2023-10-01,2025-11-09 06:51:02.752980,data/lms_loan_daily.csv,2023-10-01
CUS_0xc1b8_2023_07_01,CUS_0xc1b8,1/7/2023,10,3,10000,1000,2000,0,7000,1/10/2023,2023-10-01,2025-11-09 06:51:02.752980,data/lms_loan_daily.csv,2023-10-01
CUS_0xc1bb_2023_06_01,CUS_0xc1bb,1/6/2023,10,4,10000,1000,1000,0,6000,1/10/2023,2023-10-01,2025-11-09 06:51:02.752980,data/lms_loan_daily.csv,2023-10-01
CUS_0xc1c9_2023_06_01,CUS_0xc1c9,1/6/2023,10,4,10000,1000,1000,0,6000,1/10/2023,2023-10-01,2025-11-09 06:51:02.752980,data/lms_loan_daily.csv,2023-10-01
CUS_0xc1cc_2023_07_01,CUS_0xc1cc,1/7/2023,10,3,10000,1000,1000,0,7000,1/10/2023,2023-10-01,2025-11-09 06:51:02.752980,data/lms_loan_daily.csv,2023-10-01
CUS_0xc1e7_2023_01_01,CUS_0xc1e7,1/1/2023,10,9,10000,1000,1000,0,1000,1/10/2023,2023-10-01,2025-11-09 06:51:02.752980,data/lms_loan_daily.csv,2023-10-01
CUS_0xc1e8_2023_02_01,CUS_0xc1e8,1/2/2023,10,8,10000,1000,1000,0,2000,1/10/2023,2023-10-01,2025-11-09 06:51:02.752980,data/lms_loan_daily.csv,2023-10-01
CUS_0xc1ec_2023_09_01,CUS_0xc1ec,1/9/2023,10,1,10000,1000,1000,0,9000,1/10/2023,2023-10-01,2025-11-09 06:51:02.752980,data/lms_loan_daily.csv,2023-10-01
CUS_0xc1f_2023_10_01,CUS_0xc1f,1/10/2023,10,0,10000,0,0,0,10000,1/10/2023,2023-10-01,2025-11-09 06:51:02.752980,data/lms_loan_daily.csv,2023-10-01
CUS_0xc1fe_2023_09_01,CUS_0xc1fe,1/9/2023,10,1,10000,1000,1000,0,9000,1/10/2023,2023-10-01,2025-11-09 06:51:02.752980,data/lms_loan_daily.csv,2023-10-01
CUS_0xc203_2023_10_01,CUS_0xc203,1/10/2023,10,0,10000,0,0,0,10000,1/10/2023,2023-10-01,2025-11-09 06:51:02.752980,data/lms_loan_daily.csv,2023-10-01
CUS_0xc204_2023_04_01,CUS_0xc204,1/4/2023,10,6,10000,1000,0,2000,6000,1/10/2023,2023-10-01,2025-11-09 06:51:02.752980,data/lms_loan_daily.csv,2023-10-01
CUS_0xc205_2023_02_01,CUS_0xc205,1/2/2023,10,8,10000,1000,1000,0,2000,1/10/2023,2023-10-01,2025-11-09 06:51:02.752980,data/lms_loan_daily.csv,2023-10-01
CUS_0xc206_2023_01_01,CUS_0xc206,1/1/2023,10,9,10000,1000,0,7000,8000,1/10/2023,2023-10-01,2025-11-09 06:51:02.752980,data/lms_loan_daily.csv,2023-10-01
CUS_0xc22f_2023_08_01,CUS_0xc22f,1/8/2023,10,2,10000,1000,1000,0,8000,1/10/2023,2023-10-01,2025-11-09 06:51:02.752980,data/lms_loan_daily.csv,2023-10-01
CUS_0xc242_2023_09_01,CUS_0xc242,1/9/2023,10,1,10000,1000,1000,0,9000,1/10/2023,2023-10-01,2025-11-09 06:51:02.752980,data/lms_loan_daily.csv,2023-10-01
CUS_0xc254_2023_01_01,CUS_0xc254,1/1/2023,10,9,10000,1000,1000,0,1000,1/10/2023,2023-10-01,2025-11-09 06:51:02.752980,data/lms_loan_daily.csv,2023-10-01
CUS_0xc26e_2023_09_01,CUS_0xc26e,1/9/2023,10,1,10000,1000,1000,0,9000,1/10/2023,2023-10-01,2025-11-09 06:51:02.752980,data/lms_loan_daily.csv,2023-10-01
CUS_0xc271_2023_08_01,CUS_0xc271,1/8/2023,10,2,10000,1000,1000,0,8000,1/10/2023,2023-10-01,2025-11-09 06:51:02.752980,data/lms_loan_daily.csv,2023-10-01
CUS_0xc272_2023_08_01,CUS_0xc272,1/8/2023,10,2,10000,1000,0,1000,9000,1/10/2023,2023-10-01,2025-11-09 06:51:02.752980,data/lms_loan_daily.csv,2023-10-01
CUS_0xc28c_2023_10_01,CUS_0xc28c,1/10/2023,10,0,10000,0,0,0,10000,1/10/2023,2023-10-01,2025-11-09 06:51:02.752980,data/lms_loan_daily.csv,2023-10-01
CUS_0xc29a_2023_05_01,CUS_0xc29a,1/5/2023,10,5,10000,1000,0,1000,6000,1/10/2023,2023-10-01,2025-11-09 06:51:02.752980,data/lms_loan_daily.csv,2023-10-01
CUS_0xc29e_2023_01_01,CUS_0xc29e,1/1/2023,10,9,10000,1000,1000,0,1000,1/10/2023,2023-10-01,2025-11-09 06:51:02.752980,data/lms_loan_daily.csv,2023-10-01
CUS_0xc2a1_2023_06_01,CUS_0xc2a1,1/6/2023,10,4,10000,1000,0,2000,8000,1/10/2023,2023-10-01,2025-11-09 06:51:02.752980,data/lms_loan_daily.csv,2023-10-01
CUS_0xc2a6_2023_09_01,CUS_0xc2a6,1/9/2023,10,1,10000,1000,1000,0,9000,1/10/2023,2023-10-01,2025-11-09 06:51:02.752980,data/lms_loan_daily.csv,2023-10-01
CUS_0xc2b7_2023_09_01,CUS_0xc2b7,1/9/2023,10,1,10000,1000,1000,0,9000,1/10/2023,2023-10-01,2025-11-09 06:51:02.752980,data/lms_loan_daily.csv,2023-10-01
CUS_0xc2ba_2023_07_01,CUS_0xc2ba,1/7/2023,10,3,10000,1000,1000,0,7000,1/10/2023,2023-10-01,2025-11-09 06:51:02.752980,data/lms_loan_daily.csv,2023-10-01
CUS_0xc2c0_2023_06_01,CUS_0xc2c0,1/6/2023,10,4,10000,1000,1000,0,6000,1/10/2023,2023-10-01,2025-11-09 06:51:02.752980,data/lms_loan_daily.csv,2023-10-01
CUS_0xc2cb_2023_09_01,CUS_0xc2cb,1/9/2023,10,1,10000,1000,1000,0,9000,1/10/2023,2023-10-01,2025-11-09 06:51:02.752980,data/lms_loan_daily.csv,2023-10-01
CUS_0xc2dc_2023_09_01,CUS_0xc2dc,1/9/2023,10,1,10000,1000,1000,0,9000,1/10/2023,2023-10-01,2025-11-09 06:51:02.752980,data/lms_loan_daily.csv,2023-10-01
CUS_0xc2e2_2023_01_01,CUS_0xc2e2,1/1/2023,10,9,10000,1000,1000,0,1000,1/10/2023,2023-10-01,2025-11-09 06:51:02.752980,data/lms_loan_daily.csv,2023-10-01
CUS_0xc2e8_2023_02_01,CUS_0xc2e8,1/2/2023,10,8,10000,1000,0,6000,8000,1/10/2023,2023-10-01,2025-11-09 06:51:02.752980,data/lms_loan_daily.csv,2023-10-01
CUS_0xc2ea_2023_01_01,CUS_0xc2ea,1/1/2023,10,9,10000,1000,0,5000,6000,1/10/2023,2023-10-01,2025-11-09 06:51:02.752980,data/lms_loan_daily.csv,2023-10-01
CUS_0xc2f5_2023_05_01,CUS_0xc2f5,1/5/2023,10,5,10000,1000,1000,0,5000,1/10/2023,2023-10-01,2025-11-09 06:51:02.752980,data/lms_loan_daily.csv,2023-10-01
CUS_0xc2fd_2023_01_01,CUS_0xc2fd,1/1/2023,10,9,10000,1000,1000,0,1000,1/10/2023,2023-10-01,2025-11-09 06:51:02.752980,data/lms_loan_daily.csv,2023-10-01
CUS_0xc301_2023_02_01,CUS_0xc301,1/2/2023,10,8,10000,1000,1000,0,2000,1/10/2023,2023-10-01,2025-11-09 06:51:02.752980,data/lms_loan_daily.csv,2023-10-01
CUS_0xc305_2023_01_01,CUS_0xc305,1/1/2023,10,9,10000,1000,0,7000,8000,1/10/2023,2023-10-01,2025-11-09 06:51:02.752980,data/lms_loan_daily.csv,2023-10-01
CUS_0xc30b_2023_10_01,CUS_0xc30b,1/10/2023,10,0,10000,0,0,0,10000,1/10/2023,2023-10-01,2025-11-09 06:51:02.752980,data/lms_loan_daily.csv,2023-10-01
CUS_0xc30f_2023_05_01,CUS_0xc30f,1/5/2023,10,5,10000,1000,1000,0,5000,1/10/2023,2023-10-01,2025-11-09 06:51:02.752980,data/lms_loan_daily.csv,2023-10-01
CUS_0xc319_2023_05_01,CUS_0xc319,1/5/2023,10,5,10000,1000,0,2000,7000,1/10/2023,2023-10-01,2025-11-09 06:51:02.752980,data/lms_loan_daily.csv,2023-10-01
CUS_0xc323_2023_06_01,CUS_0xc323,1/6/2023,10,4,10000,1000,2000,0,6000,1/10/2023,2023-10-01,2025-11-09 06:51:02.752980,data/lms_loan_daily.csv,2023-10-01
CUS_0xc341_2023_10_01,CUS_0xc341,1/10/2023,10,0,10000,0,0,0,10000,1/10/2023,2023-10-01,2025-11-09 06:51:02.752980,data/lms_loan_daily.csv,2023-10-01
CUS_0xc345_2023_07_01,CUS_0xc345,1/7/2023,10,3,10000,1000,1000,0,7000,1/10/2023,2023-10-01,2025-11-09 06:51:02.752980,data/lms_loan_daily.csv,2023-10-01
CUS_0xc356_2023_06_01,CUS_0xc356,1/6/2023,10,4,10000,1000,0,2000,8000,1/10/2023,2023-10-01,2025-11-09 06:51:02.752980,data/lms_loan_daily.csv,2023-10-01
CUS_0xc362_2023_07_01,CUS_0xc362,1/7/2023,10,3,10000,1000,1000,0,7000,1/10/2023,2023-10-01,2025-11-09 06:51:02.752980,data/lms_loan_daily.csv,2023-10-01
CUS_0xc365_2023_05_01,CUS_0xc365,1/5/2023,10,5,10000,1000,1000,0,5000,1/10/2023,2023-10-01,2025-11-09 06:51:02.752980,data/lms_loan_daily.csv,2023-10-01
CUS_0xc36d_2023_10_01,CUS_0xc36d,1/10/2023,10,0,10000,0,0,0,10000,1/10/2023,2023-10-01,2025-11-09 06:51:02.752980,data/lms_loan_daily.csv,2023-10-01
CUS_0xc37_2023_06_01,CUS_0xc37,1/6/2023,10,4,10000,1000,1000,0,6000,1/10/2023,2023-10-01,2025-11-09 06:51:02.752980,data/lms_loan_daily.csv,2023-10-01
CUS_0xc38a_2023_01_01,CUS_0xc38a,1/1/2023,10,9,10000,1000,1000,0,1000,1/10/2023,2023-10-01,2025-11-09 06:51:02.752980,data/lms_loan_daily.csv,2023-10-01
CUS_0xc38f_2023_06_01,CUS_0xc38f,1/6/2023,10,4,10000,1000,0,1000,7000,1/10/2023,2023-10-01,2025-11-09 06:51:02.752980,data/lms_loan_daily.csv,2023-10-01
CUS_0xc39e_2023_07_01,CUS_0xc39e,1/7/2023,10,3,10000,1000,1000,0,7000,1/10/2023,2023-10-01,2025-11-09 06:51:02.752980,data/lms_loan_daily.csv,2023-10-01
CUS_0xc3a1_2023_04_01,CUS_0xc3a1,1/4/2023,10,6,10000,1000,0,4000,8000,1/10/2023,2023-10-01,2025-11-09 06:51:02.752980,data/lms_loan_daily.csv,2023-10-01
CUS_0xc3aa_2023_01_01,CUS_0xc3aa,1/1/2023,10,9,10000,1000,1000,0,1000,1/10/2023,2023-10-01,2025-11-09 06:51:02.752980,data/lms_loan_daily.csv,2023-10-01
CUS_0xc3b7_2023_07_01,CUS_0xc3b7,1/7/2023,10,3,10000,1000,1000,0,7000,1/10/2023,2023-10-01,2025-11-09 06:51:02.752980,data/lms_loan_daily.csv,2023-10-01
CUS_0xc3b9_2023_09_01,CUS_0xc3b9,1/9/2023,10,1,10000,1000,1000,0,9000,1/10/2023,2023-10-01,2025-11-09 06:51:02.752980,data/lms_loan_daily.csv,2023-10-01
CUS_0xc3c7_2023_06_01,CUS_0xc3c7,1/6/2023,10,4,10000,1000,1000,0,6000,1/10/2023,2023-10-01,2025-11-09 06:51:02.752980,data/lms_loan_daily.csv,2023-10-01
CUS_0xc3ce_2023_04_01,CUS_0xc3ce,1/4/2023,10,6,10000,1000,1000,0,4000,1/10/2023,2023-10-01,2025-11-09 06:51:02.752980,data/lms_loan_daily.csv,2023-10-01
CUS_0xc3d_2023_02_01,CUS_0xc3d,1/2/2023,10,8,10000,1000,0,6000,8000,1/10/2023,2023-10-01,2025-11-09 06:51:02.752980,data/lms_loan_daily.csv,2023-10-01
CUS_0xc3d0_2023_01_01,CUS_0xc3d0,1/1/2023,10,9,10000,1000,1000,0,1000,1/10/2023,2023-10-01,2025-11-09 06:51:02.752980,data/lms_loan_daily.csv,2023-10-01
CUS_0xc3ee_2023_01_01,CUS_0xc3ee,1/1/2023,10,9,10000,1000,1000,0,1000,1/10/2023,2023-10-01,2025-11-09 06:51:02.752980,data/lms_loan_daily.csv,2023-10-01
CUS_0xc40f_2023_07_01,CUS_0xc40f,1/7/2023,10,3,10000,1000,0,1000,8000,1/10/2023,2023-10-01,2025-11-09 06:51:02.752980,data/lms_loan_daily.csv,2023-10-01
CUS_0xc41_2023_09_01,CUS_0xc41,1/9/2023,10,1,10000,1000,1000,0,9000,1/10/2023,2023-10-01,2025-11-09 06:51:02.752980,data/lms_loan_daily.csv,2023-10-01
CUS_0xc416_2023_02_01,CUS_0xc416,1/2/2023,10,8,10000,1000,1000,0,2000,1/10/2023,2023-10-01,2025-11-09 06:51:02.752980,data/lms_loan_daily.csv,2023-10-01
CUS_0xc420_2023_08_01,CUS_0xc420,1/8/2023,10,2,10000,1000,1000,0,8000,1/10/2023,2023-10-01,2025-11-09 06:51:02.752980,data/lms_loan_daily.csv,2023-10-01
CUS_0xc442_2023_02_01,CUS_0xc442,1/2/2023,10,8,10000,1000,1000,0,2000,1/10/2023,2023-10-01,2025-11-09 06:51:02.752980,data/lms_loan_daily.csv,2023-10-01
CUS_0xc44a_2023_08_01,CUS_0xc44a,1/8/2023,10,2,10000,1000,1000,0,8000,1/10/2023,2023-10-01,2025-11-09 06:51:02.752980,data/lms_loan_daily.csv,2023-10-01
CUS_0xc45d_2023_08_01,CUS_0xc45d,1/8/2023,10,2,10000,1000,1000,0,8000,1/10/2023,2023-10-01,2025-11-09 06:51:02.752980,data/lms_loan_daily.csv,2023-10-01
CUS_0xc465_2023_01_01,CUS_0xc465,1/1/2023,10,9,10000,1000,1000,0,1000,1/10/2023,2023-10-01,2025-11-09 06:51:02.752980,data/lms_loan_daily.csv,2023-10-01
CUS_0xc475_2023_05_01,CUS_0xc475,1/5/2023,10,5,10000,1000,1000,0,5000,1/10/2023,2023-10-01,2025-11-09 06:51:02.752980,data/lms_loan_daily.csv,2023-10-01
CUS_0xc47b_2023_07_01,CUS_0xc47b,1/7/2023,10,3,10000,1000,2000,0,7000,1/10/2023,2023-10-01,2025-11-09 06:51:02.752980,data/lms_loan_daily.csv,2023-10-01
CUS_0xc47c_2023_10_01,CUS_0xc47c,1/10/2023,10,0,10000,0,0,0,10000,1/10/2023,2023-10-01,2025-11-09 06:51:02.752980,data/lms_loan_daily.csv,2023-10-01
CUS_0xc48a_2023_07_01,CUS_0xc48a,1/7/2023,10,3,10000,1000,1000,0,7000,1/10/2023,2023-10-01,2025-11-09 06:51:02.752980,data/lms_loan_daily.csv,2023-10-01
CUS_0xc48c_2023_04_01,CUS_0xc48c,1/4/2023,10,6,10000,1000,0,3000,7000,1/10/2023,2023-10-01,2025-11-09 06:51:02.752980,data/lms_loan_daily.csv,2023-10-01
CUS_0xc492_2023_03_01,CUS_0xc492,1/3/2023,10,7,10000,1000,1000,0,3000,1/10/2023,2023-10-01,2025-11-09 06:51:02.752980,data/lms_loan_daily.csv,2023-10-01
CUS_0xc497_2023_04_01,CUS_0xc497,1/4/2023,10,6,10000,1000,0,4000,8000,1/10/2023,2023-10-01,2025-11-09 06:51:02.752980,data/lms_loan_daily.csv,2023-10-01
CUS_0xc4b0_2023_07_01,CUS_0xc4b0,1/7/2023,10,3,10000,1000,1000,0,7000,1/10/2023,2023-10-01,2025-11-09 06:51:02.752980,data/lms_loan_daily.csv,2023-10-01
CUS_0xc4b2_2023_08_01,CUS_0xc4b2,1/8/2023,10,2,10000,1000,1000,0,8000,1/10/2023,2023-10-01,2025-11-09 06:51:02.752980,data/lms_loan_daily.csv,2023-10-01
CUS_0xc4b3_2023_05_01,CUS_0xc4b3,1/5/2023,10,5,10000,1000,1000,0,5000,1/10/2023,2023-10-01,2025-11-09 06:51:02.752980,data/lms_loan_daily.csv,2023-10-01
CUS_0xc4b6_2023_10_01,CUS_0xc4b6,1/10/2023,10,0,10000,0,0,0,10000,1/10/2023,2023-10-01,2025-11-09 06:51:02.752980,data/lms_loan_daily.csv,2023-10-01
CUS_0xc4bb_2023_02_01,CUS_0xc4bb,1/2/2023,10,8,10000,1000,1000,0,2000,1/10/2023,2023-10-01,2025-11-09 06:51:02.752980,data/lms_loan_daily.csv,2023-10-01
CUS_0xc4c3_2023_01_01,CUS_0xc4c3,1/1/2023,10,9,10000,1000,0,8000,9000,1/10/2023,2023-10-01,2025-11-09 06:51:02.752980,data/lms_loan_daily.csv,2023-10-01
CUS_0xc4dd_2023_09_01,CUS_0xc4dd,1/9/2023,10,1,10000,1000,1000,0,9000,1/10/2023,2023-10-01,2025-11-09 06:51:02.752980,data/lms_loan_daily.csv,2023-10-01
CUS_0xc4e7_2023_10_01,CUS_0xc4e7,1/10/2023,10,0,10000,0,0,0,10000,1/10/2023,2023-10-01,2025-11-09 06:51:02.752980,data/lms_loan_daily.csv,2023-10-01
CUS_0xc4ea_2023_04_01,CUS_0xc4ea,1/4/2023,10,6,10000,1000,1000,0,4000,1/10/2023,2023-10-01,2025-11-09 06:51:02.752980,data/lms_loan_daily.csv,2023-10-01
CUS_0xc4ee_2023_03_01,CUS_0xc4ee,1/3/2023,10,7,10000,1000,1000,0,3000,1/10/2023,2023-10-01,2025-11-09 06:51:02.752980,data/lms_loan_daily.csv,2023-10-01
CUS_0xc506_2023_10_01,CUS_0xc506,1/10/2023,10,0,10000,0,0,0,10000,1/10/2023,2023-10-01,2025-11-09 06:51:02.752980,data/lms_loan_daily.csv,2023-10-01
CUS_0xc515_2023_05_01,CUS_0xc515,1/5/2023,10,5,10000,1000,0,2000,7000,1/10/2023,2023-10-01,2025-11-09 06:51:02.752980,data/lms_loan_daily.csv,2023-10-01
CUS_0xc516_2023_07_01,CUS_0xc516,1/7/2023,10,3,10000,1000,1000,0,7000,1/10/2023,2023-10-01,2025-11-09 06:51:02.752980,data/lms_loan_daily.csv,2023-10-01
CUS_0xc51c_2023_10_01,CUS_0xc51c,1/10/2023,10,0,10000,0,0,0,10000,1/10/2023,2023-10-01,2025-11-09 06:51:02.752980,data/lms_loan_daily.csv,2023-10-01
CUS_0xc524_2023_05_01,CUS_0xc524,1/5/2023,10,5,10000,1000,1000,0,5000,1/10/2023,2023-10-01,2025-11-09 06:51:02.752980,data/lms_loan_daily.csv,2023-10-01
CUS_0xc526_2023_05_01,CUS_0xc526,1/5/2023,10,5,10000,1000,1000,0,5000,1/10/2023,2023-10-01,2025-11-09 06:51:02.752980,data/lms_loan_daily.csv,2023-10-01
CUS_0xc52a_2023_05_01,CUS_0xc52a,1/5/2023,10,5,10000,1000,0,2000,7000,1/10/2023,2023-10-01,2025-11-09 06:51:02.752980,data/lms_loan_daily.csv,2023-10-01
CUS_0xc533_2023_04_01,CUS_0xc533,1/4/2023,10,6,10000,1000,1000,0,4000,1/10/2023,2023-10-01,2025-11-09 06:51:02.752980,data/lms_loan_daily.csv,2023-10-01
CUS_0xc54a_2023_10_01,CUS_0xc54a,1/10/2023,10,0,10000,0,0,0,10000,1/10/2023,2023-10-01,2025-11-09 06:51:02.752980,data/lms_loan_daily.csv,2023-10-01
CUS_0xc55a_2023_08_01,CUS_0xc55a,1/8/2023,10,2,10000,1000,1000,0,8000,1/10/2023,2023-10-01,2025-11-09 06:51:02.752980,data/lms_loan_daily.csv,2023-10-01
CUS_0xc55b_2023_07_01,CUS_0xc55b,1/7/2023,10,3,10000,1000,3000,0,7000,1/10/2023,2023-10-01,2025-11-09 06:51:02.752980,data/lms_loan_daily.csv,2023-10-01
CUS_0xc56b_2023_06_01,CUS_0xc56b,1/6/2023,10,4,10000,1000,0,1000,7000,1/10/2023,2023-10-01,2025-11-09 06:51:02.752980,data/lms_loan_daily.csv,2023-10-01
CUS_0xc56c_2023_10_01,CUS_0xc56c,1/10/2023,10,0,10000,0,0,0,10000,1/10/2023,2023-10-01,2025-11-09 06:51:02.752980,data/lms_loan_daily.csv,2023-10-01
CUS_0xc570_2023_03_01,CUS_0xc570,1/3/2023,10,7,10000,1000,1000,0,3000,1/10/2023,2023-10-01,2025-11-09 06:51:02.752980,data/lms_loan_daily.csv,2023-10-01
CUS_0xc58_2023_03_01,CUS_0xc58,1/3/2023,10,7,10000,1000,1000,0,3000,1/10/2023,2023-10-01,2025-11-09 06:51:02.752980,data/lms_loan_daily.csv,2023-10-01
CUS_0xc59d_2023_02_01,CUS_0xc59d,1/2/2023,10,8,10000,1000,1000,0,2000,1/10/2023,2023-10-01,2025-11-09 06:51:02.752980,data/lms_loan_daily.csv,2023-10-01
CUS_0xc59f_2023_06_01,CUS_0xc59f,1/6/2023,10,4,10000,1000,1000,0,6000,1/10/2023,2023-10-01,2025-11-09 06:51:02.752980,data/lms_loan_daily.csv,2023-10-01
CUS_0xc5a0_2023_03_01,CUS_0xc5a0,1/3/2023,10,7,10000,1000,1000,0,3000,1/10/2023,2023-10-01,2025-11-09 06:51:02.752980,data/lms_loan_daily.csv,2023-10-01
CUS_0xc5a4_2023_07_01,CUS_0xc5a4,1/7/2023,10,3,10000,1000,0,1000,8000,1/10/2023,2023-10-01,2025-11-09 06:51:02.752980,data/lms_loan_daily.csv,2023-10-01
CUS_0xc5b0_2023_05_01,CUS_0xc5b0,1/5/2023,10,5,10000,1000,1000,0,5000,1/10/2023,2023-10-01,2025-11-09 06:51:02.752980,data/lms_loan_daily.csv,2023-10-01
CUS_0xc5b2_2023_02_01,CUS_0xc5b2,1/2/2023,10,8,10000,1000,0,5000,7000,1/10/2023,2023-10-01,2025-11-09 06:51:02.752980,data/lms_loan_daily.csv,2023-10-01
CUS_0xc5cb_2023_01_01,CUS_0xc5cb,1/1/2023,10,9,10000,1000,1000,0,1000,1/10/2023,2023-10-01,2025-11-09 06:51:02.752980,data/lms_loan_daily.csv,2023-10-01
CUS_0xc5d6_2023_08_01,CUS_0xc5d6,1/8/2023,10,2,10000,1000,1000,0,8000,1/10/2023,2023-10-01,2025-11-09 06:51:02.752980,data/lms_loan_daily.csv,2023-10-01
CUS_0xc5da_2023_09_01,CUS_0xc5da,1/9/2023,10,1,10000,1000,1000,0,9000,1/10/2023,2023-10-01,2025-11-09 06:51:02.752980,data/lms_loan_daily.csv,2023-10-01
CUS_0xc5e2_2023_04_01,CUS_0xc5e2,1/4/2023,10,6,10000,1000,1000,0,4000,1/10/2023,2023-10-01,2025-11-09 06:51:02.752980,data/lms_loan_daily.csv,2023-10-01
CUS_0xc5e8_2023_01_01,CUS_0xc5e8,1/1/2023,10,9,10000,1000,0,7000,8000,1/10/2023,2023-10-01,2025-11-09 06:51:02.752980,data/lms_loan_daily.csv,2023-10-01
CUS_0xc5ea_2023_04_01,CUS_0xc5ea,1/4/2023,10,6,10000,1000,1000,0,4000,1/10/2023,2023-10-01,2025-11-09 06:51:02.752980,data/lms_loan_daily.csv,2023-10-01
CUS_0xc5f3_2023_04_01,CUS_0xc5f3,1/4/2023,10,6,10000,1000,1000,0,4000,1/10/2023,2023-10-01,2025-11-09 06:51:02.752980,data/lms_loan_daily.csv,2023-10-01
CUS_0xc5f8_2023_08_01,CUS_0xc5f8,1/8/2023,10,2,10000,1000,1000,0,8000,1/10/2023,2023-10-01,2025-11-09 06:51:02.752980,data/lms_loan_daily.csv,2023-10-01
CUS_0xc5fe_2023_04_01,CUS_0xc5fe,1/4/2023,10,6,10000,1000,1000,0,4000,1/10/2023,2023-10-01,2025-11-09 06:51:02.752980,data/lms_loan_daily.csv,2023-10-01
CUS_0xc600_2023_10_01,CUS_0xc600,1/10/2023,10,0,10000,0,0,0,10000,1/10/2023,2023-10-01,2025-11-09 06:51:02.752980,data/lms_loan_daily.csv,2023-10-01
CUS_0xc60e_2023_01_01,CUS_0xc60e,1/1/2023,10,9,10000,1000,1000,0,1000,1/10/2023,2023-10-01,2025-11-09 06:51:02.752980,data/lms_loan_daily.csv,2023-10-01
CUS_0xc610_2023_09_01,CUS_0xc610,1/9/2023,10,1,10000,1000,1000,0,9000,1/10/2023,2023-10-01,2025-11-09 06:51:02.752980,data/lms_loan_daily.csv,2023-10-01
CUS_0xc61e_2023_08_01,CUS_0xc61e,1/8/2023,10,2,10000,1000,1000,0,8000,1/10/2023,2023-10-01,2025-11-09 06:51:02.752980,data/lms_loan_daily.csv,2023-10-01
CUS_0xc622_2023_01_01,CUS_0xc622,1/1/2023,10,9,10000,1000,1000,0,1000,1/10/2023,2023-10-01,2025-11-09 06:51:02.752980,data/lms_loan_daily.csv,2023-10-01
CUS_0xc62a_2023_05_01,CUS_0xc62a,1/5/2023,10,5,10000,1000,0,2000,7000,1/10/2023,2023-10-01,2025-11-09 06:51:02.752980,data/lms_loan_daily.csv,2023-10-01
CUS_0xc62c_2023_07_01,CUS_0xc62c,1/7/2023,10,3,10000,1000,1000,0,7000,1/10/2023,2023-10-01,2025-11-09 06:51:02.752980,data/lms_loan_daily.csv,2023-10-01
CUS_0xc636_2023_10_01,CUS_0xc636,1/10/2023,10,0,10000,0,0,0,10000,1/10/2023,2023-10-01,2025-11-09 06:51:02.752980,data/lms_loan_daily.csv,2023-10-01
CUS_0xc63b_2023_01_01,CUS_0xc63b,1/1/2023,10,9,10000,1000,1000,0,1000,1/10/2023,2023-10-01,2025-11-09 06:51:02.752980,data/lms_loan_daily.csv,2023-10-01
CUS_0xc648_2023_05_01,CUS_0xc648,1/5/2023,10,5,10000,1000,1000,0,5000,1/10/2023,2023-10-01,2025-11-09 06:51:02.752980,data/lms_loan_daily.csv,2023-10-01
CUS_0xc65_2023_05_01,CUS_0xc65,1/5/2023,10,5,10000,1000,1000,0,5000,1/10/2023,2023-10-01,2025-11-09 06:51:02.752980,data/lms_loan_daily.csv,2023-10-01
CUS_0xc651_2023_07_01,CUS_0xc651,1/7/2023,10,3,10000,1000,1000,0,7000,1/10/2023,2023-10-01,2025-11-09 06:51:02.752980,data/lms_loan_daily.csv,2023-10-01
CUS_0xc653_2023_10_01,CUS_0xc653,1/10/2023,10,0,10000,0,0,0,10000,1/10/2023,2023-10-01,2025-11-09 06:51:02.752980,data/lms_loan_daily.csv,2023-10-01
CUS_0xc65a_2023_06_01,CUS_0xc65a,1/6/2023,10,4,10000,1000,1000,0,6000,1/10/2023,2023-10-01,2025-11-09 06:51:02.752980,data/lms_loan_daily.csv,2023-10-01
CUS_0xc683_2023_03_01,CUS_0xc683,1/3/2023,10,7,10000,1000,1000,0,3000,1/10/2023,2023-10-01,2025-11-09 06:51:02.752980,data/lms_loan_daily.csv,2023-10-01
CUS_0xc686_2023_01_01,CUS_0xc686,1/1/2023,10,9,10000,1000,1000,0,1000,1/10/2023,2023-10-01,2025-11-09 06:51:02.752980,data/lms_loan_daily.csv,2023-10-01
CUS_0xc692_2023_07_01,CUS_0xc692,1/7/2023,10,3,10000,1000,1000,0,7000,1/10/2023,2023-10-01,2025-11-09 06:51:02.752980,data/lms_loan_daily.csv,2023-10-01
CUS_0xc6ac_2023_09_01,CUS_0xc6ac,1/9/2023,10,1,10000,1000,1000,0,9000,1/10/2023,2023-10-01,2025-11-09 06:51:02.752980,data/lms_loan_daily.csv,2023-10-01
CUS_0xc6be_2023_05_01,CUS_0xc6be,1/5/2023,10,5,10000,1000,1000,0,5000,1/10/2023,2023-10-01,2025-11-09 06:51:02.752980,data/lms_loan_daily.csv,2023-10-01
CUS_0xc6c3_2023_10_01,CUS_0xc6c3,1/10/2023,10,0,10000,0,0,0,10000,1/10/2023,2023-10-01,2025-11-09 06:51:02.752980,data/lms_loan_daily.csv,2023-10-01
CUS_0xc6c7_2023_09_01,CUS_0xc6c7,1/9/2023,10,1,10000,1000,1000,0,9000,1/10/2023,2023-10-01,2025-11-09 06:51:02.752980,data/lms_loan_daily.csv,2023-10-01
CUS_0xc6cb_2023_08_01,CUS_0xc6cb,1/8/2023,10,2,10000,1000,1000,0,8000,1/10/2023,2023-10-01,2025-11-09 06:51:02.752980,data/lms_loan_daily.csv,2023-10-01
CUS_0xc6cc_2023_10_01,CUS_0xc6cc,1/10/2023,10,0,10000,0,0,0,10000,1/10/2023,2023-10-01,2025-11-09 06:51:02.752980,data/lms_loan_daily.csv,2023-10-01
CUS_0xc6dd_2023_06_01,CUS_0xc6dd,1/6/2023,10,4,10000,1000,1000,0,6000,1/10/2023,2023-10-01,2025-11-09 06:51:02.752980,data/lms_loan_daily.csv,2023-10-01
CUS_0xc6e_2023_02_01,CUS_0xc6e,1/2/2023,10,8,10000,1000,1000,0,2000,1/10/2023,2023-10-01,2025-11-09 06:51:02.752980,data/lms_loan_daily.csv,2023-10-01
CUS_0xc6f2_2023_07_01,CUS_0xc6f2,1/7/2023,10,3,10000,1000,1000,0,7000,1/10/2023,2023-10-01,2025-11-09 06:51:02.752980,data/lms_loan_daily.csv,2023-10-01
CUS_0xc704_2023_05_01,CUS_0xc704,1/5/2023,10,5,10000,1000,1000,0,5000,1/10/2023,2023-10-01,2025-11-09 06:51:02.752980,data/lms_loan_daily.csv,2023-10-01
CUS_0xc70d_2023_02_01,CUS_0xc70d,1/2/2023,10,8,10000,1000,0,6000,8000,1/10/2023,2023-10-01,2025-11-09 06:51:02.752980,data/lms_loan_daily.csv,2023-10-01
CUS_0xc712_2023_01_01,CUS_0xc712,1/1/2023,10,9,10000,1000,1000,0,1000,1/10/2023,2023-10-01,2025-11-09 06:51:02.752980,data/lms_loan_daily.csv,2023-10-01
CUS_0xc715_2023_07_01,CUS_0xc715,1/7/2023,10,3,10000,1000,0,1000,8000,1/10/2023,2023-10-01,2025-11-09 06:51:02.752980,data/lms_loan_daily.csv,2023-10-01
CUS_0xc716_2023_01_01,CUS_0xc716,1/1/2023,10,9,10000,1000,0,8000,9000,1/10/2023,2023-10-01,2025-11-09 06:51:02.752980,data/lms_loan_daily.csv,2023-10-01
CUS_0xc71f_2023_10_01,CUS_0xc71f,1/10/2023,10,0,10000,0,0,0,10000,1/10/2023,2023-10-01,2025-11-09 06:51:02.752980,data/lms_loan_daily.csv,2023-10-01
CUS_0xc726_2023_06_01,CUS_0xc726,1/6/2023,10,4,10000,1000,1000,0,6000,1/10/2023,2023-10-01,2025-11-09 06:51:02.752980,data/lms_loan_daily.csv,2023-10-01
CUS_0xc81_2023_03_01,CUS_0xc81,1/3/2023,10,7,10000,1000,1000,0,3000,1/10/2023,2023-10-01,2025-11-09 06:51:02.752980,data/lms_loan_daily.csv,2023-10-01
CUS_0xc8c_2023_04_01,CUS_0xc8c,1/4/2023,10,6,10000,1000,1000,0,4000,1/10/2023,2023-10-01,2025-11-09 06:51:02.752980,data/lms_loan_daily.csv,2023-10-01
CUS_0xc90_2023_02_01,CUS_0xc90,1/2/2023,10,8,10000,1000,1000,0,2000,1/10/2023,2023-10-01,2025-11-09 06:51:02.752980,data/lms_loan_daily.csv,2023-10-01
CUS_0xcad_2023_06_01,CUS_0xcad,1/6/2023,10,4,10000,1000,1000,0,6000,1/10/2023,2023-10-01,2025-11-09 06:51:02.752980,data/lms_loan_daily.csv,2023-10-01
CUS_0xcb3_2023_07_01,CUS_0xcb3,1/7/2023,10,3,10000,1000,1000,0,7000,1/10/2023,2023-10-01,2025-11-09 06:51:02.752980,data/lms_loan_daily.csv,2023-10-01
CUS_0xccc_2023_06_01,CUS_0xccc,1/6/2023,10,4,10000,1000,1000,0,6000,1/10/2023,2023-10-01,2025-11-09 06:51:02.752980,data/lms_loan_daily.csv,2023-10-01
CUS_0xccf_2023_07_01,CUS_0xccf,1/7/2023,10,3,10000,1000,0,3000,10000,1/10/2023,2023-10-01,2025-11-09 06:51:02.752980,data/lms_loan_daily.csv,2023-10-01
CUS_0xcf0_2023_01_01,CUS_0xcf0,1/1/2023,10,9,10000,1000,1000,0,1000,1/10/2023,2023-10-01,2025-11-09 06:51:02.752980,data/lms_loan_daily.csv,2023-10-01
CUS_0xcf8_2023_03_01,CUS_0xcf8,1/3/2023,10,7,10000,1000,0,5000,8000,1/10/2023,2023-10-01,2025-11-09 06:51:02.752980,data/lms_loan_daily.csv,2023-10-01
CUS_0xcfc_2023_02_01,CUS_0xcfc,1/2/2023,10,8,10000,1000,1000,0,2000,1/10/2023,2023-10-01,2025-11-09 06:51:02.752980,data/lms_loan_daily.csv,2023-10-01
CUS_0xd0c_2023_08_01,CUS_0xd0c,1/8/2023,10,2,10000,1000,2000,0,8000,1/10/2023,2023-10-01,2025-11-09 06:51:02.752980,data/lms_loan_daily.csv,2023-10-01
CUS_0xd19_2023_09_01,CUS_0xd19,1/9/2023,10,1,10000,1000,1000,0,9000,1/10/2023,2023-10-01,2025-11-09 06:51:02.752980,data/lms_loan_daily.csv,2023-10-01
CUS_0xd20_2023_01_01,CUS_0xd20,1/1/2023,10,9,10000,1000,1000,0,1000,1/10/2023,2023-10-01,2025-11-09 06:51:02.752980,data/lms_loan_daily.csv,2023-10-01
CUS_0xd22_2023_06_01,CUS_0xd22,1/6/2023,10,4,10000,1000,1000,0,6000,1/10/2023,2023-10-01,2025-11-09 06:51:02.752980,data/lms_loan_daily.csv,2023-10-01
CUS_0xd25_2023_07_01,CUS_0xd25,1/7/2023,10,3,10000,1000,1000,0,7000,1/10/2023,2023-10-01,2025-11-09 06:51:02.752980,data/lms_loan_daily.csv,2023-10-01
CUS_0xd33_2023_02_01,CUS_0xd33,1/2/2023,10,8,10000,1000,0,4000,6000,1/10/2023,2023-10-01,2025-11-09 06:51:02.752980,data/lms_loan_daily.csv,2023-10-01
CUS_0xd35_2023_05_01,CUS_0xd35,1/5/2023,10,5,10000,1000,1000,0,5000,1/10/2023,2023-10-01,2025-11-09 06:51:02.752980,data/lms_loan_daily.csv,2023-10-01
CUS_0xd39_2023_07_01,CUS_0xd39,1/7/2023,10,3,10000,1000,1000,0,7000,1/10/2023,2023-10-01,2025-11-09 06:51:02.752980,data/lms_loan_daily.csv,2023-10-01
CUS_0xd46_2023_10_01,CUS_0xd46,1/10/2023,10,0,10000,0,0,0,10000,1/10/2023,2023-10-01,2025-11-09 06:51:02.752980,data/lms_loan_daily.csv,2023-10-01
CUS_0xd51_2023_06_01,CUS_0xd51,1/6/2023,10,4,10000,1000,1000,0,6000,1/10/2023,2023-10-01,2025-11-09 06:51:02.752980,data/lms_loan_daily.csv,2023-10-01
CUS_0xd66_2023_03_01,CUS_0xd66,1/3/2023,10,7,10000,1000,1000,0,3000,1/10/2023,2023-10-01,2025-11-09 06:51:02.752980,data/lms_loan_daily.csv,2023-10-01
CUS_0xd6f_2023_01_01,CUS_0xd6f,1/1/2023,10,9,10000,1000,1000,0,1000,1/10/2023,2023-10-01,2025-11-09 06:51:02.752980,data/lms_loan_daily.csv,2023-10-01
CUS_0xd70_2023_09_01,CUS_0xd70,1/9/2023,10,1,10000,1000,1000,0,9000,1/10/2023,2023-10-01,2025-11-09 06:51:02.752980,data/lms_loan_daily.csv,2023-10-01
CUS_0xd73_2023_01_01,CUS_0xd73,1/1/2023,10,9,10000,1000,1000,0,1000,1/10/2023,2023-10-01,2025-11-09 06:51:02.752980,data/lms_loan_daily.csv,2023-10-01
CUS_0xd7c_2023_02_01,CUS_0xd7c,1/2/2023,10,8,10000,1000,0,6000,8000,1/10/2023,2023-10-01,2025-11-09 06:51:02.752980,data/lms_loan_daily.csv,2023-10-01
CUS_0xd7d_2023_08_01,CUS_0xd7d,1/8/2023,10,2,10000,1000,1000,0,8000,1/10/2023,2023-10-01,2025-11-09 06:51:02.752980,data/lms_loan_daily.csv,2023-10-01
CUS_0xd83_2023_06_01,CUS_0xd83,1/6/2023,10,4,10000,1000,1000,0,6000,1/10/2023,2023-10-01,2025-11-09 06:51:02.752980,data/lms_loan_daily.csv,2023-10-01
CUS_0xd8e_2023_05_01,CUS_0xd8e,1/5/2023,10,5,10000,1000,1000,0,5000,1/10/2023,2023-10-01,2025-11-09 06:51:02.752980,data/lms_loan_daily.csv,2023-10-01
CUS_0xd91_2023_09_01,CUS_0xd91,1/9/2023,10,1,10000,1000,1000,0,9000,1/10/2023,2023-10-01,2025-11-09 06:51:02.752980,data/lms_loan_daily.csv,2023-10-01
CUS_0xd9a_2023_04_01,CUS_0xd9a,1/4/2023,10,6,10000,1000,1000,0,4000,1/10/2023,2023-10-01,2025-11-09 06:51:02.752980,data/lms_loan_daily.csv,2023-10-01
CUS_0xda6_2023_06_01,CUS_0xda6,1/6/2023,10,4,10000,1000,1000,0,6000,1/10/2023,2023-10-01,2025-11-09 06:51:02.752980,data/lms_loan_daily.csv,2023-10-01
CUS_0xdac_2023_06_01,CUS_0xdac,1/6/2023,10,4,10000,1000,1000,0,6000,1/10/2023,2023-10-01,2025-11-09 06:51:02.752980,data/lms_loan_daily.csv,2023-10-01
CUS_0xdb0_2023_04_01,CUS_0xdb0,1/4/2023,10,6,10000,1000,1000,0,4000,1/10/2023,2023-10-01,2025-11-09 06:51:02.752980,data/lms_loan_daily.csv,2023-10-01
CUS_0xdbf_2023_02_01,CUS_0xdbf,1/2/2023,10,8,10000,1000,1000,0,2000,1/10/2023,2023-10-01,2025-11-09 06:51:02.752980,data/lms_loan_daily.csv,2023-10-01
CUS_0xdc2_2023_10_01,CUS_0xdc2,1/10/2023,10,0,10000,0,0,0,10000,1/10/2023,2023-10-01,2025-11-09 06:51:02.752980,data/lms_loan_daily.csv,2023-10-01
CUS_0xdc8_2023_10_01,CUS_0xdc8,1/10/2023,10,0,10000,0,0,0,10000,1/10/2023,2023-10-01,2025-11-09 06:51:02.752980,data/lms_loan_daily.csv,2023-10-01
CUS_0xdca_2023_06_01,CUS_0xdca,1/6/2023,10,4,10000,1000,2000,0,6000,1/10/2023,2023-10-01,2025-11-09 06:51:02.752980,data/lms_loan_daily.csv,2023-10-01
CUS_0xdcc_2023_03_01,CUS_0xdcc,1/3/2023,10,7,10000,1000,0,4000,7000,1/10/2023,2023-10-01,2025-11-09 06:51:02.752980,data/lms_loan_daily.csv,2023-10-01
CUS_0xdd3_2023_01_01,CUS_0xdd3,1/1/2023,10,9,10000,1000,1000,0,1000,1/10/2023,2023-10-01,2025-11-09 06:51:02.752980,data/lms_loan_daily.csv,2023-10-01
CUS_0xdd8_2023_01_01,CUS_0xdd8,1/1/2023,10,9,10000,1000,1000,0,1000,1/10/2023,2023-10-01,2025-11-09 06:51:02.752980,data/lms_loan_daily.csv,2023-10-01
CUS_0xde2_2023_01_01,CUS_0xde2,1/1/2023,10,9,10000,1000,1000,0,1000,1/10/2023,2023-10-01,2025-11-09 06:51:02.752980,data/lms_loan_daily.csv,2023-10-01
CUS_0xde6_2023_06_01,CUS_0xde6,1/6/2023,10,4,10000,1000,1000,0,6000,1/10/2023,2023-10-01,2025-11-09 06:51:02.752980,data/lms_loan_daily.csv,2023-10-01
CUS_0xdea_2023_02_01,CUS_0xdea,1/2/2023,10,8,10000,1000,1000,0,2000,1/10/2023,2023-10-01,2025-11-09 06:51:02.752980,data/lms_loan_daily.csv,2023-10-01
CUS_0xdf5_2023_05_01,CUS_0xdf5,1/5/2023,10,5,10000,1000,1000,0,5000,1/10/2023,2023-10-01,2025-11-09 06:51:02.752980,data/lms_loan_daily.csv,2023-10-01
CUS_0xdf6_2023_09_01,CUS_0xdf6,1/9/2023,10,1,10000,1000,1000,0,9000,1/10/2023,2023-10-01,2025-11-09 06:51:02.752980,data/lms_loan_daily.csv,2023-10-01
CUS_0xdfb_2023_01_01,CUS_0xdfb,1/1/2023,10,9,10000,1000,1000,0,1000,1/10/2023,2023-10-01,2025-11-09 06:51:02.752980,data/lms_loan_daily.csv,2023-10-01
CUS_0xe05_2023_07_01,CUS_0xe05,1/7/2023,10,3,10000,1000,0,1000,8000,1/10/2023,2023-10-01,2025-11-09 06:51:02.752980,data/lms_loan_daily.csv,2023-10-01
CUS_0xe23_2023_09_01,CUS_0xe23,1/9/2023,10,1,10000,1000,1000,0,9000,1/10/2023,2023-10-01,2025-11-09 06:51:02.752980,data/lms_loan_daily.csv,2023-10-01
CUS_0xe28_2023_01_01,CUS_0xe28,1/1/2023,10,9,10000,1000,1000,0,1000,1/10/2023,2023-10-01,2025-11-09 06:51:02.752980,data/lms_loan_daily.csv,2023-10-01
CUS_0xe2a_2023_07_01,CUS_0xe2a,1/7/2023,10,3,10000,1000,1000,0,7000,1/10/2023,2023-10-01,2025-11-09 06:51:02.752980,data/lms_loan_daily.csv,2023-10-01
CUS_0xe2c_2023_06_01,CUS_0xe2c,1/6/2023,10,4,10000,1000,1000,0,6000,1/10/2023,2023-10-01,2025-11-09 06:51:02.752980,data/lms_loan_daily.csv,2023-10-01
CUS_0xe2f_2023_05_01,CUS_0xe2f,1/5/2023,10,5,10000,1000,1000,0,5000,1/10/2023,2023-10-01,2025-11-09 06:51:02.752980,data/lms_loan_daily.csv,2023-10-01
CUS_0xe34_2023_07_01,CUS_0xe34,1/7/2023,10,3,10000,1000,1000,0,7000,1/10/2023,2023-10-01,2025-11-09 06:51:02.752980,data/lms_loan_daily.csv,2023-10-01
CUS_0xe36_2023_05_01,CUS_0xe36,1/5/2023,10,5,10000,1000,1000,0,5000,1/10/2023,2023-10-01,2025-11-09 06:51:02.752980,data/lms_loan_daily.csv,2023-10-01
CUS_0xe3b_2023_03_01,CUS_0xe3b,1/3/2023,10,7,10000,1000,0,5000,8000,1/10/2023,2023-10-01,2025-11-09 06:51:02.752980,data/lms_loan_daily.csv,2023-10-01
CUS_0xe4e_2023_09_01,CUS_0xe4e,1/9/2023,10,1,10000,1000,1000,0,9000,1/10/2023,2023-10-01,2025-11-09 06:51:02.752980,data/lms_loan_daily.csv,2023-10-01
CUS_0xe4f_2023_06_01,CUS_0xe4f,1/6/2023,10,4,10000,1000,1000,0,6000,1/10/2023,2023-10-01,2025-11-09 06:51:02.752980,data/lms_loan_daily.csv,2023-10-01
CUS_0xe60_2023_07_01,CUS_0xe60,1/7/2023,10,3,10000,1000,1000,0,7000,1/10/2023,2023-10-01,2025-11-09 06:51:02.752980,data/lms_loan_daily.csv,2023-10-01
CUS_0xe64_2023_01_01,CUS_0xe64,1/1/2023,10,9,10000,1000,1000,0,1000,1/10/2023,2023-10-01,2025-11-09 06:51:02.752980,data/lms_loan_daily.csv,2023-10-01
CUS_0xe75_2023_08_01,CUS_0xe75,1/8/2023,10,2,10000,1000,1000,0,8000,1/10/2023,2023-10-01,2025-11-09 06:51:02.752980,data/lms_loan_daily.csv,2023-10-01
CUS_0xe7e_2023_10_01,CUS_0xe7e,1/10/2023,10,0,10000,0,0,0,10000,1/10/2023,2023-10-01,2025-11-09 06:51:02.752980,data/lms_loan_daily.csv,2023-10-01
CUS_0xe84_2023_01_01,CUS_0xe84,1/1/2023,10,9,10000,1000,1000,0,1000,1/10/2023,2023-10-01,2025-11-09 06:51:02.752980,data/lms_loan_daily.csv,2023-10-01
CUS_0xe98_2023_01_01,CUS_0xe98,1/1/2023,10,9,10000,1000,1000,0,1000,1/10/2023,2023-10-01,2025-11-09 06:51:02.752980,data/lms_loan_daily.csv,2023-10-01
CUS_0xea6_2023_01_01,CUS_0xea6,1/1/2023,10,9,10000,1000,1000,0,1000,1/10/2023,2023-10-01,2025-11-09 06:51:02.752980,data/lms_loan_daily.csv,2023-10-01
CUS_0xeb0_2023_07_01,CUS_0xeb0,1/7/2023,10,3,10000,1000,1000,0,7000,1/10/2023,2023-10-01,2025-11-09 06:51:02.752980,data/lms_loan_daily.csv,2023-10-01
CUS_0xeb6_2023_08_01,CUS_0xeb6,1/8/2023,10,2,10000,1000,0,1000,9000,1/10/2023,2023-10-01,2025-11-09 06:51:02.752980,data/lms_loan_daily.csv,2023-10-01
CUS_0xebc_2023_03_01,CUS_0xebc,1/3/2023,10,7,10000,1000,0,5000,8000,1/10/2023,2023-10-01,2025-11-09 06:51:02.752980,data/lms_loan_daily.csv,2023-10-01
CUS_0xebd_2023_07_01,CUS_0xebd,1/7/2023,10,3,10000,1000,1000,0,7000,1/10/2023,2023-10-01,2025-11-09 06:51:02.752980,data/lms_loan_daily.csv,2023-10-01
CUS_0xebe_2023_06_01,CUS_0xebe,1/6/2023,10,4,10000,1000,1000,0,6000,1/10/2023,2023-10-01,2025-11-09 06:51:02.752980,data/lms_loan_daily.csv,2023-10-01
CUS_0xec8_2023_02_01,CUS_0xec8,1/2/2023,10,8,10000,1000,1000,0,2000,1/10/2023,2023-10-01,2025-11-09 06:51:02.752980,data/lms_loan_daily.csv,2023-10-01
CUS_0xed3_2023_01_01,CUS_0xed3,1/1/2023,10,9,10000,1000,1000,0,1000,1/10/2023,2023-10-01,2025-11-09 06:51:02.752980,data/lms_loan_daily.csv,2023-10-01
CUS_0xed8_2023_01_01,CUS_0xed8,1/1/2023,10,9,10000,1000,1000,0,1000,1/10/2023,2023-10-01,2025-11-09 06:51:02.752980,data/lms_loan_daily.csv,2023-10-01
CUS_0xedb_2023_10_01,CUS_0xedb,1/10/2023,10,0,10000,0,0,0,10000,1/10/2023,2023-10-01,2025-11-09 06:51:02.752980,data/lms_loan_daily.csv,2023-10-01
CUS_0xedd_2023_09_01,CUS_0xedd,1/9/2023,10,1,10000,1000,1000,0,9000,1/10/2023,2023-10-01,2025-11-09 06:51:02.752980,data/lms_loan_daily.csv,2023-10-01
CUS_0xf01_2023_05_01,CUS_0xf01,1/5/2023,10,5,10000,1000,0,4000,9000,1/10/2023,2023-10-01,2025-11-09 06:51:02.752980,data/lms_loan_daily.csv,2023-10-01
CUS_0xf16_2023_03_01,CUS_0xf16,1/3/2023,10,7,10000,1000,1000,0,3000,1/10/2023,2023-10-01,2025-11-09 06:51:02.752980,data/lms_loan_daily.csv,2023-10-01
CUS_0xf20_2023_04_01,CUS_0xf20,1/4/2023,10,6,10000,1000,0,3000,7000,1/10/2023,2023-10-01,2025-11-09 06:51:02.752980,data/lms_loan_daily.csv,2023-10-01
CUS_0xf21_2023_03_01,CUS_0xf21,1/3/2023,10,7,10000,1000,1000,0,3000,1/10/2023,2023-10-01,2025-11-09 06:51:02.752980,data/lms_loan_daily.csv,2023-10-01
CUS_0xf23_2023_04_01,CUS_0xf23,1/4/2023,10,6,10000,1000,1000,0,4000,1/10/2023,2023-10-01,2025-11-09 06:51:02.752980,data/lms_loan_daily.csv,2023-10-01
CUS_0xf2e_2023_07_01,CUS_0xf2e,1/7/2023,10,3,10000,1000,1000,0,7000,1/10/2023,2023-10-01,2025-11-09 06:51:02.752980,data/lms_loan_daily.csv,2023-10-01
CUS_0xf30_2023_06_01,CUS_0xf30,1/6/2023,10,4,10000,1000,1000,0,6000,1/10/2023,2023-10-01,2025-11-09 06:51:02.752980,data/lms_loan_daily.csv,2023-10-01
CUS_0xf45_2023_05_01,CUS_0xf45,1/5/2023,10,5,10000,1000,0,4000,9000,1/10/2023,2023-10-01,2025-11-09 06:51:02.752980,data/lms_loan_daily.csv,2023-10-01
CUS_0xf4d_2023_03_01,CUS_0xf4d,1/3/2023,10,7,10000,1000,1000,0,3000,1/10/2023,2023-10-01,2025-11-09 06:51:02.752980,data/lms_loan_daily.csv,2023-10-01
CUS_0xf58_2023_04_01,CUS_0xf58,1/4/2023,10,6,10000,1000,1000,0,4000,1/10/2023,2023-10-01,2025-11-09 06:51:02.752980,data/lms_loan_daily.csv,2023-10-01
CUS_0xf59_2023_06_01,CUS_0xf59,1/6/2023,10,4,10000,1000,1000,0,6000,1/10/2023,2023-10-01,2025-11-09 06:51:02.752980,data/lms_loan_daily.csv,2023-10-01
CUS_0xf5d_2023_07_01,CUS_0xf5d,1/7/2023,10,3,10000,1000,1000,0,7000,1/10/2023,2023-10-01,2025-11-09 06:51:02.752980,data/lms_loan_daily.csv,2023-10-01
CUS_0xf79_2023_08_01,CUS_0xf79,1/8/2023,10,2,10000,1000,1000,0,8000,1/10/2023,2023-10-01,2025-11-09 06:51:02.752980,data/lms_loan_daily.csv,2023-10-01
CUS_0xf8d_2023_04_01,CUS_0xf8d,1/4/2023,10,6,10000,1000,1000,0,4000,1/10/2023,2023-10-01,2025-11-09 06:51:02.752980,data/lms_loan_daily.csv,2023-10-01
CUS_0xf8f_2023_07_01,CUS_0xf8f,1/7/2023,10,3,10000,1000,1000,0,7000,1/10/2023,2023-10-01,2025-11-09 06:51:02.752980,data/lms_loan_daily.csv,2023-10-01
CUS_0xf9f_2023_05_01,CUS_0xf9f,1/5/2023,10,5,10000,1000,1000,0,5000,1/10/2023,2023-10-01,2025-11-09 06:51:02.752980,data/lms_loan_daily.csv,2023-10-01
CUS_0xfa7_2023_03_01,CUS_0xfa7,1/3/2023,10,7,10000,1000,1000,0,3000,1/10/2023,2023-10-01,2025-11-09 06:51:02.752980,data/lms_loan_daily.csv,2023-10-01
CUS_0xfaa_2023_07_01,CUS_0xfaa,1/7/2023,10,3,10000,1000,1000,0,7000,1/10/2023,2023-10-01,2025-11-09 06:51:02.752980,data/lms_loan_daily.csv,2023-10-01
CUS_0xfac_2023_03_01,CUS_0xfac,1/3/2023,10,7,10000,1000,1000,0,3000,1/10/2023,2023-10-01,2025-11-09 06:51:02.752980,data/lms_loan_daily.csv,2023-10-01
CUS_0xfae_2023_03_01,CUS_0xfae,1/3/2023,10,7,10000,1000,0,3000,6000,1/10/2023,2023-10-01,2025-11-09 06:51:02.752980,data/lms_loan_daily.csv,2023-10-01
CUS_0xfaf_2023_04_01,CUS_0xfaf,1/4/2023,10,6,10000,1000,1000,0,4000,1/10/2023,2023-10-01,2025-11-09 06:51:02.752980,data/lms_loan_daily.csv,2023-10-01
CUS_0xfb6_2023_04_01,CUS_0xfb6,1/4/2023,10,6,10000,1000,1000,0,4000,1/10/2023,2023-10-01,2025-11-09 06:51:02.752980,data/lms_loan_daily.csv,2023-10-01
CUS_0xfb8_2023_07_01,CUS_0xfb8,1/7/2023,10,3,10000,1000,1000,0,7000,1/10/2023,2023-10-01,2025-11-09 06:51:02.752980,data/lms_loan_daily.csv,2023-10-01
CUS_0xfbd_2023_06_01,CUS_0xfbd,1/6/2023,10,4,10000,1000,0,3000,9000,1/10/2023,2023-10-01,2025-11-09 06:51:02.752980,data/lms_loan_daily.csv,2023-10-01
CUS_0xfc9_2023_01_01,CUS_0xfc9,1/1/2023,10,9,10000,1000,0,8000,9000,1/10/2023,2023-10-01,2025-11-09 06:51:02.752980,data/lms_loan_daily.csv,2023-10-01
CUS_0xfcb_2023_04_01,CUS_0xfcb,1/4/2023,10,6,10000,1000,1000,0,4000,1/10/2023,2023-10-01,2025-11-09 06:51:02.752980,data/lms_loan_daily.csv,2023-10-01
CUS_0xfcc_2023_02_01,CUS_0xfcc,1/2/2023,10,8,10000,1000,1000,0,2000,1/10/2023,2023-10-01,2025-11-09 06:51:02.752980,data/lms_loan_daily.csv,2023-10-01
CUS_0xfdd_2023_10_01,CUS_0xfdd,1/10/2023,10,0,10000,0,0,0,10000,1/10/2023,2023-10-01,2025-11-09 06:51:02.752980,data/lms_loan_daily.csv,2023-10-01
CUS_0xfe4_2023_09_01,CUS_0xfe4,1/9/2023,10,1,10000,1000,1000,0,9000,1/10/2023,2023-10-01,2025-11-09 06:51:02.752980,data/lms_loan_daily.csv,2023-10-01
CUS_0xfe5_2023_06_01,CUS_0xfe5,1/6/2023,10,4,10000,1000,1000,0,6000,1/10/2023,2023-10-01,2025-11-09 06:51:02.752980,data/lms_loan_daily.csv,2023-10-01
CUS_0xfea_2023_10_01,CUS_0xfea,1/10/2023,10,0,10000,0,0,0,10000,1/10/2023,2023-10-01,2025-11-09 06:51:02.752980,data/lms_loan_daily.csv,2023-10-01
