loan_id,Customer_ID,loan_start_date,tenure,installment_num,loan_amt,due_amt,paid_amt,overdue_amt,balance,snapshot_date,normalized_snapshot_date,bronze_ingestion_timestamp,bronze_source_file,bronze_processing_date
CUS_0x1037_2023_01_01,CUS_0x1037,1/1/2023,10,3,10000,1000,1000,0,7000,1/4/2023,2023-04-01,2025-11-09 09:09:26.788698,data/lms_loan_daily.csv,2023-04-01
CUS_0x1056_2023_04_01,CUS_0x1056,1/4/2023,10,0,10000,0,0,0,10000,1/4/2023,2023-04-01,2025-11-09 09:09:26.788698,data/lms_loan_daily.csv,2023-04-01
CUS_0x1069_2023_01_01,CUS_0x1069,1/1/2023,10,3,10000,1000,1000,0,7000,1/4/2023,2023-04-01,2025-11-09 09:09:26.788698,data/lms_loan_daily.csv,2023-04-01
CUS_0x10aa_2023_02_01,CUS_0x10aa,1/2/2023,10,2,10000,1000,1000,0,8000,1/4/2023,2023-04-01,2025-11-09 09:09:26.788698,data/lms_loan_daily.csv,2023-04-01
CUS_0x10bb_2023_03_01,CUS_0x10bb,1/3/2023,10,1,10000,1000,1000,0,9000,1/4/2023,2023-04-01,2025-11-09 09:09:26.788698,data/lms_loan_daily.csv,2023-04-01
CUS_0x10eb_2023_03_01,CUS_0x10eb,1/3/2023,10,1,10000,1000,1000,0,9000,1/4/2023,2023-04-01,2025-11-09 09:09:26.788698,data/lms_loan_daily.csv,2023-04-01
CUS_0x1132_2023_03_01,CUS_0x1132,1/3/2023,10,1,10000,1000,0,1000,10000,1/4/2023,2023-04-01,2025-11-09 09:09:26.788698,data/lms_loan_daily.csv,2023-04-01
CUS_0x1135_2023_03_01,CUS_0x1135,1/3/2023,10,1,10000,1000,1000,0,9000,1/4/2023,2023-04-01,2025-11-09 09:09:26.788698,data/lms_loan_daily.csv,2023-04-01
CUS_0x113e_2023_02_01,CUS_0x113e,1/2/2023,10,2,10000,1000,1000,0,8000,1/4/2023,2023-04-01,2025-11-09 09:09:26.788698,data/lms_loan_daily.csv,2023-04-01
CUS_0x1140_2023_02_01,CUS_0x1140,1/2/2023,10,2,10000,1000,1000,0,8000,1/4/2023,2023-04-01,2025-11-09 09:09:26.788698,data/lms_loan_daily.csv,2023-04-01
CUS_0x114a_2023_01_01,CUS_0x114a,1/1/2023,10,3,10000,1000,1000,0,7000,1/4/2023,2023-04-01,2025-11-09 09:09:26.788698,data/lms_loan_daily.csv,2023-04-01
CUS_0x1155_2023_02_01,CUS_0x1155,1/2/2023,10,2,10000,1000,1000,0,8000,1/4/2023,2023-04-01,2025-11-09 09:09:26.788698,data/lms_loan_daily.csv,2023-04-01
CUS_0x1184_2023_01_01,CUS_0x1184,1/1/2023,10,3,10000,1000,1000,0,7000,1/4/2023,2023-04-01,2025-11-09 09:09:26.788698,data/lms_loan_daily.csv,2023-04-01
CUS_0x11c7_2023_03_01,CUS_0x11c7,1/3/2023,10,1,10000,1000,1000,0,9000,1/4/2023,2023-04-01,2025-11-09 09:09:26.788698,data/lms_loan_daily.csv,2023-04-01
CUS_0x11fc_2023_04_01,CUS_0x11fc,1/4/2023,10,0,10000,0,0,0,10000,1/4/2023,2023-04-01,2025-11-09 09:09:26.788698,data/lms_loan_daily.csv,2023-04-01
CUS_0x1216_2023_04_01,CUS_0x1216,1/4/2023,10,0,10000,0,0,0,10000,1/4/2023,2023-04-01,2025-11-09 09:09:26.788698,data/lms_loan_daily.csv,2023-04-01
CUS_0x123a_2023_03_01,CUS_0x123a,1/3/2023,10,1,10000,1000,1000,0,9000,1/4/2023,2023-04-01,2025-11-09 09:09:26.788698,data/lms_loan_daily.csv,2023-04-01
CUS_0x1252_2023_02_01,CUS_0x1252,1/2/2023,10,2,10000,1000,1000,0,8000,1/4/2023,2023-04-01,2025-11-09 09:09:26.788698,data/lms_loan_daily.csv,2023-04-01
CUS_0x1271_2023_03_01,CUS_0x1271,1/3/2023,10,1,10000,1000,1000,0,9000,1/4/2023,2023-04-01,2025-11-09 09:09:26.788698,data/lms_loan_daily.csv,2023-04-01
CUS_0x1285_2023_04_01,CUS_0x1285,1/4/2023,10,0,10000,0,0,0,10000,1/4/2023,2023-04-01,2025-11-09 09:09:26.788698,data/lms_loan_daily.csv,2023-04-01
CUS_0x1297_2023_01_01,CUS_0x1297,1/1/2023,10,3,10000,1000,0,1000,8000,1/4/2023,2023-04-01,2025-11-09 09:09:26.788698,data/lms_loan_daily.csv,2023-04-01
CUS_0x129b_2023_02_01,CUS_0x129b,1/2/2023,10,2,10000,1000,1000,0,8000,1/4/2023,2023-04-01,2025-11-09 09:09:26.788698,data/lms_loan_daily.csv,2023-04-01
CUS_0x12a6_2023_02_01,CUS_0x12a6,1/2/2023,10,2,10000,1000,0,2000,10000,1/4/2023,2023-04-01,2025-11-09 09:09:26.788698,data/lms_loan_daily.csv,2023-04-01
CUS_0x12be_2023_04_01,CUS_0x12be,1/4/2023,10,0,10000,0,0,0,10000,1/4/2023,2023-04-01,2025-11-09 09:09:26.788698,data/lms_loan_daily.csv,2023-04-01
CUS_0x12c1_2023_04_01,CUS_0x12c1,1/4/2023,10,0,10000,0,0,0,10000,1/4/2023,2023-04-01,2025-11-09 09:09:26.788698,data/lms_loan_daily.csv,2023-04-01
CUS_0x12dd_2023_03_01,CUS_0x12dd,1/3/2023,10,1,10000,1000,1000,0,9000,1/4/2023,2023-04-01,2025-11-09 09:09:26.788698,data/lms_loan_daily.csv,2023-04-01
CUS_0x12fb_2023_01_01,CUS_0x12fb,1/1/2023,10,3,10000,1000,1000,0,7000,1/4/2023,2023-04-01,2025-11-09 09:09:26.788698,data/lms_loan_daily.csv,2023-04-01
CUS_0x130b_2023_04_01,CUS_0x130b,1/4/2023,10,0,10000,0,0,0,10000,1/4/2023,2023-04-01,2025-11-09 09:09:26.788698,data/lms_loan_daily.csv,2023-04-01
CUS_0x1324_2023_03_01,CUS_0x1324,1/3/2023,10,1,10000,1000,1000,0,9000,1/4/2023,2023-04-01,2025-11-09 09:09:26.788698,data/lms_loan_daily.csv,2023-04-01
CUS_0x1325_2023_01_01,CUS_0x1325,1/1/2023,10,3,10000,1000,1000,0,7000,1/4/2023,2023-04-01,2025-11-09 09:09:26.788698,data/lms_loan_daily.csv,2023-04-01
CUS_0x1341_2023_01_01,CUS_0x1341,1/1/2023,10,3,10000,1000,1000,0,7000,1/4/2023,2023-04-01,2025-11-09 09:09:26.788698,data/lms_loan_daily.csv,2023-04-01
CUS_0x135c_2023_02_01,CUS_0x135c,1/2/2023,10,2,10000,1000,1000,0,8000,1/4/2023,2023-04-01,2025-11-09 09:09:26.788698,data/lms_loan_daily.csv,2023-04-01
CUS_0x136b_2023_03_01,CUS_0x136b,1/3/2023,10,1,10000,1000,1000,0,9000,1/4/2023,2023-04-01,2025-11-09 09:09:26.788698,data/lms_loan_daily.csv,2023-04-01
CUS_0x1375_2023_01_01,CUS_0x1375,1/1/2023,10,3,10000,1000,0,3000,10000,1/4/2023,2023-04-01,2025-11-09 09:09:26.788698,data/lms_loan_daily.csv,2023-04-01
CUS_0x13a8_2023_01_01,CUS_0x13a8,1/1/2023,10,3,10000,1000,1000,0,7000,1/4/2023,2023-04-01,2025-11-09 09:09:26.788698,data/lms_loan_daily.csv,2023-04-01
CUS_0x13df_2023_03_01,CUS_0x13df,1/3/2023,10,1,10000,1000,1000,0,9000,1/4/2023,2023-04-01,2025-11-09 09:09:26.788698,data/lms_loan_daily.csv,2023-04-01
CUS_0x13ee_2023_03_01,CUS_0x13ee,1/3/2023,10,1,10000,1000,1000,0,9000,1/4/2023,2023-04-01,2025-11-09 09:09:26.788698,data/lms_loan_daily.csv,2023-04-01
CUS_0x13ef_2023_01_01,CUS_0x13ef,1/1/2023,10,3,10000,1000,1000,0,7000,1/4/2023,2023-04-01,2025-11-09 09:09:26.788698,data/lms_loan_daily.csv,2023-04-01
CUS_0x141d_2023_04_01,CUS_0x141d,1/4/2023,10,0,10000,0,0,0,10000,1/4/2023,2023-04-01,2025-11-09 09:09:26.788698,data/lms_loan_daily.csv,2023-04-01
CUS_0x1431_2023_04_01,CUS_0x1431,1/4/2023,10,0,10000,0,0,0,10000,1/4/2023,2023-04-01,2025-11-09 09:09:26.788698,data/lms_loan_daily.csv,2023-04-01
CUS_0x1440_2023_01_01,CUS_0x1440,1/1/2023,10,3,10000,1000,1000,0,7000,1/4/2023,2023-04-01,2025-11-09 09:09:26.788698,data/lms_loan_daily.csv,2023-04-01
CUS_0x1443_2023_01_01,CUS_0x1443,1/1/2023,10,3,10000,1000,1000,0,7000,1/4/2023,2023-04-01,2025-11-09 09:09:26.788698,data/lms_loan_daily.csv,2023-04-01
CUS_0x1452_2023_02_01,CUS_0x1452,1/2/2023,10,2,10000,1000,1000,0,8000,1/4/2023,2023-04-01,2025-11-09 09:09:26.788698,data/lms_loan_daily.csv,2023-04-01
CUS_0x145a_2023_01_01,CUS_0x145a,1/1/2023,10,3,10000,1000,1000,0,7000,1/4/2023,2023-04-01,2025-11-09 09:09:26.788698,data/lms_loan_daily.csv,2023-04-01
CUS_0x148b_2023_04_01,CUS_0x148b,1/4/2023,10,0,10000,0,0,0,10000,1/4/2023,2023-04-01,2025-11-09 09:09:26.788698,data/lms_loan_daily.csv,2023-04-01
CUS_0x1492_2023_01_01,CUS_0x1492,1/1/2023,10,3,10000,1000,1000,0,7000,1/4/2023,2023-04-01,2025-11-09 09:09:26.788698,data/lms_loan_daily.csv,2023-04-01
CUS_0x14b4_2023_04_01,CUS_0x14b4,1/4/2023,10,0,10000,0,0,0,10000,1/4/2023,2023-04-01,2025-11-09 09:09:26.788698,data/lms_loan_daily.csv,2023-04-01
CUS_0x14d5_2023_02_01,CUS_0x14d5,1/2/2023,10,2,10000,1000,1000,0,8000,1/4/2023,2023-04-01,2025-11-09 09:09:26.788698,data/lms_loan_daily.csv,2023-04-01
CUS_0x14d8_2023_03_01,CUS_0x14d8,1/3/2023,10,1,10000,1000,1000,0,9000,1/4/2023,2023-04-01,2025-11-09 09:09:26.788698,data/lms_loan_daily.csv,2023-04-01
CUS_0x14ff_2023_04_01,CUS_0x14ff,1/4/2023,10,0,10000,0,0,0,10000,1/4/2023,2023-04-01,2025-11-09 09:09:26.788698,data/lms_loan_daily.csv,2023-04-01
CUS_0x1521_2023_03_01,CUS_0x1521,1/3/2023,10,1,10000,1000,1000,0,9000,1/4/2023,2023-04-01,2025-11-09 09:09:26.788698,data/lms_loan_daily.csv,2023-04-01
CUS_0x1537_2023_04_01,CUS_0x1537,1/4/2023,10,0,10000,0,0,0,10000,1/4/2023,2023-04-01,2025-11-09 09:09:26.788698,data/lms_loan_daily.csv,2023-04-01
CUS_0x153d_2023_01_01,CUS_0x153d,1/1/2023,10,3,10000,1000,1000,0,7000,1/4/2023,2023-04-01,2025-11-09 09:09:26.788698,data/lms_loan_daily.csv,2023-04-01
CUS_0x1567_2023_01_01,CUS_0x1567,1/1/2023,10,3,10000,1000,1000,0,7000,1/4/2023,2023-04-01,2025-11-09 09:09:26.788698,data/lms_loan_daily.csv,2023-04-01
CUS_0x15a4_2023_03_01,CUS_0x15a4,1/3/2023,10,1,10000,1000,1000,0,9000,1/4/2023,2023-04-01,2025-11-09 09:09:26.788698,data/lms_loan_daily.csv,2023-04-01
CUS_0x15ad_2023_01_01,CUS_0x15ad,1/1/2023,10,3,10000,1000,2000,0,7000,1/4/2023,2023-04-01,2025-11-09 09:09:26.788698,data/lms_loan_daily.csv,2023-04-01
CUS_0x15b7_2023_02_01,CUS_0x15b7,1/2/2023,10,2,10000,1000,0,2000,10000,1/4/2023,2023-04-01,2025-11-09 09:09:26.788698,data/lms_loan_daily.csv,2023-04-01
CUS_0x15b9_2023_03_01,CUS_0x15b9,1/3/2023,10,1,10000,1000,1000,0,9000,1/4/2023,2023-04-01,2025-11-09 09:09:26.788698,data/lms_loan_daily.csv,2023-04-01
CUS_0x160a_2023_02_01,CUS_0x160a,1/2/2023,10,2,10000,1000,1000,0,8000,1/4/2023,2023-04-01,2025-11-09 09:09:26.788698,data/lms_loan_daily.csv,2023-04-01
CUS_0x1630_2023_01_01,CUS_0x1630,1/1/2023,10,3,10000,1000,0,2000,9000,1/4/2023,2023-04-01,2025-11-09 09:09:26.788698,data/lms_loan_daily.csv,2023-04-01
CUS_0x163c_2023_04_01,CUS_0x163c,1/4/2023,10,0,10000,0,0,0,10000,1/4/2023,2023-04-01,2025-11-09 09:09:26.788698,data/lms_loan_daily.csv,2023-04-01
CUS_0x164a_2023_02_01,CUS_0x164a,1/2/2023,10,2,10000,1000,1000,0,8000,1/4/2023,2023-04-01,2025-11-09 09:09:26.788698,data/lms_loan_daily.csv,2023-04-01
CUS_0x1690_2023_03_01,CUS_0x1690,1/3/2023,10,1,10000,1000,1000,0,9000,1/4/2023,2023-04-01,2025-11-09 09:09:26.788698,data/lms_loan_daily.csv,2023-04-01
CUS_0x169c_2023_01_01,CUS_0x169c,1/1/2023,10,3,10000,1000,1000,0,7000,1/4/2023,2023-04-01,2025-11-09 09:09:26.788698,data/lms_loan_daily.csv,2023-04-01
CUS_0x169d_2023_01_01,CUS_0x169d,1/1/2023,10,3,10000,1000,1000,0,7000,1/4/2023,2023-04-01,2025-11-09 09:09:26.788698,data/lms_loan_daily.csv,2023-04-01
CUS_0x16a4_2023_02_01,CUS_0x16a4,1/2/2023,10,2,10000,1000,1000,0,8000,1/4/2023,2023-04-01,2025-11-09 09:09:26.788698,data/lms_loan_daily.csv,2023-04-01
CUS_0x16d0_2023_03_01,CUS_0x16d0,1/3/2023,10,1,10000,1000,1000,0,9000,1/4/2023,2023-04-01,2025-11-09 09:09:26.788698,data/lms_loan_daily.csv,2023-04-01
CUS_0x16f4_2023_01_01,CUS_0x16f4,1/1/2023,10,3,10000,1000,1000,0,7000,1/4/2023,2023-04-01,2025-11-09 09:09:26.788698,data/lms_loan_daily.csv,2023-04-01
CUS_0x1733_2023_01_01,CUS_0x1733,1/1/2023,10,3,10000,1000,0,1000,8000,1/4/2023,2023-04-01,2025-11-09 09:09:26.788698,data/lms_loan_daily.csv,2023-04-01
CUS_0x1746_2023_04_01,CUS_0x1746,1/4/2023,10,0,10000,0,0,0,10000,1/4/2023,2023-04-01,2025-11-09 09:09:26.788698,data/lms_loan_daily.csv,2023-04-01
CUS_0x1755_2023_04_01,CUS_0x1755,1/4/2023,10,0,10000,0,0,0,10000,1/4/2023,2023-04-01,2025-11-09 09:09:26.788698,data/lms_loan_daily.csv,2023-04-01
CUS_0x1769_2023_03_01,CUS_0x1769,1/3/2023,10,1,10000,1000,1000,0,9000,1/4/2023,2023-04-01,2025-11-09 09:09:26.788698,data/lms_loan_daily.csv,2023-04-01
CUS_0x17bb_2023_02_01,CUS_0x17bb,1/2/2023,10,2,10000,1000,0,1000,9000,1/4/2023,2023-04-01,2025-11-09 09:09:26.788698,data/lms_loan_daily.csv,2023-04-01
CUS_0x17c3_2023_03_01,CUS_0x17c3,1/3/2023,10,1,10000,1000,1000,0,9000,1/4/2023,2023-04-01,2025-11-09 09:09:26.788698,data/lms_loan_daily.csv,2023-04-01
CUS_0x17c7_2023_01_01,CUS_0x17c7,1/1/2023,10,3,10000,1000,1000,0,7000,1/4/2023,2023-04-01,2025-11-09 09:09:26.788698,data/lms_loan_daily.csv,2023-04-01
CUS_0x17d1_2023_04_01,CUS_0x17d1,1/4/2023,10,0,10000,0,0,0,10000,1/4/2023,2023-04-01,2025-11-09 09:09:26.788698,data/lms_loan_daily.csv,2023-04-01
CUS_0x181e_2023_01_01,CUS_0x181e,1/1/2023,10,3,10000,1000,1000,0,7000,1/4/2023,2023-04-01,2025-11-09 09:09:26.788698,data/lms_loan_daily.csv,2023-04-01
CUS_0x181f_2023_01_01,CUS_0x181f,1/1/2023,10,3,10000,1000,1000,0,7000,1/4/2023,2023-04-01,2025-11-09 09:09:26.788698,data/lms_loan_daily.csv,2023-04-01
CUS_0x182b_2023_01_01,CUS_0x182b,1/1/2023,10,3,10000,1000,1000,0,7000,1/4/2023,2023-04-01,2025-11-09 09:09:26.788698,data/lms_loan_daily.csv,2023-04-01
CUS_0x1844_2023_03_01,CUS_0x1844,1/3/2023,10,1,10000,1000,1000,0,9000,1/4/2023,2023-04-01,2025-11-09 09:09:26.788698,data/lms_loan_daily.csv,2023-04-01
CUS_0x185e_2023_02_01,CUS_0x185e,1/2/2023,10,2,10000,1000,1000,0,8000,1/4/2023,2023-04-01,2025-11-09 09:09:26.788698,data/lms_loan_daily.csv,2023-04-01
CUS_0x1881_2023_02_01,CUS_0x1881,1/2/2023,10,2,10000,1000,1000,0,8000,1/4/2023,2023-04-01,2025-11-09 09:09:26.788698,data/lms_loan_daily.csv,2023-04-01
CUS_0x1894_2023_04_01,CUS_0x1894,1/4/2023,10,0,10000,0,0,0,10000,1/4/2023,2023-04-01,2025-11-09 09:09:26.788698,data/lms_loan_daily.csv,2023-04-01
CUS_0x1899_2023_02_01,CUS_0x1899,1/2/2023,10,2,10000,1000,1000,0,8000,1/4/2023,2023-04-01,2025-11-09 09:09:26.788698,data/lms_loan_daily.csv,2023-04-01
CUS_0x18a6_2023_03_01,CUS_0x18a6,1/3/2023,10,1,10000,1000,1000,0,9000,1/4/2023,2023-04-01,2025-11-09 09:09:26.788698,data/lms_loan_daily.csv,2023-04-01
CUS_0x18ac_2023_02_01,CUS_0x18ac,1/2/2023,10,2,10000,1000,0,1000,9000,1/4/2023,2023-04-01,2025-11-09 09:09:26.788698,data/lms_loan_daily.csv,2023-04-01
CUS_0x18b9_2023_04_01,CUS_0x18b9,1/4/2023,10,0,10000,0,0,0,10000,1/4/2023,2023-04-01,2025-11-09 09:09:26.788698,data/lms_loan_daily.csv,2023-04-01
CUS_0x18c9_2023_01_01,CUS_0x18c9,1/1/2023,10,3,10000,1000,0,1000,8000,1/4/2023,2023-04-01,2025-11-09 09:09:26.788698,data/lms_loan_daily.csv,2023-04-01
CUS_0x18d7_2023_02_01,CUS_0x18d7,1/2/2023,10,2,10000,1000,1000,0,8000,1/4/2023,2023-04-01,2025-11-09 09:09:26.788698,data/lms_loan_daily.csv,2023-04-01
CUS_0x1902_2023_02_01,CUS_0x1902,1/2/2023,10,2,10000,1000,1000,0,8000,1/4/2023,2023-04-01,2025-11-09 09:09:26.788698,data/lms_loan_daily.csv,2023-04-01
CUS_0x190e_2023_01_01,CUS_0x190e,1/1/2023,10,3,10000,1000,1000,0,7000,1/4/2023,2023-04-01,2025-11-09 09:09:26.788698,data/lms_loan_daily.csv,2023-04-01
CUS_0x1911_2023_04_01,CUS_0x1911,1/4/2023,10,0,10000,0,0,0,10000,1/4/2023,2023-04-01,2025-11-09 09:09:26.788698,data/lms_loan_daily.csv,2023-04-01
CUS_0x191b_2023_02_01,CUS_0x191b,1/2/2023,10,2,10000,1000,1000,0,8000,1/4/2023,2023-04-01,2025-11-09 09:09:26.788698,data/lms_loan_daily.csv,2023-04-01
CUS_0x1920_2023_01_01,CUS_0x1920,1/1/2023,10,3,10000,1000,1000,0,7000,1/4/2023,2023-04-01,2025-11-09 09:09:26.788698,data/lms_loan_daily.csv,2023-04-01
CUS_0x1924_2023_04_01,CUS_0x1924,1/4/2023,10,0,10000,0,0,0,10000,1/4/2023,2023-04-01,2025-11-09 09:09:26.788698,data/lms_loan_daily.csv,2023-04-01
CUS_0x192f_2023_04_01,CUS_0x192f,1/4/2023,10,0,10000,0,0,0,10000,1/4/2023,2023-04-01,2025-11-09 09:09:26.788698,data/lms_loan_daily.csv,2023-04-01
CUS_0x1934_2023_02_01,CUS_0x1934,1/2/2023,10,2,10000,1000,1000,0,8000,1/4/2023,2023-04-01,2025-11-09 09:09:26.788698,data/lms_loan_daily.csv,2023-04-01
CUS_0x1960_2023_01_01,CUS_0x1960,1/1/2023,10,3,10000,1000,1000,0,7000,1/4/2023,2023-04-01,2025-11-09 09:09:26.788698,data/lms_loan_daily.csv,2023-04-01
CUS_0x197f_2023_04_01,CUS_0x197f,1/4/2023,10,0,10000,0,0,0,10000,1/4/2023,2023-04-01,2025-11-09 09:09:26.788698,data/lms_loan_daily.csv,2023-04-01
CUS_0x1993_2023_02_01,CUS_0x1993,1/2/2023,10,2,10000,1000,1000,0,8000,1/4/2023,2023-04-01,2025-11-09 09:09:26.788698,data/lms_loan_daily.csv,2023-04-01
CUS_0x19a8_2023_02_01,CUS_0x19a8,1/2/2023,10,2,10000,1000,1000,0,8000,1/4/2023,2023-04-01,2025-11-09 09:09:26.788698,data/lms_loan_daily.csv,2023-04-01
CUS_0x19ad_2023_01_01,CUS_0x19ad,1/1/2023,10,3,10000,1000,1000,0,7000,1/4/2023,2023-04-01,2025-11-09 09:09:26.788698,data/lms_loan_daily.csv,2023-04-01
CUS_0x19d1_2023_01_01,CUS_0x19d1,1/1/2023,10,3,10000,1000,0,1000,8000,1/4/2023,2023-04-01,2025-11-09 09:09:26.788698,data/lms_loan_daily.csv,2023-04-01
CUS_0x19e1_2023_01_01,CUS_0x19e1,1/1/2023,10,3,10000,1000,1000,0,7000,1/4/2023,2023-04-01,2025-11-09 09:09:26.788698,data/lms_loan_daily.csv,2023-04-01
CUS_0x1a18_2023_02_01,CUS_0x1a18,1/2/2023,10,2,10000,1000,1000,0,8000,1/4/2023,2023-04-01,2025-11-09 09:09:26.788698,data/lms_loan_daily.csv,2023-04-01
CUS_0x1a33_2023_03_01,CUS_0x1a33,1/3/2023,10,1,10000,1000,1000,0,9000,1/4/2023,2023-04-01,2025-11-09 09:09:26.788698,data/lms_loan_daily.csv,2023-04-01
CUS_0x1a3a_2023_03_01,CUS_0x1a3a,1/3/2023,10,1,10000,1000,1000,0,9000,1/4/2023,2023-04-01,2025-11-09 09:09:26.788698,data/lms_loan_daily.csv,2023-04-01
CUS_0x1a77_2023_03_01,CUS_0x1a77,1/3/2023,10,1,10000,1000,1000,0,9000,1/4/2023,2023-04-01,2025-11-09 09:09:26.788698,data/lms_loan_daily.csv,2023-04-01
CUS_0x1a8d_2023_04_01,CUS_0x1a8d,1/4/2023,10,0,10000,0,0,0,10000,1/4/2023,2023-04-01,2025-11-09 09:09:26.788698,data/lms_loan_daily.csv,2023-04-01
CUS_0x1a9c_2023_01_01,CUS_0x1a9c,1/1/2023,10,3,10000,1000,1000,0,7000,1/4/2023,2023-04-01,2025-11-09 09:09:26.788698,data/lms_loan_daily.csv,2023-04-01
CUS_0x1aa0_2023_03_01,CUS_0x1aa0,1/3/2023,10,1,10000,1000,1000,0,9000,1/4/2023,2023-04-01,2025-11-09 09:09:26.788698,data/lms_loan_daily.csv,2023-04-01
CUS_0x1ab3_2023_01_01,CUS_0x1ab3,1/1/2023,10,3,10000,1000,1000,0,7000,1/4/2023,2023-04-01,2025-11-09 09:09:26.788698,data/lms_loan_daily.csv,2023-04-01
CUS_0x1add_2023_03_01,CUS_0x1add,1/3/2023,10,1,10000,1000,1000,0,9000,1/4/2023,2023-04-01,2025-11-09 09:09:26.788698,data/lms_loan_daily.csv,2023-04-01
CUS_0x1b0f_2023_04_01,CUS_0x1b0f,1/4/2023,10,0,10000,0,0,0,10000,1/4/2023,2023-04-01,2025-11-09 09:09:26.788698,data/lms_loan_daily.csv,2023-04-01
CUS_0x1b42_2023_01_01,CUS_0x1b42,1/1/2023,10,3,10000,1000,1000,0,7000,1/4/2023,2023-04-01,2025-11-09 09:09:26.788698,data/lms_loan_daily.csv,2023-04-01
CUS_0x1b56_2023_04_01,CUS_0x1b56,1/4/2023,10,0,10000,0,0,0,10000,1/4/2023,2023-04-01,2025-11-09 09:09:26.788698,data/lms_loan_daily.csv,2023-04-01
CUS_0x1b59_2023_04_01,CUS_0x1b59,1/4/2023,10,0,10000,0,0,0,10000,1/4/2023,2023-04-01,2025-11-09 09:09:26.788698,data/lms_loan_daily.csv,2023-04-01
CUS_0x1b66_2023_01_01,CUS_0x1b66,1/1/2023,10,3,10000,1000,1000,0,7000,1/4/2023,2023-04-01,2025-11-09 09:09:26.788698,data/lms_loan_daily.csv,2023-04-01
CUS_0x1b9a_2023_02_01,CUS_0x1b9a,1/2/2023,10,2,10000,1000,1000,0,8000,1/4/2023,2023-04-01,2025-11-09 09:09:26.788698,data/lms_loan_daily.csv,2023-04-01
CUS_0x1ba9_2023_03_01,CUS_0x1ba9,1/3/2023,10,1,10000,1000,1000,0,9000,1/4/2023,2023-04-01,2025-11-09 09:09:26.788698,data/lms_loan_daily.csv,2023-04-01
CUS_0x1bc4_2023_01_01,CUS_0x1bc4,1/1/2023,10,3,10000,1000,1000,0,7000,1/4/2023,2023-04-01,2025-11-09 09:09:26.788698,data/lms_loan_daily.csv,2023-04-01
CUS_0x1be4_2023_04_01,CUS_0x1be4,1/4/2023,10,0,10000,0,0,0,10000,1/4/2023,2023-04-01,2025-11-09 09:09:26.788698,data/lms_loan_daily.csv,2023-04-01
CUS_0x1c09_2023_01_01,CUS_0x1c09,1/1/2023,10,3,10000,1000,1000,0,7000,1/4/2023,2023-04-01,2025-11-09 09:09:26.788698,data/lms_loan_daily.csv,2023-04-01
CUS_0x1c2f_2023_03_01,CUS_0x1c2f,1/3/2023,10,1,10000,1000,1000,0,9000,1/4/2023,2023-04-01,2025-11-09 09:09:26.788698,data/lms_loan_daily.csv,2023-04-01
CUS_0x1c39_2023_01_01,CUS_0x1c39,1/1/2023,10,3,10000,1000,1000,0,7000,1/4/2023,2023-04-01,2025-11-09 09:09:26.788698,data/lms_loan_daily.csv,2023-04-01
CUS_0x1c47_2023_02_01,CUS_0x1c47,1/2/2023,10,2,10000,1000,1000,0,8000,1/4/2023,2023-04-01,2025-11-09 09:09:26.788698,data/lms_loan_daily.csv,2023-04-01
CUS_0x1c5d_2023_04_01,CUS_0x1c5d,1/4/2023,10,0,10000,0,0,0,10000,1/4/2023,2023-04-01,2025-11-09 09:09:26.788698,data/lms_loan_daily.csv,2023-04-01
CUS_0x1c61_2023_02_01,CUS_0x1c61,1/2/2023,10,2,10000,1000,1000,0,8000,1/4/2023,2023-04-01,2025-11-09 09:09:26.788698,data/lms_loan_daily.csv,2023-04-01
CUS_0x1c76_2023_03_01,CUS_0x1c76,1/3/2023,10,1,10000,1000,1000,0,9000,1/4/2023,2023-04-01,2025-11-09 09:09:26.788698,data/lms_loan_daily.csv,2023-04-01
CUS_0x1c78_2023_03_01,CUS_0x1c78,1/3/2023,10,1,10000,1000,1000,0,9000,1/4/2023,2023-04-01,2025-11-09 09:09:26.788698,data/lms_loan_daily.csv,2023-04-01
CUS_0x1c9c_2023_01_01,CUS_0x1c9c,1/1/2023,10,3,10000,1000,0,2000,9000,1/4/2023,2023-04-01,2025-11-09 09:09:26.788698,data/lms_loan_daily.csv,2023-04-01
CUS_0x1cb0_2023_03_01,CUS_0x1cb0,1/3/2023,10,1,10000,1000,1000,0,9000,1/4/2023,2023-04-01,2025-11-09 09:09:26.788698,data/lms_loan_daily.csv,2023-04-01
CUS_0x1cc0_2023_04_01,CUS_0x1cc0,1/4/2023,10,0,10000,0,0,0,10000,1/4/2023,2023-04-01,2025-11-09 09:09:26.788698,data/lms_loan_daily.csv,2023-04-01
CUS_0x1cd1_2023_04_01,CUS_0x1cd1,1/4/2023,10,0,10000,0,0,0,10000,1/4/2023,2023-04-01,2025-11-09 09:09:26.788698,data/lms_loan_daily.csv,2023-04-01
CUS_0x1d08_2023_03_01,CUS_0x1d08,1/3/2023,10,1,10000,1000,1000,0,9000,1/4/2023,2023-04-01,2025-11-09 09:09:26.788698,data/lms_loan_daily.csv,2023-04-01
CUS_0x1d18_2023_03_01,CUS_0x1d18,1/3/2023,10,1,10000,1000,1000,0,9000,1/4/2023,2023-04-01,2025-11-09 09:09:26.788698,data/lms_loan_daily.csv,2023-04-01
CUS_0x1d3e_2023_03_01,CUS_0x1d3e,1/3/2023,10,1,10000,1000,1000,0,9000,1/4/2023,2023-04-01,2025-11-09 09:09:26.788698,data/lms_loan_daily.csv,2023-04-01
CUS_0x1d79_2023_03_01,CUS_0x1d79,1/3/2023,10,1,10000,1000,1000,0,9000,1/4/2023,2023-04-01,2025-11-09 09:09:26.788698,data/lms_loan_daily.csv,2023-04-01
CUS_0x1d7a_2023_04_01,CUS_0x1d7a,1/4/2023,10,0,10000,0,0,0,10000,1/4/2023,2023-04-01,2025-11-09 09:09:26.788698,data/lms_loan_daily.csv,2023-04-01
CUS_0x1db5_2023_03_01,CUS_0x1db5,1/3/2023,10,1,10000,1000,1000,0,9000,1/4/2023,2023-04-01,2025-11-09 09:09:26.788698,data/lms_loan_daily.csv,2023-04-01
CUS_0x1dbd_2023_02_01,CUS_0x1dbd,1/2/2023,10,2,10000,1000,0,1000,9000,1/4/2023,2023-04-01,2025-11-09 09:09:26.788698,data/lms_loan_daily.csv,2023-04-01
CUS_0x1dcf_2023_01_01,CUS_0x1dcf,1/1/2023,10,3,10000,1000,0,1000,8000,1/4/2023,2023-04-01,2025-11-09 09:09:26.788698,data/lms_loan_daily.csv,2023-04-01
CUS_0x1de6_2023_02_01,CUS_0x1de6,1/2/2023,10,2,10000,1000,1000,0,8000,1/4/2023,2023-04-01,2025-11-09 09:09:26.788698,data/lms_loan_daily.csv,2023-04-01
CUS_0x1def_2023_04_01,CUS_0x1def,1/4/2023,10,0,10000,0,0,0,10000,1/4/2023,2023-04-01,2025-11-09 09:09:26.788698,data/lms_loan_daily.csv,2023-04-01
CUS_0x1e48_2023_04_01,CUS_0x1e48,1/4/2023,10,0,10000,0,0,0,10000,1/4/2023,2023-04-01,2025-11-09 09:09:26.788698,data/lms_loan_daily.csv,2023-04-01
CUS_0x1e4d_2023_04_01,CUS_0x1e4d,1/4/2023,10,0,10000,0,0,0,10000,1/4/2023,2023-04-01,2025-11-09 09:09:26.788698,data/lms_loan_daily.csv,2023-04-01
CUS_0x1e5e_2023_02_01,CUS_0x1e5e,1/2/2023,10,2,10000,1000,1000,0,8000,1/4/2023,2023-04-01,2025-11-09 09:09:26.788698,data/lms_loan_daily.csv,2023-04-01
CUS_0x1e6b_2023_04_01,CUS_0x1e6b,1/4/2023,10,0,10000,0,0,0,10000,1/4/2023,2023-04-01,2025-11-09 09:09:26.788698,data/lms_loan_daily.csv,2023-04-01
CUS_0x1e8e_2023_03_01,CUS_0x1e8e,1/3/2023,10,1,10000,1000,1000,0,9000,1/4/2023,2023-04-01,2025-11-09 09:09:26.788698,data/lms_loan_daily.csv,2023-04-01
CUS_0x1e9b_2023_04_01,CUS_0x1e9b,1/4/2023,10,0,10000,0,0,0,10000,1/4/2023,2023-04-01,2025-11-09 09:09:26.788698,data/lms_loan_daily.csv,2023-04-01
CUS_0x1e9e_2023_04_01,CUS_0x1e9e,1/4/2023,10,0,10000,0,0,0,10000,1/4/2023,2023-04-01,2025-11-09 09:09:26.788698,data/lms_loan_daily.csv,2023-04-01
CUS_0x1ef5_2023_01_01,CUS_0x1ef5,1/1/2023,10,3,10000,1000,1000,0,7000,1/4/2023,2023-04-01,2025-11-09 09:09:26.788698,data/lms_loan_daily.csv,2023-04-01
CUS_0x1ef7_2023_02_01,CUS_0x1ef7,1/2/2023,10,2,10000,1000,1000,0,8000,1/4/2023,2023-04-01,2025-11-09 09:09:26.788698,data/lms_loan_daily.csv,2023-04-01
CUS_0x1efc_2023_04_01,CUS_0x1efc,1/4/2023,10,0,10000,0,0,0,10000,1/4/2023,2023-04-01,2025-11-09 09:09:26.788698,data/lms_loan_daily.csv,2023-04-01
CUS_0x1eff_2023_02_01,CUS_0x1eff,1/2/2023,10,2,10000,1000,1000,0,8000,1/4/2023,2023-04-01,2025-11-09 09:09:26.788698,data/lms_loan_daily.csv,2023-04-01
CUS_0x1f39_2023_03_01,CUS_0x1f39,1/3/2023,10,1,10000,1000,1000,0,9000,1/4/2023,2023-04-01,2025-11-09 09:09:26.788698,data/lms_loan_daily.csv,2023-04-01
CUS_0x1f3d_2023_02_01,CUS_0x1f3d,1/2/2023,10,2,10000,1000,1000,0,8000,1/4/2023,2023-04-01,2025-11-09 09:09:26.788698,data/lms_loan_daily.csv,2023-04-01
CUS_0x1f4b_2023_03_01,CUS_0x1f4b,1/3/2023,10,1,10000,1000,1000,0,9000,1/4/2023,2023-04-01,2025-11-09 09:09:26.788698,data/lms_loan_daily.csv,2023-04-01
CUS_0x1f8c_2023_03_01,CUS_0x1f8c,1/3/2023,10,1,10000,1000,1000,0,9000,1/4/2023,2023-04-01,2025-11-09 09:09:26.788698,data/lms_loan_daily.csv,2023-04-01
CUS_0x1f8d_2023_03_01,CUS_0x1f8d,1/3/2023,10,1,10000,1000,1000,0,9000,1/4/2023,2023-04-01,2025-11-09 09:09:26.788698,data/lms_loan_daily.csv,2023-04-01
CUS_0x1f9e_2023_04_01,CUS_0x1f9e,1/4/2023,10,0,10000,0,0,0,10000,1/4/2023,2023-04-01,2025-11-09 09:09:26.788698,data/lms_loan_daily.csv,2023-04-01
CUS_0x1ff5_2023_01_01,CUS_0x1ff5,1/1/2023,10,3,10000,1000,1000,0,7000,1/4/2023,2023-04-01,2025-11-09 09:09:26.788698,data/lms_loan_daily.csv,2023-04-01
CUS_0x1ff7_2023_01_01,CUS_0x1ff7,1/1/2023,10,3,10000,1000,1000,0,7000,1/4/2023,2023-04-01,2025-11-09 09:09:26.788698,data/lms_loan_daily.csv,2023-04-01
CUS_0x2041_2023_03_01,CUS_0x2041,1/3/2023,10,1,10000,1000,1000,0,9000,1/4/2023,2023-04-01,2025-11-09 09:09:26.788698,data/lms_loan_daily.csv,2023-04-01
CUS_0x2048_2023_04_01,CUS_0x2048,1/4/2023,10,0,10000,0,0,0,10000,1/4/2023,2023-04-01,2025-11-09 09:09:26.788698,data/lms_loan_daily.csv,2023-04-01
CUS_0x204a_2023_02_01,CUS_0x204a,1/2/2023,10,2,10000,1000,1000,0,8000,1/4/2023,2023-04-01,2025-11-09 09:09:26.788698,data/lms_loan_daily.csv,2023-04-01
CUS_0x205c_2023_01_01,CUS_0x205c,1/1/2023,10,3,10000,1000,1000,0,7000,1/4/2023,2023-04-01,2025-11-09 09:09:26.788698,data/lms_loan_daily.csv,2023-04-01
CUS_0x207a_2023_04_01,CUS_0x207a,1/4/2023,10,0,10000,0,0,0,10000,1/4/2023,2023-04-01,2025-11-09 09:09:26.788698,data/lms_loan_daily.csv,2023-04-01
CUS_0x2084_2023_04_01,CUS_0x2084,1/4/2023,10,0,10000,0,0,0,10000,1/4/2023,2023-04-01,2025-11-09 09:09:26.788698,data/lms_loan_daily.csv,2023-04-01
CUS_0x2087_2023_03_01,CUS_0x2087,1/3/2023,10,1,10000,1000,1000,0,9000,1/4/2023,2023-04-01,2025-11-09 09:09:26.788698,data/lms_loan_daily.csv,2023-04-01
CUS_0x20fe_2023_04_01,CUS_0x20fe,1/4/2023,10,0,10000,0,0,0,10000,1/4/2023,2023-04-01,2025-11-09 09:09:26.788698,data/lms_loan_daily.csv,2023-04-01
CUS_0x2108_2023_02_01,CUS_0x2108,1/2/2023,10,2,10000,1000,0,1000,9000,1/4/2023,2023-04-01,2025-11-09 09:09:26.788698,data/lms_loan_daily.csv,2023-04-01
CUS_0x210f_2023_01_01,CUS_0x210f,1/1/2023,10,3,10000,1000,1000,0,7000,1/4/2023,2023-04-01,2025-11-09 09:09:26.788698,data/lms_loan_daily.csv,2023-04-01
CUS_0x2123_2023_04_01,CUS_0x2123,1/4/2023,10,0,10000,0,0,0,10000,1/4/2023,2023-04-01,2025-11-09 09:09:26.788698,data/lms_loan_daily.csv,2023-04-01
CUS_0x2126_2023_04_01,CUS_0x2126,1/4/2023,10,0,10000,0,0,0,10000,1/4/2023,2023-04-01,2025-11-09 09:09:26.788698,data/lms_loan_daily.csv,2023-04-01
CUS_0x2159_2023_03_01,CUS_0x2159,1/3/2023,10,1,10000,1000,1000,0,9000,1/4/2023,2023-04-01,2025-11-09 09:09:26.788698,data/lms_loan_daily.csv,2023-04-01
CUS_0x2168_2023_02_01,CUS_0x2168,1/2/2023,10,2,10000,1000,1000,0,8000,1/4/2023,2023-04-01,2025-11-09 09:09:26.788698,data/lms_loan_daily.csv,2023-04-01
CUS_0x2171_2023_02_01,CUS_0x2171,1/2/2023,10,2,10000,1000,1000,0,8000,1/4/2023,2023-04-01,2025-11-09 09:09:26.788698,data/lms_loan_daily.csv,2023-04-01
CUS_0x2174_2023_02_01,CUS_0x2174,1/2/2023,10,2,10000,1000,1000,0,8000,1/4/2023,2023-04-01,2025-11-09 09:09:26.788698,data/lms_loan_daily.csv,2023-04-01
CUS_0x21a1_2023_04_01,CUS_0x21a1,1/4/2023,10,0,10000,0,0,0,10000,1/4/2023,2023-04-01,2025-11-09 09:09:26.788698,data/lms_loan_daily.csv,2023-04-01
CUS_0x21b6_2023_02_01,CUS_0x21b6,1/2/2023,10,2,10000,1000,1000,0,8000,1/4/2023,2023-04-01,2025-11-09 09:09:26.788698,data/lms_loan_daily.csv,2023-04-01
CUS_0x21c3_2023_04_01,CUS_0x21c3,1/4/2023,10,0,10000,0,0,0,10000,1/4/2023,2023-04-01,2025-11-09 09:09:26.788698,data/lms_loan_daily.csv,2023-04-01
CUS_0x21d8_2023_03_01,CUS_0x21d8,1/3/2023,10,1,10000,1000,1000,0,9000,1/4/2023,2023-04-01,2025-11-09 09:09:26.788698,data/lms_loan_daily.csv,2023-04-01
CUS_0x21dc_2023_01_01,CUS_0x21dc,1/1/2023,10,3,10000,1000,1000,0,7000,1/4/2023,2023-04-01,2025-11-09 09:09:26.788698,data/lms_loan_daily.csv,2023-04-01
CUS_0x21e6_2023_03_01,CUS_0x21e6,1/3/2023,10,1,10000,1000,1000,0,9000,1/4/2023,2023-04-01,2025-11-09 09:09:26.788698,data/lms_loan_daily.csv,2023-04-01
CUS_0x2216_2023_02_01,CUS_0x2216,1/2/2023,10,2,10000,1000,1000,0,8000,1/4/2023,2023-04-01,2025-11-09 09:09:26.788698,data/lms_loan_daily.csv,2023-04-01
CUS_0x2218_2023_02_01,CUS_0x2218,1/2/2023,10,2,10000,1000,1000,0,8000,1/4/2023,2023-04-01,2025-11-09 09:09:26.788698,data/lms_loan_daily.csv,2023-04-01
CUS_0x2246_2023_04_01,CUS_0x2246,1/4/2023,10,0,10000,0,0,0,10000,1/4/2023,2023-04-01,2025-11-09 09:09:26.788698,data/lms_loan_daily.csv,2023-04-01
CUS_0x2255_2023_04_01,CUS_0x2255,1/4/2023,10,0,10000,0,0,0,10000,1/4/2023,2023-04-01,2025-11-09 09:09:26.788698,data/lms_loan_daily.csv,2023-04-01
CUS_0x2274_2023_01_01,CUS_0x2274,1/1/2023,10,3,10000,1000,1000,0,7000,1/4/2023,2023-04-01,2025-11-09 09:09:26.788698,data/lms_loan_daily.csv,2023-04-01
CUS_0x227e_2023_02_01,CUS_0x227e,1/2/2023,10,2,10000,1000,1000,0,8000,1/4/2023,2023-04-01,2025-11-09 09:09:26.788698,data/lms_loan_daily.csv,2023-04-01
CUS_0x2288_2023_04_01,CUS_0x2288,1/4/2023,10,0,10000,0,0,0,10000,1/4/2023,2023-04-01,2025-11-09 09:09:26.788698,data/lms_loan_daily.csv,2023-04-01
CUS_0x2293_2023_03_01,CUS_0x2293,1/3/2023,10,1,10000,1000,1000,0,9000,1/4/2023,2023-04-01,2025-11-09 09:09:26.788698,data/lms_loan_daily.csv,2023-04-01
CUS_0x2297_2023_01_01,CUS_0x2297,1/1/2023,10,3,10000,1000,1000,0,7000,1/4/2023,2023-04-01,2025-11-09 09:09:26.788698,data/lms_loan_daily.csv,2023-04-01
CUS_0x229f_2023_02_01,CUS_0x229f,1/2/2023,10,2,10000,1000,1000,0,8000,1/4/2023,2023-04-01,2025-11-09 09:09:26.788698,data/lms_loan_daily.csv,2023-04-01
CUS_0x22a3_2023_04_01,CUS_0x22a3,1/4/2023,10,0,10000,0,0,0,10000,1/4/2023,2023-04-01,2025-11-09 09:09:26.788698,data/lms_loan_daily.csv,2023-04-01
CUS_0x22bc_2023_02_01,CUS_0x22bc,1/2/2023,10,2,10000,1000,2000,0,8000,1/4/2023,2023-04-01,2025-11-09 09:09:26.788698,data/lms_loan_daily.csv,2023-04-01
CUS_0x2317_2023_04_01,CUS_0x2317,1/4/2023,10,0,10000,0,0,0,10000,1/4/2023,2023-04-01,2025-11-09 09:09:26.788698,data/lms_loan_daily.csv,2023-04-01
CUS_0x231b_2023_03_01,CUS_0x231b,1/3/2023,10,1,10000,1000,0,1000,10000,1/4/2023,2023-04-01,2025-11-09 09:09:26.788698,data/lms_loan_daily.csv,2023-04-01
CUS_0x233a_2023_04_01,CUS_0x233a,1/4/2023,10,0,10000,0,0,0,10000,1/4/2023,2023-04-01,2025-11-09 09:09:26.788698,data/lms_loan_daily.csv,2023-04-01
CUS_0x233e_2023_03_01,CUS_0x233e,1/3/2023,10,1,10000,1000,1000,0,9000,1/4/2023,2023-04-01,2025-11-09 09:09:26.788698,data/lms_loan_daily.csv,2023-04-01
CUS_0x2344_2023_02_01,CUS_0x2344,1/2/2023,10,2,10000,1000,2000,0,8000,1/4/2023,2023-04-01,2025-11-09 09:09:26.788698,data/lms_loan_daily.csv,2023-04-01
CUS_0x2363_2023_02_01,CUS_0x2363,1/2/2023,10,2,10000,1000,1000,0,8000,1/4/2023,2023-04-01,2025-11-09 09:09:26.788698,data/lms_loan_daily.csv,2023-04-01
CUS_0x236b_2023_02_01,CUS_0x236b,1/2/2023,10,2,10000,1000,1000,0,8000,1/4/2023,2023-04-01,2025-11-09 09:09:26.788698,data/lms_loan_daily.csv,2023-04-01
CUS_0x2375_2023_01_01,CUS_0x2375,1/1/2023,10,3,10000,1000,1000,0,7000,1/4/2023,2023-04-01,2025-11-09 09:09:26.788698,data/lms_loan_daily.csv,2023-04-01
CUS_0x23b2_2023_03_01,CUS_0x23b2,1/3/2023,10,1,10000,1000,1000,0,9000,1/4/2023,2023-04-01,2025-11-09 09:09:26.788698,data/lms_loan_daily.csv,2023-04-01
CUS_0x23b9_2023_03_01,CUS_0x23b9,1/3/2023,10,1,10000,1000,1000,0,9000,1/4/2023,2023-04-01,2025-11-09 09:09:26.788698,data/lms_loan_daily.csv,2023-04-01
CUS_0x23c5_2023_02_01,CUS_0x23c5,1/2/2023,10,2,10000,1000,1000,0,8000,1/4/2023,2023-04-01,2025-11-09 09:09:26.788698,data/lms_loan_daily.csv,2023-04-01
CUS_0x23e2_2023_03_01,CUS_0x23e2,1/3/2023,10,1,10000,1000,1000,0,9000,1/4/2023,2023-04-01,2025-11-09 09:09:26.788698,data/lms_loan_daily.csv,2023-04-01
CUS_0x24a8_2023_01_01,CUS_0x24a8,1/1/2023,10,3,10000,1000,1000,0,7000,1/4/2023,2023-04-01,2025-11-09 09:09:26.788698,data/lms_loan_daily.csv,2023-04-01
CUS_0x24b2_2023_02_01,CUS_0x24b2,1/2/2023,10,2,10000,1000,1000,0,8000,1/4/2023,2023-04-01,2025-11-09 09:09:26.788698,data/lms_loan_daily.csv,2023-04-01
CUS_0x24c3_2023_01_01,CUS_0x24c3,1/1/2023,10,3,10000,1000,1000,0,7000,1/4/2023,2023-04-01,2025-11-09 09:09:26.788698,data/lms_loan_daily.csv,2023-04-01
CUS_0x24d7_2023_02_01,CUS_0x24d7,1/2/2023,10,2,10000,1000,1000,0,8000,1/4/2023,2023-04-01,2025-11-09 09:09:26.788698,data/lms_loan_daily.csv,2023-04-01
CUS_0x24e1_2023_01_01,CUS_0x24e1,1/1/2023,10,3,10000,1000,1000,0,7000,1/4/2023,2023-04-01,2025-11-09 09:09:26.788698,data/lms_loan_daily.csv,2023-04-01
CUS_0x2513_2023_01_01,CUS_0x2513,1/1/2023,10,3,10000,1000,1000,0,7000,1/4/2023,2023-04-01,2025-11-09 09:09:26.788698,data/lms_loan_daily.csv,2023-04-01
CUS_0x2552_2023_01_01,CUS_0x2552,1/1/2023,10,3,10000,1000,1000,0,7000,1/4/2023,2023-04-01,2025-11-09 09:09:26.788698,data/lms_loan_daily.csv,2023-04-01
CUS_0x255d_2023_01_01,CUS_0x255d,1/1/2023,10,3,10000,1000,1000,0,7000,1/4/2023,2023-04-01,2025-11-09 09:09:26.788698,data/lms_loan_daily.csv,2023-04-01
CUS_0x2598_2023_01_01,CUS_0x2598,1/1/2023,10,3,10000,1000,1000,0,7000,1/4/2023,2023-04-01,2025-11-09 09:09:26.788698,data/lms_loan_daily.csv,2023-04-01
CUS_0x25cc_2023_01_01,CUS_0x25cc,1/1/2023,10,3,10000,1000,1000,0,7000,1/4/2023,2023-04-01,2025-11-09 09:09:26.788698,data/lms_loan_daily.csv,2023-04-01
CUS_0x25d8_2023_02_01,CUS_0x25d8,1/2/2023,10,2,10000,1000,0,2000,10000,1/4/2023,2023-04-01,2025-11-09 09:09:26.788698,data/lms_loan_daily.csv,2023-04-01
CUS_0x25ea_2023_03_01,CUS_0x25ea,1/3/2023,10,1,10000,1000,0,1000,10000,1/4/2023,2023-04-01,2025-11-09 09:09:26.788698,data/lms_loan_daily.csv,2023-04-01
CUS_0x25ed_2023_03_01,CUS_0x25ed,1/3/2023,10,1,10000,1000,1000,0,9000,1/4/2023,2023-04-01,2025-11-09 09:09:26.788698,data/lms_loan_daily.csv,2023-04-01
CUS_0x2602_2023_02_01,CUS_0x2602,1/2/2023,10,2,10000,1000,1000,0,8000,1/4/2023,2023-04-01,2025-11-09 09:09:26.788698,data/lms_loan_daily.csv,2023-04-01
CUS_0x262e_2023_03_01,CUS_0x262e,1/3/2023,10,1,10000,1000,1000,0,9000,1/4/2023,2023-04-01,2025-11-09 09:09:26.788698,data/lms_loan_daily.csv,2023-04-01
CUS_0x2652_2023_03_01,CUS_0x2652,1/3/2023,10,1,10000,1000,1000,0,9000,1/4/2023,2023-04-01,2025-11-09 09:09:26.788698,data/lms_loan_daily.csv,2023-04-01
CUS_0x265a_2023_04_01,CUS_0x265a,1/4/2023,10,0,10000,0,0,0,10000,1/4/2023,2023-04-01,2025-11-09 09:09:26.788698,data/lms_loan_daily.csv,2023-04-01
CUS_0x2694_2023_02_01,CUS_0x2694,1/2/2023,10,2,10000,1000,1000,0,8000,1/4/2023,2023-04-01,2025-11-09 09:09:26.788698,data/lms_loan_daily.csv,2023-04-01
CUS_0x269b_2023_02_01,CUS_0x269b,1/2/2023,10,2,10000,1000,1000,0,8000,1/4/2023,2023-04-01,2025-11-09 09:09:26.788698,data/lms_loan_daily.csv,2023-04-01
CUS_0x269f_2023_02_01,CUS_0x269f,1/2/2023,10,2,10000,1000,0,1000,9000,1/4/2023,2023-04-01,2025-11-09 09:09:26.788698,data/lms_loan_daily.csv,2023-04-01
CUS_0x26aa_2023_03_01,CUS_0x26aa,1/3/2023,10,1,10000,1000,1000,0,9000,1/4/2023,2023-04-01,2025-11-09 09:09:26.788698,data/lms_loan_daily.csv,2023-04-01
CUS_0x26da_2023_01_01,CUS_0x26da,1/1/2023,10,3,10000,1000,1000,0,7000,1/4/2023,2023-04-01,2025-11-09 09:09:26.788698,data/lms_loan_daily.csv,2023-04-01
CUS_0x26e3_2023_02_01,CUS_0x26e3,1/2/2023,10,2,10000,1000,1000,0,8000,1/4/2023,2023-04-01,2025-11-09 09:09:26.788698,data/lms_loan_daily.csv,2023-04-01
CUS_0x26f8_2023_02_01,CUS_0x26f8,1/2/2023,10,2,10000,1000,2000,0,8000,1/4/2023,2023-04-01,2025-11-09 09:09:26.788698,data/lms_loan_daily.csv,2023-04-01
CUS_0x26fd_2023_03_01,CUS_0x26fd,1/3/2023,10,1,10000,1000,1000,0,9000,1/4/2023,2023-04-01,2025-11-09 09:09:26.788698,data/lms_loan_daily.csv,2023-04-01
CUS_0x271e_2023_04_01,CUS_0x271e,1/4/2023,10,0,10000,0,0,0,10000,1/4/2023,2023-04-01,2025-11-09 09:09:26.788698,data/lms_loan_daily.csv,2023-04-01
CUS_0x2742_2023_02_01,CUS_0x2742,1/2/2023,10,2,10000,1000,0,1000,9000,1/4/2023,2023-04-01,2025-11-09 09:09:26.788698,data/lms_loan_daily.csv,2023-04-01
CUS_0x2747_2023_03_01,CUS_0x2747,1/3/2023,10,1,10000,1000,1000,0,9000,1/4/2023,2023-04-01,2025-11-09 09:09:26.788698,data/lms_loan_daily.csv,2023-04-01
CUS_0x275a_2023_04_01,CUS_0x275a,1/4/2023,10,0,10000,0,0,0,10000,1/4/2023,2023-04-01,2025-11-09 09:09:26.788698,data/lms_loan_daily.csv,2023-04-01
CUS_0x275d_2023_03_01,CUS_0x275d,1/3/2023,10,1,10000,1000,1000,0,9000,1/4/2023,2023-04-01,2025-11-09 09:09:26.788698,data/lms_loan_daily.csv,2023-04-01
CUS_0x276a_2023_03_01,CUS_0x276a,1/3/2023,10,1,10000,1000,1000,0,9000,1/4/2023,2023-04-01,2025-11-09 09:09:26.788698,data/lms_loan_daily.csv,2023-04-01
CUS_0x2771_2023_04_01,CUS_0x2771,1/4/2023,10,0,10000,0,0,0,10000,1/4/2023,2023-04-01,2025-11-09 09:09:26.788698,data/lms_loan_daily.csv,2023-04-01
CUS_0x2778_2023_03_01,CUS_0x2778,1/3/2023,10,1,10000,1000,1000,0,9000,1/4/2023,2023-04-01,2025-11-09 09:09:26.788698,data/lms_loan_daily.csv,2023-04-01
CUS_0x2796_2023_03_01,CUS_0x2796,1/3/2023,10,1,10000,1000,1000,0,9000,1/4/2023,2023-04-01,2025-11-09 09:09:26.788698,data/lms_loan_daily.csv,2023-04-01
CUS_0x279f_2023_04_01,CUS_0x279f,1/4/2023,10,0,10000,0,0,0,10000,1/4/2023,2023-04-01,2025-11-09 09:09:26.788698,data/lms_loan_daily.csv,2023-04-01
CUS_0x27ae_2023_02_01,CUS_0x27ae,1/2/2023,10,2,10000,1000,1000,0,8000,1/4/2023,2023-04-01,2025-11-09 09:09:26.788698,data/lms_loan_daily.csv,2023-04-01
CUS_0x27df_2023_03_01,CUS_0x27df,1/3/2023,10,1,10000,1000,1000,0,9000,1/4/2023,2023-04-01,2025-11-09 09:09:26.788698,data/lms_loan_daily.csv,2023-04-01
CUS_0x27e8_2023_04_01,CUS_0x27e8,1/4/2023,10,0,10000,0,0,0,10000,1/4/2023,2023-04-01,2025-11-09 09:09:26.788698,data/lms_loan_daily.csv,2023-04-01
CUS_0x2847_2023_03_01,CUS_0x2847,1/3/2023,10,1,10000,1000,1000,0,9000,1/4/2023,2023-04-01,2025-11-09 09:09:26.788698,data/lms_loan_daily.csv,2023-04-01
CUS_0x284a_2023_01_01,CUS_0x284a,1/1/2023,10,3,10000,1000,1000,0,7000,1/4/2023,2023-04-01,2025-11-09 09:09:26.788698,data/lms_loan_daily.csv,2023-04-01
CUS_0x284f_2023_02_01,CUS_0x284f,1/2/2023,10,2,10000,1000,1000,0,8000,1/4/2023,2023-04-01,2025-11-09 09:09:26.788698,data/lms_loan_daily.csv,2023-04-01
CUS_0x287f_2023_02_01,CUS_0x287f,1/2/2023,10,2,10000,1000,1000,0,8000,1/4/2023,2023-04-01,2025-11-09 09:09:26.788698,data/lms_loan_daily.csv,2023-04-01
CUS_0x289e_2023_01_01,CUS_0x289e,1/1/2023,10,3,10000,1000,1000,0,7000,1/4/2023,2023-04-01,2025-11-09 09:09:26.788698,data/lms_loan_daily.csv,2023-04-01
CUS_0x290c_2023_03_01,CUS_0x290c,1/3/2023,10,1,10000,1000,1000,0,9000,1/4/2023,2023-04-01,2025-11-09 09:09:26.788698,data/lms_loan_daily.csv,2023-04-01
CUS_0x292d_2023_01_01,CUS_0x292d,1/1/2023,10,3,10000,1000,1000,0,7000,1/4/2023,2023-04-01,2025-11-09 09:09:26.788698,data/lms_loan_daily.csv,2023-04-01
CUS_0x2951_2023_02_01,CUS_0x2951,1/2/2023,10,2,10000,1000,1000,0,8000,1/4/2023,2023-04-01,2025-11-09 09:09:26.788698,data/lms_loan_daily.csv,2023-04-01
CUS_0x296f_2023_03_01,CUS_0x296f,1/3/2023,10,1,10000,1000,1000,0,9000,1/4/2023,2023-04-01,2025-11-09 09:09:26.788698,data/lms_loan_daily.csv,2023-04-01
CUS_0x2985_2023_02_01,CUS_0x2985,1/2/2023,10,2,10000,1000,1000,0,8000,1/4/2023,2023-04-01,2025-11-09 09:09:26.788698,data/lms_loan_daily.csv,2023-04-01
CUS_0x299d_2023_04_01,CUS_0x299d,1/4/2023,10,0,10000,0,0,0,10000,1/4/2023,2023-04-01,2025-11-09 09:09:26.788698,data/lms_loan_daily.csv,2023-04-01
CUS_0x29b1_2023_01_01,CUS_0x29b1,1/1/2023,10,3,10000,1000,0,1000,8000,1/4/2023,2023-04-01,2025-11-09 09:09:26.788698,data/lms_loan_daily.csv,2023-04-01
CUS_0x29dd_2023_04_01,CUS_0x29dd,1/4/2023,10,0,10000,0,0,0,10000,1/4/2023,2023-04-01,2025-11-09 09:09:26.788698,data/lms_loan_daily.csv,2023-04-01
CUS_0x29f5_2023_03_01,CUS_0x29f5,1/3/2023,10,1,10000,1000,1000,0,9000,1/4/2023,2023-04-01,2025-11-09 09:09:26.788698,data/lms_loan_daily.csv,2023-04-01
CUS_0x2a12_2023_04_01,CUS_0x2a12,1/4/2023,10,0,10000,0,0,0,10000,1/4/2023,2023-04-01,2025-11-09 09:09:26.788698,data/lms_loan_daily.csv,2023-04-01
CUS_0x2a3a_2023_04_01,CUS_0x2a3a,1/4/2023,10,0,10000,0,0,0,10000,1/4/2023,2023-04-01,2025-11-09 09:09:26.788698,data/lms_loan_daily.csv,2023-04-01
CUS_0x2a55_2023_01_01,CUS_0x2a55,1/1/2023,10,3,10000,1000,0,1000,8000,1/4/2023,2023-04-01,2025-11-09 09:09:26.788698,data/lms_loan_daily.csv,2023-04-01
CUS_0x2a77_2023_04_01,CUS_0x2a77,1/4/2023,10,0,10000,0,0,0,10000,1/4/2023,2023-04-01,2025-11-09 09:09:26.788698,data/lms_loan_daily.csv,2023-04-01
CUS_0x2a79_2023_02_01,CUS_0x2a79,1/2/2023,10,2,10000,1000,1000,0,8000,1/4/2023,2023-04-01,2025-11-09 09:09:26.788698,data/lms_loan_daily.csv,2023-04-01
CUS_0x2a7d_2023_01_01,CUS_0x2a7d,1/1/2023,10,3,10000,1000,1000,0,7000,1/4/2023,2023-04-01,2025-11-09 09:09:26.788698,data/lms_loan_daily.csv,2023-04-01
CUS_0x2abc_2023_01_01,CUS_0x2abc,1/1/2023,10,3,10000,1000,1000,0,7000,1/4/2023,2023-04-01,2025-11-09 09:09:26.788698,data/lms_loan_daily.csv,2023-04-01
CUS_0x2acc_2023_04_01,CUS_0x2acc,1/4/2023,10,0,10000,0,0,0,10000,1/4/2023,2023-04-01,2025-11-09 09:09:26.788698,data/lms_loan_daily.csv,2023-04-01
CUS_0x2ad2_2023_01_01,CUS_0x2ad2,1/1/2023,10,3,10000,1000,1000,0,7000,1/4/2023,2023-04-01,2025-11-09 09:09:26.788698,data/lms_loan_daily.csv,2023-04-01
CUS_0x2adf_2023_03_01,CUS_0x2adf,1/3/2023,10,1,10000,1000,1000,0,9000,1/4/2023,2023-04-01,2025-11-09 09:09:26.788698,data/lms_loan_daily.csv,2023-04-01
CUS_0x2b2d_2023_01_01,CUS_0x2b2d,1/1/2023,10,3,10000,1000,3000,0,7000,1/4/2023,2023-04-01,2025-11-09 09:09:26.788698,data/lms_loan_daily.csv,2023-04-01
CUS_0x2b3c_2023_02_01,CUS_0x2b3c,1/2/2023,10,2,10000,1000,1000,0,8000,1/4/2023,2023-04-01,2025-11-09 09:09:26.788698,data/lms_loan_daily.csv,2023-04-01
CUS_0x2b51_2023_04_01,CUS_0x2b51,1/4/2023,10,0,10000,0,0,0,10000,1/4/2023,2023-04-01,2025-11-09 09:09:26.788698,data/lms_loan_daily.csv,2023-04-01
CUS_0x2b7e_2023_04_01,CUS_0x2b7e,1/4/2023,10,0,10000,0,0,0,10000,1/4/2023,2023-04-01,2025-11-09 09:09:26.788698,data/lms_loan_daily.csv,2023-04-01
CUS_0x2b83_2023_01_01,CUS_0x2b83,1/1/2023,10,3,10000,1000,1000,0,7000,1/4/2023,2023-04-01,2025-11-09 09:09:26.788698,data/lms_loan_daily.csv,2023-04-01
CUS_0x2b9e_2023_03_01,CUS_0x2b9e,1/3/2023,10,1,10000,1000,1000,0,9000,1/4/2023,2023-04-01,2025-11-09 09:09:26.788698,data/lms_loan_daily.csv,2023-04-01
CUS_0x2baf_2023_01_01,CUS_0x2baf,1/1/2023,10,3,10000,1000,1000,0,7000,1/4/2023,2023-04-01,2025-11-09 09:09:26.788698,data/lms_loan_daily.csv,2023-04-01
CUS_0x2bc8_2023_02_01,CUS_0x2bc8,1/2/2023,10,2,10000,1000,1000,0,8000,1/4/2023,2023-04-01,2025-11-09 09:09:26.788698,data/lms_loan_daily.csv,2023-04-01
CUS_0x2bc9_2023_02_01,CUS_0x2bc9,1/2/2023,10,2,10000,1000,0,1000,9000,1/4/2023,2023-04-01,2025-11-09 09:09:26.788698,data/lms_loan_daily.csv,2023-04-01
CUS_0x2bcb_2023_02_01,CUS_0x2bcb,1/2/2023,10,2,10000,1000,1000,0,8000,1/4/2023,2023-04-01,2025-11-09 09:09:26.788698,data/lms_loan_daily.csv,2023-04-01
CUS_0x2bf6_2023_01_01,CUS_0x2bf6,1/1/2023,10,3,10000,1000,1000,0,7000,1/4/2023,2023-04-01,2025-11-09 09:09:26.788698,data/lms_loan_daily.csv,2023-04-01
CUS_0x2bfa_2023_01_01,CUS_0x2bfa,1/1/2023,10,3,10000,1000,1000,0,7000,1/4/2023,2023-04-01,2025-11-09 09:09:26.788698,data/lms_loan_daily.csv,2023-04-01
CUS_0x2bfb_2023_02_01,CUS_0x2bfb,1/2/2023,10,2,10000,1000,0,1000,9000,1/4/2023,2023-04-01,2025-11-09 09:09:26.788698,data/lms_loan_daily.csv,2023-04-01
CUS_0x2bfe_2023_04_01,CUS_0x2bfe,1/4/2023,10,0,10000,0,0,0,10000,1/4/2023,2023-04-01,2025-11-09 09:09:26.788698,data/lms_loan_daily.csv,2023-04-01
CUS_0x2c04_2023_04_01,CUS_0x2c04,1/4/2023,10,0,10000,0,0,0,10000,1/4/2023,2023-04-01,2025-11-09 09:09:26.788698,data/lms_loan_daily.csv,2023-04-01
CUS_0x2c0d_2023_03_01,CUS_0x2c0d,1/3/2023,10,1,10000,1000,1000,0,9000,1/4/2023,2023-04-01,2025-11-09 09:09:26.788698,data/lms_loan_daily.csv,2023-04-01
CUS_0x2c21_2023_03_01,CUS_0x2c21,1/3/2023,10,1,10000,1000,1000,0,9000,1/4/2023,2023-04-01,2025-11-09 09:09:26.788698,data/lms_loan_daily.csv,2023-04-01
CUS_0x2c48_2023_03_01,CUS_0x2c48,1/3/2023,10,1,10000,1000,1000,0,9000,1/4/2023,2023-04-01,2025-11-09 09:09:26.788698,data/lms_loan_daily.csv,2023-04-01
CUS_0x2c5e_2023_03_01,CUS_0x2c5e,1/3/2023,10,1,10000,1000,1000,0,9000,1/4/2023,2023-04-01,2025-11-09 09:09:26.788698,data/lms_loan_daily.csv,2023-04-01
CUS_0x2c60_2023_03_01,CUS_0x2c60,1/3/2023,10,1,10000,1000,1000,0,9000,1/4/2023,2023-04-01,2025-11-09 09:09:26.788698,data/lms_loan_daily.csv,2023-04-01
CUS_0x2c6f_2023_04_01,CUS_0x2c6f,1/4/2023,10,0,10000,0,0,0,10000,1/4/2023,2023-04-01,2025-11-09 09:09:26.788698,data/lms_loan_daily.csv,2023-04-01
CUS_0x2c8f_2023_04_01,CUS_0x2c8f,1/4/2023,10,0,10000,0,0,0,10000,1/4/2023,2023-04-01,2025-11-09 09:09:26.788698,data/lms_loan_daily.csv,2023-04-01
CUS_0x2ca2_2023_03_01,CUS_0x2ca2,1/3/2023,10,1,10000,1000,1000,0,9000,1/4/2023,2023-04-01,2025-11-09 09:09:26.788698,data/lms_loan_daily.csv,2023-04-01
CUS_0x2cad_2023_02_01,CUS_0x2cad,1/2/2023,10,2,10000,1000,1000,0,8000,1/4/2023,2023-04-01,2025-11-09 09:09:26.788698,data/lms_loan_daily.csv,2023-04-01
CUS_0x2cae_2023_01_01,CUS_0x2cae,1/1/2023,10,3,10000,1000,1000,0,7000,1/4/2023,2023-04-01,2025-11-09 09:09:26.788698,data/lms_loan_daily.csv,2023-04-01
CUS_0x2cc2_2023_02_01,CUS_0x2cc2,1/2/2023,10,2,10000,1000,0,1000,9000,1/4/2023,2023-04-01,2025-11-09 09:09:26.788698,data/lms_loan_daily.csv,2023-04-01
CUS_0x2ccc_2023_01_01,CUS_0x2ccc,1/1/2023,10,3,10000,1000,1000,0,7000,1/4/2023,2023-04-01,2025-11-09 09:09:26.788698,data/lms_loan_daily.csv,2023-04-01
CUS_0x2cd9_2023_04_01,CUS_0x2cd9,1/4/2023,10,0,10000,0,0,0,10000,1/4/2023,2023-04-01,2025-11-09 09:09:26.788698,data/lms_loan_daily.csv,2023-04-01
CUS_0x2d1c_2023_03_01,CUS_0x2d1c,1/3/2023,10,1,10000,1000,1000,0,9000,1/4/2023,2023-04-01,2025-11-09 09:09:26.788698,data/lms_loan_daily.csv,2023-04-01
CUS_0x2d1e_2023_02_01,CUS_0x2d1e,1/2/2023,10,2,10000,1000,1000,0,8000,1/4/2023,2023-04-01,2025-11-09 09:09:26.788698,data/lms_loan_daily.csv,2023-04-01
CUS_0x2d38_2023_04_01,CUS_0x2d38,1/4/2023,10,0,10000,0,0,0,10000,1/4/2023,2023-04-01,2025-11-09 09:09:26.788698,data/lms_loan_daily.csv,2023-04-01
CUS_0x2da6_2023_03_01,CUS_0x2da6,1/3/2023,10,1,10000,1000,1000,0,9000,1/4/2023,2023-04-01,2025-11-09 09:09:26.788698,data/lms_loan_daily.csv,2023-04-01
CUS_0x2dbf_2023_02_01,CUS_0x2dbf,1/2/2023,10,2,10000,1000,1000,0,8000,1/4/2023,2023-04-01,2025-11-09 09:09:26.788698,data/lms_loan_daily.csv,2023-04-01
CUS_0x2dc0_2023_02_01,CUS_0x2dc0,1/2/2023,10,2,10000,1000,0,2000,10000,1/4/2023,2023-04-01,2025-11-09 09:09:26.788698,data/lms_loan_daily.csv,2023-04-01
CUS_0x2dd6_2023_04_01,CUS_0x2dd6,1/4/2023,10,0,10000,0,0,0,10000,1/4/2023,2023-04-01,2025-11-09 09:09:26.788698,data/lms_loan_daily.csv,2023-04-01
CUS_0x2dd8_2023_03_01,CUS_0x2dd8,1/3/2023,10,1,10000,1000,1000,0,9000,1/4/2023,2023-04-01,2025-11-09 09:09:26.788698,data/lms_loan_daily.csv,2023-04-01
CUS_0x2de0_2023_01_01,CUS_0x2de0,1/1/2023,10,3,10000,1000,0,1000,8000,1/4/2023,2023-04-01,2025-11-09 09:09:26.788698,data/lms_loan_daily.csv,2023-04-01
CUS_0x2de3_2023_02_01,CUS_0x2de3,1/2/2023,10,2,10000,1000,1000,0,8000,1/4/2023,2023-04-01,2025-11-09 09:09:26.788698,data/lms_loan_daily.csv,2023-04-01
CUS_0x2e06_2023_01_01,CUS_0x2e06,1/1/2023,10,3,10000,1000,1000,0,7000,1/4/2023,2023-04-01,2025-11-09 09:09:26.788698,data/lms_loan_daily.csv,2023-04-01
CUS_0x2e20_2023_01_01,CUS_0x2e20,1/1/2023,10,3,10000,1000,1000,0,7000,1/4/2023,2023-04-01,2025-11-09 09:09:26.788698,data/lms_loan_daily.csv,2023-04-01
CUS_0x2e6e_2023_02_01,CUS_0x2e6e,1/2/2023,10,2,10000,1000,0,1000,9000,1/4/2023,2023-04-01,2025-11-09 09:09:26.788698,data/lms_loan_daily.csv,2023-04-01
CUS_0x2e82_2023_03_01,CUS_0x2e82,1/3/2023,10,1,10000,1000,1000,0,9000,1/4/2023,2023-04-01,2025-11-09 09:09:26.788698,data/lms_loan_daily.csv,2023-04-01
CUS_0x2e97_2023_03_01,CUS_0x2e97,1/3/2023,10,1,10000,1000,1000,0,9000,1/4/2023,2023-04-01,2025-11-09 09:09:26.788698,data/lms_loan_daily.csv,2023-04-01
CUS_0x2ea8_2023_01_01,CUS_0x2ea8,1/1/2023,10,3,10000,1000,1000,0,7000,1/4/2023,2023-04-01,2025-11-09 09:09:26.788698,data/lms_loan_daily.csv,2023-04-01
CUS_0x2eac_2023_04_01,CUS_0x2eac,1/4/2023,10,0,10000,0,0,0,10000,1/4/2023,2023-04-01,2025-11-09 09:09:26.788698,data/lms_loan_daily.csv,2023-04-01
CUS_0x2eb1_2023_04_01,CUS_0x2eb1,1/4/2023,10,0,10000,0,0,0,10000,1/4/2023,2023-04-01,2025-11-09 09:09:26.788698,data/lms_loan_daily.csv,2023-04-01
CUS_0x2ed5_2023_02_01,CUS_0x2ed5,1/2/2023,10,2,10000,1000,1000,0,8000,1/4/2023,2023-04-01,2025-11-09 09:09:26.788698,data/lms_loan_daily.csv,2023-04-01
CUS_0x2f03_2023_03_01,CUS_0x2f03,1/3/2023,10,1,10000,1000,1000,0,9000,1/4/2023,2023-04-01,2025-11-09 09:09:26.788698,data/lms_loan_daily.csv,2023-04-01
CUS_0x2f0a_2023_04_01,CUS_0x2f0a,1/4/2023,10,0,10000,0,0,0,10000,1/4/2023,2023-04-01,2025-11-09 09:09:26.788698,data/lms_loan_daily.csv,2023-04-01
CUS_0x2f11_2023_03_01,CUS_0x2f11,1/3/2023,10,1,10000,1000,0,1000,10000,1/4/2023,2023-04-01,2025-11-09 09:09:26.788698,data/lms_loan_daily.csv,2023-04-01
CUS_0x2f1d_2023_01_01,CUS_0x2f1d,1/1/2023,10,3,10000,1000,1000,0,7000,1/4/2023,2023-04-01,2025-11-09 09:09:26.788698,data/lms_loan_daily.csv,2023-04-01
CUS_0x2f29_2023_04_01,CUS_0x2f29,1/4/2023,10,0,10000,0,0,0,10000,1/4/2023,2023-04-01,2025-11-09 09:09:26.788698,data/lms_loan_daily.csv,2023-04-01
CUS_0x2f97_2023_03_01,CUS_0x2f97,1/3/2023,10,1,10000,1000,1000,0,9000,1/4/2023,2023-04-01,2025-11-09 09:09:26.788698,data/lms_loan_daily.csv,2023-04-01
CUS_0x2fa2_2023_04_01,CUS_0x2fa2,1/4/2023,10,0,10000,0,0,0,10000,1/4/2023,2023-04-01,2025-11-09 09:09:26.788698,data/lms_loan_daily.csv,2023-04-01
CUS_0x2fab_2023_01_01,CUS_0x2fab,1/1/2023,10,3,10000,1000,1000,0,7000,1/4/2023,2023-04-01,2025-11-09 09:09:26.788698,data/lms_loan_daily.csv,2023-04-01
CUS_0x2fd6_2023_01_01,CUS_0x2fd6,1/1/2023,10,3,10000,1000,1000,0,7000,1/4/2023,2023-04-01,2025-11-09 09:09:26.788698,data/lms_loan_daily.csv,2023-04-01
CUS_0x3009_2023_04_01,CUS_0x3009,1/4/2023,10,0,10000,0,0,0,10000,1/4/2023,2023-04-01,2025-11-09 09:09:26.788698,data/lms_loan_daily.csv,2023-04-01
CUS_0x3032_2023_04_01,CUS_0x3032,1/4/2023,10,0,10000,0,0,0,10000,1/4/2023,2023-04-01,2025-11-09 09:09:26.788698,data/lms_loan_daily.csv,2023-04-01
CUS_0x3033_2023_02_01,CUS_0x3033,1/2/2023,10,2,10000,1000,1000,0,8000,1/4/2023,2023-04-01,2025-11-09 09:09:26.788698,data/lms_loan_daily.csv,2023-04-01
CUS_0x3053_2023_02_01,CUS_0x3053,1/2/2023,10,2,10000,1000,1000,0,8000,1/4/2023,2023-04-01,2025-11-09 09:09:26.788698,data/lms_loan_daily.csv,2023-04-01
CUS_0x3059_2023_04_01,CUS_0x3059,1/4/2023,10,0,10000,0,0,0,10000,1/4/2023,2023-04-01,2025-11-09 09:09:26.788698,data/lms_loan_daily.csv,2023-04-01
CUS_0x3061_2023_02_01,CUS_0x3061,1/2/2023,10,2,10000,1000,1000,0,8000,1/4/2023,2023-04-01,2025-11-09 09:09:26.788698,data/lms_loan_daily.csv,2023-04-01
CUS_0x307e_2023_03_01,CUS_0x307e,1/3/2023,10,1,10000,1000,1000,0,9000,1/4/2023,2023-04-01,2025-11-09 09:09:26.788698,data/lms_loan_daily.csv,2023-04-01
CUS_0x3090_2023_04_01,CUS_0x3090,1/4/2023,10,0,10000,0,0,0,10000,1/4/2023,2023-04-01,2025-11-09 09:09:26.788698,data/lms_loan_daily.csv,2023-04-01
CUS_0x30c1_2023_04_01,CUS_0x30c1,1/4/2023,10,0,10000,0,0,0,10000,1/4/2023,2023-04-01,2025-11-09 09:09:26.788698,data/lms_loan_daily.csv,2023-04-01
CUS_0x30df_2023_02_01,CUS_0x30df,1/2/2023,10,2,10000,1000,1000,0,8000,1/4/2023,2023-04-01,2025-11-09 09:09:26.788698,data/lms_loan_daily.csv,2023-04-01
CUS_0x30e0_2023_03_01,CUS_0x30e0,1/3/2023,10,1,10000,1000,1000,0,9000,1/4/2023,2023-04-01,2025-11-09 09:09:26.788698,data/lms_loan_daily.csv,2023-04-01
CUS_0x30e8_2023_04_01,CUS_0x30e8,1/4/2023,10,0,10000,0,0,0,10000,1/4/2023,2023-04-01,2025-11-09 09:09:26.788698,data/lms_loan_daily.csv,2023-04-01
CUS_0x30ec_2023_04_01,CUS_0x30ec,1/4/2023,10,0,10000,0,0,0,10000,1/4/2023,2023-04-01,2025-11-09 09:09:26.788698,data/lms_loan_daily.csv,2023-04-01
CUS_0x30f8_2023_01_01,CUS_0x30f8,1/1/2023,10,3,10000,1000,1000,0,7000,1/4/2023,2023-04-01,2025-11-09 09:09:26.788698,data/lms_loan_daily.csv,2023-04-01
CUS_0x3155_2023_03_01,CUS_0x3155,1/3/2023,10,1,10000,1000,0,1000,10000,1/4/2023,2023-04-01,2025-11-09 09:09:26.788698,data/lms_loan_daily.csv,2023-04-01
CUS_0x316e_2023_02_01,CUS_0x316e,1/2/2023,10,2,10000,1000,1000,0,8000,1/4/2023,2023-04-01,2025-11-09 09:09:26.788698,data/lms_loan_daily.csv,2023-04-01
CUS_0x318c_2023_03_01,CUS_0x318c,1/3/2023,10,1,10000,1000,1000,0,9000,1/4/2023,2023-04-01,2025-11-09 09:09:26.788698,data/lms_loan_daily.csv,2023-04-01
CUS_0x31ac_2023_03_01,CUS_0x31ac,1/3/2023,10,1,10000,1000,1000,0,9000,1/4/2023,2023-04-01,2025-11-09 09:09:26.788698,data/lms_loan_daily.csv,2023-04-01
CUS_0x31e9_2023_01_01,CUS_0x31e9,1/1/2023,10,3,10000,1000,0,1000,8000,1/4/2023,2023-04-01,2025-11-09 09:09:26.788698,data/lms_loan_daily.csv,2023-04-01
CUS_0x320d_2023_04_01,CUS_0x320d,1/4/2023,10,0,10000,0,0,0,10000,1/4/2023,2023-04-01,2025-11-09 09:09:26.788698,data/lms_loan_daily.csv,2023-04-01
CUS_0x3213_2023_03_01,CUS_0x3213,1/3/2023,10,1,10000,1000,1000,0,9000,1/4/2023,2023-04-01,2025-11-09 09:09:26.788698,data/lms_loan_daily.csv,2023-04-01
CUS_0x321f_2023_01_01,CUS_0x321f,1/1/2023,10,3,10000,1000,1000,0,7000,1/4/2023,2023-04-01,2025-11-09 09:09:26.788698,data/lms_loan_daily.csv,2023-04-01
CUS_0x3231_2023_01_01,CUS_0x3231,1/1/2023,10,3,10000,1000,1000,0,7000,1/4/2023,2023-04-01,2025-11-09 09:09:26.788698,data/lms_loan_daily.csv,2023-04-01
CUS_0x325f_2023_01_01,CUS_0x325f,1/1/2023,10,3,10000,1000,1000,0,7000,1/4/2023,2023-04-01,2025-11-09 09:09:26.788698,data/lms_loan_daily.csv,2023-04-01
CUS_0x3274_2023_01_01,CUS_0x3274,1/1/2023,10,3,10000,1000,1000,0,7000,1/4/2023,2023-04-01,2025-11-09 09:09:26.788698,data/lms_loan_daily.csv,2023-04-01
CUS_0x328b_2023_01_01,CUS_0x328b,1/1/2023,10,3,10000,1000,1000,0,7000,1/4/2023,2023-04-01,2025-11-09 09:09:26.788698,data/lms_loan_daily.csv,2023-04-01
CUS_0x3295_2023_02_01,CUS_0x3295,1/2/2023,10,2,10000,1000,1000,0,8000,1/4/2023,2023-04-01,2025-11-09 09:09:26.788698,data/lms_loan_daily.csv,2023-04-01
CUS_0x32b7_2023_03_01,CUS_0x32b7,1/3/2023,10,1,10000,1000,1000,0,9000,1/4/2023,2023-04-01,2025-11-09 09:09:26.788698,data/lms_loan_daily.csv,2023-04-01
CUS_0x32cc_2023_03_01,CUS_0x32cc,1/3/2023,10,1,10000,1000,1000,0,9000,1/4/2023,2023-04-01,2025-11-09 09:09:26.788698,data/lms_loan_daily.csv,2023-04-01
CUS_0x32d2_2023_03_01,CUS_0x32d2,1/3/2023,10,1,10000,1000,1000,0,9000,1/4/2023,2023-04-01,2025-11-09 09:09:26.788698,data/lms_loan_daily.csv,2023-04-01
CUS_0x32dc_2023_02_01,CUS_0x32dc,1/2/2023,10,2,10000,1000,1000,0,8000,1/4/2023,2023-04-01,2025-11-09 09:09:26.788698,data/lms_loan_daily.csv,2023-04-01
CUS_0x32fb_2023_02_01,CUS_0x32fb,1/2/2023,10,2,10000,1000,1000,0,8000,1/4/2023,2023-04-01,2025-11-09 09:09:26.788698,data/lms_loan_daily.csv,2023-04-01
CUS_0x3364_2023_04_01,CUS_0x3364,1/4/2023,10,0,10000,0,0,0,10000,1/4/2023,2023-04-01,2025-11-09 09:09:26.788698,data/lms_loan_daily.csv,2023-04-01
CUS_0x3365_2023_04_01,CUS_0x3365,1/4/2023,10,0,10000,0,0,0,10000,1/4/2023,2023-04-01,2025-11-09 09:09:26.788698,data/lms_loan_daily.csv,2023-04-01
CUS_0x3371_2023_04_01,CUS_0x3371,1/4/2023,10,0,10000,0,0,0,10000,1/4/2023,2023-04-01,2025-11-09 09:09:26.788698,data/lms_loan_daily.csv,2023-04-01
CUS_0x3379_2023_01_01,CUS_0x3379,1/1/2023,10,3,10000,1000,0,1000,8000,1/4/2023,2023-04-01,2025-11-09 09:09:26.788698,data/lms_loan_daily.csv,2023-04-01
CUS_0x3382_2023_03_01,CUS_0x3382,1/3/2023,10,1,10000,1000,1000,0,9000,1/4/2023,2023-04-01,2025-11-09 09:09:26.788698,data/lms_loan_daily.csv,2023-04-01
CUS_0x3393_2023_02_01,CUS_0x3393,1/2/2023,10,2,10000,1000,1000,0,8000,1/4/2023,2023-04-01,2025-11-09 09:09:26.788698,data/lms_loan_daily.csv,2023-04-01
CUS_0x33aa_2023_02_01,CUS_0x33aa,1/2/2023,10,2,10000,1000,1000,0,8000,1/4/2023,2023-04-01,2025-11-09 09:09:26.788698,data/lms_loan_daily.csv,2023-04-01
CUS_0x33de_2023_02_01,CUS_0x33de,1/2/2023,10,2,10000,1000,1000,0,8000,1/4/2023,2023-04-01,2025-11-09 09:09:26.788698,data/lms_loan_daily.csv,2023-04-01
CUS_0x33e1_2023_04_01,CUS_0x33e1,1/4/2023,10,0,10000,0,0,0,10000,1/4/2023,2023-04-01,2025-11-09 09:09:26.788698,data/lms_loan_daily.csv,2023-04-01
CUS_0x33f9_2023_02_01,CUS_0x33f9,1/2/2023,10,2,10000,1000,1000,0,8000,1/4/2023,2023-04-01,2025-11-09 09:09:26.788698,data/lms_loan_daily.csv,2023-04-01
CUS_0x3433_2023_01_01,CUS_0x3433,1/1/2023,10,3,10000,1000,1000,0,7000,1/4/2023,2023-04-01,2025-11-09 09:09:26.788698,data/lms_loan_daily.csv,2023-04-01
CUS_0x3435_2023_03_01,CUS_0x3435,1/3/2023,10,1,10000,1000,1000,0,9000,1/4/2023,2023-04-01,2025-11-09 09:09:26.788698,data/lms_loan_daily.csv,2023-04-01
CUS_0x343d_2023_02_01,CUS_0x343d,1/2/2023,10,2,10000,1000,1000,0,8000,1/4/2023,2023-04-01,2025-11-09 09:09:26.788698,data/lms_loan_daily.csv,2023-04-01
CUS_0x344e_2023_01_01,CUS_0x344e,1/1/2023,10,3,10000,1000,1000,0,7000,1/4/2023,2023-04-01,2025-11-09 09:09:26.788698,data/lms_loan_daily.csv,2023-04-01
CUS_0x3468_2023_04_01,CUS_0x3468,1/4/2023,10,0,10000,0,0,0,10000,1/4/2023,2023-04-01,2025-11-09 09:09:26.788698,data/lms_loan_daily.csv,2023-04-01
CUS_0x3490_2023_01_01,CUS_0x3490,1/1/2023,10,3,10000,1000,1000,0,7000,1/4/2023,2023-04-01,2025-11-09 09:09:26.788698,data/lms_loan_daily.csv,2023-04-01
CUS_0x34ad_2023_03_01,CUS_0x34ad,1/3/2023,10,1,10000,1000,1000,0,9000,1/4/2023,2023-04-01,2025-11-09 09:09:26.788698,data/lms_loan_daily.csv,2023-04-01
CUS_0x34be_2023_04_01,CUS_0x34be,1/4/2023,10,0,10000,0,0,0,10000,1/4/2023,2023-04-01,2025-11-09 09:09:26.788698,data/lms_loan_daily.csv,2023-04-01
CUS_0x34e9_2023_02_01,CUS_0x34e9,1/2/2023,10,2,10000,1000,1000,0,8000,1/4/2023,2023-04-01,2025-11-09 09:09:26.788698,data/lms_loan_daily.csv,2023-04-01
CUS_0x34fa_2023_01_01,CUS_0x34fa,1/1/2023,10,3,10000,1000,0,2000,9000,1/4/2023,2023-04-01,2025-11-09 09:09:26.788698,data/lms_loan_daily.csv,2023-04-01
CUS_0x351f_2023_02_01,CUS_0x351f,1/2/2023,10,2,10000,1000,1000,0,8000,1/4/2023,2023-04-01,2025-11-09 09:09:26.788698,data/lms_loan_daily.csv,2023-04-01
CUS_0x3539_2023_01_01,CUS_0x3539,1/1/2023,10,3,10000,1000,1000,0,7000,1/4/2023,2023-04-01,2025-11-09 09:09:26.788698,data/lms_loan_daily.csv,2023-04-01
CUS_0x353a_2023_02_01,CUS_0x353a,1/2/2023,10,2,10000,1000,1000,0,8000,1/4/2023,2023-04-01,2025-11-09 09:09:26.788698,data/lms_loan_daily.csv,2023-04-01
CUS_0x354b_2023_01_01,CUS_0x354b,1/1/2023,10,3,10000,1000,1000,0,7000,1/4/2023,2023-04-01,2025-11-09 09:09:26.788698,data/lms_loan_daily.csv,2023-04-01
CUS_0x355c_2023_02_01,CUS_0x355c,1/2/2023,10,2,10000,1000,1000,0,8000,1/4/2023,2023-04-01,2025-11-09 09:09:26.788698,data/lms_loan_daily.csv,2023-04-01
CUS_0x355f_2023_01_01,CUS_0x355f,1/1/2023,10,3,10000,1000,1000,0,7000,1/4/2023,2023-04-01,2025-11-09 09:09:26.788698,data/lms_loan_daily.csv,2023-04-01
CUS_0x356c_2023_01_01,CUS_0x356c,1/1/2023,10,3,10000,1000,0,1000,8000,1/4/2023,2023-04-01,2025-11-09 09:09:26.788698,data/lms_loan_daily.csv,2023-04-01
CUS_0x35c8_2023_04_01,CUS_0x35c8,1/4/2023,10,0,10000,0,0,0,10000,1/4/2023,2023-04-01,2025-11-09 09:09:26.788698,data/lms_loan_daily.csv,2023-04-01
CUS_0x35f4_2023_03_01,CUS_0x35f4,1/3/2023,10,1,10000,1000,1000,0,9000,1/4/2023,2023-04-01,2025-11-09 09:09:26.788698,data/lms_loan_daily.csv,2023-04-01
CUS_0x360c_2023_04_01,CUS_0x360c,1/4/2023,10,0,10000,0,0,0,10000,1/4/2023,2023-04-01,2025-11-09 09:09:26.788698,data/lms_loan_daily.csv,2023-04-01
CUS_0x360e_2023_03_01,CUS_0x360e,1/3/2023,10,1,10000,1000,0,1000,10000,1/4/2023,2023-04-01,2025-11-09 09:09:26.788698,data/lms_loan_daily.csv,2023-04-01
CUS_0x3634_2023_04_01,CUS_0x3634,1/4/2023,10,0,10000,0,0,0,10000,1/4/2023,2023-04-01,2025-11-09 09:09:26.788698,data/lms_loan_daily.csv,2023-04-01
CUS_0x363a_2023_03_01,CUS_0x363a,1/3/2023,10,1,10000,1000,0,1000,10000,1/4/2023,2023-04-01,2025-11-09 09:09:26.788698,data/lms_loan_daily.csv,2023-04-01
CUS_0x3643_2023_01_01,CUS_0x3643,1/1/2023,10,3,10000,1000,1000,0,7000,1/4/2023,2023-04-01,2025-11-09 09:09:26.788698,data/lms_loan_daily.csv,2023-04-01
CUS_0x365b_2023_02_01,CUS_0x365b,1/2/2023,10,2,10000,1000,0,1000,9000,1/4/2023,2023-04-01,2025-11-09 09:09:26.788698,data/lms_loan_daily.csv,2023-04-01
CUS_0x36a2_2023_02_01,CUS_0x36a2,1/2/2023,10,2,10000,1000,1000,0,8000,1/4/2023,2023-04-01,2025-11-09 09:09:26.788698,data/lms_loan_daily.csv,2023-04-01
CUS_0x36ad_2023_03_01,CUS_0x36ad,1/3/2023,10,1,10000,1000,1000,0,9000,1/4/2023,2023-04-01,2025-11-09 09:09:26.788698,data/lms_loan_daily.csv,2023-04-01
CUS_0x36b3_2023_01_01,CUS_0x36b3,1/1/2023,10,3,10000,1000,1000,0,7000,1/4/2023,2023-04-01,2025-11-09 09:09:26.788698,data/lms_loan_daily.csv,2023-04-01
CUS_0x36b6_2023_03_01,CUS_0x36b6,1/3/2023,10,1,10000,1000,1000,0,9000,1/4/2023,2023-04-01,2025-11-09 09:09:26.788698,data/lms_loan_daily.csv,2023-04-01
CUS_0x36da_2023_04_01,CUS_0x36da,1/4/2023,10,0,10000,0,0,0,10000,1/4/2023,2023-04-01,2025-11-09 09:09:26.788698,data/lms_loan_daily.csv,2023-04-01
CUS_0x36ee_2023_04_01,CUS_0x36ee,1/4/2023,10,0,10000,0,0,0,10000,1/4/2023,2023-04-01,2025-11-09 09:09:26.788698,data/lms_loan_daily.csv,2023-04-01
CUS_0x36f7_2023_01_01,CUS_0x36f7,1/1/2023,10,3,10000,1000,0,1000,8000,1/4/2023,2023-04-01,2025-11-09 09:09:26.788698,data/lms_loan_daily.csv,2023-04-01
CUS_0x36f9_2023_04_01,CUS_0x36f9,1/4/2023,10,0,10000,0,0,0,10000,1/4/2023,2023-04-01,2025-11-09 09:09:26.788698,data/lms_loan_daily.csv,2023-04-01
CUS_0x3713_2023_02_01,CUS_0x3713,1/2/2023,10,2,10000,1000,1000,0,8000,1/4/2023,2023-04-01,2025-11-09 09:09:26.788698,data/lms_loan_daily.csv,2023-04-01
CUS_0x3733_2023_01_01,CUS_0x3733,1/1/2023,10,3,10000,1000,1000,0,7000,1/4/2023,2023-04-01,2025-11-09 09:09:26.788698,data/lms_loan_daily.csv,2023-04-01
CUS_0x377b_2023_02_01,CUS_0x377b,1/2/2023,10,2,10000,1000,1000,0,8000,1/4/2023,2023-04-01,2025-11-09 09:09:26.788698,data/lms_loan_daily.csv,2023-04-01
CUS_0x37a1_2023_01_01,CUS_0x37a1,1/1/2023,10,3,10000,1000,1000,0,7000,1/4/2023,2023-04-01,2025-11-09 09:09:26.788698,data/lms_loan_daily.csv,2023-04-01
CUS_0x37b2_2023_01_01,CUS_0x37b2,1/1/2023,10,3,10000,1000,1000,0,7000,1/4/2023,2023-04-01,2025-11-09 09:09:26.788698,data/lms_loan_daily.csv,2023-04-01
CUS_0x37cc_2023_03_01,CUS_0x37cc,1/3/2023,10,1,10000,1000,1000,0,9000,1/4/2023,2023-04-01,2025-11-09 09:09:26.788698,data/lms_loan_daily.csv,2023-04-01
CUS_0x37cd_2023_02_01,CUS_0x37cd,1/2/2023,10,2,10000,1000,0,1000,9000,1/4/2023,2023-04-01,2025-11-09 09:09:26.788698,data/lms_loan_daily.csv,2023-04-01
CUS_0x37de_2023_03_01,CUS_0x37de,1/3/2023,10,1,10000,1000,0,1000,10000,1/4/2023,2023-04-01,2025-11-09 09:09:26.788698,data/lms_loan_daily.csv,2023-04-01
CUS_0x3815_2023_03_01,CUS_0x3815,1/3/2023,10,1,10000,1000,1000,0,9000,1/4/2023,2023-04-01,2025-11-09 09:09:26.788698,data/lms_loan_daily.csv,2023-04-01
CUS_0x382f_2023_02_01,CUS_0x382f,1/2/2023,10,2,10000,1000,0,1000,9000,1/4/2023,2023-04-01,2025-11-09 09:09:26.788698,data/lms_loan_daily.csv,2023-04-01
CUS_0x383a_2023_03_01,CUS_0x383a,1/3/2023,10,1,10000,1000,1000,0,9000,1/4/2023,2023-04-01,2025-11-09 09:09:26.788698,data/lms_loan_daily.csv,2023-04-01
CUS_0x383d_2023_01_01,CUS_0x383d,1/1/2023,10,3,10000,1000,1000,0,7000,1/4/2023,2023-04-01,2025-11-09 09:09:26.788698,data/lms_loan_daily.csv,2023-04-01
CUS_0x383e_2023_04_01,CUS_0x383e,1/4/2023,10,0,10000,0,0,0,10000,1/4/2023,2023-04-01,2025-11-09 09:09:26.788698,data/lms_loan_daily.csv,2023-04-01
CUS_0x3861_2023_04_01,CUS_0x3861,1/4/2023,10,0,10000,0,0,0,10000,1/4/2023,2023-04-01,2025-11-09 09:09:26.788698,data/lms_loan_daily.csv,2023-04-01
CUS_0x3873_2023_01_01,CUS_0x3873,1/1/2023,10,3,10000,1000,1000,0,7000,1/4/2023,2023-04-01,2025-11-09 09:09:26.788698,data/lms_loan_daily.csv,2023-04-01
CUS_0x388a_2023_04_01,CUS_0x388a,1/4/2023,10,0,10000,0,0,0,10000,1/4/2023,2023-04-01,2025-11-09 09:09:26.788698,data/lms_loan_daily.csv,2023-04-01
CUS_0x38b0_2023_02_01,CUS_0x38b0,1/2/2023,10,2,10000,1000,1000,0,8000,1/4/2023,2023-04-01,2025-11-09 09:09:26.788698,data/lms_loan_daily.csv,2023-04-01
CUS_0x38e1_2023_02_01,CUS_0x38e1,1/2/2023,10,2,10000,1000,1000,0,8000,1/4/2023,2023-04-01,2025-11-09 09:09:26.788698,data/lms_loan_daily.csv,2023-04-01
CUS_0x38f1_2023_03_01,CUS_0x38f1,1/3/2023,10,1,10000,1000,1000,0,9000,1/4/2023,2023-04-01,2025-11-09 09:09:26.788698,data/lms_loan_daily.csv,2023-04-01
CUS_0x3903_2023_03_01,CUS_0x3903,1/3/2023,10,1,10000,1000,1000,0,9000,1/4/2023,2023-04-01,2025-11-09 09:09:26.788698,data/lms_loan_daily.csv,2023-04-01
CUS_0x3906_2023_01_01,CUS_0x3906,1/1/2023,10,3,10000,1000,1000,0,7000,1/4/2023,2023-04-01,2025-11-09 09:09:26.788698,data/lms_loan_daily.csv,2023-04-01
CUS_0x3912_2023_02_01,CUS_0x3912,1/2/2023,10,2,10000,1000,1000,0,8000,1/4/2023,2023-04-01,2025-11-09 09:09:26.788698,data/lms_loan_daily.csv,2023-04-01
CUS_0x3925_2023_02_01,CUS_0x3925,1/2/2023,10,2,10000,1000,1000,0,8000,1/4/2023,2023-04-01,2025-11-09 09:09:26.788698,data/lms_loan_daily.csv,2023-04-01
CUS_0x3928_2023_01_01,CUS_0x3928,1/1/2023,10,3,10000,1000,0,1000,8000,1/4/2023,2023-04-01,2025-11-09 09:09:26.788698,data/lms_loan_daily.csv,2023-04-01
CUS_0x3949_2023_04_01,CUS_0x3949,1/4/2023,10,0,10000,0,0,0,10000,1/4/2023,2023-04-01,2025-11-09 09:09:26.788698,data/lms_loan_daily.csv,2023-04-01
CUS_0x396c_2023_04_01,CUS_0x396c,1/4/2023,10,0,10000,0,0,0,10000,1/4/2023,2023-04-01,2025-11-09 09:09:26.788698,data/lms_loan_daily.csv,2023-04-01
CUS_0x397b_2023_01_01,CUS_0x397b,1/1/2023,10,3,10000,1000,1000,0,7000,1/4/2023,2023-04-01,2025-11-09 09:09:26.788698,data/lms_loan_daily.csv,2023-04-01
CUS_0x398d_2023_04_01,CUS_0x398d,1/4/2023,10,0,10000,0,0,0,10000,1/4/2023,2023-04-01,2025-11-09 09:09:26.788698,data/lms_loan_daily.csv,2023-04-01
CUS_0x39bd_2023_04_01,CUS_0x39bd,1/4/2023,10,0,10000,0,0,0,10000,1/4/2023,2023-04-01,2025-11-09 09:09:26.788698,data/lms_loan_daily.csv,2023-04-01
CUS_0x39c6_2023_04_01,CUS_0x39c6,1/4/2023,10,0,10000,0,0,0,10000,1/4/2023,2023-04-01,2025-11-09 09:09:26.788698,data/lms_loan_daily.csv,2023-04-01
CUS_0x3a03_2023_01_01,CUS_0x3a03,1/1/2023,10,3,10000,1000,1000,0,7000,1/4/2023,2023-04-01,2025-11-09 09:09:26.788698,data/lms_loan_daily.csv,2023-04-01
CUS_0x3a28_2023_02_01,CUS_0x3a28,1/2/2023,10,2,10000,1000,1000,0,8000,1/4/2023,2023-04-01,2025-11-09 09:09:26.788698,data/lms_loan_daily.csv,2023-04-01
CUS_0x3a38_2023_02_01,CUS_0x3a38,1/2/2023,10,2,10000,1000,1000,0,8000,1/4/2023,2023-04-01,2025-11-09 09:09:26.788698,data/lms_loan_daily.csv,2023-04-01
CUS_0x3a3b_2023_03_01,CUS_0x3a3b,1/3/2023,10,1,10000,1000,1000,0,9000,1/4/2023,2023-04-01,2025-11-09 09:09:26.788698,data/lms_loan_daily.csv,2023-04-01
CUS_0x3a3d_2023_01_01,CUS_0x3a3d,1/1/2023,10,3,10000,1000,1000,0,7000,1/4/2023,2023-04-01,2025-11-09 09:09:26.788698,data/lms_loan_daily.csv,2023-04-01
CUS_0x3a40_2023_02_01,CUS_0x3a40,1/2/2023,10,2,10000,1000,1000,0,8000,1/4/2023,2023-04-01,2025-11-09 09:09:26.788698,data/lms_loan_daily.csv,2023-04-01
CUS_0x3a44_2023_04_01,CUS_0x3a44,1/4/2023,10,0,10000,0,0,0,10000,1/4/2023,2023-04-01,2025-11-09 09:09:26.788698,data/lms_loan_daily.csv,2023-04-01
CUS_0x3a55_2023_02_01,CUS_0x3a55,1/2/2023,10,2,10000,1000,1000,0,8000,1/4/2023,2023-04-01,2025-11-09 09:09:26.788698,data/lms_loan_daily.csv,2023-04-01
CUS_0x3a5b_2023_03_01,CUS_0x3a5b,1/3/2023,10,1,10000,1000,1000,0,9000,1/4/2023,2023-04-01,2025-11-09 09:09:26.788698,data/lms_loan_daily.csv,2023-04-01
CUS_0x3a69_2023_01_01,CUS_0x3a69,1/1/2023,10,3,10000,1000,1000,0,7000,1/4/2023,2023-04-01,2025-11-09 09:09:26.788698,data/lms_loan_daily.csv,2023-04-01
CUS_0x3a6c_2023_04_01,CUS_0x3a6c,1/4/2023,10,0,10000,0,0,0,10000,1/4/2023,2023-04-01,2025-11-09 09:09:26.788698,data/lms_loan_daily.csv,2023-04-01
CUS_0x3a7e_2023_02_01,CUS_0x3a7e,1/2/2023,10,2,10000,1000,1000,0,8000,1/4/2023,2023-04-01,2025-11-09 09:09:26.788698,data/lms_loan_daily.csv,2023-04-01
CUS_0x3a82_2023_01_01,CUS_0x3a82,1/1/2023,10,3,10000,1000,1000,0,7000,1/4/2023,2023-04-01,2025-11-09 09:09:26.788698,data/lms_loan_daily.csv,2023-04-01
CUS_0x3a86_2023_03_01,CUS_0x3a86,1/3/2023,10,1,10000,1000,1000,0,9000,1/4/2023,2023-04-01,2025-11-09 09:09:26.788698,data/lms_loan_daily.csv,2023-04-01
CUS_0x3a9e_2023_02_01,CUS_0x3a9e,1/2/2023,10,2,10000,1000,1000,0,8000,1/4/2023,2023-04-01,2025-11-09 09:09:26.788698,data/lms_loan_daily.csv,2023-04-01
CUS_0x3acc_2023_01_01,CUS_0x3acc,1/1/2023,10,3,10000,1000,1000,0,7000,1/4/2023,2023-04-01,2025-11-09 09:09:26.788698,data/lms_loan_daily.csv,2023-04-01
CUS_0x3adc_2023_01_01,CUS_0x3adc,1/1/2023,10,3,10000,1000,0,1000,8000,1/4/2023,2023-04-01,2025-11-09 09:09:26.788698,data/lms_loan_daily.csv,2023-04-01
CUS_0x3ae9_2023_03_01,CUS_0x3ae9,1/3/2023,10,1,10000,1000,1000,0,9000,1/4/2023,2023-04-01,2025-11-09 09:09:26.788698,data/lms_loan_daily.csv,2023-04-01
CUS_0x3af5_2023_01_01,CUS_0x3af5,1/1/2023,10,3,10000,1000,1000,0,7000,1/4/2023,2023-04-01,2025-11-09 09:09:26.788698,data/lms_loan_daily.csv,2023-04-01
CUS_0x3afc_2023_03_01,CUS_0x3afc,1/3/2023,10,1,10000,1000,1000,0,9000,1/4/2023,2023-04-01,2025-11-09 09:09:26.788698,data/lms_loan_daily.csv,2023-04-01
CUS_0x3b10_2023_01_01,CUS_0x3b10,1/1/2023,10,3,10000,1000,1000,0,7000,1/4/2023,2023-04-01,2025-11-09 09:09:26.788698,data/lms_loan_daily.csv,2023-04-01
CUS_0x3b20_2023_04_01,CUS_0x3b20,1/4/2023,10,0,10000,0,0,0,10000,1/4/2023,2023-04-01,2025-11-09 09:09:26.788698,data/lms_loan_daily.csv,2023-04-01
CUS_0x3b22_2023_01_01,CUS_0x3b22,1/1/2023,10,3,10000,1000,1000,0,7000,1/4/2023,2023-04-01,2025-11-09 09:09:26.788698,data/lms_loan_daily.csv,2023-04-01
CUS_0x3b2a_2023_01_01,CUS_0x3b2a,1/1/2023,10,3,10000,1000,1000,0,7000,1/4/2023,2023-04-01,2025-11-09 09:09:26.788698,data/lms_loan_daily.csv,2023-04-01
CUS_0x3b3f_2023_03_01,CUS_0x3b3f,1/3/2023,10,1,10000,1000,1000,0,9000,1/4/2023,2023-04-01,2025-11-09 09:09:26.788698,data/lms_loan_daily.csv,2023-04-01
CUS_0x3b6e_2023_01_01,CUS_0x3b6e,1/1/2023,10,3,10000,1000,0,1000,8000,1/4/2023,2023-04-01,2025-11-09 09:09:26.788698,data/lms_loan_daily.csv,2023-04-01
CUS_0x3b81_2023_03_01,CUS_0x3b81,1/3/2023,10,1,10000,1000,1000,0,9000,1/4/2023,2023-04-01,2025-11-09 09:09:26.788698,data/lms_loan_daily.csv,2023-04-01
CUS_0x3b9a_2023_04_01,CUS_0x3b9a,1/4/2023,10,0,10000,0,0,0,10000,1/4/2023,2023-04-01,2025-11-09 09:09:26.788698,data/lms_loan_daily.csv,2023-04-01
CUS_0x3ba7_2023_04_01,CUS_0x3ba7,1/4/2023,10,0,10000,0,0,0,10000,1/4/2023,2023-04-01,2025-11-09 09:09:26.788698,data/lms_loan_daily.csv,2023-04-01
CUS_0x3bc3_2023_01_01,CUS_0x3bc3,1/1/2023,10,3,10000,1000,1000,0,7000,1/4/2023,2023-04-01,2025-11-09 09:09:26.788698,data/lms_loan_daily.csv,2023-04-01
CUS_0x3bc6_2023_01_01,CUS_0x3bc6,1/1/2023,10,3,10000,1000,2000,0,7000,1/4/2023,2023-04-01,2025-11-09 09:09:26.788698,data/lms_loan_daily.csv,2023-04-01
CUS_0x3bd0_2023_01_01,CUS_0x3bd0,1/1/2023,10,3,10000,1000,1000,0,7000,1/4/2023,2023-04-01,2025-11-09 09:09:26.788698,data/lms_loan_daily.csv,2023-04-01
CUS_0x3bde_2023_01_01,CUS_0x3bde,1/1/2023,10,3,10000,1000,1000,0,7000,1/4/2023,2023-04-01,2025-11-09 09:09:26.788698,data/lms_loan_daily.csv,2023-04-01
CUS_0x3bf5_2023_01_01,CUS_0x3bf5,1/1/2023,10,3,10000,1000,1000,0,7000,1/4/2023,2023-04-01,2025-11-09 09:09:26.788698,data/lms_loan_daily.csv,2023-04-01
CUS_0x3bfb_2023_02_01,CUS_0x3bfb,1/2/2023,10,2,10000,1000,0,1000,9000,1/4/2023,2023-04-01,2025-11-09 09:09:26.788698,data/lms_loan_daily.csv,2023-04-01
CUS_0x3c5f_2023_03_01,CUS_0x3c5f,1/3/2023,10,1,10000,1000,1000,0,9000,1/4/2023,2023-04-01,2025-11-09 09:09:26.788698,data/lms_loan_daily.csv,2023-04-01
CUS_0x3c61_2023_02_01,CUS_0x3c61,1/2/2023,10,2,10000,1000,1000,0,8000,1/4/2023,2023-04-01,2025-11-09 09:09:26.788698,data/lms_loan_daily.csv,2023-04-01
CUS_0x3c69_2023_04_01,CUS_0x3c69,1/4/2023,10,0,10000,0,0,0,10000,1/4/2023,2023-04-01,2025-11-09 09:09:26.788698,data/lms_loan_daily.csv,2023-04-01
CUS_0x3c82_2023_02_01,CUS_0x3c82,1/2/2023,10,2,10000,1000,1000,0,8000,1/4/2023,2023-04-01,2025-11-09 09:09:26.788698,data/lms_loan_daily.csv,2023-04-01
CUS_0x3ca4_2023_03_01,CUS_0x3ca4,1/3/2023,10,1,10000,1000,1000,0,9000,1/4/2023,2023-04-01,2025-11-09 09:09:26.788698,data/lms_loan_daily.csv,2023-04-01
CUS_0x3cb7_2023_02_01,CUS_0x3cb7,1/2/2023,10,2,10000,1000,1000,0,8000,1/4/2023,2023-04-01,2025-11-09 09:09:26.788698,data/lms_loan_daily.csv,2023-04-01
CUS_0x3cc2_2023_02_01,CUS_0x3cc2,1/2/2023,10,2,10000,1000,1000,0,8000,1/4/2023,2023-04-01,2025-11-09 09:09:26.788698,data/lms_loan_daily.csv,2023-04-01
CUS_0x3cc6_2023_02_01,CUS_0x3cc6,1/2/2023,10,2,10000,1000,0,2000,10000,1/4/2023,2023-04-01,2025-11-09 09:09:26.788698,data/lms_loan_daily.csv,2023-04-01
CUS_0x3ccd_2023_01_01,CUS_0x3ccd,1/1/2023,10,3,10000,1000,1000,0,7000,1/4/2023,2023-04-01,2025-11-09 09:09:26.788698,data/lms_loan_daily.csv,2023-04-01
CUS_0x3ce1_2023_04_01,CUS_0x3ce1,1/4/2023,10,0,10000,0,0,0,10000,1/4/2023,2023-04-01,2025-11-09 09:09:26.788698,data/lms_loan_daily.csv,2023-04-01
CUS_0x3cea_2023_01_01,CUS_0x3cea,1/1/2023,10,3,10000,1000,1000,0,7000,1/4/2023,2023-04-01,2025-11-09 09:09:26.788698,data/lms_loan_daily.csv,2023-04-01
CUS_0x3cfc_2023_01_01,CUS_0x3cfc,1/1/2023,10,3,10000,1000,2000,0,7000,1/4/2023,2023-04-01,2025-11-09 09:09:26.788698,data/lms_loan_daily.csv,2023-04-01
CUS_0x3d41_2023_04_01,CUS_0x3d41,1/4/2023,10,0,10000,0,0,0,10000,1/4/2023,2023-04-01,2025-11-09 09:09:26.788698,data/lms_loan_daily.csv,2023-04-01
CUS_0x3d58_2023_02_01,CUS_0x3d58,1/2/2023,10,2,10000,1000,1000,0,8000,1/4/2023,2023-04-01,2025-11-09 09:09:26.788698,data/lms_loan_daily.csv,2023-04-01
CUS_0x3d63_2023_02_01,CUS_0x3d63,1/2/2023,10,2,10000,1000,1000,0,8000,1/4/2023,2023-04-01,2025-11-09 09:09:26.788698,data/lms_loan_daily.csv,2023-04-01
CUS_0x3d6c_2023_01_01,CUS_0x3d6c,1/1/2023,10,3,10000,1000,1000,0,7000,1/4/2023,2023-04-01,2025-11-09 09:09:26.788698,data/lms_loan_daily.csv,2023-04-01
CUS_0x3d99_2023_02_01,CUS_0x3d99,1/2/2023,10,2,10000,1000,1000,0,8000,1/4/2023,2023-04-01,2025-11-09 09:09:26.788698,data/lms_loan_daily.csv,2023-04-01
CUS_0x3ded_2023_04_01,CUS_0x3ded,1/4/2023,10,0,10000,0,0,0,10000,1/4/2023,2023-04-01,2025-11-09 09:09:26.788698,data/lms_loan_daily.csv,2023-04-01
CUS_0x3dfa_2023_02_01,CUS_0x3dfa,1/2/2023,10,2,10000,1000,1000,0,8000,1/4/2023,2023-04-01,2025-11-09 09:09:26.788698,data/lms_loan_daily.csv,2023-04-01
CUS_0x3e09_2023_03_01,CUS_0x3e09,1/3/2023,10,1,10000,1000,1000,0,9000,1/4/2023,2023-04-01,2025-11-09 09:09:26.788698,data/lms_loan_daily.csv,2023-04-01
CUS_0x3e14_2023_04_01,CUS_0x3e14,1/4/2023,10,0,10000,0,0,0,10000,1/4/2023,2023-04-01,2025-11-09 09:09:26.788698,data/lms_loan_daily.csv,2023-04-01
CUS_0x3e17_2023_02_01,CUS_0x3e17,1/2/2023,10,2,10000,1000,0,2000,10000,1/4/2023,2023-04-01,2025-11-09 09:09:26.788698,data/lms_loan_daily.csv,2023-04-01
CUS_0x3e2d_2023_01_01,CUS_0x3e2d,1/1/2023,10,3,10000,1000,0,1000,8000,1/4/2023,2023-04-01,2025-11-09 09:09:26.788698,data/lms_loan_daily.csv,2023-04-01
CUS_0x3e38_2023_04_01,CUS_0x3e38,1/4/2023,10,0,10000,0,0,0,10000,1/4/2023,2023-04-01,2025-11-09 09:09:26.788698,data/lms_loan_daily.csv,2023-04-01
CUS_0x3e54_2023_01_01,CUS_0x3e54,1/1/2023,10,3,10000,1000,1000,0,7000,1/4/2023,2023-04-01,2025-11-09 09:09:26.788698,data/lms_loan_daily.csv,2023-04-01
CUS_0x3e5c_2023_02_01,CUS_0x3e5c,1/2/2023,10,2,10000,1000,1000,0,8000,1/4/2023,2023-04-01,2025-11-09 09:09:26.788698,data/lms_loan_daily.csv,2023-04-01
CUS_0x3e5e_2023_04_01,CUS_0x3e5e,1/4/2023,10,0,10000,0,0,0,10000,1/4/2023,2023-04-01,2025-11-09 09:09:26.788698,data/lms_loan_daily.csv,2023-04-01
CUS_0x3e62_2023_04_01,CUS_0x3e62,1/4/2023,10,0,10000,0,0,0,10000,1/4/2023,2023-04-01,2025-11-09 09:09:26.788698,data/lms_loan_daily.csv,2023-04-01
CUS_0x3e68_2023_02_01,CUS_0x3e68,1/2/2023,10,2,10000,1000,1000,0,8000,1/4/2023,2023-04-01,2025-11-09 09:09:26.788698,data/lms_loan_daily.csv,2023-04-01
CUS_0x3e6d_2023_01_01,CUS_0x3e6d,1/1/2023,10,3,10000,1000,1000,0,7000,1/4/2023,2023-04-01,2025-11-09 09:09:26.788698,data/lms_loan_daily.csv,2023-04-01
CUS_0x3e73_2023_01_01,CUS_0x3e73,1/1/2023,10,3,10000,1000,1000,0,7000,1/4/2023,2023-04-01,2025-11-09 09:09:26.788698,data/lms_loan_daily.csv,2023-04-01
CUS_0x3e7b_2023_04_01,CUS_0x3e7b,1/4/2023,10,0,10000,0,0,0,10000,1/4/2023,2023-04-01,2025-11-09 09:09:26.788698,data/lms_loan_daily.csv,2023-04-01
CUS_0x3e9a_2023_03_01,CUS_0x3e9a,1/3/2023,10,1,10000,1000,1000,0,9000,1/4/2023,2023-04-01,2025-11-09 09:09:26.788698,data/lms_loan_daily.csv,2023-04-01
CUS_0x3e9c_2023_01_01,CUS_0x3e9c,1/1/2023,10,3,10000,1000,1000,0,7000,1/4/2023,2023-04-01,2025-11-09 09:09:26.788698,data/lms_loan_daily.csv,2023-04-01
CUS_0x3ea3_2023_02_01,CUS_0x3ea3,1/2/2023,10,2,10000,1000,0,2000,10000,1/4/2023,2023-04-01,2025-11-09 09:09:26.788698,data/lms_loan_daily.csv,2023-04-01
CUS_0x3edc_2023_04_01,CUS_0x3edc,1/4/2023,10,0,10000,0,0,0,10000,1/4/2023,2023-04-01,2025-11-09 09:09:26.788698,data/lms_loan_daily.csv,2023-04-01
CUS_0x3ee7_2023_01_01,CUS_0x3ee7,1/1/2023,10,3,10000,1000,1000,0,7000,1/4/2023,2023-04-01,2025-11-09 09:09:26.788698,data/lms_loan_daily.csv,2023-04-01
CUS_0x3f04_2023_04_01,CUS_0x3f04,1/4/2023,10,0,10000,0,0,0,10000,1/4/2023,2023-04-01,2025-11-09 09:09:26.788698,data/lms_loan_daily.csv,2023-04-01
CUS_0x3f1a_2023_02_01,CUS_0x3f1a,1/2/2023,10,2,10000,1000,2000,0,8000,1/4/2023,2023-04-01,2025-11-09 09:09:26.788698,data/lms_loan_daily.csv,2023-04-01
CUS_0x3f2d_2023_03_01,CUS_0x3f2d,1/3/2023,10,1,10000,1000,1000,0,9000,1/4/2023,2023-04-01,2025-11-09 09:09:26.788698,data/lms_loan_daily.csv,2023-04-01
CUS_0x3f3e_2023_02_01,CUS_0x3f3e,1/2/2023,10,2,10000,1000,1000,0,8000,1/4/2023,2023-04-01,2025-11-09 09:09:26.788698,data/lms_loan_daily.csv,2023-04-01
CUS_0x3f41_2023_02_01,CUS_0x3f41,1/2/2023,10,2,10000,1000,1000,0,8000,1/4/2023,2023-04-01,2025-11-09 09:09:26.788698,data/lms_loan_daily.csv,2023-04-01
CUS_0x3f42_2023_04_01,CUS_0x3f42,1/4/2023,10,0,10000,0,0,0,10000,1/4/2023,2023-04-01,2025-11-09 09:09:26.788698,data/lms_loan_daily.csv,2023-04-01
CUS_0x3f5_2023_02_01,CUS_0x3f5,1/2/2023,10,2,10000,1000,0,1000,9000,1/4/2023,2023-04-01,2025-11-09 09:09:26.788698,data/lms_loan_daily.csv,2023-04-01
CUS_0x3f63_2023_01_01,CUS_0x3f63,1/1/2023,10,3,10000,1000,1000,0,7000,1/4/2023,2023-04-01,2025-11-09 09:09:26.788698,data/lms_loan_daily.csv,2023-04-01
CUS_0x3f65_2023_04_01,CUS_0x3f65,1/4/2023,10,0,10000,0,0,0,10000,1/4/2023,2023-04-01,2025-11-09 09:09:26.788698,data/lms_loan_daily.csv,2023-04-01
CUS_0x3f7_2023_03_01,CUS_0x3f7,1/3/2023,10,1,10000,1000,1000,0,9000,1/4/2023,2023-04-01,2025-11-09 09:09:26.788698,data/lms_loan_daily.csv,2023-04-01
CUS_0x3f82_2023_03_01,CUS_0x3f82,1/3/2023,10,1,10000,1000,1000,0,9000,1/4/2023,2023-04-01,2025-11-09 09:09:26.788698,data/lms_loan_daily.csv,2023-04-01
CUS_0x3f87_2023_03_01,CUS_0x3f87,1/3/2023,10,1,10000,1000,1000,0,9000,1/4/2023,2023-04-01,2025-11-09 09:09:26.788698,data/lms_loan_daily.csv,2023-04-01
CUS_0x3fc3_2023_01_01,CUS_0x3fc3,1/1/2023,10,3,10000,1000,1000,0,7000,1/4/2023,2023-04-01,2025-11-09 09:09:26.788698,data/lms_loan_daily.csv,2023-04-01
CUS_0x3fc5_2023_03_01,CUS_0x3fc5,1/3/2023,10,1,10000,1000,1000,0,9000,1/4/2023,2023-04-01,2025-11-09 09:09:26.788698,data/lms_loan_daily.csv,2023-04-01
CUS_0x3fd9_2023_01_01,CUS_0x3fd9,1/1/2023,10,3,10000,1000,1000,0,7000,1/4/2023,2023-04-01,2025-11-09 09:09:26.788698,data/lms_loan_daily.csv,2023-04-01
CUS_0x3fef_2023_04_01,CUS_0x3fef,1/4/2023,10,0,10000,0,0,0,10000,1/4/2023,2023-04-01,2025-11-09 09:09:26.788698,data/lms_loan_daily.csv,2023-04-01
CUS_0x3ff7_2023_04_01,CUS_0x3ff7,1/4/2023,10,0,10000,0,0,0,10000,1/4/2023,2023-04-01,2025-11-09 09:09:26.788698,data/lms_loan_daily.csv,2023-04-01
CUS_0x401c_2023_01_01,CUS_0x401c,1/1/2023,10,3,10000,1000,1000,0,7000,1/4/2023,2023-04-01,2025-11-09 09:09:26.788698,data/lms_loan_daily.csv,2023-04-01
CUS_0x4021_2023_02_01,CUS_0x4021,1/2/2023,10,2,10000,1000,1000,0,8000,1/4/2023,2023-04-01,2025-11-09 09:09:26.788698,data/lms_loan_daily.csv,2023-04-01
CUS_0x4029_2023_02_01,CUS_0x4029,1/2/2023,10,2,10000,1000,2000,0,8000,1/4/2023,2023-04-01,2025-11-09 09:09:26.788698,data/lms_loan_daily.csv,2023-04-01
CUS_0x4032_2023_03_01,CUS_0x4032,1/3/2023,10,1,10000,1000,0,1000,10000,1/4/2023,2023-04-01,2025-11-09 09:09:26.788698,data/lms_loan_daily.csv,2023-04-01
CUS_0x406e_2023_04_01,CUS_0x406e,1/4/2023,10,0,10000,0,0,0,10000,1/4/2023,2023-04-01,2025-11-09 09:09:26.788698,data/lms_loan_daily.csv,2023-04-01
CUS_0x4086_2023_03_01,CUS_0x4086,1/3/2023,10,1,10000,1000,1000,0,9000,1/4/2023,2023-04-01,2025-11-09 09:09:26.788698,data/lms_loan_daily.csv,2023-04-01
CUS_0x4096_2023_01_01,CUS_0x4096,1/1/2023,10,3,10000,1000,0,1000,8000,1/4/2023,2023-04-01,2025-11-09 09:09:26.788698,data/lms_loan_daily.csv,2023-04-01
CUS_0x40b1_2023_04_01,CUS_0x40b1,1/4/2023,10,0,10000,0,0,0,10000,1/4/2023,2023-04-01,2025-11-09 09:09:26.788698,data/lms_loan_daily.csv,2023-04-01
CUS_0x40be_2023_04_01,CUS_0x40be,1/4/2023,10,0,10000,0,0,0,10000,1/4/2023,2023-04-01,2025-11-09 09:09:26.788698,data/lms_loan_daily.csv,2023-04-01
CUS_0x40c5_2023_01_01,CUS_0x40c5,1/1/2023,10,3,10000,1000,1000,0,7000,1/4/2023,2023-04-01,2025-11-09 09:09:26.788698,data/lms_loan_daily.csv,2023-04-01
CUS_0x40d0_2023_01_01,CUS_0x40d0,1/1/2023,10,3,10000,1000,0,1000,8000,1/4/2023,2023-04-01,2025-11-09 09:09:26.788698,data/lms_loan_daily.csv,2023-04-01
CUS_0x40de_2023_03_01,CUS_0x40de,1/3/2023,10,1,10000,1000,1000,0,9000,1/4/2023,2023-04-01,2025-11-09 09:09:26.788698,data/lms_loan_daily.csv,2023-04-01
CUS_0x411a_2023_02_01,CUS_0x411a,1/2/2023,10,2,10000,1000,2000,0,8000,1/4/2023,2023-04-01,2025-11-09 09:09:26.788698,data/lms_loan_daily.csv,2023-04-01
CUS_0x4131_2023_01_01,CUS_0x4131,1/1/2023,10,3,10000,1000,1000,0,7000,1/4/2023,2023-04-01,2025-11-09 09:09:26.788698,data/lms_loan_daily.csv,2023-04-01
CUS_0x416_2023_03_01,CUS_0x416,1/3/2023,10,1,10000,1000,1000,0,9000,1/4/2023,2023-04-01,2025-11-09 09:09:26.788698,data/lms_loan_daily.csv,2023-04-01
CUS_0x416f_2023_01_01,CUS_0x416f,1/1/2023,10,3,10000,1000,1000,0,7000,1/4/2023,2023-04-01,2025-11-09 09:09:26.788698,data/lms_loan_daily.csv,2023-04-01
CUS_0x41a0_2023_04_01,CUS_0x41a0,1/4/2023,10,0,10000,0,0,0,10000,1/4/2023,2023-04-01,2025-11-09 09:09:26.788698,data/lms_loan_daily.csv,2023-04-01
CUS_0x41b3_2023_03_01,CUS_0x41b3,1/3/2023,10,1,10000,1000,1000,0,9000,1/4/2023,2023-04-01,2025-11-09 09:09:26.788698,data/lms_loan_daily.csv,2023-04-01
CUS_0x41b7_2023_01_01,CUS_0x41b7,1/1/2023,10,3,10000,1000,1000,0,7000,1/4/2023,2023-04-01,2025-11-09 09:09:26.788698,data/lms_loan_daily.csv,2023-04-01
CUS_0x41c_2023_01_01,CUS_0x41c,1/1/2023,10,3,10000,1000,1000,0,7000,1/4/2023,2023-04-01,2025-11-09 09:09:26.788698,data/lms_loan_daily.csv,2023-04-01
CUS_0x41f2_2023_01_01,CUS_0x41f2,1/1/2023,10,3,10000,1000,1000,0,7000,1/4/2023,2023-04-01,2025-11-09 09:09:26.788698,data/lms_loan_daily.csv,2023-04-01
CUS_0x41f3_2023_03_01,CUS_0x41f3,1/3/2023,10,1,10000,1000,1000,0,9000,1/4/2023,2023-04-01,2025-11-09 09:09:26.788698,data/lms_loan_daily.csv,2023-04-01
CUS_0x4236_2023_02_01,CUS_0x4236,1/2/2023,10,2,10000,1000,1000,0,8000,1/4/2023,2023-04-01,2025-11-09 09:09:26.788698,data/lms_loan_daily.csv,2023-04-01
CUS_0x424_2023_01_01,CUS_0x424,1/1/2023,10,3,10000,1000,1000,0,7000,1/4/2023,2023-04-01,2025-11-09 09:09:26.788698,data/lms_loan_daily.csv,2023-04-01
CUS_0x4271_2023_01_01,CUS_0x4271,1/1/2023,10,3,10000,1000,1000,0,7000,1/4/2023,2023-04-01,2025-11-09 09:09:26.788698,data/lms_loan_daily.csv,2023-04-01
CUS_0x42a_2023_03_01,CUS_0x42a,1/3/2023,10,1,10000,1000,1000,0,9000,1/4/2023,2023-04-01,2025-11-09 09:09:26.788698,data/lms_loan_daily.csv,2023-04-01
CUS_0x42c6_2023_01_01,CUS_0x42c6,1/1/2023,10,3,10000,1000,0,1000,8000,1/4/2023,2023-04-01,2025-11-09 09:09:26.788698,data/lms_loan_daily.csv,2023-04-01
CUS_0x42dc_2023_03_01,CUS_0x42dc,1/3/2023,10,1,10000,1000,1000,0,9000,1/4/2023,2023-04-01,2025-11-09 09:09:26.788698,data/lms_loan_daily.csv,2023-04-01
CUS_0x4304_2023_04_01,CUS_0x4304,1/4/2023,10,0,10000,0,0,0,10000,1/4/2023,2023-04-01,2025-11-09 09:09:26.788698,data/lms_loan_daily.csv,2023-04-01
CUS_0x430b_2023_03_01,CUS_0x430b,1/3/2023,10,1,10000,1000,1000,0,9000,1/4/2023,2023-04-01,2025-11-09 09:09:26.788698,data/lms_loan_daily.csv,2023-04-01
CUS_0x431_2023_03_01,CUS_0x431,1/3/2023,10,1,10000,1000,1000,0,9000,1/4/2023,2023-04-01,2025-11-09 09:09:26.788698,data/lms_loan_daily.csv,2023-04-01
CUS_0x4312_2023_04_01,CUS_0x4312,1/4/2023,10,0,10000,0,0,0,10000,1/4/2023,2023-04-01,2025-11-09 09:09:26.788698,data/lms_loan_daily.csv,2023-04-01
CUS_0x432_2023_02_01,CUS_0x432,1/2/2023,10,2,10000,1000,1000,0,8000,1/4/2023,2023-04-01,2025-11-09 09:09:26.788698,data/lms_loan_daily.csv,2023-04-01
CUS_0x4322_2023_01_01,CUS_0x4322,1/1/2023,10,3,10000,1000,1000,0,7000,1/4/2023,2023-04-01,2025-11-09 09:09:26.788698,data/lms_loan_daily.csv,2023-04-01
CUS_0x4327_2023_01_01,CUS_0x4327,1/1/2023,10,3,10000,1000,1000,0,7000,1/4/2023,2023-04-01,2025-11-09 09:09:26.788698,data/lms_loan_daily.csv,2023-04-01
CUS_0x4340_2023_01_01,CUS_0x4340,1/1/2023,10,3,10000,1000,1000,0,7000,1/4/2023,2023-04-01,2025-11-09 09:09:26.788698,data/lms_loan_daily.csv,2023-04-01
CUS_0x436d_2023_02_01,CUS_0x436d,1/2/2023,10,2,10000,1000,1000,0,8000,1/4/2023,2023-04-01,2025-11-09 09:09:26.788698,data/lms_loan_daily.csv,2023-04-01
CUS_0x436f_2023_01_01,CUS_0x436f,1/1/2023,10,3,10000,1000,1000,0,7000,1/4/2023,2023-04-01,2025-11-09 09:09:26.788698,data/lms_loan_daily.csv,2023-04-01
CUS_0x4384_2023_04_01,CUS_0x4384,1/4/2023,10,0,10000,0,0,0,10000,1/4/2023,2023-04-01,2025-11-09 09:09:26.788698,data/lms_loan_daily.csv,2023-04-01
CUS_0x438a_2023_01_01,CUS_0x438a,1/1/2023,10,3,10000,1000,1000,0,7000,1/4/2023,2023-04-01,2025-11-09 09:09:26.788698,data/lms_loan_daily.csv,2023-04-01
CUS_0x4395_2023_01_01,CUS_0x4395,1/1/2023,10,3,10000,1000,3000,0,7000,1/4/2023,2023-04-01,2025-11-09 09:09:26.788698,data/lms_loan_daily.csv,2023-04-01
CUS_0x43a6_2023_03_01,CUS_0x43a6,1/3/2023,10,1,10000,1000,1000,0,9000,1/4/2023,2023-04-01,2025-11-09 09:09:26.788698,data/lms_loan_daily.csv,2023-04-01
CUS_0x43af_2023_03_01,CUS_0x43af,1/3/2023,10,1,10000,1000,1000,0,9000,1/4/2023,2023-04-01,2025-11-09 09:09:26.788698,data/lms_loan_daily.csv,2023-04-01
CUS_0x43be_2023_02_01,CUS_0x43be,1/2/2023,10,2,10000,1000,1000,0,8000,1/4/2023,2023-04-01,2025-11-09 09:09:26.788698,data/lms_loan_daily.csv,2023-04-01
CUS_0x43c5_2023_01_01,CUS_0x43c5,1/1/2023,10,3,10000,1000,1000,0,7000,1/4/2023,2023-04-01,2025-11-09 09:09:26.788698,data/lms_loan_daily.csv,2023-04-01
CUS_0x43c6_2023_03_01,CUS_0x43c6,1/3/2023,10,1,10000,1000,1000,0,9000,1/4/2023,2023-04-01,2025-11-09 09:09:26.788698,data/lms_loan_daily.csv,2023-04-01
CUS_0x43f1_2023_04_01,CUS_0x43f1,1/4/2023,10,0,10000,0,0,0,10000,1/4/2023,2023-04-01,2025-11-09 09:09:26.788698,data/lms_loan_daily.csv,2023-04-01
CUS_0x43f8_2023_01_01,CUS_0x43f8,1/1/2023,10,3,10000,1000,1000,0,7000,1/4/2023,2023-04-01,2025-11-09 09:09:26.788698,data/lms_loan_daily.csv,2023-04-01
CUS_0x43fd_2023_02_01,CUS_0x43fd,1/2/2023,10,2,10000,1000,1000,0,8000,1/4/2023,2023-04-01,2025-11-09 09:09:26.788698,data/lms_loan_daily.csv,2023-04-01
CUS_0x4401_2023_03_01,CUS_0x4401,1/3/2023,10,1,10000,1000,1000,0,9000,1/4/2023,2023-04-01,2025-11-09 09:09:26.788698,data/lms_loan_daily.csv,2023-04-01
CUS_0x4410_2023_01_01,CUS_0x4410,1/1/2023,10,3,10000,1000,0,2000,9000,1/4/2023,2023-04-01,2025-11-09 09:09:26.788698,data/lms_loan_daily.csv,2023-04-01
CUS_0x4423_2023_02_01,CUS_0x4423,1/2/2023,10,2,10000,1000,0,2000,10000,1/4/2023,2023-04-01,2025-11-09 09:09:26.788698,data/lms_loan_daily.csv,2023-04-01
CUS_0x4454_2023_04_01,CUS_0x4454,1/4/2023,10,0,10000,0,0,0,10000,1/4/2023,2023-04-01,2025-11-09 09:09:26.788698,data/lms_loan_daily.csv,2023-04-01
CUS_0x4459_2023_03_01,CUS_0x4459,1/3/2023,10,1,10000,1000,1000,0,9000,1/4/2023,2023-04-01,2025-11-09 09:09:26.788698,data/lms_loan_daily.csv,2023-04-01
CUS_0x4462_2023_04_01,CUS_0x4462,1/4/2023,10,0,10000,0,0,0,10000,1/4/2023,2023-04-01,2025-11-09 09:09:26.788698,data/lms_loan_daily.csv,2023-04-01
CUS_0x4464_2023_01_01,CUS_0x4464,1/1/2023,10,3,10000,1000,0,1000,8000,1/4/2023,2023-04-01,2025-11-09 09:09:26.788698,data/lms_loan_daily.csv,2023-04-01
CUS_0x4468_2023_04_01,CUS_0x4468,1/4/2023,10,0,10000,0,0,0,10000,1/4/2023,2023-04-01,2025-11-09 09:09:26.788698,data/lms_loan_daily.csv,2023-04-01
CUS_0x4472_2023_01_01,CUS_0x4472,1/1/2023,10,3,10000,1000,1000,0,7000,1/4/2023,2023-04-01,2025-11-09 09:09:26.788698,data/lms_loan_daily.csv,2023-04-01
CUS_0x447f_2023_02_01,CUS_0x447f,1/2/2023,10,2,10000,1000,0,1000,9000,1/4/2023,2023-04-01,2025-11-09 09:09:26.788698,data/lms_loan_daily.csv,2023-04-01
CUS_0x44c8_2023_04_01,CUS_0x44c8,1/4/2023,10,0,10000,0,0,0,10000,1/4/2023,2023-04-01,2025-11-09 09:09:26.788698,data/lms_loan_daily.csv,2023-04-01
CUS_0x44d5_2023_01_01,CUS_0x44d5,1/1/2023,10,3,10000,1000,1000,0,7000,1/4/2023,2023-04-01,2025-11-09 09:09:26.788698,data/lms_loan_daily.csv,2023-04-01
CUS_0x44e0_2023_01_01,CUS_0x44e0,1/1/2023,10,3,10000,1000,1000,0,7000,1/4/2023,2023-04-01,2025-11-09 09:09:26.788698,data/lms_loan_daily.csv,2023-04-01
CUS_0x44e8_2023_02_01,CUS_0x44e8,1/2/2023,10,2,10000,1000,1000,0,8000,1/4/2023,2023-04-01,2025-11-09 09:09:26.788698,data/lms_loan_daily.csv,2023-04-01
CUS_0x44fa_2023_02_01,CUS_0x44fa,1/2/2023,10,2,10000,1000,1000,0,8000,1/4/2023,2023-04-01,2025-11-09 09:09:26.788698,data/lms_loan_daily.csv,2023-04-01
CUS_0x44ff_2023_04_01,CUS_0x44ff,1/4/2023,10,0,10000,0,0,0,10000,1/4/2023,2023-04-01,2025-11-09 09:09:26.788698,data/lms_loan_daily.csv,2023-04-01
CUS_0x4527_2023_04_01,CUS_0x4527,1/4/2023,10,0,10000,0,0,0,10000,1/4/2023,2023-04-01,2025-11-09 09:09:26.788698,data/lms_loan_daily.csv,2023-04-01
CUS_0x452f_2023_02_01,CUS_0x452f,1/2/2023,10,2,10000,1000,2000,0,8000,1/4/2023,2023-04-01,2025-11-09 09:09:26.788698,data/lms_loan_daily.csv,2023-04-01
CUS_0x4533_2023_03_01,CUS_0x4533,1/3/2023,10,1,10000,1000,1000,0,9000,1/4/2023,2023-04-01,2025-11-09 09:09:26.788698,data/lms_loan_daily.csv,2023-04-01
CUS_0x4555_2023_02_01,CUS_0x4555,1/2/2023,10,2,10000,1000,0,1000,9000,1/4/2023,2023-04-01,2025-11-09 09:09:26.788698,data/lms_loan_daily.csv,2023-04-01
CUS_0x4569_2023_04_01,CUS_0x4569,1/4/2023,10,0,10000,0,0,0,10000,1/4/2023,2023-04-01,2025-11-09 09:09:26.788698,data/lms_loan_daily.csv,2023-04-01
CUS_0x4596_2023_01_01,CUS_0x4596,1/1/2023,10,3,10000,1000,1000,0,7000,1/4/2023,2023-04-01,2025-11-09 09:09:26.788698,data/lms_loan_daily.csv,2023-04-01
CUS_0x45aa_2023_02_01,CUS_0x45aa,1/2/2023,10,2,10000,1000,1000,0,8000,1/4/2023,2023-04-01,2025-11-09 09:09:26.788698,data/lms_loan_daily.csv,2023-04-01
CUS_0x45b6_2023_04_01,CUS_0x45b6,1/4/2023,10,0,10000,0,0,0,10000,1/4/2023,2023-04-01,2025-11-09 09:09:26.788698,data/lms_loan_daily.csv,2023-04-01
CUS_0x45da_2023_03_01,CUS_0x45da,1/3/2023,10,1,10000,1000,1000,0,9000,1/4/2023,2023-04-01,2025-11-09 09:09:26.788698,data/lms_loan_daily.csv,2023-04-01
CUS_0x45f8_2023_03_01,CUS_0x45f8,1/3/2023,10,1,10000,1000,1000,0,9000,1/4/2023,2023-04-01,2025-11-09 09:09:26.788698,data/lms_loan_daily.csv,2023-04-01
CUS_0x4603_2023_04_01,CUS_0x4603,1/4/2023,10,0,10000,0,0,0,10000,1/4/2023,2023-04-01,2025-11-09 09:09:26.788698,data/lms_loan_daily.csv,2023-04-01
CUS_0x460a_2023_04_01,CUS_0x460a,1/4/2023,10,0,10000,0,0,0,10000,1/4/2023,2023-04-01,2025-11-09 09:09:26.788698,data/lms_loan_daily.csv,2023-04-01
CUS_0x4662_2023_01_01,CUS_0x4662,1/1/2023,10,3,10000,1000,1000,0,7000,1/4/2023,2023-04-01,2025-11-09 09:09:26.788698,data/lms_loan_daily.csv,2023-04-01
CUS_0x466a_2023_03_01,CUS_0x466a,1/3/2023,10,1,10000,1000,1000,0,9000,1/4/2023,2023-04-01,2025-11-09 09:09:26.788698,data/lms_loan_daily.csv,2023-04-01
CUS_0x4671_2023_01_01,CUS_0x4671,1/1/2023,10,3,10000,1000,0,1000,8000,1/4/2023,2023-04-01,2025-11-09 09:09:26.788698,data/lms_loan_daily.csv,2023-04-01
CUS_0x4674_2023_01_01,CUS_0x4674,1/1/2023,10,3,10000,1000,1000,0,7000,1/4/2023,2023-04-01,2025-11-09 09:09:26.788698,data/lms_loan_daily.csv,2023-04-01
CUS_0x4688_2023_01_01,CUS_0x4688,1/1/2023,10,3,10000,1000,1000,0,7000,1/4/2023,2023-04-01,2025-11-09 09:09:26.788698,data/lms_loan_daily.csv,2023-04-01
CUS_0x468a_2023_02_01,CUS_0x468a,1/2/2023,10,2,10000,1000,1000,0,8000,1/4/2023,2023-04-01,2025-11-09 09:09:26.788698,data/lms_loan_daily.csv,2023-04-01
CUS_0x46ce_2023_02_01,CUS_0x46ce,1/2/2023,10,2,10000,1000,1000,0,8000,1/4/2023,2023-04-01,2025-11-09 09:09:26.788698,data/lms_loan_daily.csv,2023-04-01
CUS_0x46d7_2023_03_01,CUS_0x46d7,1/3/2023,10,1,10000,1000,1000,0,9000,1/4/2023,2023-04-01,2025-11-09 09:09:26.788698,data/lms_loan_daily.csv,2023-04-01
CUS_0x46ef_2023_03_01,CUS_0x46ef,1/3/2023,10,1,10000,1000,1000,0,9000,1/4/2023,2023-04-01,2025-11-09 09:09:26.788698,data/lms_loan_daily.csv,2023-04-01
CUS_0x46ff_2023_02_01,CUS_0x46ff,1/2/2023,10,2,10000,1000,1000,0,8000,1/4/2023,2023-04-01,2025-11-09 09:09:26.788698,data/lms_loan_daily.csv,2023-04-01
CUS_0x470c_2023_02_01,CUS_0x470c,1/2/2023,10,2,10000,1000,1000,0,8000,1/4/2023,2023-04-01,2025-11-09 09:09:26.788698,data/lms_loan_daily.csv,2023-04-01
CUS_0x472b_2023_01_01,CUS_0x472b,1/1/2023,10,3,10000,1000,1000,0,7000,1/4/2023,2023-04-01,2025-11-09 09:09:26.788698,data/lms_loan_daily.csv,2023-04-01
CUS_0x474_2023_01_01,CUS_0x474,1/1/2023,10,3,10000,1000,1000,0,7000,1/4/2023,2023-04-01,2025-11-09 09:09:26.788698,data/lms_loan_daily.csv,2023-04-01
CUS_0x476d_2023_03_01,CUS_0x476d,1/3/2023,10,1,10000,1000,1000,0,9000,1/4/2023,2023-04-01,2025-11-09 09:09:26.788698,data/lms_loan_daily.csv,2023-04-01
CUS_0x47a_2023_04_01,CUS_0x47a,1/4/2023,10,0,10000,0,0,0,10000,1/4/2023,2023-04-01,2025-11-09 09:09:26.788698,data/lms_loan_daily.csv,2023-04-01
CUS_0x47a5_2023_01_01,CUS_0x47a5,1/1/2023,10,3,10000,1000,0,1000,8000,1/4/2023,2023-04-01,2025-11-09 09:09:26.788698,data/lms_loan_daily.csv,2023-04-01
CUS_0x47c0_2023_01_01,CUS_0x47c0,1/1/2023,10,3,10000,1000,1000,0,7000,1/4/2023,2023-04-01,2025-11-09 09:09:26.788698,data/lms_loan_daily.csv,2023-04-01
CUS_0x47c1_2023_03_01,CUS_0x47c1,1/3/2023,10,1,10000,1000,0,1000,10000,1/4/2023,2023-04-01,2025-11-09 09:09:26.788698,data/lms_loan_daily.csv,2023-04-01
CUS_0x47c8_2023_04_01,CUS_0x47c8,1/4/2023,10,0,10000,0,0,0,10000,1/4/2023,2023-04-01,2025-11-09 09:09:26.788698,data/lms_loan_daily.csv,2023-04-01
CUS_0x47d0_2023_03_01,CUS_0x47d0,1/3/2023,10,1,10000,1000,1000,0,9000,1/4/2023,2023-04-01,2025-11-09 09:09:26.788698,data/lms_loan_daily.csv,2023-04-01
CUS_0x47fa_2023_03_01,CUS_0x47fa,1/3/2023,10,1,10000,1000,1000,0,9000,1/4/2023,2023-04-01,2025-11-09 09:09:26.788698,data/lms_loan_daily.csv,2023-04-01
CUS_0x480c_2023_01_01,CUS_0x480c,1/1/2023,10,3,10000,1000,1000,0,7000,1/4/2023,2023-04-01,2025-11-09 09:09:26.788698,data/lms_loan_daily.csv,2023-04-01
CUS_0x4813_2023_03_01,CUS_0x4813,1/3/2023,10,1,10000,1000,1000,0,9000,1/4/2023,2023-04-01,2025-11-09 09:09:26.788698,data/lms_loan_daily.csv,2023-04-01
CUS_0x481c_2023_03_01,CUS_0x481c,1/3/2023,10,1,10000,1000,1000,0,9000,1/4/2023,2023-04-01,2025-11-09 09:09:26.788698,data/lms_loan_daily.csv,2023-04-01
CUS_0x481d_2023_04_01,CUS_0x481d,1/4/2023,10,0,10000,0,0,0,10000,1/4/2023,2023-04-01,2025-11-09 09:09:26.788698,data/lms_loan_daily.csv,2023-04-01
CUS_0x4846_2023_03_01,CUS_0x4846,1/3/2023,10,1,10000,1000,0,1000,10000,1/4/2023,2023-04-01,2025-11-09 09:09:26.788698,data/lms_loan_daily.csv,2023-04-01
CUS_0x4854_2023_01_01,CUS_0x4854,1/1/2023,10,3,10000,1000,1000,0,7000,1/4/2023,2023-04-01,2025-11-09 09:09:26.788698,data/lms_loan_daily.csv,2023-04-01
CUS_0x4881_2023_01_01,CUS_0x4881,1/1/2023,10,3,10000,1000,1000,0,7000,1/4/2023,2023-04-01,2025-11-09 09:09:26.788698,data/lms_loan_daily.csv,2023-04-01
CUS_0x4898_2023_04_01,CUS_0x4898,1/4/2023,10,0,10000,0,0,0,10000,1/4/2023,2023-04-01,2025-11-09 09:09:26.788698,data/lms_loan_daily.csv,2023-04-01
CUS_0x4899_2023_03_01,CUS_0x4899,1/3/2023,10,1,10000,1000,1000,0,9000,1/4/2023,2023-04-01,2025-11-09 09:09:26.788698,data/lms_loan_daily.csv,2023-04-01
CUS_0x489b_2023_02_01,CUS_0x489b,1/2/2023,10,2,10000,1000,1000,0,8000,1/4/2023,2023-04-01,2025-11-09 09:09:26.788698,data/lms_loan_daily.csv,2023-04-01
CUS_0x48a4_2023_02_01,CUS_0x48a4,1/2/2023,10,2,10000,1000,1000,0,8000,1/4/2023,2023-04-01,2025-11-09 09:09:26.788698,data/lms_loan_daily.csv,2023-04-01
CUS_0x48ae_2023_01_01,CUS_0x48ae,1/1/2023,10,3,10000,1000,1000,0,7000,1/4/2023,2023-04-01,2025-11-09 09:09:26.788698,data/lms_loan_daily.csv,2023-04-01
CUS_0x48b7_2023_03_01,CUS_0x48b7,1/3/2023,10,1,10000,1000,0,1000,10000,1/4/2023,2023-04-01,2025-11-09 09:09:26.788698,data/lms_loan_daily.csv,2023-04-01
CUS_0x48d4_2023_03_01,CUS_0x48d4,1/3/2023,10,1,10000,1000,1000,0,9000,1/4/2023,2023-04-01,2025-11-09 09:09:26.788698,data/lms_loan_daily.csv,2023-04-01
CUS_0x48e9_2023_02_01,CUS_0x48e9,1/2/2023,10,2,10000,1000,1000,0,8000,1/4/2023,2023-04-01,2025-11-09 09:09:26.788698,data/lms_loan_daily.csv,2023-04-01
CUS_0x48f7_2023_03_01,CUS_0x48f7,1/3/2023,10,1,10000,1000,1000,0,9000,1/4/2023,2023-04-01,2025-11-09 09:09:26.788698,data/lms_loan_daily.csv,2023-04-01
CUS_0x4939_2023_01_01,CUS_0x4939,1/1/2023,10,3,10000,1000,0,3000,10000,1/4/2023,2023-04-01,2025-11-09 09:09:26.788698,data/lms_loan_daily.csv,2023-04-01
CUS_0x4943_2023_01_01,CUS_0x4943,1/1/2023,10,3,10000,1000,1000,0,7000,1/4/2023,2023-04-01,2025-11-09 09:09:26.788698,data/lms_loan_daily.csv,2023-04-01
CUS_0x49ae_2023_02_01,CUS_0x49ae,1/2/2023,10,2,10000,1000,1000,0,8000,1/4/2023,2023-04-01,2025-11-09 09:09:26.788698,data/lms_loan_daily.csv,2023-04-01
CUS_0x49c4_2023_02_01,CUS_0x49c4,1/2/2023,10,2,10000,1000,1000,0,8000,1/4/2023,2023-04-01,2025-11-09 09:09:26.788698,data/lms_loan_daily.csv,2023-04-01
CUS_0x49fd_2023_02_01,CUS_0x49fd,1/2/2023,10,2,10000,1000,1000,0,8000,1/4/2023,2023-04-01,2025-11-09 09:09:26.788698,data/lms_loan_daily.csv,2023-04-01
CUS_0x4a0b_2023_01_01,CUS_0x4a0b,1/1/2023,10,3,10000,1000,1000,0,7000,1/4/2023,2023-04-01,2025-11-09 09:09:26.788698,data/lms_loan_daily.csv,2023-04-01
CUS_0x4a24_2023_01_01,CUS_0x4a24,1/1/2023,10,3,10000,1000,1000,0,7000,1/4/2023,2023-04-01,2025-11-09 09:09:26.788698,data/lms_loan_daily.csv,2023-04-01
CUS_0x4a3d_2023_02_01,CUS_0x4a3d,1/2/2023,10,2,10000,1000,1000,0,8000,1/4/2023,2023-04-01,2025-11-09 09:09:26.788698,data/lms_loan_daily.csv,2023-04-01
CUS_0x4a3f_2023_01_01,CUS_0x4a3f,1/1/2023,10,3,10000,1000,1000,0,7000,1/4/2023,2023-04-01,2025-11-09 09:09:26.788698,data/lms_loan_daily.csv,2023-04-01
CUS_0x4a43_2023_01_01,CUS_0x4a43,1/1/2023,10,3,10000,1000,2000,0,7000,1/4/2023,2023-04-01,2025-11-09 09:09:26.788698,data/lms_loan_daily.csv,2023-04-01
CUS_0x4a5b_2023_02_01,CUS_0x4a5b,1/2/2023,10,2,10000,1000,1000,0,8000,1/4/2023,2023-04-01,2025-11-09 09:09:26.788698,data/lms_loan_daily.csv,2023-04-01
CUS_0x4a65_2023_03_01,CUS_0x4a65,1/3/2023,10,1,10000,1000,1000,0,9000,1/4/2023,2023-04-01,2025-11-09 09:09:26.788698,data/lms_loan_daily.csv,2023-04-01
CUS_0x4a74_2023_02_01,CUS_0x4a74,1/2/2023,10,2,10000,1000,1000,0,8000,1/4/2023,2023-04-01,2025-11-09 09:09:26.788698,data/lms_loan_daily.csv,2023-04-01
CUS_0x4a94_2023_01_01,CUS_0x4a94,1/1/2023,10,3,10000,1000,3000,0,7000,1/4/2023,2023-04-01,2025-11-09 09:09:26.788698,data/lms_loan_daily.csv,2023-04-01
CUS_0x4a97_2023_02_01,CUS_0x4a97,1/2/2023,10,2,10000,1000,1000,0,8000,1/4/2023,2023-04-01,2025-11-09 09:09:26.788698,data/lms_loan_daily.csv,2023-04-01
CUS_0x4ab_2023_03_01,CUS_0x4ab,1/3/2023,10,1,10000,1000,1000,0,9000,1/4/2023,2023-04-01,2025-11-09 09:09:26.788698,data/lms_loan_daily.csv,2023-04-01
CUS_0x4abb_2023_04_01,CUS_0x4abb,1/4/2023,10,0,10000,0,0,0,10000,1/4/2023,2023-04-01,2025-11-09 09:09:26.788698,data/lms_loan_daily.csv,2023-04-01
CUS_0x4ac9_2023_04_01,CUS_0x4ac9,1/4/2023,10,0,10000,0,0,0,10000,1/4/2023,2023-04-01,2025-11-09 09:09:26.788698,data/lms_loan_daily.csv,2023-04-01
CUS_0x4ace_2023_04_01,CUS_0x4ace,1/4/2023,10,0,10000,0,0,0,10000,1/4/2023,2023-04-01,2025-11-09 09:09:26.788698,data/lms_loan_daily.csv,2023-04-01
CUS_0x4adc_2023_02_01,CUS_0x4adc,1/2/2023,10,2,10000,1000,1000,0,8000,1/4/2023,2023-04-01,2025-11-09 09:09:26.788698,data/lms_loan_daily.csv,2023-04-01
CUS_0x4b19_2023_02_01,CUS_0x4b19,1/2/2023,10,2,10000,1000,1000,0,8000,1/4/2023,2023-04-01,2025-11-09 09:09:26.788698,data/lms_loan_daily.csv,2023-04-01
CUS_0x4b30_2023_03_01,CUS_0x4b30,1/3/2023,10,1,10000,1000,1000,0,9000,1/4/2023,2023-04-01,2025-11-09 09:09:26.788698,data/lms_loan_daily.csv,2023-04-01
CUS_0x4b40_2023_01_01,CUS_0x4b40,1/1/2023,10,3,10000,1000,1000,0,7000,1/4/2023,2023-04-01,2025-11-09 09:09:26.788698,data/lms_loan_daily.csv,2023-04-01
CUS_0x4b5e_2023_02_01,CUS_0x4b5e,1/2/2023,10,2,10000,1000,1000,0,8000,1/4/2023,2023-04-01,2025-11-09 09:09:26.788698,data/lms_loan_daily.csv,2023-04-01
CUS_0x4b64_2023_01_01,CUS_0x4b64,1/1/2023,10,3,10000,1000,1000,0,7000,1/4/2023,2023-04-01,2025-11-09 09:09:26.788698,data/lms_loan_daily.csv,2023-04-01
CUS_0x4b67_2023_02_01,CUS_0x4b67,1/2/2023,10,2,10000,1000,1000,0,8000,1/4/2023,2023-04-01,2025-11-09 09:09:26.788698,data/lms_loan_daily.csv,2023-04-01
CUS_0x4b7f_2023_02_01,CUS_0x4b7f,1/2/2023,10,2,10000,1000,1000,0,8000,1/4/2023,2023-04-01,2025-11-09 09:09:26.788698,data/lms_loan_daily.csv,2023-04-01
CUS_0x4b82_2023_03_01,CUS_0x4b82,1/3/2023,10,1,10000,1000,1000,0,9000,1/4/2023,2023-04-01,2025-11-09 09:09:26.788698,data/lms_loan_daily.csv,2023-04-01
CUS_0x4b93_2023_04_01,CUS_0x4b93,1/4/2023,10,0,10000,0,0,0,10000,1/4/2023,2023-04-01,2025-11-09 09:09:26.788698,data/lms_loan_daily.csv,2023-04-01
CUS_0x4b9c_2023_03_01,CUS_0x4b9c,1/3/2023,10,1,10000,1000,1000,0,9000,1/4/2023,2023-04-01,2025-11-09 09:09:26.788698,data/lms_loan_daily.csv,2023-04-01
CUS_0x4be2_2023_01_01,CUS_0x4be2,1/1/2023,10,3,10000,1000,0,1000,8000,1/4/2023,2023-04-01,2025-11-09 09:09:26.788698,data/lms_loan_daily.csv,2023-04-01
CUS_0x4be5_2023_02_01,CUS_0x4be5,1/2/2023,10,2,10000,1000,1000,0,8000,1/4/2023,2023-04-01,2025-11-09 09:09:26.788698,data/lms_loan_daily.csv,2023-04-01
CUS_0x4bf4_2023_02_01,CUS_0x4bf4,1/2/2023,10,2,10000,1000,1000,0,8000,1/4/2023,2023-04-01,2025-11-09 09:09:26.788698,data/lms_loan_daily.csv,2023-04-01
CUS_0x4bfc_2023_01_01,CUS_0x4bfc,1/1/2023,10,3,10000,1000,1000,0,7000,1/4/2023,2023-04-01,2025-11-09 09:09:26.788698,data/lms_loan_daily.csv,2023-04-01
CUS_0x4c1c_2023_04_01,CUS_0x4c1c,1/4/2023,10,0,10000,0,0,0,10000,1/4/2023,2023-04-01,2025-11-09 09:09:26.788698,data/lms_loan_daily.csv,2023-04-01
CUS_0x4c1e_2023_04_01,CUS_0x4c1e,1/4/2023,10,0,10000,0,0,0,10000,1/4/2023,2023-04-01,2025-11-09 09:09:26.788698,data/lms_loan_daily.csv,2023-04-01
CUS_0x4c29_2023_01_01,CUS_0x4c29,1/1/2023,10,3,10000,1000,1000,0,7000,1/4/2023,2023-04-01,2025-11-09 09:09:26.788698,data/lms_loan_daily.csv,2023-04-01
CUS_0x4c45_2023_03_01,CUS_0x4c45,1/3/2023,10,1,10000,1000,0,1000,10000,1/4/2023,2023-04-01,2025-11-09 09:09:26.788698,data/lms_loan_daily.csv,2023-04-01
CUS_0x4c5_2023_02_01,CUS_0x4c5,1/2/2023,10,2,10000,1000,1000,0,8000,1/4/2023,2023-04-01,2025-11-09 09:09:26.788698,data/lms_loan_daily.csv,2023-04-01
CUS_0x4c71_2023_01_01,CUS_0x4c71,1/1/2023,10,3,10000,1000,1000,0,7000,1/4/2023,2023-04-01,2025-11-09 09:09:26.788698,data/lms_loan_daily.csv,2023-04-01
CUS_0x4c75_2023_02_01,CUS_0x4c75,1/2/2023,10,2,10000,1000,1000,0,8000,1/4/2023,2023-04-01,2025-11-09 09:09:26.788698,data/lms_loan_daily.csv,2023-04-01
CUS_0x4c87_2023_04_01,CUS_0x4c87,1/4/2023,10,0,10000,0,0,0,10000,1/4/2023,2023-04-01,2025-11-09 09:09:26.788698,data/lms_loan_daily.csv,2023-04-01
CUS_0x4c8c_2023_02_01,CUS_0x4c8c,1/2/2023,10,2,10000,1000,2000,0,8000,1/4/2023,2023-04-01,2025-11-09 09:09:26.788698,data/lms_loan_daily.csv,2023-04-01
CUS_0x4c8d_2023_02_01,CUS_0x4c8d,1/2/2023,10,2,10000,1000,1000,0,8000,1/4/2023,2023-04-01,2025-11-09 09:09:26.788698,data/lms_loan_daily.csv,2023-04-01
CUS_0x4c9_2023_04_01,CUS_0x4c9,1/4/2023,10,0,10000,0,0,0,10000,1/4/2023,2023-04-01,2025-11-09 09:09:26.788698,data/lms_loan_daily.csv,2023-04-01
CUS_0x4c90_2023_03_01,CUS_0x4c90,1/3/2023,10,1,10000,1000,1000,0,9000,1/4/2023,2023-04-01,2025-11-09 09:09:26.788698,data/lms_loan_daily.csv,2023-04-01
CUS_0x4cb3_2023_03_01,CUS_0x4cb3,1/3/2023,10,1,10000,1000,1000,0,9000,1/4/2023,2023-04-01,2025-11-09 09:09:26.788698,data/lms_loan_daily.csv,2023-04-01
CUS_0x4cdd_2023_01_01,CUS_0x4cdd,1/1/2023,10,3,10000,1000,1000,0,7000,1/4/2023,2023-04-01,2025-11-09 09:09:26.788698,data/lms_loan_daily.csv,2023-04-01
CUS_0x4cf6_2023_01_01,CUS_0x4cf6,1/1/2023,10,3,10000,1000,1000,0,7000,1/4/2023,2023-04-01,2025-11-09 09:09:26.788698,data/lms_loan_daily.csv,2023-04-01
CUS_0x4d05_2023_01_01,CUS_0x4d05,1/1/2023,10,3,10000,1000,1000,0,7000,1/4/2023,2023-04-01,2025-11-09 09:09:26.788698,data/lms_loan_daily.csv,2023-04-01
CUS_0x4d16_2023_03_01,CUS_0x4d16,1/3/2023,10,1,10000,1000,0,1000,10000,1/4/2023,2023-04-01,2025-11-09 09:09:26.788698,data/lms_loan_daily.csv,2023-04-01
CUS_0x4d35_2023_02_01,CUS_0x4d35,1/2/2023,10,2,10000,1000,1000,0,8000,1/4/2023,2023-04-01,2025-11-09 09:09:26.788698,data/lms_loan_daily.csv,2023-04-01
CUS_0x4d41_2023_01_01,CUS_0x4d41,1/1/2023,10,3,10000,1000,0,2000,9000,1/4/2023,2023-04-01,2025-11-09 09:09:26.788698,data/lms_loan_daily.csv,2023-04-01
CUS_0x4d4d_2023_03_01,CUS_0x4d4d,1/3/2023,10,1,10000,1000,1000,0,9000,1/4/2023,2023-04-01,2025-11-09 09:09:26.788698,data/lms_loan_daily.csv,2023-04-01
CUS_0x4d66_2023_04_01,CUS_0x4d66,1/4/2023,10,0,10000,0,0,0,10000,1/4/2023,2023-04-01,2025-11-09 09:09:26.788698,data/lms_loan_daily.csv,2023-04-01
CUS_0x4d92_2023_02_01,CUS_0x4d92,1/2/2023,10,2,10000,1000,1000,0,8000,1/4/2023,2023-04-01,2025-11-09 09:09:26.788698,data/lms_loan_daily.csv,2023-04-01
CUS_0x4db7_2023_02_01,CUS_0x4db7,1/2/2023,10,2,10000,1000,0,1000,9000,1/4/2023,2023-04-01,2025-11-09 09:09:26.788698,data/lms_loan_daily.csv,2023-04-01
CUS_0x4dc9_2023_01_01,CUS_0x4dc9,1/1/2023,10,3,10000,1000,1000,0,7000,1/4/2023,2023-04-01,2025-11-09 09:09:26.788698,data/lms_loan_daily.csv,2023-04-01
CUS_0x4ddc_2023_01_01,CUS_0x4ddc,1/1/2023,10,3,10000,1000,1000,0,7000,1/4/2023,2023-04-01,2025-11-09 09:09:26.788698,data/lms_loan_daily.csv,2023-04-01
CUS_0x4ddf_2023_01_01,CUS_0x4ddf,1/1/2023,10,3,10000,1000,1000,0,7000,1/4/2023,2023-04-01,2025-11-09 09:09:26.788698,data/lms_loan_daily.csv,2023-04-01
CUS_0x4de7_2023_03_01,CUS_0x4de7,1/3/2023,10,1,10000,1000,1000,0,9000,1/4/2023,2023-04-01,2025-11-09 09:09:26.788698,data/lms_loan_daily.csv,2023-04-01
CUS_0x4de9_2023_02_01,CUS_0x4de9,1/2/2023,10,2,10000,1000,1000,0,8000,1/4/2023,2023-04-01,2025-11-09 09:09:26.788698,data/lms_loan_daily.csv,2023-04-01
CUS_0x4dfe_2023_04_01,CUS_0x4dfe,1/4/2023,10,0,10000,0,0,0,10000,1/4/2023,2023-04-01,2025-11-09 09:09:26.788698,data/lms_loan_daily.csv,2023-04-01
CUS_0x4e03_2023_03_01,CUS_0x4e03,1/3/2023,10,1,10000,1000,0,1000,10000,1/4/2023,2023-04-01,2025-11-09 09:09:26.788698,data/lms_loan_daily.csv,2023-04-01
CUS_0x4e11_2023_03_01,CUS_0x4e11,1/3/2023,10,1,10000,1000,1000,0,9000,1/4/2023,2023-04-01,2025-11-09 09:09:26.788698,data/lms_loan_daily.csv,2023-04-01
CUS_0x4e30_2023_04_01,CUS_0x4e30,1/4/2023,10,0,10000,0,0,0,10000,1/4/2023,2023-04-01,2025-11-09 09:09:26.788698,data/lms_loan_daily.csv,2023-04-01
CUS_0x4e38_2023_03_01,CUS_0x4e38,1/3/2023,10,1,10000,1000,1000,0,9000,1/4/2023,2023-04-01,2025-11-09 09:09:26.788698,data/lms_loan_daily.csv,2023-04-01
CUS_0x4e6a_2023_03_01,CUS_0x4e6a,1/3/2023,10,1,10000,1000,1000,0,9000,1/4/2023,2023-04-01,2025-11-09 09:09:26.788698,data/lms_loan_daily.csv,2023-04-01
CUS_0x4eae_2023_02_01,CUS_0x4eae,1/2/2023,10,2,10000,1000,1000,0,8000,1/4/2023,2023-04-01,2025-11-09 09:09:26.788698,data/lms_loan_daily.csv,2023-04-01
CUS_0x4eb4_2023_04_01,CUS_0x4eb4,1/4/2023,10,0,10000,0,0,0,10000,1/4/2023,2023-04-01,2025-11-09 09:09:26.788698,data/lms_loan_daily.csv,2023-04-01
CUS_0x4ebf_2023_02_01,CUS_0x4ebf,1/2/2023,10,2,10000,1000,1000,0,8000,1/4/2023,2023-04-01,2025-11-09 09:09:26.788698,data/lms_loan_daily.csv,2023-04-01
CUS_0x4ec5_2023_04_01,CUS_0x4ec5,1/4/2023,10,0,10000,0,0,0,10000,1/4/2023,2023-04-01,2025-11-09 09:09:26.788698,data/lms_loan_daily.csv,2023-04-01
CUS_0x4ee9_2023_02_01,CUS_0x4ee9,1/2/2023,10,2,10000,1000,1000,0,8000,1/4/2023,2023-04-01,2025-11-09 09:09:26.788698,data/lms_loan_daily.csv,2023-04-01
CUS_0x4f10_2023_04_01,CUS_0x4f10,1/4/2023,10,0,10000,0,0,0,10000,1/4/2023,2023-04-01,2025-11-09 09:09:26.788698,data/lms_loan_daily.csv,2023-04-01
CUS_0x4f13_2023_02_01,CUS_0x4f13,1/2/2023,10,2,10000,1000,1000,0,8000,1/4/2023,2023-04-01,2025-11-09 09:09:26.788698,data/lms_loan_daily.csv,2023-04-01
CUS_0x4f34_2023_03_01,CUS_0x4f34,1/3/2023,10,1,10000,1000,1000,0,9000,1/4/2023,2023-04-01,2025-11-09 09:09:26.788698,data/lms_loan_daily.csv,2023-04-01
CUS_0x4f72_2023_03_01,CUS_0x4f72,1/3/2023,10,1,10000,1000,1000,0,9000,1/4/2023,2023-04-01,2025-11-09 09:09:26.788698,data/lms_loan_daily.csv,2023-04-01
CUS_0x4fd4_2023_03_01,CUS_0x4fd4,1/3/2023,10,1,10000,1000,1000,0,9000,1/4/2023,2023-04-01,2025-11-09 09:09:26.788698,data/lms_loan_daily.csv,2023-04-01
CUS_0x4ff5_2023_02_01,CUS_0x4ff5,1/2/2023,10,2,10000,1000,1000,0,8000,1/4/2023,2023-04-01,2025-11-09 09:09:26.788698,data/lms_loan_daily.csv,2023-04-01
CUS_0x5002_2023_04_01,CUS_0x5002,1/4/2023,10,0,10000,0,0,0,10000,1/4/2023,2023-04-01,2025-11-09 09:09:26.788698,data/lms_loan_daily.csv,2023-04-01
CUS_0x5036_2023_04_01,CUS_0x5036,1/4/2023,10,0,10000,0,0,0,10000,1/4/2023,2023-04-01,2025-11-09 09:09:26.788698,data/lms_loan_daily.csv,2023-04-01
CUS_0x509_2023_04_01,CUS_0x509,1/4/2023,10,0,10000,0,0,0,10000,1/4/2023,2023-04-01,2025-11-09 09:09:26.788698,data/lms_loan_daily.csv,2023-04-01
CUS_0x50ab_2023_02_01,CUS_0x50ab,1/2/2023,10,2,10000,1000,2000,0,8000,1/4/2023,2023-04-01,2025-11-09 09:09:26.788698,data/lms_loan_daily.csv,2023-04-01
CUS_0x50c9_2023_04_01,CUS_0x50c9,1/4/2023,10,0,10000,0,0,0,10000,1/4/2023,2023-04-01,2025-11-09 09:09:26.788698,data/lms_loan_daily.csv,2023-04-01
CUS_0x50f7_2023_01_01,CUS_0x50f7,1/1/2023,10,3,10000,1000,0,1000,8000,1/4/2023,2023-04-01,2025-11-09 09:09:26.788698,data/lms_loan_daily.csv,2023-04-01
CUS_0x5107_2023_03_01,CUS_0x5107,1/3/2023,10,1,10000,1000,1000,0,9000,1/4/2023,2023-04-01,2025-11-09 09:09:26.788698,data/lms_loan_daily.csv,2023-04-01
CUS_0x5111_2023_01_01,CUS_0x5111,1/1/2023,10,3,10000,1000,0,2000,9000,1/4/2023,2023-04-01,2025-11-09 09:09:26.788698,data/lms_loan_daily.csv,2023-04-01
CUS_0x5121_2023_04_01,CUS_0x5121,1/4/2023,10,0,10000,0,0,0,10000,1/4/2023,2023-04-01,2025-11-09 09:09:26.788698,data/lms_loan_daily.csv,2023-04-01
CUS_0x512e_2023_03_01,CUS_0x512e,1/3/2023,10,1,10000,1000,1000,0,9000,1/4/2023,2023-04-01,2025-11-09 09:09:26.788698,data/lms_loan_daily.csv,2023-04-01
CUS_0x513_2023_03_01,CUS_0x513,1/3/2023,10,1,10000,1000,1000,0,9000,1/4/2023,2023-04-01,2025-11-09 09:09:26.788698,data/lms_loan_daily.csv,2023-04-01
CUS_0x5158_2023_01_01,CUS_0x5158,1/1/2023,10,3,10000,1000,1000,0,7000,1/4/2023,2023-04-01,2025-11-09 09:09:26.788698,data/lms_loan_daily.csv,2023-04-01
CUS_0x5162_2023_04_01,CUS_0x5162,1/4/2023,10,0,10000,0,0,0,10000,1/4/2023,2023-04-01,2025-11-09 09:09:26.788698,data/lms_loan_daily.csv,2023-04-01
CUS_0x51b3_2023_01_01,CUS_0x51b3,1/1/2023,10,3,10000,1000,1000,0,7000,1/4/2023,2023-04-01,2025-11-09 09:09:26.788698,data/lms_loan_daily.csv,2023-04-01
CUS_0x51b9_2023_03_01,CUS_0x51b9,1/3/2023,10,1,10000,1000,0,1000,10000,1/4/2023,2023-04-01,2025-11-09 09:09:26.788698,data/lms_loan_daily.csv,2023-04-01
CUS_0x51c0_2023_04_01,CUS_0x51c0,1/4/2023,10,0,10000,0,0,0,10000,1/4/2023,2023-04-01,2025-11-09 09:09:26.788698,data/lms_loan_daily.csv,2023-04-01
CUS_0x51c9_2023_01_01,CUS_0x51c9,1/1/2023,10,3,10000,1000,1000,0,7000,1/4/2023,2023-04-01,2025-11-09 09:09:26.788698,data/lms_loan_daily.csv,2023-04-01
CUS_0x51e_2023_01_01,CUS_0x51e,1/1/2023,10,3,10000,1000,1000,0,7000,1/4/2023,2023-04-01,2025-11-09 09:09:26.788698,data/lms_loan_daily.csv,2023-04-01
CUS_0x51e0_2023_04_01,CUS_0x51e0,1/4/2023,10,0,10000,0,0,0,10000,1/4/2023,2023-04-01,2025-11-09 09:09:26.788698,data/lms_loan_daily.csv,2023-04-01
CUS_0x51e1_2023_04_01,CUS_0x51e1,1/4/2023,10,0,10000,0,0,0,10000,1/4/2023,2023-04-01,2025-11-09 09:09:26.788698,data/lms_loan_daily.csv,2023-04-01
CUS_0x51e7_2023_01_01,CUS_0x51e7,1/1/2023,10,3,10000,1000,1000,0,7000,1/4/2023,2023-04-01,2025-11-09 09:09:26.788698,data/lms_loan_daily.csv,2023-04-01
CUS_0x5225_2023_01_01,CUS_0x5225,1/1/2023,10,3,10000,1000,0,2000,9000,1/4/2023,2023-04-01,2025-11-09 09:09:26.788698,data/lms_loan_daily.csv,2023-04-01
CUS_0x522d_2023_01_01,CUS_0x522d,1/1/2023,10,3,10000,1000,1000,0,7000,1/4/2023,2023-04-01,2025-11-09 09:09:26.788698,data/lms_loan_daily.csv,2023-04-01
CUS_0x5235_2023_02_01,CUS_0x5235,1/2/2023,10,2,10000,1000,0,1000,9000,1/4/2023,2023-04-01,2025-11-09 09:09:26.788698,data/lms_loan_daily.csv,2023-04-01
CUS_0x5247_2023_02_01,CUS_0x5247,1/2/2023,10,2,10000,1000,1000,0,8000,1/4/2023,2023-04-01,2025-11-09 09:09:26.788698,data/lms_loan_daily.csv,2023-04-01
CUS_0x5260_2023_03_01,CUS_0x5260,1/3/2023,10,1,10000,1000,1000,0,9000,1/4/2023,2023-04-01,2025-11-09 09:09:26.788698,data/lms_loan_daily.csv,2023-04-01
CUS_0x5268_2023_02_01,CUS_0x5268,1/2/2023,10,2,10000,1000,1000,0,8000,1/4/2023,2023-04-01,2025-11-09 09:09:26.788698,data/lms_loan_daily.csv,2023-04-01
CUS_0x526d_2023_04_01,CUS_0x526d,1/4/2023,10,0,10000,0,0,0,10000,1/4/2023,2023-04-01,2025-11-09 09:09:26.788698,data/lms_loan_daily.csv,2023-04-01
CUS_0x527c_2023_03_01,CUS_0x527c,1/3/2023,10,1,10000,1000,1000,0,9000,1/4/2023,2023-04-01,2025-11-09 09:09:26.788698,data/lms_loan_daily.csv,2023-04-01
CUS_0x527f_2023_01_01,CUS_0x527f,1/1/2023,10,3,10000,1000,1000,0,7000,1/4/2023,2023-04-01,2025-11-09 09:09:26.788698,data/lms_loan_daily.csv,2023-04-01
CUS_0x52a5_2023_01_01,CUS_0x52a5,1/1/2023,10,3,10000,1000,0,2000,9000,1/4/2023,2023-04-01,2025-11-09 09:09:26.788698,data/lms_loan_daily.csv,2023-04-01
CUS_0x52aa_2023_01_01,CUS_0x52aa,1/1/2023,10,3,10000,1000,0,3000,10000,1/4/2023,2023-04-01,2025-11-09 09:09:26.788698,data/lms_loan_daily.csv,2023-04-01
CUS_0x52ad_2023_04_01,CUS_0x52ad,1/4/2023,10,0,10000,0,0,0,10000,1/4/2023,2023-04-01,2025-11-09 09:09:26.788698,data/lms_loan_daily.csv,2023-04-01
CUS_0x52f1_2023_04_01,CUS_0x52f1,1/4/2023,10,0,10000,0,0,0,10000,1/4/2023,2023-04-01,2025-11-09 09:09:26.788698,data/lms_loan_daily.csv,2023-04-01
CUS_0x52fb_2023_03_01,CUS_0x52fb,1/3/2023,10,1,10000,1000,0,1000,10000,1/4/2023,2023-04-01,2025-11-09 09:09:26.788698,data/lms_loan_daily.csv,2023-04-01
CUS_0x530a_2023_04_01,CUS_0x530a,1/4/2023,10,0,10000,0,0,0,10000,1/4/2023,2023-04-01,2025-11-09 09:09:26.788698,data/lms_loan_daily.csv,2023-04-01
CUS_0x531a_2023_03_01,CUS_0x531a,1/3/2023,10,1,10000,1000,1000,0,9000,1/4/2023,2023-04-01,2025-11-09 09:09:26.788698,data/lms_loan_daily.csv,2023-04-01
CUS_0x532d_2023_02_01,CUS_0x532d,1/2/2023,10,2,10000,1000,1000,0,8000,1/4/2023,2023-04-01,2025-11-09 09:09:26.788698,data/lms_loan_daily.csv,2023-04-01
CUS_0x5334_2023_03_01,CUS_0x5334,1/3/2023,10,1,10000,1000,1000,0,9000,1/4/2023,2023-04-01,2025-11-09 09:09:26.788698,data/lms_loan_daily.csv,2023-04-01
CUS_0x533b_2023_04_01,CUS_0x533b,1/4/2023,10,0,10000,0,0,0,10000,1/4/2023,2023-04-01,2025-11-09 09:09:26.788698,data/lms_loan_daily.csv,2023-04-01
CUS_0x5342_2023_03_01,CUS_0x5342,1/3/2023,10,1,10000,1000,1000,0,9000,1/4/2023,2023-04-01,2025-11-09 09:09:26.788698,data/lms_loan_daily.csv,2023-04-01
CUS_0x536b_2023_03_01,CUS_0x536b,1/3/2023,10,1,10000,1000,1000,0,9000,1/4/2023,2023-04-01,2025-11-09 09:09:26.788698,data/lms_loan_daily.csv,2023-04-01
CUS_0x537_2023_01_01,CUS_0x537,1/1/2023,10,3,10000,1000,1000,0,7000,1/4/2023,2023-04-01,2025-11-09 09:09:26.788698,data/lms_loan_daily.csv,2023-04-01
CUS_0x5386_2023_04_01,CUS_0x5386,1/4/2023,10,0,10000,0,0,0,10000,1/4/2023,2023-04-01,2025-11-09 09:09:26.788698,data/lms_loan_daily.csv,2023-04-01
CUS_0x53c_2023_03_01,CUS_0x53c,1/3/2023,10,1,10000,1000,1000,0,9000,1/4/2023,2023-04-01,2025-11-09 09:09:26.788698,data/lms_loan_daily.csv,2023-04-01
CUS_0x53d6_2023_03_01,CUS_0x53d6,1/3/2023,10,1,10000,1000,1000,0,9000,1/4/2023,2023-04-01,2025-11-09 09:09:26.788698,data/lms_loan_daily.csv,2023-04-01
CUS_0x53e0_2023_02_01,CUS_0x53e0,1/2/2023,10,2,10000,1000,1000,0,8000,1/4/2023,2023-04-01,2025-11-09 09:09:26.788698,data/lms_loan_daily.csv,2023-04-01
CUS_0x53f4_2023_01_01,CUS_0x53f4,1/1/2023,10,3,10000,1000,1000,0,7000,1/4/2023,2023-04-01,2025-11-09 09:09:26.788698,data/lms_loan_daily.csv,2023-04-01
CUS_0x540f_2023_01_01,CUS_0x540f,1/1/2023,10,3,10000,1000,1000,0,7000,1/4/2023,2023-04-01,2025-11-09 09:09:26.788698,data/lms_loan_daily.csv,2023-04-01
CUS_0x5417_2023_02_01,CUS_0x5417,1/2/2023,10,2,10000,1000,1000,0,8000,1/4/2023,2023-04-01,2025-11-09 09:09:26.788698,data/lms_loan_daily.csv,2023-04-01
CUS_0x541a_2023_01_01,CUS_0x541a,1/1/2023,10,3,10000,1000,1000,0,7000,1/4/2023,2023-04-01,2025-11-09 09:09:26.788698,data/lms_loan_daily.csv,2023-04-01
CUS_0x5447_2023_04_01,CUS_0x5447,1/4/2023,10,0,10000,0,0,0,10000,1/4/2023,2023-04-01,2025-11-09 09:09:26.788698,data/lms_loan_daily.csv,2023-04-01
CUS_0x5470_2023_02_01,CUS_0x5470,1/2/2023,10,2,10000,1000,1000,0,8000,1/4/2023,2023-04-01,2025-11-09 09:09:26.788698,data/lms_loan_daily.csv,2023-04-01
CUS_0x5471_2023_03_01,CUS_0x5471,1/3/2023,10,1,10000,1000,1000,0,9000,1/4/2023,2023-04-01,2025-11-09 09:09:26.788698,data/lms_loan_daily.csv,2023-04-01
CUS_0x5499_2023_04_01,CUS_0x5499,1/4/2023,10,0,10000,0,0,0,10000,1/4/2023,2023-04-01,2025-11-09 09:09:26.788698,data/lms_loan_daily.csv,2023-04-01
CUS_0x54b1_2023_04_01,CUS_0x54b1,1/4/2023,10,0,10000,0,0,0,10000,1/4/2023,2023-04-01,2025-11-09 09:09:26.788698,data/lms_loan_daily.csv,2023-04-01
CUS_0x54d4_2023_01_01,CUS_0x54d4,1/1/2023,10,3,10000,1000,0,1000,8000,1/4/2023,2023-04-01,2025-11-09 09:09:26.788698,data/lms_loan_daily.csv,2023-04-01
CUS_0x5505_2023_01_01,CUS_0x5505,1/1/2023,10,3,10000,1000,1000,0,7000,1/4/2023,2023-04-01,2025-11-09 09:09:26.788698,data/lms_loan_daily.csv,2023-04-01
CUS_0x5507_2023_04_01,CUS_0x5507,1/4/2023,10,0,10000,0,0,0,10000,1/4/2023,2023-04-01,2025-11-09 09:09:26.788698,data/lms_loan_daily.csv,2023-04-01
CUS_0x550b_2023_02_01,CUS_0x550b,1/2/2023,10,2,10000,1000,1000,0,8000,1/4/2023,2023-04-01,2025-11-09 09:09:26.788698,data/lms_loan_daily.csv,2023-04-01
CUS_0x5513_2023_03_01,CUS_0x5513,1/3/2023,10,1,10000,1000,1000,0,9000,1/4/2023,2023-04-01,2025-11-09 09:09:26.788698,data/lms_loan_daily.csv,2023-04-01
CUS_0x5525_2023_01_01,CUS_0x5525,1/1/2023,10,3,10000,1000,1000,0,7000,1/4/2023,2023-04-01,2025-11-09 09:09:26.788698,data/lms_loan_daily.csv,2023-04-01
CUS_0x5528_2023_04_01,CUS_0x5528,1/4/2023,10,0,10000,0,0,0,10000,1/4/2023,2023-04-01,2025-11-09 09:09:26.788698,data/lms_loan_daily.csv,2023-04-01
CUS_0x553e_2023_01_01,CUS_0x553e,1/1/2023,10,3,10000,1000,1000,0,7000,1/4/2023,2023-04-01,2025-11-09 09:09:26.788698,data/lms_loan_daily.csv,2023-04-01
CUS_0x5563_2023_04_01,CUS_0x5563,1/4/2023,10,0,10000,0,0,0,10000,1/4/2023,2023-04-01,2025-11-09 09:09:26.788698,data/lms_loan_daily.csv,2023-04-01
CUS_0x55b_2023_03_01,CUS_0x55b,1/3/2023,10,1,10000,1000,1000,0,9000,1/4/2023,2023-04-01,2025-11-09 09:09:26.788698,data/lms_loan_daily.csv,2023-04-01
CUS_0x55ed_2023_03_01,CUS_0x55ed,1/3/2023,10,1,10000,1000,0,1000,10000,1/4/2023,2023-04-01,2025-11-09 09:09:26.788698,data/lms_loan_daily.csv,2023-04-01
CUS_0x55f0_2023_01_01,CUS_0x55f0,1/1/2023,10,3,10000,1000,1000,0,7000,1/4/2023,2023-04-01,2025-11-09 09:09:26.788698,data/lms_loan_daily.csv,2023-04-01
CUS_0x560e_2023_02_01,CUS_0x560e,1/2/2023,10,2,10000,1000,1000,0,8000,1/4/2023,2023-04-01,2025-11-09 09:09:26.788698,data/lms_loan_daily.csv,2023-04-01
CUS_0x562a_2023_03_01,CUS_0x562a,1/3/2023,10,1,10000,1000,1000,0,9000,1/4/2023,2023-04-01,2025-11-09 09:09:26.788698,data/lms_loan_daily.csv,2023-04-01
CUS_0x563c_2023_03_01,CUS_0x563c,1/3/2023,10,1,10000,1000,1000,0,9000,1/4/2023,2023-04-01,2025-11-09 09:09:26.788698,data/lms_loan_daily.csv,2023-04-01
CUS_0x5654_2023_03_01,CUS_0x5654,1/3/2023,10,1,10000,1000,1000,0,9000,1/4/2023,2023-04-01,2025-11-09 09:09:26.788698,data/lms_loan_daily.csv,2023-04-01
CUS_0x565d_2023_01_01,CUS_0x565d,1/1/2023,10,3,10000,1000,1000,0,7000,1/4/2023,2023-04-01,2025-11-09 09:09:26.788698,data/lms_loan_daily.csv,2023-04-01
CUS_0x5698_2023_03_01,CUS_0x5698,1/3/2023,10,1,10000,1000,1000,0,9000,1/4/2023,2023-04-01,2025-11-09 09:09:26.788698,data/lms_loan_daily.csv,2023-04-01
CUS_0x56ab_2023_02_01,CUS_0x56ab,1/2/2023,10,2,10000,1000,1000,0,8000,1/4/2023,2023-04-01,2025-11-09 09:09:26.788698,data/lms_loan_daily.csv,2023-04-01
CUS_0x56c_2023_04_01,CUS_0x56c,1/4/2023,10,0,10000,0,0,0,10000,1/4/2023,2023-04-01,2025-11-09 09:09:26.788698,data/lms_loan_daily.csv,2023-04-01
CUS_0x56f1_2023_01_01,CUS_0x56f1,1/1/2023,10,3,10000,1000,0,2000,9000,1/4/2023,2023-04-01,2025-11-09 09:09:26.788698,data/lms_loan_daily.csv,2023-04-01
CUS_0x56f6_2023_03_01,CUS_0x56f6,1/3/2023,10,1,10000,1000,1000,0,9000,1/4/2023,2023-04-01,2025-11-09 09:09:26.788698,data/lms_loan_daily.csv,2023-04-01
CUS_0x57b2_2023_03_01,CUS_0x57b2,1/3/2023,10,1,10000,1000,1000,0,9000,1/4/2023,2023-04-01,2025-11-09 09:09:26.788698,data/lms_loan_daily.csv,2023-04-01
CUS_0x57c2_2023_04_01,CUS_0x57c2,1/4/2023,10,0,10000,0,0,0,10000,1/4/2023,2023-04-01,2025-11-09 09:09:26.788698,data/lms_loan_daily.csv,2023-04-01
CUS_0x57da_2023_04_01,CUS_0x57da,1/4/2023,10,0,10000,0,0,0,10000,1/4/2023,2023-04-01,2025-11-09 09:09:26.788698,data/lms_loan_daily.csv,2023-04-01
CUS_0x57e7_2023_04_01,CUS_0x57e7,1/4/2023,10,0,10000,0,0,0,10000,1/4/2023,2023-04-01,2025-11-09 09:09:26.788698,data/lms_loan_daily.csv,2023-04-01
CUS_0x57ea_2023_04_01,CUS_0x57ea,1/4/2023,10,0,10000,0,0,0,10000,1/4/2023,2023-04-01,2025-11-09 09:09:26.788698,data/lms_loan_daily.csv,2023-04-01
CUS_0x5810_2023_03_01,CUS_0x5810,1/3/2023,10,1,10000,1000,1000,0,9000,1/4/2023,2023-04-01,2025-11-09 09:09:26.788698,data/lms_loan_daily.csv,2023-04-01
CUS_0x5826_2023_04_01,CUS_0x5826,1/4/2023,10,0,10000,0,0,0,10000,1/4/2023,2023-04-01,2025-11-09 09:09:26.788698,data/lms_loan_daily.csv,2023-04-01
CUS_0x5849_2023_01_01,CUS_0x5849,1/1/2023,10,3,10000,1000,0,1000,8000,1/4/2023,2023-04-01,2025-11-09 09:09:26.788698,data/lms_loan_daily.csv,2023-04-01
CUS_0x5856_2023_04_01,CUS_0x5856,1/4/2023,10,0,10000,0,0,0,10000,1/4/2023,2023-04-01,2025-11-09 09:09:26.788698,data/lms_loan_daily.csv,2023-04-01
CUS_0x5876_2023_03_01,CUS_0x5876,1/3/2023,10,1,10000,1000,1000,0,9000,1/4/2023,2023-04-01,2025-11-09 09:09:26.788698,data/lms_loan_daily.csv,2023-04-01
CUS_0x5877_2023_01_01,CUS_0x5877,1/1/2023,10,3,10000,1000,1000,0,7000,1/4/2023,2023-04-01,2025-11-09 09:09:26.788698,data/lms_loan_daily.csv,2023-04-01
CUS_0x58bf_2023_01_01,CUS_0x58bf,1/1/2023,10,3,10000,1000,1000,0,7000,1/4/2023,2023-04-01,2025-11-09 09:09:26.788698,data/lms_loan_daily.csv,2023-04-01
CUS_0x58d0_2023_04_01,CUS_0x58d0,1/4/2023,10,0,10000,0,0,0,10000,1/4/2023,2023-04-01,2025-11-09 09:09:26.788698,data/lms_loan_daily.csv,2023-04-01
CUS_0x58e5_2023_03_01,CUS_0x58e5,1/3/2023,10,1,10000,1000,1000,0,9000,1/4/2023,2023-04-01,2025-11-09 09:09:26.788698,data/lms_loan_daily.csv,2023-04-01
CUS_0x5975_2023_02_01,CUS_0x5975,1/2/2023,10,2,10000,1000,1000,0,8000,1/4/2023,2023-04-01,2025-11-09 09:09:26.788698,data/lms_loan_daily.csv,2023-04-01
CUS_0x5999_2023_01_01,CUS_0x5999,1/1/2023,10,3,10000,1000,1000,0,7000,1/4/2023,2023-04-01,2025-11-09 09:09:26.788698,data/lms_loan_daily.csv,2023-04-01
CUS_0x59b5_2023_04_01,CUS_0x59b5,1/4/2023,10,0,10000,0,0,0,10000,1/4/2023,2023-04-01,2025-11-09 09:09:26.788698,data/lms_loan_daily.csv,2023-04-01
CUS_0x59d0_2023_01_01,CUS_0x59d0,1/1/2023,10,3,10000,1000,1000,0,7000,1/4/2023,2023-04-01,2025-11-09 09:09:26.788698,data/lms_loan_daily.csv,2023-04-01
CUS_0x59e6_2023_04_01,CUS_0x59e6,1/4/2023,10,0,10000,0,0,0,10000,1/4/2023,2023-04-01,2025-11-09 09:09:26.788698,data/lms_loan_daily.csv,2023-04-01
CUS_0x59eb_2023_02_01,CUS_0x59eb,1/2/2023,10,2,10000,1000,1000,0,8000,1/4/2023,2023-04-01,2025-11-09 09:09:26.788698,data/lms_loan_daily.csv,2023-04-01
CUS_0x59f1_2023_03_01,CUS_0x59f1,1/3/2023,10,1,10000,1000,1000,0,9000,1/4/2023,2023-04-01,2025-11-09 09:09:26.788698,data/lms_loan_daily.csv,2023-04-01
CUS_0x59f5_2023_04_01,CUS_0x59f5,1/4/2023,10,0,10000,0,0,0,10000,1/4/2023,2023-04-01,2025-11-09 09:09:26.788698,data/lms_loan_daily.csv,2023-04-01
CUS_0x5a3d_2023_01_01,CUS_0x5a3d,1/1/2023,10,3,10000,1000,0,2000,9000,1/4/2023,2023-04-01,2025-11-09 09:09:26.788698,data/lms_loan_daily.csv,2023-04-01
CUS_0x5a4d_2023_02_01,CUS_0x5a4d,1/2/2023,10,2,10000,1000,1000,0,8000,1/4/2023,2023-04-01,2025-11-09 09:09:26.788698,data/lms_loan_daily.csv,2023-04-01
CUS_0x5a7d_2023_02_01,CUS_0x5a7d,1/2/2023,10,2,10000,1000,1000,0,8000,1/4/2023,2023-04-01,2025-11-09 09:09:26.788698,data/lms_loan_daily.csv,2023-04-01
CUS_0x5ac7_2023_04_01,CUS_0x5ac7,1/4/2023,10,0,10000,0,0,0,10000,1/4/2023,2023-04-01,2025-11-09 09:09:26.788698,data/lms_loan_daily.csv,2023-04-01
CUS_0x5ae6_2023_01_01,CUS_0x5ae6,1/1/2023,10,3,10000,1000,1000,0,7000,1/4/2023,2023-04-01,2025-11-09 09:09:26.788698,data/lms_loan_daily.csv,2023-04-01
CUS_0x5af2_2023_02_01,CUS_0x5af2,1/2/2023,10,2,10000,1000,1000,0,8000,1/4/2023,2023-04-01,2025-11-09 09:09:26.788698,data/lms_loan_daily.csv,2023-04-01
CUS_0x5b41_2023_03_01,CUS_0x5b41,1/3/2023,10,1,10000,1000,1000,0,9000,1/4/2023,2023-04-01,2025-11-09 09:09:26.788698,data/lms_loan_daily.csv,2023-04-01
CUS_0x5b4e_2023_04_01,CUS_0x5b4e,1/4/2023,10,0,10000,0,0,0,10000,1/4/2023,2023-04-01,2025-11-09 09:09:26.788698,data/lms_loan_daily.csv,2023-04-01
CUS_0x5b62_2023_02_01,CUS_0x5b62,1/2/2023,10,2,10000,1000,1000,0,8000,1/4/2023,2023-04-01,2025-11-09 09:09:26.788698,data/lms_loan_daily.csv,2023-04-01
CUS_0x5b6c_2023_04_01,CUS_0x5b6c,1/4/2023,10,0,10000,0,0,0,10000,1/4/2023,2023-04-01,2025-11-09 09:09:26.788698,data/lms_loan_daily.csv,2023-04-01
CUS_0x5bb8_2023_04_01,CUS_0x5bb8,1/4/2023,10,0,10000,0,0,0,10000,1/4/2023,2023-04-01,2025-11-09 09:09:26.788698,data/lms_loan_daily.csv,2023-04-01
CUS_0x5bbc_2023_04_01,CUS_0x5bbc,1/4/2023,10,0,10000,0,0,0,10000,1/4/2023,2023-04-01,2025-11-09 09:09:26.788698,data/lms_loan_daily.csv,2023-04-01
CUS_0x5bce_2023_01_01,CUS_0x5bce,1/1/2023,10,3,10000,1000,1000,0,7000,1/4/2023,2023-04-01,2025-11-09 09:09:26.788698,data/lms_loan_daily.csv,2023-04-01
CUS_0x5bf_2023_03_01,CUS_0x5bf,1/3/2023,10,1,10000,1000,1000,0,9000,1/4/2023,2023-04-01,2025-11-09 09:09:26.788698,data/lms_loan_daily.csv,2023-04-01
CUS_0x5c1c_2023_03_01,CUS_0x5c1c,1/3/2023,10,1,10000,1000,1000,0,9000,1/4/2023,2023-04-01,2025-11-09 09:09:26.788698,data/lms_loan_daily.csv,2023-04-01
CUS_0x5c60_2023_03_01,CUS_0x5c60,1/3/2023,10,1,10000,1000,1000,0,9000,1/4/2023,2023-04-01,2025-11-09 09:09:26.788698,data/lms_loan_daily.csv,2023-04-01
CUS_0x5c6d_2023_02_01,CUS_0x5c6d,1/2/2023,10,2,10000,1000,1000,0,8000,1/4/2023,2023-04-01,2025-11-09 09:09:26.788698,data/lms_loan_daily.csv,2023-04-01
CUS_0x5c9f_2023_01_01,CUS_0x5c9f,1/1/2023,10,3,10000,1000,0,1000,8000,1/4/2023,2023-04-01,2025-11-09 09:09:26.788698,data/lms_loan_daily.csv,2023-04-01
CUS_0x5cb5_2023_03_01,CUS_0x5cb5,1/3/2023,10,1,10000,1000,1000,0,9000,1/4/2023,2023-04-01,2025-11-09 09:09:26.788698,data/lms_loan_daily.csv,2023-04-01
CUS_0x5cb9_2023_02_01,CUS_0x5cb9,1/2/2023,10,2,10000,1000,1000,0,8000,1/4/2023,2023-04-01,2025-11-09 09:09:26.788698,data/lms_loan_daily.csv,2023-04-01
CUS_0x5cc4_2023_04_01,CUS_0x5cc4,1/4/2023,10,0,10000,0,0,0,10000,1/4/2023,2023-04-01,2025-11-09 09:09:26.788698,data/lms_loan_daily.csv,2023-04-01
CUS_0x5cc6_2023_02_01,CUS_0x5cc6,1/2/2023,10,2,10000,1000,1000,0,8000,1/4/2023,2023-04-01,2025-11-09 09:09:26.788698,data/lms_loan_daily.csv,2023-04-01
CUS_0x5cc8_2023_02_01,CUS_0x5cc8,1/2/2023,10,2,10000,1000,1000,0,8000,1/4/2023,2023-04-01,2025-11-09 09:09:26.788698,data/lms_loan_daily.csv,2023-04-01
CUS_0x5cf1_2023_04_01,CUS_0x5cf1,1/4/2023,10,0,10000,0,0,0,10000,1/4/2023,2023-04-01,2025-11-09 09:09:26.788698,data/lms_loan_daily.csv,2023-04-01
CUS_0x5d01_2023_04_01,CUS_0x5d01,1/4/2023,10,0,10000,0,0,0,10000,1/4/2023,2023-04-01,2025-11-09 09:09:26.788698,data/lms_loan_daily.csv,2023-04-01
CUS_0x5d05_2023_03_01,CUS_0x5d05,1/3/2023,10,1,10000,1000,1000,0,9000,1/4/2023,2023-04-01,2025-11-09 09:09:26.788698,data/lms_loan_daily.csv,2023-04-01
CUS_0x5d0f_2023_03_01,CUS_0x5d0f,1/3/2023,10,1,10000,1000,1000,0,9000,1/4/2023,2023-04-01,2025-11-09 09:09:26.788698,data/lms_loan_daily.csv,2023-04-01
CUS_0x5d24_2023_04_01,CUS_0x5d24,1/4/2023,10,0,10000,0,0,0,10000,1/4/2023,2023-04-01,2025-11-09 09:09:26.788698,data/lms_loan_daily.csv,2023-04-01
CUS_0x5d35_2023_04_01,CUS_0x5d35,1/4/2023,10,0,10000,0,0,0,10000,1/4/2023,2023-04-01,2025-11-09 09:09:26.788698,data/lms_loan_daily.csv,2023-04-01
CUS_0x5d4c_2023_02_01,CUS_0x5d4c,1/2/2023,10,2,10000,1000,1000,0,8000,1/4/2023,2023-04-01,2025-11-09 09:09:26.788698,data/lms_loan_daily.csv,2023-04-01
CUS_0x5d5c_2023_03_01,CUS_0x5d5c,1/3/2023,10,1,10000,1000,0,1000,10000,1/4/2023,2023-04-01,2025-11-09 09:09:26.788698,data/lms_loan_daily.csv,2023-04-01
CUS_0x5d7c_2023_02_01,CUS_0x5d7c,1/2/2023,10,2,10000,1000,1000,0,8000,1/4/2023,2023-04-01,2025-11-09 09:09:26.788698,data/lms_loan_daily.csv,2023-04-01
CUS_0x5dd0_2023_02_01,CUS_0x5dd0,1/2/2023,10,2,10000,1000,1000,0,8000,1/4/2023,2023-04-01,2025-11-09 09:09:26.788698,data/lms_loan_daily.csv,2023-04-01
CUS_0x5e18_2023_02_01,CUS_0x5e18,1/2/2023,10,2,10000,1000,1000,0,8000,1/4/2023,2023-04-01,2025-11-09 09:09:26.788698,data/lms_loan_daily.csv,2023-04-01
CUS_0x5e1f_2023_03_01,CUS_0x5e1f,1/3/2023,10,1,10000,1000,1000,0,9000,1/4/2023,2023-04-01,2025-11-09 09:09:26.788698,data/lms_loan_daily.csv,2023-04-01
CUS_0x5e29_2023_04_01,CUS_0x5e29,1/4/2023,10,0,10000,0,0,0,10000,1/4/2023,2023-04-01,2025-11-09 09:09:26.788698,data/lms_loan_daily.csv,2023-04-01
CUS_0x5e4e_2023_04_01,CUS_0x5e4e,1/4/2023,10,0,10000,0,0,0,10000,1/4/2023,2023-04-01,2025-11-09 09:09:26.788698,data/lms_loan_daily.csv,2023-04-01
CUS_0x5e52_2023_04_01,CUS_0x5e52,1/4/2023,10,0,10000,0,0,0,10000,1/4/2023,2023-04-01,2025-11-09 09:09:26.788698,data/lms_loan_daily.csv,2023-04-01
CUS_0x5ebc_2023_04_01,CUS_0x5ebc,1/4/2023,10,0,10000,0,0,0,10000,1/4/2023,2023-04-01,2025-11-09 09:09:26.788698,data/lms_loan_daily.csv,2023-04-01
CUS_0x5ebe_2023_01_01,CUS_0x5ebe,1/1/2023,10,3,10000,1000,1000,0,7000,1/4/2023,2023-04-01,2025-11-09 09:09:26.788698,data/lms_loan_daily.csv,2023-04-01
CUS_0x5ec_2023_02_01,CUS_0x5ec,1/2/2023,10,2,10000,1000,1000,0,8000,1/4/2023,2023-04-01,2025-11-09 09:09:26.788698,data/lms_loan_daily.csv,2023-04-01
CUS_0x5ed7_2023_03_01,CUS_0x5ed7,1/3/2023,10,1,10000,1000,1000,0,9000,1/4/2023,2023-04-01,2025-11-09 09:09:26.788698,data/lms_loan_daily.csv,2023-04-01
CUS_0x5eda_2023_04_01,CUS_0x5eda,1/4/2023,10,0,10000,0,0,0,10000,1/4/2023,2023-04-01,2025-11-09 09:09:26.788698,data/lms_loan_daily.csv,2023-04-01
CUS_0x5edf_2023_02_01,CUS_0x5edf,1/2/2023,10,2,10000,1000,1000,0,8000,1/4/2023,2023-04-01,2025-11-09 09:09:26.788698,data/lms_loan_daily.csv,2023-04-01
CUS_0x5ee5_2023_03_01,CUS_0x5ee5,1/3/2023,10,1,10000,1000,1000,0,9000,1/4/2023,2023-04-01,2025-11-09 09:09:26.788698,data/lms_loan_daily.csv,2023-04-01
CUS_0x5ee8_2023_04_01,CUS_0x5ee8,1/4/2023,10,0,10000,0,0,0,10000,1/4/2023,2023-04-01,2025-11-09 09:09:26.788698,data/lms_loan_daily.csv,2023-04-01
CUS_0x5eef_2023_02_01,CUS_0x5eef,1/2/2023,10,2,10000,1000,1000,0,8000,1/4/2023,2023-04-01,2025-11-09 09:09:26.788698,data/lms_loan_daily.csv,2023-04-01
CUS_0x5ef2_2023_02_01,CUS_0x5ef2,1/2/2023,10,2,10000,1000,1000,0,8000,1/4/2023,2023-04-01,2025-11-09 09:09:26.788698,data/lms_loan_daily.csv,2023-04-01
CUS_0x5ef3_2023_04_01,CUS_0x5ef3,1/4/2023,10,0,10000,0,0,0,10000,1/4/2023,2023-04-01,2025-11-09 09:09:26.788698,data/lms_loan_daily.csv,2023-04-01
CUS_0x5f02_2023_01_01,CUS_0x5f02,1/1/2023,10,3,10000,1000,1000,0,7000,1/4/2023,2023-04-01,2025-11-09 09:09:26.788698,data/lms_loan_daily.csv,2023-04-01
CUS_0x5f10_2023_01_01,CUS_0x5f10,1/1/2023,10,3,10000,1000,1000,0,7000,1/4/2023,2023-04-01,2025-11-09 09:09:26.788698,data/lms_loan_daily.csv,2023-04-01
CUS_0x5f1b_2023_04_01,CUS_0x5f1b,1/4/2023,10,0,10000,0,0,0,10000,1/4/2023,2023-04-01,2025-11-09 09:09:26.788698,data/lms_loan_daily.csv,2023-04-01
CUS_0x5f21_2023_03_01,CUS_0x5f21,1/3/2023,10,1,10000,1000,1000,0,9000,1/4/2023,2023-04-01,2025-11-09 09:09:26.788698,data/lms_loan_daily.csv,2023-04-01
CUS_0x5f30_2023_01_01,CUS_0x5f30,1/1/2023,10,3,10000,1000,1000,0,7000,1/4/2023,2023-04-01,2025-11-09 09:09:26.788698,data/lms_loan_daily.csv,2023-04-01
CUS_0x5f36_2023_03_01,CUS_0x5f36,1/3/2023,10,1,10000,1000,1000,0,9000,1/4/2023,2023-04-01,2025-11-09 09:09:26.788698,data/lms_loan_daily.csv,2023-04-01
CUS_0x5f55_2023_01_01,CUS_0x5f55,1/1/2023,10,3,10000,1000,1000,0,7000,1/4/2023,2023-04-01,2025-11-09 09:09:26.788698,data/lms_loan_daily.csv,2023-04-01
CUS_0x5f7b_2023_04_01,CUS_0x5f7b,1/4/2023,10,0,10000,0,0,0,10000,1/4/2023,2023-04-01,2025-11-09 09:09:26.788698,data/lms_loan_daily.csv,2023-04-01
CUS_0x5f8b_2023_02_01,CUS_0x5f8b,1/2/2023,10,2,10000,1000,1000,0,8000,1/4/2023,2023-04-01,2025-11-09 09:09:26.788698,data/lms_loan_daily.csv,2023-04-01
CUS_0x5fc_2023_02_01,CUS_0x5fc,1/2/2023,10,2,10000,1000,1000,0,8000,1/4/2023,2023-04-01,2025-11-09 09:09:26.788698,data/lms_loan_daily.csv,2023-04-01
CUS_0x5fd4_2023_03_01,CUS_0x5fd4,1/3/2023,10,1,10000,1000,1000,0,9000,1/4/2023,2023-04-01,2025-11-09 09:09:26.788698,data/lms_loan_daily.csv,2023-04-01
CUS_0x5fe9_2023_01_01,CUS_0x5fe9,1/1/2023,10,3,10000,1000,0,1000,8000,1/4/2023,2023-04-01,2025-11-09 09:09:26.788698,data/lms_loan_daily.csv,2023-04-01
CUS_0x5ff4_2023_03_01,CUS_0x5ff4,1/3/2023,10,1,10000,1000,1000,0,9000,1/4/2023,2023-04-01,2025-11-09 09:09:26.788698,data/lms_loan_daily.csv,2023-04-01
CUS_0x602d_2023_04_01,CUS_0x602d,1/4/2023,10,0,10000,0,0,0,10000,1/4/2023,2023-04-01,2025-11-09 09:09:26.788698,data/lms_loan_daily.csv,2023-04-01
CUS_0x6034_2023_01_01,CUS_0x6034,1/1/2023,10,3,10000,1000,1000,0,7000,1/4/2023,2023-04-01,2025-11-09 09:09:26.788698,data/lms_loan_daily.csv,2023-04-01
CUS_0x6044_2023_03_01,CUS_0x6044,1/3/2023,10,1,10000,1000,1000,0,9000,1/4/2023,2023-04-01,2025-11-09 09:09:26.788698,data/lms_loan_daily.csv,2023-04-01
CUS_0x6057_2023_03_01,CUS_0x6057,1/3/2023,10,1,10000,1000,1000,0,9000,1/4/2023,2023-04-01,2025-11-09 09:09:26.788698,data/lms_loan_daily.csv,2023-04-01
CUS_0x6069_2023_02_01,CUS_0x6069,1/2/2023,10,2,10000,1000,1000,0,8000,1/4/2023,2023-04-01,2025-11-09 09:09:26.788698,data/lms_loan_daily.csv,2023-04-01
CUS_0x6070_2023_01_01,CUS_0x6070,1/1/2023,10,3,10000,1000,0,1000,8000,1/4/2023,2023-04-01,2025-11-09 09:09:26.788698,data/lms_loan_daily.csv,2023-04-01
CUS_0x609c_2023_04_01,CUS_0x609c,1/4/2023,10,0,10000,0,0,0,10000,1/4/2023,2023-04-01,2025-11-09 09:09:26.788698,data/lms_loan_daily.csv,2023-04-01
CUS_0x60c2_2023_03_01,CUS_0x60c2,1/3/2023,10,1,10000,1000,1000,0,9000,1/4/2023,2023-04-01,2025-11-09 09:09:26.788698,data/lms_loan_daily.csv,2023-04-01
CUS_0x60f_2023_03_01,CUS_0x60f,1/3/2023,10,1,10000,1000,1000,0,9000,1/4/2023,2023-04-01,2025-11-09 09:09:26.788698,data/lms_loan_daily.csv,2023-04-01
CUS_0x60f5_2023_02_01,CUS_0x60f5,1/2/2023,10,2,10000,1000,1000,0,8000,1/4/2023,2023-04-01,2025-11-09 09:09:26.788698,data/lms_loan_daily.csv,2023-04-01
CUS_0x610d_2023_02_01,CUS_0x610d,1/2/2023,10,2,10000,1000,1000,0,8000,1/4/2023,2023-04-01,2025-11-09 09:09:26.788698,data/lms_loan_daily.csv,2023-04-01
CUS_0x6116_2023_02_01,CUS_0x6116,1/2/2023,10,2,10000,1000,1000,0,8000,1/4/2023,2023-04-01,2025-11-09 09:09:26.788698,data/lms_loan_daily.csv,2023-04-01
CUS_0x6120_2023_01_01,CUS_0x6120,1/1/2023,10,3,10000,1000,0,1000,8000,1/4/2023,2023-04-01,2025-11-09 09:09:26.788698,data/lms_loan_daily.csv,2023-04-01
CUS_0x612f_2023_04_01,CUS_0x612f,1/4/2023,10,0,10000,0,0,0,10000,1/4/2023,2023-04-01,2025-11-09 09:09:26.788698,data/lms_loan_daily.csv,2023-04-01
CUS_0x6159_2023_04_01,CUS_0x6159,1/4/2023,10,0,10000,0,0,0,10000,1/4/2023,2023-04-01,2025-11-09 09:09:26.788698,data/lms_loan_daily.csv,2023-04-01
CUS_0x6194_2023_04_01,CUS_0x6194,1/4/2023,10,0,10000,0,0,0,10000,1/4/2023,2023-04-01,2025-11-09 09:09:26.788698,data/lms_loan_daily.csv,2023-04-01
CUS_0x61a3_2023_04_01,CUS_0x61a3,1/4/2023,10,0,10000,0,0,0,10000,1/4/2023,2023-04-01,2025-11-09 09:09:26.788698,data/lms_loan_daily.csv,2023-04-01
CUS_0x61a6_2023_02_01,CUS_0x61a6,1/2/2023,10,2,10000,1000,1000,0,8000,1/4/2023,2023-04-01,2025-11-09 09:09:26.788698,data/lms_loan_daily.csv,2023-04-01
CUS_0x61ba_2023_04_01,CUS_0x61ba,1/4/2023,10,0,10000,0,0,0,10000,1/4/2023,2023-04-01,2025-11-09 09:09:26.788698,data/lms_loan_daily.csv,2023-04-01
CUS_0x61d1_2023_04_01,CUS_0x61d1,1/4/2023,10,0,10000,0,0,0,10000,1/4/2023,2023-04-01,2025-11-09 09:09:26.788698,data/lms_loan_daily.csv,2023-04-01
CUS_0x61de_2023_01_01,CUS_0x61de,1/1/2023,10,3,10000,1000,1000,0,7000,1/4/2023,2023-04-01,2025-11-09 09:09:26.788698,data/lms_loan_daily.csv,2023-04-01
CUS_0x61e3_2023_04_01,CUS_0x61e3,1/4/2023,10,0,10000,0,0,0,10000,1/4/2023,2023-04-01,2025-11-09 09:09:26.788698,data/lms_loan_daily.csv,2023-04-01
CUS_0x6203_2023_02_01,CUS_0x6203,1/2/2023,10,2,10000,1000,1000,0,8000,1/4/2023,2023-04-01,2025-11-09 09:09:26.788698,data/lms_loan_daily.csv,2023-04-01
CUS_0x6235_2023_02_01,CUS_0x6235,1/2/2023,10,2,10000,1000,2000,0,8000,1/4/2023,2023-04-01,2025-11-09 09:09:26.788698,data/lms_loan_daily.csv,2023-04-01
CUS_0x6250_2023_04_01,CUS_0x6250,1/4/2023,10,0,10000,0,0,0,10000,1/4/2023,2023-04-01,2025-11-09 09:09:26.788698,data/lms_loan_daily.csv,2023-04-01
CUS_0x6276_2023_02_01,CUS_0x6276,1/2/2023,10,2,10000,1000,1000,0,8000,1/4/2023,2023-04-01,2025-11-09 09:09:26.788698,data/lms_loan_daily.csv,2023-04-01
CUS_0x627a_2023_01_01,CUS_0x627a,1/1/2023,10,3,10000,1000,1000,0,7000,1/4/2023,2023-04-01,2025-11-09 09:09:26.788698,data/lms_loan_daily.csv,2023-04-01
CUS_0x627f_2023_02_01,CUS_0x627f,1/2/2023,10,2,10000,1000,0,2000,10000,1/4/2023,2023-04-01,2025-11-09 09:09:26.788698,data/lms_loan_daily.csv,2023-04-01
CUS_0x62c8_2023_03_01,CUS_0x62c8,1/3/2023,10,1,10000,1000,1000,0,9000,1/4/2023,2023-04-01,2025-11-09 09:09:26.788698,data/lms_loan_daily.csv,2023-04-01
CUS_0x62d1_2023_02_01,CUS_0x62d1,1/2/2023,10,2,10000,1000,1000,0,8000,1/4/2023,2023-04-01,2025-11-09 09:09:26.788698,data/lms_loan_daily.csv,2023-04-01
CUS_0x6318_2023_03_01,CUS_0x6318,1/3/2023,10,1,10000,1000,1000,0,9000,1/4/2023,2023-04-01,2025-11-09 09:09:26.788698,data/lms_loan_daily.csv,2023-04-01
CUS_0x631f_2023_04_01,CUS_0x631f,1/4/2023,10,0,10000,0,0,0,10000,1/4/2023,2023-04-01,2025-11-09 09:09:26.788698,data/lms_loan_daily.csv,2023-04-01
CUS_0x632f_2023_02_01,CUS_0x632f,1/2/2023,10,2,10000,1000,1000,0,8000,1/4/2023,2023-04-01,2025-11-09 09:09:26.788698,data/lms_loan_daily.csv,2023-04-01
CUS_0x6336_2023_03_01,CUS_0x6336,1/3/2023,10,1,10000,1000,0,1000,10000,1/4/2023,2023-04-01,2025-11-09 09:09:26.788698,data/lms_loan_daily.csv,2023-04-01
CUS_0x6345_2023_03_01,CUS_0x6345,1/3/2023,10,1,10000,1000,1000,0,9000,1/4/2023,2023-04-01,2025-11-09 09:09:26.788698,data/lms_loan_daily.csv,2023-04-01
CUS_0x635a_2023_01_01,CUS_0x635a,1/1/2023,10,3,10000,1000,1000,0,7000,1/4/2023,2023-04-01,2025-11-09 09:09:26.788698,data/lms_loan_daily.csv,2023-04-01
CUS_0x636d_2023_01_01,CUS_0x636d,1/1/2023,10,3,10000,1000,0,1000,8000,1/4/2023,2023-04-01,2025-11-09 09:09:26.788698,data/lms_loan_daily.csv,2023-04-01
CUS_0x6371_2023_03_01,CUS_0x6371,1/3/2023,10,1,10000,1000,1000,0,9000,1/4/2023,2023-04-01,2025-11-09 09:09:26.788698,data/lms_loan_daily.csv,2023-04-01
CUS_0x637b_2023_03_01,CUS_0x637b,1/3/2023,10,1,10000,1000,0,1000,10000,1/4/2023,2023-04-01,2025-11-09 09:09:26.788698,data/lms_loan_daily.csv,2023-04-01
CUS_0x6398_2023_02_01,CUS_0x6398,1/2/2023,10,2,10000,1000,1000,0,8000,1/4/2023,2023-04-01,2025-11-09 09:09:26.788698,data/lms_loan_daily.csv,2023-04-01
CUS_0x63ac_2023_02_01,CUS_0x63ac,1/2/2023,10,2,10000,1000,1000,0,8000,1/4/2023,2023-04-01,2025-11-09 09:09:26.788698,data/lms_loan_daily.csv,2023-04-01
CUS_0x63b4_2023_03_01,CUS_0x63b4,1/3/2023,10,1,10000,1000,1000,0,9000,1/4/2023,2023-04-01,2025-11-09 09:09:26.788698,data/lms_loan_daily.csv,2023-04-01
CUS_0x63c0_2023_03_01,CUS_0x63c0,1/3/2023,10,1,10000,1000,1000,0,9000,1/4/2023,2023-04-01,2025-11-09 09:09:26.788698,data/lms_loan_daily.csv,2023-04-01
CUS_0x63d_2023_01_01,CUS_0x63d,1/1/2023,10,3,10000,1000,1000,0,7000,1/4/2023,2023-04-01,2025-11-09 09:09:26.788698,data/lms_loan_daily.csv,2023-04-01
CUS_0x63d4_2023_02_01,CUS_0x63d4,1/2/2023,10,2,10000,1000,1000,0,8000,1/4/2023,2023-04-01,2025-11-09 09:09:26.788698,data/lms_loan_daily.csv,2023-04-01
CUS_0x63d8_2023_01_01,CUS_0x63d8,1/1/2023,10,3,10000,1000,1000,0,7000,1/4/2023,2023-04-01,2025-11-09 09:09:26.788698,data/lms_loan_daily.csv,2023-04-01
CUS_0x6420_2023_04_01,CUS_0x6420,1/4/2023,10,0,10000,0,0,0,10000,1/4/2023,2023-04-01,2025-11-09 09:09:26.788698,data/lms_loan_daily.csv,2023-04-01
CUS_0x6435_2023_03_01,CUS_0x6435,1/3/2023,10,1,10000,1000,1000,0,9000,1/4/2023,2023-04-01,2025-11-09 09:09:26.788698,data/lms_loan_daily.csv,2023-04-01
CUS_0x6442_2023_01_01,CUS_0x6442,1/1/2023,10,3,10000,1000,1000,0,7000,1/4/2023,2023-04-01,2025-11-09 09:09:26.788698,data/lms_loan_daily.csv,2023-04-01
CUS_0x6443_2023_04_01,CUS_0x6443,1/4/2023,10,0,10000,0,0,0,10000,1/4/2023,2023-04-01,2025-11-09 09:09:26.788698,data/lms_loan_daily.csv,2023-04-01
CUS_0x644f_2023_02_01,CUS_0x644f,1/2/2023,10,2,10000,1000,1000,0,8000,1/4/2023,2023-04-01,2025-11-09 09:09:26.788698,data/lms_loan_daily.csv,2023-04-01
CUS_0x645e_2023_03_01,CUS_0x645e,1/3/2023,10,1,10000,1000,1000,0,9000,1/4/2023,2023-04-01,2025-11-09 09:09:26.788698,data/lms_loan_daily.csv,2023-04-01
CUS_0x6473_2023_02_01,CUS_0x6473,1/2/2023,10,2,10000,1000,1000,0,8000,1/4/2023,2023-04-01,2025-11-09 09:09:26.788698,data/lms_loan_daily.csv,2023-04-01
CUS_0x64aa_2023_02_01,CUS_0x64aa,1/2/2023,10,2,10000,1000,1000,0,8000,1/4/2023,2023-04-01,2025-11-09 09:09:26.788698,data/lms_loan_daily.csv,2023-04-01
CUS_0x64ae_2023_03_01,CUS_0x64ae,1/3/2023,10,1,10000,1000,1000,0,9000,1/4/2023,2023-04-01,2025-11-09 09:09:26.788698,data/lms_loan_daily.csv,2023-04-01
CUS_0x64b8_2023_01_01,CUS_0x64b8,1/1/2023,10,3,10000,1000,2000,0,7000,1/4/2023,2023-04-01,2025-11-09 09:09:26.788698,data/lms_loan_daily.csv,2023-04-01
CUS_0x64e5_2023_02_01,CUS_0x64e5,1/2/2023,10,2,10000,1000,1000,0,8000,1/4/2023,2023-04-01,2025-11-09 09:09:26.788698,data/lms_loan_daily.csv,2023-04-01
CUS_0x650_2023_04_01,CUS_0x650,1/4/2023,10,0,10000,0,0,0,10000,1/4/2023,2023-04-01,2025-11-09 09:09:26.788698,data/lms_loan_daily.csv,2023-04-01
CUS_0x6563_2023_02_01,CUS_0x6563,1/2/2023,10,2,10000,1000,1000,0,8000,1/4/2023,2023-04-01,2025-11-09 09:09:26.788698,data/lms_loan_daily.csv,2023-04-01
CUS_0x6566_2023_04_01,CUS_0x6566,1/4/2023,10,0,10000,0,0,0,10000,1/4/2023,2023-04-01,2025-11-09 09:09:26.788698,data/lms_loan_daily.csv,2023-04-01
CUS_0x6570_2023_03_01,CUS_0x6570,1/3/2023,10,1,10000,1000,1000,0,9000,1/4/2023,2023-04-01,2025-11-09 09:09:26.788698,data/lms_loan_daily.csv,2023-04-01
CUS_0x657e_2023_03_01,CUS_0x657e,1/3/2023,10,1,10000,1000,1000,0,9000,1/4/2023,2023-04-01,2025-11-09 09:09:26.788698,data/lms_loan_daily.csv,2023-04-01
CUS_0x6582_2023_03_01,CUS_0x6582,1/3/2023,10,1,10000,1000,1000,0,9000,1/4/2023,2023-04-01,2025-11-09 09:09:26.788698,data/lms_loan_daily.csv,2023-04-01
CUS_0x6587_2023_01_01,CUS_0x6587,1/1/2023,10,3,10000,1000,1000,0,7000,1/4/2023,2023-04-01,2025-11-09 09:09:26.788698,data/lms_loan_daily.csv,2023-04-01
CUS_0x658e_2023_01_01,CUS_0x658e,1/1/2023,10,3,10000,1000,1000,0,7000,1/4/2023,2023-04-01,2025-11-09 09:09:26.788698,data/lms_loan_daily.csv,2023-04-01
CUS_0x65aa_2023_02_01,CUS_0x65aa,1/2/2023,10,2,10000,1000,1000,0,8000,1/4/2023,2023-04-01,2025-11-09 09:09:26.788698,data/lms_loan_daily.csv,2023-04-01
CUS_0x65ae_2023_03_01,CUS_0x65ae,1/3/2023,10,1,10000,1000,1000,0,9000,1/4/2023,2023-04-01,2025-11-09 09:09:26.788698,data/lms_loan_daily.csv,2023-04-01
CUS_0x65bf_2023_01_01,CUS_0x65bf,1/1/2023,10,3,10000,1000,1000,0,7000,1/4/2023,2023-04-01,2025-11-09 09:09:26.788698,data/lms_loan_daily.csv,2023-04-01
CUS_0x65df_2023_04_01,CUS_0x65df,1/4/2023,10,0,10000,0,0,0,10000,1/4/2023,2023-04-01,2025-11-09 09:09:26.788698,data/lms_loan_daily.csv,2023-04-01
CUS_0x6611_2023_03_01,CUS_0x6611,1/3/2023,10,1,10000,1000,1000,0,9000,1/4/2023,2023-04-01,2025-11-09 09:09:26.788698,data/lms_loan_daily.csv,2023-04-01
CUS_0x6619_2023_03_01,CUS_0x6619,1/3/2023,10,1,10000,1000,1000,0,9000,1/4/2023,2023-04-01,2025-11-09 09:09:26.788698,data/lms_loan_daily.csv,2023-04-01
CUS_0x661f_2023_03_01,CUS_0x661f,1/3/2023,10,1,10000,1000,1000,0,9000,1/4/2023,2023-04-01,2025-11-09 09:09:26.788698,data/lms_loan_daily.csv,2023-04-01
CUS_0x6620_2023_02_01,CUS_0x6620,1/2/2023,10,2,10000,1000,0,2000,10000,1/4/2023,2023-04-01,2025-11-09 09:09:26.788698,data/lms_loan_daily.csv,2023-04-01
CUS_0x663d_2023_02_01,CUS_0x663d,1/2/2023,10,2,10000,1000,1000,0,8000,1/4/2023,2023-04-01,2025-11-09 09:09:26.788698,data/lms_loan_daily.csv,2023-04-01
CUS_0x6640_2023_03_01,CUS_0x6640,1/3/2023,10,1,10000,1000,1000,0,9000,1/4/2023,2023-04-01,2025-11-09 09:09:26.788698,data/lms_loan_daily.csv,2023-04-01
CUS_0x667d_2023_04_01,CUS_0x667d,1/4/2023,10,0,10000,0,0,0,10000,1/4/2023,2023-04-01,2025-11-09 09:09:26.788698,data/lms_loan_daily.csv,2023-04-01
CUS_0x6694_2023_01_01,CUS_0x6694,1/1/2023,10,3,10000,1000,2000,0,7000,1/4/2023,2023-04-01,2025-11-09 09:09:26.788698,data/lms_loan_daily.csv,2023-04-01
CUS_0x66d7_2023_03_01,CUS_0x66d7,1/3/2023,10,1,10000,1000,1000,0,9000,1/4/2023,2023-04-01,2025-11-09 09:09:26.788698,data/lms_loan_daily.csv,2023-04-01
CUS_0x6701_2023_01_01,CUS_0x6701,1/1/2023,10,3,10000,1000,0,2000,9000,1/4/2023,2023-04-01,2025-11-09 09:09:26.788698,data/lms_loan_daily.csv,2023-04-01
CUS_0x6709_2023_04_01,CUS_0x6709,1/4/2023,10,0,10000,0,0,0,10000,1/4/2023,2023-04-01,2025-11-09 09:09:26.788698,data/lms_loan_daily.csv,2023-04-01
CUS_0x6736_2023_03_01,CUS_0x6736,1/3/2023,10,1,10000,1000,1000,0,9000,1/4/2023,2023-04-01,2025-11-09 09:09:26.788698,data/lms_loan_daily.csv,2023-04-01
CUS_0x6743_2023_02_01,CUS_0x6743,1/2/2023,10,2,10000,1000,0,1000,9000,1/4/2023,2023-04-01,2025-11-09 09:09:26.788698,data/lms_loan_daily.csv,2023-04-01
CUS_0x6752_2023_01_01,CUS_0x6752,1/1/2023,10,3,10000,1000,1000,0,7000,1/4/2023,2023-04-01,2025-11-09 09:09:26.788698,data/lms_loan_daily.csv,2023-04-01
CUS_0x6779_2023_04_01,CUS_0x6779,1/4/2023,10,0,10000,0,0,0,10000,1/4/2023,2023-04-01,2025-11-09 09:09:26.788698,data/lms_loan_daily.csv,2023-04-01
CUS_0x677f_2023_03_01,CUS_0x677f,1/3/2023,10,1,10000,1000,1000,0,9000,1/4/2023,2023-04-01,2025-11-09 09:09:26.788698,data/lms_loan_daily.csv,2023-04-01
CUS_0x6799_2023_04_01,CUS_0x6799,1/4/2023,10,0,10000,0,0,0,10000,1/4/2023,2023-04-01,2025-11-09 09:09:26.788698,data/lms_loan_daily.csv,2023-04-01
CUS_0x67b1_2023_03_01,CUS_0x67b1,1/3/2023,10,1,10000,1000,1000,0,9000,1/4/2023,2023-04-01,2025-11-09 09:09:26.788698,data/lms_loan_daily.csv,2023-04-01
CUS_0x67c4_2023_03_01,CUS_0x67c4,1/3/2023,10,1,10000,1000,1000,0,9000,1/4/2023,2023-04-01,2025-11-09 09:09:26.788698,data/lms_loan_daily.csv,2023-04-01
CUS_0x67cb_2023_02_01,CUS_0x67cb,1/2/2023,10,2,10000,1000,1000,0,8000,1/4/2023,2023-04-01,2025-11-09 09:09:26.788698,data/lms_loan_daily.csv,2023-04-01
CUS_0x67e4_2023_01_01,CUS_0x67e4,1/1/2023,10,3,10000,1000,1000,0,7000,1/4/2023,2023-04-01,2025-11-09 09:09:26.788698,data/lms_loan_daily.csv,2023-04-01
CUS_0x67f9_2023_03_01,CUS_0x67f9,1/3/2023,10,1,10000,1000,1000,0,9000,1/4/2023,2023-04-01,2025-11-09 09:09:26.788698,data/lms_loan_daily.csv,2023-04-01
CUS_0x6801_2023_04_01,CUS_0x6801,1/4/2023,10,0,10000,0,0,0,10000,1/4/2023,2023-04-01,2025-11-09 09:09:26.788698,data/lms_loan_daily.csv,2023-04-01
CUS_0x6817_2023_03_01,CUS_0x6817,1/3/2023,10,1,10000,1000,1000,0,9000,1/4/2023,2023-04-01,2025-11-09 09:09:26.788698,data/lms_loan_daily.csv,2023-04-01
CUS_0x6846_2023_04_01,CUS_0x6846,1/4/2023,10,0,10000,0,0,0,10000,1/4/2023,2023-04-01,2025-11-09 09:09:26.788698,data/lms_loan_daily.csv,2023-04-01
CUS_0x6850_2023_01_01,CUS_0x6850,1/1/2023,10,3,10000,1000,1000,0,7000,1/4/2023,2023-04-01,2025-11-09 09:09:26.788698,data/lms_loan_daily.csv,2023-04-01
CUS_0x6856_2023_04_01,CUS_0x6856,1/4/2023,10,0,10000,0,0,0,10000,1/4/2023,2023-04-01,2025-11-09 09:09:26.788698,data/lms_loan_daily.csv,2023-04-01
CUS_0x687c_2023_02_01,CUS_0x687c,1/2/2023,10,2,10000,1000,1000,0,8000,1/4/2023,2023-04-01,2025-11-09 09:09:26.788698,data/lms_loan_daily.csv,2023-04-01
CUS_0x689b_2023_01_01,CUS_0x689b,1/1/2023,10,3,10000,1000,0,2000,9000,1/4/2023,2023-04-01,2025-11-09 09:09:26.788698,data/lms_loan_daily.csv,2023-04-01
CUS_0x68cd_2023_04_01,CUS_0x68cd,1/4/2023,10,0,10000,0,0,0,10000,1/4/2023,2023-04-01,2025-11-09 09:09:26.788698,data/lms_loan_daily.csv,2023-04-01
CUS_0x68ce_2023_04_01,CUS_0x68ce,1/4/2023,10,0,10000,0,0,0,10000,1/4/2023,2023-04-01,2025-11-09 09:09:26.788698,data/lms_loan_daily.csv,2023-04-01
CUS_0x68d8_2023_04_01,CUS_0x68d8,1/4/2023,10,0,10000,0,0,0,10000,1/4/2023,2023-04-01,2025-11-09 09:09:26.788698,data/lms_loan_daily.csv,2023-04-01
CUS_0x68df_2023_03_01,CUS_0x68df,1/3/2023,10,1,10000,1000,1000,0,9000,1/4/2023,2023-04-01,2025-11-09 09:09:26.788698,data/lms_loan_daily.csv,2023-04-01
CUS_0x6915_2023_01_01,CUS_0x6915,1/1/2023,10,3,10000,1000,2000,0,7000,1/4/2023,2023-04-01,2025-11-09 09:09:26.788698,data/lms_loan_daily.csv,2023-04-01
CUS_0x6926_2023_03_01,CUS_0x6926,1/3/2023,10,1,10000,1000,1000,0,9000,1/4/2023,2023-04-01,2025-11-09 09:09:26.788698,data/lms_loan_daily.csv,2023-04-01
CUS_0x6958_2023_03_01,CUS_0x6958,1/3/2023,10,1,10000,1000,1000,0,9000,1/4/2023,2023-04-01,2025-11-09 09:09:26.788698,data/lms_loan_daily.csv,2023-04-01
CUS_0x695c_2023_01_01,CUS_0x695c,1/1/2023,10,3,10000,1000,1000,0,7000,1/4/2023,2023-04-01,2025-11-09 09:09:26.788698,data/lms_loan_daily.csv,2023-04-01
CUS_0x695e_2023_04_01,CUS_0x695e,1/4/2023,10,0,10000,0,0,0,10000,1/4/2023,2023-04-01,2025-11-09 09:09:26.788698,data/lms_loan_daily.csv,2023-04-01
CUS_0x6974_2023_04_01,CUS_0x6974,1/4/2023,10,0,10000,0,0,0,10000,1/4/2023,2023-04-01,2025-11-09 09:09:26.788698,data/lms_loan_daily.csv,2023-04-01
CUS_0x697d_2023_01_01,CUS_0x697d,1/1/2023,10,3,10000,1000,1000,0,7000,1/4/2023,2023-04-01,2025-11-09 09:09:26.788698,data/lms_loan_daily.csv,2023-04-01
CUS_0x697f_2023_04_01,CUS_0x697f,1/4/2023,10,0,10000,0,0,0,10000,1/4/2023,2023-04-01,2025-11-09 09:09:26.788698,data/lms_loan_daily.csv,2023-04-01
CUS_0x6985_2023_04_01,CUS_0x6985,1/4/2023,10,0,10000,0,0,0,10000,1/4/2023,2023-04-01,2025-11-09 09:09:26.788698,data/lms_loan_daily.csv,2023-04-01
CUS_0x699_2023_01_01,CUS_0x699,1/1/2023,10,3,10000,1000,1000,0,7000,1/4/2023,2023-04-01,2025-11-09 09:09:26.788698,data/lms_loan_daily.csv,2023-04-01
CUS_0x6998_2023_04_01,CUS_0x6998,1/4/2023,10,0,10000,0,0,0,10000,1/4/2023,2023-04-01,2025-11-09 09:09:26.788698,data/lms_loan_daily.csv,2023-04-01
CUS_0x699d_2023_04_01,CUS_0x699d,1/4/2023,10,0,10000,0,0,0,10000,1/4/2023,2023-04-01,2025-11-09 09:09:26.788698,data/lms_loan_daily.csv,2023-04-01
CUS_0x69a8_2023_02_01,CUS_0x69a8,1/2/2023,10,2,10000,1000,1000,0,8000,1/4/2023,2023-04-01,2025-11-09 09:09:26.788698,data/lms_loan_daily.csv,2023-04-01
CUS_0x69bb_2023_04_01,CUS_0x69bb,1/4/2023,10,0,10000,0,0,0,10000,1/4/2023,2023-04-01,2025-11-09 09:09:26.788698,data/lms_loan_daily.csv,2023-04-01
CUS_0x69be_2023_01_01,CUS_0x69be,1/1/2023,10,3,10000,1000,1000,0,7000,1/4/2023,2023-04-01,2025-11-09 09:09:26.788698,data/lms_loan_daily.csv,2023-04-01
CUS_0x69c8_2023_04_01,CUS_0x69c8,1/4/2023,10,0,10000,0,0,0,10000,1/4/2023,2023-04-01,2025-11-09 09:09:26.788698,data/lms_loan_daily.csv,2023-04-01
CUS_0x69df_2023_03_01,CUS_0x69df,1/3/2023,10,1,10000,1000,1000,0,9000,1/4/2023,2023-04-01,2025-11-09 09:09:26.788698,data/lms_loan_daily.csv,2023-04-01
CUS_0x69ff_2023_01_01,CUS_0x69ff,1/1/2023,10,3,10000,1000,1000,0,7000,1/4/2023,2023-04-01,2025-11-09 09:09:26.788698,data/lms_loan_daily.csv,2023-04-01
CUS_0x6a17_2023_04_01,CUS_0x6a17,1/4/2023,10,0,10000,0,0,0,10000,1/4/2023,2023-04-01,2025-11-09 09:09:26.788698,data/lms_loan_daily.csv,2023-04-01
CUS_0x6a1b_2023_04_01,CUS_0x6a1b,1/4/2023,10,0,10000,0,0,0,10000,1/4/2023,2023-04-01,2025-11-09 09:09:26.788698,data/lms_loan_daily.csv,2023-04-01
CUS_0x6a4b_2023_02_01,CUS_0x6a4b,1/2/2023,10,2,10000,1000,1000,0,8000,1/4/2023,2023-04-01,2025-11-09 09:09:26.788698,data/lms_loan_daily.csv,2023-04-01
CUS_0x6a50_2023_02_01,CUS_0x6a50,1/2/2023,10,2,10000,1000,1000,0,8000,1/4/2023,2023-04-01,2025-11-09 09:09:26.788698,data/lms_loan_daily.csv,2023-04-01
CUS_0x6a66_2023_04_01,CUS_0x6a66,1/4/2023,10,0,10000,0,0,0,10000,1/4/2023,2023-04-01,2025-11-09 09:09:26.788698,data/lms_loan_daily.csv,2023-04-01
CUS_0x6a68_2023_03_01,CUS_0x6a68,1/3/2023,10,1,10000,1000,1000,0,9000,1/4/2023,2023-04-01,2025-11-09 09:09:26.788698,data/lms_loan_daily.csv,2023-04-01
CUS_0x6a8a_2023_01_01,CUS_0x6a8a,1/1/2023,10,3,10000,1000,1000,0,7000,1/4/2023,2023-04-01,2025-11-09 09:09:26.788698,data/lms_loan_daily.csv,2023-04-01
CUS_0x6a9_2023_02_01,CUS_0x6a9,1/2/2023,10,2,10000,1000,1000,0,8000,1/4/2023,2023-04-01,2025-11-09 09:09:26.788698,data/lms_loan_daily.csv,2023-04-01
CUS_0x6a95_2023_02_01,CUS_0x6a95,1/2/2023,10,2,10000,1000,1000,0,8000,1/4/2023,2023-04-01,2025-11-09 09:09:26.788698,data/lms_loan_daily.csv,2023-04-01
CUS_0x6aa1_2023_04_01,CUS_0x6aa1,1/4/2023,10,0,10000,0,0,0,10000,1/4/2023,2023-04-01,2025-11-09 09:09:26.788698,data/lms_loan_daily.csv,2023-04-01
CUS_0x6ab0_2023_03_01,CUS_0x6ab0,1/3/2023,10,1,10000,1000,1000,0,9000,1/4/2023,2023-04-01,2025-11-09 09:09:26.788698,data/lms_loan_daily.csv,2023-04-01
CUS_0x6ab3_2023_01_01,CUS_0x6ab3,1/1/2023,10,3,10000,1000,1000,0,7000,1/4/2023,2023-04-01,2025-11-09 09:09:26.788698,data/lms_loan_daily.csv,2023-04-01
CUS_0x6afc_2023_04_01,CUS_0x6afc,1/4/2023,10,0,10000,0,0,0,10000,1/4/2023,2023-04-01,2025-11-09 09:09:26.788698,data/lms_loan_daily.csv,2023-04-01
CUS_0x6b0_2023_03_01,CUS_0x6b0,1/3/2023,10,1,10000,1000,1000,0,9000,1/4/2023,2023-04-01,2025-11-09 09:09:26.788698,data/lms_loan_daily.csv,2023-04-01
CUS_0x6b04_2023_02_01,CUS_0x6b04,1/2/2023,10,2,10000,1000,0,1000,9000,1/4/2023,2023-04-01,2025-11-09 09:09:26.788698,data/lms_loan_daily.csv,2023-04-01
CUS_0x6b1d_2023_01_01,CUS_0x6b1d,1/1/2023,10,3,10000,1000,1000,0,7000,1/4/2023,2023-04-01,2025-11-09 09:09:26.788698,data/lms_loan_daily.csv,2023-04-01
CUS_0x6b35_2023_03_01,CUS_0x6b35,1/3/2023,10,1,10000,1000,1000,0,9000,1/4/2023,2023-04-01,2025-11-09 09:09:26.788698,data/lms_loan_daily.csv,2023-04-01
CUS_0x6b45_2023_03_01,CUS_0x6b45,1/3/2023,10,1,10000,1000,1000,0,9000,1/4/2023,2023-04-01,2025-11-09 09:09:26.788698,data/lms_loan_daily.csv,2023-04-01
CUS_0x6b52_2023_01_01,CUS_0x6b52,1/1/2023,10,3,10000,1000,0,1000,8000,1/4/2023,2023-04-01,2025-11-09 09:09:26.788698,data/lms_loan_daily.csv,2023-04-01
CUS_0x6b6a_2023_04_01,CUS_0x6b6a,1/4/2023,10,0,10000,0,0,0,10000,1/4/2023,2023-04-01,2025-11-09 09:09:26.788698,data/lms_loan_daily.csv,2023-04-01
CUS_0x6b7_2023_02_01,CUS_0x6b7,1/2/2023,10,2,10000,1000,1000,0,8000,1/4/2023,2023-04-01,2025-11-09 09:09:26.788698,data/lms_loan_daily.csv,2023-04-01
CUS_0x6b79_2023_04_01,CUS_0x6b79,1/4/2023,10,0,10000,0,0,0,10000,1/4/2023,2023-04-01,2025-11-09 09:09:26.788698,data/lms_loan_daily.csv,2023-04-01
CUS_0x6b7c_2023_02_01,CUS_0x6b7c,1/2/2023,10,2,10000,1000,0,1000,9000,1/4/2023,2023-04-01,2025-11-09 09:09:26.788698,data/lms_loan_daily.csv,2023-04-01
CUS_0x6b82_2023_03_01,CUS_0x6b82,1/3/2023,10,1,10000,1000,1000,0,9000,1/4/2023,2023-04-01,2025-11-09 09:09:26.788698,data/lms_loan_daily.csv,2023-04-01
CUS_0x6b8d_2023_03_01,CUS_0x6b8d,1/3/2023,10,1,10000,1000,1000,0,9000,1/4/2023,2023-04-01,2025-11-09 09:09:26.788698,data/lms_loan_daily.csv,2023-04-01
CUS_0x6b9_2023_02_01,CUS_0x6b9,1/2/2023,10,2,10000,1000,1000,0,8000,1/4/2023,2023-04-01,2025-11-09 09:09:26.788698,data/lms_loan_daily.csv,2023-04-01
CUS_0x6bd8_2023_03_01,CUS_0x6bd8,1/3/2023,10,1,10000,1000,1000,0,9000,1/4/2023,2023-04-01,2025-11-09 09:09:26.788698,data/lms_loan_daily.csv,2023-04-01
CUS_0x6bf5_2023_02_01,CUS_0x6bf5,1/2/2023,10,2,10000,1000,1000,0,8000,1/4/2023,2023-04-01,2025-11-09 09:09:26.788698,data/lms_loan_daily.csv,2023-04-01
CUS_0x6c2c_2023_04_01,CUS_0x6c2c,1/4/2023,10,0,10000,0,0,0,10000,1/4/2023,2023-04-01,2025-11-09 09:09:26.788698,data/lms_loan_daily.csv,2023-04-01
CUS_0x6c3b_2023_02_01,CUS_0x6c3b,1/2/2023,10,2,10000,1000,1000,0,8000,1/4/2023,2023-04-01,2025-11-09 09:09:26.788698,data/lms_loan_daily.csv,2023-04-01
CUS_0x6c5d_2023_02_01,CUS_0x6c5d,1/2/2023,10,2,10000,1000,1000,0,8000,1/4/2023,2023-04-01,2025-11-09 09:09:26.788698,data/lms_loan_daily.csv,2023-04-01
CUS_0x6c66_2023_04_01,CUS_0x6c66,1/4/2023,10,0,10000,0,0,0,10000,1/4/2023,2023-04-01,2025-11-09 09:09:26.788698,data/lms_loan_daily.csv,2023-04-01
CUS_0x6c71_2023_02_01,CUS_0x6c71,1/2/2023,10,2,10000,1000,1000,0,8000,1/4/2023,2023-04-01,2025-11-09 09:09:26.788698,data/lms_loan_daily.csv,2023-04-01
CUS_0x6c8f_2023_02_01,CUS_0x6c8f,1/2/2023,10,2,10000,1000,1000,0,8000,1/4/2023,2023-04-01,2025-11-09 09:09:26.788698,data/lms_loan_daily.csv,2023-04-01
CUS_0x6cd1_2023_02_01,CUS_0x6cd1,1/2/2023,10,2,10000,1000,1000,0,8000,1/4/2023,2023-04-01,2025-11-09 09:09:26.788698,data/lms_loan_daily.csv,2023-04-01
CUS_0x6cf3_2023_03_01,CUS_0x6cf3,1/3/2023,10,1,10000,1000,1000,0,9000,1/4/2023,2023-04-01,2025-11-09 09:09:26.788698,data/lms_loan_daily.csv,2023-04-01
CUS_0x6cfa_2023_02_01,CUS_0x6cfa,1/2/2023,10,2,10000,1000,1000,0,8000,1/4/2023,2023-04-01,2025-11-09 09:09:26.788698,data/lms_loan_daily.csv,2023-04-01
CUS_0x6d02_2023_03_01,CUS_0x6d02,1/3/2023,10,1,10000,1000,1000,0,9000,1/4/2023,2023-04-01,2025-11-09 09:09:26.788698,data/lms_loan_daily.csv,2023-04-01
CUS_0x6d05_2023_01_01,CUS_0x6d05,1/1/2023,10,3,10000,1000,1000,0,7000,1/4/2023,2023-04-01,2025-11-09 09:09:26.788698,data/lms_loan_daily.csv,2023-04-01
CUS_0x6d0e_2023_02_01,CUS_0x6d0e,1/2/2023,10,2,10000,1000,1000,0,8000,1/4/2023,2023-04-01,2025-11-09 09:09:26.788698,data/lms_loan_daily.csv,2023-04-01
CUS_0x6d4_2023_01_01,CUS_0x6d4,1/1/2023,10,3,10000,1000,1000,0,7000,1/4/2023,2023-04-01,2025-11-09 09:09:26.788698,data/lms_loan_daily.csv,2023-04-01
CUS_0x6d55_2023_03_01,CUS_0x6d55,1/3/2023,10,1,10000,1000,1000,0,9000,1/4/2023,2023-04-01,2025-11-09 09:09:26.788698,data/lms_loan_daily.csv,2023-04-01
CUS_0x6dbb_2023_03_01,CUS_0x6dbb,1/3/2023,10,1,10000,1000,1000,0,9000,1/4/2023,2023-04-01,2025-11-09 09:09:26.788698,data/lms_loan_daily.csv,2023-04-01
CUS_0x6deb_2023_04_01,CUS_0x6deb,1/4/2023,10,0,10000,0,0,0,10000,1/4/2023,2023-04-01,2025-11-09 09:09:26.788698,data/lms_loan_daily.csv,2023-04-01
CUS_0x6dec_2023_02_01,CUS_0x6dec,1/2/2023,10,2,10000,1000,1000,0,8000,1/4/2023,2023-04-01,2025-11-09 09:09:26.788698,data/lms_loan_daily.csv,2023-04-01
CUS_0x6dfc_2023_04_01,CUS_0x6dfc,1/4/2023,10,0,10000,0,0,0,10000,1/4/2023,2023-04-01,2025-11-09 09:09:26.788698,data/lms_loan_daily.csv,2023-04-01
CUS_0x6e36_2023_02_01,CUS_0x6e36,1/2/2023,10,2,10000,1000,1000,0,8000,1/4/2023,2023-04-01,2025-11-09 09:09:26.788698,data/lms_loan_daily.csv,2023-04-01
CUS_0x6e65_2023_04_01,CUS_0x6e65,1/4/2023,10,0,10000,0,0,0,10000,1/4/2023,2023-04-01,2025-11-09 09:09:26.788698,data/lms_loan_daily.csv,2023-04-01
CUS_0x6e8_2023_03_01,CUS_0x6e8,1/3/2023,10,1,10000,1000,1000,0,9000,1/4/2023,2023-04-01,2025-11-09 09:09:26.788698,data/lms_loan_daily.csv,2023-04-01
CUS_0x6e9_2023_03_01,CUS_0x6e9,1/3/2023,10,1,10000,1000,1000,0,9000,1/4/2023,2023-04-01,2025-11-09 09:09:26.788698,data/lms_loan_daily.csv,2023-04-01
CUS_0x6ead_2023_04_01,CUS_0x6ead,1/4/2023,10,0,10000,0,0,0,10000,1/4/2023,2023-04-01,2025-11-09 09:09:26.788698,data/lms_loan_daily.csv,2023-04-01
CUS_0x6ebb_2023_02_01,CUS_0x6ebb,1/2/2023,10,2,10000,1000,1000,0,8000,1/4/2023,2023-04-01,2025-11-09 09:09:26.788698,data/lms_loan_daily.csv,2023-04-01
CUS_0x6ee_2023_01_01,CUS_0x6ee,1/1/2023,10,3,10000,1000,0,2000,9000,1/4/2023,2023-04-01,2025-11-09 09:09:26.788698,data/lms_loan_daily.csv,2023-04-01
CUS_0x6ef_2023_02_01,CUS_0x6ef,1/2/2023,10,2,10000,1000,1000,0,8000,1/4/2023,2023-04-01,2025-11-09 09:09:26.788698,data/lms_loan_daily.csv,2023-04-01
CUS_0x6f09_2023_03_01,CUS_0x6f09,1/3/2023,10,1,10000,1000,1000,0,9000,1/4/2023,2023-04-01,2025-11-09 09:09:26.788698,data/lms_loan_daily.csv,2023-04-01
CUS_0x6f0c_2023_03_01,CUS_0x6f0c,1/3/2023,10,1,10000,1000,1000,0,9000,1/4/2023,2023-04-01,2025-11-09 09:09:26.788698,data/lms_loan_daily.csv,2023-04-01
CUS_0x6f11_2023_01_01,CUS_0x6f11,1/1/2023,10,3,10000,1000,1000,0,7000,1/4/2023,2023-04-01,2025-11-09 09:09:26.788698,data/lms_loan_daily.csv,2023-04-01
CUS_0x6f4a_2023_01_01,CUS_0x6f4a,1/1/2023,10,3,10000,1000,1000,0,7000,1/4/2023,2023-04-01,2025-11-09 09:09:26.788698,data/lms_loan_daily.csv,2023-04-01
CUS_0x6f4d_2023_03_01,CUS_0x6f4d,1/3/2023,10,1,10000,1000,1000,0,9000,1/4/2023,2023-04-01,2025-11-09 09:09:26.788698,data/lms_loan_daily.csv,2023-04-01
CUS_0x6f5c_2023_03_01,CUS_0x6f5c,1/3/2023,10,1,10000,1000,1000,0,9000,1/4/2023,2023-04-01,2025-11-09 09:09:26.788698,data/lms_loan_daily.csv,2023-04-01
CUS_0x6f5d_2023_01_01,CUS_0x6f5d,1/1/2023,10,3,10000,1000,1000,0,7000,1/4/2023,2023-04-01,2025-11-09 09:09:26.788698,data/lms_loan_daily.csv,2023-04-01
CUS_0x6f62_2023_03_01,CUS_0x6f62,1/3/2023,10,1,10000,1000,1000,0,9000,1/4/2023,2023-04-01,2025-11-09 09:09:26.788698,data/lms_loan_daily.csv,2023-04-01
CUS_0x6f91_2023_03_01,CUS_0x6f91,1/3/2023,10,1,10000,1000,1000,0,9000,1/4/2023,2023-04-01,2025-11-09 09:09:26.788698,data/lms_loan_daily.csv,2023-04-01
CUS_0x6f95_2023_01_01,CUS_0x6f95,1/1/2023,10,3,10000,1000,1000,0,7000,1/4/2023,2023-04-01,2025-11-09 09:09:26.788698,data/lms_loan_daily.csv,2023-04-01
CUS_0x6f9b_2023_04_01,CUS_0x6f9b,1/4/2023,10,0,10000,0,0,0,10000,1/4/2023,2023-04-01,2025-11-09 09:09:26.788698,data/lms_loan_daily.csv,2023-04-01
CUS_0x6fa_2023_02_01,CUS_0x6fa,1/2/2023,10,2,10000,1000,1000,0,8000,1/4/2023,2023-04-01,2025-11-09 09:09:26.788698,data/lms_loan_daily.csv,2023-04-01
CUS_0x6fd9_2023_04_01,CUS_0x6fd9,1/4/2023,10,0,10000,0,0,0,10000,1/4/2023,2023-04-01,2025-11-09 09:09:26.788698,data/lms_loan_daily.csv,2023-04-01
CUS_0x6fea_2023_01_01,CUS_0x6fea,1/1/2023,10,3,10000,1000,1000,0,7000,1/4/2023,2023-04-01,2025-11-09 09:09:26.788698,data/lms_loan_daily.csv,2023-04-01
CUS_0x6ff5_2023_03_01,CUS_0x6ff5,1/3/2023,10,1,10000,1000,1000,0,9000,1/4/2023,2023-04-01,2025-11-09 09:09:26.788698,data/lms_loan_daily.csv,2023-04-01
CUS_0x6ffa_2023_02_01,CUS_0x6ffa,1/2/2023,10,2,10000,1000,1000,0,8000,1/4/2023,2023-04-01,2025-11-09 09:09:26.788698,data/lms_loan_daily.csv,2023-04-01
CUS_0x6ffb_2023_01_01,CUS_0x6ffb,1/1/2023,10,3,10000,1000,1000,0,7000,1/4/2023,2023-04-01,2025-11-09 09:09:26.788698,data/lms_loan_daily.csv,2023-04-01
CUS_0x701f_2023_04_01,CUS_0x701f,1/4/2023,10,0,10000,0,0,0,10000,1/4/2023,2023-04-01,2025-11-09 09:09:26.788698,data/lms_loan_daily.csv,2023-04-01
CUS_0x7033_2023_03_01,CUS_0x7033,1/3/2023,10,1,10000,1000,1000,0,9000,1/4/2023,2023-04-01,2025-11-09 09:09:26.788698,data/lms_loan_daily.csv,2023-04-01
CUS_0x703f_2023_01_01,CUS_0x703f,1/1/2023,10,3,10000,1000,1000,0,7000,1/4/2023,2023-04-01,2025-11-09 09:09:26.788698,data/lms_loan_daily.csv,2023-04-01
CUS_0x705d_2023_02_01,CUS_0x705d,1/2/2023,10,2,10000,1000,1000,0,8000,1/4/2023,2023-04-01,2025-11-09 09:09:26.788698,data/lms_loan_daily.csv,2023-04-01
CUS_0x706a_2023_04_01,CUS_0x706a,1/4/2023,10,0,10000,0,0,0,10000,1/4/2023,2023-04-01,2025-11-09 09:09:26.788698,data/lms_loan_daily.csv,2023-04-01
CUS_0x706d_2023_04_01,CUS_0x706d,1/4/2023,10,0,10000,0,0,0,10000,1/4/2023,2023-04-01,2025-11-09 09:09:26.788698,data/lms_loan_daily.csv,2023-04-01
CUS_0x707a_2023_02_01,CUS_0x707a,1/2/2023,10,2,10000,1000,1000,0,8000,1/4/2023,2023-04-01,2025-11-09 09:09:26.788698,data/lms_loan_daily.csv,2023-04-01
CUS_0x707d_2023_01_01,CUS_0x707d,1/1/2023,10,3,10000,1000,1000,0,7000,1/4/2023,2023-04-01,2025-11-09 09:09:26.788698,data/lms_loan_daily.csv,2023-04-01
CUS_0x7088_2023_04_01,CUS_0x7088,1/4/2023,10,0,10000,0,0,0,10000,1/4/2023,2023-04-01,2025-11-09 09:09:26.788698,data/lms_loan_daily.csv,2023-04-01
CUS_0x70c5_2023_04_01,CUS_0x70c5,1/4/2023,10,0,10000,0,0,0,10000,1/4/2023,2023-04-01,2025-11-09 09:09:26.788698,data/lms_loan_daily.csv,2023-04-01
CUS_0x70d4_2023_04_01,CUS_0x70d4,1/4/2023,10,0,10000,0,0,0,10000,1/4/2023,2023-04-01,2025-11-09 09:09:26.788698,data/lms_loan_daily.csv,2023-04-01
CUS_0x70d8_2023_02_01,CUS_0x70d8,1/2/2023,10,2,10000,1000,1000,0,8000,1/4/2023,2023-04-01,2025-11-09 09:09:26.788698,data/lms_loan_daily.csv,2023-04-01
CUS_0x70dc_2023_03_01,CUS_0x70dc,1/3/2023,10,1,10000,1000,1000,0,9000,1/4/2023,2023-04-01,2025-11-09 09:09:26.788698,data/lms_loan_daily.csv,2023-04-01
CUS_0x70ee_2023_04_01,CUS_0x70ee,1/4/2023,10,0,10000,0,0,0,10000,1/4/2023,2023-04-01,2025-11-09 09:09:26.788698,data/lms_loan_daily.csv,2023-04-01
CUS_0x70f1_2023_03_01,CUS_0x70f1,1/3/2023,10,1,10000,1000,1000,0,9000,1/4/2023,2023-04-01,2025-11-09 09:09:26.788698,data/lms_loan_daily.csv,2023-04-01
CUS_0x70f7_2023_02_01,CUS_0x70f7,1/2/2023,10,2,10000,1000,1000,0,8000,1/4/2023,2023-04-01,2025-11-09 09:09:26.788698,data/lms_loan_daily.csv,2023-04-01
CUS_0x7101_2023_03_01,CUS_0x7101,1/3/2023,10,1,10000,1000,1000,0,9000,1/4/2023,2023-04-01,2025-11-09 09:09:26.788698,data/lms_loan_daily.csv,2023-04-01
CUS_0x710b_2023_01_01,CUS_0x710b,1/1/2023,10,3,10000,1000,2000,0,7000,1/4/2023,2023-04-01,2025-11-09 09:09:26.788698,data/lms_loan_daily.csv,2023-04-01
CUS_0x7152_2023_02_01,CUS_0x7152,1/2/2023,10,2,10000,1000,1000,0,8000,1/4/2023,2023-04-01,2025-11-09 09:09:26.788698,data/lms_loan_daily.csv,2023-04-01
CUS_0x715f_2023_04_01,CUS_0x715f,1/4/2023,10,0,10000,0,0,0,10000,1/4/2023,2023-04-01,2025-11-09 09:09:26.788698,data/lms_loan_daily.csv,2023-04-01
CUS_0x7168_2023_03_01,CUS_0x7168,1/3/2023,10,1,10000,1000,1000,0,9000,1/4/2023,2023-04-01,2025-11-09 09:09:26.788698,data/lms_loan_daily.csv,2023-04-01
CUS_0x71a0_2023_01_01,CUS_0x71a0,1/1/2023,10,3,10000,1000,0,1000,8000,1/4/2023,2023-04-01,2025-11-09 09:09:26.788698,data/lms_loan_daily.csv,2023-04-01
CUS_0x71d2_2023_02_01,CUS_0x71d2,1/2/2023,10,2,10000,1000,1000,0,8000,1/4/2023,2023-04-01,2025-11-09 09:09:26.788698,data/lms_loan_daily.csv,2023-04-01
CUS_0x71da_2023_03_01,CUS_0x71da,1/3/2023,10,1,10000,1000,1000,0,9000,1/4/2023,2023-04-01,2025-11-09 09:09:26.788698,data/lms_loan_daily.csv,2023-04-01
CUS_0x71de_2023_02_01,CUS_0x71de,1/2/2023,10,2,10000,1000,1000,0,8000,1/4/2023,2023-04-01,2025-11-09 09:09:26.788698,data/lms_loan_daily.csv,2023-04-01
CUS_0x721f_2023_03_01,CUS_0x721f,1/3/2023,10,1,10000,1000,1000,0,9000,1/4/2023,2023-04-01,2025-11-09 09:09:26.788698,data/lms_loan_daily.csv,2023-04-01
CUS_0x7225_2023_03_01,CUS_0x7225,1/3/2023,10,1,10000,1000,1000,0,9000,1/4/2023,2023-04-01,2025-11-09 09:09:26.788698,data/lms_loan_daily.csv,2023-04-01
CUS_0x7251_2023_02_01,CUS_0x7251,1/2/2023,10,2,10000,1000,1000,0,8000,1/4/2023,2023-04-01,2025-11-09 09:09:26.788698,data/lms_loan_daily.csv,2023-04-01
CUS_0x7266_2023_01_01,CUS_0x7266,1/1/2023,10,3,10000,1000,1000,0,7000,1/4/2023,2023-04-01,2025-11-09 09:09:26.788698,data/lms_loan_daily.csv,2023-04-01
CUS_0x7281_2023_02_01,CUS_0x7281,1/2/2023,10,2,10000,1000,1000,0,8000,1/4/2023,2023-04-01,2025-11-09 09:09:26.788698,data/lms_loan_daily.csv,2023-04-01
CUS_0x72a7_2023_02_01,CUS_0x72a7,1/2/2023,10,2,10000,1000,1000,0,8000,1/4/2023,2023-04-01,2025-11-09 09:09:26.788698,data/lms_loan_daily.csv,2023-04-01
CUS_0x72b2_2023_02_01,CUS_0x72b2,1/2/2023,10,2,10000,1000,1000,0,8000,1/4/2023,2023-04-01,2025-11-09 09:09:26.788698,data/lms_loan_daily.csv,2023-04-01
CUS_0x72b7_2023_03_01,CUS_0x72b7,1/3/2023,10,1,10000,1000,1000,0,9000,1/4/2023,2023-04-01,2025-11-09 09:09:26.788698,data/lms_loan_daily.csv,2023-04-01
CUS_0x72f3_2023_03_01,CUS_0x72f3,1/3/2023,10,1,10000,1000,1000,0,9000,1/4/2023,2023-04-01,2025-11-09 09:09:26.788698,data/lms_loan_daily.csv,2023-04-01
CUS_0x732b_2023_02_01,CUS_0x732b,1/2/2023,10,2,10000,1000,1000,0,8000,1/4/2023,2023-04-01,2025-11-09 09:09:26.788698,data/lms_loan_daily.csv,2023-04-01
CUS_0x7348_2023_03_01,CUS_0x7348,1/3/2023,10,1,10000,1000,1000,0,9000,1/4/2023,2023-04-01,2025-11-09 09:09:26.788698,data/lms_loan_daily.csv,2023-04-01
CUS_0x7350_2023_04_01,CUS_0x7350,1/4/2023,10,0,10000,0,0,0,10000,1/4/2023,2023-04-01,2025-11-09 09:09:26.788698,data/lms_loan_daily.csv,2023-04-01
CUS_0x7351_2023_03_01,CUS_0x7351,1/3/2023,10,1,10000,1000,1000,0,9000,1/4/2023,2023-04-01,2025-11-09 09:09:26.788698,data/lms_loan_daily.csv,2023-04-01
CUS_0x7373_2023_01_01,CUS_0x7373,1/1/2023,10,3,10000,1000,2000,0,7000,1/4/2023,2023-04-01,2025-11-09 09:09:26.788698,data/lms_loan_daily.csv,2023-04-01
CUS_0x738f_2023_01_01,CUS_0x738f,1/1/2023,10,3,10000,1000,1000,0,7000,1/4/2023,2023-04-01,2025-11-09 09:09:26.788698,data/lms_loan_daily.csv,2023-04-01
CUS_0x739_2023_02_01,CUS_0x739,1/2/2023,10,2,10000,1000,1000,0,8000,1/4/2023,2023-04-01,2025-11-09 09:09:26.788698,data/lms_loan_daily.csv,2023-04-01
CUS_0x7394_2023_03_01,CUS_0x7394,1/3/2023,10,1,10000,1000,1000,0,9000,1/4/2023,2023-04-01,2025-11-09 09:09:26.788698,data/lms_loan_daily.csv,2023-04-01
CUS_0x73ae_2023_04_01,CUS_0x73ae,1/4/2023,10,0,10000,0,0,0,10000,1/4/2023,2023-04-01,2025-11-09 09:09:26.788698,data/lms_loan_daily.csv,2023-04-01
CUS_0x73c0_2023_02_01,CUS_0x73c0,1/2/2023,10,2,10000,1000,0,1000,9000,1/4/2023,2023-04-01,2025-11-09 09:09:26.788698,data/lms_loan_daily.csv,2023-04-01
CUS_0x73e6_2023_03_01,CUS_0x73e6,1/3/2023,10,1,10000,1000,1000,0,9000,1/4/2023,2023-04-01,2025-11-09 09:09:26.788698,data/lms_loan_daily.csv,2023-04-01
CUS_0x73ef_2023_04_01,CUS_0x73ef,1/4/2023,10,0,10000,0,0,0,10000,1/4/2023,2023-04-01,2025-11-09 09:09:26.788698,data/lms_loan_daily.csv,2023-04-01
CUS_0x73fb_2023_02_01,CUS_0x73fb,1/2/2023,10,2,10000,1000,1000,0,8000,1/4/2023,2023-04-01,2025-11-09 09:09:26.788698,data/lms_loan_daily.csv,2023-04-01
CUS_0x7405_2023_02_01,CUS_0x7405,1/2/2023,10,2,10000,1000,1000,0,8000,1/4/2023,2023-04-01,2025-11-09 09:09:26.788698,data/lms_loan_daily.csv,2023-04-01
CUS_0x7411_2023_04_01,CUS_0x7411,1/4/2023,10,0,10000,0,0,0,10000,1/4/2023,2023-04-01,2025-11-09 09:09:26.788698,data/lms_loan_daily.csv,2023-04-01
CUS_0x7418_2023_01_01,CUS_0x7418,1/1/2023,10,3,10000,1000,1000,0,7000,1/4/2023,2023-04-01,2025-11-09 09:09:26.788698,data/lms_loan_daily.csv,2023-04-01
CUS_0x7430_2023_02_01,CUS_0x7430,1/2/2023,10,2,10000,1000,1000,0,8000,1/4/2023,2023-04-01,2025-11-09 09:09:26.788698,data/lms_loan_daily.csv,2023-04-01
CUS_0x746c_2023_02_01,CUS_0x746c,1/2/2023,10,2,10000,1000,2000,0,8000,1/4/2023,2023-04-01,2025-11-09 09:09:26.788698,data/lms_loan_daily.csv,2023-04-01
CUS_0x747a_2023_04_01,CUS_0x747a,1/4/2023,10,0,10000,0,0,0,10000,1/4/2023,2023-04-01,2025-11-09 09:09:26.788698,data/lms_loan_daily.csv,2023-04-01
CUS_0x7486_2023_02_01,CUS_0x7486,1/2/2023,10,2,10000,1000,1000,0,8000,1/4/2023,2023-04-01,2025-11-09 09:09:26.788698,data/lms_loan_daily.csv,2023-04-01
CUS_0x74d2_2023_02_01,CUS_0x74d2,1/2/2023,10,2,10000,1000,1000,0,8000,1/4/2023,2023-04-01,2025-11-09 09:09:26.788698,data/lms_loan_daily.csv,2023-04-01
CUS_0x74f2_2023_03_01,CUS_0x74f2,1/3/2023,10,1,10000,1000,1000,0,9000,1/4/2023,2023-04-01,2025-11-09 09:09:26.788698,data/lms_loan_daily.csv,2023-04-01
CUS_0x7517_2023_03_01,CUS_0x7517,1/3/2023,10,1,10000,1000,1000,0,9000,1/4/2023,2023-04-01,2025-11-09 09:09:26.788698,data/lms_loan_daily.csv,2023-04-01
CUS_0x752c_2023_01_01,CUS_0x752c,1/1/2023,10,3,10000,1000,1000,0,7000,1/4/2023,2023-04-01,2025-11-09 09:09:26.788698,data/lms_loan_daily.csv,2023-04-01
CUS_0x752e_2023_04_01,CUS_0x752e,1/4/2023,10,0,10000,0,0,0,10000,1/4/2023,2023-04-01,2025-11-09 09:09:26.788698,data/lms_loan_daily.csv,2023-04-01
CUS_0x752f_2023_01_01,CUS_0x752f,1/1/2023,10,3,10000,1000,0,3000,10000,1/4/2023,2023-04-01,2025-11-09 09:09:26.788698,data/lms_loan_daily.csv,2023-04-01
CUS_0x7542_2023_02_01,CUS_0x7542,1/2/2023,10,2,10000,1000,1000,0,8000,1/4/2023,2023-04-01,2025-11-09 09:09:26.788698,data/lms_loan_daily.csv,2023-04-01
CUS_0x756d_2023_02_01,CUS_0x756d,1/2/2023,10,2,10000,1000,1000,0,8000,1/4/2023,2023-04-01,2025-11-09 09:09:26.788698,data/lms_loan_daily.csv,2023-04-01
CUS_0x7580_2023_01_01,CUS_0x7580,1/1/2023,10,3,10000,1000,0,1000,8000,1/4/2023,2023-04-01,2025-11-09 09:09:26.788698,data/lms_loan_daily.csv,2023-04-01
CUS_0x758e_2023_01_01,CUS_0x758e,1/1/2023,10,3,10000,1000,1000,0,7000,1/4/2023,2023-04-01,2025-11-09 09:09:26.788698,data/lms_loan_daily.csv,2023-04-01
CUS_0x75ca_2023_02_01,CUS_0x75ca,1/2/2023,10,2,10000,1000,1000,0,8000,1/4/2023,2023-04-01,2025-11-09 09:09:26.788698,data/lms_loan_daily.csv,2023-04-01
CUS_0x75e_2023_01_01,CUS_0x75e,1/1/2023,10,3,10000,1000,1000,0,7000,1/4/2023,2023-04-01,2025-11-09 09:09:26.788698,data/lms_loan_daily.csv,2023-04-01
CUS_0x75ee_2023_04_01,CUS_0x75ee,1/4/2023,10,0,10000,0,0,0,10000,1/4/2023,2023-04-01,2025-11-09 09:09:26.788698,data/lms_loan_daily.csv,2023-04-01
CUS_0x75fd_2023_03_01,CUS_0x75fd,1/3/2023,10,1,10000,1000,1000,0,9000,1/4/2023,2023-04-01,2025-11-09 09:09:26.788698,data/lms_loan_daily.csv,2023-04-01
CUS_0x763c_2023_03_01,CUS_0x763c,1/3/2023,10,1,10000,1000,1000,0,9000,1/4/2023,2023-04-01,2025-11-09 09:09:26.788698,data/lms_loan_daily.csv,2023-04-01
CUS_0x7659_2023_02_01,CUS_0x7659,1/2/2023,10,2,10000,1000,1000,0,8000,1/4/2023,2023-04-01,2025-11-09 09:09:26.788698,data/lms_loan_daily.csv,2023-04-01
CUS_0x7698_2023_02_01,CUS_0x7698,1/2/2023,10,2,10000,1000,1000,0,8000,1/4/2023,2023-04-01,2025-11-09 09:09:26.788698,data/lms_loan_daily.csv,2023-04-01
CUS_0x76a6_2023_04_01,CUS_0x76a6,1/4/2023,10,0,10000,0,0,0,10000,1/4/2023,2023-04-01,2025-11-09 09:09:26.788698,data/lms_loan_daily.csv,2023-04-01
CUS_0x76c1_2023_03_01,CUS_0x76c1,1/3/2023,10,1,10000,1000,1000,0,9000,1/4/2023,2023-04-01,2025-11-09 09:09:26.788698,data/lms_loan_daily.csv,2023-04-01
CUS_0x7721_2023_03_01,CUS_0x7721,1/3/2023,10,1,10000,1000,1000,0,9000,1/4/2023,2023-04-01,2025-11-09 09:09:26.788698,data/lms_loan_daily.csv,2023-04-01
CUS_0x773_2023_01_01,CUS_0x773,1/1/2023,10,3,10000,1000,1000,0,7000,1/4/2023,2023-04-01,2025-11-09 09:09:26.788698,data/lms_loan_daily.csv,2023-04-01
CUS_0x775a_2023_01_01,CUS_0x775a,1/1/2023,10,3,10000,1000,1000,0,7000,1/4/2023,2023-04-01,2025-11-09 09:09:26.788698,data/lms_loan_daily.csv,2023-04-01
CUS_0x77d1_2023_03_01,CUS_0x77d1,1/3/2023,10,1,10000,1000,1000,0,9000,1/4/2023,2023-04-01,2025-11-09 09:09:26.788698,data/lms_loan_daily.csv,2023-04-01
CUS_0x77de_2023_04_01,CUS_0x77de,1/4/2023,10,0,10000,0,0,0,10000,1/4/2023,2023-04-01,2025-11-09 09:09:26.788698,data/lms_loan_daily.csv,2023-04-01
CUS_0x77e2_2023_01_01,CUS_0x77e2,1/1/2023,10,3,10000,1000,0,1000,8000,1/4/2023,2023-04-01,2025-11-09 09:09:26.788698,data/lms_loan_daily.csv,2023-04-01
CUS_0x7803_2023_04_01,CUS_0x7803,1/4/2023,10,0,10000,0,0,0,10000,1/4/2023,2023-04-01,2025-11-09 09:09:26.788698,data/lms_loan_daily.csv,2023-04-01
CUS_0x7806_2023_02_01,CUS_0x7806,1/2/2023,10,2,10000,1000,1000,0,8000,1/4/2023,2023-04-01,2025-11-09 09:09:26.788698,data/lms_loan_daily.csv,2023-04-01
CUS_0x7830_2023_04_01,CUS_0x7830,1/4/2023,10,0,10000,0,0,0,10000,1/4/2023,2023-04-01,2025-11-09 09:09:26.788698,data/lms_loan_daily.csv,2023-04-01
CUS_0x785f_2023_03_01,CUS_0x785f,1/3/2023,10,1,10000,1000,1000,0,9000,1/4/2023,2023-04-01,2025-11-09 09:09:26.788698,data/lms_loan_daily.csv,2023-04-01
CUS_0x7869_2023_03_01,CUS_0x7869,1/3/2023,10,1,10000,1000,1000,0,9000,1/4/2023,2023-04-01,2025-11-09 09:09:26.788698,data/lms_loan_daily.csv,2023-04-01
CUS_0x7872_2023_01_01,CUS_0x7872,1/1/2023,10,3,10000,1000,0,1000,8000,1/4/2023,2023-04-01,2025-11-09 09:09:26.788698,data/lms_loan_daily.csv,2023-04-01
CUS_0x7874_2023_02_01,CUS_0x7874,1/2/2023,10,2,10000,1000,0,1000,9000,1/4/2023,2023-04-01,2025-11-09 09:09:26.788698,data/lms_loan_daily.csv,2023-04-01
CUS_0x7877_2023_01_01,CUS_0x7877,1/1/2023,10,3,10000,1000,1000,0,7000,1/4/2023,2023-04-01,2025-11-09 09:09:26.788698,data/lms_loan_daily.csv,2023-04-01
CUS_0x7884_2023_03_01,CUS_0x7884,1/3/2023,10,1,10000,1000,1000,0,9000,1/4/2023,2023-04-01,2025-11-09 09:09:26.788698,data/lms_loan_daily.csv,2023-04-01
CUS_0x78a7_2023_01_01,CUS_0x78a7,1/1/2023,10,3,10000,1000,2000,0,7000,1/4/2023,2023-04-01,2025-11-09 09:09:26.788698,data/lms_loan_daily.csv,2023-04-01
CUS_0x78ab_2023_03_01,CUS_0x78ab,1/3/2023,10,1,10000,1000,1000,0,9000,1/4/2023,2023-04-01,2025-11-09 09:09:26.788698,data/lms_loan_daily.csv,2023-04-01
CUS_0x78af_2023_04_01,CUS_0x78af,1/4/2023,10,0,10000,0,0,0,10000,1/4/2023,2023-04-01,2025-11-09 09:09:26.788698,data/lms_loan_daily.csv,2023-04-01
CUS_0x78f_2023_03_01,CUS_0x78f,1/3/2023,10,1,10000,1000,1000,0,9000,1/4/2023,2023-04-01,2025-11-09 09:09:26.788698,data/lms_loan_daily.csv,2023-04-01
CUS_0x78f0_2023_04_01,CUS_0x78f0,1/4/2023,10,0,10000,0,0,0,10000,1/4/2023,2023-04-01,2025-11-09 09:09:26.788698,data/lms_loan_daily.csv,2023-04-01
CUS_0x78f8_2023_03_01,CUS_0x78f8,1/3/2023,10,1,10000,1000,1000,0,9000,1/4/2023,2023-04-01,2025-11-09 09:09:26.788698,data/lms_loan_daily.csv,2023-04-01
CUS_0x7910_2023_01_01,CUS_0x7910,1/1/2023,10,3,10000,1000,1000,0,7000,1/4/2023,2023-04-01,2025-11-09 09:09:26.788698,data/lms_loan_daily.csv,2023-04-01
CUS_0x792b_2023_02_01,CUS_0x792b,1/2/2023,10,2,10000,1000,1000,0,8000,1/4/2023,2023-04-01,2025-11-09 09:09:26.788698,data/lms_loan_daily.csv,2023-04-01
CUS_0x796e_2023_04_01,CUS_0x796e,1/4/2023,10,0,10000,0,0,0,10000,1/4/2023,2023-04-01,2025-11-09 09:09:26.788698,data/lms_loan_daily.csv,2023-04-01
CUS_0x7977_2023_02_01,CUS_0x7977,1/2/2023,10,2,10000,1000,1000,0,8000,1/4/2023,2023-04-01,2025-11-09 09:09:26.788698,data/lms_loan_daily.csv,2023-04-01
CUS_0x7992_2023_04_01,CUS_0x7992,1/4/2023,10,0,10000,0,0,0,10000,1/4/2023,2023-04-01,2025-11-09 09:09:26.788698,data/lms_loan_daily.csv,2023-04-01
CUS_0x79aa_2023_01_01,CUS_0x79aa,1/1/2023,10,3,10000,1000,1000,0,7000,1/4/2023,2023-04-01,2025-11-09 09:09:26.788698,data/lms_loan_daily.csv,2023-04-01
CUS_0x79ac_2023_01_01,CUS_0x79ac,1/1/2023,10,3,10000,1000,1000,0,7000,1/4/2023,2023-04-01,2025-11-09 09:09:26.788698,data/lms_loan_daily.csv,2023-04-01
CUS_0x79cf_2023_01_01,CUS_0x79cf,1/1/2023,10,3,10000,1000,1000,0,7000,1/4/2023,2023-04-01,2025-11-09 09:09:26.788698,data/lms_loan_daily.csv,2023-04-01
CUS_0x79dd_2023_02_01,CUS_0x79dd,1/2/2023,10,2,10000,1000,1000,0,8000,1/4/2023,2023-04-01,2025-11-09 09:09:26.788698,data/lms_loan_daily.csv,2023-04-01
CUS_0x79ff_2023_01_01,CUS_0x79ff,1/1/2023,10,3,10000,1000,0,2000,9000,1/4/2023,2023-04-01,2025-11-09 09:09:26.788698,data/lms_loan_daily.csv,2023-04-01
CUS_0x7a0a_2023_03_01,CUS_0x7a0a,1/3/2023,10,1,10000,1000,1000,0,9000,1/4/2023,2023-04-01,2025-11-09 09:09:26.788698,data/lms_loan_daily.csv,2023-04-01
CUS_0x7a1f_2023_02_01,CUS_0x7a1f,1/2/2023,10,2,10000,1000,1000,0,8000,1/4/2023,2023-04-01,2025-11-09 09:09:26.788698,data/lms_loan_daily.csv,2023-04-01
CUS_0x7a21_2023_04_01,CUS_0x7a21,1/4/2023,10,0,10000,0,0,0,10000,1/4/2023,2023-04-01,2025-11-09 09:09:26.788698,data/lms_loan_daily.csv,2023-04-01
CUS_0x7a2d_2023_01_01,CUS_0x7a2d,1/1/2023,10,3,10000,1000,1000,0,7000,1/4/2023,2023-04-01,2025-11-09 09:09:26.788698,data/lms_loan_daily.csv,2023-04-01
CUS_0x7a59_2023_04_01,CUS_0x7a59,1/4/2023,10,0,10000,0,0,0,10000,1/4/2023,2023-04-01,2025-11-09 09:09:26.788698,data/lms_loan_daily.csv,2023-04-01
CUS_0x7a6f_2023_02_01,CUS_0x7a6f,1/2/2023,10,2,10000,1000,0,1000,9000,1/4/2023,2023-04-01,2025-11-09 09:09:26.788698,data/lms_loan_daily.csv,2023-04-01
CUS_0x7a77_2023_01_01,CUS_0x7a77,1/1/2023,10,3,10000,1000,1000,0,7000,1/4/2023,2023-04-01,2025-11-09 09:09:26.788698,data/lms_loan_daily.csv,2023-04-01
CUS_0x7a7d_2023_04_01,CUS_0x7a7d,1/4/2023,10,0,10000,0,0,0,10000,1/4/2023,2023-04-01,2025-11-09 09:09:26.788698,data/lms_loan_daily.csv,2023-04-01
CUS_0x7a84_2023_01_01,CUS_0x7a84,1/1/2023,10,3,10000,1000,1000,0,7000,1/4/2023,2023-04-01,2025-11-09 09:09:26.788698,data/lms_loan_daily.csv,2023-04-01
CUS_0x7a96_2023_04_01,CUS_0x7a96,1/4/2023,10,0,10000,0,0,0,10000,1/4/2023,2023-04-01,2025-11-09 09:09:26.788698,data/lms_loan_daily.csv,2023-04-01
CUS_0x7ab1_2023_04_01,CUS_0x7ab1,1/4/2023,10,0,10000,0,0,0,10000,1/4/2023,2023-04-01,2025-11-09 09:09:26.788698,data/lms_loan_daily.csv,2023-04-01
CUS_0x7ad4_2023_04_01,CUS_0x7ad4,1/4/2023,10,0,10000,0,0,0,10000,1/4/2023,2023-04-01,2025-11-09 09:09:26.788698,data/lms_loan_daily.csv,2023-04-01
CUS_0x7b2d_2023_04_01,CUS_0x7b2d,1/4/2023,10,0,10000,0,0,0,10000,1/4/2023,2023-04-01,2025-11-09 09:09:26.788698,data/lms_loan_daily.csv,2023-04-01
CUS_0x7b31_2023_01_01,CUS_0x7b31,1/1/2023,10,3,10000,1000,1000,0,7000,1/4/2023,2023-04-01,2025-11-09 09:09:26.788698,data/lms_loan_daily.csv,2023-04-01
CUS_0x7b52_2023_01_01,CUS_0x7b52,1/1/2023,10,3,10000,1000,0,1000,8000,1/4/2023,2023-04-01,2025-11-09 09:09:26.788698,data/lms_loan_daily.csv,2023-04-01
CUS_0x7b58_2023_02_01,CUS_0x7b58,1/2/2023,10,2,10000,1000,1000,0,8000,1/4/2023,2023-04-01,2025-11-09 09:09:26.788698,data/lms_loan_daily.csv,2023-04-01
CUS_0x7b72_2023_04_01,CUS_0x7b72,1/4/2023,10,0,10000,0,0,0,10000,1/4/2023,2023-04-01,2025-11-09 09:09:26.788698,data/lms_loan_daily.csv,2023-04-01
CUS_0x7b8a_2023_04_01,CUS_0x7b8a,1/4/2023,10,0,10000,0,0,0,10000,1/4/2023,2023-04-01,2025-11-09 09:09:26.788698,data/lms_loan_daily.csv,2023-04-01
CUS_0x7b90_2023_01_01,CUS_0x7b90,1/1/2023,10,3,10000,1000,1000,0,7000,1/4/2023,2023-04-01,2025-11-09 09:09:26.788698,data/lms_loan_daily.csv,2023-04-01
CUS_0x7b97_2023_02_01,CUS_0x7b97,1/2/2023,10,2,10000,1000,1000,0,8000,1/4/2023,2023-04-01,2025-11-09 09:09:26.788698,data/lms_loan_daily.csv,2023-04-01
CUS_0x7bad_2023_03_01,CUS_0x7bad,1/3/2023,10,1,10000,1000,1000,0,9000,1/4/2023,2023-04-01,2025-11-09 09:09:26.788698,data/lms_loan_daily.csv,2023-04-01
CUS_0x7bb3_2023_02_01,CUS_0x7bb3,1/2/2023,10,2,10000,1000,1000,0,8000,1/4/2023,2023-04-01,2025-11-09 09:09:26.788698,data/lms_loan_daily.csv,2023-04-01
CUS_0x7bda_2023_01_01,CUS_0x7bda,1/1/2023,10,3,10000,1000,1000,0,7000,1/4/2023,2023-04-01,2025-11-09 09:09:26.788698,data/lms_loan_daily.csv,2023-04-01
CUS_0x7be5_2023_02_01,CUS_0x7be5,1/2/2023,10,2,10000,1000,1000,0,8000,1/4/2023,2023-04-01,2025-11-09 09:09:26.788698,data/lms_loan_daily.csv,2023-04-01
CUS_0x7bec_2023_04_01,CUS_0x7bec,1/4/2023,10,0,10000,0,0,0,10000,1/4/2023,2023-04-01,2025-11-09 09:09:26.788698,data/lms_loan_daily.csv,2023-04-01
CUS_0x7bf2_2023_02_01,CUS_0x7bf2,1/2/2023,10,2,10000,1000,1000,0,8000,1/4/2023,2023-04-01,2025-11-09 09:09:26.788698,data/lms_loan_daily.csv,2023-04-01
CUS_0x7c00_2023_01_01,CUS_0x7c00,1/1/2023,10,3,10000,1000,1000,0,7000,1/4/2023,2023-04-01,2025-11-09 09:09:26.788698,data/lms_loan_daily.csv,2023-04-01
CUS_0x7c01_2023_01_01,CUS_0x7c01,1/1/2023,10,3,10000,1000,1000,0,7000,1/4/2023,2023-04-01,2025-11-09 09:09:26.788698,data/lms_loan_daily.csv,2023-04-01
CUS_0x7c06_2023_03_01,CUS_0x7c06,1/3/2023,10,1,10000,1000,1000,0,9000,1/4/2023,2023-04-01,2025-11-09 09:09:26.788698,data/lms_loan_daily.csv,2023-04-01
CUS_0x7c13_2023_01_01,CUS_0x7c13,1/1/2023,10,3,10000,1000,0,2000,9000,1/4/2023,2023-04-01,2025-11-09 09:09:26.788698,data/lms_loan_daily.csv,2023-04-01
CUS_0x7c2f_2023_01_01,CUS_0x7c2f,1/1/2023,10,3,10000,1000,0,2000,9000,1/4/2023,2023-04-01,2025-11-09 09:09:26.788698,data/lms_loan_daily.csv,2023-04-01
CUS_0x7c55_2023_04_01,CUS_0x7c55,1/4/2023,10,0,10000,0,0,0,10000,1/4/2023,2023-04-01,2025-11-09 09:09:26.788698,data/lms_loan_daily.csv,2023-04-01
CUS_0x7c58_2023_01_01,CUS_0x7c58,1/1/2023,10,3,10000,1000,1000,0,7000,1/4/2023,2023-04-01,2025-11-09 09:09:26.788698,data/lms_loan_daily.csv,2023-04-01
CUS_0x7c59_2023_04_01,CUS_0x7c59,1/4/2023,10,0,10000,0,0,0,10000,1/4/2023,2023-04-01,2025-11-09 09:09:26.788698,data/lms_loan_daily.csv,2023-04-01
CUS_0x7c60_2023_02_01,CUS_0x7c60,1/2/2023,10,2,10000,1000,1000,0,8000,1/4/2023,2023-04-01,2025-11-09 09:09:26.788698,data/lms_loan_daily.csv,2023-04-01
CUS_0x7c64_2023_01_01,CUS_0x7c64,1/1/2023,10,3,10000,1000,1000,0,7000,1/4/2023,2023-04-01,2025-11-09 09:09:26.788698,data/lms_loan_daily.csv,2023-04-01
CUS_0x7c66_2023_01_01,CUS_0x7c66,1/1/2023,10,3,10000,1000,1000,0,7000,1/4/2023,2023-04-01,2025-11-09 09:09:26.788698,data/lms_loan_daily.csv,2023-04-01
CUS_0x7c84_2023_04_01,CUS_0x7c84,1/4/2023,10,0,10000,0,0,0,10000,1/4/2023,2023-04-01,2025-11-09 09:09:26.788698,data/lms_loan_daily.csv,2023-04-01
CUS_0x7c97_2023_03_01,CUS_0x7c97,1/3/2023,10,1,10000,1000,0,1000,10000,1/4/2023,2023-04-01,2025-11-09 09:09:26.788698,data/lms_loan_daily.csv,2023-04-01
CUS_0x7cb9_2023_01_01,CUS_0x7cb9,1/1/2023,10,3,10000,1000,0,1000,8000,1/4/2023,2023-04-01,2025-11-09 09:09:26.788698,data/lms_loan_daily.csv,2023-04-01
CUS_0x7cc7_2023_04_01,CUS_0x7cc7,1/4/2023,10,0,10000,0,0,0,10000,1/4/2023,2023-04-01,2025-11-09 09:09:26.788698,data/lms_loan_daily.csv,2023-04-01
CUS_0x7cd8_2023_04_01,CUS_0x7cd8,1/4/2023,10,0,10000,0,0,0,10000,1/4/2023,2023-04-01,2025-11-09 09:09:26.788698,data/lms_loan_daily.csv,2023-04-01
CUS_0x7cf0_2023_04_01,CUS_0x7cf0,1/4/2023,10,0,10000,0,0,0,10000,1/4/2023,2023-04-01,2025-11-09 09:09:26.788698,data/lms_loan_daily.csv,2023-04-01
CUS_0x7cfc_2023_01_01,CUS_0x7cfc,1/1/2023,10,3,10000,1000,1000,0,7000,1/4/2023,2023-04-01,2025-11-09 09:09:26.788698,data/lms_loan_daily.csv,2023-04-01
CUS_0x7d04_2023_03_01,CUS_0x7d04,1/3/2023,10,1,10000,1000,1000,0,9000,1/4/2023,2023-04-01,2025-11-09 09:09:26.788698,data/lms_loan_daily.csv,2023-04-01
CUS_0x7d17_2023_02_01,CUS_0x7d17,1/2/2023,10,2,10000,1000,1000,0,8000,1/4/2023,2023-04-01,2025-11-09 09:09:26.788698,data/lms_loan_daily.csv,2023-04-01
CUS_0x7d18_2023_03_01,CUS_0x7d18,1/3/2023,10,1,10000,1000,1000,0,9000,1/4/2023,2023-04-01,2025-11-09 09:09:26.788698,data/lms_loan_daily.csv,2023-04-01
CUS_0x7d25_2023_04_01,CUS_0x7d25,1/4/2023,10,0,10000,0,0,0,10000,1/4/2023,2023-04-01,2025-11-09 09:09:26.788698,data/lms_loan_daily.csv,2023-04-01
CUS_0x7d27_2023_04_01,CUS_0x7d27,1/4/2023,10,0,10000,0,0,0,10000,1/4/2023,2023-04-01,2025-11-09 09:09:26.788698,data/lms_loan_daily.csv,2023-04-01
CUS_0x7d6_2023_02_01,CUS_0x7d6,1/2/2023,10,2,10000,1000,1000,0,8000,1/4/2023,2023-04-01,2025-11-09 09:09:26.788698,data/lms_loan_daily.csv,2023-04-01
CUS_0x7d64_2023_03_01,CUS_0x7d64,1/3/2023,10,1,10000,1000,1000,0,9000,1/4/2023,2023-04-01,2025-11-09 09:09:26.788698,data/lms_loan_daily.csv,2023-04-01
CUS_0x7d65_2023_03_01,CUS_0x7d65,1/3/2023,10,1,10000,1000,1000,0,9000,1/4/2023,2023-04-01,2025-11-09 09:09:26.788698,data/lms_loan_daily.csv,2023-04-01
CUS_0x7d70_2023_04_01,CUS_0x7d70,1/4/2023,10,0,10000,0,0,0,10000,1/4/2023,2023-04-01,2025-11-09 09:09:26.788698,data/lms_loan_daily.csv,2023-04-01
CUS_0x7dd5_2023_03_01,CUS_0x7dd5,1/3/2023,10,1,10000,1000,1000,0,9000,1/4/2023,2023-04-01,2025-11-09 09:09:26.788698,data/lms_loan_daily.csv,2023-04-01
CUS_0x7dfb_2023_01_01,CUS_0x7dfb,1/1/2023,10,3,10000,1000,2000,0,7000,1/4/2023,2023-04-01,2025-11-09 09:09:26.788698,data/lms_loan_daily.csv,2023-04-01
CUS_0x7e0e_2023_02_01,CUS_0x7e0e,1/2/2023,10,2,10000,1000,1000,0,8000,1/4/2023,2023-04-01,2025-11-09 09:09:26.788698,data/lms_loan_daily.csv,2023-04-01
CUS_0x7e28_2023_02_01,CUS_0x7e28,1/2/2023,10,2,10000,1000,1000,0,8000,1/4/2023,2023-04-01,2025-11-09 09:09:26.788698,data/lms_loan_daily.csv,2023-04-01
CUS_0x7e84_2023_04_01,CUS_0x7e84,1/4/2023,10,0,10000,0,0,0,10000,1/4/2023,2023-04-01,2025-11-09 09:09:26.788698,data/lms_loan_daily.csv,2023-04-01
CUS_0x7e8a_2023_02_01,CUS_0x7e8a,1/2/2023,10,2,10000,1000,1000,0,8000,1/4/2023,2023-04-01,2025-11-09 09:09:26.788698,data/lms_loan_daily.csv,2023-04-01
CUS_0x7ec0_2023_04_01,CUS_0x7ec0,1/4/2023,10,0,10000,0,0,0,10000,1/4/2023,2023-04-01,2025-11-09 09:09:26.788698,data/lms_loan_daily.csv,2023-04-01
CUS_0x7ee3_2023_04_01,CUS_0x7ee3,1/4/2023,10,0,10000,0,0,0,10000,1/4/2023,2023-04-01,2025-11-09 09:09:26.788698,data/lms_loan_daily.csv,2023-04-01
CUS_0x7fa_2023_04_01,CUS_0x7fa,1/4/2023,10,0,10000,0,0,0,10000,1/4/2023,2023-04-01,2025-11-09 09:09:26.788698,data/lms_loan_daily.csv,2023-04-01
CUS_0x7fb3_2023_04_01,CUS_0x7fb3,1/4/2023,10,0,10000,0,0,0,10000,1/4/2023,2023-04-01,2025-11-09 09:09:26.788698,data/lms_loan_daily.csv,2023-04-01
CUS_0x7fc3_2023_01_01,CUS_0x7fc3,1/1/2023,10,3,10000,1000,1000,0,7000,1/4/2023,2023-04-01,2025-11-09 09:09:26.788698,data/lms_loan_daily.csv,2023-04-01
CUS_0x7fd3_2023_02_01,CUS_0x7fd3,1/2/2023,10,2,10000,1000,1000,0,8000,1/4/2023,2023-04-01,2025-11-09 09:09:26.788698,data/lms_loan_daily.csv,2023-04-01
CUS_0x7fe2_2023_01_01,CUS_0x7fe2,1/1/2023,10,3,10000,1000,1000,0,7000,1/4/2023,2023-04-01,2025-11-09 09:09:26.788698,data/lms_loan_daily.csv,2023-04-01
CUS_0x7ff5_2023_02_01,CUS_0x7ff5,1/2/2023,10,2,10000,1000,1000,0,8000,1/4/2023,2023-04-01,2025-11-09 09:09:26.788698,data/lms_loan_daily.csv,2023-04-01
CUS_0x8004_2023_03_01,CUS_0x8004,1/3/2023,10,1,10000,1000,1000,0,9000,1/4/2023,2023-04-01,2025-11-09 09:09:26.788698,data/lms_loan_daily.csv,2023-04-01
CUS_0x802_2023_03_01,CUS_0x802,1/3/2023,10,1,10000,1000,1000,0,9000,1/4/2023,2023-04-01,2025-11-09 09:09:26.788698,data/lms_loan_daily.csv,2023-04-01
CUS_0x8031_2023_01_01,CUS_0x8031,1/1/2023,10,3,10000,1000,0,1000,8000,1/4/2023,2023-04-01,2025-11-09 09:09:26.788698,data/lms_loan_daily.csv,2023-04-01
CUS_0x8034_2023_01_01,CUS_0x8034,1/1/2023,10,3,10000,1000,1000,0,7000,1/4/2023,2023-04-01,2025-11-09 09:09:26.788698,data/lms_loan_daily.csv,2023-04-01
CUS_0x8036_2023_03_01,CUS_0x8036,1/3/2023,10,1,10000,1000,1000,0,9000,1/4/2023,2023-04-01,2025-11-09 09:09:26.788698,data/lms_loan_daily.csv,2023-04-01
CUS_0x8046_2023_04_01,CUS_0x8046,1/4/2023,10,0,10000,0,0,0,10000,1/4/2023,2023-04-01,2025-11-09 09:09:26.788698,data/lms_loan_daily.csv,2023-04-01
CUS_0x8065_2023_01_01,CUS_0x8065,1/1/2023,10,3,10000,1000,0,2000,9000,1/4/2023,2023-04-01,2025-11-09 09:09:26.788698,data/lms_loan_daily.csv,2023-04-01
CUS_0x8067_2023_04_01,CUS_0x8067,1/4/2023,10,0,10000,0,0,0,10000,1/4/2023,2023-04-01,2025-11-09 09:09:26.788698,data/lms_loan_daily.csv,2023-04-01
CUS_0x8083_2023_02_01,CUS_0x8083,1/2/2023,10,2,10000,1000,1000,0,8000,1/4/2023,2023-04-01,2025-11-09 09:09:26.788698,data/lms_loan_daily.csv,2023-04-01
CUS_0x80ca_2023_02_01,CUS_0x80ca,1/2/2023,10,2,10000,1000,1000,0,8000,1/4/2023,2023-04-01,2025-11-09 09:09:26.788698,data/lms_loan_daily.csv,2023-04-01
CUS_0x80dc_2023_04_01,CUS_0x80dc,1/4/2023,10,0,10000,0,0,0,10000,1/4/2023,2023-04-01,2025-11-09 09:09:26.788698,data/lms_loan_daily.csv,2023-04-01
CUS_0x80e2_2023_03_01,CUS_0x80e2,1/3/2023,10,1,10000,1000,1000,0,9000,1/4/2023,2023-04-01,2025-11-09 09:09:26.788698,data/lms_loan_daily.csv,2023-04-01
CUS_0x80e5_2023_04_01,CUS_0x80e5,1/4/2023,10,0,10000,0,0,0,10000,1/4/2023,2023-04-01,2025-11-09 09:09:26.788698,data/lms_loan_daily.csv,2023-04-01
CUS_0x8126_2023_04_01,CUS_0x8126,1/4/2023,10,0,10000,0,0,0,10000,1/4/2023,2023-04-01,2025-11-09 09:09:26.788698,data/lms_loan_daily.csv,2023-04-01
CUS_0x812d_2023_03_01,CUS_0x812d,1/3/2023,10,1,10000,1000,1000,0,9000,1/4/2023,2023-04-01,2025-11-09 09:09:26.788698,data/lms_loan_daily.csv,2023-04-01
CUS_0x8135_2023_02_01,CUS_0x8135,1/2/2023,10,2,10000,1000,1000,0,8000,1/4/2023,2023-04-01,2025-11-09 09:09:26.788698,data/lms_loan_daily.csv,2023-04-01
CUS_0x8142_2023_04_01,CUS_0x8142,1/4/2023,10,0,10000,0,0,0,10000,1/4/2023,2023-04-01,2025-11-09 09:09:26.788698,data/lms_loan_daily.csv,2023-04-01
CUS_0x8171_2023_01_01,CUS_0x8171,1/1/2023,10,3,10000,1000,1000,0,7000,1/4/2023,2023-04-01,2025-11-09 09:09:26.788698,data/lms_loan_daily.csv,2023-04-01
CUS_0x81b8_2023_02_01,CUS_0x81b8,1/2/2023,10,2,10000,1000,1000,0,8000,1/4/2023,2023-04-01,2025-11-09 09:09:26.788698,data/lms_loan_daily.csv,2023-04-01
CUS_0x81b9_2023_03_01,CUS_0x81b9,1/3/2023,10,1,10000,1000,1000,0,9000,1/4/2023,2023-04-01,2025-11-09 09:09:26.788698,data/lms_loan_daily.csv,2023-04-01
CUS_0x81c3_2023_04_01,CUS_0x81c3,1/4/2023,10,0,10000,0,0,0,10000,1/4/2023,2023-04-01,2025-11-09 09:09:26.788698,data/lms_loan_daily.csv,2023-04-01
CUS_0x81e6_2023_01_01,CUS_0x81e6,1/1/2023,10,3,10000,1000,0,1000,8000,1/4/2023,2023-04-01,2025-11-09 09:09:26.788698,data/lms_loan_daily.csv,2023-04-01
CUS_0x81f1_2023_04_01,CUS_0x81f1,1/4/2023,10,0,10000,0,0,0,10000,1/4/2023,2023-04-01,2025-11-09 09:09:26.788698,data/lms_loan_daily.csv,2023-04-01
CUS_0x8207_2023_01_01,CUS_0x8207,1/1/2023,10,3,10000,1000,0,1000,8000,1/4/2023,2023-04-01,2025-11-09 09:09:26.788698,data/lms_loan_daily.csv,2023-04-01
CUS_0x8208_2023_02_01,CUS_0x8208,1/2/2023,10,2,10000,1000,1000,0,8000,1/4/2023,2023-04-01,2025-11-09 09:09:26.788698,data/lms_loan_daily.csv,2023-04-01
CUS_0x821_2023_04_01,CUS_0x821,1/4/2023,10,0,10000,0,0,0,10000,1/4/2023,2023-04-01,2025-11-09 09:09:26.788698,data/lms_loan_daily.csv,2023-04-01
CUS_0x8225_2023_03_01,CUS_0x8225,1/3/2023,10,1,10000,1000,1000,0,9000,1/4/2023,2023-04-01,2025-11-09 09:09:26.788698,data/lms_loan_daily.csv,2023-04-01
CUS_0x8237_2023_03_01,CUS_0x8237,1/3/2023,10,1,10000,1000,1000,0,9000,1/4/2023,2023-04-01,2025-11-09 09:09:26.788698,data/lms_loan_daily.csv,2023-04-01
CUS_0x8239_2023_04_01,CUS_0x8239,1/4/2023,10,0,10000,0,0,0,10000,1/4/2023,2023-04-01,2025-11-09 09:09:26.788698,data/lms_loan_daily.csv,2023-04-01
CUS_0x8247_2023_02_01,CUS_0x8247,1/2/2023,10,2,10000,1000,1000,0,8000,1/4/2023,2023-04-01,2025-11-09 09:09:26.788698,data/lms_loan_daily.csv,2023-04-01
CUS_0x825d_2023_04_01,CUS_0x825d,1/4/2023,10,0,10000,0,0,0,10000,1/4/2023,2023-04-01,2025-11-09 09:09:26.788698,data/lms_loan_daily.csv,2023-04-01
CUS_0x825e_2023_02_01,CUS_0x825e,1/2/2023,10,2,10000,1000,0,1000,9000,1/4/2023,2023-04-01,2025-11-09 09:09:26.788698,data/lms_loan_daily.csv,2023-04-01
CUS_0x826d_2023_04_01,CUS_0x826d,1/4/2023,10,0,10000,0,0,0,10000,1/4/2023,2023-04-01,2025-11-09 09:09:26.788698,data/lms_loan_daily.csv,2023-04-01
CUS_0x8277_2023_02_01,CUS_0x8277,1/2/2023,10,2,10000,1000,1000,0,8000,1/4/2023,2023-04-01,2025-11-09 09:09:26.788698,data/lms_loan_daily.csv,2023-04-01
CUS_0x828f_2023_03_01,CUS_0x828f,1/3/2023,10,1,10000,1000,1000,0,9000,1/4/2023,2023-04-01,2025-11-09 09:09:26.788698,data/lms_loan_daily.csv,2023-04-01
CUS_0x829a_2023_04_01,CUS_0x829a,1/4/2023,10,0,10000,0,0,0,10000,1/4/2023,2023-04-01,2025-11-09 09:09:26.788698,data/lms_loan_daily.csv,2023-04-01
CUS_0x82a1_2023_02_01,CUS_0x82a1,1/2/2023,10,2,10000,1000,1000,0,8000,1/4/2023,2023-04-01,2025-11-09 09:09:26.788698,data/lms_loan_daily.csv,2023-04-01
CUS_0x82a7_2023_01_01,CUS_0x82a7,1/1/2023,10,3,10000,1000,0,1000,8000,1/4/2023,2023-04-01,2025-11-09 09:09:26.788698,data/lms_loan_daily.csv,2023-04-01
CUS_0x82b6_2023_02_01,CUS_0x82b6,1/2/2023,10,2,10000,1000,1000,0,8000,1/4/2023,2023-04-01,2025-11-09 09:09:26.788698,data/lms_loan_daily.csv,2023-04-01
CUS_0x82c4_2023_03_01,CUS_0x82c4,1/3/2023,10,1,10000,1000,1000,0,9000,1/4/2023,2023-04-01,2025-11-09 09:09:26.788698,data/lms_loan_daily.csv,2023-04-01
CUS_0x82fc_2023_03_01,CUS_0x82fc,1/3/2023,10,1,10000,1000,1000,0,9000,1/4/2023,2023-04-01,2025-11-09 09:09:26.788698,data/lms_loan_daily.csv,2023-04-01
CUS_0x8327_2023_03_01,CUS_0x8327,1/3/2023,10,1,10000,1000,1000,0,9000,1/4/2023,2023-04-01,2025-11-09 09:09:26.788698,data/lms_loan_daily.csv,2023-04-01
CUS_0x832d_2023_01_01,CUS_0x832d,1/1/2023,10,3,10000,1000,1000,0,7000,1/4/2023,2023-04-01,2025-11-09 09:09:26.788698,data/lms_loan_daily.csv,2023-04-01
CUS_0x834f_2023_04_01,CUS_0x834f,1/4/2023,10,0,10000,0,0,0,10000,1/4/2023,2023-04-01,2025-11-09 09:09:26.788698,data/lms_loan_daily.csv,2023-04-01
CUS_0x8370_2023_01_01,CUS_0x8370,1/1/2023,10,3,10000,1000,0,2000,9000,1/4/2023,2023-04-01,2025-11-09 09:09:26.788698,data/lms_loan_daily.csv,2023-04-01
CUS_0x8376_2023_01_01,CUS_0x8376,1/1/2023,10,3,10000,1000,1000,0,7000,1/4/2023,2023-04-01,2025-11-09 09:09:26.788698,data/lms_loan_daily.csv,2023-04-01
CUS_0x838c_2023_03_01,CUS_0x838c,1/3/2023,10,1,10000,1000,1000,0,9000,1/4/2023,2023-04-01,2025-11-09 09:09:26.788698,data/lms_loan_daily.csv,2023-04-01
CUS_0x83cc_2023_02_01,CUS_0x83cc,1/2/2023,10,2,10000,1000,1000,0,8000,1/4/2023,2023-04-01,2025-11-09 09:09:26.788698,data/lms_loan_daily.csv,2023-04-01
CUS_0x83f5_2023_03_01,CUS_0x83f5,1/3/2023,10,1,10000,1000,1000,0,9000,1/4/2023,2023-04-01,2025-11-09 09:09:26.788698,data/lms_loan_daily.csv,2023-04-01
CUS_0x83fb_2023_04_01,CUS_0x83fb,1/4/2023,10,0,10000,0,0,0,10000,1/4/2023,2023-04-01,2025-11-09 09:09:26.788698,data/lms_loan_daily.csv,2023-04-01
CUS_0x8425_2023_02_01,CUS_0x8425,1/2/2023,10,2,10000,1000,1000,0,8000,1/4/2023,2023-04-01,2025-11-09 09:09:26.788698,data/lms_loan_daily.csv,2023-04-01
CUS_0x8432_2023_02_01,CUS_0x8432,1/2/2023,10,2,10000,1000,1000,0,8000,1/4/2023,2023-04-01,2025-11-09 09:09:26.788698,data/lms_loan_daily.csv,2023-04-01
CUS_0x8433_2023_04_01,CUS_0x8433,1/4/2023,10,0,10000,0,0,0,10000,1/4/2023,2023-04-01,2025-11-09 09:09:26.788698,data/lms_loan_daily.csv,2023-04-01
CUS_0x843d_2023_03_01,CUS_0x843d,1/3/2023,10,1,10000,1000,1000,0,9000,1/4/2023,2023-04-01,2025-11-09 09:09:26.788698,data/lms_loan_daily.csv,2023-04-01
CUS_0x846a_2023_01_01,CUS_0x846a,1/1/2023,10,3,10000,1000,1000,0,7000,1/4/2023,2023-04-01,2025-11-09 09:09:26.788698,data/lms_loan_daily.csv,2023-04-01
CUS_0x84a0_2023_01_01,CUS_0x84a0,1/1/2023,10,3,10000,1000,1000,0,7000,1/4/2023,2023-04-01,2025-11-09 09:09:26.788698,data/lms_loan_daily.csv,2023-04-01
CUS_0x850b_2023_03_01,CUS_0x850b,1/3/2023,10,1,10000,1000,1000,0,9000,1/4/2023,2023-04-01,2025-11-09 09:09:26.788698,data/lms_loan_daily.csv,2023-04-01
CUS_0x8526_2023_03_01,CUS_0x8526,1/3/2023,10,1,10000,1000,1000,0,9000,1/4/2023,2023-04-01,2025-11-09 09:09:26.788698,data/lms_loan_daily.csv,2023-04-01
CUS_0x8546_2023_01_01,CUS_0x8546,1/1/2023,10,3,10000,1000,1000,0,7000,1/4/2023,2023-04-01,2025-11-09 09:09:26.788698,data/lms_loan_daily.csv,2023-04-01
CUS_0x854c_2023_04_01,CUS_0x854c,1/4/2023,10,0,10000,0,0,0,10000,1/4/2023,2023-04-01,2025-11-09 09:09:26.788698,data/lms_loan_daily.csv,2023-04-01
CUS_0x8562_2023_02_01,CUS_0x8562,1/2/2023,10,2,10000,1000,0,1000,9000,1/4/2023,2023-04-01,2025-11-09 09:09:26.788698,data/lms_loan_daily.csv,2023-04-01
CUS_0x856b_2023_04_01,CUS_0x856b,1/4/2023,10,0,10000,0,0,0,10000,1/4/2023,2023-04-01,2025-11-09 09:09:26.788698,data/lms_loan_daily.csv,2023-04-01
CUS_0x859d_2023_01_01,CUS_0x859d,1/1/2023,10,3,10000,1000,1000,0,7000,1/4/2023,2023-04-01,2025-11-09 09:09:26.788698,data/lms_loan_daily.csv,2023-04-01
CUS_0x85a0_2023_04_01,CUS_0x85a0,1/4/2023,10,0,10000,0,0,0,10000,1/4/2023,2023-04-01,2025-11-09 09:09:26.788698,data/lms_loan_daily.csv,2023-04-01
CUS_0x85fa_2023_02_01,CUS_0x85fa,1/2/2023,10,2,10000,1000,1000,0,8000,1/4/2023,2023-04-01,2025-11-09 09:09:26.788698,data/lms_loan_daily.csv,2023-04-01
CUS_0x861a_2023_03_01,CUS_0x861a,1/3/2023,10,1,10000,1000,1000,0,9000,1/4/2023,2023-04-01,2025-11-09 09:09:26.788698,data/lms_loan_daily.csv,2023-04-01
CUS_0x8638_2023_04_01,CUS_0x8638,1/4/2023,10,0,10000,0,0,0,10000,1/4/2023,2023-04-01,2025-11-09 09:09:26.788698,data/lms_loan_daily.csv,2023-04-01
CUS_0x8647_2023_03_01,CUS_0x8647,1/3/2023,10,1,10000,1000,1000,0,9000,1/4/2023,2023-04-01,2025-11-09 09:09:26.788698,data/lms_loan_daily.csv,2023-04-01
CUS_0x8658_2023_01_01,CUS_0x8658,1/1/2023,10,3,10000,1000,1000,0,7000,1/4/2023,2023-04-01,2025-11-09 09:09:26.788698,data/lms_loan_daily.csv,2023-04-01
CUS_0x867f_2023_03_01,CUS_0x867f,1/3/2023,10,1,10000,1000,0,1000,10000,1/4/2023,2023-04-01,2025-11-09 09:09:26.788698,data/lms_loan_daily.csv,2023-04-01
CUS_0x868f_2023_04_01,CUS_0x868f,1/4/2023,10,0,10000,0,0,0,10000,1/4/2023,2023-04-01,2025-11-09 09:09:26.788698,data/lms_loan_daily.csv,2023-04-01
CUS_0x86a7_2023_03_01,CUS_0x86a7,1/3/2023,10,1,10000,1000,1000,0,9000,1/4/2023,2023-04-01,2025-11-09 09:09:26.788698,data/lms_loan_daily.csv,2023-04-01
CUS_0x86be_2023_01_01,CUS_0x86be,1/1/2023,10,3,10000,1000,2000,0,7000,1/4/2023,2023-04-01,2025-11-09 09:09:26.788698,data/lms_loan_daily.csv,2023-04-01
CUS_0x86c7_2023_01_01,CUS_0x86c7,1/1/2023,10,3,10000,1000,1000,0,7000,1/4/2023,2023-04-01,2025-11-09 09:09:26.788698,data/lms_loan_daily.csv,2023-04-01
CUS_0x86ce_2023_03_01,CUS_0x86ce,1/3/2023,10,1,10000,1000,1000,0,9000,1/4/2023,2023-04-01,2025-11-09 09:09:26.788698,data/lms_loan_daily.csv,2023-04-01
CUS_0x86dd_2023_03_01,CUS_0x86dd,1/3/2023,10,1,10000,1000,1000,0,9000,1/4/2023,2023-04-01,2025-11-09 09:09:26.788698,data/lms_loan_daily.csv,2023-04-01
CUS_0x86e_2023_03_01,CUS_0x86e,1/3/2023,10,1,10000,1000,1000,0,9000,1/4/2023,2023-04-01,2025-11-09 09:09:26.788698,data/lms_loan_daily.csv,2023-04-01
CUS_0x86ed_2023_01_01,CUS_0x86ed,1/1/2023,10,3,10000,1000,0,1000,8000,1/4/2023,2023-04-01,2025-11-09 09:09:26.788698,data/lms_loan_daily.csv,2023-04-01
CUS_0x86fa_2023_03_01,CUS_0x86fa,1/3/2023,10,1,10000,1000,1000,0,9000,1/4/2023,2023-04-01,2025-11-09 09:09:26.788698,data/lms_loan_daily.csv,2023-04-01
CUS_0x8704_2023_01_01,CUS_0x8704,1/1/2023,10,3,10000,1000,1000,0,7000,1/4/2023,2023-04-01,2025-11-09 09:09:26.788698,data/lms_loan_daily.csv,2023-04-01
CUS_0x8727_2023_03_01,CUS_0x8727,1/3/2023,10,1,10000,1000,1000,0,9000,1/4/2023,2023-04-01,2025-11-09 09:09:26.788698,data/lms_loan_daily.csv,2023-04-01
CUS_0x8731_2023_04_01,CUS_0x8731,1/4/2023,10,0,10000,0,0,0,10000,1/4/2023,2023-04-01,2025-11-09 09:09:26.788698,data/lms_loan_daily.csv,2023-04-01
CUS_0x873b_2023_01_01,CUS_0x873b,1/1/2023,10,3,10000,1000,1000,0,7000,1/4/2023,2023-04-01,2025-11-09 09:09:26.788698,data/lms_loan_daily.csv,2023-04-01
CUS_0x8747_2023_04_01,CUS_0x8747,1/4/2023,10,0,10000,0,0,0,10000,1/4/2023,2023-04-01,2025-11-09 09:09:26.788698,data/lms_loan_daily.csv,2023-04-01
CUS_0x878_2023_04_01,CUS_0x878,1/4/2023,10,0,10000,0,0,0,10000,1/4/2023,2023-04-01,2025-11-09 09:09:26.788698,data/lms_loan_daily.csv,2023-04-01
CUS_0x8788_2023_03_01,CUS_0x8788,1/3/2023,10,1,10000,1000,1000,0,9000,1/4/2023,2023-04-01,2025-11-09 09:09:26.788698,data/lms_loan_daily.csv,2023-04-01
CUS_0x8798_2023_03_01,CUS_0x8798,1/3/2023,10,1,10000,1000,1000,0,9000,1/4/2023,2023-04-01,2025-11-09 09:09:26.788698,data/lms_loan_daily.csv,2023-04-01
CUS_0x87d5_2023_03_01,CUS_0x87d5,1/3/2023,10,1,10000,1000,1000,0,9000,1/4/2023,2023-04-01,2025-11-09 09:09:26.788698,data/lms_loan_daily.csv,2023-04-01
CUS_0x87d8_2023_02_01,CUS_0x87d8,1/2/2023,10,2,10000,1000,1000,0,8000,1/4/2023,2023-04-01,2025-11-09 09:09:26.788698,data/lms_loan_daily.csv,2023-04-01
CUS_0x87ec_2023_03_01,CUS_0x87ec,1/3/2023,10,1,10000,1000,1000,0,9000,1/4/2023,2023-04-01,2025-11-09 09:09:26.788698,data/lms_loan_daily.csv,2023-04-01
CUS_0x87f9_2023_04_01,CUS_0x87f9,1/4/2023,10,0,10000,0,0,0,10000,1/4/2023,2023-04-01,2025-11-09 09:09:26.788698,data/lms_loan_daily.csv,2023-04-01
CUS_0x87fa_2023_01_01,CUS_0x87fa,1/1/2023,10,3,10000,1000,0,1000,8000,1/4/2023,2023-04-01,2025-11-09 09:09:26.788698,data/lms_loan_daily.csv,2023-04-01
CUS_0x887f_2023_01_01,CUS_0x887f,1/1/2023,10,3,10000,1000,1000,0,7000,1/4/2023,2023-04-01,2025-11-09 09:09:26.788698,data/lms_loan_daily.csv,2023-04-01
CUS_0x8898_2023_03_01,CUS_0x8898,1/3/2023,10,1,10000,1000,1000,0,9000,1/4/2023,2023-04-01,2025-11-09 09:09:26.788698,data/lms_loan_daily.csv,2023-04-01
CUS_0x88ca_2023_02_01,CUS_0x88ca,1/2/2023,10,2,10000,1000,1000,0,8000,1/4/2023,2023-04-01,2025-11-09 09:09:26.788698,data/lms_loan_daily.csv,2023-04-01
CUS_0x8919_2023_01_01,CUS_0x8919,1/1/2023,10,3,10000,1000,1000,0,7000,1/4/2023,2023-04-01,2025-11-09 09:09:26.788698,data/lms_loan_daily.csv,2023-04-01
CUS_0x891b_2023_01_01,CUS_0x891b,1/1/2023,10,3,10000,1000,1000,0,7000,1/4/2023,2023-04-01,2025-11-09 09:09:26.788698,data/lms_loan_daily.csv,2023-04-01
CUS_0x8924_2023_03_01,CUS_0x8924,1/3/2023,10,1,10000,1000,1000,0,9000,1/4/2023,2023-04-01,2025-11-09 09:09:26.788698,data/lms_loan_daily.csv,2023-04-01
CUS_0x893e_2023_01_01,CUS_0x893e,1/1/2023,10,3,10000,1000,1000,0,7000,1/4/2023,2023-04-01,2025-11-09 09:09:26.788698,data/lms_loan_daily.csv,2023-04-01
CUS_0x893f_2023_02_01,CUS_0x893f,1/2/2023,10,2,10000,1000,1000,0,8000,1/4/2023,2023-04-01,2025-11-09 09:09:26.788698,data/lms_loan_daily.csv,2023-04-01
CUS_0x894e_2023_02_01,CUS_0x894e,1/2/2023,10,2,10000,1000,1000,0,8000,1/4/2023,2023-04-01,2025-11-09 09:09:26.788698,data/lms_loan_daily.csv,2023-04-01
CUS_0x8956_2023_01_01,CUS_0x8956,1/1/2023,10,3,10000,1000,0,1000,8000,1/4/2023,2023-04-01,2025-11-09 09:09:26.788698,data/lms_loan_daily.csv,2023-04-01
CUS_0x8958_2023_02_01,CUS_0x8958,1/2/2023,10,2,10000,1000,0,2000,10000,1/4/2023,2023-04-01,2025-11-09 09:09:26.788698,data/lms_loan_daily.csv,2023-04-01
CUS_0x896e_2023_02_01,CUS_0x896e,1/2/2023,10,2,10000,1000,1000,0,8000,1/4/2023,2023-04-01,2025-11-09 09:09:26.788698,data/lms_loan_daily.csv,2023-04-01
CUS_0x8983_2023_01_01,CUS_0x8983,1/1/2023,10,3,10000,1000,1000,0,7000,1/4/2023,2023-04-01,2025-11-09 09:09:26.788698,data/lms_loan_daily.csv,2023-04-01
CUS_0x898a_2023_02_01,CUS_0x898a,1/2/2023,10,2,10000,1000,1000,0,8000,1/4/2023,2023-04-01,2025-11-09 09:09:26.788698,data/lms_loan_daily.csv,2023-04-01
CUS_0x89a_2023_01_01,CUS_0x89a,1/1/2023,10,3,10000,1000,1000,0,7000,1/4/2023,2023-04-01,2025-11-09 09:09:26.788698,data/lms_loan_daily.csv,2023-04-01
CUS_0x89b4_2023_02_01,CUS_0x89b4,1/2/2023,10,2,10000,1000,1000,0,8000,1/4/2023,2023-04-01,2025-11-09 09:09:26.788698,data/lms_loan_daily.csv,2023-04-01
CUS_0x89ca_2023_01_01,CUS_0x89ca,1/1/2023,10,3,10000,1000,1000,0,7000,1/4/2023,2023-04-01,2025-11-09 09:09:26.788698,data/lms_loan_daily.csv,2023-04-01
CUS_0x89d3_2023_01_01,CUS_0x89d3,1/1/2023,10,3,10000,1000,0,2000,9000,1/4/2023,2023-04-01,2025-11-09 09:09:26.788698,data/lms_loan_daily.csv,2023-04-01
CUS_0x8a03_2023_03_01,CUS_0x8a03,1/3/2023,10,1,10000,1000,1000,0,9000,1/4/2023,2023-04-01,2025-11-09 09:09:26.788698,data/lms_loan_daily.csv,2023-04-01
CUS_0x8a3c_2023_01_01,CUS_0x8a3c,1/1/2023,10,3,10000,1000,1000,0,7000,1/4/2023,2023-04-01,2025-11-09 09:09:26.788698,data/lms_loan_daily.csv,2023-04-01
CUS_0x8a40_2023_02_01,CUS_0x8a40,1/2/2023,10,2,10000,1000,0,2000,10000,1/4/2023,2023-04-01,2025-11-09 09:09:26.788698,data/lms_loan_daily.csv,2023-04-01
CUS_0x8a44_2023_01_01,CUS_0x8a44,1/1/2023,10,3,10000,1000,1000,0,7000,1/4/2023,2023-04-01,2025-11-09 09:09:26.788698,data/lms_loan_daily.csv,2023-04-01
CUS_0x8a48_2023_02_01,CUS_0x8a48,1/2/2023,10,2,10000,1000,1000,0,8000,1/4/2023,2023-04-01,2025-11-09 09:09:26.788698,data/lms_loan_daily.csv,2023-04-01
CUS_0x8a6e_2023_01_01,CUS_0x8a6e,1/1/2023,10,3,10000,1000,1000,0,7000,1/4/2023,2023-04-01,2025-11-09 09:09:26.788698,data/lms_loan_daily.csv,2023-04-01
CUS_0x8aa3_2023_02_01,CUS_0x8aa3,1/2/2023,10,2,10000,1000,1000,0,8000,1/4/2023,2023-04-01,2025-11-09 09:09:26.788698,data/lms_loan_daily.csv,2023-04-01
CUS_0x8abb_2023_02_01,CUS_0x8abb,1/2/2023,10,2,10000,1000,1000,0,8000,1/4/2023,2023-04-01,2025-11-09 09:09:26.788698,data/lms_loan_daily.csv,2023-04-01
CUS_0x8af8_2023_01_01,CUS_0x8af8,1/1/2023,10,3,10000,1000,1000,0,7000,1/4/2023,2023-04-01,2025-11-09 09:09:26.788698,data/lms_loan_daily.csv,2023-04-01
CUS_0x8afa_2023_02_01,CUS_0x8afa,1/2/2023,10,2,10000,1000,1000,0,8000,1/4/2023,2023-04-01,2025-11-09 09:09:26.788698,data/lms_loan_daily.csv,2023-04-01
CUS_0x8b02_2023_03_01,CUS_0x8b02,1/3/2023,10,1,10000,1000,1000,0,9000,1/4/2023,2023-04-01,2025-11-09 09:09:26.788698,data/lms_loan_daily.csv,2023-04-01
CUS_0x8b1_2023_01_01,CUS_0x8b1,1/1/2023,10,3,10000,1000,1000,0,7000,1/4/2023,2023-04-01,2025-11-09 09:09:26.788698,data/lms_loan_daily.csv,2023-04-01
CUS_0x8b17_2023_01_01,CUS_0x8b17,1/1/2023,10,3,10000,1000,1000,0,7000,1/4/2023,2023-04-01,2025-11-09 09:09:26.788698,data/lms_loan_daily.csv,2023-04-01
CUS_0x8b25_2023_02_01,CUS_0x8b25,1/2/2023,10,2,10000,1000,1000,0,8000,1/4/2023,2023-04-01,2025-11-09 09:09:26.788698,data/lms_loan_daily.csv,2023-04-01
CUS_0x8b66_2023_02_01,CUS_0x8b66,1/2/2023,10,2,10000,1000,1000,0,8000,1/4/2023,2023-04-01,2025-11-09 09:09:26.788698,data/lms_loan_daily.csv,2023-04-01
CUS_0x8bcf_2023_02_01,CUS_0x8bcf,1/2/2023,10,2,10000,1000,1000,0,8000,1/4/2023,2023-04-01,2025-11-09 09:09:26.788698,data/lms_loan_daily.csv,2023-04-01
CUS_0x8bdf_2023_04_01,CUS_0x8bdf,1/4/2023,10,0,10000,0,0,0,10000,1/4/2023,2023-04-01,2025-11-09 09:09:26.788698,data/lms_loan_daily.csv,2023-04-01
CUS_0x8bf5_2023_03_01,CUS_0x8bf5,1/3/2023,10,1,10000,1000,1000,0,9000,1/4/2023,2023-04-01,2025-11-09 09:09:26.788698,data/lms_loan_daily.csv,2023-04-01
CUS_0x8c2c_2023_01_01,CUS_0x8c2c,1/1/2023,10,3,10000,1000,1000,0,7000,1/4/2023,2023-04-01,2025-11-09 09:09:26.788698,data/lms_loan_daily.csv,2023-04-01
CUS_0x8c9a_2023_01_01,CUS_0x8c9a,1/1/2023,10,3,10000,1000,1000,0,7000,1/4/2023,2023-04-01,2025-11-09 09:09:26.788698,data/lms_loan_daily.csv,2023-04-01
CUS_0x8ca3_2023_02_01,CUS_0x8ca3,1/2/2023,10,2,10000,1000,1000,0,8000,1/4/2023,2023-04-01,2025-11-09 09:09:26.788698,data/lms_loan_daily.csv,2023-04-01
CUS_0x8cd3_2023_02_01,CUS_0x8cd3,1/2/2023,10,2,10000,1000,1000,0,8000,1/4/2023,2023-04-01,2025-11-09 09:09:26.788698,data/lms_loan_daily.csv,2023-04-01
CUS_0x8cd9_2023_04_01,CUS_0x8cd9,1/4/2023,10,0,10000,0,0,0,10000,1/4/2023,2023-04-01,2025-11-09 09:09:26.788698,data/lms_loan_daily.csv,2023-04-01
CUS_0x8ce7_2023_02_01,CUS_0x8ce7,1/2/2023,10,2,10000,1000,0,1000,9000,1/4/2023,2023-04-01,2025-11-09 09:09:26.788698,data/lms_loan_daily.csv,2023-04-01
CUS_0x8cf2_2023_02_01,CUS_0x8cf2,1/2/2023,10,2,10000,1000,1000,0,8000,1/4/2023,2023-04-01,2025-11-09 09:09:26.788698,data/lms_loan_daily.csv,2023-04-01
CUS_0x8d2_2023_03_01,CUS_0x8d2,1/3/2023,10,1,10000,1000,1000,0,9000,1/4/2023,2023-04-01,2025-11-09 09:09:26.788698,data/lms_loan_daily.csv,2023-04-01
CUS_0x8d21_2023_01_01,CUS_0x8d21,1/1/2023,10,3,10000,1000,0,1000,8000,1/4/2023,2023-04-01,2025-11-09 09:09:26.788698,data/lms_loan_daily.csv,2023-04-01
CUS_0x8d3d_2023_04_01,CUS_0x8d3d,1/4/2023,10,0,10000,0,0,0,10000,1/4/2023,2023-04-01,2025-11-09 09:09:26.788698,data/lms_loan_daily.csv,2023-04-01
CUS_0x8d56_2023_03_01,CUS_0x8d56,1/3/2023,10,1,10000,1000,1000,0,9000,1/4/2023,2023-04-01,2025-11-09 09:09:26.788698,data/lms_loan_daily.csv,2023-04-01
CUS_0x8d5d_2023_04_01,CUS_0x8d5d,1/4/2023,10,0,10000,0,0,0,10000,1/4/2023,2023-04-01,2025-11-09 09:09:26.788698,data/lms_loan_daily.csv,2023-04-01
CUS_0x8d6e_2023_03_01,CUS_0x8d6e,1/3/2023,10,1,10000,1000,1000,0,9000,1/4/2023,2023-04-01,2025-11-09 09:09:26.788698,data/lms_loan_daily.csv,2023-04-01
CUS_0x8d7c_2023_02_01,CUS_0x8d7c,1/2/2023,10,2,10000,1000,1000,0,8000,1/4/2023,2023-04-01,2025-11-09 09:09:26.788698,data/lms_loan_daily.csv,2023-04-01
CUS_0x8db8_2023_04_01,CUS_0x8db8,1/4/2023,10,0,10000,0,0,0,10000,1/4/2023,2023-04-01,2025-11-09 09:09:26.788698,data/lms_loan_daily.csv,2023-04-01
CUS_0x8dc6_2023_03_01,CUS_0x8dc6,1/3/2023,10,1,10000,1000,1000,0,9000,1/4/2023,2023-04-01,2025-11-09 09:09:26.788698,data/lms_loan_daily.csv,2023-04-01
CUS_0x8de0_2023_01_01,CUS_0x8de0,1/1/2023,10,3,10000,1000,0,1000,8000,1/4/2023,2023-04-01,2025-11-09 09:09:26.788698,data/lms_loan_daily.csv,2023-04-01
CUS_0x8df0_2023_03_01,CUS_0x8df0,1/3/2023,10,1,10000,1000,0,1000,10000,1/4/2023,2023-04-01,2025-11-09 09:09:26.788698,data/lms_loan_daily.csv,2023-04-01
CUS_0x8df6_2023_02_01,CUS_0x8df6,1/2/2023,10,2,10000,1000,1000,0,8000,1/4/2023,2023-04-01,2025-11-09 09:09:26.788698,data/lms_loan_daily.csv,2023-04-01
CUS_0x8e30_2023_01_01,CUS_0x8e30,1/1/2023,10,3,10000,1000,1000,0,7000,1/4/2023,2023-04-01,2025-11-09 09:09:26.788698,data/lms_loan_daily.csv,2023-04-01
CUS_0x8e35_2023_04_01,CUS_0x8e35,1/4/2023,10,0,10000,0,0,0,10000,1/4/2023,2023-04-01,2025-11-09 09:09:26.788698,data/lms_loan_daily.csv,2023-04-01
CUS_0x8e44_2023_01_01,CUS_0x8e44,1/1/2023,10,3,10000,1000,1000,0,7000,1/4/2023,2023-04-01,2025-11-09 09:09:26.788698,data/lms_loan_daily.csv,2023-04-01
CUS_0x8e4d_2023_04_01,CUS_0x8e4d,1/4/2023,10,0,10000,0,0,0,10000,1/4/2023,2023-04-01,2025-11-09 09:09:26.788698,data/lms_loan_daily.csv,2023-04-01
CUS_0x8e5a_2023_04_01,CUS_0x8e5a,1/4/2023,10,0,10000,0,0,0,10000,1/4/2023,2023-04-01,2025-11-09 09:09:26.788698,data/lms_loan_daily.csv,2023-04-01
CUS_0x8e5b_2023_03_01,CUS_0x8e5b,1/3/2023,10,1,10000,1000,0,1000,10000,1/4/2023,2023-04-01,2025-11-09 09:09:26.788698,data/lms_loan_daily.csv,2023-04-01
CUS_0x8e81_2023_02_01,CUS_0x8e81,1/2/2023,10,2,10000,1000,2000,0,8000,1/4/2023,2023-04-01,2025-11-09 09:09:26.788698,data/lms_loan_daily.csv,2023-04-01
CUS_0x8e88_2023_02_01,CUS_0x8e88,1/2/2023,10,2,10000,1000,1000,0,8000,1/4/2023,2023-04-01,2025-11-09 09:09:26.788698,data/lms_loan_daily.csv,2023-04-01
CUS_0x8e90_2023_01_01,CUS_0x8e90,1/1/2023,10,3,10000,1000,1000,0,7000,1/4/2023,2023-04-01,2025-11-09 09:09:26.788698,data/lms_loan_daily.csv,2023-04-01
CUS_0x8e93_2023_03_01,CUS_0x8e93,1/3/2023,10,1,10000,1000,1000,0,9000,1/4/2023,2023-04-01,2025-11-09 09:09:26.788698,data/lms_loan_daily.csv,2023-04-01
CUS_0x8e9b_2023_02_01,CUS_0x8e9b,1/2/2023,10,2,10000,1000,1000,0,8000,1/4/2023,2023-04-01,2025-11-09 09:09:26.788698,data/lms_loan_daily.csv,2023-04-01
CUS_0x8eb0_2023_02_01,CUS_0x8eb0,1/2/2023,10,2,10000,1000,1000,0,8000,1/4/2023,2023-04-01,2025-11-09 09:09:26.788698,data/lms_loan_daily.csv,2023-04-01
CUS_0x8eb8_2023_04_01,CUS_0x8eb8,1/4/2023,10,0,10000,0,0,0,10000,1/4/2023,2023-04-01,2025-11-09 09:09:26.788698,data/lms_loan_daily.csv,2023-04-01
CUS_0x8ec8_2023_02_01,CUS_0x8ec8,1/2/2023,10,2,10000,1000,1000,0,8000,1/4/2023,2023-04-01,2025-11-09 09:09:26.788698,data/lms_loan_daily.csv,2023-04-01
CUS_0x8f4e_2023_01_01,CUS_0x8f4e,1/1/2023,10,3,10000,1000,0,1000,8000,1/4/2023,2023-04-01,2025-11-09 09:09:26.788698,data/lms_loan_daily.csv,2023-04-01
CUS_0x8f6b_2023_02_01,CUS_0x8f6b,1/2/2023,10,2,10000,1000,1000,0,8000,1/4/2023,2023-04-01,2025-11-09 09:09:26.788698,data/lms_loan_daily.csv,2023-04-01
CUS_0x8f7e_2023_01_01,CUS_0x8f7e,1/1/2023,10,3,10000,1000,1000,0,7000,1/4/2023,2023-04-01,2025-11-09 09:09:26.788698,data/lms_loan_daily.csv,2023-04-01
CUS_0x8f7f_2023_04_01,CUS_0x8f7f,1/4/2023,10,0,10000,0,0,0,10000,1/4/2023,2023-04-01,2025-11-09 09:09:26.788698,data/lms_loan_daily.csv,2023-04-01
CUS_0x8fa8_2023_03_01,CUS_0x8fa8,1/3/2023,10,1,10000,1000,1000,0,9000,1/4/2023,2023-04-01,2025-11-09 09:09:26.788698,data/lms_loan_daily.csv,2023-04-01
CUS_0x8fb4_2023_01_01,CUS_0x8fb4,1/1/2023,10,3,10000,1000,1000,0,7000,1/4/2023,2023-04-01,2025-11-09 09:09:26.788698,data/lms_loan_daily.csv,2023-04-01
CUS_0x8fd8_2023_04_01,CUS_0x8fd8,1/4/2023,10,0,10000,0,0,0,10000,1/4/2023,2023-04-01,2025-11-09 09:09:26.788698,data/lms_loan_daily.csv,2023-04-01
CUS_0x902b_2023_04_01,CUS_0x902b,1/4/2023,10,0,10000,0,0,0,10000,1/4/2023,2023-04-01,2025-11-09 09:09:26.788698,data/lms_loan_daily.csv,2023-04-01
CUS_0x90d8_2023_02_01,CUS_0x90d8,1/2/2023,10,2,10000,1000,1000,0,8000,1/4/2023,2023-04-01,2025-11-09 09:09:26.788698,data/lms_loan_daily.csv,2023-04-01
CUS_0x90e2_2023_02_01,CUS_0x90e2,1/2/2023,10,2,10000,1000,1000,0,8000,1/4/2023,2023-04-01,2025-11-09 09:09:26.788698,data/lms_loan_daily.csv,2023-04-01
CUS_0x9102_2023_01_01,CUS_0x9102,1/1/2023,10,3,10000,1000,0,1000,8000,1/4/2023,2023-04-01,2025-11-09 09:09:26.788698,data/lms_loan_daily.csv,2023-04-01
CUS_0x9123_2023_03_01,CUS_0x9123,1/3/2023,10,1,10000,1000,1000,0,9000,1/4/2023,2023-04-01,2025-11-09 09:09:26.788698,data/lms_loan_daily.csv,2023-04-01
CUS_0x9124_2023_01_01,CUS_0x9124,1/1/2023,10,3,10000,1000,3000,0,7000,1/4/2023,2023-04-01,2025-11-09 09:09:26.788698,data/lms_loan_daily.csv,2023-04-01
CUS_0x9154_2023_01_01,CUS_0x9154,1/1/2023,10,3,10000,1000,0,2000,9000,1/4/2023,2023-04-01,2025-11-09 09:09:26.788698,data/lms_loan_daily.csv,2023-04-01
CUS_0x9177_2023_02_01,CUS_0x9177,1/2/2023,10,2,10000,1000,1000,0,8000,1/4/2023,2023-04-01,2025-11-09 09:09:26.788698,data/lms_loan_daily.csv,2023-04-01
CUS_0x9178_2023_03_01,CUS_0x9178,1/3/2023,10,1,10000,1000,1000,0,9000,1/4/2023,2023-04-01,2025-11-09 09:09:26.788698,data/lms_loan_daily.csv,2023-04-01
CUS_0x918c_2023_02_01,CUS_0x918c,1/2/2023,10,2,10000,1000,1000,0,8000,1/4/2023,2023-04-01,2025-11-09 09:09:26.788698,data/lms_loan_daily.csv,2023-04-01
CUS_0x919_2023_02_01,CUS_0x919,1/2/2023,10,2,10000,1000,1000,0,8000,1/4/2023,2023-04-01,2025-11-09 09:09:26.788698,data/lms_loan_daily.csv,2023-04-01
CUS_0x9190_2023_01_01,CUS_0x9190,1/1/2023,10,3,10000,1000,1000,0,7000,1/4/2023,2023-04-01,2025-11-09 09:09:26.788698,data/lms_loan_daily.csv,2023-04-01
CUS_0x91ca_2023_04_01,CUS_0x91ca,1/4/2023,10,0,10000,0,0,0,10000,1/4/2023,2023-04-01,2025-11-09 09:09:26.788698,data/lms_loan_daily.csv,2023-04-01
CUS_0x91d4_2023_04_01,CUS_0x91d4,1/4/2023,10,0,10000,0,0,0,10000,1/4/2023,2023-04-01,2025-11-09 09:09:26.788698,data/lms_loan_daily.csv,2023-04-01
CUS_0x91e5_2023_02_01,CUS_0x91e5,1/2/2023,10,2,10000,1000,1000,0,8000,1/4/2023,2023-04-01,2025-11-09 09:09:26.788698,data/lms_loan_daily.csv,2023-04-01
CUS_0x91ed_2023_04_01,CUS_0x91ed,1/4/2023,10,0,10000,0,0,0,10000,1/4/2023,2023-04-01,2025-11-09 09:09:26.788698,data/lms_loan_daily.csv,2023-04-01
CUS_0x9215_2023_03_01,CUS_0x9215,1/3/2023,10,1,10000,1000,1000,0,9000,1/4/2023,2023-04-01,2025-11-09 09:09:26.788698,data/lms_loan_daily.csv,2023-04-01
CUS_0x9216_2023_04_01,CUS_0x9216,1/4/2023,10,0,10000,0,0,0,10000,1/4/2023,2023-04-01,2025-11-09 09:09:26.788698,data/lms_loan_daily.csv,2023-04-01
CUS_0x922f_2023_04_01,CUS_0x922f,1/4/2023,10,0,10000,0,0,0,10000,1/4/2023,2023-04-01,2025-11-09 09:09:26.788698,data/lms_loan_daily.csv,2023-04-01
CUS_0x9230_2023_01_01,CUS_0x9230,1/1/2023,10,3,10000,1000,1000,0,7000,1/4/2023,2023-04-01,2025-11-09 09:09:26.788698,data/lms_loan_daily.csv,2023-04-01
CUS_0x9237_2023_04_01,CUS_0x9237,1/4/2023,10,0,10000,0,0,0,10000,1/4/2023,2023-04-01,2025-11-09 09:09:26.788698,data/lms_loan_daily.csv,2023-04-01
CUS_0x925f_2023_03_01,CUS_0x925f,1/3/2023,10,1,10000,1000,0,1000,10000,1/4/2023,2023-04-01,2025-11-09 09:09:26.788698,data/lms_loan_daily.csv,2023-04-01
CUS_0x9273_2023_01_01,CUS_0x9273,1/1/2023,10,3,10000,1000,1000,0,7000,1/4/2023,2023-04-01,2025-11-09 09:09:26.788698,data/lms_loan_daily.csv,2023-04-01
CUS_0x9278_2023_01_01,CUS_0x9278,1/1/2023,10,3,10000,1000,1000,0,7000,1/4/2023,2023-04-01,2025-11-09 09:09:26.788698,data/lms_loan_daily.csv,2023-04-01
CUS_0x9288_2023_03_01,CUS_0x9288,1/3/2023,10,1,10000,1000,1000,0,9000,1/4/2023,2023-04-01,2025-11-09 09:09:26.788698,data/lms_loan_daily.csv,2023-04-01
CUS_0x928f_2023_01_01,CUS_0x928f,1/1/2023,10,3,10000,1000,0,1000,8000,1/4/2023,2023-04-01,2025-11-09 09:09:26.788698,data/lms_loan_daily.csv,2023-04-01
CUS_0x929a_2023_01_01,CUS_0x929a,1/1/2023,10,3,10000,1000,1000,0,7000,1/4/2023,2023-04-01,2025-11-09 09:09:26.788698,data/lms_loan_daily.csv,2023-04-01
CUS_0x929c_2023_01_01,CUS_0x929c,1/1/2023,10,3,10000,1000,1000,0,7000,1/4/2023,2023-04-01,2025-11-09 09:09:26.788698,data/lms_loan_daily.csv,2023-04-01
CUS_0x92d6_2023_01_01,CUS_0x92d6,1/1/2023,10,3,10000,1000,1000,0,7000,1/4/2023,2023-04-01,2025-11-09 09:09:26.788698,data/lms_loan_daily.csv,2023-04-01
CUS_0x92f0_2023_01_01,CUS_0x92f0,1/1/2023,10,3,10000,1000,0,1000,8000,1/4/2023,2023-04-01,2025-11-09 09:09:26.788698,data/lms_loan_daily.csv,2023-04-01
CUS_0x9305_2023_04_01,CUS_0x9305,1/4/2023,10,0,10000,0,0,0,10000,1/4/2023,2023-04-01,2025-11-09 09:09:26.788698,data/lms_loan_daily.csv,2023-04-01
CUS_0x931c_2023_03_01,CUS_0x931c,1/3/2023,10,1,10000,1000,1000,0,9000,1/4/2023,2023-04-01,2025-11-09 09:09:26.788698,data/lms_loan_daily.csv,2023-04-01
CUS_0x932c_2023_04_01,CUS_0x932c,1/4/2023,10,0,10000,0,0,0,10000,1/4/2023,2023-04-01,2025-11-09 09:09:26.788698,data/lms_loan_daily.csv,2023-04-01
CUS_0x933f_2023_02_01,CUS_0x933f,1/2/2023,10,2,10000,1000,1000,0,8000,1/4/2023,2023-04-01,2025-11-09 09:09:26.788698,data/lms_loan_daily.csv,2023-04-01
CUS_0x9357_2023_01_01,CUS_0x9357,1/1/2023,10,3,10000,1000,1000,0,7000,1/4/2023,2023-04-01,2025-11-09 09:09:26.788698,data/lms_loan_daily.csv,2023-04-01
CUS_0x9368_2023_02_01,CUS_0x9368,1/2/2023,10,2,10000,1000,1000,0,8000,1/4/2023,2023-04-01,2025-11-09 09:09:26.788698,data/lms_loan_daily.csv,2023-04-01
CUS_0x9394_2023_03_01,CUS_0x9394,1/3/2023,10,1,10000,1000,1000,0,9000,1/4/2023,2023-04-01,2025-11-09 09:09:26.788698,data/lms_loan_daily.csv,2023-04-01
CUS_0x93a0_2023_01_01,CUS_0x93a0,1/1/2023,10,3,10000,1000,0,3000,10000,1/4/2023,2023-04-01,2025-11-09 09:09:26.788698,data/lms_loan_daily.csv,2023-04-01
CUS_0x9428_2023_03_01,CUS_0x9428,1/3/2023,10,1,10000,1000,1000,0,9000,1/4/2023,2023-04-01,2025-11-09 09:09:26.788698,data/lms_loan_daily.csv,2023-04-01
CUS_0x942c_2023_03_01,CUS_0x942c,1/3/2023,10,1,10000,1000,0,1000,10000,1/4/2023,2023-04-01,2025-11-09 09:09:26.788698,data/lms_loan_daily.csv,2023-04-01
CUS_0x9435_2023_01_01,CUS_0x9435,1/1/2023,10,3,10000,1000,1000,0,7000,1/4/2023,2023-04-01,2025-11-09 09:09:26.788698,data/lms_loan_daily.csv,2023-04-01
CUS_0x944_2023_04_01,CUS_0x944,1/4/2023,10,0,10000,0,0,0,10000,1/4/2023,2023-04-01,2025-11-09 09:09:26.788698,data/lms_loan_daily.csv,2023-04-01
CUS_0x9443_2023_02_01,CUS_0x9443,1/2/2023,10,2,10000,1000,0,1000,9000,1/4/2023,2023-04-01,2025-11-09 09:09:26.788698,data/lms_loan_daily.csv,2023-04-01
CUS_0x944f_2023_02_01,CUS_0x944f,1/2/2023,10,2,10000,1000,1000,0,8000,1/4/2023,2023-04-01,2025-11-09 09:09:26.788698,data/lms_loan_daily.csv,2023-04-01
CUS_0x946e_2023_02_01,CUS_0x946e,1/2/2023,10,2,10000,1000,1000,0,8000,1/4/2023,2023-04-01,2025-11-09 09:09:26.788698,data/lms_loan_daily.csv,2023-04-01
CUS_0x948f_2023_01_01,CUS_0x948f,1/1/2023,10,3,10000,1000,1000,0,7000,1/4/2023,2023-04-01,2025-11-09 09:09:26.788698,data/lms_loan_daily.csv,2023-04-01
CUS_0x94ae_2023_02_01,CUS_0x94ae,1/2/2023,10,2,10000,1000,1000,0,8000,1/4/2023,2023-04-01,2025-11-09 09:09:26.788698,data/lms_loan_daily.csv,2023-04-01
CUS_0x94cf_2023_04_01,CUS_0x94cf,1/4/2023,10,0,10000,0,0,0,10000,1/4/2023,2023-04-01,2025-11-09 09:09:26.788698,data/lms_loan_daily.csv,2023-04-01
CUS_0x94d5_2023_02_01,CUS_0x94d5,1/2/2023,10,2,10000,1000,1000,0,8000,1/4/2023,2023-04-01,2025-11-09 09:09:26.788698,data/lms_loan_daily.csv,2023-04-01
CUS_0x94dd_2023_04_01,CUS_0x94dd,1/4/2023,10,0,10000,0,0,0,10000,1/4/2023,2023-04-01,2025-11-09 09:09:26.788698,data/lms_loan_daily.csv,2023-04-01
CUS_0x94de_2023_04_01,CUS_0x94de,1/4/2023,10,0,10000,0,0,0,10000,1/4/2023,2023-04-01,2025-11-09 09:09:26.788698,data/lms_loan_daily.csv,2023-04-01
CUS_0x94e3_2023_04_01,CUS_0x94e3,1/4/2023,10,0,10000,0,0,0,10000,1/4/2023,2023-04-01,2025-11-09 09:09:26.788698,data/lms_loan_daily.csv,2023-04-01
CUS_0x950d_2023_01_01,CUS_0x950d,1/1/2023,10,3,10000,1000,1000,0,7000,1/4/2023,2023-04-01,2025-11-09 09:09:26.788698,data/lms_loan_daily.csv,2023-04-01
CUS_0x9510_2023_03_01,CUS_0x9510,1/3/2023,10,1,10000,1000,1000,0,9000,1/4/2023,2023-04-01,2025-11-09 09:09:26.788698,data/lms_loan_daily.csv,2023-04-01
CUS_0x9522_2023_04_01,CUS_0x9522,1/4/2023,10,0,10000,0,0,0,10000,1/4/2023,2023-04-01,2025-11-09 09:09:26.788698,data/lms_loan_daily.csv,2023-04-01
CUS_0x957c_2023_04_01,CUS_0x957c,1/4/2023,10,0,10000,0,0,0,10000,1/4/2023,2023-04-01,2025-11-09 09:09:26.788698,data/lms_loan_daily.csv,2023-04-01
CUS_0x9587_2023_03_01,CUS_0x9587,1/3/2023,10,1,10000,1000,1000,0,9000,1/4/2023,2023-04-01,2025-11-09 09:09:26.788698,data/lms_loan_daily.csv,2023-04-01
CUS_0x958a_2023_04_01,CUS_0x958a,1/4/2023,10,0,10000,0,0,0,10000,1/4/2023,2023-04-01,2025-11-09 09:09:26.788698,data/lms_loan_daily.csv,2023-04-01
CUS_0x95aa_2023_01_01,CUS_0x95aa,1/1/2023,10,3,10000,1000,1000,0,7000,1/4/2023,2023-04-01,2025-11-09 09:09:26.788698,data/lms_loan_daily.csv,2023-04-01
CUS_0x9614_2023_03_01,CUS_0x9614,1/3/2023,10,1,10000,1000,1000,0,9000,1/4/2023,2023-04-01,2025-11-09 09:09:26.788698,data/lms_loan_daily.csv,2023-04-01
CUS_0x962f_2023_01_01,CUS_0x962f,1/1/2023,10,3,10000,1000,1000,0,7000,1/4/2023,2023-04-01,2025-11-09 09:09:26.788698,data/lms_loan_daily.csv,2023-04-01
CUS_0x963_2023_04_01,CUS_0x963,1/4/2023,10,0,10000,0,0,0,10000,1/4/2023,2023-04-01,2025-11-09 09:09:26.788698,data/lms_loan_daily.csv,2023-04-01
CUS_0x9647_2023_02_01,CUS_0x9647,1/2/2023,10,2,10000,1000,1000,0,8000,1/4/2023,2023-04-01,2025-11-09 09:09:26.788698,data/lms_loan_daily.csv,2023-04-01
CUS_0x9648_2023_04_01,CUS_0x9648,1/4/2023,10,0,10000,0,0,0,10000,1/4/2023,2023-04-01,2025-11-09 09:09:26.788698,data/lms_loan_daily.csv,2023-04-01
CUS_0x9657_2023_03_01,CUS_0x9657,1/3/2023,10,1,10000,1000,0,1000,10000,1/4/2023,2023-04-01,2025-11-09 09:09:26.788698,data/lms_loan_daily.csv,2023-04-01
CUS_0x966e_2023_02_01,CUS_0x966e,1/2/2023,10,2,10000,1000,1000,0,8000,1/4/2023,2023-04-01,2025-11-09 09:09:26.788698,data/lms_loan_daily.csv,2023-04-01
CUS_0x9686_2023_02_01,CUS_0x9686,1/2/2023,10,2,10000,1000,1000,0,8000,1/4/2023,2023-04-01,2025-11-09 09:09:26.788698,data/lms_loan_daily.csv,2023-04-01
CUS_0x96a2_2023_01_01,CUS_0x96a2,1/1/2023,10,3,10000,1000,1000,0,7000,1/4/2023,2023-04-01,2025-11-09 09:09:26.788698,data/lms_loan_daily.csv,2023-04-01
CUS_0x96b3_2023_02_01,CUS_0x96b3,1/2/2023,10,2,10000,1000,2000,0,8000,1/4/2023,2023-04-01,2025-11-09 09:09:26.788698,data/lms_loan_daily.csv,2023-04-01
CUS_0x96d3_2023_02_01,CUS_0x96d3,1/2/2023,10,2,10000,1000,1000,0,8000,1/4/2023,2023-04-01,2025-11-09 09:09:26.788698,data/lms_loan_daily.csv,2023-04-01
CUS_0x96e_2023_04_01,CUS_0x96e,1/4/2023,10,0,10000,0,0,0,10000,1/4/2023,2023-04-01,2025-11-09 09:09:26.788698,data/lms_loan_daily.csv,2023-04-01
CUS_0x96e7_2023_03_01,CUS_0x96e7,1/3/2023,10,1,10000,1000,1000,0,9000,1/4/2023,2023-04-01,2025-11-09 09:09:26.788698,data/lms_loan_daily.csv,2023-04-01
CUS_0x970f_2023_01_01,CUS_0x970f,1/1/2023,10,3,10000,1000,1000,0,7000,1/4/2023,2023-04-01,2025-11-09 09:09:26.788698,data/lms_loan_daily.csv,2023-04-01
CUS_0x972d_2023_01_01,CUS_0x972d,1/1/2023,10,3,10000,1000,1000,0,7000,1/4/2023,2023-04-01,2025-11-09 09:09:26.788698,data/lms_loan_daily.csv,2023-04-01
CUS_0x9760_2023_04_01,CUS_0x9760,1/4/2023,10,0,10000,0,0,0,10000,1/4/2023,2023-04-01,2025-11-09 09:09:26.788698,data/lms_loan_daily.csv,2023-04-01
CUS_0x9762_2023_02_01,CUS_0x9762,1/2/2023,10,2,10000,1000,0,1000,9000,1/4/2023,2023-04-01,2025-11-09 09:09:26.788698,data/lms_loan_daily.csv,2023-04-01
CUS_0x9764_2023_02_01,CUS_0x9764,1/2/2023,10,2,10000,1000,1000,0,8000,1/4/2023,2023-04-01,2025-11-09 09:09:26.788698,data/lms_loan_daily.csv,2023-04-01
CUS_0x9784_2023_04_01,CUS_0x9784,1/4/2023,10,0,10000,0,0,0,10000,1/4/2023,2023-04-01,2025-11-09 09:09:26.788698,data/lms_loan_daily.csv,2023-04-01
CUS_0x97aa_2023_04_01,CUS_0x97aa,1/4/2023,10,0,10000,0,0,0,10000,1/4/2023,2023-04-01,2025-11-09 09:09:26.788698,data/lms_loan_daily.csv,2023-04-01
CUS_0x97ab_2023_01_01,CUS_0x97ab,1/1/2023,10,3,10000,1000,0,1000,8000,1/4/2023,2023-04-01,2025-11-09 09:09:26.788698,data/lms_loan_daily.csv,2023-04-01
CUS_0x97b_2023_01_01,CUS_0x97b,1/1/2023,10,3,10000,1000,1000,0,7000,1/4/2023,2023-04-01,2025-11-09 09:09:26.788698,data/lms_loan_daily.csv,2023-04-01
CUS_0x97b5_2023_02_01,CUS_0x97b5,1/2/2023,10,2,10000,1000,1000,0,8000,1/4/2023,2023-04-01,2025-11-09 09:09:26.788698,data/lms_loan_daily.csv,2023-04-01
CUS_0x97bd_2023_01_01,CUS_0x97bd,1/1/2023,10,3,10000,1000,1000,0,7000,1/4/2023,2023-04-01,2025-11-09 09:09:26.788698,data/lms_loan_daily.csv,2023-04-01
CUS_0x97ef_2023_04_01,CUS_0x97ef,1/4/2023,10,0,10000,0,0,0,10000,1/4/2023,2023-04-01,2025-11-09 09:09:26.788698,data/lms_loan_daily.csv,2023-04-01
CUS_0x97f8_2023_03_01,CUS_0x97f8,1/3/2023,10,1,10000,1000,1000,0,9000,1/4/2023,2023-04-01,2025-11-09 09:09:26.788698,data/lms_loan_daily.csv,2023-04-01
CUS_0x9805_2023_01_01,CUS_0x9805,1/1/2023,10,3,10000,1000,2000,0,7000,1/4/2023,2023-04-01,2025-11-09 09:09:26.788698,data/lms_loan_daily.csv,2023-04-01
CUS_0x981a_2023_02_01,CUS_0x981a,1/2/2023,10,2,10000,1000,1000,0,8000,1/4/2023,2023-04-01,2025-11-09 09:09:26.788698,data/lms_loan_daily.csv,2023-04-01
CUS_0x987c_2023_04_01,CUS_0x987c,1/4/2023,10,0,10000,0,0,0,10000,1/4/2023,2023-04-01,2025-11-09 09:09:26.788698,data/lms_loan_daily.csv,2023-04-01
CUS_0x988c_2023_01_01,CUS_0x988c,1/1/2023,10,3,10000,1000,1000,0,7000,1/4/2023,2023-04-01,2025-11-09 09:09:26.788698,data/lms_loan_daily.csv,2023-04-01
CUS_0x988d_2023_03_01,CUS_0x988d,1/3/2023,10,1,10000,1000,1000,0,9000,1/4/2023,2023-04-01,2025-11-09 09:09:26.788698,data/lms_loan_daily.csv,2023-04-01
CUS_0x989e_2023_04_01,CUS_0x989e,1/4/2023,10,0,10000,0,0,0,10000,1/4/2023,2023-04-01,2025-11-09 09:09:26.788698,data/lms_loan_daily.csv,2023-04-01
CUS_0x98ba_2023_03_01,CUS_0x98ba,1/3/2023,10,1,10000,1000,1000,0,9000,1/4/2023,2023-04-01,2025-11-09 09:09:26.788698,data/lms_loan_daily.csv,2023-04-01
CUS_0x98d4_2023_03_01,CUS_0x98d4,1/3/2023,10,1,10000,1000,1000,0,9000,1/4/2023,2023-04-01,2025-11-09 09:09:26.788698,data/lms_loan_daily.csv,2023-04-01
CUS_0x990_2023_02_01,CUS_0x990,1/2/2023,10,2,10000,1000,1000,0,8000,1/4/2023,2023-04-01,2025-11-09 09:09:26.788698,data/lms_loan_daily.csv,2023-04-01
CUS_0x9916_2023_01_01,CUS_0x9916,1/1/2023,10,3,10000,1000,1000,0,7000,1/4/2023,2023-04-01,2025-11-09 09:09:26.788698,data/lms_loan_daily.csv,2023-04-01
CUS_0x9944_2023_03_01,CUS_0x9944,1/3/2023,10,1,10000,1000,1000,0,9000,1/4/2023,2023-04-01,2025-11-09 09:09:26.788698,data/lms_loan_daily.csv,2023-04-01
CUS_0x9951_2023_03_01,CUS_0x9951,1/3/2023,10,1,10000,1000,1000,0,9000,1/4/2023,2023-04-01,2025-11-09 09:09:26.788698,data/lms_loan_daily.csv,2023-04-01
CUS_0x9953_2023_03_01,CUS_0x9953,1/3/2023,10,1,10000,1000,1000,0,9000,1/4/2023,2023-04-01,2025-11-09 09:09:26.788698,data/lms_loan_daily.csv,2023-04-01
CUS_0x9979_2023_01_01,CUS_0x9979,1/1/2023,10,3,10000,1000,1000,0,7000,1/4/2023,2023-04-01,2025-11-09 09:09:26.788698,data/lms_loan_daily.csv,2023-04-01
CUS_0x9985_2023_01_01,CUS_0x9985,1/1/2023,10,3,10000,1000,1000,0,7000,1/4/2023,2023-04-01,2025-11-09 09:09:26.788698,data/lms_loan_daily.csv,2023-04-01
CUS_0x9997_2023_04_01,CUS_0x9997,1/4/2023,10,0,10000,0,0,0,10000,1/4/2023,2023-04-01,2025-11-09 09:09:26.788698,data/lms_loan_daily.csv,2023-04-01
CUS_0x9998_2023_04_01,CUS_0x9998,1/4/2023,10,0,10000,0,0,0,10000,1/4/2023,2023-04-01,2025-11-09 09:09:26.788698,data/lms_loan_daily.csv,2023-04-01
CUS_0x99b8_2023_03_01,CUS_0x99b8,1/3/2023,10,1,10000,1000,1000,0,9000,1/4/2023,2023-04-01,2025-11-09 09:09:26.788698,data/lms_loan_daily.csv,2023-04-01
CUS_0x99cf_2023_02_01,CUS_0x99cf,1/2/2023,10,2,10000,1000,1000,0,8000,1/4/2023,2023-04-01,2025-11-09 09:09:26.788698,data/lms_loan_daily.csv,2023-04-01
CUS_0x9a1d_2023_04_01,CUS_0x9a1d,1/4/2023,10,0,10000,0,0,0,10000,1/4/2023,2023-04-01,2025-11-09 09:09:26.788698,data/lms_loan_daily.csv,2023-04-01
CUS_0x9a42_2023_03_01,CUS_0x9a42,1/3/2023,10,1,10000,1000,1000,0,9000,1/4/2023,2023-04-01,2025-11-09 09:09:26.788698,data/lms_loan_daily.csv,2023-04-01
CUS_0x9a55_2023_01_01,CUS_0x9a55,1/1/2023,10,3,10000,1000,0,2000,9000,1/4/2023,2023-04-01,2025-11-09 09:09:26.788698,data/lms_loan_daily.csv,2023-04-01
CUS_0x9a71_2023_01_01,CUS_0x9a71,1/1/2023,10,3,10000,1000,1000,0,7000,1/4/2023,2023-04-01,2025-11-09 09:09:26.788698,data/lms_loan_daily.csv,2023-04-01
CUS_0x9a84_2023_02_01,CUS_0x9a84,1/2/2023,10,2,10000,1000,1000,0,8000,1/4/2023,2023-04-01,2025-11-09 09:09:26.788698,data/lms_loan_daily.csv,2023-04-01
CUS_0x9a88_2023_03_01,CUS_0x9a88,1/3/2023,10,1,10000,1000,1000,0,9000,1/4/2023,2023-04-01,2025-11-09 09:09:26.788698,data/lms_loan_daily.csv,2023-04-01
CUS_0x9ab3_2023_03_01,CUS_0x9ab3,1/3/2023,10,1,10000,1000,1000,0,9000,1/4/2023,2023-04-01,2025-11-09 09:09:26.788698,data/lms_loan_daily.csv,2023-04-01
CUS_0x9ae3_2023_03_01,CUS_0x9ae3,1/3/2023,10,1,10000,1000,1000,0,9000,1/4/2023,2023-04-01,2025-11-09 09:09:26.788698,data/lms_loan_daily.csv,2023-04-01
CUS_0x9b03_2023_02_01,CUS_0x9b03,1/2/2023,10,2,10000,1000,0,1000,9000,1/4/2023,2023-04-01,2025-11-09 09:09:26.788698,data/lms_loan_daily.csv,2023-04-01
CUS_0x9b20_2023_03_01,CUS_0x9b20,1/3/2023,10,1,10000,1000,1000,0,9000,1/4/2023,2023-04-01,2025-11-09 09:09:26.788698,data/lms_loan_daily.csv,2023-04-01
CUS_0x9b24_2023_01_01,CUS_0x9b24,1/1/2023,10,3,10000,1000,1000,0,7000,1/4/2023,2023-04-01,2025-11-09 09:09:26.788698,data/lms_loan_daily.csv,2023-04-01
CUS_0x9b38_2023_02_01,CUS_0x9b38,1/2/2023,10,2,10000,1000,1000,0,8000,1/4/2023,2023-04-01,2025-11-09 09:09:26.788698,data/lms_loan_daily.csv,2023-04-01
CUS_0x9b6b_2023_04_01,CUS_0x9b6b,1/4/2023,10,0,10000,0,0,0,10000,1/4/2023,2023-04-01,2025-11-09 09:09:26.788698,data/lms_loan_daily.csv,2023-04-01
CUS_0x9bbc_2023_03_01,CUS_0x9bbc,1/3/2023,10,1,10000,1000,1000,0,9000,1/4/2023,2023-04-01,2025-11-09 09:09:26.788698,data/lms_loan_daily.csv,2023-04-01
CUS_0x9bbe_2023_04_01,CUS_0x9bbe,1/4/2023,10,0,10000,0,0,0,10000,1/4/2023,2023-04-01,2025-11-09 09:09:26.788698,data/lms_loan_daily.csv,2023-04-01
CUS_0x9bda_2023_03_01,CUS_0x9bda,1/3/2023,10,1,10000,1000,1000,0,9000,1/4/2023,2023-04-01,2025-11-09 09:09:26.788698,data/lms_loan_daily.csv,2023-04-01
CUS_0x9bef_2023_01_01,CUS_0x9bef,1/1/2023,10,3,10000,1000,1000,0,7000,1/4/2023,2023-04-01,2025-11-09 09:09:26.788698,data/lms_loan_daily.csv,2023-04-01
CUS_0x9c2_2023_04_01,CUS_0x9c2,1/4/2023,10,0,10000,0,0,0,10000,1/4/2023,2023-04-01,2025-11-09 09:09:26.788698,data/lms_loan_daily.csv,2023-04-01
CUS_0x9c2e_2023_04_01,CUS_0x9c2e,1/4/2023,10,0,10000,0,0,0,10000,1/4/2023,2023-04-01,2025-11-09 09:09:26.788698,data/lms_loan_daily.csv,2023-04-01
CUS_0x9c49_2023_04_01,CUS_0x9c49,1/4/2023,10,0,10000,0,0,0,10000,1/4/2023,2023-04-01,2025-11-09 09:09:26.788698,data/lms_loan_daily.csv,2023-04-01
CUS_0x9c59_2023_02_01,CUS_0x9c59,1/2/2023,10,2,10000,1000,2000,0,8000,1/4/2023,2023-04-01,2025-11-09 09:09:26.788698,data/lms_loan_daily.csv,2023-04-01
CUS_0x9c66_2023_04_01,CUS_0x9c66,1/4/2023,10,0,10000,0,0,0,10000,1/4/2023,2023-04-01,2025-11-09 09:09:26.788698,data/lms_loan_daily.csv,2023-04-01
CUS_0x9c67_2023_01_01,CUS_0x9c67,1/1/2023,10,3,10000,1000,1000,0,7000,1/4/2023,2023-04-01,2025-11-09 09:09:26.788698,data/lms_loan_daily.csv,2023-04-01
CUS_0x9c71_2023_03_01,CUS_0x9c71,1/3/2023,10,1,10000,1000,1000,0,9000,1/4/2023,2023-04-01,2025-11-09 09:09:26.788698,data/lms_loan_daily.csv,2023-04-01
CUS_0x9c95_2023_03_01,CUS_0x9c95,1/3/2023,10,1,10000,1000,1000,0,9000,1/4/2023,2023-04-01,2025-11-09 09:09:26.788698,data/lms_loan_daily.csv,2023-04-01
CUS_0x9ccf_2023_02_01,CUS_0x9ccf,1/2/2023,10,2,10000,1000,1000,0,8000,1/4/2023,2023-04-01,2025-11-09 09:09:26.788698,data/lms_loan_daily.csv,2023-04-01
CUS_0x9ce6_2023_01_01,CUS_0x9ce6,1/1/2023,10,3,10000,1000,1000,0,7000,1/4/2023,2023-04-01,2025-11-09 09:09:26.788698,data/lms_loan_daily.csv,2023-04-01
CUS_0x9ce7_2023_03_01,CUS_0x9ce7,1/3/2023,10,1,10000,1000,1000,0,9000,1/4/2023,2023-04-01,2025-11-09 09:09:26.788698,data/lms_loan_daily.csv,2023-04-01
CUS_0x9d0b_2023_02_01,CUS_0x9d0b,1/2/2023,10,2,10000,1000,1000,0,8000,1/4/2023,2023-04-01,2025-11-09 09:09:26.788698,data/lms_loan_daily.csv,2023-04-01
CUS_0x9d41_2023_04_01,CUS_0x9d41,1/4/2023,10,0,10000,0,0,0,10000,1/4/2023,2023-04-01,2025-11-09 09:09:26.788698,data/lms_loan_daily.csv,2023-04-01
CUS_0x9d51_2023_04_01,CUS_0x9d51,1/4/2023,10,0,10000,0,0,0,10000,1/4/2023,2023-04-01,2025-11-09 09:09:26.788698,data/lms_loan_daily.csv,2023-04-01
CUS_0x9d83_2023_03_01,CUS_0x9d83,1/3/2023,10,1,10000,1000,1000,0,9000,1/4/2023,2023-04-01,2025-11-09 09:09:26.788698,data/lms_loan_daily.csv,2023-04-01
CUS_0x9dc5_2023_02_01,CUS_0x9dc5,1/2/2023,10,2,10000,1000,1000,0,8000,1/4/2023,2023-04-01,2025-11-09 09:09:26.788698,data/lms_loan_daily.csv,2023-04-01
CUS_0x9dc6_2023_02_01,CUS_0x9dc6,1/2/2023,10,2,10000,1000,1000,0,8000,1/4/2023,2023-04-01,2025-11-09 09:09:26.788698,data/lms_loan_daily.csv,2023-04-01
CUS_0x9dee_2023_03_01,CUS_0x9dee,1/3/2023,10,1,10000,1000,0,1000,10000,1/4/2023,2023-04-01,2025-11-09 09:09:26.788698,data/lms_loan_daily.csv,2023-04-01
CUS_0x9dff_2023_02_01,CUS_0x9dff,1/2/2023,10,2,10000,1000,0,1000,9000,1/4/2023,2023-04-01,2025-11-09 09:09:26.788698,data/lms_loan_daily.csv,2023-04-01
CUS_0x9e02_2023_01_01,CUS_0x9e02,1/1/2023,10,3,10000,1000,1000,0,7000,1/4/2023,2023-04-01,2025-11-09 09:09:26.788698,data/lms_loan_daily.csv,2023-04-01
CUS_0x9e09_2023_01_01,CUS_0x9e09,1/1/2023,10,3,10000,1000,1000,0,7000,1/4/2023,2023-04-01,2025-11-09 09:09:26.788698,data/lms_loan_daily.csv,2023-04-01
CUS_0x9e18_2023_03_01,CUS_0x9e18,1/3/2023,10,1,10000,1000,1000,0,9000,1/4/2023,2023-04-01,2025-11-09 09:09:26.788698,data/lms_loan_daily.csv,2023-04-01
CUS_0x9e21_2023_04_01,CUS_0x9e21,1/4/2023,10,0,10000,0,0,0,10000,1/4/2023,2023-04-01,2025-11-09 09:09:26.788698,data/lms_loan_daily.csv,2023-04-01
CUS_0x9e3_2023_03_01,CUS_0x9e3,1/3/2023,10,1,10000,1000,1000,0,9000,1/4/2023,2023-04-01,2025-11-09 09:09:26.788698,data/lms_loan_daily.csv,2023-04-01
CUS_0x9e31_2023_04_01,CUS_0x9e31,1/4/2023,10,0,10000,0,0,0,10000,1/4/2023,2023-04-01,2025-11-09 09:09:26.788698,data/lms_loan_daily.csv,2023-04-01
CUS_0x9e56_2023_02_01,CUS_0x9e56,1/2/2023,10,2,10000,1000,1000,0,8000,1/4/2023,2023-04-01,2025-11-09 09:09:26.788698,data/lms_loan_daily.csv,2023-04-01
CUS_0x9e5b_2023_03_01,CUS_0x9e5b,1/3/2023,10,1,10000,1000,1000,0,9000,1/4/2023,2023-04-01,2025-11-09 09:09:26.788698,data/lms_loan_daily.csv,2023-04-01
CUS_0x9e6a_2023_01_01,CUS_0x9e6a,1/1/2023,10,3,10000,1000,1000,0,7000,1/4/2023,2023-04-01,2025-11-09 09:09:26.788698,data/lms_loan_daily.csv,2023-04-01
CUS_0x9e9b_2023_02_01,CUS_0x9e9b,1/2/2023,10,2,10000,1000,1000,0,8000,1/4/2023,2023-04-01,2025-11-09 09:09:26.788698,data/lms_loan_daily.csv,2023-04-01
CUS_0x9eb9_2023_03_01,CUS_0x9eb9,1/3/2023,10,1,10000,1000,0,1000,10000,1/4/2023,2023-04-01,2025-11-09 09:09:26.788698,data/lms_loan_daily.csv,2023-04-01
CUS_0x9ec9_2023_03_01,CUS_0x9ec9,1/3/2023,10,1,10000,1000,1000,0,9000,1/4/2023,2023-04-01,2025-11-09 09:09:26.788698,data/lms_loan_daily.csv,2023-04-01
CUS_0x9ed8_2023_03_01,CUS_0x9ed8,1/3/2023,10,1,10000,1000,1000,0,9000,1/4/2023,2023-04-01,2025-11-09 09:09:26.788698,data/lms_loan_daily.csv,2023-04-01
CUS_0x9ee5_2023_02_01,CUS_0x9ee5,1/2/2023,10,2,10000,1000,0,1000,9000,1/4/2023,2023-04-01,2025-11-09 09:09:26.788698,data/lms_loan_daily.csv,2023-04-01
CUS_0x9eef_2023_03_01,CUS_0x9eef,1/3/2023,10,1,10000,1000,1000,0,9000,1/4/2023,2023-04-01,2025-11-09 09:09:26.788698,data/lms_loan_daily.csv,2023-04-01
CUS_0x9f06_2023_04_01,CUS_0x9f06,1/4/2023,10,0,10000,0,0,0,10000,1/4/2023,2023-04-01,2025-11-09 09:09:26.788698,data/lms_loan_daily.csv,2023-04-01
CUS_0x9f23_2023_02_01,CUS_0x9f23,1/2/2023,10,2,10000,1000,1000,0,8000,1/4/2023,2023-04-01,2025-11-09 09:09:26.788698,data/lms_loan_daily.csv,2023-04-01
CUS_0x9f59_2023_02_01,CUS_0x9f59,1/2/2023,10,2,10000,1000,1000,0,8000,1/4/2023,2023-04-01,2025-11-09 09:09:26.788698,data/lms_loan_daily.csv,2023-04-01
CUS_0x9f77_2023_03_01,CUS_0x9f77,1/3/2023,10,1,10000,1000,1000,0,9000,1/4/2023,2023-04-01,2025-11-09 09:09:26.788698,data/lms_loan_daily.csv,2023-04-01
CUS_0x9f80_2023_04_01,CUS_0x9f80,1/4/2023,10,0,10000,0,0,0,10000,1/4/2023,2023-04-01,2025-11-09 09:09:26.788698,data/lms_loan_daily.csv,2023-04-01
CUS_0x9f91_2023_01_01,CUS_0x9f91,1/1/2023,10,3,10000,1000,1000,0,7000,1/4/2023,2023-04-01,2025-11-09 09:09:26.788698,data/lms_loan_daily.csv,2023-04-01
CUS_0x9f95_2023_03_01,CUS_0x9f95,1/3/2023,10,1,10000,1000,1000,0,9000,1/4/2023,2023-04-01,2025-11-09 09:09:26.788698,data/lms_loan_daily.csv,2023-04-01
CUS_0x9fb1_2023_04_01,CUS_0x9fb1,1/4/2023,10,0,10000,0,0,0,10000,1/4/2023,2023-04-01,2025-11-09 09:09:26.788698,data/lms_loan_daily.csv,2023-04-01
CUS_0x9fcf_2023_02_01,CUS_0x9fcf,1/2/2023,10,2,10000,1000,2000,0,8000,1/4/2023,2023-04-01,2025-11-09 09:09:26.788698,data/lms_loan_daily.csv,2023-04-01
CUS_0x9fd7_2023_03_01,CUS_0x9fd7,1/3/2023,10,1,10000,1000,1000,0,9000,1/4/2023,2023-04-01,2025-11-09 09:09:26.788698,data/lms_loan_daily.csv,2023-04-01
CUS_0x9fea_2023_04_01,CUS_0x9fea,1/4/2023,10,0,10000,0,0,0,10000,1/4/2023,2023-04-01,2025-11-09 09:09:26.788698,data/lms_loan_daily.csv,2023-04-01
CUS_0xa001_2023_03_01,CUS_0xa001,1/3/2023,10,1,10000,1000,1000,0,9000,1/4/2023,2023-04-01,2025-11-09 09:09:26.788698,data/lms_loan_daily.csv,2023-04-01
CUS_0xa009_2023_03_01,CUS_0xa009,1/3/2023,10,1,10000,1000,1000,0,9000,1/4/2023,2023-04-01,2025-11-09 09:09:26.788698,data/lms_loan_daily.csv,2023-04-01
CUS_0xa066_2023_04_01,CUS_0xa066,1/4/2023,10,0,10000,0,0,0,10000,1/4/2023,2023-04-01,2025-11-09 09:09:26.788698,data/lms_loan_daily.csv,2023-04-01
CUS_0xa071_2023_04_01,CUS_0xa071,1/4/2023,10,0,10000,0,0,0,10000,1/4/2023,2023-04-01,2025-11-09 09:09:26.788698,data/lms_loan_daily.csv,2023-04-01
CUS_0xa08e_2023_03_01,CUS_0xa08e,1/3/2023,10,1,10000,1000,1000,0,9000,1/4/2023,2023-04-01,2025-11-09 09:09:26.788698,data/lms_loan_daily.csv,2023-04-01
CUS_0xa094_2023_02_01,CUS_0xa094,1/2/2023,10,2,10000,1000,1000,0,8000,1/4/2023,2023-04-01,2025-11-09 09:09:26.788698,data/lms_loan_daily.csv,2023-04-01
CUS_0xa095_2023_03_01,CUS_0xa095,1/3/2023,10,1,10000,1000,1000,0,9000,1/4/2023,2023-04-01,2025-11-09 09:09:26.788698,data/lms_loan_daily.csv,2023-04-01
CUS_0xa09c_2023_02_01,CUS_0xa09c,1/2/2023,10,2,10000,1000,1000,0,8000,1/4/2023,2023-04-01,2025-11-09 09:09:26.788698,data/lms_loan_daily.csv,2023-04-01
CUS_0xa0b_2023_03_01,CUS_0xa0b,1/3/2023,10,1,10000,1000,1000,0,9000,1/4/2023,2023-04-01,2025-11-09 09:09:26.788698,data/lms_loan_daily.csv,2023-04-01
CUS_0xa0b8_2023_02_01,CUS_0xa0b8,1/2/2023,10,2,10000,1000,2000,0,8000,1/4/2023,2023-04-01,2025-11-09 09:09:26.788698,data/lms_loan_daily.csv,2023-04-01
CUS_0xa0ba_2023_03_01,CUS_0xa0ba,1/3/2023,10,1,10000,1000,1000,0,9000,1/4/2023,2023-04-01,2025-11-09 09:09:26.788698,data/lms_loan_daily.csv,2023-04-01
CUS_0xa0c_2023_01_01,CUS_0xa0c,1/1/2023,10,3,10000,1000,1000,0,7000,1/4/2023,2023-04-01,2025-11-09 09:09:26.788698,data/lms_loan_daily.csv,2023-04-01
CUS_0xa0c3_2023_02_01,CUS_0xa0c3,1/2/2023,10,2,10000,1000,1000,0,8000,1/4/2023,2023-04-01,2025-11-09 09:09:26.788698,data/lms_loan_daily.csv,2023-04-01
CUS_0xa0dc_2023_03_01,CUS_0xa0dc,1/3/2023,10,1,10000,1000,1000,0,9000,1/4/2023,2023-04-01,2025-11-09 09:09:26.788698,data/lms_loan_daily.csv,2023-04-01
CUS_0xa0ea_2023_03_01,CUS_0xa0ea,1/3/2023,10,1,10000,1000,1000,0,9000,1/4/2023,2023-04-01,2025-11-09 09:09:26.788698,data/lms_loan_daily.csv,2023-04-01
CUS_0xa0ff_2023_03_01,CUS_0xa0ff,1/3/2023,10,1,10000,1000,1000,0,9000,1/4/2023,2023-04-01,2025-11-09 09:09:26.788698,data/lms_loan_daily.csv,2023-04-01
CUS_0xa127_2023_02_01,CUS_0xa127,1/2/2023,10,2,10000,1000,1000,0,8000,1/4/2023,2023-04-01,2025-11-09 09:09:26.788698,data/lms_loan_daily.csv,2023-04-01
CUS_0xa133_2023_02_01,CUS_0xa133,1/2/2023,10,2,10000,1000,1000,0,8000,1/4/2023,2023-04-01,2025-11-09 09:09:26.788698,data/lms_loan_daily.csv,2023-04-01
CUS_0xa134_2023_01_01,CUS_0xa134,1/1/2023,10,3,10000,1000,1000,0,7000,1/4/2023,2023-04-01,2025-11-09 09:09:26.788698,data/lms_loan_daily.csv,2023-04-01
CUS_0xa138_2023_02_01,CUS_0xa138,1/2/2023,10,2,10000,1000,2000,0,8000,1/4/2023,2023-04-01,2025-11-09 09:09:26.788698,data/lms_loan_daily.csv,2023-04-01
CUS_0xa146_2023_01_01,CUS_0xa146,1/1/2023,10,3,10000,1000,1000,0,7000,1/4/2023,2023-04-01,2025-11-09 09:09:26.788698,data/lms_loan_daily.csv,2023-04-01
CUS_0xa160_2023_03_01,CUS_0xa160,1/3/2023,10,1,10000,1000,1000,0,9000,1/4/2023,2023-04-01,2025-11-09 09:09:26.788698,data/lms_loan_daily.csv,2023-04-01
CUS_0xa182_2023_01_01,CUS_0xa182,1/1/2023,10,3,10000,1000,1000,0,7000,1/4/2023,2023-04-01,2025-11-09 09:09:26.788698,data/lms_loan_daily.csv,2023-04-01
CUS_0xa187_2023_01_01,CUS_0xa187,1/1/2023,10,3,10000,1000,1000,0,7000,1/4/2023,2023-04-01,2025-11-09 09:09:26.788698,data/lms_loan_daily.csv,2023-04-01
CUS_0xa1bb_2023_01_01,CUS_0xa1bb,1/1/2023,10,3,10000,1000,1000,0,7000,1/4/2023,2023-04-01,2025-11-09 09:09:26.788698,data/lms_loan_daily.csv,2023-04-01
CUS_0xa1d9_2023_02_01,CUS_0xa1d9,1/2/2023,10,2,10000,1000,1000,0,8000,1/4/2023,2023-04-01,2025-11-09 09:09:26.788698,data/lms_loan_daily.csv,2023-04-01
CUS_0xa203_2023_01_01,CUS_0xa203,1/1/2023,10,3,10000,1000,1000,0,7000,1/4/2023,2023-04-01,2025-11-09 09:09:26.788698,data/lms_loan_daily.csv,2023-04-01
CUS_0xa20d_2023_01_01,CUS_0xa20d,1/1/2023,10,3,10000,1000,1000,0,7000,1/4/2023,2023-04-01,2025-11-09 09:09:26.788698,data/lms_loan_daily.csv,2023-04-01
CUS_0xa212_2023_03_01,CUS_0xa212,1/3/2023,10,1,10000,1000,1000,0,9000,1/4/2023,2023-04-01,2025-11-09 09:09:26.788698,data/lms_loan_daily.csv,2023-04-01
CUS_0xa22a_2023_03_01,CUS_0xa22a,1/3/2023,10,1,10000,1000,1000,0,9000,1/4/2023,2023-04-01,2025-11-09 09:09:26.788698,data/lms_loan_daily.csv,2023-04-01
CUS_0xa230_2023_02_01,CUS_0xa230,1/2/2023,10,2,10000,1000,1000,0,8000,1/4/2023,2023-04-01,2025-11-09 09:09:26.788698,data/lms_loan_daily.csv,2023-04-01
CUS_0xa260_2023_02_01,CUS_0xa260,1/2/2023,10,2,10000,1000,1000,0,8000,1/4/2023,2023-04-01,2025-11-09 09:09:26.788698,data/lms_loan_daily.csv,2023-04-01
CUS_0xa27e_2023_02_01,CUS_0xa27e,1/2/2023,10,2,10000,1000,1000,0,8000,1/4/2023,2023-04-01,2025-11-09 09:09:26.788698,data/lms_loan_daily.csv,2023-04-01
CUS_0xa2af_2023_02_01,CUS_0xa2af,1/2/2023,10,2,10000,1000,1000,0,8000,1/4/2023,2023-04-01,2025-11-09 09:09:26.788698,data/lms_loan_daily.csv,2023-04-01
CUS_0xa2c0_2023_01_01,CUS_0xa2c0,1/1/2023,10,3,10000,1000,1000,0,7000,1/4/2023,2023-04-01,2025-11-09 09:09:26.788698,data/lms_loan_daily.csv,2023-04-01
CUS_0xa2c5_2023_03_01,CUS_0xa2c5,1/3/2023,10,1,10000,1000,1000,0,9000,1/4/2023,2023-04-01,2025-11-09 09:09:26.788698,data/lms_loan_daily.csv,2023-04-01
CUS_0xa2d7_2023_03_01,CUS_0xa2d7,1/3/2023,10,1,10000,1000,1000,0,9000,1/4/2023,2023-04-01,2025-11-09 09:09:26.788698,data/lms_loan_daily.csv,2023-04-01
CUS_0xa2ee_2023_01_01,CUS_0xa2ee,1/1/2023,10,3,10000,1000,1000,0,7000,1/4/2023,2023-04-01,2025-11-09 09:09:26.788698,data/lms_loan_daily.csv,2023-04-01
CUS_0xa303_2023_03_01,CUS_0xa303,1/3/2023,10,1,10000,1000,1000,0,9000,1/4/2023,2023-04-01,2025-11-09 09:09:26.788698,data/lms_loan_daily.csv,2023-04-01
CUS_0xa323_2023_04_01,CUS_0xa323,1/4/2023,10,0,10000,0,0,0,10000,1/4/2023,2023-04-01,2025-11-09 09:09:26.788698,data/lms_loan_daily.csv,2023-04-01
CUS_0xa384_2023_02_01,CUS_0xa384,1/2/2023,10,2,10000,1000,1000,0,8000,1/4/2023,2023-04-01,2025-11-09 09:09:26.788698,data/lms_loan_daily.csv,2023-04-01
CUS_0xa3b8_2023_03_01,CUS_0xa3b8,1/3/2023,10,1,10000,1000,1000,0,9000,1/4/2023,2023-04-01,2025-11-09 09:09:26.788698,data/lms_loan_daily.csv,2023-04-01
CUS_0xa3c_2023_04_01,CUS_0xa3c,1/4/2023,10,0,10000,0,0,0,10000,1/4/2023,2023-04-01,2025-11-09 09:09:26.788698,data/lms_loan_daily.csv,2023-04-01
CUS_0xa3f_2023_04_01,CUS_0xa3f,1/4/2023,10,0,10000,0,0,0,10000,1/4/2023,2023-04-01,2025-11-09 09:09:26.788698,data/lms_loan_daily.csv,2023-04-01
CUS_0xa408_2023_01_01,CUS_0xa408,1/1/2023,10,3,10000,1000,0,3000,10000,1/4/2023,2023-04-01,2025-11-09 09:09:26.788698,data/lms_loan_daily.csv,2023-04-01
CUS_0xa41e_2023_02_01,CUS_0xa41e,1/2/2023,10,2,10000,1000,0,1000,9000,1/4/2023,2023-04-01,2025-11-09 09:09:26.788698,data/lms_loan_daily.csv,2023-04-01
CUS_0xa422_2023_01_01,CUS_0xa422,1/1/2023,10,3,10000,1000,1000,0,7000,1/4/2023,2023-04-01,2025-11-09 09:09:26.788698,data/lms_loan_daily.csv,2023-04-01
CUS_0xa423_2023_01_01,CUS_0xa423,1/1/2023,10,3,10000,1000,1000,0,7000,1/4/2023,2023-04-01,2025-11-09 09:09:26.788698,data/lms_loan_daily.csv,2023-04-01
CUS_0xa437_2023_04_01,CUS_0xa437,1/4/2023,10,0,10000,0,0,0,10000,1/4/2023,2023-04-01,2025-11-09 09:09:26.788698,data/lms_loan_daily.csv,2023-04-01
CUS_0xa442_2023_03_01,CUS_0xa442,1/3/2023,10,1,10000,1000,1000,0,9000,1/4/2023,2023-04-01,2025-11-09 09:09:26.788698,data/lms_loan_daily.csv,2023-04-01
CUS_0xa455_2023_02_01,CUS_0xa455,1/2/2023,10,2,10000,1000,1000,0,8000,1/4/2023,2023-04-01,2025-11-09 09:09:26.788698,data/lms_loan_daily.csv,2023-04-01
CUS_0xa463_2023_01_01,CUS_0xa463,1/1/2023,10,3,10000,1000,1000,0,7000,1/4/2023,2023-04-01,2025-11-09 09:09:26.788698,data/lms_loan_daily.csv,2023-04-01
CUS_0xa479_2023_03_01,CUS_0xa479,1/3/2023,10,1,10000,1000,1000,0,9000,1/4/2023,2023-04-01,2025-11-09 09:09:26.788698,data/lms_loan_daily.csv,2023-04-01
CUS_0xa488_2023_01_01,CUS_0xa488,1/1/2023,10,3,10000,1000,1000,0,7000,1/4/2023,2023-04-01,2025-11-09 09:09:26.788698,data/lms_loan_daily.csv,2023-04-01
CUS_0xa4d0_2023_03_01,CUS_0xa4d0,1/3/2023,10,1,10000,1000,1000,0,9000,1/4/2023,2023-04-01,2025-11-09 09:09:26.788698,data/lms_loan_daily.csv,2023-04-01
CUS_0xa4e0_2023_03_01,CUS_0xa4e0,1/3/2023,10,1,10000,1000,1000,0,9000,1/4/2023,2023-04-01,2025-11-09 09:09:26.788698,data/lms_loan_daily.csv,2023-04-01
CUS_0xa4e7_2023_02_01,CUS_0xa4e7,1/2/2023,10,2,10000,1000,1000,0,8000,1/4/2023,2023-04-01,2025-11-09 09:09:26.788698,data/lms_loan_daily.csv,2023-04-01
CUS_0xa4e9_2023_03_01,CUS_0xa4e9,1/3/2023,10,1,10000,1000,1000,0,9000,1/4/2023,2023-04-01,2025-11-09 09:09:26.788698,data/lms_loan_daily.csv,2023-04-01
CUS_0xa4f6_2023_03_01,CUS_0xa4f6,1/3/2023,10,1,10000,1000,1000,0,9000,1/4/2023,2023-04-01,2025-11-09 09:09:26.788698,data/lms_loan_daily.csv,2023-04-01
CUS_0xa52_2023_01_01,CUS_0xa52,1/1/2023,10,3,10000,1000,0,2000,9000,1/4/2023,2023-04-01,2025-11-09 09:09:26.788698,data/lms_loan_daily.csv,2023-04-01
CUS_0xa525_2023_04_01,CUS_0xa525,1/4/2023,10,0,10000,0,0,0,10000,1/4/2023,2023-04-01,2025-11-09 09:09:26.788698,data/lms_loan_daily.csv,2023-04-01
CUS_0xa52e_2023_04_01,CUS_0xa52e,1/4/2023,10,0,10000,0,0,0,10000,1/4/2023,2023-04-01,2025-11-09 09:09:26.788698,data/lms_loan_daily.csv,2023-04-01
CUS_0xa540_2023_02_01,CUS_0xa540,1/2/2023,10,2,10000,1000,0,1000,9000,1/4/2023,2023-04-01,2025-11-09 09:09:26.788698,data/lms_loan_daily.csv,2023-04-01
CUS_0xa54d_2023_01_01,CUS_0xa54d,1/1/2023,10,3,10000,1000,1000,0,7000,1/4/2023,2023-04-01,2025-11-09 09:09:26.788698,data/lms_loan_daily.csv,2023-04-01
CUS_0xa556_2023_04_01,CUS_0xa556,1/4/2023,10,0,10000,0,0,0,10000,1/4/2023,2023-04-01,2025-11-09 09:09:26.788698,data/lms_loan_daily.csv,2023-04-01
CUS_0xa574_2023_02_01,CUS_0xa574,1/2/2023,10,2,10000,1000,1000,0,8000,1/4/2023,2023-04-01,2025-11-09 09:09:26.788698,data/lms_loan_daily.csv,2023-04-01
CUS_0xa59_2023_03_01,CUS_0xa59,1/3/2023,10,1,10000,1000,1000,0,9000,1/4/2023,2023-04-01,2025-11-09 09:09:26.788698,data/lms_loan_daily.csv,2023-04-01
CUS_0xa59d_2023_03_01,CUS_0xa59d,1/3/2023,10,1,10000,1000,1000,0,9000,1/4/2023,2023-04-01,2025-11-09 09:09:26.788698,data/lms_loan_daily.csv,2023-04-01
CUS_0xa5c_2023_01_01,CUS_0xa5c,1/1/2023,10,3,10000,1000,1000,0,7000,1/4/2023,2023-04-01,2025-11-09 09:09:26.788698,data/lms_loan_daily.csv,2023-04-01
CUS_0xa5e6_2023_01_01,CUS_0xa5e6,1/1/2023,10,3,10000,1000,1000,0,7000,1/4/2023,2023-04-01,2025-11-09 09:09:26.788698,data/lms_loan_daily.csv,2023-04-01
CUS_0xa5e9_2023_01_01,CUS_0xa5e9,1/1/2023,10,3,10000,1000,0,3000,10000,1/4/2023,2023-04-01,2025-11-09 09:09:26.788698,data/lms_loan_daily.csv,2023-04-01
CUS_0xa5f9_2023_04_01,CUS_0xa5f9,1/4/2023,10,0,10000,0,0,0,10000,1/4/2023,2023-04-01,2025-11-09 09:09:26.788698,data/lms_loan_daily.csv,2023-04-01
CUS_0xa610_2023_03_01,CUS_0xa610,1/3/2023,10,1,10000,1000,1000,0,9000,1/4/2023,2023-04-01,2025-11-09 09:09:26.788698,data/lms_loan_daily.csv,2023-04-01
CUS_0xa62f_2023_03_01,CUS_0xa62f,1/3/2023,10,1,10000,1000,1000,0,9000,1/4/2023,2023-04-01,2025-11-09 09:09:26.788698,data/lms_loan_daily.csv,2023-04-01
CUS_0xa65_2023_01_01,CUS_0xa65,1/1/2023,10,3,10000,1000,0,1000,8000,1/4/2023,2023-04-01,2025-11-09 09:09:26.788698,data/lms_loan_daily.csv,2023-04-01
CUS_0xa679_2023_04_01,CUS_0xa679,1/4/2023,10,0,10000,0,0,0,10000,1/4/2023,2023-04-01,2025-11-09 09:09:26.788698,data/lms_loan_daily.csv,2023-04-01
CUS_0xa682_2023_04_01,CUS_0xa682,1/4/2023,10,0,10000,0,0,0,10000,1/4/2023,2023-04-01,2025-11-09 09:09:26.788698,data/lms_loan_daily.csv,2023-04-01
CUS_0xa68a_2023_02_01,CUS_0xa68a,1/2/2023,10,2,10000,1000,1000,0,8000,1/4/2023,2023-04-01,2025-11-09 09:09:26.788698,data/lms_loan_daily.csv,2023-04-01
CUS_0xa69_2023_04_01,CUS_0xa69,1/4/2023,10,0,10000,0,0,0,10000,1/4/2023,2023-04-01,2025-11-09 09:09:26.788698,data/lms_loan_daily.csv,2023-04-01
CUS_0xa693_2023_02_01,CUS_0xa693,1/2/2023,10,2,10000,1000,1000,0,8000,1/4/2023,2023-04-01,2025-11-09 09:09:26.788698,data/lms_loan_daily.csv,2023-04-01
CUS_0xa69e_2023_02_01,CUS_0xa69e,1/2/2023,10,2,10000,1000,1000,0,8000,1/4/2023,2023-04-01,2025-11-09 09:09:26.788698,data/lms_loan_daily.csv,2023-04-01
CUS_0xa6a_2023_04_01,CUS_0xa6a,1/4/2023,10,0,10000,0,0,0,10000,1/4/2023,2023-04-01,2025-11-09 09:09:26.788698,data/lms_loan_daily.csv,2023-04-01
CUS_0xa6a7_2023_02_01,CUS_0xa6a7,1/2/2023,10,2,10000,1000,1000,0,8000,1/4/2023,2023-04-01,2025-11-09 09:09:26.788698,data/lms_loan_daily.csv,2023-04-01
CUS_0xa6b8_2023_04_01,CUS_0xa6b8,1/4/2023,10,0,10000,0,0,0,10000,1/4/2023,2023-04-01,2025-11-09 09:09:26.788698,data/lms_loan_daily.csv,2023-04-01
CUS_0xa6c1_2023_02_01,CUS_0xa6c1,1/2/2023,10,2,10000,1000,1000,0,8000,1/4/2023,2023-04-01,2025-11-09 09:09:26.788698,data/lms_loan_daily.csv,2023-04-01
CUS_0xa6d9_2023_01_01,CUS_0xa6d9,1/1/2023,10,3,10000,1000,1000,0,7000,1/4/2023,2023-04-01,2025-11-09 09:09:26.788698,data/lms_loan_daily.csv,2023-04-01
CUS_0xa6dc_2023_03_01,CUS_0xa6dc,1/3/2023,10,1,10000,1000,1000,0,9000,1/4/2023,2023-04-01,2025-11-09 09:09:26.788698,data/lms_loan_daily.csv,2023-04-01
CUS_0xa70f_2023_03_01,CUS_0xa70f,1/3/2023,10,1,10000,1000,1000,0,9000,1/4/2023,2023-04-01,2025-11-09 09:09:26.788698,data/lms_loan_daily.csv,2023-04-01
CUS_0xa731_2023_04_01,CUS_0xa731,1/4/2023,10,0,10000,0,0,0,10000,1/4/2023,2023-04-01,2025-11-09 09:09:26.788698,data/lms_loan_daily.csv,2023-04-01
CUS_0xa780_2023_04_01,CUS_0xa780,1/4/2023,10,0,10000,0,0,0,10000,1/4/2023,2023-04-01,2025-11-09 09:09:26.788698,data/lms_loan_daily.csv,2023-04-01
CUS_0xa7a4_2023_04_01,CUS_0xa7a4,1/4/2023,10,0,10000,0,0,0,10000,1/4/2023,2023-04-01,2025-11-09 09:09:26.788698,data/lms_loan_daily.csv,2023-04-01
CUS_0xa7e1_2023_02_01,CUS_0xa7e1,1/2/2023,10,2,10000,1000,1000,0,8000,1/4/2023,2023-04-01,2025-11-09 09:09:26.788698,data/lms_loan_daily.csv,2023-04-01
CUS_0xa7f3_2023_03_01,CUS_0xa7f3,1/3/2023,10,1,10000,1000,1000,0,9000,1/4/2023,2023-04-01,2025-11-09 09:09:26.788698,data/lms_loan_daily.csv,2023-04-01
CUS_0xa801_2023_01_01,CUS_0xa801,1/1/2023,10,3,10000,1000,1000,0,7000,1/4/2023,2023-04-01,2025-11-09 09:09:26.788698,data/lms_loan_daily.csv,2023-04-01
CUS_0xa806_2023_02_01,CUS_0xa806,1/2/2023,10,2,10000,1000,1000,0,8000,1/4/2023,2023-04-01,2025-11-09 09:09:26.788698,data/lms_loan_daily.csv,2023-04-01
CUS_0xa83_2023_01_01,CUS_0xa83,1/1/2023,10,3,10000,1000,1000,0,7000,1/4/2023,2023-04-01,2025-11-09 09:09:26.788698,data/lms_loan_daily.csv,2023-04-01
CUS_0xa86_2023_03_01,CUS_0xa86,1/3/2023,10,1,10000,1000,1000,0,9000,1/4/2023,2023-04-01,2025-11-09 09:09:26.788698,data/lms_loan_daily.csv,2023-04-01
CUS_0xa861_2023_03_01,CUS_0xa861,1/3/2023,10,1,10000,1000,1000,0,9000,1/4/2023,2023-04-01,2025-11-09 09:09:26.788698,data/lms_loan_daily.csv,2023-04-01
CUS_0xa88c_2023_03_01,CUS_0xa88c,1/3/2023,10,1,10000,1000,1000,0,9000,1/4/2023,2023-04-01,2025-11-09 09:09:26.788698,data/lms_loan_daily.csv,2023-04-01
CUS_0xa8b7_2023_02_01,CUS_0xa8b7,1/2/2023,10,2,10000,1000,1000,0,8000,1/4/2023,2023-04-01,2025-11-09 09:09:26.788698,data/lms_loan_daily.csv,2023-04-01
CUS_0xa8c1_2023_04_01,CUS_0xa8c1,1/4/2023,10,0,10000,0,0,0,10000,1/4/2023,2023-04-01,2025-11-09 09:09:26.788698,data/lms_loan_daily.csv,2023-04-01
CUS_0xa8c6_2023_01_01,CUS_0xa8c6,1/1/2023,10,3,10000,1000,1000,0,7000,1/4/2023,2023-04-01,2025-11-09 09:09:26.788698,data/lms_loan_daily.csv,2023-04-01
CUS_0xa8ce_2023_02_01,CUS_0xa8ce,1/2/2023,10,2,10000,1000,1000,0,8000,1/4/2023,2023-04-01,2025-11-09 09:09:26.788698,data/lms_loan_daily.csv,2023-04-01
CUS_0xa8e7_2023_02_01,CUS_0xa8e7,1/2/2023,10,2,10000,1000,1000,0,8000,1/4/2023,2023-04-01,2025-11-09 09:09:26.788698,data/lms_loan_daily.csv,2023-04-01
CUS_0xa910_2023_04_01,CUS_0xa910,1/4/2023,10,0,10000,0,0,0,10000,1/4/2023,2023-04-01,2025-11-09 09:09:26.788698,data/lms_loan_daily.csv,2023-04-01
CUS_0xa918_2023_01_01,CUS_0xa918,1/1/2023,10,3,10000,1000,1000,0,7000,1/4/2023,2023-04-01,2025-11-09 09:09:26.788698,data/lms_loan_daily.csv,2023-04-01
CUS_0xa91e_2023_04_01,CUS_0xa91e,1/4/2023,10,0,10000,0,0,0,10000,1/4/2023,2023-04-01,2025-11-09 09:09:26.788698,data/lms_loan_daily.csv,2023-04-01
CUS_0xa962_2023_02_01,CUS_0xa962,1/2/2023,10,2,10000,1000,1000,0,8000,1/4/2023,2023-04-01,2025-11-09 09:09:26.788698,data/lms_loan_daily.csv,2023-04-01
CUS_0xa973_2023_02_01,CUS_0xa973,1/2/2023,10,2,10000,1000,1000,0,8000,1/4/2023,2023-04-01,2025-11-09 09:09:26.788698,data/lms_loan_daily.csv,2023-04-01
CUS_0xa97a_2023_04_01,CUS_0xa97a,1/4/2023,10,0,10000,0,0,0,10000,1/4/2023,2023-04-01,2025-11-09 09:09:26.788698,data/lms_loan_daily.csv,2023-04-01
CUS_0xa980_2023_02_01,CUS_0xa980,1/2/2023,10,2,10000,1000,1000,0,8000,1/4/2023,2023-04-01,2025-11-09 09:09:26.788698,data/lms_loan_daily.csv,2023-04-01
CUS_0xa99c_2023_02_01,CUS_0xa99c,1/2/2023,10,2,10000,1000,0,1000,9000,1/4/2023,2023-04-01,2025-11-09 09:09:26.788698,data/lms_loan_daily.csv,2023-04-01
CUS_0xa9a_2023_01_01,CUS_0xa9a,1/1/2023,10,3,10000,1000,1000,0,7000,1/4/2023,2023-04-01,2025-11-09 09:09:26.788698,data/lms_loan_daily.csv,2023-04-01
CUS_0xa9a8_2023_03_01,CUS_0xa9a8,1/3/2023,10,1,10000,1000,1000,0,9000,1/4/2023,2023-04-01,2025-11-09 09:09:26.788698,data/lms_loan_daily.csv,2023-04-01
CUS_0xa9b4_2023_03_01,CUS_0xa9b4,1/3/2023,10,1,10000,1000,1000,0,9000,1/4/2023,2023-04-01,2025-11-09 09:09:26.788698,data/lms_loan_daily.csv,2023-04-01
CUS_0xa9d2_2023_02_01,CUS_0xa9d2,1/2/2023,10,2,10000,1000,1000,0,8000,1/4/2023,2023-04-01,2025-11-09 09:09:26.788698,data/lms_loan_daily.csv,2023-04-01
CUS_0xa9e_2023_03_01,CUS_0xa9e,1/3/2023,10,1,10000,1000,1000,0,9000,1/4/2023,2023-04-01,2025-11-09 09:09:26.788698,data/lms_loan_daily.csv,2023-04-01
CUS_0xa9f_2023_04_01,CUS_0xa9f,1/4/2023,10,0,10000,0,0,0,10000,1/4/2023,2023-04-01,2025-11-09 09:09:26.788698,data/lms_loan_daily.csv,2023-04-01
CUS_0xaa0d_2023_03_01,CUS_0xaa0d,1/3/2023,10,1,10000,1000,1000,0,9000,1/4/2023,2023-04-01,2025-11-09 09:09:26.788698,data/lms_loan_daily.csv,2023-04-01
CUS_0xaa3d_2023_02_01,CUS_0xaa3d,1/2/2023,10,2,10000,1000,1000,0,8000,1/4/2023,2023-04-01,2025-11-09 09:09:26.788698,data/lms_loan_daily.csv,2023-04-01
CUS_0xaa4_2023_04_01,CUS_0xaa4,1/4/2023,10,0,10000,0,0,0,10000,1/4/2023,2023-04-01,2025-11-09 09:09:26.788698,data/lms_loan_daily.csv,2023-04-01
CUS_0xaa56_2023_02_01,CUS_0xaa56,1/2/2023,10,2,10000,1000,0,1000,9000,1/4/2023,2023-04-01,2025-11-09 09:09:26.788698,data/lms_loan_daily.csv,2023-04-01
CUS_0xaa62_2023_03_01,CUS_0xaa62,1/3/2023,10,1,10000,1000,1000,0,9000,1/4/2023,2023-04-01,2025-11-09 09:09:26.788698,data/lms_loan_daily.csv,2023-04-01
CUS_0xaa8e_2023_01_01,CUS_0xaa8e,1/1/2023,10,3,10000,1000,0,2000,9000,1/4/2023,2023-04-01,2025-11-09 09:09:26.788698,data/lms_loan_daily.csv,2023-04-01
CUS_0xaab3_2023_04_01,CUS_0xaab3,1/4/2023,10,0,10000,0,0,0,10000,1/4/2023,2023-04-01,2025-11-09 09:09:26.788698,data/lms_loan_daily.csv,2023-04-01
CUS_0xaabb_2023_04_01,CUS_0xaabb,1/4/2023,10,0,10000,0,0,0,10000,1/4/2023,2023-04-01,2025-11-09 09:09:26.788698,data/lms_loan_daily.csv,2023-04-01
CUS_0xaacd_2023_02_01,CUS_0xaacd,1/2/2023,10,2,10000,1000,1000,0,8000,1/4/2023,2023-04-01,2025-11-09 09:09:26.788698,data/lms_loan_daily.csv,2023-04-01
CUS_0xaaff_2023_01_01,CUS_0xaaff,1/1/2023,10,3,10000,1000,1000,0,7000,1/4/2023,2023-04-01,2025-11-09 09:09:26.788698,data/lms_loan_daily.csv,2023-04-01
CUS_0xab01_2023_04_01,CUS_0xab01,1/4/2023,10,0,10000,0,0,0,10000,1/4/2023,2023-04-01,2025-11-09 09:09:26.788698,data/lms_loan_daily.csv,2023-04-01
CUS_0xab32_2023_04_01,CUS_0xab32,1/4/2023,10,0,10000,0,0,0,10000,1/4/2023,2023-04-01,2025-11-09 09:09:26.788698,data/lms_loan_daily.csv,2023-04-01
CUS_0xab35_2023_04_01,CUS_0xab35,1/4/2023,10,0,10000,0,0,0,10000,1/4/2023,2023-04-01,2025-11-09 09:09:26.788698,data/lms_loan_daily.csv,2023-04-01
CUS_0xab3b_2023_02_01,CUS_0xab3b,1/2/2023,10,2,10000,1000,1000,0,8000,1/4/2023,2023-04-01,2025-11-09 09:09:26.788698,data/lms_loan_daily.csv,2023-04-01
CUS_0xab43_2023_03_01,CUS_0xab43,1/3/2023,10,1,10000,1000,1000,0,9000,1/4/2023,2023-04-01,2025-11-09 09:09:26.788698,data/lms_loan_daily.csv,2023-04-01
CUS_0xab4a_2023_04_01,CUS_0xab4a,1/4/2023,10,0,10000,0,0,0,10000,1/4/2023,2023-04-01,2025-11-09 09:09:26.788698,data/lms_loan_daily.csv,2023-04-01
CUS_0xabbd_2023_03_01,CUS_0xabbd,1/3/2023,10,1,10000,1000,1000,0,9000,1/4/2023,2023-04-01,2025-11-09 09:09:26.788698,data/lms_loan_daily.csv,2023-04-01
CUS_0xabc0_2023_04_01,CUS_0xabc0,1/4/2023,10,0,10000,0,0,0,10000,1/4/2023,2023-04-01,2025-11-09 09:09:26.788698,data/lms_loan_daily.csv,2023-04-01
CUS_0xabea_2023_04_01,CUS_0xabea,1/4/2023,10,0,10000,0,0,0,10000,1/4/2023,2023-04-01,2025-11-09 09:09:26.788698,data/lms_loan_daily.csv,2023-04-01
CUS_0xabed_2023_04_01,CUS_0xabed,1/4/2023,10,0,10000,0,0,0,10000,1/4/2023,2023-04-01,2025-11-09 09:09:26.788698,data/lms_loan_daily.csv,2023-04-01
CUS_0xabf2_2023_01_01,CUS_0xabf2,1/1/2023,10,3,10000,1000,1000,0,7000,1/4/2023,2023-04-01,2025-11-09 09:09:26.788698,data/lms_loan_daily.csv,2023-04-01
CUS_0xabf6_2023_03_01,CUS_0xabf6,1/3/2023,10,1,10000,1000,1000,0,9000,1/4/2023,2023-04-01,2025-11-09 09:09:26.788698,data/lms_loan_daily.csv,2023-04-01
CUS_0xabff_2023_02_01,CUS_0xabff,1/2/2023,10,2,10000,1000,1000,0,8000,1/4/2023,2023-04-01,2025-11-09 09:09:26.788698,data/lms_loan_daily.csv,2023-04-01
CUS_0xac14_2023_02_01,CUS_0xac14,1/2/2023,10,2,10000,1000,1000,0,8000,1/4/2023,2023-04-01,2025-11-09 09:09:26.788698,data/lms_loan_daily.csv,2023-04-01
CUS_0xac20_2023_04_01,CUS_0xac20,1/4/2023,10,0,10000,0,0,0,10000,1/4/2023,2023-04-01,2025-11-09 09:09:26.788698,data/lms_loan_daily.csv,2023-04-01
CUS_0xac46_2023_01_01,CUS_0xac46,1/1/2023,10,3,10000,1000,0,2000,9000,1/4/2023,2023-04-01,2025-11-09 09:09:26.788698,data/lms_loan_daily.csv,2023-04-01
CUS_0xac51_2023_04_01,CUS_0xac51,1/4/2023,10,0,10000,0,0,0,10000,1/4/2023,2023-04-01,2025-11-09 09:09:26.788698,data/lms_loan_daily.csv,2023-04-01
CUS_0xac58_2023_04_01,CUS_0xac58,1/4/2023,10,0,10000,0,0,0,10000,1/4/2023,2023-04-01,2025-11-09 09:09:26.788698,data/lms_loan_daily.csv,2023-04-01
CUS_0xac5c_2023_03_01,CUS_0xac5c,1/3/2023,10,1,10000,1000,1000,0,9000,1/4/2023,2023-04-01,2025-11-09 09:09:26.788698,data/lms_loan_daily.csv,2023-04-01
CUS_0xac7c_2023_01_01,CUS_0xac7c,1/1/2023,10,3,10000,1000,0,1000,8000,1/4/2023,2023-04-01,2025-11-09 09:09:26.788698,data/lms_loan_daily.csv,2023-04-01
CUS_0xac7e_2023_02_01,CUS_0xac7e,1/2/2023,10,2,10000,1000,1000,0,8000,1/4/2023,2023-04-01,2025-11-09 09:09:26.788698,data/lms_loan_daily.csv,2023-04-01
CUS_0xac95_2023_03_01,CUS_0xac95,1/3/2023,10,1,10000,1000,1000,0,9000,1/4/2023,2023-04-01,2025-11-09 09:09:26.788698,data/lms_loan_daily.csv,2023-04-01
CUS_0xaca7_2023_01_01,CUS_0xaca7,1/1/2023,10,3,10000,1000,1000,0,7000,1/4/2023,2023-04-01,2025-11-09 09:09:26.788698,data/lms_loan_daily.csv,2023-04-01
CUS_0xacab_2023_01_01,CUS_0xacab,1/1/2023,10,3,10000,1000,1000,0,7000,1/4/2023,2023-04-01,2025-11-09 09:09:26.788698,data/lms_loan_daily.csv,2023-04-01
CUS_0xacd4_2023_03_01,CUS_0xacd4,1/3/2023,10,1,10000,1000,1000,0,9000,1/4/2023,2023-04-01,2025-11-09 09:09:26.788698,data/lms_loan_daily.csv,2023-04-01
CUS_0xacfa_2023_01_01,CUS_0xacfa,1/1/2023,10,3,10000,1000,2000,0,7000,1/4/2023,2023-04-01,2025-11-09 09:09:26.788698,data/lms_loan_daily.csv,2023-04-01
CUS_0xad13_2023_01_01,CUS_0xad13,1/1/2023,10,3,10000,1000,1000,0,7000,1/4/2023,2023-04-01,2025-11-09 09:09:26.788698,data/lms_loan_daily.csv,2023-04-01
CUS_0xad1d_2023_01_01,CUS_0xad1d,1/1/2023,10,3,10000,1000,1000,0,7000,1/4/2023,2023-04-01,2025-11-09 09:09:26.788698,data/lms_loan_daily.csv,2023-04-01
CUS_0xad31_2023_04_01,CUS_0xad31,1/4/2023,10,0,10000,0,0,0,10000,1/4/2023,2023-04-01,2025-11-09 09:09:26.788698,data/lms_loan_daily.csv,2023-04-01
CUS_0xad7e_2023_03_01,CUS_0xad7e,1/3/2023,10,1,10000,1000,1000,0,9000,1/4/2023,2023-04-01,2025-11-09 09:09:26.788698,data/lms_loan_daily.csv,2023-04-01
CUS_0xad87_2023_03_01,CUS_0xad87,1/3/2023,10,1,10000,1000,0,1000,10000,1/4/2023,2023-04-01,2025-11-09 09:09:26.788698,data/lms_loan_daily.csv,2023-04-01
CUS_0xad90_2023_01_01,CUS_0xad90,1/1/2023,10,3,10000,1000,1000,0,7000,1/4/2023,2023-04-01,2025-11-09 09:09:26.788698,data/lms_loan_daily.csv,2023-04-01
CUS_0xad9d_2023_02_01,CUS_0xad9d,1/2/2023,10,2,10000,1000,1000,0,8000,1/4/2023,2023-04-01,2025-11-09 09:09:26.788698,data/lms_loan_daily.csv,2023-04-01
CUS_0xadad_2023_04_01,CUS_0xadad,1/4/2023,10,0,10000,0,0,0,10000,1/4/2023,2023-04-01,2025-11-09 09:09:26.788698,data/lms_loan_daily.csv,2023-04-01
CUS_0xadb2_2023_01_01,CUS_0xadb2,1/1/2023,10,3,10000,1000,1000,0,7000,1/4/2023,2023-04-01,2025-11-09 09:09:26.788698,data/lms_loan_daily.csv,2023-04-01
CUS_0xadb5_2023_04_01,CUS_0xadb5,1/4/2023,10,0,10000,0,0,0,10000,1/4/2023,2023-04-01,2025-11-09 09:09:26.788698,data/lms_loan_daily.csv,2023-04-01
CUS_0xadb7_2023_02_01,CUS_0xadb7,1/2/2023,10,2,10000,1000,1000,0,8000,1/4/2023,2023-04-01,2025-11-09 09:09:26.788698,data/lms_loan_daily.csv,2023-04-01
CUS_0xadb8_2023_01_01,CUS_0xadb8,1/1/2023,10,3,10000,1000,1000,0,7000,1/4/2023,2023-04-01,2025-11-09 09:09:26.788698,data/lms_loan_daily.csv,2023-04-01
CUS_0xadd2_2023_04_01,CUS_0xadd2,1/4/2023,10,0,10000,0,0,0,10000,1/4/2023,2023-04-01,2025-11-09 09:09:26.788698,data/lms_loan_daily.csv,2023-04-01
CUS_0xae03_2023_04_01,CUS_0xae03,1/4/2023,10,0,10000,0,0,0,10000,1/4/2023,2023-04-01,2025-11-09 09:09:26.788698,data/lms_loan_daily.csv,2023-04-01
CUS_0xae09_2023_02_01,CUS_0xae09,1/2/2023,10,2,10000,1000,1000,0,8000,1/4/2023,2023-04-01,2025-11-09 09:09:26.788698,data/lms_loan_daily.csv,2023-04-01
CUS_0xae2e_2023_03_01,CUS_0xae2e,1/3/2023,10,1,10000,1000,1000,0,9000,1/4/2023,2023-04-01,2025-11-09 09:09:26.788698,data/lms_loan_daily.csv,2023-04-01
CUS_0xae47_2023_03_01,CUS_0xae47,1/3/2023,10,1,10000,1000,1000,0,9000,1/4/2023,2023-04-01,2025-11-09 09:09:26.788698,data/lms_loan_daily.csv,2023-04-01
CUS_0xae51_2023_01_01,CUS_0xae51,1/1/2023,10,3,10000,1000,1000,0,7000,1/4/2023,2023-04-01,2025-11-09 09:09:26.788698,data/lms_loan_daily.csv,2023-04-01
CUS_0xae58_2023_02_01,CUS_0xae58,1/2/2023,10,2,10000,1000,0,1000,9000,1/4/2023,2023-04-01,2025-11-09 09:09:26.788698,data/lms_loan_daily.csv,2023-04-01
CUS_0xae6a_2023_01_01,CUS_0xae6a,1/1/2023,10,3,10000,1000,1000,0,7000,1/4/2023,2023-04-01,2025-11-09 09:09:26.788698,data/lms_loan_daily.csv,2023-04-01
CUS_0xae70_2023_04_01,CUS_0xae70,1/4/2023,10,0,10000,0,0,0,10000,1/4/2023,2023-04-01,2025-11-09 09:09:26.788698,data/lms_loan_daily.csv,2023-04-01
CUS_0xae75_2023_04_01,CUS_0xae75,1/4/2023,10,0,10000,0,0,0,10000,1/4/2023,2023-04-01,2025-11-09 09:09:26.788698,data/lms_loan_daily.csv,2023-04-01
CUS_0xae7d_2023_01_01,CUS_0xae7d,1/1/2023,10,3,10000,1000,1000,0,7000,1/4/2023,2023-04-01,2025-11-09 09:09:26.788698,data/lms_loan_daily.csv,2023-04-01
CUS_0xae9e_2023_01_01,CUS_0xae9e,1/1/2023,10,3,10000,1000,1000,0,7000,1/4/2023,2023-04-01,2025-11-09 09:09:26.788698,data/lms_loan_daily.csv,2023-04-01
CUS_0xaebc_2023_01_01,CUS_0xaebc,1/1/2023,10,3,10000,1000,1000,0,7000,1/4/2023,2023-04-01,2025-11-09 09:09:26.788698,data/lms_loan_daily.csv,2023-04-01
CUS_0xaed2_2023_03_01,CUS_0xaed2,1/3/2023,10,1,10000,1000,0,1000,10000,1/4/2023,2023-04-01,2025-11-09 09:09:26.788698,data/lms_loan_daily.csv,2023-04-01
CUS_0xaedb_2023_02_01,CUS_0xaedb,1/2/2023,10,2,10000,1000,1000,0,8000,1/4/2023,2023-04-01,2025-11-09 09:09:26.788698,data/lms_loan_daily.csv,2023-04-01
CUS_0xaef8_2023_03_01,CUS_0xaef8,1/3/2023,10,1,10000,1000,1000,0,9000,1/4/2023,2023-04-01,2025-11-09 09:09:26.788698,data/lms_loan_daily.csv,2023-04-01
CUS_0xaf09_2023_01_01,CUS_0xaf09,1/1/2023,10,3,10000,1000,1000,0,7000,1/4/2023,2023-04-01,2025-11-09 09:09:26.788698,data/lms_loan_daily.csv,2023-04-01
CUS_0xaf14_2023_04_01,CUS_0xaf14,1/4/2023,10,0,10000,0,0,0,10000,1/4/2023,2023-04-01,2025-11-09 09:09:26.788698,data/lms_loan_daily.csv,2023-04-01
CUS_0xaf16_2023_04_01,CUS_0xaf16,1/4/2023,10,0,10000,0,0,0,10000,1/4/2023,2023-04-01,2025-11-09 09:09:26.788698,data/lms_loan_daily.csv,2023-04-01
CUS_0xaf6_2023_04_01,CUS_0xaf6,1/4/2023,10,0,10000,0,0,0,10000,1/4/2023,2023-04-01,2025-11-09 09:09:26.788698,data/lms_loan_daily.csv,2023-04-01
CUS_0xaf67_2023_02_01,CUS_0xaf67,1/2/2023,10,2,10000,1000,1000,0,8000,1/4/2023,2023-04-01,2025-11-09 09:09:26.788698,data/lms_loan_daily.csv,2023-04-01
CUS_0xaf75_2023_02_01,CUS_0xaf75,1/2/2023,10,2,10000,1000,0,1000,9000,1/4/2023,2023-04-01,2025-11-09 09:09:26.788698,data/lms_loan_daily.csv,2023-04-01
CUS_0xaf99_2023_04_01,CUS_0xaf99,1/4/2023,10,0,10000,0,0,0,10000,1/4/2023,2023-04-01,2025-11-09 09:09:26.788698,data/lms_loan_daily.csv,2023-04-01
CUS_0xafa8_2023_02_01,CUS_0xafa8,1/2/2023,10,2,10000,1000,1000,0,8000,1/4/2023,2023-04-01,2025-11-09 09:09:26.788698,data/lms_loan_daily.csv,2023-04-01
CUS_0xafb5_2023_01_01,CUS_0xafb5,1/1/2023,10,3,10000,1000,1000,0,7000,1/4/2023,2023-04-01,2025-11-09 09:09:26.788698,data/lms_loan_daily.csv,2023-04-01
CUS_0xafcd_2023_04_01,CUS_0xafcd,1/4/2023,10,0,10000,0,0,0,10000,1/4/2023,2023-04-01,2025-11-09 09:09:26.788698,data/lms_loan_daily.csv,2023-04-01
CUS_0xafd1_2023_02_01,CUS_0xafd1,1/2/2023,10,2,10000,1000,1000,0,8000,1/4/2023,2023-04-01,2025-11-09 09:09:26.788698,data/lms_loan_daily.csv,2023-04-01
CUS_0xafda_2023_03_01,CUS_0xafda,1/3/2023,10,1,10000,1000,1000,0,9000,1/4/2023,2023-04-01,2025-11-09 09:09:26.788698,data/lms_loan_daily.csv,2023-04-01
CUS_0xb001_2023_04_01,CUS_0xb001,1/4/2023,10,0,10000,0,0,0,10000,1/4/2023,2023-04-01,2025-11-09 09:09:26.788698,data/lms_loan_daily.csv,2023-04-01
CUS_0xb012_2023_04_01,CUS_0xb012,1/4/2023,10,0,10000,0,0,0,10000,1/4/2023,2023-04-01,2025-11-09 09:09:26.788698,data/lms_loan_daily.csv,2023-04-01
CUS_0xb01a_2023_04_01,CUS_0xb01a,1/4/2023,10,0,10000,0,0,0,10000,1/4/2023,2023-04-01,2025-11-09 09:09:26.788698,data/lms_loan_daily.csv,2023-04-01
CUS_0xb023_2023_02_01,CUS_0xb023,1/2/2023,10,2,10000,1000,1000,0,8000,1/4/2023,2023-04-01,2025-11-09 09:09:26.788698,data/lms_loan_daily.csv,2023-04-01
CUS_0xb029_2023_03_01,CUS_0xb029,1/3/2023,10,1,10000,1000,1000,0,9000,1/4/2023,2023-04-01,2025-11-09 09:09:26.788698,data/lms_loan_daily.csv,2023-04-01
CUS_0xb031_2023_03_01,CUS_0xb031,1/3/2023,10,1,10000,1000,1000,0,9000,1/4/2023,2023-04-01,2025-11-09 09:09:26.788698,data/lms_loan_daily.csv,2023-04-01
CUS_0xb05a_2023_02_01,CUS_0xb05a,1/2/2023,10,2,10000,1000,1000,0,8000,1/4/2023,2023-04-01,2025-11-09 09:09:26.788698,data/lms_loan_daily.csv,2023-04-01
CUS_0xb07d_2023_03_01,CUS_0xb07d,1/3/2023,10,1,10000,1000,0,1000,10000,1/4/2023,2023-04-01,2025-11-09 09:09:26.788698,data/lms_loan_daily.csv,2023-04-01
CUS_0xb080_2023_04_01,CUS_0xb080,1/4/2023,10,0,10000,0,0,0,10000,1/4/2023,2023-04-01,2025-11-09 09:09:26.788698,data/lms_loan_daily.csv,2023-04-01
CUS_0xb0bd_2023_01_01,CUS_0xb0bd,1/1/2023,10,3,10000,1000,1000,0,7000,1/4/2023,2023-04-01,2025-11-09 09:09:26.788698,data/lms_loan_daily.csv,2023-04-01
CUS_0xb0c4_2023_01_01,CUS_0xb0c4,1/1/2023,10,3,10000,1000,0,2000,9000,1/4/2023,2023-04-01,2025-11-09 09:09:26.788698,data/lms_loan_daily.csv,2023-04-01
CUS_0xb0e4_2023_01_01,CUS_0xb0e4,1/1/2023,10,3,10000,1000,1000,0,7000,1/4/2023,2023-04-01,2025-11-09 09:09:26.788698,data/lms_loan_daily.csv,2023-04-01
CUS_0xb121_2023_04_01,CUS_0xb121,1/4/2023,10,0,10000,0,0,0,10000,1/4/2023,2023-04-01,2025-11-09 09:09:26.788698,data/lms_loan_daily.csv,2023-04-01
CUS_0xb127_2023_02_01,CUS_0xb127,1/2/2023,10,2,10000,1000,1000,0,8000,1/4/2023,2023-04-01,2025-11-09 09:09:26.788698,data/lms_loan_daily.csv,2023-04-01
CUS_0xb130_2023_03_01,CUS_0xb130,1/3/2023,10,1,10000,1000,1000,0,9000,1/4/2023,2023-04-01,2025-11-09 09:09:26.788698,data/lms_loan_daily.csv,2023-04-01
CUS_0xb144_2023_02_01,CUS_0xb144,1/2/2023,10,2,10000,1000,1000,0,8000,1/4/2023,2023-04-01,2025-11-09 09:09:26.788698,data/lms_loan_daily.csv,2023-04-01
CUS_0xb153_2023_03_01,CUS_0xb153,1/3/2023,10,1,10000,1000,1000,0,9000,1/4/2023,2023-04-01,2025-11-09 09:09:26.788698,data/lms_loan_daily.csv,2023-04-01
CUS_0xb187_2023_04_01,CUS_0xb187,1/4/2023,10,0,10000,0,0,0,10000,1/4/2023,2023-04-01,2025-11-09 09:09:26.788698,data/lms_loan_daily.csv,2023-04-01
CUS_0xb1a0_2023_03_01,CUS_0xb1a0,1/3/2023,10,1,10000,1000,1000,0,9000,1/4/2023,2023-04-01,2025-11-09 09:09:26.788698,data/lms_loan_daily.csv,2023-04-01
CUS_0xb1ca_2023_03_01,CUS_0xb1ca,1/3/2023,10,1,10000,1000,1000,0,9000,1/4/2023,2023-04-01,2025-11-09 09:09:26.788698,data/lms_loan_daily.csv,2023-04-01
CUS_0xb1d5_2023_04_01,CUS_0xb1d5,1/4/2023,10,0,10000,0,0,0,10000,1/4/2023,2023-04-01,2025-11-09 09:09:26.788698,data/lms_loan_daily.csv,2023-04-01
CUS_0xb1f5_2023_01_01,CUS_0xb1f5,1/1/2023,10,3,10000,1000,1000,0,7000,1/4/2023,2023-04-01,2025-11-09 09:09:26.788698,data/lms_loan_daily.csv,2023-04-01
CUS_0xb1f6_2023_03_01,CUS_0xb1f6,1/3/2023,10,1,10000,1000,1000,0,9000,1/4/2023,2023-04-01,2025-11-09 09:09:26.788698,data/lms_loan_daily.csv,2023-04-01
CUS_0xb217_2023_04_01,CUS_0xb217,1/4/2023,10,0,10000,0,0,0,10000,1/4/2023,2023-04-01,2025-11-09 09:09:26.788698,data/lms_loan_daily.csv,2023-04-01
CUS_0xb220_2023_01_01,CUS_0xb220,1/1/2023,10,3,10000,1000,0,2000,9000,1/4/2023,2023-04-01,2025-11-09 09:09:26.788698,data/lms_loan_daily.csv,2023-04-01
CUS_0xb25e_2023_02_01,CUS_0xb25e,1/2/2023,10,2,10000,1000,1000,0,8000,1/4/2023,2023-04-01,2025-11-09 09:09:26.788698,data/lms_loan_daily.csv,2023-04-01
CUS_0xb264_2023_02_01,CUS_0xb264,1/2/2023,10,2,10000,1000,1000,0,8000,1/4/2023,2023-04-01,2025-11-09 09:09:26.788698,data/lms_loan_daily.csv,2023-04-01
CUS_0xb28a_2023_02_01,CUS_0xb28a,1/2/2023,10,2,10000,1000,1000,0,8000,1/4/2023,2023-04-01,2025-11-09 09:09:26.788698,data/lms_loan_daily.csv,2023-04-01
CUS_0xb2a9_2023_03_01,CUS_0xb2a9,1/3/2023,10,1,10000,1000,1000,0,9000,1/4/2023,2023-04-01,2025-11-09 09:09:26.788698,data/lms_loan_daily.csv,2023-04-01
CUS_0xb2b8_2023_01_01,CUS_0xb2b8,1/1/2023,10,3,10000,1000,1000,0,7000,1/4/2023,2023-04-01,2025-11-09 09:09:26.788698,data/lms_loan_daily.csv,2023-04-01
CUS_0xb2fc_2023_04_01,CUS_0xb2fc,1/4/2023,10,0,10000,0,0,0,10000,1/4/2023,2023-04-01,2025-11-09 09:09:26.788698,data/lms_loan_daily.csv,2023-04-01
CUS_0xb32a_2023_04_01,CUS_0xb32a,1/4/2023,10,0,10000,0,0,0,10000,1/4/2023,2023-04-01,2025-11-09 09:09:26.788698,data/lms_loan_daily.csv,2023-04-01
CUS_0xb32c_2023_02_01,CUS_0xb32c,1/2/2023,10,2,10000,1000,1000,0,8000,1/4/2023,2023-04-01,2025-11-09 09:09:26.788698,data/lms_loan_daily.csv,2023-04-01
CUS_0xb33a_2023_04_01,CUS_0xb33a,1/4/2023,10,0,10000,0,0,0,10000,1/4/2023,2023-04-01,2025-11-09 09:09:26.788698,data/lms_loan_daily.csv,2023-04-01
CUS_0xb351_2023_04_01,CUS_0xb351,1/4/2023,10,0,10000,0,0,0,10000,1/4/2023,2023-04-01,2025-11-09 09:09:26.788698,data/lms_loan_daily.csv,2023-04-01
CUS_0xb35f_2023_04_01,CUS_0xb35f,1/4/2023,10,0,10000,0,0,0,10000,1/4/2023,2023-04-01,2025-11-09 09:09:26.788698,data/lms_loan_daily.csv,2023-04-01
CUS_0xb378_2023_03_01,CUS_0xb378,1/3/2023,10,1,10000,1000,1000,0,9000,1/4/2023,2023-04-01,2025-11-09 09:09:26.788698,data/lms_loan_daily.csv,2023-04-01
CUS_0xb381_2023_01_01,CUS_0xb381,1/1/2023,10,3,10000,1000,1000,0,7000,1/4/2023,2023-04-01,2025-11-09 09:09:26.788698,data/lms_loan_daily.csv,2023-04-01
CUS_0xb39_2023_02_01,CUS_0xb39,1/2/2023,10,2,10000,1000,1000,0,8000,1/4/2023,2023-04-01,2025-11-09 09:09:26.788698,data/lms_loan_daily.csv,2023-04-01
CUS_0xb3a_2023_04_01,CUS_0xb3a,1/4/2023,10,0,10000,0,0,0,10000,1/4/2023,2023-04-01,2025-11-09 09:09:26.788698,data/lms_loan_daily.csv,2023-04-01
CUS_0xb3aa_2023_03_01,CUS_0xb3aa,1/3/2023,10,1,10000,1000,1000,0,9000,1/4/2023,2023-04-01,2025-11-09 09:09:26.788698,data/lms_loan_daily.csv,2023-04-01
CUS_0xb3f4_2023_01_01,CUS_0xb3f4,1/1/2023,10,3,10000,1000,1000,0,7000,1/4/2023,2023-04-01,2025-11-09 09:09:26.788698,data/lms_loan_daily.csv,2023-04-01
CUS_0xb403_2023_01_01,CUS_0xb403,1/1/2023,10,3,10000,1000,1000,0,7000,1/4/2023,2023-04-01,2025-11-09 09:09:26.788698,data/lms_loan_daily.csv,2023-04-01
CUS_0xb41f_2023_01_01,CUS_0xb41f,1/1/2023,10,3,10000,1000,1000,0,7000,1/4/2023,2023-04-01,2025-11-09 09:09:26.788698,data/lms_loan_daily.csv,2023-04-01
CUS_0xb424_2023_01_01,CUS_0xb424,1/1/2023,10,3,10000,1000,1000,0,7000,1/4/2023,2023-04-01,2025-11-09 09:09:26.788698,data/lms_loan_daily.csv,2023-04-01
CUS_0xb428_2023_02_01,CUS_0xb428,1/2/2023,10,2,10000,1000,1000,0,8000,1/4/2023,2023-04-01,2025-11-09 09:09:26.788698,data/lms_loan_daily.csv,2023-04-01
CUS_0xb433_2023_02_01,CUS_0xb433,1/2/2023,10,2,10000,1000,1000,0,8000,1/4/2023,2023-04-01,2025-11-09 09:09:26.788698,data/lms_loan_daily.csv,2023-04-01
CUS_0xb437_2023_01_01,CUS_0xb437,1/1/2023,10,3,10000,1000,1000,0,7000,1/4/2023,2023-04-01,2025-11-09 09:09:26.788698,data/lms_loan_daily.csv,2023-04-01
CUS_0xb46_2023_01_01,CUS_0xb46,1/1/2023,10,3,10000,1000,1000,0,7000,1/4/2023,2023-04-01,2025-11-09 09:09:26.788698,data/lms_loan_daily.csv,2023-04-01
CUS_0xb462_2023_03_01,CUS_0xb462,1/3/2023,10,1,10000,1000,1000,0,9000,1/4/2023,2023-04-01,2025-11-09 09:09:26.788698,data/lms_loan_daily.csv,2023-04-01
CUS_0xb471_2023_03_01,CUS_0xb471,1/3/2023,10,1,10000,1000,0,1000,10000,1/4/2023,2023-04-01,2025-11-09 09:09:26.788698,data/lms_loan_daily.csv,2023-04-01
CUS_0xb499_2023_04_01,CUS_0xb499,1/4/2023,10,0,10000,0,0,0,10000,1/4/2023,2023-04-01,2025-11-09 09:09:26.788698,data/lms_loan_daily.csv,2023-04-01
CUS_0xb4bc_2023_02_01,CUS_0xb4bc,1/2/2023,10,2,10000,1000,1000,0,8000,1/4/2023,2023-04-01,2025-11-09 09:09:26.788698,data/lms_loan_daily.csv,2023-04-01
CUS_0xb4c1_2023_02_01,CUS_0xb4c1,1/2/2023,10,2,10000,1000,1000,0,8000,1/4/2023,2023-04-01,2025-11-09 09:09:26.788698,data/lms_loan_daily.csv,2023-04-01
CUS_0xb4d3_2023_04_01,CUS_0xb4d3,1/4/2023,10,0,10000,0,0,0,10000,1/4/2023,2023-04-01,2025-11-09 09:09:26.788698,data/lms_loan_daily.csv,2023-04-01
CUS_0xb4d8_2023_01_01,CUS_0xb4d8,1/1/2023,10,3,10000,1000,1000,0,7000,1/4/2023,2023-04-01,2025-11-09 09:09:26.788698,data/lms_loan_daily.csv,2023-04-01
CUS_0xb508_2023_03_01,CUS_0xb508,1/3/2023,10,1,10000,1000,1000,0,9000,1/4/2023,2023-04-01,2025-11-09 09:09:26.788698,data/lms_loan_daily.csv,2023-04-01
CUS_0xb51c_2023_01_01,CUS_0xb51c,1/1/2023,10,3,10000,1000,1000,0,7000,1/4/2023,2023-04-01,2025-11-09 09:09:26.788698,data/lms_loan_daily.csv,2023-04-01
CUS_0xb538_2023_03_01,CUS_0xb538,1/3/2023,10,1,10000,1000,1000,0,9000,1/4/2023,2023-04-01,2025-11-09 09:09:26.788698,data/lms_loan_daily.csv,2023-04-01
CUS_0xb545_2023_04_01,CUS_0xb545,1/4/2023,10,0,10000,0,0,0,10000,1/4/2023,2023-04-01,2025-11-09 09:09:26.788698,data/lms_loan_daily.csv,2023-04-01
CUS_0xb548_2023_02_01,CUS_0xb548,1/2/2023,10,2,10000,1000,1000,0,8000,1/4/2023,2023-04-01,2025-11-09 09:09:26.788698,data/lms_loan_daily.csv,2023-04-01
CUS_0xb575_2023_02_01,CUS_0xb575,1/2/2023,10,2,10000,1000,2000,0,8000,1/4/2023,2023-04-01,2025-11-09 09:09:26.788698,data/lms_loan_daily.csv,2023-04-01
CUS_0xb5d7_2023_03_01,CUS_0xb5d7,1/3/2023,10,1,10000,1000,1000,0,9000,1/4/2023,2023-04-01,2025-11-09 09:09:26.788698,data/lms_loan_daily.csv,2023-04-01
CUS_0xb5ff_2023_03_01,CUS_0xb5ff,1/3/2023,10,1,10000,1000,1000,0,9000,1/4/2023,2023-04-01,2025-11-09 09:09:26.788698,data/lms_loan_daily.csv,2023-04-01
CUS_0xb61a_2023_02_01,CUS_0xb61a,1/2/2023,10,2,10000,1000,1000,0,8000,1/4/2023,2023-04-01,2025-11-09 09:09:26.788698,data/lms_loan_daily.csv,2023-04-01
CUS_0xb634_2023_03_01,CUS_0xb634,1/3/2023,10,1,10000,1000,0,1000,10000,1/4/2023,2023-04-01,2025-11-09 09:09:26.788698,data/lms_loan_daily.csv,2023-04-01
CUS_0xb63e_2023_04_01,CUS_0xb63e,1/4/2023,10,0,10000,0,0,0,10000,1/4/2023,2023-04-01,2025-11-09 09:09:26.788698,data/lms_loan_daily.csv,2023-04-01
CUS_0xb644_2023_04_01,CUS_0xb644,1/4/2023,10,0,10000,0,0,0,10000,1/4/2023,2023-04-01,2025-11-09 09:09:26.788698,data/lms_loan_daily.csv,2023-04-01
CUS_0xb645_2023_03_01,CUS_0xb645,1/3/2023,10,1,10000,1000,1000,0,9000,1/4/2023,2023-04-01,2025-11-09 09:09:26.788698,data/lms_loan_daily.csv,2023-04-01
CUS_0xb64a_2023_01_01,CUS_0xb64a,1/1/2023,10,3,10000,1000,1000,0,7000,1/4/2023,2023-04-01,2025-11-09 09:09:26.788698,data/lms_loan_daily.csv,2023-04-01
CUS_0xb65f_2023_02_01,CUS_0xb65f,1/2/2023,10,2,10000,1000,2000,0,8000,1/4/2023,2023-04-01,2025-11-09 09:09:26.788698,data/lms_loan_daily.csv,2023-04-01
CUS_0xb662_2023_01_01,CUS_0xb662,1/1/2023,10,3,10000,1000,1000,0,7000,1/4/2023,2023-04-01,2025-11-09 09:09:26.788698,data/lms_loan_daily.csv,2023-04-01
CUS_0xb67c_2023_01_01,CUS_0xb67c,1/1/2023,10,3,10000,1000,1000,0,7000,1/4/2023,2023-04-01,2025-11-09 09:09:26.788698,data/lms_loan_daily.csv,2023-04-01
CUS_0xb685_2023_01_01,CUS_0xb685,1/1/2023,10,3,10000,1000,1000,0,7000,1/4/2023,2023-04-01,2025-11-09 09:09:26.788698,data/lms_loan_daily.csv,2023-04-01
CUS_0xb689_2023_03_01,CUS_0xb689,1/3/2023,10,1,10000,1000,1000,0,9000,1/4/2023,2023-04-01,2025-11-09 09:09:26.788698,data/lms_loan_daily.csv,2023-04-01
CUS_0xb6b_2023_02_01,CUS_0xb6b,1/2/2023,10,2,10000,1000,1000,0,8000,1/4/2023,2023-04-01,2025-11-09 09:09:26.788698,data/lms_loan_daily.csv,2023-04-01
CUS_0xb6b1_2023_03_01,CUS_0xb6b1,1/3/2023,10,1,10000,1000,1000,0,9000,1/4/2023,2023-04-01,2025-11-09 09:09:26.788698,data/lms_loan_daily.csv,2023-04-01
CUS_0xb6e3_2023_01_01,CUS_0xb6e3,1/1/2023,10,3,10000,1000,1000,0,7000,1/4/2023,2023-04-01,2025-11-09 09:09:26.788698,data/lms_loan_daily.csv,2023-04-01
CUS_0xb704_2023_03_01,CUS_0xb704,1/3/2023,10,1,10000,1000,1000,0,9000,1/4/2023,2023-04-01,2025-11-09 09:09:26.788698,data/lms_loan_daily.csv,2023-04-01
CUS_0xb73_2023_01_01,CUS_0xb73,1/1/2023,10,3,10000,1000,0,1000,8000,1/4/2023,2023-04-01,2025-11-09 09:09:26.788698,data/lms_loan_daily.csv,2023-04-01
CUS_0xb732_2023_04_01,CUS_0xb732,1/4/2023,10,0,10000,0,0,0,10000,1/4/2023,2023-04-01,2025-11-09 09:09:26.788698,data/lms_loan_daily.csv,2023-04-01
CUS_0xb742_2023_02_01,CUS_0xb742,1/2/2023,10,2,10000,1000,1000,0,8000,1/4/2023,2023-04-01,2025-11-09 09:09:26.788698,data/lms_loan_daily.csv,2023-04-01
CUS_0xb745_2023_01_01,CUS_0xb745,1/1/2023,10,3,10000,1000,1000,0,7000,1/4/2023,2023-04-01,2025-11-09 09:09:26.788698,data/lms_loan_daily.csv,2023-04-01
CUS_0xb749_2023_02_01,CUS_0xb749,1/2/2023,10,2,10000,1000,2000,0,8000,1/4/2023,2023-04-01,2025-11-09 09:09:26.788698,data/lms_loan_daily.csv,2023-04-01
CUS_0xb74c_2023_03_01,CUS_0xb74c,1/3/2023,10,1,10000,1000,0,1000,10000,1/4/2023,2023-04-01,2025-11-09 09:09:26.788698,data/lms_loan_daily.csv,2023-04-01
CUS_0xb767_2023_02_01,CUS_0xb767,1/2/2023,10,2,10000,1000,1000,0,8000,1/4/2023,2023-04-01,2025-11-09 09:09:26.788698,data/lms_loan_daily.csv,2023-04-01
CUS_0xb786_2023_02_01,CUS_0xb786,1/2/2023,10,2,10000,1000,1000,0,8000,1/4/2023,2023-04-01,2025-11-09 09:09:26.788698,data/lms_loan_daily.csv,2023-04-01
CUS_0xb793_2023_03_01,CUS_0xb793,1/3/2023,10,1,10000,1000,1000,0,9000,1/4/2023,2023-04-01,2025-11-09 09:09:26.788698,data/lms_loan_daily.csv,2023-04-01
CUS_0xb798_2023_04_01,CUS_0xb798,1/4/2023,10,0,10000,0,0,0,10000,1/4/2023,2023-04-01,2025-11-09 09:09:26.788698,data/lms_loan_daily.csv,2023-04-01
CUS_0xb7df_2023_02_01,CUS_0xb7df,1/2/2023,10,2,10000,1000,1000,0,8000,1/4/2023,2023-04-01,2025-11-09 09:09:26.788698,data/lms_loan_daily.csv,2023-04-01
CUS_0xb7f1_2023_03_01,CUS_0xb7f1,1/3/2023,10,1,10000,1000,1000,0,9000,1/4/2023,2023-04-01,2025-11-09 09:09:26.788698,data/lms_loan_daily.csv,2023-04-01
CUS_0xb7fa_2023_04_01,CUS_0xb7fa,1/4/2023,10,0,10000,0,0,0,10000,1/4/2023,2023-04-01,2025-11-09 09:09:26.788698,data/lms_loan_daily.csv,2023-04-01
CUS_0xb804_2023_03_01,CUS_0xb804,1/3/2023,10,1,10000,1000,1000,0,9000,1/4/2023,2023-04-01,2025-11-09 09:09:26.788698,data/lms_loan_daily.csv,2023-04-01
CUS_0xb81c_2023_04_01,CUS_0xb81c,1/4/2023,10,0,10000,0,0,0,10000,1/4/2023,2023-04-01,2025-11-09 09:09:26.788698,data/lms_loan_daily.csv,2023-04-01
CUS_0xb825_2023_04_01,CUS_0xb825,1/4/2023,10,0,10000,0,0,0,10000,1/4/2023,2023-04-01,2025-11-09 09:09:26.788698,data/lms_loan_daily.csv,2023-04-01
CUS_0xb875_2023_01_01,CUS_0xb875,1/1/2023,10,3,10000,1000,1000,0,7000,1/4/2023,2023-04-01,2025-11-09 09:09:26.788698,data/lms_loan_daily.csv,2023-04-01
CUS_0xb891_2023_03_01,CUS_0xb891,1/3/2023,10,1,10000,1000,1000,0,9000,1/4/2023,2023-04-01,2025-11-09 09:09:26.788698,data/lms_loan_daily.csv,2023-04-01
CUS_0xb8b9_2023_01_01,CUS_0xb8b9,1/1/2023,10,3,10000,1000,0,1000,8000,1/4/2023,2023-04-01,2025-11-09 09:09:26.788698,data/lms_loan_daily.csv,2023-04-01
CUS_0xb8d4_2023_03_01,CUS_0xb8d4,1/3/2023,10,1,10000,1000,1000,0,9000,1/4/2023,2023-04-01,2025-11-09 09:09:26.788698,data/lms_loan_daily.csv,2023-04-01
CUS_0xb8de_2023_04_01,CUS_0xb8de,1/4/2023,10,0,10000,0,0,0,10000,1/4/2023,2023-04-01,2025-11-09 09:09:26.788698,data/lms_loan_daily.csv,2023-04-01
CUS_0xb8e_2023_02_01,CUS_0xb8e,1/2/2023,10,2,10000,1000,1000,0,8000,1/4/2023,2023-04-01,2025-11-09 09:09:26.788698,data/lms_loan_daily.csv,2023-04-01
CUS_0xb8f7_2023_02_01,CUS_0xb8f7,1/2/2023,10,2,10000,1000,1000,0,8000,1/4/2023,2023-04-01,2025-11-09 09:09:26.788698,data/lms_loan_daily.csv,2023-04-01
CUS_0xb915_2023_01_01,CUS_0xb915,1/1/2023,10,3,10000,1000,1000,0,7000,1/4/2023,2023-04-01,2025-11-09 09:09:26.788698,data/lms_loan_daily.csv,2023-04-01
CUS_0xb91a_2023_04_01,CUS_0xb91a,1/4/2023,10,0,10000,0,0,0,10000,1/4/2023,2023-04-01,2025-11-09 09:09:26.788698,data/lms_loan_daily.csv,2023-04-01
CUS_0xb936_2023_02_01,CUS_0xb936,1/2/2023,10,2,10000,1000,0,1000,9000,1/4/2023,2023-04-01,2025-11-09 09:09:26.788698,data/lms_loan_daily.csv,2023-04-01
CUS_0xb93e_2023_01_01,CUS_0xb93e,1/1/2023,10,3,10000,1000,1000,0,7000,1/4/2023,2023-04-01,2025-11-09 09:09:26.788698,data/lms_loan_daily.csv,2023-04-01
CUS_0xb98_2023_04_01,CUS_0xb98,1/4/2023,10,0,10000,0,0,0,10000,1/4/2023,2023-04-01,2025-11-09 09:09:26.788698,data/lms_loan_daily.csv,2023-04-01
CUS_0xb9c9_2023_03_01,CUS_0xb9c9,1/3/2023,10,1,10000,1000,0,1000,10000,1/4/2023,2023-04-01,2025-11-09 09:09:26.788698,data/lms_loan_daily.csv,2023-04-01
CUS_0xb9ef_2023_03_01,CUS_0xb9ef,1/3/2023,10,1,10000,1000,1000,0,9000,1/4/2023,2023-04-01,2025-11-09 09:09:26.788698,data/lms_loan_daily.csv,2023-04-01
CUS_0xba03_2023_03_01,CUS_0xba03,1/3/2023,10,1,10000,1000,1000,0,9000,1/4/2023,2023-04-01,2025-11-09 09:09:26.788698,data/lms_loan_daily.csv,2023-04-01
CUS_0xba27_2023_02_01,CUS_0xba27,1/2/2023,10,2,10000,1000,1000,0,8000,1/4/2023,2023-04-01,2025-11-09 09:09:26.788698,data/lms_loan_daily.csv,2023-04-01
CUS_0xba4c_2023_04_01,CUS_0xba4c,1/4/2023,10,0,10000,0,0,0,10000,1/4/2023,2023-04-01,2025-11-09 09:09:26.788698,data/lms_loan_daily.csv,2023-04-01
CUS_0xba5f_2023_02_01,CUS_0xba5f,1/2/2023,10,2,10000,1000,0,1000,9000,1/4/2023,2023-04-01,2025-11-09 09:09:26.788698,data/lms_loan_daily.csv,2023-04-01
CUS_0xba60_2023_02_01,CUS_0xba60,1/2/2023,10,2,10000,1000,1000,0,8000,1/4/2023,2023-04-01,2025-11-09 09:09:26.788698,data/lms_loan_daily.csv,2023-04-01
CUS_0xba92_2023_03_01,CUS_0xba92,1/3/2023,10,1,10000,1000,1000,0,9000,1/4/2023,2023-04-01,2025-11-09 09:09:26.788698,data/lms_loan_daily.csv,2023-04-01
CUS_0xba9d_2023_01_01,CUS_0xba9d,1/1/2023,10,3,10000,1000,2000,0,7000,1/4/2023,2023-04-01,2025-11-09 09:09:26.788698,data/lms_loan_daily.csv,2023-04-01
CUS_0xbaab_2023_03_01,CUS_0xbaab,1/3/2023,10,1,10000,1000,1000,0,9000,1/4/2023,2023-04-01,2025-11-09 09:09:26.788698,data/lms_loan_daily.csv,2023-04-01
CUS_0xbab1_2023_03_01,CUS_0xbab1,1/3/2023,10,1,10000,1000,1000,0,9000,1/4/2023,2023-04-01,2025-11-09 09:09:26.788698,data/lms_loan_daily.csv,2023-04-01
CUS_0xbacd_2023_04_01,CUS_0xbacd,1/4/2023,10,0,10000,0,0,0,10000,1/4/2023,2023-04-01,2025-11-09 09:09:26.788698,data/lms_loan_daily.csv,2023-04-01
CUS_0xbaeb_2023_04_01,CUS_0xbaeb,1/4/2023,10,0,10000,0,0,0,10000,1/4/2023,2023-04-01,2025-11-09 09:09:26.788698,data/lms_loan_daily.csv,2023-04-01
CUS_0xbaf4_2023_02_01,CUS_0xbaf4,1/2/2023,10,2,10000,1000,1000,0,8000,1/4/2023,2023-04-01,2025-11-09 09:09:26.788698,data/lms_loan_daily.csv,2023-04-01
CUS_0xbafa_2023_04_01,CUS_0xbafa,1/4/2023,10,0,10000,0,0,0,10000,1/4/2023,2023-04-01,2025-11-09 09:09:26.788698,data/lms_loan_daily.csv,2023-04-01
CUS_0xbafd_2023_04_01,CUS_0xbafd,1/4/2023,10,0,10000,0,0,0,10000,1/4/2023,2023-04-01,2025-11-09 09:09:26.788698,data/lms_loan_daily.csv,2023-04-01
CUS_0xbb37_2023_02_01,CUS_0xbb37,1/2/2023,10,2,10000,1000,1000,0,8000,1/4/2023,2023-04-01,2025-11-09 09:09:26.788698,data/lms_loan_daily.csv,2023-04-01
CUS_0xbb6e_2023_04_01,CUS_0xbb6e,1/4/2023,10,0,10000,0,0,0,10000,1/4/2023,2023-04-01,2025-11-09 09:09:26.788698,data/lms_loan_daily.csv,2023-04-01
CUS_0xbb7_2023_03_01,CUS_0xbb7,1/3/2023,10,1,10000,1000,1000,0,9000,1/4/2023,2023-04-01,2025-11-09 09:09:26.788698,data/lms_loan_daily.csv,2023-04-01
CUS_0xbb73_2023_04_01,CUS_0xbb73,1/4/2023,10,0,10000,0,0,0,10000,1/4/2023,2023-04-01,2025-11-09 09:09:26.788698,data/lms_loan_daily.csv,2023-04-01
CUS_0xbb85_2023_04_01,CUS_0xbb85,1/4/2023,10,0,10000,0,0,0,10000,1/4/2023,2023-04-01,2025-11-09 09:09:26.788698,data/lms_loan_daily.csv,2023-04-01
CUS_0xbb95_2023_02_01,CUS_0xbb95,1/2/2023,10,2,10000,1000,1000,0,8000,1/4/2023,2023-04-01,2025-11-09 09:09:26.788698,data/lms_loan_daily.csv,2023-04-01
CUS_0xbb9a_2023_02_01,CUS_0xbb9a,1/2/2023,10,2,10000,1000,1000,0,8000,1/4/2023,2023-04-01,2025-11-09 09:09:26.788698,data/lms_loan_daily.csv,2023-04-01
CUS_0xbbd3_2023_02_01,CUS_0xbbd3,1/2/2023,10,2,10000,1000,1000,0,8000,1/4/2023,2023-04-01,2025-11-09 09:09:26.788698,data/lms_loan_daily.csv,2023-04-01
CUS_0xbbe4_2023_01_01,CUS_0xbbe4,1/1/2023,10,3,10000,1000,1000,0,7000,1/4/2023,2023-04-01,2025-11-09 09:09:26.788698,data/lms_loan_daily.csv,2023-04-01
CUS_0xbbf5_2023_02_01,CUS_0xbbf5,1/2/2023,10,2,10000,1000,1000,0,8000,1/4/2023,2023-04-01,2025-11-09 09:09:26.788698,data/lms_loan_daily.csv,2023-04-01
CUS_0xbc1e_2023_02_01,CUS_0xbc1e,1/2/2023,10,2,10000,1000,0,1000,9000,1/4/2023,2023-04-01,2025-11-09 09:09:26.788698,data/lms_loan_daily.csv,2023-04-01
CUS_0xbc29_2023_04_01,CUS_0xbc29,1/4/2023,10,0,10000,0,0,0,10000,1/4/2023,2023-04-01,2025-11-09 09:09:26.788698,data/lms_loan_daily.csv,2023-04-01
CUS_0xbc33_2023_04_01,CUS_0xbc33,1/4/2023,10,0,10000,0,0,0,10000,1/4/2023,2023-04-01,2025-11-09 09:09:26.788698,data/lms_loan_daily.csv,2023-04-01
CUS_0xbc9e_2023_04_01,CUS_0xbc9e,1/4/2023,10,0,10000,0,0,0,10000,1/4/2023,2023-04-01,2025-11-09 09:09:26.788698,data/lms_loan_daily.csv,2023-04-01
CUS_0xbca6_2023_01_01,CUS_0xbca6,1/1/2023,10,3,10000,1000,0,1000,8000,1/4/2023,2023-04-01,2025-11-09 09:09:26.788698,data/lms_loan_daily.csv,2023-04-01
CUS_0xbcc9_2023_02_01,CUS_0xbcc9,1/2/2023,10,2,10000,1000,1000,0,8000,1/4/2023,2023-04-01,2025-11-09 09:09:26.788698,data/lms_loan_daily.csv,2023-04-01
CUS_0xbccb_2023_03_01,CUS_0xbccb,1/3/2023,10,1,10000,1000,1000,0,9000,1/4/2023,2023-04-01,2025-11-09 09:09:26.788698,data/lms_loan_daily.csv,2023-04-01
CUS_0xbccf_2023_04_01,CUS_0xbccf,1/4/2023,10,0,10000,0,0,0,10000,1/4/2023,2023-04-01,2025-11-09 09:09:26.788698,data/lms_loan_daily.csv,2023-04-01
CUS_0xbd0f_2023_04_01,CUS_0xbd0f,1/4/2023,10,0,10000,0,0,0,10000,1/4/2023,2023-04-01,2025-11-09 09:09:26.788698,data/lms_loan_daily.csv,2023-04-01
CUS_0xbd1f_2023_01_01,CUS_0xbd1f,1/1/2023,10,3,10000,1000,1000,0,7000,1/4/2023,2023-04-01,2025-11-09 09:09:26.788698,data/lms_loan_daily.csv,2023-04-01
CUS_0xbd2c_2023_04_01,CUS_0xbd2c,1/4/2023,10,0,10000,0,0,0,10000,1/4/2023,2023-04-01,2025-11-09 09:09:26.788698,data/lms_loan_daily.csv,2023-04-01
CUS_0xbd33_2023_04_01,CUS_0xbd33,1/4/2023,10,0,10000,0,0,0,10000,1/4/2023,2023-04-01,2025-11-09 09:09:26.788698,data/lms_loan_daily.csv,2023-04-01
CUS_0xbd4b_2023_03_01,CUS_0xbd4b,1/3/2023,10,1,10000,1000,1000,0,9000,1/4/2023,2023-04-01,2025-11-09 09:09:26.788698,data/lms_loan_daily.csv,2023-04-01
CUS_0xbd8f_2023_01_01,CUS_0xbd8f,1/1/2023,10,3,10000,1000,2000,0,7000,1/4/2023,2023-04-01,2025-11-09 09:09:26.788698,data/lms_loan_daily.csv,2023-04-01
CUS_0xbdd9_2023_02_01,CUS_0xbdd9,1/2/2023,10,2,10000,1000,1000,0,8000,1/4/2023,2023-04-01,2025-11-09 09:09:26.788698,data/lms_loan_daily.csv,2023-04-01
CUS_0xbe12_2023_02_01,CUS_0xbe12,1/2/2023,10,2,10000,1000,1000,0,8000,1/4/2023,2023-04-01,2025-11-09 09:09:26.788698,data/lms_loan_daily.csv,2023-04-01
CUS_0xbe5c_2023_04_01,CUS_0xbe5c,1/4/2023,10,0,10000,0,0,0,10000,1/4/2023,2023-04-01,2025-11-09 09:09:26.788698,data/lms_loan_daily.csv,2023-04-01
CUS_0xbe71_2023_04_01,CUS_0xbe71,1/4/2023,10,0,10000,0,0,0,10000,1/4/2023,2023-04-01,2025-11-09 09:09:26.788698,data/lms_loan_daily.csv,2023-04-01
CUS_0xbeb8_2023_03_01,CUS_0xbeb8,1/3/2023,10,1,10000,1000,0,1000,10000,1/4/2023,2023-04-01,2025-11-09 09:09:26.788698,data/lms_loan_daily.csv,2023-04-01
CUS_0xbed7_2023_04_01,CUS_0xbed7,1/4/2023,10,0,10000,0,0,0,10000,1/4/2023,2023-04-01,2025-11-09 09:09:26.788698,data/lms_loan_daily.csv,2023-04-01
CUS_0xbf01_2023_01_01,CUS_0xbf01,1/1/2023,10,3,10000,1000,1000,0,7000,1/4/2023,2023-04-01,2025-11-09 09:09:26.788698,data/lms_loan_daily.csv,2023-04-01
CUS_0xbf23_2023_02_01,CUS_0xbf23,1/2/2023,10,2,10000,1000,1000,0,8000,1/4/2023,2023-04-01,2025-11-09 09:09:26.788698,data/lms_loan_daily.csv,2023-04-01
CUS_0xbf38_2023_01_01,CUS_0xbf38,1/1/2023,10,3,10000,1000,1000,0,7000,1/4/2023,2023-04-01,2025-11-09 09:09:26.788698,data/lms_loan_daily.csv,2023-04-01
CUS_0xbf40_2023_04_01,CUS_0xbf40,1/4/2023,10,0,10000,0,0,0,10000,1/4/2023,2023-04-01,2025-11-09 09:09:26.788698,data/lms_loan_daily.csv,2023-04-01
CUS_0xbf55_2023_01_01,CUS_0xbf55,1/1/2023,10,3,10000,1000,0,2000,9000,1/4/2023,2023-04-01,2025-11-09 09:09:26.788698,data/lms_loan_daily.csv,2023-04-01
CUS_0xbf82_2023_03_01,CUS_0xbf82,1/3/2023,10,1,10000,1000,1000,0,9000,1/4/2023,2023-04-01,2025-11-09 09:09:26.788698,data/lms_loan_daily.csv,2023-04-01
CUS_0xbfa6_2023_04_01,CUS_0xbfa6,1/4/2023,10,0,10000,0,0,0,10000,1/4/2023,2023-04-01,2025-11-09 09:09:26.788698,data/lms_loan_daily.csv,2023-04-01
CUS_0xbfd_2023_03_01,CUS_0xbfd,1/3/2023,10,1,10000,1000,1000,0,9000,1/4/2023,2023-04-01,2025-11-09 09:09:26.788698,data/lms_loan_daily.csv,2023-04-01
CUS_0xbfd0_2023_02_01,CUS_0xbfd0,1/2/2023,10,2,10000,1000,1000,0,8000,1/4/2023,2023-04-01,2025-11-09 09:09:26.788698,data/lms_loan_daily.csv,2023-04-01
CUS_0xbfe7_2023_03_01,CUS_0xbfe7,1/3/2023,10,1,10000,1000,1000,0,9000,1/4/2023,2023-04-01,2025-11-09 09:09:26.788698,data/lms_loan_daily.csv,2023-04-01
CUS_0xbff1_2023_02_01,CUS_0xbff1,1/2/2023,10,2,10000,1000,1000,0,8000,1/4/2023,2023-04-01,2025-11-09 09:09:26.788698,data/lms_loan_daily.csv,2023-04-01
CUS_0xc010_2023_01_01,CUS_0xc010,1/1/2023,10,3,10000,1000,1000,0,7000,1/4/2023,2023-04-01,2025-11-09 09:09:26.788698,data/lms_loan_daily.csv,2023-04-01
CUS_0xc055_2023_01_01,CUS_0xc055,1/1/2023,10,3,10000,1000,1000,0,7000,1/4/2023,2023-04-01,2025-11-09 09:09:26.788698,data/lms_loan_daily.csv,2023-04-01
CUS_0xc063_2023_01_01,CUS_0xc063,1/1/2023,10,3,10000,1000,1000,0,7000,1/4/2023,2023-04-01,2025-11-09 09:09:26.788698,data/lms_loan_daily.csv,2023-04-01
CUS_0xc065_2023_03_01,CUS_0xc065,1/3/2023,10,1,10000,1000,1000,0,9000,1/4/2023,2023-04-01,2025-11-09 09:09:26.788698,data/lms_loan_daily.csv,2023-04-01
CUS_0xc066_2023_04_01,CUS_0xc066,1/4/2023,10,0,10000,0,0,0,10000,1/4/2023,2023-04-01,2025-11-09 09:09:26.788698,data/lms_loan_daily.csv,2023-04-01
CUS_0xc0a3_2023_02_01,CUS_0xc0a3,1/2/2023,10,2,10000,1000,0,2000,10000,1/4/2023,2023-04-01,2025-11-09 09:09:26.788698,data/lms_loan_daily.csv,2023-04-01
CUS_0xc0af_2023_04_01,CUS_0xc0af,1/4/2023,10,0,10000,0,0,0,10000,1/4/2023,2023-04-01,2025-11-09 09:09:26.788698,data/lms_loan_daily.csv,2023-04-01
CUS_0xc0c6_2023_02_01,CUS_0xc0c6,1/2/2023,10,2,10000,1000,1000,0,8000,1/4/2023,2023-04-01,2025-11-09 09:09:26.788698,data/lms_loan_daily.csv,2023-04-01
CUS_0xc0d9_2023_02_01,CUS_0xc0d9,1/2/2023,10,2,10000,1000,1000,0,8000,1/4/2023,2023-04-01,2025-11-09 09:09:26.788698,data/lms_loan_daily.csv,2023-04-01
CUS_0xc0f6_2023_01_01,CUS_0xc0f6,1/1/2023,10,3,10000,1000,1000,0,7000,1/4/2023,2023-04-01,2025-11-09 09:09:26.788698,data/lms_loan_daily.csv,2023-04-01
CUS_0xc118_2023_04_01,CUS_0xc118,1/4/2023,10,0,10000,0,0,0,10000,1/4/2023,2023-04-01,2025-11-09 09:09:26.788698,data/lms_loan_daily.csv,2023-04-01
CUS_0xc13_2023_02_01,CUS_0xc13,1/2/2023,10,2,10000,1000,0,1000,9000,1/4/2023,2023-04-01,2025-11-09 09:09:26.788698,data/lms_loan_daily.csv,2023-04-01
CUS_0xc144_2023_01_01,CUS_0xc144,1/1/2023,10,3,10000,1000,1000,0,7000,1/4/2023,2023-04-01,2025-11-09 09:09:26.788698,data/lms_loan_daily.csv,2023-04-01
CUS_0xc14e_2023_03_01,CUS_0xc14e,1/3/2023,10,1,10000,1000,1000,0,9000,1/4/2023,2023-04-01,2025-11-09 09:09:26.788698,data/lms_loan_daily.csv,2023-04-01
CUS_0xc15d_2023_04_01,CUS_0xc15d,1/4/2023,10,0,10000,0,0,0,10000,1/4/2023,2023-04-01,2025-11-09 09:09:26.788698,data/lms_loan_daily.csv,2023-04-01
CUS_0xc18b_2023_01_01,CUS_0xc18b,1/1/2023,10,3,10000,1000,1000,0,7000,1/4/2023,2023-04-01,2025-11-09 09:09:26.788698,data/lms_loan_daily.csv,2023-04-01
CUS_0xc190_2023_03_01,CUS_0xc190,1/3/2023,10,1,10000,1000,0,1000,10000,1/4/2023,2023-04-01,2025-11-09 09:09:26.788698,data/lms_loan_daily.csv,2023-04-01
CUS_0xc195_2023_02_01,CUS_0xc195,1/2/2023,10,2,10000,1000,1000,0,8000,1/4/2023,2023-04-01,2025-11-09 09:09:26.788698,data/lms_loan_daily.csv,2023-04-01
CUS_0xc1b3_2023_01_01,CUS_0xc1b3,1/1/2023,10,3,10000,1000,1000,0,7000,1/4/2023,2023-04-01,2025-11-09 09:09:26.788698,data/lms_loan_daily.csv,2023-04-01
CUS_0xc1b4_2023_01_01,CUS_0xc1b4,1/1/2023,10,3,10000,1000,1000,0,7000,1/4/2023,2023-04-01,2025-11-09 09:09:26.788698,data/lms_loan_daily.csv,2023-04-01
CUS_0xc1e7_2023_01_01,CUS_0xc1e7,1/1/2023,10,3,10000,1000,1000,0,7000,1/4/2023,2023-04-01,2025-11-09 09:09:26.788698,data/lms_loan_daily.csv,2023-04-01
CUS_0xc1e8_2023_02_01,CUS_0xc1e8,1/2/2023,10,2,10000,1000,1000,0,8000,1/4/2023,2023-04-01,2025-11-09 09:09:26.788698,data/lms_loan_daily.csv,2023-04-01
CUS_0xc204_2023_04_01,CUS_0xc204,1/4/2023,10,0,10000,0,0,0,10000,1/4/2023,2023-04-01,2025-11-09 09:09:26.788698,data/lms_loan_daily.csv,2023-04-01
CUS_0xc205_2023_02_01,CUS_0xc205,1/2/2023,10,2,10000,1000,1000,0,8000,1/4/2023,2023-04-01,2025-11-09 09:09:26.788698,data/lms_loan_daily.csv,2023-04-01
CUS_0xc206_2023_01_01,CUS_0xc206,1/1/2023,10,3,10000,1000,0,1000,8000,1/4/2023,2023-04-01,2025-11-09 09:09:26.788698,data/lms_loan_daily.csv,2023-04-01
CUS_0xc254_2023_01_01,CUS_0xc254,1/1/2023,10,3,10000,1000,1000,0,7000,1/4/2023,2023-04-01,2025-11-09 09:09:26.788698,data/lms_loan_daily.csv,2023-04-01
CUS_0xc29e_2023_01_01,CUS_0xc29e,1/1/2023,10,3,10000,1000,1000,0,7000,1/4/2023,2023-04-01,2025-11-09 09:09:26.788698,data/lms_loan_daily.csv,2023-04-01
CUS_0xc2e2_2023_01_01,CUS_0xc2e2,1/1/2023,10,3,10000,1000,1000,0,7000,1/4/2023,2023-04-01,2025-11-09 09:09:26.788698,data/lms_loan_daily.csv,2023-04-01
CUS_0xc2e8_2023_02_01,CUS_0xc2e8,1/2/2023,10,2,10000,1000,2000,0,8000,1/4/2023,2023-04-01,2025-11-09 09:09:26.788698,data/lms_loan_daily.csv,2023-04-01
CUS_0xc2ea_2023_01_01,CUS_0xc2ea,1/1/2023,10,3,10000,1000,1000,0,7000,1/4/2023,2023-04-01,2025-11-09 09:09:26.788698,data/lms_loan_daily.csv,2023-04-01
CUS_0xc2fd_2023_01_01,CUS_0xc2fd,1/1/2023,10,3,10000,1000,1000,0,7000,1/4/2023,2023-04-01,2025-11-09 09:09:26.788698,data/lms_loan_daily.csv,2023-04-01
CUS_0xc301_2023_02_01,CUS_0xc301,1/2/2023,10,2,10000,1000,1000,0,8000,1/4/2023,2023-04-01,2025-11-09 09:09:26.788698,data/lms_loan_daily.csv,2023-04-01
CUS_0xc305_2023_01_01,CUS_0xc305,1/1/2023,10,3,10000,1000,0,1000,8000,1/4/2023,2023-04-01,2025-11-09 09:09:26.788698,data/lms_loan_daily.csv,2023-04-01
CUS_0xc38a_2023_01_01,CUS_0xc38a,1/1/2023,10,3,10000,1000,1000,0,7000,1/4/2023,2023-04-01,2025-11-09 09:09:26.788698,data/lms_loan_daily.csv,2023-04-01
CUS_0xc3a1_2023_04_01,CUS_0xc3a1,1/4/2023,10,0,10000,0,0,0,10000,1/4/2023,2023-04-01,2025-11-09 09:09:26.788698,data/lms_loan_daily.csv,2023-04-01
CUS_0xc3aa_2023_01_01,CUS_0xc3aa,1/1/2023,10,3,10000,1000,1000,0,7000,1/4/2023,2023-04-01,2025-11-09 09:09:26.788698,data/lms_loan_daily.csv,2023-04-01
CUS_0xc3ce_2023_04_01,CUS_0xc3ce,1/4/2023,10,0,10000,0,0,0,10000,1/4/2023,2023-04-01,2025-11-09 09:09:26.788698,data/lms_loan_daily.csv,2023-04-01
CUS_0xc3d_2023_02_01,CUS_0xc3d,1/2/2023,10,2,10000,1000,1000,0,8000,1/4/2023,2023-04-01,2025-11-09 09:09:26.788698,data/lms_loan_daily.csv,2023-04-01
CUS_0xc3d0_2023_01_01,CUS_0xc3d0,1/1/2023,10,3,10000,1000,1000,0,7000,1/4/2023,2023-04-01,2025-11-09 09:09:26.788698,data/lms_loan_daily.csv,2023-04-01
CUS_0xc3ee_2023_01_01,CUS_0xc3ee,1/1/2023,10,3,10000,1000,1000,0,7000,1/4/2023,2023-04-01,2025-11-09 09:09:26.788698,data/lms_loan_daily.csv,2023-04-01
CUS_0xc416_2023_02_01,CUS_0xc416,1/2/2023,10,2,10000,1000,1000,0,8000,1/4/2023,2023-04-01,2025-11-09 09:09:26.788698,data/lms_loan_daily.csv,2023-04-01
CUS_0xc442_2023_02_01,CUS_0xc442,1/2/2023,10,2,10000,1000,1000,0,8000,1/4/2023,2023-04-01,2025-11-09 09:09:26.788698,data/lms_loan_daily.csv,2023-04-01
CUS_0xc465_2023_01_01,CUS_0xc465,1/1/2023,10,3,10000,1000,1000,0,7000,1/4/2023,2023-04-01,2025-11-09 09:09:26.788698,data/lms_loan_daily.csv,2023-04-01
CUS_0xc48c_2023_04_01,CUS_0xc48c,1/4/2023,10,0,10000,0,0,0,10000,1/4/2023,2023-04-01,2025-11-09 09:09:26.788698,data/lms_loan_daily.csv,2023-04-01
CUS_0xc492_2023_03_01,CUS_0xc492,1/3/2023,10,1,10000,1000,1000,0,9000,1/4/2023,2023-04-01,2025-11-09 09:09:26.788698,data/lms_loan_daily.csv,2023-04-01
CUS_0xc497_2023_04_01,CUS_0xc497,1/4/2023,10,0,10000,0,0,0,10000,1/4/2023,2023-04-01,2025-11-09 09:09:26.788698,data/lms_loan_daily.csv,2023-04-01
CUS_0xc4bb_2023_02_01,CUS_0xc4bb,1/2/2023,10,2,10000,1000,1000,0,8000,1/4/2023,2023-04-01,2025-11-09 09:09:26.788698,data/lms_loan_daily.csv,2023-04-01
CUS_0xc4c3_2023_01_01,CUS_0xc4c3,1/1/2023,10,3,10000,1000,0,2000,9000,1/4/2023,2023-04-01,2025-11-09 09:09:26.788698,data/lms_loan_daily.csv,2023-04-01
CUS_0xc4ea_2023_04_01,CUS_0xc4ea,1/4/2023,10,0,10000,0,0,0,10000,1/4/2023,2023-04-01,2025-11-09 09:09:26.788698,data/lms_loan_daily.csv,2023-04-01
CUS_0xc4ee_2023_03_01,CUS_0xc4ee,1/3/2023,10,1,10000,1000,1000,0,9000,1/4/2023,2023-04-01,2025-11-09 09:09:26.788698,data/lms_loan_daily.csv,2023-04-01
CUS_0xc533_2023_04_01,CUS_0xc533,1/4/2023,10,0,10000,0,0,0,10000,1/4/2023,2023-04-01,2025-11-09 09:09:26.788698,data/lms_loan_daily.csv,2023-04-01
CUS_0xc570_2023_03_01,CUS_0xc570,1/3/2023,10,1,10000,1000,1000,0,9000,1/4/2023,2023-04-01,2025-11-09 09:09:26.788698,data/lms_loan_daily.csv,2023-04-01
CUS_0xc58_2023_03_01,CUS_0xc58,1/3/2023,10,1,10000,1000,1000,0,9000,1/4/2023,2023-04-01,2025-11-09 09:09:26.788698,data/lms_loan_daily.csv,2023-04-01
CUS_0xc59d_2023_02_01,CUS_0xc59d,1/2/2023,10,2,10000,1000,1000,0,8000,1/4/2023,2023-04-01,2025-11-09 09:09:26.788698,data/lms_loan_daily.csv,2023-04-01
CUS_0xc5a0_2023_03_01,CUS_0xc5a0,1/3/2023,10,1,10000,1000,1000,0,9000,1/4/2023,2023-04-01,2025-11-09 09:09:26.788698,data/lms_loan_daily.csv,2023-04-01
CUS_0xc5b2_2023_02_01,CUS_0xc5b2,1/2/2023,10,2,10000,1000,0,1000,9000,1/4/2023,2023-04-01,2025-11-09 09:09:26.788698,data/lms_loan_daily.csv,2023-04-01
CUS_0xc5cb_2023_01_01,CUS_0xc5cb,1/1/2023,10,3,10000,1000,1000,0,7000,1/4/2023,2023-04-01,2025-11-09 09:09:26.788698,data/lms_loan_daily.csv,2023-04-01
CUS_0xc5e2_2023_04_01,CUS_0xc5e2,1/4/2023,10,0,10000,0,0,0,10000,1/4/2023,2023-04-01,2025-11-09 09:09:26.788698,data/lms_loan_daily.csv,2023-04-01
CUS_0xc5e8_2023_01_01,CUS_0xc5e8,1/1/2023,10,3,10000,1000,0,1000,8000,1/4/2023,2023-04-01,2025-11-09 09:09:26.788698,data/lms_loan_daily.csv,2023-04-01
CUS_0xc5ea_2023_04_01,CUS_0xc5ea,1/4/2023,10,0,10000,0,0,0,10000,1/4/2023,2023-04-01,2025-11-09 09:09:26.788698,data/lms_loan_daily.csv,2023-04-01
CUS_0xc5f3_2023_04_01,CUS_0xc5f3,1/4/2023,10,0,10000,0,0,0,10000,1/4/2023,2023-04-01,2025-11-09 09:09:26.788698,data/lms_loan_daily.csv,2023-04-01
CUS_0xc5fe_2023_04_01,CUS_0xc5fe,1/4/2023,10,0,10000,0,0,0,10000,1/4/2023,2023-04-01,2025-11-09 09:09:26.788698,data/lms_loan_daily.csv,2023-04-01
CUS_0xc60e_2023_01_01,CUS_0xc60e,1/1/2023,10,3,10000,1000,1000,0,7000,1/4/2023,2023-04-01,2025-11-09 09:09:26.788698,data/lms_loan_daily.csv,2023-04-01
CUS_0xc622_2023_01_01,CUS_0xc622,1/1/2023,10,3,10000,1000,1000,0,7000,1/4/2023,2023-04-01,2025-11-09 09:09:26.788698,data/lms_loan_daily.csv,2023-04-01
CUS_0xc63b_2023_01_01,CUS_0xc63b,1/1/2023,10,3,10000,1000,1000,0,7000,1/4/2023,2023-04-01,2025-11-09 09:09:26.788698,data/lms_loan_daily.csv,2023-04-01
CUS_0xc683_2023_03_01,CUS_0xc683,1/3/2023,10,1,10000,1000,1000,0,9000,1/4/2023,2023-04-01,2025-11-09 09:09:26.788698,data/lms_loan_daily.csv,2023-04-01
CUS_0xc686_2023_01_01,CUS_0xc686,1/1/2023,10,3,10000,1000,1000,0,7000,1/4/2023,2023-04-01,2025-11-09 09:09:26.788698,data/lms_loan_daily.csv,2023-04-01
CUS_0xc6e_2023_02_01,CUS_0xc6e,1/2/2023,10,2,10000,1000,1000,0,8000,1/4/2023,2023-04-01,2025-11-09 09:09:26.788698,data/lms_loan_daily.csv,2023-04-01
CUS_0xc70d_2023_02_01,CUS_0xc70d,1/2/2023,10,2,10000,1000,1000,0,8000,1/4/2023,2023-04-01,2025-11-09 09:09:26.788698,data/lms_loan_daily.csv,2023-04-01
CUS_0xc712_2023_01_01,CUS_0xc712,1/1/2023,10,3,10000,1000,1000,0,7000,1/4/2023,2023-04-01,2025-11-09 09:09:26.788698,data/lms_loan_daily.csv,2023-04-01
CUS_0xc716_2023_01_01,CUS_0xc716,1/1/2023,10,3,10000,1000,0,2000,9000,1/4/2023,2023-04-01,2025-11-09 09:09:26.788698,data/lms_loan_daily.csv,2023-04-01
CUS_0xc81_2023_03_01,CUS_0xc81,1/3/2023,10,1,10000,1000,1000,0,9000,1/4/2023,2023-04-01,2025-11-09 09:09:26.788698,data/lms_loan_daily.csv,2023-04-01
CUS_0xc8c_2023_04_01,CUS_0xc8c,1/4/2023,10,0,10000,0,0,0,10000,1/4/2023,2023-04-01,2025-11-09 09:09:26.788698,data/lms_loan_daily.csv,2023-04-01
CUS_0xc90_2023_02_01,CUS_0xc90,1/2/2023,10,2,10000,1000,1000,0,8000,1/4/2023,2023-04-01,2025-11-09 09:09:26.788698,data/lms_loan_daily.csv,2023-04-01
CUS_0xcf0_2023_01_01,CUS_0xcf0,1/1/2023,10,3,10000,1000,1000,0,7000,1/4/2023,2023-04-01,2025-11-09 09:09:26.788698,data/lms_loan_daily.csv,2023-04-01
CUS_0xcf8_2023_03_01,CUS_0xcf8,1/3/2023,10,1,10000,1000,1000,0,9000,1/4/2023,2023-04-01,2025-11-09 09:09:26.788698,data/lms_loan_daily.csv,2023-04-01
CUS_0xcfc_2023_02_01,CUS_0xcfc,1/2/2023,10,2,10000,1000,1000,0,8000,1/4/2023,2023-04-01,2025-11-09 09:09:26.788698,data/lms_loan_daily.csv,2023-04-01
CUS_0xd20_2023_01_01,CUS_0xd20,1/1/2023,10,3,10000,1000,1000,0,7000,1/4/2023,2023-04-01,2025-11-09 09:09:26.788698,data/lms_loan_daily.csv,2023-04-01
CUS_0xd33_2023_02_01,CUS_0xd33,1/2/2023,10,2,10000,1000,1000,0,8000,1/4/2023,2023-04-01,2025-11-09 09:09:26.788698,data/lms_loan_daily.csv,2023-04-01
CUS_0xd66_2023_03_01,CUS_0xd66,1/3/2023,10,1,10000,1000,1000,0,9000,1/4/2023,2023-04-01,2025-11-09 09:09:26.788698,data/lms_loan_daily.csv,2023-04-01
CUS_0xd6f_2023_01_01,CUS_0xd6f,1/1/2023,10,3,10000,1000,1000,0,7000,1/4/2023,2023-04-01,2025-11-09 09:09:26.788698,data/lms_loan_daily.csv,2023-04-01
CUS_0xd73_2023_01_01,CUS_0xd73,1/1/2023,10,3,10000,1000,1000,0,7000,1/4/2023,2023-04-01,2025-11-09 09:09:26.788698,data/lms_loan_daily.csv,2023-04-01
CUS_0xd7c_2023_02_01,CUS_0xd7c,1/2/2023,10,2,10000,1000,1000,0,8000,1/4/2023,2023-04-01,2025-11-09 09:09:26.788698,data/lms_loan_daily.csv,2023-04-01
CUS_0xd9a_2023_04_01,CUS_0xd9a,1/4/2023,10,0,10000,0,0,0,10000,1/4/2023,2023-04-01,2025-11-09 09:09:26.788698,data/lms_loan_daily.csv,2023-04-01
CUS_0xdb0_2023_04_01,CUS_0xdb0,1/4/2023,10,0,10000,0,0,0,10000,1/4/2023,2023-04-01,2025-11-09 09:09:26.788698,data/lms_loan_daily.csv,2023-04-01
CUS_0xdbf_2023_02_01,CUS_0xdbf,1/2/2023,10,2,10000,1000,1000,0,8000,1/4/2023,2023-04-01,2025-11-09 09:09:26.788698,data/lms_loan_daily.csv,2023-04-01
CUS_0xdcc_2023_03_01,CUS_0xdcc,1/3/2023,10,1,10000,1000,1000,0,9000,1/4/2023,2023-04-01,2025-11-09 09:09:26.788698,data/lms_loan_daily.csv,2023-04-01
CUS_0xdd3_2023_01_01,CUS_0xdd3,1/1/2023,10,3,10000,1000,1000,0,7000,1/4/2023,2023-04-01,2025-11-09 09:09:26.788698,data/lms_loan_daily.csv,2023-04-01
CUS_0xdd8_2023_01_01,CUS_0xdd8,1/1/2023,10,3,10000,1000,1000,0,7000,1/4/2023,2023-04-01,2025-11-09 09:09:26.788698,data/lms_loan_daily.csv,2023-04-01
CUS_0xde2_2023_01_01,CUS_0xde2,1/1/2023,10,3,10000,1000,1000,0,7000,1/4/2023,2023-04-01,2025-11-09 09:09:26.788698,data/lms_loan_daily.csv,2023-04-01
CUS_0xdea_2023_02_01,CUS_0xdea,1/2/2023,10,2,10000,1000,1000,0,8000,1/4/2023,2023-04-01,2025-11-09 09:09:26.788698,data/lms_loan_daily.csv,2023-04-01
CUS_0xdfb_2023_01_01,CUS_0xdfb,1/1/2023,10,3,10000,1000,1000,0,7000,1/4/2023,2023-04-01,2025-11-09 09:09:26.788698,data/lms_loan_daily.csv,2023-04-01
CUS_0xe28_2023_01_01,CUS_0xe28,1/1/2023,10,3,10000,1000,1000,0,7000,1/4/2023,2023-04-01,2025-11-09 09:09:26.788698,data/lms_loan_daily.csv,2023-04-01
CUS_0xe3b_2023_03_01,CUS_0xe3b,1/3/2023,10,1,10000,1000,0,1000,10000,1/4/2023,2023-04-01,2025-11-09 09:09:26.788698,data/lms_loan_daily.csv,2023-04-01
CUS_0xe64_2023_01_01,CUS_0xe64,1/1/2023,10,3,10000,1000,1000,0,7000,1/4/2023,2023-04-01,2025-11-09 09:09:26.788698,data/lms_loan_daily.csv,2023-04-01
CUS_0xe84_2023_01_01,CUS_0xe84,1/1/2023,10,3,10000,1000,1000,0,7000,1/4/2023,2023-04-01,2025-11-09 09:09:26.788698,data/lms_loan_daily.csv,2023-04-01
CUS_0xe98_2023_01_01,CUS_0xe98,1/1/2023,10,3,10000,1000,1000,0,7000,1/4/2023,2023-04-01,2025-11-09 09:09:26.788698,data/lms_loan_daily.csv,2023-04-01
CUS_0xea6_2023_01_01,CUS_0xea6,1/1/2023,10,3,10000,1000,1000,0,7000,1/4/2023,2023-04-01,2025-11-09 09:09:26.788698,data/lms_loan_daily.csv,2023-04-01
CUS_0xebc_2023_03_01,CUS_0xebc,1/3/2023,10,1,10000,1000,0,1000,10000,1/4/2023,2023-04-01,2025-11-09 09:09:26.788698,data/lms_loan_daily.csv,2023-04-01
CUS_0xec8_2023_02_01,CUS_0xec8,1/2/2023,10,2,10000,1000,1000,0,8000,1/4/2023,2023-04-01,2025-11-09 09:09:26.788698,data/lms_loan_daily.csv,2023-04-01
CUS_0xed3_2023_01_01,CUS_0xed3,1/1/2023,10,3,10000,1000,1000,0,7000,1/4/2023,2023-04-01,2025-11-09 09:09:26.788698,data/lms_loan_daily.csv,2023-04-01
CUS_0xed8_2023_01_01,CUS_0xed8,1/1/2023,10,3,10000,1000,1000,0,7000,1/4/2023,2023-04-01,2025-11-09 09:09:26.788698,data/lms_loan_daily.csv,2023-04-01
CUS_0xf16_2023_03_01,CUS_0xf16,1/3/2023,10,1,10000,1000,1000,0,9000,1/4/2023,2023-04-01,2025-11-09 09:09:26.788698,data/lms_loan_daily.csv,2023-04-01
CUS_0xf20_2023_04_01,CUS_0xf20,1/4/2023,10,0,10000,0,0,0,10000,1/4/2023,2023-04-01,2025-11-09 09:09:26.788698,data/lms_loan_daily.csv,2023-04-01
CUS_0xf21_2023_03_01,CUS_0xf21,1/3/2023,10,1,10000,1000,1000,0,9000,1/4/2023,2023-04-01,2025-11-09 09:09:26.788698,data/lms_loan_daily.csv,2023-04-01
CUS_0xf23_2023_04_01,CUS_0xf23,1/4/2023,10,0,10000,0,0,0,10000,1/4/2023,2023-04-01,2025-11-09 09:09:26.788698,data/lms_loan_daily.csv,2023-04-01
CUS_0xf4d_2023_03_01,CUS_0xf4d,1/3/2023,10,1,10000,1000,1000,0,9000,1/4/2023,2023-04-01,2025-11-09 09:09:26.788698,data/lms_loan_daily.csv,2023-04-01
CUS_0xf58_2023_04_01,CUS_0xf58,1/4/2023,10,0,10000,0,0,0,10000,1/4/2023,2023-04-01,2025-11-09 09:09:26.788698,data/lms_loan_daily.csv,2023-04-01
CUS_0xf8d_2023_04_01,CUS_0xf8d,1/4/2023,10,0,10000,0,0,0,10000,1/4/2023,2023-04-01,2025-11-09 09:09:26.788698,data/lms_loan_daily.csv,2023-04-01
CUS_0xfa7_2023_03_01,CUS_0xfa7,1/3/2023,10,1,10000,1000,1000,0,9000,1/4/2023,2023-04-01,2025-11-09 09:09:26.788698,data/lms_loan_daily.csv,2023-04-01
CUS_0xfac_2023_03_01,CUS_0xfac,1/3/2023,10,1,10000,1000,1000,0,9000,1/4/2023,2023-04-01,2025-11-09 09:09:26.788698,data/lms_loan_daily.csv,2023-04-01
CUS_0xfae_2023_03_01,CUS_0xfae,1/3/2023,10,1,10000,1000,1000,0,9000,1/4/2023,2023-04-01,2025-11-09 09:09:26.788698,data/lms_loan_daily.csv,2023-04-01
CUS_0xfaf_2023_04_01,CUS_0xfaf,1/4/2023,10,0,10000,0,0,0,10000,1/4/2023,2023-04-01,2025-11-09 09:09:26.788698,data/lms_loan_daily.csv,2023-04-01
CUS_0xfb6_2023_04_01,CUS_0xfb6,1/4/2023,10,0,10000,0,0,0,10000,1/4/2023,2023-04-01,2025-11-09 09:09:26.788698,data/lms_loan_daily.csv,2023-04-01
CUS_0xfc9_2023_01_01,CUS_0xfc9,1/1/2023,10,3,10000,1000,0,2000,9000,1/4/2023,2023-04-01,2025-11-09 09:09:26.788698,data/lms_loan_daily.csv,2023-04-01
CUS_0xfcb_2023_04_01,CUS_0xfcb,1/4/2023,10,0,10000,0,0,0,10000,1/4/2023,2023-04-01,2025-11-09 09:09:26.788698,data/lms_loan_daily.csv,2023-04-01
CUS_0xfcc_2023_02_01,CUS_0xfcc,1/2/2023,10,2,10000,1000,1000,0,8000,1/4/2023,2023-04-01,2025-11-09 09:09:26.788698,data/lms_loan_daily.csv,2023-04-01
