loan_id,Customer_ID,loan_start_date,tenure,installment_num,loan_amt,due_amt,paid_amt,overdue_amt,balance,snapshot_date,normalized_snapshot_date,bronze_ingestion_timestamp,bronze_source_file,bronze_processing_date
CUS_0x1000_2023_05_01,CUS_0x1000,1/5/2023,10,10,10000,1000,0,6000,6000,1/3/2024,2024-03-01,2025-11-09 07:06:39.639615,data/lms_loan_daily.csv,2024-03-01
CUS_0x100b_2024_03_01,CUS_0x100b,1/3/2024,10,0,10000,0,0,0,10000,1/3/2024,2024-03-01,2025-11-09 07:06:39.639615,data/lms_loan_daily.csv,2024-03-01
CUS_0x1011_2023_11_01,CUS_0x1011,1/11/2023,10,4,10000,1000,1000,0,6000,1/3/2024,2024-03-01,2025-11-09 07:06:39.639615,data/lms_loan_daily.csv,2024-03-01
CUS_0x1013_2023_12_01,CUS_0x1013,1/12/2023,10,3,10000,1000,1000,0,7000,1/3/2024,2024-03-01,2025-11-09 07:06:39.639615,data/lms_loan_daily.csv,2024-03-01
CUS_0x1015_2023_08_01,CUS_0x1015,1/8/2023,10,7,10000,1000,1000,0,3000,1/3/2024,2024-03-01,2025-11-09 07:06:39.639615,data/lms_loan_daily.csv,2024-03-01
CUS_0x1018_2023_11_01,CUS_0x1018,1/11/2023,10,4,10000,1000,0,1000,7000,1/3/2024,2024-03-01,2025-11-09 07:06:39.639615,data/lms_loan_daily.csv,2024-03-01
CUS_0x1026_2023_10_01,CUS_0x1026,1/10/2023,10,5,10000,1000,1000,0,5000,1/3/2024,2024-03-01,2025-11-09 07:06:39.639615,data/lms_loan_daily.csv,2024-03-01
CUS_0x102d_2024_01_01,CUS_0x102d,1/1/2024,10,2,10000,1000,1000,0,8000,1/3/2024,2024-03-01,2025-11-09 07:06:39.639615,data/lms_loan_daily.csv,2024-03-01
CUS_0x1032_2023_08_01,CUS_0x1032,1/8/2023,10,7,10000,1000,1000,0,3000,1/3/2024,2024-03-01,2025-11-09 07:06:39.639615,data/lms_loan_daily.csv,2024-03-01
CUS_0x1041_2023_11_01,CUS_0x1041,1/11/2023,10,4,10000,1000,1000,0,6000,1/3/2024,2024-03-01,2025-11-09 07:06:39.639615,data/lms_loan_daily.csv,2024-03-01
CUS_0x1044_2023_06_01,CUS_0x1044,1/6/2023,10,9,10000,1000,1000,0,1000,1/3/2024,2024-03-01,2025-11-09 07:06:39.639615,data/lms_loan_daily.csv,2024-03-01
CUS_0x1048_2024_02_01,CUS_0x1048,1/2/2024,10,1,10000,1000,1000,0,9000,1/3/2024,2024-03-01,2025-11-09 07:06:39.639615,data/lms_loan_daily.csv,2024-03-01
CUS_0x104a_2023_12_01,CUS_0x104a,1/12/2023,10,3,10000,1000,1000,0,7000,1/3/2024,2024-03-01,2025-11-09 07:06:39.639615,data/lms_loan_daily.csv,2024-03-01
CUS_0x104e_2023_06_01,CUS_0x104e,1/6/2023,10,9,10000,1000,1000,0,1000,1/3/2024,2024-03-01,2025-11-09 07:06:39.639615,data/lms_loan_daily.csv,2024-03-01
CUS_0x1051_2024_01_01,CUS_0x1051,1/1/2024,10,2,10000,1000,1000,0,8000,1/3/2024,2024-03-01,2025-11-09 07:06:39.639615,data/lms_loan_daily.csv,2024-03-01
CUS_0x1057_2023_09_01,CUS_0x1057,1/9/2023,10,6,10000,1000,1000,0,4000,1/3/2024,2024-03-01,2025-11-09 07:06:39.639615,data/lms_loan_daily.csv,2024-03-01
CUS_0x105b_2023_11_01,CUS_0x105b,1/11/2023,10,4,10000,1000,1000,0,6000,1/3/2024,2024-03-01,2025-11-09 07:06:39.639615,data/lms_loan_daily.csv,2024-03-01
CUS_0x105c_2023_06_01,CUS_0x105c,1/6/2023,10,9,10000,1000,1000,0,1000,1/3/2024,2024-03-01,2025-11-09 07:06:39.639615,data/lms_loan_daily.csv,2024-03-01
CUS_0x1063_2023_12_01,CUS_0x1063,1/12/2023,10,3,10000,1000,1000,0,7000,1/3/2024,2024-03-01,2025-11-09 07:06:39.639615,data/lms_loan_daily.csv,2024-03-01
CUS_0x106f_2023_08_01,CUS_0x106f,1/8/2023,10,7,10000,1000,1000,0,3000,1/3/2024,2024-03-01,2025-11-09 07:06:39.639615,data/lms_loan_daily.csv,2024-03-01
CUS_0x107c_2023_11_01,CUS_0x107c,1/11/2023,10,4,10000,1000,1000,0,6000,1/3/2024,2024-03-01,2025-11-09 07:06:39.639615,data/lms_loan_daily.csv,2024-03-01
CUS_0x108a_2023_05_01,CUS_0x108a,1/5/2023,10,10,10000,1000,1000,0,0,1/3/2024,2024-03-01,2025-11-09 07:06:39.639615,data/lms_loan_daily.csv,2024-03-01
CUS_0x1096_2024_03_01,CUS_0x1096,1/3/2024,10,0,10000,0,0,0,10000,1/3/2024,2024-03-01,2025-11-09 07:06:39.639615,data/lms_loan_daily.csv,2024-03-01
CUS_0x109b_2023_10_01,CUS_0x109b,1/10/2023,10,5,10000,1000,0,4000,9000,1/3/2024,2024-03-01,2025-11-09 07:06:39.639615,data/lms_loan_daily.csv,2024-03-01
CUS_0x10c0_2024_02_01,CUS_0x10c0,1/2/2024,10,1,10000,1000,0,1000,10000,1/3/2024,2024-03-01,2025-11-09 07:06:39.639615,data/lms_loan_daily.csv,2024-03-01
CUS_0x10d7_2023_12_01,CUS_0x10d7,1/12/2023,10,3,10000,1000,2000,0,7000,1/3/2024,2024-03-01,2025-11-09 07:06:39.639615,data/lms_loan_daily.csv,2024-03-01
CUS_0x10ee_2023_06_01,CUS_0x10ee,1/6/2023,10,9,10000,1000,0,6000,7000,1/3/2024,2024-03-01,2025-11-09 07:06:39.639615,data/lms_loan_daily.csv,2024-03-01
CUS_0x10f9_2023_05_01,CUS_0x10f9,1/5/2023,10,10,10000,1000,1000,0,0,1/3/2024,2024-03-01,2025-11-09 07:06:39.639615,data/lms_loan_daily.csv,2024-03-01
CUS_0x10fd_2023_12_01,CUS_0x10fd,1/12/2023,10,3,10000,1000,1000,0,7000,1/3/2024,2024-03-01,2025-11-09 07:06:39.639615,data/lms_loan_daily.csv,2024-03-01
CUS_0x10ff_2023_10_01,CUS_0x10ff,1/10/2023,10,5,10000,1000,1000,0,5000,1/3/2024,2024-03-01,2025-11-09 07:06:39.639615,data/lms_loan_daily.csv,2024-03-01
CUS_0x1100_2023_10_01,CUS_0x1100,1/10/2023,10,5,10000,1000,0,1000,6000,1/3/2024,2024-03-01,2025-11-09 07:06:39.639615,data/lms_loan_daily.csv,2024-03-01
CUS_0x1107_2023_11_01,CUS_0x1107,1/11/2023,10,4,10000,1000,0,4000,10000,1/3/2024,2024-03-01,2025-11-09 07:06:39.639615,data/lms_loan_daily.csv,2024-03-01
CUS_0x1119_2023_05_01,CUS_0x1119,1/5/2023,10,10,10000,1000,0,9000,9000,1/3/2024,2024-03-01,2025-11-09 07:06:39.639615,data/lms_loan_daily.csv,2024-03-01
CUS_0x111c_2024_03_01,CUS_0x111c,1/3/2024,10,0,10000,0,0,0,10000,1/3/2024,2024-03-01,2025-11-09 07:06:39.639615,data/lms_loan_daily.csv,2024-03-01
CUS_0x112d_2024_03_01,CUS_0x112d,1/3/2024,10,0,10000,0,0,0,10000,1/3/2024,2024-03-01,2025-11-09 07:06:39.639615,data/lms_loan_daily.csv,2024-03-01
CUS_0x112f_2023_10_01,CUS_0x112f,1/10/2023,10,5,10000,1000,0,2000,7000,1/3/2024,2024-03-01,2025-11-09 07:06:39.639615,data/lms_loan_daily.csv,2024-03-01
CUS_0x1130_2023_07_01,CUS_0x1130,1/7/2023,10,8,10000,1000,1000,0,2000,1/3/2024,2024-03-01,2025-11-09 07:06:39.639615,data/lms_loan_daily.csv,2024-03-01
CUS_0x1134_2023_10_01,CUS_0x1134,1/10/2023,10,5,10000,1000,1000,0,5000,1/3/2024,2024-03-01,2025-11-09 07:06:39.639615,data/lms_loan_daily.csv,2024-03-01
CUS_0x1136_2023_06_01,CUS_0x1136,1/6/2023,10,9,10000,1000,0,8000,9000,1/3/2024,2024-03-01,2025-11-09 07:06:39.639615,data/lms_loan_daily.csv,2024-03-01
CUS_0x1139_2023_12_01,CUS_0x1139,1/12/2023,10,3,10000,1000,1000,0,7000,1/3/2024,2024-03-01,2025-11-09 07:06:39.639615,data/lms_loan_daily.csv,2024-03-01
CUS_0x1154_2023_06_01,CUS_0x1154,1/6/2023,10,9,10000,1000,1000,0,1000,1/3/2024,2024-03-01,2025-11-09 07:06:39.639615,data/lms_loan_daily.csv,2024-03-01
CUS_0x1156_2023_06_01,CUS_0x1156,1/6/2023,10,9,10000,1000,1000,0,1000,1/3/2024,2024-03-01,2025-11-09 07:06:39.639615,data/lms_loan_daily.csv,2024-03-01
CUS_0x115c_2024_02_01,CUS_0x115c,1/2/2024,10,1,10000,1000,1000,0,9000,1/3/2024,2024-03-01,2025-11-09 07:06:39.639615,data/lms_loan_daily.csv,2024-03-01
CUS_0x1168_2023_10_01,CUS_0x1168,1/10/2023,10,5,10000,1000,1000,0,5000,1/3/2024,2024-03-01,2025-11-09 07:06:39.639615,data/lms_loan_daily.csv,2024-03-01
CUS_0x1169_2023_09_01,CUS_0x1169,1/9/2023,10,6,10000,1000,1000,0,4000,1/3/2024,2024-03-01,2025-11-09 07:06:39.639615,data/lms_loan_daily.csv,2024-03-01
CUS_0x117d_2023_09_01,CUS_0x117d,1/9/2023,10,6,10000,1000,1000,0,4000,1/3/2024,2024-03-01,2025-11-09 07:06:39.639615,data/lms_loan_daily.csv,2024-03-01
CUS_0x117f_2023_11_01,CUS_0x117f,1/11/2023,10,4,10000,1000,1000,0,6000,1/3/2024,2024-03-01,2025-11-09 07:06:39.639615,data/lms_loan_daily.csv,2024-03-01
CUS_0x1182_2023_09_01,CUS_0x1182,1/9/2023,10,6,10000,1000,1000,0,4000,1/3/2024,2024-03-01,2025-11-09 07:06:39.639615,data/lms_loan_daily.csv,2024-03-01
CUS_0x1192_2023_05_01,CUS_0x1192,1/5/2023,10,10,10000,1000,1000,0,0,1/3/2024,2024-03-01,2025-11-09 07:06:39.639615,data/lms_loan_daily.csv,2024-03-01
CUS_0x119e_2023_06_01,CUS_0x119e,1/6/2023,10,9,10000,1000,1000,0,1000,1/3/2024,2024-03-01,2025-11-09 07:06:39.639615,data/lms_loan_daily.csv,2024-03-01
CUS_0x11a4_2023_11_01,CUS_0x11a4,1/11/2023,10,4,10000,1000,0,2000,8000,1/3/2024,2024-03-01,2025-11-09 07:06:39.639615,data/lms_loan_daily.csv,2024-03-01
CUS_0x11b1_2023_05_01,CUS_0x11b1,1/5/2023,10,10,10000,1000,1000,0,0,1/3/2024,2024-03-01,2025-11-09 07:06:39.639615,data/lms_loan_daily.csv,2024-03-01
CUS_0x11c0_2023_08_01,CUS_0x11c0,1/8/2023,10,7,10000,1000,1000,0,3000,1/3/2024,2024-03-01,2025-11-09 07:06:39.639615,data/lms_loan_daily.csv,2024-03-01
CUS_0x11c6_2023_09_01,CUS_0x11c6,1/9/2023,10,6,10000,1000,1000,0,4000,1/3/2024,2024-03-01,2025-11-09 07:06:39.639615,data/lms_loan_daily.csv,2024-03-01
CUS_0x11d1_2023_07_01,CUS_0x11d1,1/7/2023,10,8,10000,1000,1000,0,2000,1/3/2024,2024-03-01,2025-11-09 07:06:39.639615,data/lms_loan_daily.csv,2024-03-01
CUS_0x11eb_2023_07_01,CUS_0x11eb,1/7/2023,10,8,10000,1000,1000,0,2000,1/3/2024,2024-03-01,2025-11-09 07:06:39.639615,data/lms_loan_daily.csv,2024-03-01
CUS_0x1204_2024_03_01,CUS_0x1204,1/3/2024,10,0,10000,0,0,0,10000,1/3/2024,2024-03-01,2025-11-09 07:06:39.639615,data/lms_loan_daily.csv,2024-03-01
CUS_0x1207_2023_12_01,CUS_0x1207,1/12/2023,10,3,10000,1000,2000,0,7000,1/3/2024,2024-03-01,2025-11-09 07:06:39.639615,data/lms_loan_daily.csv,2024-03-01
CUS_0x120c_2023_07_01,CUS_0x120c,1/7/2023,10,8,10000,1000,0,7000,9000,1/3/2024,2024-03-01,2025-11-09 07:06:39.639615,data/lms_loan_daily.csv,2024-03-01
CUS_0x123d_2023_11_01,CUS_0x123d,1/11/2023,10,4,10000,1000,0,2000,8000,1/3/2024,2024-03-01,2025-11-09 07:06:39.639615,data/lms_loan_daily.csv,2024-03-01
CUS_0x1246_2023_09_01,CUS_0x1246,1/9/2023,10,6,10000,1000,0,3000,7000,1/3/2024,2024-03-01,2025-11-09 07:06:39.639615,data/lms_loan_daily.csv,2024-03-01
CUS_0x124a_2023_07_01,CUS_0x124a,1/7/2023,10,8,10000,1000,1000,0,2000,1/3/2024,2024-03-01,2025-11-09 07:06:39.639615,data/lms_loan_daily.csv,2024-03-01
CUS_0x1250_2023_12_01,CUS_0x1250,1/12/2023,10,3,10000,1000,1000,0,7000,1/3/2024,2024-03-01,2025-11-09 07:06:39.639615,data/lms_loan_daily.csv,2024-03-01
CUS_0x1255_2023_08_01,CUS_0x1255,1/8/2023,10,7,10000,1000,1000,0,3000,1/3/2024,2024-03-01,2025-11-09 07:06:39.639615,data/lms_loan_daily.csv,2024-03-01
CUS_0x1269_2024_01_01,CUS_0x1269,1/1/2024,10,2,10000,1000,1000,0,8000,1/3/2024,2024-03-01,2025-11-09 07:06:39.639615,data/lms_loan_daily.csv,2024-03-01
CUS_0x1281_2023_11_01,CUS_0x1281,1/11/2023,10,4,10000,1000,0,1000,7000,1/3/2024,2024-03-01,2025-11-09 07:06:39.639615,data/lms_loan_daily.csv,2024-03-01
CUS_0x128e_2023_06_01,CUS_0x128e,1/6/2023,10,9,10000,1000,1000,0,1000,1/3/2024,2024-03-01,2025-11-09 07:06:39.639615,data/lms_loan_daily.csv,2024-03-01
CUS_0x1290_2024_01_01,CUS_0x1290,1/1/2024,10,2,10000,1000,1000,0,8000,1/3/2024,2024-03-01,2025-11-09 07:06:39.639615,data/lms_loan_daily.csv,2024-03-01
CUS_0x12a7_2023_05_01,CUS_0x12a7,1/5/2023,10,10,10000,1000,1000,0,0,1/3/2024,2024-03-01,2025-11-09 07:06:39.639615,data/lms_loan_daily.csv,2024-03-01
CUS_0x12a9_2023_05_01,CUS_0x12a9,1/5/2023,10,10,10000,1000,1000,0,0,1/3/2024,2024-03-01,2025-11-09 07:06:39.639615,data/lms_loan_daily.csv,2024-03-01
CUS_0x12af_2024_03_01,CUS_0x12af,1/3/2024,10,0,10000,0,0,0,10000,1/3/2024,2024-03-01,2025-11-09 07:06:39.639615,data/lms_loan_daily.csv,2024-03-01
CUS_0x12b6_2024_02_01,CUS_0x12b6,1/2/2024,10,1,10000,1000,1000,0,9000,1/3/2024,2024-03-01,2025-11-09 07:06:39.639615,data/lms_loan_daily.csv,2024-03-01
CUS_0x12b8_2024_02_01,CUS_0x12b8,1/2/2024,10,1,10000,1000,1000,0,9000,1/3/2024,2024-03-01,2025-11-09 07:06:39.639615,data/lms_loan_daily.csv,2024-03-01
CUS_0x12bf_2023_09_01,CUS_0x12bf,1/9/2023,10,6,10000,1000,1000,0,4000,1/3/2024,2024-03-01,2025-11-09 07:06:39.639615,data/lms_loan_daily.csv,2024-03-01
CUS_0x12cb_2024_03_01,CUS_0x12cb,1/3/2024,10,0,10000,0,0,0,10000,1/3/2024,2024-03-01,2025-11-09 07:06:39.639615,data/lms_loan_daily.csv,2024-03-01
CUS_0x12ce_2023_07_01,CUS_0x12ce,1/7/2023,10,8,10000,1000,0,6000,8000,1/3/2024,2024-03-01,2025-11-09 07:06:39.639615,data/lms_loan_daily.csv,2024-03-01
CUS_0x12d1_2024_01_01,CUS_0x12d1,1/1/2024,10,2,10000,1000,1000,0,8000,1/3/2024,2024-03-01,2025-11-09 07:06:39.639615,data/lms_loan_daily.csv,2024-03-01
CUS_0x12d5_2024_01_01,CUS_0x12d5,1/1/2024,10,2,10000,1000,1000,0,8000,1/3/2024,2024-03-01,2025-11-09 07:06:39.639615,data/lms_loan_daily.csv,2024-03-01
CUS_0x12e7_2023_10_01,CUS_0x12e7,1/10/2023,10,5,10000,1000,0,4000,9000,1/3/2024,2024-03-01,2025-11-09 07:06:39.639615,data/lms_loan_daily.csv,2024-03-01
CUS_0x12ea_2023_08_01,CUS_0x12ea,1/8/2023,10,7,10000,1000,1000,0,3000,1/3/2024,2024-03-01,2025-11-09 07:06:39.639615,data/lms_loan_daily.csv,2024-03-01
CUS_0x12ec_2023_09_01,CUS_0x12ec,1/9/2023,10,6,10000,1000,0,3000,7000,1/3/2024,2024-03-01,2025-11-09 07:06:39.639615,data/lms_loan_daily.csv,2024-03-01
CUS_0x12ef_2024_02_01,CUS_0x12ef,1/2/2024,10,1,10000,1000,1000,0,9000,1/3/2024,2024-03-01,2025-11-09 07:06:39.639615,data/lms_loan_daily.csv,2024-03-01
CUS_0x12f2_2023_12_01,CUS_0x12f2,1/12/2023,10,3,10000,1000,0,2000,9000,1/3/2024,2024-03-01,2025-11-09 07:06:39.639615,data/lms_loan_daily.csv,2024-03-01
CUS_0x12fa_2023_11_01,CUS_0x12fa,1/11/2023,10,4,10000,1000,1000,0,6000,1/3/2024,2024-03-01,2025-11-09 07:06:39.639615,data/lms_loan_daily.csv,2024-03-01
CUS_0x12fc_2024_03_01,CUS_0x12fc,1/3/2024,10,0,10000,0,0,0,10000,1/3/2024,2024-03-01,2025-11-09 07:06:39.639615,data/lms_loan_daily.csv,2024-03-01
CUS_0x1319_2023_06_01,CUS_0x1319,1/6/2023,10,9,10000,1000,1000,0,1000,1/3/2024,2024-03-01,2025-11-09 07:06:39.639615,data/lms_loan_daily.csv,2024-03-01
CUS_0x1326_2023_08_01,CUS_0x1326,1/8/2023,10,7,10000,1000,0,4000,7000,1/3/2024,2024-03-01,2025-11-09 07:06:39.639615,data/lms_loan_daily.csv,2024-03-01
CUS_0x1329_2023_06_01,CUS_0x1329,1/6/2023,10,9,10000,1000,1000,0,1000,1/3/2024,2024-03-01,2025-11-09 07:06:39.639615,data/lms_loan_daily.csv,2024-03-01
CUS_0x1330_2023_09_01,CUS_0x1330,1/9/2023,10,6,10000,1000,0,4000,8000,1/3/2024,2024-03-01,2025-11-09 07:06:39.639615,data/lms_loan_daily.csv,2024-03-01
CUS_0x133e_2024_01_01,CUS_0x133e,1/1/2024,10,2,10000,1000,1000,0,8000,1/3/2024,2024-03-01,2025-11-09 07:06:39.639615,data/lms_loan_daily.csv,2024-03-01
CUS_0x1340_2023_05_01,CUS_0x1340,1/5/2023,10,10,10000,1000,1000,0,0,1/3/2024,2024-03-01,2025-11-09 07:06:39.639615,data/lms_loan_daily.csv,2024-03-01
CUS_0x1348_2023_12_01,CUS_0x1348,1/12/2023,10,3,10000,1000,1000,0,7000,1/3/2024,2024-03-01,2025-11-09 07:06:39.639615,data/lms_loan_daily.csv,2024-03-01
CUS_0x134d_2024_02_01,CUS_0x134d,1/2/2024,10,1,10000,1000,1000,0,9000,1/3/2024,2024-03-01,2025-11-09 07:06:39.639615,data/lms_loan_daily.csv,2024-03-01
CUS_0x1355_2023_12_01,CUS_0x1355,1/12/2023,10,3,10000,1000,0,2000,9000,1/3/2024,2024-03-01,2025-11-09 07:06:39.639615,data/lms_loan_daily.csv,2024-03-01
CUS_0x1358_2023_11_01,CUS_0x1358,1/11/2023,10,4,10000,1000,1000,0,6000,1/3/2024,2024-03-01,2025-11-09 07:06:39.639615,data/lms_loan_daily.csv,2024-03-01
CUS_0x1367_2023_11_01,CUS_0x1367,1/11/2023,10,4,10000,1000,3000,0,6000,1/3/2024,2024-03-01,2025-11-09 07:06:39.639615,data/lms_loan_daily.csv,2024-03-01
CUS_0x136c_2023_08_01,CUS_0x136c,1/8/2023,10,7,10000,1000,0,6000,9000,1/3/2024,2024-03-01,2025-11-09 07:06:39.639615,data/lms_loan_daily.csv,2024-03-01
CUS_0x1383_2024_01_01,CUS_0x1383,1/1/2024,10,2,10000,1000,1000,0,8000,1/3/2024,2024-03-01,2025-11-09 07:06:39.639615,data/lms_loan_daily.csv,2024-03-01
CUS_0x138b_2023_12_01,CUS_0x138b,1/12/2023,10,3,10000,1000,1000,0,7000,1/3/2024,2024-03-01,2025-11-09 07:06:39.639615,data/lms_loan_daily.csv,2024-03-01
CUS_0x138e_2023_10_01,CUS_0x138e,1/10/2023,10,5,10000,1000,1000,0,5000,1/3/2024,2024-03-01,2025-11-09 07:06:39.639615,data/lms_loan_daily.csv,2024-03-01
CUS_0x138f_2023_08_01,CUS_0x138f,1/8/2023,10,7,10000,1000,0,5000,8000,1/3/2024,2024-03-01,2025-11-09 07:06:39.639615,data/lms_loan_daily.csv,2024-03-01
CUS_0x13b0_2023_07_01,CUS_0x13b0,1/7/2023,10,8,10000,1000,1000,0,2000,1/3/2024,2024-03-01,2025-11-09 07:06:39.639615,data/lms_loan_daily.csv,2024-03-01
CUS_0x13b2_2023_11_01,CUS_0x13b2,1/11/2023,10,4,10000,1000,1000,0,6000,1/3/2024,2024-03-01,2025-11-09 07:06:39.639615,data/lms_loan_daily.csv,2024-03-01
CUS_0x13bc_2023_11_01,CUS_0x13bc,1/11/2023,10,4,10000,1000,1000,0,6000,1/3/2024,2024-03-01,2025-11-09 07:06:39.639615,data/lms_loan_daily.csv,2024-03-01
CUS_0x13c2_2024_02_01,CUS_0x13c2,1/2/2024,10,1,10000,1000,1000,0,9000,1/3/2024,2024-03-01,2025-11-09 07:06:39.639615,data/lms_loan_daily.csv,2024-03-01
CUS_0x13d1_2023_05_01,CUS_0x13d1,1/5/2023,10,10,10000,1000,0,8000,8000,1/3/2024,2024-03-01,2025-11-09 07:06:39.639615,data/lms_loan_daily.csv,2024-03-01
CUS_0x13d6_2023_07_01,CUS_0x13d6,1/7/2023,10,8,10000,1000,0,7000,9000,1/3/2024,2024-03-01,2025-11-09 07:06:39.639615,data/lms_loan_daily.csv,2024-03-01
CUS_0x13db_2023_12_01,CUS_0x13db,1/12/2023,10,3,10000,1000,1000,0,7000,1/3/2024,2024-03-01,2025-11-09 07:06:39.639615,data/lms_loan_daily.csv,2024-03-01
CUS_0x13de_2023_07_01,CUS_0x13de,1/7/2023,10,8,10000,1000,1000,0,2000,1/3/2024,2024-03-01,2025-11-09 07:06:39.639615,data/lms_loan_daily.csv,2024-03-01
CUS_0x13e3_2023_12_01,CUS_0x13e3,1/12/2023,10,3,10000,1000,1000,0,7000,1/3/2024,2024-03-01,2025-11-09 07:06:39.639615,data/lms_loan_daily.csv,2024-03-01
CUS_0x13e7_2023_08_01,CUS_0x13e7,1/8/2023,10,7,10000,1000,0,5000,8000,1/3/2024,2024-03-01,2025-11-09 07:06:39.639615,data/lms_loan_daily.csv,2024-03-01
CUS_0x13eb_2023_05_01,CUS_0x13eb,1/5/2023,10,10,10000,1000,0,7000,7000,1/3/2024,2024-03-01,2025-11-09 07:06:39.639615,data/lms_loan_daily.csv,2024-03-01
CUS_0x13ec_2023_07_01,CUS_0x13ec,1/7/2023,10,8,10000,1000,1000,0,2000,1/3/2024,2024-03-01,2025-11-09 07:06:39.639615,data/lms_loan_daily.csv,2024-03-01
CUS_0x13f6_2023_07_01,CUS_0x13f6,1/7/2023,10,8,10000,1000,1000,0,2000,1/3/2024,2024-03-01,2025-11-09 07:06:39.639615,data/lms_loan_daily.csv,2024-03-01
CUS_0x1414_2024_02_01,CUS_0x1414,1/2/2024,10,1,10000,1000,1000,0,9000,1/3/2024,2024-03-01,2025-11-09 07:06:39.639615,data/lms_loan_daily.csv,2024-03-01
CUS_0x1416_2023_11_01,CUS_0x1416,1/11/2023,10,4,10000,1000,1000,0,6000,1/3/2024,2024-03-01,2025-11-09 07:06:39.639615,data/lms_loan_daily.csv,2024-03-01
CUS_0x141c_2023_09_01,CUS_0x141c,1/9/2023,10,6,10000,1000,1000,0,4000,1/3/2024,2024-03-01,2025-11-09 07:06:39.639615,data/lms_loan_daily.csv,2024-03-01
CUS_0x142f_2023_06_01,CUS_0x142f,1/6/2023,10,9,10000,1000,0,7000,8000,1/3/2024,2024-03-01,2025-11-09 07:06:39.639615,data/lms_loan_daily.csv,2024-03-01
CUS_0x1430_2023_09_01,CUS_0x1430,1/9/2023,10,6,10000,1000,1000,0,4000,1/3/2024,2024-03-01,2025-11-09 07:06:39.639615,data/lms_loan_daily.csv,2024-03-01
CUS_0x1439_2023_12_01,CUS_0x1439,1/12/2023,10,3,10000,1000,1000,0,7000,1/3/2024,2024-03-01,2025-11-09 07:06:39.639615,data/lms_loan_daily.csv,2024-03-01
CUS_0x143a_2023_08_01,CUS_0x143a,1/8/2023,10,7,10000,1000,1000,0,3000,1/3/2024,2024-03-01,2025-11-09 07:06:39.639615,data/lms_loan_daily.csv,2024-03-01
CUS_0x143c_2024_01_01,CUS_0x143c,1/1/2024,10,2,10000,1000,1000,0,8000,1/3/2024,2024-03-01,2025-11-09 07:06:39.639615,data/lms_loan_daily.csv,2024-03-01
CUS_0x1441_2023_12_01,CUS_0x1441,1/12/2023,10,3,10000,1000,1000,0,7000,1/3/2024,2024-03-01,2025-11-09 07:06:39.639615,data/lms_loan_daily.csv,2024-03-01
CUS_0x144c_2024_03_01,CUS_0x144c,1/3/2024,10,0,10000,0,0,0,10000,1/3/2024,2024-03-01,2025-11-09 07:06:39.639615,data/lms_loan_daily.csv,2024-03-01
CUS_0x1453_2023_08_01,CUS_0x1453,1/8/2023,10,7,10000,1000,1000,0,3000,1/3/2024,2024-03-01,2025-11-09 07:06:39.639615,data/lms_loan_daily.csv,2024-03-01
CUS_0x145c_2023_06_01,CUS_0x145c,1/6/2023,10,9,10000,1000,0,7000,8000,1/3/2024,2024-03-01,2025-11-09 07:06:39.639615,data/lms_loan_daily.csv,2024-03-01
CUS_0x1470_2024_02_01,CUS_0x1470,1/2/2024,10,1,10000,1000,1000,0,9000,1/3/2024,2024-03-01,2025-11-09 07:06:39.639615,data/lms_loan_daily.csv,2024-03-01
CUS_0x1471_2023_08_01,CUS_0x1471,1/8/2023,10,7,10000,1000,1000,0,3000,1/3/2024,2024-03-01,2025-11-09 07:06:39.639615,data/lms_loan_daily.csv,2024-03-01
CUS_0x147c_2023_10_01,CUS_0x147c,1/10/2023,10,5,10000,1000,0,4000,9000,1/3/2024,2024-03-01,2025-11-09 07:06:39.639615,data/lms_loan_daily.csv,2024-03-01
CUS_0x1488_2023_12_01,CUS_0x1488,1/12/2023,10,3,10000,1000,1000,0,7000,1/3/2024,2024-03-01,2025-11-09 07:06:39.639615,data/lms_loan_daily.csv,2024-03-01
CUS_0x1498_2023_10_01,CUS_0x1498,1/10/2023,10,5,10000,1000,0,2000,7000,1/3/2024,2024-03-01,2025-11-09 07:06:39.639615,data/lms_loan_daily.csv,2024-03-01
CUS_0x149e_2023_06_01,CUS_0x149e,1/6/2023,10,9,10000,1000,1000,0,1000,1/3/2024,2024-03-01,2025-11-09 07:06:39.639615,data/lms_loan_daily.csv,2024-03-01
CUS_0x14a3_2023_07_01,CUS_0x14a3,1/7/2023,10,8,10000,1000,1000,0,2000,1/3/2024,2024-03-01,2025-11-09 07:06:39.639615,data/lms_loan_daily.csv,2024-03-01
CUS_0x14b3_2023_07_01,CUS_0x14b3,1/7/2023,10,8,10000,1000,1000,0,2000,1/3/2024,2024-03-01,2025-11-09 07:06:39.639615,data/lms_loan_daily.csv,2024-03-01
CUS_0x14b9_2023_07_01,CUS_0x14b9,1/7/2023,10,8,10000,1000,1000,0,2000,1/3/2024,2024-03-01,2025-11-09 07:06:39.639615,data/lms_loan_daily.csv,2024-03-01
CUS_0x14ba_2023_05_01,CUS_0x14ba,1/5/2023,10,10,10000,1000,0,7000,7000,1/3/2024,2024-03-01,2025-11-09 07:06:39.639615,data/lms_loan_daily.csv,2024-03-01
CUS_0x14c1_2023_11_01,CUS_0x14c1,1/11/2023,10,4,10000,1000,1000,0,6000,1/3/2024,2024-03-01,2025-11-09 07:06:39.639615,data/lms_loan_daily.csv,2024-03-01
CUS_0x14ca_2023_06_01,CUS_0x14ca,1/6/2023,10,9,10000,1000,0,7000,8000,1/3/2024,2024-03-01,2025-11-09 07:06:39.639615,data/lms_loan_daily.csv,2024-03-01
CUS_0x14cf_2023_08_01,CUS_0x14cf,1/8/2023,10,7,10000,1000,1000,0,3000,1/3/2024,2024-03-01,2025-11-09 07:06:39.639615,data/lms_loan_daily.csv,2024-03-01
CUS_0x14d0_2024_01_01,CUS_0x14d0,1/1/2024,10,2,10000,1000,1000,0,8000,1/3/2024,2024-03-01,2025-11-09 07:06:39.639615,data/lms_loan_daily.csv,2024-03-01
CUS_0x14d1_2023_09_01,CUS_0x14d1,1/9/2023,10,6,10000,1000,0,4000,8000,1/3/2024,2024-03-01,2025-11-09 07:06:39.639615,data/lms_loan_daily.csv,2024-03-01
CUS_0x14d3_2023_12_01,CUS_0x14d3,1/12/2023,10,3,10000,1000,1000,0,7000,1/3/2024,2024-03-01,2025-11-09 07:06:39.639615,data/lms_loan_daily.csv,2024-03-01
CUS_0x14de_2023_09_01,CUS_0x14de,1/9/2023,10,6,10000,1000,1000,0,4000,1/3/2024,2024-03-01,2025-11-09 07:06:39.639615,data/lms_loan_daily.csv,2024-03-01
CUS_0x14e5_2023_09_01,CUS_0x14e5,1/9/2023,10,6,10000,1000,0,5000,9000,1/3/2024,2024-03-01,2025-11-09 07:06:39.639615,data/lms_loan_daily.csv,2024-03-01
CUS_0x14ea_2023_11_01,CUS_0x14ea,1/11/2023,10,4,10000,1000,1000,0,6000,1/3/2024,2024-03-01,2025-11-09 07:06:39.639615,data/lms_loan_daily.csv,2024-03-01
CUS_0x14f5_2023_10_01,CUS_0x14f5,1/10/2023,10,5,10000,1000,0,1000,6000,1/3/2024,2024-03-01,2025-11-09 07:06:39.639615,data/lms_loan_daily.csv,2024-03-01
CUS_0x150c_2023_07_01,CUS_0x150c,1/7/2023,10,8,10000,1000,1000,0,2000,1/3/2024,2024-03-01,2025-11-09 07:06:39.639615,data/lms_loan_daily.csv,2024-03-01
CUS_0x150d_2024_01_01,CUS_0x150d,1/1/2024,10,2,10000,1000,1000,0,8000,1/3/2024,2024-03-01,2025-11-09 07:06:39.639615,data/lms_loan_daily.csv,2024-03-01
CUS_0x1546_2024_03_01,CUS_0x1546,1/3/2024,10,0,10000,0,0,0,10000,1/3/2024,2024-03-01,2025-11-09 07:06:39.639615,data/lms_loan_daily.csv,2024-03-01
CUS_0x1550_2024_01_01,CUS_0x1550,1/1/2024,10,2,10000,1000,1000,0,8000,1/3/2024,2024-03-01,2025-11-09 07:06:39.639615,data/lms_loan_daily.csv,2024-03-01
CUS_0x1577_2023_05_01,CUS_0x1577,1/5/2023,10,10,10000,1000,1000,0,0,1/3/2024,2024-03-01,2025-11-09 07:06:39.639615,data/lms_loan_daily.csv,2024-03-01
CUS_0x157a_2023_06_01,CUS_0x157a,1/6/2023,10,9,10000,1000,1000,0,1000,1/3/2024,2024-03-01,2025-11-09 07:06:39.639615,data/lms_loan_daily.csv,2024-03-01
CUS_0x1585_2023_06_01,CUS_0x1585,1/6/2023,10,9,10000,1000,1000,0,1000,1/3/2024,2024-03-01,2025-11-09 07:06:39.639615,data/lms_loan_daily.csv,2024-03-01
CUS_0x1589_2024_01_01,CUS_0x1589,1/1/2024,10,2,10000,1000,1000,0,8000,1/3/2024,2024-03-01,2025-11-09 07:06:39.639615,data/lms_loan_daily.csv,2024-03-01
CUS_0x1591_2024_03_01,CUS_0x1591,1/3/2024,10,0,10000,0,0,0,10000,1/3/2024,2024-03-01,2025-11-09 07:06:39.639615,data/lms_loan_daily.csv,2024-03-01
CUS_0x159f_2023_11_01,CUS_0x159f,1/11/2023,10,4,10000,1000,1000,0,6000,1/3/2024,2024-03-01,2025-11-09 07:06:39.639615,data/lms_loan_daily.csv,2024-03-01
CUS_0x15c4_2023_08_01,CUS_0x15c4,1/8/2023,10,7,10000,1000,1000,0,3000,1/3/2024,2024-03-01,2025-11-09 07:06:39.639615,data/lms_loan_daily.csv,2024-03-01
CUS_0x15cc_2024_02_01,CUS_0x15cc,1/2/2024,10,1,10000,1000,1000,0,9000,1/3/2024,2024-03-01,2025-11-09 07:06:39.639615,data/lms_loan_daily.csv,2024-03-01
CUS_0x15d5_2024_03_01,CUS_0x15d5,1/3/2024,10,0,10000,0,0,0,10000,1/3/2024,2024-03-01,2025-11-09 07:06:39.639615,data/lms_loan_daily.csv,2024-03-01
CUS_0x15d9_2024_03_01,CUS_0x15d9,1/3/2024,10,0,10000,0,0,0,10000,1/3/2024,2024-03-01,2025-11-09 07:06:39.639615,data/lms_loan_daily.csv,2024-03-01
CUS_0x15da_2024_02_01,CUS_0x15da,1/2/2024,10,1,10000,1000,1000,0,9000,1/3/2024,2024-03-01,2025-11-09 07:06:39.639615,data/lms_loan_daily.csv,2024-03-01
CUS_0x15e7_2023_07_01,CUS_0x15e7,1/7/2023,10,8,10000,1000,1000,0,2000,1/3/2024,2024-03-01,2025-11-09 07:06:39.639615,data/lms_loan_daily.csv,2024-03-01
CUS_0x15f2_2023_08_01,CUS_0x15f2,1/8/2023,10,7,10000,1000,0,4000,7000,1/3/2024,2024-03-01,2025-11-09 07:06:39.639615,data/lms_loan_daily.csv,2024-03-01
CUS_0x15f7_2024_02_01,CUS_0x15f7,1/2/2024,10,1,10000,1000,0,1000,10000,1/3/2024,2024-03-01,2025-11-09 07:06:39.639615,data/lms_loan_daily.csv,2024-03-01
CUS_0x1604_2023_11_01,CUS_0x1604,1/11/2023,10,4,10000,1000,1000,0,6000,1/3/2024,2024-03-01,2025-11-09 07:06:39.639615,data/lms_loan_daily.csv,2024-03-01
CUS_0x1616_2023_05_01,CUS_0x1616,1/5/2023,10,10,10000,1000,1000,0,0,1/3/2024,2024-03-01,2025-11-09 07:06:39.639615,data/lms_loan_daily.csv,2024-03-01
CUS_0x1619_2023_09_01,CUS_0x1619,1/9/2023,10,6,10000,1000,0,2000,6000,1/3/2024,2024-03-01,2025-11-09 07:06:39.639615,data/lms_loan_daily.csv,2024-03-01
CUS_0x1647_2023_07_01,CUS_0x1647,1/7/2023,10,8,10000,1000,1000,0,2000,1/3/2024,2024-03-01,2025-11-09 07:06:39.639615,data/lms_loan_daily.csv,2024-03-01
CUS_0x165e_2023_07_01,CUS_0x165e,1/7/2023,10,8,10000,1000,1000,0,2000,1/3/2024,2024-03-01,2025-11-09 07:06:39.639615,data/lms_loan_daily.csv,2024-03-01
CUS_0x1661_2023_08_01,CUS_0x1661,1/8/2023,10,7,10000,1000,0,3000,6000,1/3/2024,2024-03-01,2025-11-09 07:06:39.639615,data/lms_loan_daily.csv,2024-03-01
CUS_0x1664_2023_06_01,CUS_0x1664,1/6/2023,10,9,10000,1000,1000,0,1000,1/3/2024,2024-03-01,2025-11-09 07:06:39.639615,data/lms_loan_daily.csv,2024-03-01
CUS_0x1666_2023_09_01,CUS_0x1666,1/9/2023,10,6,10000,1000,1000,0,4000,1/3/2024,2024-03-01,2025-11-09 07:06:39.639615,data/lms_loan_daily.csv,2024-03-01
CUS_0x1668_2024_01_01,CUS_0x1668,1/1/2024,10,2,10000,1000,1000,0,8000,1/3/2024,2024-03-01,2025-11-09 07:06:39.639615,data/lms_loan_daily.csv,2024-03-01
CUS_0x166c_2023_06_01,CUS_0x166c,1/6/2023,10,9,10000,1000,0,5000,6000,1/3/2024,2024-03-01,2025-11-09 07:06:39.639615,data/lms_loan_daily.csv,2024-03-01
CUS_0x1676_2023_08_01,CUS_0x1676,1/8/2023,10,7,10000,1000,1000,0,3000,1/3/2024,2024-03-01,2025-11-09 07:06:39.639615,data/lms_loan_daily.csv,2024-03-01
CUS_0x167a_2024_01_01,CUS_0x167a,1/1/2024,10,2,10000,1000,1000,0,8000,1/3/2024,2024-03-01,2025-11-09 07:06:39.639615,data/lms_loan_daily.csv,2024-03-01
CUS_0x1688_2024_01_01,CUS_0x1688,1/1/2024,10,2,10000,1000,1000,0,8000,1/3/2024,2024-03-01,2025-11-09 07:06:39.639615,data/lms_loan_daily.csv,2024-03-01
CUS_0x168d_2023_05_01,CUS_0x168d,1/5/2023,10,10,10000,1000,1000,0,0,1/3/2024,2024-03-01,2025-11-09 07:06:39.639615,data/lms_loan_daily.csv,2024-03-01
CUS_0x1695_2024_03_01,CUS_0x1695,1/3/2024,10,0,10000,0,0,0,10000,1/3/2024,2024-03-01,2025-11-09 07:06:39.639615,data/lms_loan_daily.csv,2024-03-01
CUS_0x1698_2023_06_01,CUS_0x1698,1/6/2023,10,9,10000,1000,1000,0,1000,1/3/2024,2024-03-01,2025-11-09 07:06:39.639615,data/lms_loan_daily.csv,2024-03-01
CUS_0x16a2_2023_06_01,CUS_0x16a2,1/6/2023,10,9,10000,1000,1000,0,1000,1/3/2024,2024-03-01,2025-11-09 07:06:39.639615,data/lms_loan_daily.csv,2024-03-01
CUS_0x16a5_2023_10_01,CUS_0x16a5,1/10/2023,10,5,10000,1000,1000,0,5000,1/3/2024,2024-03-01,2025-11-09 07:06:39.639615,data/lms_loan_daily.csv,2024-03-01
CUS_0x16a6_2023_12_01,CUS_0x16a6,1/12/2023,10,3,10000,1000,1000,0,7000,1/3/2024,2024-03-01,2025-11-09 07:06:39.639615,data/lms_loan_daily.csv,2024-03-01
CUS_0x16b4_2024_03_01,CUS_0x16b4,1/3/2024,10,0,10000,0,0,0,10000,1/3/2024,2024-03-01,2025-11-09 07:06:39.639615,data/lms_loan_daily.csv,2024-03-01
CUS_0x16d3_2023_10_01,CUS_0x16d3,1/10/2023,10,5,10000,1000,0,3000,8000,1/3/2024,2024-03-01,2025-11-09 07:06:39.639615,data/lms_loan_daily.csv,2024-03-01
CUS_0x16d9_2023_06_01,CUS_0x16d9,1/6/2023,10,9,10000,1000,1000,0,1000,1/3/2024,2024-03-01,2025-11-09 07:06:39.639615,data/lms_loan_daily.csv,2024-03-01
CUS_0x16f8_2023_09_01,CUS_0x16f8,1/9/2023,10,6,10000,1000,1000,0,4000,1/3/2024,2024-03-01,2025-11-09 07:06:39.639615,data/lms_loan_daily.csv,2024-03-01
CUS_0x1709_2023_08_01,CUS_0x1709,1/8/2023,10,7,10000,1000,1000,0,3000,1/3/2024,2024-03-01,2025-11-09 07:06:39.639615,data/lms_loan_daily.csv,2024-03-01
CUS_0x1713_2024_03_01,CUS_0x1713,1/3/2024,10,0,10000,0,0,0,10000,1/3/2024,2024-03-01,2025-11-09 07:06:39.639615,data/lms_loan_daily.csv,2024-03-01
CUS_0x1718_2024_01_01,CUS_0x1718,1/1/2024,10,2,10000,1000,0,2000,10000,1/3/2024,2024-03-01,2025-11-09 07:06:39.639615,data/lms_loan_daily.csv,2024-03-01
CUS_0x1735_2023_05_01,CUS_0x1735,1/5/2023,10,10,10000,1000,1000,0,0,1/3/2024,2024-03-01,2025-11-09 07:06:39.639615,data/lms_loan_daily.csv,2024-03-01
CUS_0x1739_2024_02_01,CUS_0x1739,1/2/2024,10,1,10000,1000,1000,0,9000,1/3/2024,2024-03-01,2025-11-09 07:06:39.639615,data/lms_loan_daily.csv,2024-03-01
CUS_0x1748_2023_10_01,CUS_0x1748,1/10/2023,10,5,10000,1000,0,2000,7000,1/3/2024,2024-03-01,2025-11-09 07:06:39.639615,data/lms_loan_daily.csv,2024-03-01
CUS_0x1758_2024_01_01,CUS_0x1758,1/1/2024,10,2,10000,1000,1000,0,8000,1/3/2024,2024-03-01,2025-11-09 07:06:39.639615,data/lms_loan_daily.csv,2024-03-01
CUS_0x1764_2024_01_01,CUS_0x1764,1/1/2024,10,2,10000,1000,1000,0,8000,1/3/2024,2024-03-01,2025-11-09 07:06:39.639615,data/lms_loan_daily.csv,2024-03-01
CUS_0x1766_2023_06_01,CUS_0x1766,1/6/2023,10,9,10000,1000,0,6000,7000,1/3/2024,2024-03-01,2025-11-09 07:06:39.639615,data/lms_loan_daily.csv,2024-03-01
CUS_0x1773_2023_10_01,CUS_0x1773,1/10/2023,10,5,10000,1000,1000,0,5000,1/3/2024,2024-03-01,2025-11-09 07:06:39.639615,data/lms_loan_daily.csv,2024-03-01
CUS_0x1786_2023_05_01,CUS_0x1786,1/5/2023,10,10,10000,1000,1000,0,0,1/3/2024,2024-03-01,2025-11-09 07:06:39.639615,data/lms_loan_daily.csv,2024-03-01
CUS_0x178b_2024_02_01,CUS_0x178b,1/2/2024,10,1,10000,1000,1000,0,9000,1/3/2024,2024-03-01,2025-11-09 07:06:39.639615,data/lms_loan_daily.csv,2024-03-01
CUS_0x17a9_2023_05_01,CUS_0x17a9,1/5/2023,10,10,10000,1000,1000,0,0,1/3/2024,2024-03-01,2025-11-09 07:06:39.639615,data/lms_loan_daily.csv,2024-03-01
CUS_0x17b0_2023_05_01,CUS_0x17b0,1/5/2023,10,10,10000,1000,1000,0,0,1/3/2024,2024-03-01,2025-11-09 07:06:39.639615,data/lms_loan_daily.csv,2024-03-01
CUS_0x17c4_2023_05_01,CUS_0x17c4,1/5/2023,10,10,10000,1000,0,8000,8000,1/3/2024,2024-03-01,2025-11-09 07:06:39.639615,data/lms_loan_daily.csv,2024-03-01
CUS_0x17c5_2023_08_01,CUS_0x17c5,1/8/2023,10,7,10000,1000,1000,0,3000,1/3/2024,2024-03-01,2025-11-09 07:06:39.639615,data/lms_loan_daily.csv,2024-03-01
CUS_0x17d3_2023_12_01,CUS_0x17d3,1/12/2023,10,3,10000,1000,1000,0,7000,1/3/2024,2024-03-01,2025-11-09 07:06:39.639615,data/lms_loan_daily.csv,2024-03-01
CUS_0x17e0_2023_06_01,CUS_0x17e0,1/6/2023,10,9,10000,1000,1000,0,1000,1/3/2024,2024-03-01,2025-11-09 07:06:39.639615,data/lms_loan_daily.csv,2024-03-01
CUS_0x17e3_2024_01_01,CUS_0x17e3,1/1/2024,10,2,10000,1000,1000,0,8000,1/3/2024,2024-03-01,2025-11-09 07:06:39.639615,data/lms_loan_daily.csv,2024-03-01
CUS_0x17e8_2023_07_01,CUS_0x17e8,1/7/2023,10,8,10000,1000,1000,0,2000,1/3/2024,2024-03-01,2025-11-09 07:06:39.639615,data/lms_loan_daily.csv,2024-03-01
CUS_0x17ec_2024_02_01,CUS_0x17ec,1/2/2024,10,1,10000,1000,1000,0,9000,1/3/2024,2024-03-01,2025-11-09 07:06:39.639615,data/lms_loan_daily.csv,2024-03-01
CUS_0x17ef_2023_06_01,CUS_0x17ef,1/6/2023,10,9,10000,1000,1000,0,1000,1/3/2024,2024-03-01,2025-11-09 07:06:39.639615,data/lms_loan_daily.csv,2024-03-01
CUS_0x17f0_2023_07_01,CUS_0x17f0,1/7/2023,10,8,10000,1000,1000,0,2000,1/3/2024,2024-03-01,2025-11-09 07:06:39.639615,data/lms_loan_daily.csv,2024-03-01
CUS_0x17fe_2023_06_01,CUS_0x17fe,1/6/2023,10,9,10000,1000,1000,0,1000,1/3/2024,2024-03-01,2025-11-09 07:06:39.639615,data/lms_loan_daily.csv,2024-03-01
CUS_0x1807_2023_11_01,CUS_0x1807,1/11/2023,10,4,10000,1000,1000,0,6000,1/3/2024,2024-03-01,2025-11-09 07:06:39.639615,data/lms_loan_daily.csv,2024-03-01
CUS_0x180a_2023_09_01,CUS_0x180a,1/9/2023,10,6,10000,1000,1000,0,4000,1/3/2024,2024-03-01,2025-11-09 07:06:39.639615,data/lms_loan_daily.csv,2024-03-01
CUS_0x1810_2023_06_01,CUS_0x1810,1/6/2023,10,9,10000,1000,1000,0,1000,1/3/2024,2024-03-01,2025-11-09 07:06:39.639615,data/lms_loan_daily.csv,2024-03-01
CUS_0x181a_2023_08_01,CUS_0x181a,1/8/2023,10,7,10000,1000,1000,0,3000,1/3/2024,2024-03-01,2025-11-09 07:06:39.639615,data/lms_loan_daily.csv,2024-03-01
CUS_0x181c_2023_11_01,CUS_0x181c,1/11/2023,10,4,10000,1000,1000,0,6000,1/3/2024,2024-03-01,2025-11-09 07:06:39.639615,data/lms_loan_daily.csv,2024-03-01
CUS_0x182d_2023_07_01,CUS_0x182d,1/7/2023,10,8,10000,1000,1000,0,2000,1/3/2024,2024-03-01,2025-11-09 07:06:39.639615,data/lms_loan_daily.csv,2024-03-01
CUS_0x1848_2023_08_01,CUS_0x1848,1/8/2023,10,7,10000,1000,0,5000,8000,1/3/2024,2024-03-01,2025-11-09 07:06:39.639615,data/lms_loan_daily.csv,2024-03-01
CUS_0x184c_2023_07_01,CUS_0x184c,1/7/2023,10,8,10000,1000,0,4000,6000,1/3/2024,2024-03-01,2025-11-09 07:06:39.639615,data/lms_loan_daily.csv,2024-03-01
CUS_0x1854_2023_05_01,CUS_0x1854,1/5/2023,10,10,10000,1000,1000,0,0,1/3/2024,2024-03-01,2025-11-09 07:06:39.639615,data/lms_loan_daily.csv,2024-03-01
CUS_0x1863_2023_07_01,CUS_0x1863,1/7/2023,10,8,10000,1000,1000,0,2000,1/3/2024,2024-03-01,2025-11-09 07:06:39.639615,data/lms_loan_daily.csv,2024-03-01
CUS_0x1864_2023_08_01,CUS_0x1864,1/8/2023,10,7,10000,1000,1000,0,3000,1/3/2024,2024-03-01,2025-11-09 07:06:39.639615,data/lms_loan_daily.csv,2024-03-01
CUS_0x1869_2023_08_01,CUS_0x1869,1/8/2023,10,7,10000,1000,1000,0,3000,1/3/2024,2024-03-01,2025-11-09 07:06:39.639615,data/lms_loan_daily.csv,2024-03-01
CUS_0x1871_2024_03_01,CUS_0x1871,1/3/2024,10,0,10000,0,0,0,10000,1/3/2024,2024-03-01,2025-11-09 07:06:39.639615,data/lms_loan_daily.csv,2024-03-01
CUS_0x187e_2023_12_01,CUS_0x187e,1/12/2023,10,3,10000,1000,0,1000,8000,1/3/2024,2024-03-01,2025-11-09 07:06:39.639615,data/lms_loan_daily.csv,2024-03-01
CUS_0x188f_2023_10_01,CUS_0x188f,1/10/2023,10,5,10000,1000,1000,0,5000,1/3/2024,2024-03-01,2025-11-09 07:06:39.639615,data/lms_loan_daily.csv,2024-03-01
CUS_0x189e_2023_12_01,CUS_0x189e,1/12/2023,10,3,10000,1000,1000,0,7000,1/3/2024,2024-03-01,2025-11-09 07:06:39.639615,data/lms_loan_daily.csv,2024-03-01
CUS_0x18af_2023_10_01,CUS_0x18af,1/10/2023,10,5,10000,1000,0,3000,8000,1/3/2024,2024-03-01,2025-11-09 07:06:39.639615,data/lms_loan_daily.csv,2024-03-01
CUS_0x18c5_2023_06_01,CUS_0x18c5,1/6/2023,10,9,10000,1000,1000,0,1000,1/3/2024,2024-03-01,2025-11-09 07:06:39.639615,data/lms_loan_daily.csv,2024-03-01
CUS_0x18c6_2023_06_01,CUS_0x18c6,1/6/2023,10,9,10000,1000,1000,0,1000,1/3/2024,2024-03-01,2025-11-09 07:06:39.639615,data/lms_loan_daily.csv,2024-03-01
CUS_0x18cb_2024_01_01,CUS_0x18cb,1/1/2024,10,2,10000,1000,1000,0,8000,1/3/2024,2024-03-01,2025-11-09 07:06:39.639615,data/lms_loan_daily.csv,2024-03-01
CUS_0x18d4_2023_08_01,CUS_0x18d4,1/8/2023,10,7,10000,1000,1000,0,3000,1/3/2024,2024-03-01,2025-11-09 07:06:39.639615,data/lms_loan_daily.csv,2024-03-01
CUS_0x18d8_2024_03_01,CUS_0x18d8,1/3/2024,10,0,10000,0,0,0,10000,1/3/2024,2024-03-01,2025-11-09 07:06:39.639615,data/lms_loan_daily.csv,2024-03-01
CUS_0x18e2_2023_09_01,CUS_0x18e2,1/9/2023,10,6,10000,1000,1000,0,4000,1/3/2024,2024-03-01,2025-11-09 07:06:39.639615,data/lms_loan_daily.csv,2024-03-01
CUS_0x18e5_2024_03_01,CUS_0x18e5,1/3/2024,10,0,10000,0,0,0,10000,1/3/2024,2024-03-01,2025-11-09 07:06:39.639615,data/lms_loan_daily.csv,2024-03-01
CUS_0x18ea_2023_11_01,CUS_0x18ea,1/11/2023,10,4,10000,1000,1000,0,6000,1/3/2024,2024-03-01,2025-11-09 07:06:39.639615,data/lms_loan_daily.csv,2024-03-01
CUS_0x18f4_2024_02_01,CUS_0x18f4,1/2/2024,10,1,10000,1000,1000,0,9000,1/3/2024,2024-03-01,2025-11-09 07:06:39.639615,data/lms_loan_daily.csv,2024-03-01
CUS_0x18fa_2023_11_01,CUS_0x18fa,1/11/2023,10,4,10000,1000,1000,0,6000,1/3/2024,2024-03-01,2025-11-09 07:06:39.639615,data/lms_loan_daily.csv,2024-03-01
CUS_0x1912_2023_10_01,CUS_0x1912,1/10/2023,10,5,10000,1000,1000,0,5000,1/3/2024,2024-03-01,2025-11-09 07:06:39.639615,data/lms_loan_daily.csv,2024-03-01
CUS_0x1914_2024_02_01,CUS_0x1914,1/2/2024,10,1,10000,1000,0,1000,10000,1/3/2024,2024-03-01,2025-11-09 07:06:39.639615,data/lms_loan_daily.csv,2024-03-01
CUS_0x1915_2023_12_01,CUS_0x1915,1/12/2023,10,3,10000,1000,1000,0,7000,1/3/2024,2024-03-01,2025-11-09 07:06:39.639615,data/lms_loan_daily.csv,2024-03-01
CUS_0x1916_2023_12_01,CUS_0x1916,1/12/2023,10,3,10000,1000,1000,0,7000,1/3/2024,2024-03-01,2025-11-09 07:06:39.639615,data/lms_loan_daily.csv,2024-03-01
CUS_0x191f_2023_10_01,CUS_0x191f,1/10/2023,10,5,10000,1000,1000,0,5000,1/3/2024,2024-03-01,2025-11-09 07:06:39.639615,data/lms_loan_daily.csv,2024-03-01
CUS_0x192d_2023_08_01,CUS_0x192d,1/8/2023,10,7,10000,1000,0,6000,9000,1/3/2024,2024-03-01,2025-11-09 07:06:39.639615,data/lms_loan_daily.csv,2024-03-01
CUS_0x1930_2023_08_01,CUS_0x1930,1/8/2023,10,7,10000,1000,1000,0,3000,1/3/2024,2024-03-01,2025-11-09 07:06:39.639615,data/lms_loan_daily.csv,2024-03-01
CUS_0x1931_2024_03_01,CUS_0x1931,1/3/2024,10,0,10000,0,0,0,10000,1/3/2024,2024-03-01,2025-11-09 07:06:39.639615,data/lms_loan_daily.csv,2024-03-01
CUS_0x1935_2024_02_01,CUS_0x1935,1/2/2024,10,1,10000,1000,1000,0,9000,1/3/2024,2024-03-01,2025-11-09 07:06:39.639615,data/lms_loan_daily.csv,2024-03-01
CUS_0x1938_2023_09_01,CUS_0x1938,1/9/2023,10,6,10000,1000,1000,0,4000,1/3/2024,2024-03-01,2025-11-09 07:06:39.639615,data/lms_loan_daily.csv,2024-03-01
CUS_0x193b_2023_07_01,CUS_0x193b,1/7/2023,10,8,10000,1000,1000,0,2000,1/3/2024,2024-03-01,2025-11-09 07:06:39.639615,data/lms_loan_daily.csv,2024-03-01
CUS_0x193e_2023_10_01,CUS_0x193e,1/10/2023,10,5,10000,1000,0,2000,7000,1/3/2024,2024-03-01,2025-11-09 07:06:39.639615,data/lms_loan_daily.csv,2024-03-01
CUS_0x1941_2023_08_01,CUS_0x1941,1/8/2023,10,7,10000,1000,0,4000,7000,1/3/2024,2024-03-01,2025-11-09 07:06:39.639615,data/lms_loan_daily.csv,2024-03-01
CUS_0x1942_2024_01_01,CUS_0x1942,1/1/2024,10,2,10000,1000,1000,0,8000,1/3/2024,2024-03-01,2025-11-09 07:06:39.639615,data/lms_loan_daily.csv,2024-03-01
CUS_0x194b_2024_02_01,CUS_0x194b,1/2/2024,10,1,10000,1000,1000,0,9000,1/3/2024,2024-03-01,2025-11-09 07:06:39.639615,data/lms_loan_daily.csv,2024-03-01
CUS_0x1956_2023_12_01,CUS_0x1956,1/12/2023,10,3,10000,1000,1000,0,7000,1/3/2024,2024-03-01,2025-11-09 07:06:39.639615,data/lms_loan_daily.csv,2024-03-01
CUS_0x1962_2023_05_01,CUS_0x1962,1/5/2023,10,10,10000,1000,1000,0,0,1/3/2024,2024-03-01,2025-11-09 07:06:39.639615,data/lms_loan_daily.csv,2024-03-01
CUS_0x1971_2023_12_01,CUS_0x1971,1/12/2023,10,3,10000,1000,1000,0,7000,1/3/2024,2024-03-01,2025-11-09 07:06:39.639615,data/lms_loan_daily.csv,2024-03-01
CUS_0x1972_2023_06_01,CUS_0x1972,1/6/2023,10,9,10000,1000,0,5000,6000,1/3/2024,2024-03-01,2025-11-09 07:06:39.639615,data/lms_loan_daily.csv,2024-03-01
CUS_0x1979_2023_10_01,CUS_0x1979,1/10/2023,10,5,10000,1000,1000,0,5000,1/3/2024,2024-03-01,2025-11-09 07:06:39.639615,data/lms_loan_daily.csv,2024-03-01
CUS_0x1986_2023_07_01,CUS_0x1986,1/7/2023,10,8,10000,1000,1000,0,2000,1/3/2024,2024-03-01,2025-11-09 07:06:39.639615,data/lms_loan_daily.csv,2024-03-01
CUS_0x198e_2024_01_01,CUS_0x198e,1/1/2024,10,2,10000,1000,1000,0,8000,1/3/2024,2024-03-01,2025-11-09 07:06:39.639615,data/lms_loan_daily.csv,2024-03-01
CUS_0x199a_2023_06_01,CUS_0x199a,1/6/2023,10,9,10000,1000,1000,0,1000,1/3/2024,2024-03-01,2025-11-09 07:06:39.639615,data/lms_loan_daily.csv,2024-03-01
CUS_0x19a7_2024_01_01,CUS_0x19a7,1/1/2024,10,2,10000,1000,0,1000,9000,1/3/2024,2024-03-01,2025-11-09 07:06:39.639615,data/lms_loan_daily.csv,2024-03-01
CUS_0x19b0_2024_03_01,CUS_0x19b0,1/3/2024,10,0,10000,0,0,0,10000,1/3/2024,2024-03-01,2025-11-09 07:06:39.639615,data/lms_loan_daily.csv,2024-03-01
CUS_0x19b2_2024_03_01,CUS_0x19b2,1/3/2024,10,0,10000,0,0,0,10000,1/3/2024,2024-03-01,2025-11-09 07:06:39.639615,data/lms_loan_daily.csv,2024-03-01
CUS_0x19b5_2024_01_01,CUS_0x19b5,1/1/2024,10,2,10000,1000,0,1000,9000,1/3/2024,2024-03-01,2025-11-09 07:06:39.639615,data/lms_loan_daily.csv,2024-03-01
CUS_0x19c9_2024_03_01,CUS_0x19c9,1/3/2024,10,0,10000,0,0,0,10000,1/3/2024,2024-03-01,2025-11-09 07:06:39.639615,data/lms_loan_daily.csv,2024-03-01
CUS_0x19cc_2024_03_01,CUS_0x19cc,1/3/2024,10,0,10000,0,0,0,10000,1/3/2024,2024-03-01,2025-11-09 07:06:39.639615,data/lms_loan_daily.csv,2024-03-01
CUS_0x19d4_2023_10_01,CUS_0x19d4,1/10/2023,10,5,10000,1000,0,2000,7000,1/3/2024,2024-03-01,2025-11-09 07:06:39.639615,data/lms_loan_daily.csv,2024-03-01
CUS_0x19de_2023_11_01,CUS_0x19de,1/11/2023,10,4,10000,1000,1000,0,6000,1/3/2024,2024-03-01,2025-11-09 07:06:39.639615,data/lms_loan_daily.csv,2024-03-01
CUS_0x19f3_2024_03_01,CUS_0x19f3,1/3/2024,10,0,10000,0,0,0,10000,1/3/2024,2024-03-01,2025-11-09 07:06:39.639615,data/lms_loan_daily.csv,2024-03-01
CUS_0x19fc_2024_02_01,CUS_0x19fc,1/2/2024,10,1,10000,1000,1000,0,9000,1/3/2024,2024-03-01,2025-11-09 07:06:39.639615,data/lms_loan_daily.csv,2024-03-01
CUS_0x1a16_2023_07_01,CUS_0x1a16,1/7/2023,10,8,10000,1000,1000,0,2000,1/3/2024,2024-03-01,2025-11-09 07:06:39.639615,data/lms_loan_daily.csv,2024-03-01
CUS_0x1a2a_2023_06_01,CUS_0x1a2a,1/6/2023,10,9,10000,1000,1000,0,1000,1/3/2024,2024-03-01,2025-11-09 07:06:39.639615,data/lms_loan_daily.csv,2024-03-01
CUS_0x1a2f_2023_06_01,CUS_0x1a2f,1/6/2023,10,9,10000,1000,1000,0,1000,1/3/2024,2024-03-01,2025-11-09 07:06:39.639615,data/lms_loan_daily.csv,2024-03-01
CUS_0x1a44_2023_07_01,CUS_0x1a44,1/7/2023,10,8,10000,1000,1000,0,2000,1/3/2024,2024-03-01,2025-11-09 07:06:39.639615,data/lms_loan_daily.csv,2024-03-01
CUS_0x1a4a_2023_06_01,CUS_0x1a4a,1/6/2023,10,9,10000,1000,1000,0,1000,1/3/2024,2024-03-01,2025-11-09 07:06:39.639615,data/lms_loan_daily.csv,2024-03-01
CUS_0x1a4d_2023_12_01,CUS_0x1a4d,1/12/2023,10,3,10000,1000,1000,0,7000,1/3/2024,2024-03-01,2025-11-09 07:06:39.639615,data/lms_loan_daily.csv,2024-03-01
CUS_0x1a59_2023_12_01,CUS_0x1a59,1/12/2023,10,3,10000,1000,1000,0,7000,1/3/2024,2024-03-01,2025-11-09 07:06:39.639615,data/lms_loan_daily.csv,2024-03-01
CUS_0x1a87_2023_05_01,CUS_0x1a87,1/5/2023,10,10,10000,1000,1000,0,0,1/3/2024,2024-03-01,2025-11-09 07:06:39.639615,data/lms_loan_daily.csv,2024-03-01
CUS_0x1aa4_2023_06_01,CUS_0x1aa4,1/6/2023,10,9,10000,1000,1000,0,1000,1/3/2024,2024-03-01,2025-11-09 07:06:39.639615,data/lms_loan_daily.csv,2024-03-01
CUS_0x1aaf_2023_10_01,CUS_0x1aaf,1/10/2023,10,5,10000,1000,1000,0,5000,1/3/2024,2024-03-01,2025-11-09 07:06:39.639615,data/lms_loan_daily.csv,2024-03-01
CUS_0x1ab7_2023_11_01,CUS_0x1ab7,1/11/2023,10,4,10000,1000,1000,0,6000,1/3/2024,2024-03-01,2025-11-09 07:06:39.639615,data/lms_loan_daily.csv,2024-03-01
CUS_0x1ab8_2023_11_01,CUS_0x1ab8,1/11/2023,10,4,10000,1000,1000,0,6000,1/3/2024,2024-03-01,2025-11-09 07:06:39.639615,data/lms_loan_daily.csv,2024-03-01
CUS_0x1ab9_2023_08_01,CUS_0x1ab9,1/8/2023,10,7,10000,1000,1000,0,3000,1/3/2024,2024-03-01,2025-11-09 07:06:39.639615,data/lms_loan_daily.csv,2024-03-01
CUS_0x1abb_2023_10_01,CUS_0x1abb,1/10/2023,10,5,10000,1000,1000,0,5000,1/3/2024,2024-03-01,2025-11-09 07:06:39.639615,data/lms_loan_daily.csv,2024-03-01
CUS_0x1abc_2023_09_01,CUS_0x1abc,1/9/2023,10,6,10000,1000,1000,0,4000,1/3/2024,2024-03-01,2025-11-09 07:06:39.639615,data/lms_loan_daily.csv,2024-03-01
CUS_0x1ac0_2024_03_01,CUS_0x1ac0,1/3/2024,10,0,10000,0,0,0,10000,1/3/2024,2024-03-01,2025-11-09 07:06:39.639615,data/lms_loan_daily.csv,2024-03-01
CUS_0x1ac9_2024_03_01,CUS_0x1ac9,1/3/2024,10,0,10000,0,0,0,10000,1/3/2024,2024-03-01,2025-11-09 07:06:39.639615,data/lms_loan_daily.csv,2024-03-01
CUS_0x1aeb_2023_07_01,CUS_0x1aeb,1/7/2023,10,8,10000,1000,1000,0,2000,1/3/2024,2024-03-01,2025-11-09 07:06:39.639615,data/lms_loan_daily.csv,2024-03-01
CUS_0x1aee_2023_06_01,CUS_0x1aee,1/6/2023,10,9,10000,1000,1000,0,1000,1/3/2024,2024-03-01,2025-11-09 07:06:39.639615,data/lms_loan_daily.csv,2024-03-01
CUS_0x1af1_2023_12_01,CUS_0x1af1,1/12/2023,10,3,10000,1000,1000,0,7000,1/3/2024,2024-03-01,2025-11-09 07:06:39.639615,data/lms_loan_daily.csv,2024-03-01
CUS_0x1afd_2023_11_01,CUS_0x1afd,1/11/2023,10,4,10000,1000,1000,0,6000,1/3/2024,2024-03-01,2025-11-09 07:06:39.639615,data/lms_loan_daily.csv,2024-03-01
CUS_0x1b00_2023_10_01,CUS_0x1b00,1/10/2023,10,5,10000,1000,1000,0,5000,1/3/2024,2024-03-01,2025-11-09 07:06:39.639615,data/lms_loan_daily.csv,2024-03-01
CUS_0x1b07_2023_05_01,CUS_0x1b07,1/5/2023,10,10,10000,1000,1000,0,0,1/3/2024,2024-03-01,2025-11-09 07:06:39.639615,data/lms_loan_daily.csv,2024-03-01
CUS_0x1b09_2024_01_01,CUS_0x1b09,1/1/2024,10,2,10000,1000,1000,0,8000,1/3/2024,2024-03-01,2025-11-09 07:06:39.639615,data/lms_loan_daily.csv,2024-03-01
CUS_0x1b0b_2024_03_01,CUS_0x1b0b,1/3/2024,10,0,10000,0,0,0,10000,1/3/2024,2024-03-01,2025-11-09 07:06:39.639615,data/lms_loan_daily.csv,2024-03-01
CUS_0x1b0c_2023_05_01,CUS_0x1b0c,1/5/2023,10,10,10000,1000,0,9000,9000,1/3/2024,2024-03-01,2025-11-09 07:06:39.639615,data/lms_loan_daily.csv,2024-03-01
CUS_0x1b21_2024_03_01,CUS_0x1b21,1/3/2024,10,0,10000,0,0,0,10000,1/3/2024,2024-03-01,2025-11-09 07:06:39.639615,data/lms_loan_daily.csv,2024-03-01
CUS_0x1b29_2023_12_01,CUS_0x1b29,1/12/2023,10,3,10000,1000,1000,0,7000,1/3/2024,2024-03-01,2025-11-09 07:06:39.639615,data/lms_loan_daily.csv,2024-03-01
CUS_0x1b3a_2024_02_01,CUS_0x1b3a,1/2/2024,10,1,10000,1000,1000,0,9000,1/3/2024,2024-03-01,2025-11-09 07:06:39.639615,data/lms_loan_daily.csv,2024-03-01
CUS_0x1b4d_2023_08_01,CUS_0x1b4d,1/8/2023,10,7,10000,1000,1000,0,3000,1/3/2024,2024-03-01,2025-11-09 07:06:39.639615,data/lms_loan_daily.csv,2024-03-01
CUS_0x1b6d_2023_10_01,CUS_0x1b6d,1/10/2023,10,5,10000,1000,0,3000,8000,1/3/2024,2024-03-01,2025-11-09 07:06:39.639615,data/lms_loan_daily.csv,2024-03-01
CUS_0x1b71_2023_07_01,CUS_0x1b71,1/7/2023,10,8,10000,1000,1000,0,2000,1/3/2024,2024-03-01,2025-11-09 07:06:39.639615,data/lms_loan_daily.csv,2024-03-01
CUS_0x1b97_2024_03_01,CUS_0x1b97,1/3/2024,10,0,10000,0,0,0,10000,1/3/2024,2024-03-01,2025-11-09 07:06:39.639615,data/lms_loan_daily.csv,2024-03-01
CUS_0x1b99_2023_10_01,CUS_0x1b99,1/10/2023,10,5,10000,1000,1000,0,5000,1/3/2024,2024-03-01,2025-11-09 07:06:39.639615,data/lms_loan_daily.csv,2024-03-01
CUS_0x1baf_2023_10_01,CUS_0x1baf,1/10/2023,10,5,10000,1000,1000,0,5000,1/3/2024,2024-03-01,2025-11-09 07:06:39.639615,data/lms_loan_daily.csv,2024-03-01
CUS_0x1bb0_2024_02_01,CUS_0x1bb0,1/2/2024,10,1,10000,1000,1000,0,9000,1/3/2024,2024-03-01,2025-11-09 07:06:39.639615,data/lms_loan_daily.csv,2024-03-01
CUS_0x1bbb_2023_06_01,CUS_0x1bbb,1/6/2023,10,9,10000,1000,1000,0,1000,1/3/2024,2024-03-01,2025-11-09 07:06:39.639615,data/lms_loan_daily.csv,2024-03-01
CUS_0x1bbf_2024_02_01,CUS_0x1bbf,1/2/2024,10,1,10000,1000,1000,0,9000,1/3/2024,2024-03-01,2025-11-09 07:06:39.639615,data/lms_loan_daily.csv,2024-03-01
CUS_0x1bc0_2023_08_01,CUS_0x1bc0,1/8/2023,10,7,10000,1000,1000,0,3000,1/3/2024,2024-03-01,2025-11-09 07:06:39.639615,data/lms_loan_daily.csv,2024-03-01
CUS_0x1bdf_2023_08_01,CUS_0x1bdf,1/8/2023,10,7,10000,1000,0,3000,6000,1/3/2024,2024-03-01,2025-11-09 07:06:39.639615,data/lms_loan_daily.csv,2024-03-01
CUS_0x1be0_2023_10_01,CUS_0x1be0,1/10/2023,10,5,10000,1000,0,1000,6000,1/3/2024,2024-03-01,2025-11-09 07:06:39.639615,data/lms_loan_daily.csv,2024-03-01
CUS_0x1be2_2023_09_01,CUS_0x1be2,1/9/2023,10,6,10000,1000,1000,0,4000,1/3/2024,2024-03-01,2025-11-09 07:06:39.639615,data/lms_loan_daily.csv,2024-03-01
CUS_0x1bef_2024_02_01,CUS_0x1bef,1/2/2024,10,1,10000,1000,1000,0,9000,1/3/2024,2024-03-01,2025-11-09 07:06:39.639615,data/lms_loan_daily.csv,2024-03-01
CUS_0x1bf1_2023_05_01,CUS_0x1bf1,1/5/2023,10,10,10000,1000,1000,0,0,1/3/2024,2024-03-01,2025-11-09 07:06:39.639615,data/lms_loan_daily.csv,2024-03-01
CUS_0x1bff_2024_01_01,CUS_0x1bff,1/1/2024,10,2,10000,1000,1000,0,8000,1/3/2024,2024-03-01,2025-11-09 07:06:39.639615,data/lms_loan_daily.csv,2024-03-01
CUS_0x1c12_2024_01_01,CUS_0x1c12,1/1/2024,10,2,10000,1000,1000,0,8000,1/3/2024,2024-03-01,2025-11-09 07:06:39.639615,data/lms_loan_daily.csv,2024-03-01
CUS_0x1c1a_2023_06_01,CUS_0x1c1a,1/6/2023,10,9,10000,1000,1000,0,1000,1/3/2024,2024-03-01,2025-11-09 07:06:39.639615,data/lms_loan_daily.csv,2024-03-01
CUS_0x1c1c_2023_10_01,CUS_0x1c1c,1/10/2023,10,5,10000,1000,1000,0,5000,1/3/2024,2024-03-01,2025-11-09 07:06:39.639615,data/lms_loan_daily.csv,2024-03-01
CUS_0x1c1f_2024_01_01,CUS_0x1c1f,1/1/2024,10,2,10000,1000,0,1000,9000,1/3/2024,2024-03-01,2025-11-09 07:06:39.639615,data/lms_loan_daily.csv,2024-03-01
CUS_0x1c24_2024_02_01,CUS_0x1c24,1/2/2024,10,1,10000,1000,1000,0,9000,1/3/2024,2024-03-01,2025-11-09 07:06:39.639615,data/lms_loan_daily.csv,2024-03-01
CUS_0x1c31_2024_02_01,CUS_0x1c31,1/2/2024,10,1,10000,1000,1000,0,9000,1/3/2024,2024-03-01,2025-11-09 07:06:39.639615,data/lms_loan_daily.csv,2024-03-01
CUS_0x1c40_2023_11_01,CUS_0x1c40,1/11/2023,10,4,10000,1000,1000,0,6000,1/3/2024,2024-03-01,2025-11-09 07:06:39.639615,data/lms_loan_daily.csv,2024-03-01
CUS_0x1c57_2023_05_01,CUS_0x1c57,1/5/2023,10,10,10000,1000,1000,0,0,1/3/2024,2024-03-01,2025-11-09 07:06:39.639615,data/lms_loan_daily.csv,2024-03-01
CUS_0x1c65_2023_11_01,CUS_0x1c65,1/11/2023,10,4,10000,1000,1000,0,6000,1/3/2024,2024-03-01,2025-11-09 07:06:39.639615,data/lms_loan_daily.csv,2024-03-01
CUS_0x1c70_2023_09_01,CUS_0x1c70,1/9/2023,10,6,10000,1000,1000,0,4000,1/3/2024,2024-03-01,2025-11-09 07:06:39.639615,data/lms_loan_daily.csv,2024-03-01
CUS_0x1c79_2023_07_01,CUS_0x1c79,1/7/2023,10,8,10000,1000,0,6000,8000,1/3/2024,2024-03-01,2025-11-09 07:06:39.639615,data/lms_loan_daily.csv,2024-03-01
CUS_0x1c7d_2023_10_01,CUS_0x1c7d,1/10/2023,10,5,10000,1000,1000,0,5000,1/3/2024,2024-03-01,2025-11-09 07:06:39.639615,data/lms_loan_daily.csv,2024-03-01
CUS_0x1c7e_2024_01_01,CUS_0x1c7e,1/1/2024,10,2,10000,1000,1000,0,8000,1/3/2024,2024-03-01,2025-11-09 07:06:39.639615,data/lms_loan_daily.csv,2024-03-01
CUS_0x1c83_2023_08_01,CUS_0x1c83,1/8/2023,10,7,10000,1000,1000,0,3000,1/3/2024,2024-03-01,2025-11-09 07:06:39.639615,data/lms_loan_daily.csv,2024-03-01
CUS_0x1c89_2023_09_01,CUS_0x1c89,1/9/2023,10,6,10000,1000,1000,0,4000,1/3/2024,2024-03-01,2025-11-09 07:06:39.639615,data/lms_loan_daily.csv,2024-03-01
CUS_0x1c96_2023_11_01,CUS_0x1c96,1/11/2023,10,4,10000,1000,0,1000,7000,1/3/2024,2024-03-01,2025-11-09 07:06:39.639615,data/lms_loan_daily.csv,2024-03-01
CUS_0x1c99_2023_06_01,CUS_0x1c99,1/6/2023,10,9,10000,1000,0,6000,7000,1/3/2024,2024-03-01,2025-11-09 07:06:39.639615,data/lms_loan_daily.csv,2024-03-01
CUS_0x1ca9_2023_06_01,CUS_0x1ca9,1/6/2023,10,9,10000,1000,1000,0,1000,1/3/2024,2024-03-01,2025-11-09 07:06:39.639615,data/lms_loan_daily.csv,2024-03-01
CUS_0x1cab_2023_12_01,CUS_0x1cab,1/12/2023,10,3,10000,1000,2000,0,7000,1/3/2024,2024-03-01,2025-11-09 07:06:39.639615,data/lms_loan_daily.csv,2024-03-01
CUS_0x1cc4_2024_01_01,CUS_0x1cc4,1/1/2024,10,2,10000,1000,1000,0,8000,1/3/2024,2024-03-01,2025-11-09 07:06:39.639615,data/lms_loan_daily.csv,2024-03-01
CUS_0x1cce_2024_01_01,CUS_0x1cce,1/1/2024,10,2,10000,1000,1000,0,8000,1/3/2024,2024-03-01,2025-11-09 07:06:39.639615,data/lms_loan_daily.csv,2024-03-01
CUS_0x1ccf_2023_09_01,CUS_0x1ccf,1/9/2023,10,6,10000,1000,0,2000,6000,1/3/2024,2024-03-01,2025-11-09 07:06:39.639615,data/lms_loan_daily.csv,2024-03-01
CUS_0x1cdb_2023_06_01,CUS_0x1cdb,1/6/2023,10,9,10000,1000,1000,0,1000,1/3/2024,2024-03-01,2025-11-09 07:06:39.639615,data/lms_loan_daily.csv,2024-03-01
CUS_0x1cee_2023_12_01,CUS_0x1cee,1/12/2023,10,3,10000,1000,1000,0,7000,1/3/2024,2024-03-01,2025-11-09 07:06:39.639615,data/lms_loan_daily.csv,2024-03-01
CUS_0x1cf3_2023_05_01,CUS_0x1cf3,1/5/2023,10,10,10000,1000,1000,0,0,1/3/2024,2024-03-01,2025-11-09 07:06:39.639615,data/lms_loan_daily.csv,2024-03-01
CUS_0x1cfd_2023_12_01,CUS_0x1cfd,1/12/2023,10,3,10000,1000,1000,0,7000,1/3/2024,2024-03-01,2025-11-09 07:06:39.639615,data/lms_loan_daily.csv,2024-03-01
CUS_0x1d1b_2024_01_01,CUS_0x1d1b,1/1/2024,10,2,10000,1000,2000,0,8000,1/3/2024,2024-03-01,2025-11-09 07:06:39.639615,data/lms_loan_daily.csv,2024-03-01
CUS_0x1d1c_2023_08_01,CUS_0x1d1c,1/8/2023,10,7,10000,1000,1000,0,3000,1/3/2024,2024-03-01,2025-11-09 07:06:39.639615,data/lms_loan_daily.csv,2024-03-01
CUS_0x1d1f_2023_10_01,CUS_0x1d1f,1/10/2023,10,5,10000,1000,1000,0,5000,1/3/2024,2024-03-01,2025-11-09 07:06:39.639615,data/lms_loan_daily.csv,2024-03-01
CUS_0x1d21_2023_08_01,CUS_0x1d21,1/8/2023,10,7,10000,1000,1000,0,3000,1/3/2024,2024-03-01,2025-11-09 07:06:39.639615,data/lms_loan_daily.csv,2024-03-01
CUS_0x1d33_2024_01_01,CUS_0x1d33,1/1/2024,10,2,10000,1000,1000,0,8000,1/3/2024,2024-03-01,2025-11-09 07:06:39.639615,data/lms_loan_daily.csv,2024-03-01
CUS_0x1d3d_2024_02_01,CUS_0x1d3d,1/2/2024,10,1,10000,1000,1000,0,9000,1/3/2024,2024-03-01,2025-11-09 07:06:39.639615,data/lms_loan_daily.csv,2024-03-01
CUS_0x1d46_2023_05_01,CUS_0x1d46,1/5/2023,10,10,10000,1000,1000,0,0,1/3/2024,2024-03-01,2025-11-09 07:06:39.639615,data/lms_loan_daily.csv,2024-03-01
CUS_0x1d56_2023_09_01,CUS_0x1d56,1/9/2023,10,6,10000,1000,0,2000,6000,1/3/2024,2024-03-01,2025-11-09 07:06:39.639615,data/lms_loan_daily.csv,2024-03-01
CUS_0x1d64_2023_09_01,CUS_0x1d64,1/9/2023,10,6,10000,1000,1000,0,4000,1/3/2024,2024-03-01,2025-11-09 07:06:39.639615,data/lms_loan_daily.csv,2024-03-01
CUS_0x1d6f_2023_06_01,CUS_0x1d6f,1/6/2023,10,9,10000,1000,1000,0,1000,1/3/2024,2024-03-01,2025-11-09 07:06:39.639615,data/lms_loan_daily.csv,2024-03-01
CUS_0x1d72_2023_11_01,CUS_0x1d72,1/11/2023,10,4,10000,1000,1000,0,6000,1/3/2024,2024-03-01,2025-11-09 07:06:39.639615,data/lms_loan_daily.csv,2024-03-01
CUS_0x1d7b_2023_07_01,CUS_0x1d7b,1/7/2023,10,8,10000,1000,1000,0,2000,1/3/2024,2024-03-01,2025-11-09 07:06:39.639615,data/lms_loan_daily.csv,2024-03-01
CUS_0x1d85_2024_03_01,CUS_0x1d85,1/3/2024,10,0,10000,0,0,0,10000,1/3/2024,2024-03-01,2025-11-09 07:06:39.639615,data/lms_loan_daily.csv,2024-03-01
CUS_0x1d86_2023_09_01,CUS_0x1d86,1/9/2023,10,6,10000,1000,1000,0,4000,1/3/2024,2024-03-01,2025-11-09 07:06:39.639615,data/lms_loan_daily.csv,2024-03-01
CUS_0x1d8f_2023_11_01,CUS_0x1d8f,1/11/2023,10,4,10000,1000,0,1000,7000,1/3/2024,2024-03-01,2025-11-09 07:06:39.639615,data/lms_loan_daily.csv,2024-03-01
CUS_0x1d9a_2024_01_01,CUS_0x1d9a,1/1/2024,10,2,10000,1000,1000,0,8000,1/3/2024,2024-03-01,2025-11-09 07:06:39.639615,data/lms_loan_daily.csv,2024-03-01
CUS_0x1d9e_2023_10_01,CUS_0x1d9e,1/10/2023,10,5,10000,1000,1000,0,5000,1/3/2024,2024-03-01,2025-11-09 07:06:39.639615,data/lms_loan_daily.csv,2024-03-01
CUS_0x1dad_2023_07_01,CUS_0x1dad,1/7/2023,10,8,10000,1000,1000,0,2000,1/3/2024,2024-03-01,2025-11-09 07:06:39.639615,data/lms_loan_daily.csv,2024-03-01
CUS_0x1db0_2023_06_01,CUS_0x1db0,1/6/2023,10,9,10000,1000,0,5000,6000,1/3/2024,2024-03-01,2025-11-09 07:06:39.639615,data/lms_loan_daily.csv,2024-03-01
CUS_0x1db4_2023_05_01,CUS_0x1db4,1/5/2023,10,10,10000,1000,1000,0,0,1/3/2024,2024-03-01,2025-11-09 07:06:39.639615,data/lms_loan_daily.csv,2024-03-01
CUS_0x1dc1_2023_08_01,CUS_0x1dc1,1/8/2023,10,7,10000,1000,0,3000,6000,1/3/2024,2024-03-01,2025-11-09 07:06:39.639615,data/lms_loan_daily.csv,2024-03-01
CUS_0x1dc2_2023_06_01,CUS_0x1dc2,1/6/2023,10,9,10000,1000,0,7000,8000,1/3/2024,2024-03-01,2025-11-09 07:06:39.639615,data/lms_loan_daily.csv,2024-03-01
CUS_0x1dda_2023_12_01,CUS_0x1dda,1/12/2023,10,3,10000,1000,1000,0,7000,1/3/2024,2024-03-01,2025-11-09 07:06:39.639615,data/lms_loan_daily.csv,2024-03-01
CUS_0x1de3_2023_06_01,CUS_0x1de3,1/6/2023,10,9,10000,1000,0,6000,7000,1/3/2024,2024-03-01,2025-11-09 07:06:39.639615,data/lms_loan_daily.csv,2024-03-01
CUS_0x1de5_2023_12_01,CUS_0x1de5,1/12/2023,10,3,10000,1000,0,2000,9000,1/3/2024,2024-03-01,2025-11-09 07:06:39.639615,data/lms_loan_daily.csv,2024-03-01
CUS_0x1e06_2023_10_01,CUS_0x1e06,1/10/2023,10,5,10000,1000,1000,0,5000,1/3/2024,2024-03-01,2025-11-09 07:06:39.639615,data/lms_loan_daily.csv,2024-03-01
CUS_0x1e0f_2023_10_01,CUS_0x1e0f,1/10/2023,10,5,10000,1000,1000,0,5000,1/3/2024,2024-03-01,2025-11-09 07:06:39.639615,data/lms_loan_daily.csv,2024-03-01
CUS_0x1e2d_2024_01_01,CUS_0x1e2d,1/1/2024,10,2,10000,1000,1000,0,8000,1/3/2024,2024-03-01,2025-11-09 07:06:39.639615,data/lms_loan_daily.csv,2024-03-01
CUS_0x1e3e_2023_12_01,CUS_0x1e3e,1/12/2023,10,3,10000,1000,1000,0,7000,1/3/2024,2024-03-01,2025-11-09 07:06:39.639615,data/lms_loan_daily.csv,2024-03-01
CUS_0x1e41_2023_05_01,CUS_0x1e41,1/5/2023,10,10,10000,1000,1000,0,0,1/3/2024,2024-03-01,2025-11-09 07:06:39.639615,data/lms_loan_daily.csv,2024-03-01
CUS_0x1e46_2023_09_01,CUS_0x1e46,1/9/2023,10,6,10000,1000,0,4000,8000,1/3/2024,2024-03-01,2025-11-09 07:06:39.639615,data/lms_loan_daily.csv,2024-03-01
CUS_0x1e50_2024_02_01,CUS_0x1e50,1/2/2024,10,1,10000,1000,1000,0,9000,1/3/2024,2024-03-01,2025-11-09 07:06:39.639615,data/lms_loan_daily.csv,2024-03-01
CUS_0x1e51_2023_07_01,CUS_0x1e51,1/7/2023,10,8,10000,1000,1000,0,2000,1/3/2024,2024-03-01,2025-11-09 07:06:39.639615,data/lms_loan_daily.csv,2024-03-01
CUS_0x1e52_2023_06_01,CUS_0x1e52,1/6/2023,10,9,10000,1000,1000,0,1000,1/3/2024,2024-03-01,2025-11-09 07:06:39.639615,data/lms_loan_daily.csv,2024-03-01
CUS_0x1e63_2024_03_01,CUS_0x1e63,1/3/2024,10,0,10000,0,0,0,10000,1/3/2024,2024-03-01,2025-11-09 07:06:39.639615,data/lms_loan_daily.csv,2024-03-01
CUS_0x1e70_2023_06_01,CUS_0x1e70,1/6/2023,10,9,10000,1000,1000,0,1000,1/3/2024,2024-03-01,2025-11-09 07:06:39.639615,data/lms_loan_daily.csv,2024-03-01
CUS_0x1e72_2024_01_01,CUS_0x1e72,1/1/2024,10,2,10000,1000,1000,0,8000,1/3/2024,2024-03-01,2025-11-09 07:06:39.639615,data/lms_loan_daily.csv,2024-03-01
CUS_0x1e87_2023_12_01,CUS_0x1e87,1/12/2023,10,3,10000,1000,1000,0,7000,1/3/2024,2024-03-01,2025-11-09 07:06:39.639615,data/lms_loan_daily.csv,2024-03-01
CUS_0x1e8c_2023_12_01,CUS_0x1e8c,1/12/2023,10,3,10000,1000,1000,0,7000,1/3/2024,2024-03-01,2025-11-09 07:06:39.639615,data/lms_loan_daily.csv,2024-03-01
CUS_0x1e91_2023_06_01,CUS_0x1e91,1/6/2023,10,9,10000,1000,1000,0,1000,1/3/2024,2024-03-01,2025-11-09 07:06:39.639615,data/lms_loan_daily.csv,2024-03-01
CUS_0x1e95_2023_06_01,CUS_0x1e95,1/6/2023,10,9,10000,1000,1000,0,1000,1/3/2024,2024-03-01,2025-11-09 07:06:39.639615,data/lms_loan_daily.csv,2024-03-01
CUS_0x1e96_2023_05_01,CUS_0x1e96,1/5/2023,10,10,10000,1000,0,8000,8000,1/3/2024,2024-03-01,2025-11-09 07:06:39.639615,data/lms_loan_daily.csv,2024-03-01
CUS_0x1e9c_2023_12_01,CUS_0x1e9c,1/12/2023,10,3,10000,1000,1000,0,7000,1/3/2024,2024-03-01,2025-11-09 07:06:39.639615,data/lms_loan_daily.csv,2024-03-01
CUS_0x1ebb_2024_03_01,CUS_0x1ebb,1/3/2024,10,0,10000,0,0,0,10000,1/3/2024,2024-03-01,2025-11-09 07:06:39.639615,data/lms_loan_daily.csv,2024-03-01
CUS_0x1ec2_2023_08_01,CUS_0x1ec2,1/8/2023,10,7,10000,1000,1000,0,3000,1/3/2024,2024-03-01,2025-11-09 07:06:39.639615,data/lms_loan_daily.csv,2024-03-01
CUS_0x1ec4_2023_06_01,CUS_0x1ec4,1/6/2023,10,9,10000,1000,1000,0,1000,1/3/2024,2024-03-01,2025-11-09 07:06:39.639615,data/lms_loan_daily.csv,2024-03-01
CUS_0x1ec5_2023_07_01,CUS_0x1ec5,1/7/2023,10,8,10000,1000,1000,0,2000,1/3/2024,2024-03-01,2025-11-09 07:06:39.639615,data/lms_loan_daily.csv,2024-03-01
CUS_0x1ecf_2023_05_01,CUS_0x1ecf,1/5/2023,10,10,10000,1000,1000,0,0,1/3/2024,2024-03-01,2025-11-09 07:06:39.639615,data/lms_loan_daily.csv,2024-03-01
CUS_0x1ed3_2023_12_01,CUS_0x1ed3,1/12/2023,10,3,10000,1000,1000,0,7000,1/3/2024,2024-03-01,2025-11-09 07:06:39.639615,data/lms_loan_daily.csv,2024-03-01
CUS_0x1ed8_2023_11_01,CUS_0x1ed8,1/11/2023,10,4,10000,1000,2000,0,6000,1/3/2024,2024-03-01,2025-11-09 07:06:39.639615,data/lms_loan_daily.csv,2024-03-01
CUS_0x1ee3_2023_05_01,CUS_0x1ee3,1/5/2023,10,10,10000,1000,0,7000,7000,1/3/2024,2024-03-01,2025-11-09 07:06:39.639615,data/lms_loan_daily.csv,2024-03-01
CUS_0x1eee_2024_01_01,CUS_0x1eee,1/1/2024,10,2,10000,1000,1000,0,8000,1/3/2024,2024-03-01,2025-11-09 07:06:39.639615,data/lms_loan_daily.csv,2024-03-01
CUS_0x1ef1_2023_05_01,CUS_0x1ef1,1/5/2023,10,10,10000,1000,1000,0,0,1/3/2024,2024-03-01,2025-11-09 07:06:39.639615,data/lms_loan_daily.csv,2024-03-01
CUS_0x1ef9_2024_02_01,CUS_0x1ef9,1/2/2024,10,1,10000,1000,1000,0,9000,1/3/2024,2024-03-01,2025-11-09 07:06:39.639615,data/lms_loan_daily.csv,2024-03-01
CUS_0x1efd_2024_01_01,CUS_0x1efd,1/1/2024,10,2,10000,1000,1000,0,8000,1/3/2024,2024-03-01,2025-11-09 07:06:39.639615,data/lms_loan_daily.csv,2024-03-01
CUS_0x1f04_2023_07_01,CUS_0x1f04,1/7/2023,10,8,10000,1000,1000,0,2000,1/3/2024,2024-03-01,2025-11-09 07:06:39.639615,data/lms_loan_daily.csv,2024-03-01
CUS_0x1f1a_2023_11_01,CUS_0x1f1a,1/11/2023,10,4,10000,1000,0,2000,8000,1/3/2024,2024-03-01,2025-11-09 07:06:39.639615,data/lms_loan_daily.csv,2024-03-01
CUS_0x1f24_2023_10_01,CUS_0x1f24,1/10/2023,10,5,10000,1000,0,2000,7000,1/3/2024,2024-03-01,2025-11-09 07:06:39.639615,data/lms_loan_daily.csv,2024-03-01
CUS_0x1f2c_2023_09_01,CUS_0x1f2c,1/9/2023,10,6,10000,1000,1000,0,4000,1/3/2024,2024-03-01,2025-11-09 07:06:39.639615,data/lms_loan_daily.csv,2024-03-01
CUS_0x1f36_2023_11_01,CUS_0x1f36,1/11/2023,10,4,10000,1000,1000,0,6000,1/3/2024,2024-03-01,2025-11-09 07:06:39.639615,data/lms_loan_daily.csv,2024-03-01
CUS_0x1f43_2024_01_01,CUS_0x1f43,1/1/2024,10,2,10000,1000,1000,0,8000,1/3/2024,2024-03-01,2025-11-09 07:06:39.639615,data/lms_loan_daily.csv,2024-03-01
CUS_0x1f49_2023_08_01,CUS_0x1f49,1/8/2023,10,7,10000,1000,1000,0,3000,1/3/2024,2024-03-01,2025-11-09 07:06:39.639615,data/lms_loan_daily.csv,2024-03-01
CUS_0x1f4f_2024_02_01,CUS_0x1f4f,1/2/2024,10,1,10000,1000,1000,0,9000,1/3/2024,2024-03-01,2025-11-09 07:06:39.639615,data/lms_loan_daily.csv,2024-03-01
CUS_0x1f60_2023_09_01,CUS_0x1f60,1/9/2023,10,6,10000,1000,0,3000,7000,1/3/2024,2024-03-01,2025-11-09 07:06:39.639615,data/lms_loan_daily.csv,2024-03-01
CUS_0x1f66_2023_10_01,CUS_0x1f66,1/10/2023,10,5,10000,1000,1000,0,5000,1/3/2024,2024-03-01,2025-11-09 07:06:39.639615,data/lms_loan_daily.csv,2024-03-01
CUS_0x1f74_2024_01_01,CUS_0x1f74,1/1/2024,10,2,10000,1000,1000,0,8000,1/3/2024,2024-03-01,2025-11-09 07:06:39.639615,data/lms_loan_daily.csv,2024-03-01
CUS_0x1f87_2023_05_01,CUS_0x1f87,1/5/2023,10,10,10000,1000,1000,0,0,1/3/2024,2024-03-01,2025-11-09 07:06:39.639615,data/lms_loan_daily.csv,2024-03-01
CUS_0x1f88_2023_12_01,CUS_0x1f88,1/12/2023,10,3,10000,1000,1000,0,7000,1/3/2024,2024-03-01,2025-11-09 07:06:39.639615,data/lms_loan_daily.csv,2024-03-01
CUS_0x1f91_2024_02_01,CUS_0x1f91,1/2/2024,10,1,10000,1000,1000,0,9000,1/3/2024,2024-03-01,2025-11-09 07:06:39.639615,data/lms_loan_daily.csv,2024-03-01
CUS_0x1f96_2023_06_01,CUS_0x1f96,1/6/2023,10,9,10000,1000,1000,0,1000,1/3/2024,2024-03-01,2025-11-09 07:06:39.639615,data/lms_loan_daily.csv,2024-03-01
CUS_0x1f9b_2023_11_01,CUS_0x1f9b,1/11/2023,10,4,10000,1000,1000,0,6000,1/3/2024,2024-03-01,2025-11-09 07:06:39.639615,data/lms_loan_daily.csv,2024-03-01
CUS_0x1fa0_2023_09_01,CUS_0x1fa0,1/9/2023,10,6,10000,1000,1000,0,4000,1/3/2024,2024-03-01,2025-11-09 07:06:39.639615,data/lms_loan_daily.csv,2024-03-01
CUS_0x1fa5_2024_02_01,CUS_0x1fa5,1/2/2024,10,1,10000,1000,1000,0,9000,1/3/2024,2024-03-01,2025-11-09 07:06:39.639615,data/lms_loan_daily.csv,2024-03-01
CUS_0x1fae_2023_12_01,CUS_0x1fae,1/12/2023,10,3,10000,1000,1000,0,7000,1/3/2024,2024-03-01,2025-11-09 07:06:39.639615,data/lms_loan_daily.csv,2024-03-01
CUS_0x1fb0_2023_11_01,CUS_0x1fb0,1/11/2023,10,4,10000,1000,1000,0,6000,1/3/2024,2024-03-01,2025-11-09 07:06:39.639615,data/lms_loan_daily.csv,2024-03-01
CUS_0x1fb5_2023_11_01,CUS_0x1fb5,1/11/2023,10,4,10000,1000,1000,0,6000,1/3/2024,2024-03-01,2025-11-09 07:06:39.639615,data/lms_loan_daily.csv,2024-03-01
CUS_0x1fbb_2023_08_01,CUS_0x1fbb,1/8/2023,10,7,10000,1000,1000,0,3000,1/3/2024,2024-03-01,2025-11-09 07:06:39.639615,data/lms_loan_daily.csv,2024-03-01
CUS_0x1fcc_2024_02_01,CUS_0x1fcc,1/2/2024,10,1,10000,1000,1000,0,9000,1/3/2024,2024-03-01,2025-11-09 07:06:39.639615,data/lms_loan_daily.csv,2024-03-01
CUS_0x1fe3_2023_05_01,CUS_0x1fe3,1/5/2023,10,10,10000,1000,0,8000,8000,1/3/2024,2024-03-01,2025-11-09 07:06:39.639615,data/lms_loan_daily.csv,2024-03-01
CUS_0x1feb_2024_01_01,CUS_0x1feb,1/1/2024,10,2,10000,1000,1000,0,8000,1/3/2024,2024-03-01,2025-11-09 07:06:39.639615,data/lms_loan_daily.csv,2024-03-01
CUS_0x1fef_2023_11_01,CUS_0x1fef,1/11/2023,10,4,10000,1000,1000,0,6000,1/3/2024,2024-03-01,2025-11-09 07:06:39.639615,data/lms_loan_daily.csv,2024-03-01
CUS_0x1ffb_2023_12_01,CUS_0x1ffb,1/12/2023,10,3,10000,1000,0,1000,8000,1/3/2024,2024-03-01,2025-11-09 07:06:39.639615,data/lms_loan_daily.csv,2024-03-01
CUS_0x1ffc_2023_10_01,CUS_0x1ffc,1/10/2023,10,5,10000,1000,1000,0,5000,1/3/2024,2024-03-01,2025-11-09 07:06:39.639615,data/lms_loan_daily.csv,2024-03-01
CUS_0x2000_2023_12_01,CUS_0x2000,1/12/2023,10,3,10000,1000,1000,0,7000,1/3/2024,2024-03-01,2025-11-09 07:06:39.639615,data/lms_loan_daily.csv,2024-03-01
CUS_0x2002_2023_09_01,CUS_0x2002,1/9/2023,10,6,10000,1000,1000,0,4000,1/3/2024,2024-03-01,2025-11-09 07:06:39.639615,data/lms_loan_daily.csv,2024-03-01
CUS_0x2005_2024_01_01,CUS_0x2005,1/1/2024,10,2,10000,1000,1000,0,8000,1/3/2024,2024-03-01,2025-11-09 07:06:39.639615,data/lms_loan_daily.csv,2024-03-01
CUS_0x202e_2023_11_01,CUS_0x202e,1/11/2023,10,4,10000,1000,0,1000,7000,1/3/2024,2024-03-01,2025-11-09 07:06:39.639615,data/lms_loan_daily.csv,2024-03-01
CUS_0x2032_2024_02_01,CUS_0x2032,1/2/2024,10,1,10000,1000,1000,0,9000,1/3/2024,2024-03-01,2025-11-09 07:06:39.639615,data/lms_loan_daily.csv,2024-03-01
CUS_0x2037_2023_08_01,CUS_0x2037,1/8/2023,10,7,10000,1000,1000,0,3000,1/3/2024,2024-03-01,2025-11-09 07:06:39.639615,data/lms_loan_daily.csv,2024-03-01
CUS_0x2038_2023_07_01,CUS_0x2038,1/7/2023,10,8,10000,1000,1000,0,2000,1/3/2024,2024-03-01,2025-11-09 07:06:39.639615,data/lms_loan_daily.csv,2024-03-01
CUS_0x203c_2023_05_01,CUS_0x203c,1/5/2023,10,10,10000,1000,1000,0,0,1/3/2024,2024-03-01,2025-11-09 07:06:39.639615,data/lms_loan_daily.csv,2024-03-01
CUS_0x2043_2023_05_01,CUS_0x2043,1/5/2023,10,10,10000,1000,1000,0,0,1/3/2024,2024-03-01,2025-11-09 07:06:39.639615,data/lms_loan_daily.csv,2024-03-01
CUS_0x2059_2024_01_01,CUS_0x2059,1/1/2024,10,2,10000,1000,1000,0,8000,1/3/2024,2024-03-01,2025-11-09 07:06:39.639615,data/lms_loan_daily.csv,2024-03-01
CUS_0x205f_2023_11_01,CUS_0x205f,1/11/2023,10,4,10000,1000,3000,0,6000,1/3/2024,2024-03-01,2025-11-09 07:06:39.639615,data/lms_loan_daily.csv,2024-03-01
CUS_0x2064_2023_07_01,CUS_0x2064,1/7/2023,10,8,10000,1000,1000,0,2000,1/3/2024,2024-03-01,2025-11-09 07:06:39.639615,data/lms_loan_daily.csv,2024-03-01
CUS_0x206b_2023_09_01,CUS_0x206b,1/9/2023,10,6,10000,1000,0,2000,6000,1/3/2024,2024-03-01,2025-11-09 07:06:39.639615,data/lms_loan_daily.csv,2024-03-01
CUS_0x2083_2023_08_01,CUS_0x2083,1/8/2023,10,7,10000,1000,1000,0,3000,1/3/2024,2024-03-01,2025-11-09 07:06:39.639615,data/lms_loan_daily.csv,2024-03-01
CUS_0x2095_2024_01_01,CUS_0x2095,1/1/2024,10,2,10000,1000,1000,0,8000,1/3/2024,2024-03-01,2025-11-09 07:06:39.639615,data/lms_loan_daily.csv,2024-03-01
CUS_0x20a6_2023_11_01,CUS_0x20a6,1/11/2023,10,4,10000,1000,1000,0,6000,1/3/2024,2024-03-01,2025-11-09 07:06:39.639615,data/lms_loan_daily.csv,2024-03-01
CUS_0x20ac_2023_08_01,CUS_0x20ac,1/8/2023,10,7,10000,1000,1000,0,3000,1/3/2024,2024-03-01,2025-11-09 07:06:39.639615,data/lms_loan_daily.csv,2024-03-01
CUS_0x20b2_2024_03_01,CUS_0x20b2,1/3/2024,10,0,10000,0,0,0,10000,1/3/2024,2024-03-01,2025-11-09 07:06:39.639615,data/lms_loan_daily.csv,2024-03-01
CUS_0x20ba_2023_11_01,CUS_0x20ba,1/11/2023,10,4,10000,1000,1000,0,6000,1/3/2024,2024-03-01,2025-11-09 07:06:39.639615,data/lms_loan_daily.csv,2024-03-01
CUS_0x20bf_2023_05_01,CUS_0x20bf,1/5/2023,10,10,10000,1000,1000,0,0,1/3/2024,2024-03-01,2025-11-09 07:06:39.639615,data/lms_loan_daily.csv,2024-03-01
CUS_0x20c4_2024_02_01,CUS_0x20c4,1/2/2024,10,1,10000,1000,1000,0,9000,1/3/2024,2024-03-01,2025-11-09 07:06:39.639615,data/lms_loan_daily.csv,2024-03-01
CUS_0x20da_2023_05_01,CUS_0x20da,1/5/2023,10,10,10000,1000,1000,0,0,1/3/2024,2024-03-01,2025-11-09 07:06:39.639615,data/lms_loan_daily.csv,2024-03-01
CUS_0x20e4_2023_10_01,CUS_0x20e4,1/10/2023,10,5,10000,1000,1000,0,5000,1/3/2024,2024-03-01,2025-11-09 07:06:39.639615,data/lms_loan_daily.csv,2024-03-01
CUS_0x20f3_2024_03_01,CUS_0x20f3,1/3/2024,10,0,10000,0,0,0,10000,1/3/2024,2024-03-01,2025-11-09 07:06:39.639615,data/lms_loan_daily.csv,2024-03-01
CUS_0x20f8_2023_12_01,CUS_0x20f8,1/12/2023,10,3,10000,1000,1000,0,7000,1/3/2024,2024-03-01,2025-11-09 07:06:39.639615,data/lms_loan_daily.csv,2024-03-01
CUS_0x20ff_2024_01_01,CUS_0x20ff,1/1/2024,10,2,10000,1000,1000,0,8000,1/3/2024,2024-03-01,2025-11-09 07:06:39.639615,data/lms_loan_daily.csv,2024-03-01
CUS_0x210d_2023_09_01,CUS_0x210d,1/9/2023,10,6,10000,1000,1000,0,4000,1/3/2024,2024-03-01,2025-11-09 07:06:39.639615,data/lms_loan_daily.csv,2024-03-01
CUS_0x2112_2023_07_01,CUS_0x2112,1/7/2023,10,8,10000,1000,1000,0,2000,1/3/2024,2024-03-01,2025-11-09 07:06:39.639615,data/lms_loan_daily.csv,2024-03-01
CUS_0x211a_2024_01_01,CUS_0x211a,1/1/2024,10,2,10000,1000,1000,0,8000,1/3/2024,2024-03-01,2025-11-09 07:06:39.639615,data/lms_loan_daily.csv,2024-03-01
CUS_0x211f_2024_01_01,CUS_0x211f,1/1/2024,10,2,10000,1000,1000,0,8000,1/3/2024,2024-03-01,2025-11-09 07:06:39.639615,data/lms_loan_daily.csv,2024-03-01
CUS_0x2127_2024_02_01,CUS_0x2127,1/2/2024,10,1,10000,1000,1000,0,9000,1/3/2024,2024-03-01,2025-11-09 07:06:39.639615,data/lms_loan_daily.csv,2024-03-01
CUS_0x2142_2023_12_01,CUS_0x2142,1/12/2023,10,3,10000,1000,1000,0,7000,1/3/2024,2024-03-01,2025-11-09 07:06:39.639615,data/lms_loan_daily.csv,2024-03-01
CUS_0x214c_2024_01_01,CUS_0x214c,1/1/2024,10,2,10000,1000,1000,0,8000,1/3/2024,2024-03-01,2025-11-09 07:06:39.639615,data/lms_loan_daily.csv,2024-03-01
CUS_0x215d_2023_09_01,CUS_0x215d,1/9/2023,10,6,10000,1000,1000,0,4000,1/3/2024,2024-03-01,2025-11-09 07:06:39.639615,data/lms_loan_daily.csv,2024-03-01
CUS_0x215f_2023_10_01,CUS_0x215f,1/10/2023,10,5,10000,1000,1000,0,5000,1/3/2024,2024-03-01,2025-11-09 07:06:39.639615,data/lms_loan_daily.csv,2024-03-01
CUS_0x216a_2023_10_01,CUS_0x216a,1/10/2023,10,5,10000,1000,0,3000,8000,1/3/2024,2024-03-01,2025-11-09 07:06:39.639615,data/lms_loan_daily.csv,2024-03-01
CUS_0x2170_2024_02_01,CUS_0x2170,1/2/2024,10,1,10000,1000,1000,0,9000,1/3/2024,2024-03-01,2025-11-09 07:06:39.639615,data/lms_loan_daily.csv,2024-03-01
CUS_0x2176_2024_03_01,CUS_0x2176,1/3/2024,10,0,10000,0,0,0,10000,1/3/2024,2024-03-01,2025-11-09 07:06:39.639615,data/lms_loan_daily.csv,2024-03-01
CUS_0x2181_2023_08_01,CUS_0x2181,1/8/2023,10,7,10000,1000,1000,0,3000,1/3/2024,2024-03-01,2025-11-09 07:06:39.639615,data/lms_loan_daily.csv,2024-03-01
CUS_0x2184_2023_07_01,CUS_0x2184,1/7/2023,10,8,10000,1000,1000,0,2000,1/3/2024,2024-03-01,2025-11-09 07:06:39.639615,data/lms_loan_daily.csv,2024-03-01
CUS_0x2189_2024_01_01,CUS_0x2189,1/1/2024,10,2,10000,1000,1000,0,8000,1/3/2024,2024-03-01,2025-11-09 07:06:39.639615,data/lms_loan_daily.csv,2024-03-01
CUS_0x219b_2023_12_01,CUS_0x219b,1/12/2023,10,3,10000,1000,1000,0,7000,1/3/2024,2024-03-01,2025-11-09 07:06:39.639615,data/lms_loan_daily.csv,2024-03-01
CUS_0x219c_2023_09_01,CUS_0x219c,1/9/2023,10,6,10000,1000,0,2000,6000,1/3/2024,2024-03-01,2025-11-09 07:06:39.639615,data/lms_loan_daily.csv,2024-03-01
CUS_0x21cd_2023_09_01,CUS_0x21cd,1/9/2023,10,6,10000,1000,1000,0,4000,1/3/2024,2024-03-01,2025-11-09 07:06:39.639615,data/lms_loan_daily.csv,2024-03-01
CUS_0x21ce_2023_12_01,CUS_0x21ce,1/12/2023,10,3,10000,1000,1000,0,7000,1/3/2024,2024-03-01,2025-11-09 07:06:39.639615,data/lms_loan_daily.csv,2024-03-01
CUS_0x21e4_2023_07_01,CUS_0x21e4,1/7/2023,10,8,10000,1000,1000,0,2000,1/3/2024,2024-03-01,2025-11-09 07:06:39.639615,data/lms_loan_daily.csv,2024-03-01
CUS_0x21f4_2024_03_01,CUS_0x21f4,1/3/2024,10,0,10000,0,0,0,10000,1/3/2024,2024-03-01,2025-11-09 07:06:39.639615,data/lms_loan_daily.csv,2024-03-01
CUS_0x21f7_2023_09_01,CUS_0x21f7,1/9/2023,10,6,10000,1000,1000,0,4000,1/3/2024,2024-03-01,2025-11-09 07:06:39.639615,data/lms_loan_daily.csv,2024-03-01
CUS_0x21f9_2023_12_01,CUS_0x21f9,1/12/2023,10,3,10000,1000,1000,0,7000,1/3/2024,2024-03-01,2025-11-09 07:06:39.639615,data/lms_loan_daily.csv,2024-03-01
CUS_0x21fa_2023_05_01,CUS_0x21fa,1/5/2023,10,10,10000,1000,1000,0,0,1/3/2024,2024-03-01,2025-11-09 07:06:39.639615,data/lms_loan_daily.csv,2024-03-01
CUS_0x2206_2023_11_01,CUS_0x2206,1/11/2023,10,4,10000,1000,0,2000,8000,1/3/2024,2024-03-01,2025-11-09 07:06:39.639615,data/lms_loan_daily.csv,2024-03-01
CUS_0x2217_2023_09_01,CUS_0x2217,1/9/2023,10,6,10000,1000,1000,0,4000,1/3/2024,2024-03-01,2025-11-09 07:06:39.639615,data/lms_loan_daily.csv,2024-03-01
CUS_0x221f_2023_05_01,CUS_0x221f,1/5/2023,10,10,10000,1000,1000,0,0,1/3/2024,2024-03-01,2025-11-09 07:06:39.639615,data/lms_loan_daily.csv,2024-03-01
CUS_0x2224_2023_06_01,CUS_0x2224,1/6/2023,10,9,10000,1000,1000,0,1000,1/3/2024,2024-03-01,2025-11-09 07:06:39.639615,data/lms_loan_daily.csv,2024-03-01
CUS_0x2226_2024_02_01,CUS_0x2226,1/2/2024,10,1,10000,1000,1000,0,9000,1/3/2024,2024-03-01,2025-11-09 07:06:39.639615,data/lms_loan_daily.csv,2024-03-01
CUS_0x2238_2023_08_01,CUS_0x2238,1/8/2023,10,7,10000,1000,1000,0,3000,1/3/2024,2024-03-01,2025-11-09 07:06:39.639615,data/lms_loan_daily.csv,2024-03-01
CUS_0x2240_2023_05_01,CUS_0x2240,1/5/2023,10,10,10000,1000,1000,0,0,1/3/2024,2024-03-01,2025-11-09 07:06:39.639615,data/lms_loan_daily.csv,2024-03-01
CUS_0x2242_2023_05_01,CUS_0x2242,1/5/2023,10,10,10000,1000,0,8000,8000,1/3/2024,2024-03-01,2025-11-09 07:06:39.639615,data/lms_loan_daily.csv,2024-03-01
CUS_0x2243_2023_07_01,CUS_0x2243,1/7/2023,10,8,10000,1000,1000,0,2000,1/3/2024,2024-03-01,2025-11-09 07:06:39.639615,data/lms_loan_daily.csv,2024-03-01
CUS_0x224a_2024_03_01,CUS_0x224a,1/3/2024,10,0,10000,0,0,0,10000,1/3/2024,2024-03-01,2025-11-09 07:06:39.639615,data/lms_loan_daily.csv,2024-03-01
CUS_0x224f_2023_06_01,CUS_0x224f,1/6/2023,10,9,10000,1000,1000,0,1000,1/3/2024,2024-03-01,2025-11-09 07:06:39.639615,data/lms_loan_daily.csv,2024-03-01
CUS_0x225e_2023_06_01,CUS_0x225e,1/6/2023,10,9,10000,1000,1000,0,1000,1/3/2024,2024-03-01,2025-11-09 07:06:39.639615,data/lms_loan_daily.csv,2024-03-01
CUS_0x2267_2024_03_01,CUS_0x2267,1/3/2024,10,0,10000,0,0,0,10000,1/3/2024,2024-03-01,2025-11-09 07:06:39.639615,data/lms_loan_daily.csv,2024-03-01
CUS_0x226a_2023_05_01,CUS_0x226a,1/5/2023,10,10,10000,1000,1000,0,0,1/3/2024,2024-03-01,2025-11-09 07:06:39.639615,data/lms_loan_daily.csv,2024-03-01
CUS_0x2270_2024_03_01,CUS_0x2270,1/3/2024,10,0,10000,0,0,0,10000,1/3/2024,2024-03-01,2025-11-09 07:06:39.639615,data/lms_loan_daily.csv,2024-03-01
CUS_0x2283_2023_07_01,CUS_0x2283,1/7/2023,10,8,10000,1000,1000,0,2000,1/3/2024,2024-03-01,2025-11-09 07:06:39.639615,data/lms_loan_daily.csv,2024-03-01
CUS_0x2296_2023_05_01,CUS_0x2296,1/5/2023,10,10,10000,1000,1000,0,0,1/3/2024,2024-03-01,2025-11-09 07:06:39.639615,data/lms_loan_daily.csv,2024-03-01
CUS_0x229d_2023_11_01,CUS_0x229d,1/11/2023,10,4,10000,1000,1000,0,6000,1/3/2024,2024-03-01,2025-11-09 07:06:39.639615,data/lms_loan_daily.csv,2024-03-01
CUS_0x22b3_2023_10_01,CUS_0x22b3,1/10/2023,10,5,10000,1000,0,2000,7000,1/3/2024,2024-03-01,2025-11-09 07:06:39.639615,data/lms_loan_daily.csv,2024-03-01
CUS_0x22be_2023_11_01,CUS_0x22be,1/11/2023,10,4,10000,1000,1000,0,6000,1/3/2024,2024-03-01,2025-11-09 07:06:39.639615,data/lms_loan_daily.csv,2024-03-01
CUS_0x22bf_2023_11_01,CUS_0x22bf,1/11/2023,10,4,10000,1000,0,1000,7000,1/3/2024,2024-03-01,2025-11-09 07:06:39.639615,data/lms_loan_daily.csv,2024-03-01
CUS_0x22e0_2023_05_01,CUS_0x22e0,1/5/2023,10,10,10000,1000,0,7000,7000,1/3/2024,2024-03-01,2025-11-09 07:06:39.639615,data/lms_loan_daily.csv,2024-03-01
CUS_0x22e3_2023_10_01,CUS_0x22e3,1/10/2023,10,5,10000,1000,0,3000,8000,1/3/2024,2024-03-01,2025-11-09 07:06:39.639615,data/lms_loan_daily.csv,2024-03-01
CUS_0x22ea_2023_08_01,CUS_0x22ea,1/8/2023,10,7,10000,1000,1000,0,3000,1/3/2024,2024-03-01,2025-11-09 07:06:39.639615,data/lms_loan_daily.csv,2024-03-01
CUS_0x22f4_2023_06_01,CUS_0x22f4,1/6/2023,10,9,10000,1000,1000,0,1000,1/3/2024,2024-03-01,2025-11-09 07:06:39.639615,data/lms_loan_daily.csv,2024-03-01
CUS_0x2301_2023_06_01,CUS_0x2301,1/6/2023,10,9,10000,1000,0,7000,8000,1/3/2024,2024-03-01,2025-11-09 07:06:39.639615,data/lms_loan_daily.csv,2024-03-01
CUS_0x2308_2024_03_01,CUS_0x2308,1/3/2024,10,0,10000,0,0,0,10000,1/3/2024,2024-03-01,2025-11-09 07:06:39.639615,data/lms_loan_daily.csv,2024-03-01
CUS_0x230c_2024_02_01,CUS_0x230c,1/2/2024,10,1,10000,1000,1000,0,9000,1/3/2024,2024-03-01,2025-11-09 07:06:39.639615,data/lms_loan_daily.csv,2024-03-01
CUS_0x2311_2024_01_01,CUS_0x2311,1/1/2024,10,2,10000,1000,1000,0,8000,1/3/2024,2024-03-01,2025-11-09 07:06:39.639615,data/lms_loan_daily.csv,2024-03-01
CUS_0x2312_2023_06_01,CUS_0x2312,1/6/2023,10,9,10000,1000,1000,0,1000,1/3/2024,2024-03-01,2025-11-09 07:06:39.639615,data/lms_loan_daily.csv,2024-03-01
CUS_0x2314_2023_12_01,CUS_0x2314,1/12/2023,10,3,10000,1000,1000,0,7000,1/3/2024,2024-03-01,2025-11-09 07:06:39.639615,data/lms_loan_daily.csv,2024-03-01
CUS_0x231f_2024_02_01,CUS_0x231f,1/2/2024,10,1,10000,1000,1000,0,9000,1/3/2024,2024-03-01,2025-11-09 07:06:39.639615,data/lms_loan_daily.csv,2024-03-01
CUS_0x2346_2024_03_01,CUS_0x2346,1/3/2024,10,0,10000,0,0,0,10000,1/3/2024,2024-03-01,2025-11-09 07:06:39.639615,data/lms_loan_daily.csv,2024-03-01
CUS_0x2350_2023_05_01,CUS_0x2350,1/5/2023,10,10,10000,1000,1000,0,0,1/3/2024,2024-03-01,2025-11-09 07:06:39.639615,data/lms_loan_daily.csv,2024-03-01
CUS_0x2358_2024_02_01,CUS_0x2358,1/2/2024,10,1,10000,1000,1000,0,9000,1/3/2024,2024-03-01,2025-11-09 07:06:39.639615,data/lms_loan_daily.csv,2024-03-01
CUS_0x2365_2024_02_01,CUS_0x2365,1/2/2024,10,1,10000,1000,1000,0,9000,1/3/2024,2024-03-01,2025-11-09 07:06:39.639615,data/lms_loan_daily.csv,2024-03-01
CUS_0x2378_2023_12_01,CUS_0x2378,1/12/2023,10,3,10000,1000,0,1000,8000,1/3/2024,2024-03-01,2025-11-09 07:06:39.639615,data/lms_loan_daily.csv,2024-03-01
CUS_0x237b_2024_01_01,CUS_0x237b,1/1/2024,10,2,10000,1000,1000,0,8000,1/3/2024,2024-03-01,2025-11-09 07:06:39.639615,data/lms_loan_daily.csv,2024-03-01
CUS_0x237d_2024_02_01,CUS_0x237d,1/2/2024,10,1,10000,1000,1000,0,9000,1/3/2024,2024-03-01,2025-11-09 07:06:39.639615,data/lms_loan_daily.csv,2024-03-01
CUS_0x2390_2023_12_01,CUS_0x2390,1/12/2023,10,3,10000,1000,1000,0,7000,1/3/2024,2024-03-01,2025-11-09 07:06:39.639615,data/lms_loan_daily.csv,2024-03-01
CUS_0x2391_2023_10_01,CUS_0x2391,1/10/2023,10,5,10000,1000,1000,0,5000,1/3/2024,2024-03-01,2025-11-09 07:06:39.639615,data/lms_loan_daily.csv,2024-03-01
CUS_0x239e_2024_01_01,CUS_0x239e,1/1/2024,10,2,10000,1000,1000,0,8000,1/3/2024,2024-03-01,2025-11-09 07:06:39.639615,data/lms_loan_daily.csv,2024-03-01
CUS_0x23a1_2024_03_01,CUS_0x23a1,1/3/2024,10,0,10000,0,0,0,10000,1/3/2024,2024-03-01,2025-11-09 07:06:39.639615,data/lms_loan_daily.csv,2024-03-01
CUS_0x23a6_2023_06_01,CUS_0x23a6,1/6/2023,10,9,10000,1000,1000,0,1000,1/3/2024,2024-03-01,2025-11-09 07:06:39.639615,data/lms_loan_daily.csv,2024-03-01
CUS_0x23a8_2023_10_01,CUS_0x23a8,1/10/2023,10,5,10000,1000,1000,0,5000,1/3/2024,2024-03-01,2025-11-09 07:06:39.639615,data/lms_loan_daily.csv,2024-03-01
CUS_0x23ae_2023_05_01,CUS_0x23ae,1/5/2023,10,10,10000,1000,0,7000,7000,1/3/2024,2024-03-01,2025-11-09 07:06:39.639615,data/lms_loan_daily.csv,2024-03-01
CUS_0x23b0_2023_06_01,CUS_0x23b0,1/6/2023,10,9,10000,1000,1000,0,1000,1/3/2024,2024-03-01,2025-11-09 07:06:39.639615,data/lms_loan_daily.csv,2024-03-01
CUS_0x23b5_2023_10_01,CUS_0x23b5,1/10/2023,10,5,10000,1000,0,3000,8000,1/3/2024,2024-03-01,2025-11-09 07:06:39.639615,data/lms_loan_daily.csv,2024-03-01
CUS_0x23bf_2023_09_01,CUS_0x23bf,1/9/2023,10,6,10000,1000,1000,0,4000,1/3/2024,2024-03-01,2025-11-09 07:06:39.639615,data/lms_loan_daily.csv,2024-03-01
CUS_0x23c1_2023_08_01,CUS_0x23c1,1/8/2023,10,7,10000,1000,1000,0,3000,1/3/2024,2024-03-01,2025-11-09 07:06:39.639615,data/lms_loan_daily.csv,2024-03-01
CUS_0x23d6_2024_03_01,CUS_0x23d6,1/3/2024,10,0,10000,0,0,0,10000,1/3/2024,2024-03-01,2025-11-09 07:06:39.639615,data/lms_loan_daily.csv,2024-03-01
CUS_0x23d8_2024_02_01,CUS_0x23d8,1/2/2024,10,1,10000,1000,1000,0,9000,1/3/2024,2024-03-01,2025-11-09 07:06:39.639615,data/lms_loan_daily.csv,2024-03-01
CUS_0x2408_2023_05_01,CUS_0x2408,1/5/2023,10,10,10000,1000,0,7000,7000,1/3/2024,2024-03-01,2025-11-09 07:06:39.639615,data/lms_loan_daily.csv,2024-03-01
CUS_0x2416_2024_01_01,CUS_0x2416,1/1/2024,10,2,10000,1000,1000,0,8000,1/3/2024,2024-03-01,2025-11-09 07:06:39.639615,data/lms_loan_daily.csv,2024-03-01
CUS_0x2425_2024_03_01,CUS_0x2425,1/3/2024,10,0,10000,0,0,0,10000,1/3/2024,2024-03-01,2025-11-09 07:06:39.639615,data/lms_loan_daily.csv,2024-03-01
CUS_0x242a_2023_12_01,CUS_0x242a,1/12/2023,10,3,10000,1000,1000,0,7000,1/3/2024,2024-03-01,2025-11-09 07:06:39.639615,data/lms_loan_daily.csv,2024-03-01
CUS_0x242b_2023_06_01,CUS_0x242b,1/6/2023,10,9,10000,1000,0,6000,7000,1/3/2024,2024-03-01,2025-11-09 07:06:39.639615,data/lms_loan_daily.csv,2024-03-01
CUS_0x242e_2024_01_01,CUS_0x242e,1/1/2024,10,2,10000,1000,1000,0,8000,1/3/2024,2024-03-01,2025-11-09 07:06:39.639615,data/lms_loan_daily.csv,2024-03-01
CUS_0x2438_2024_02_01,CUS_0x2438,1/2/2024,10,1,10000,1000,1000,0,9000,1/3/2024,2024-03-01,2025-11-09 07:06:39.639615,data/lms_loan_daily.csv,2024-03-01
CUS_0x2441_2023_09_01,CUS_0x2441,1/9/2023,10,6,10000,1000,0,2000,6000,1/3/2024,2024-03-01,2025-11-09 07:06:39.639615,data/lms_loan_daily.csv,2024-03-01
CUS_0x2443_2023_08_01,CUS_0x2443,1/8/2023,10,7,10000,1000,0,4000,7000,1/3/2024,2024-03-01,2025-11-09 07:06:39.639615,data/lms_loan_daily.csv,2024-03-01
CUS_0x2444_2024_01_01,CUS_0x2444,1/1/2024,10,2,10000,1000,0,1000,9000,1/3/2024,2024-03-01,2025-11-09 07:06:39.639615,data/lms_loan_daily.csv,2024-03-01
CUS_0x2451_2023_12_01,CUS_0x2451,1/12/2023,10,3,10000,1000,0,2000,9000,1/3/2024,2024-03-01,2025-11-09 07:06:39.639615,data/lms_loan_daily.csv,2024-03-01
CUS_0x245d_2023_06_01,CUS_0x245d,1/6/2023,10,9,10000,1000,1000,0,1000,1/3/2024,2024-03-01,2025-11-09 07:06:39.639615,data/lms_loan_daily.csv,2024-03-01
CUS_0x2473_2023_05_01,CUS_0x2473,1/5/2023,10,10,10000,1000,1000,0,0,1/3/2024,2024-03-01,2025-11-09 07:06:39.639615,data/lms_loan_daily.csv,2024-03-01
CUS_0x2479_2023_06_01,CUS_0x2479,1/6/2023,10,9,10000,1000,0,6000,7000,1/3/2024,2024-03-01,2025-11-09 07:06:39.639615,data/lms_loan_daily.csv,2024-03-01
CUS_0x247b_2023_05_01,CUS_0x247b,1/5/2023,10,10,10000,1000,1000,0,0,1/3/2024,2024-03-01,2025-11-09 07:06:39.639615,data/lms_loan_daily.csv,2024-03-01
CUS_0x247c_2024_01_01,CUS_0x247c,1/1/2024,10,2,10000,1000,1000,0,8000,1/3/2024,2024-03-01,2025-11-09 07:06:39.639615,data/lms_loan_daily.csv,2024-03-01
CUS_0x2488_2023_09_01,CUS_0x2488,1/9/2023,10,6,10000,1000,1000,0,4000,1/3/2024,2024-03-01,2025-11-09 07:06:39.639615,data/lms_loan_daily.csv,2024-03-01
CUS_0x248f_2023_08_01,CUS_0x248f,1/8/2023,10,7,10000,1000,1000,0,3000,1/3/2024,2024-03-01,2025-11-09 07:06:39.639615,data/lms_loan_daily.csv,2024-03-01
CUS_0x2491_2023_09_01,CUS_0x2491,1/9/2023,10,6,10000,1000,0,3000,7000,1/3/2024,2024-03-01,2025-11-09 07:06:39.639615,data/lms_loan_daily.csv,2024-03-01
CUS_0x2493_2023_08_01,CUS_0x2493,1/8/2023,10,7,10000,1000,0,5000,8000,1/3/2024,2024-03-01,2025-11-09 07:06:39.639615,data/lms_loan_daily.csv,2024-03-01
CUS_0x2499_2024_01_01,CUS_0x2499,1/1/2024,10,2,10000,1000,1000,0,8000,1/3/2024,2024-03-01,2025-11-09 07:06:39.639615,data/lms_loan_daily.csv,2024-03-01
CUS_0x24af_2023_07_01,CUS_0x24af,1/7/2023,10,8,10000,1000,0,6000,8000,1/3/2024,2024-03-01,2025-11-09 07:06:39.639615,data/lms_loan_daily.csv,2024-03-01
CUS_0x24b9_2023_10_01,CUS_0x24b9,1/10/2023,10,5,10000,1000,0,3000,8000,1/3/2024,2024-03-01,2025-11-09 07:06:39.639615,data/lms_loan_daily.csv,2024-03-01
CUS_0x24bb_2023_08_01,CUS_0x24bb,1/8/2023,10,7,10000,1000,1000,0,3000,1/3/2024,2024-03-01,2025-11-09 07:06:39.639615,data/lms_loan_daily.csv,2024-03-01
CUS_0x24bf_2023_09_01,CUS_0x24bf,1/9/2023,10,6,10000,1000,1000,0,4000,1/3/2024,2024-03-01,2025-11-09 07:06:39.639615,data/lms_loan_daily.csv,2024-03-01
CUS_0x24cc_2023_07_01,CUS_0x24cc,1/7/2023,10,8,10000,1000,0,5000,7000,1/3/2024,2024-03-01,2025-11-09 07:06:39.639615,data/lms_loan_daily.csv,2024-03-01
CUS_0x24cf_2023_05_01,CUS_0x24cf,1/5/2023,10,10,10000,1000,1000,0,0,1/3/2024,2024-03-01,2025-11-09 07:06:39.639615,data/lms_loan_daily.csv,2024-03-01
CUS_0x24d4_2023_10_01,CUS_0x24d4,1/10/2023,10,5,10000,1000,1000,0,5000,1/3/2024,2024-03-01,2025-11-09 07:06:39.639615,data/lms_loan_daily.csv,2024-03-01
CUS_0x24d9_2024_01_01,CUS_0x24d9,1/1/2024,10,2,10000,1000,1000,0,8000,1/3/2024,2024-03-01,2025-11-09 07:06:39.639615,data/lms_loan_daily.csv,2024-03-01
CUS_0x24df_2023_10_01,CUS_0x24df,1/10/2023,10,5,10000,1000,1000,0,5000,1/3/2024,2024-03-01,2025-11-09 07:06:39.639615,data/lms_loan_daily.csv,2024-03-01
CUS_0x24e8_2023_07_01,CUS_0x24e8,1/7/2023,10,8,10000,1000,0,6000,8000,1/3/2024,2024-03-01,2025-11-09 07:06:39.639615,data/lms_loan_daily.csv,2024-03-01
CUS_0x24e9_2023_07_01,CUS_0x24e9,1/7/2023,10,8,10000,1000,1000,0,2000,1/3/2024,2024-03-01,2025-11-09 07:06:39.639615,data/lms_loan_daily.csv,2024-03-01
CUS_0x24f1_2023_09_01,CUS_0x24f1,1/9/2023,10,6,10000,1000,1000,0,4000,1/3/2024,2024-03-01,2025-11-09 07:06:39.639615,data/lms_loan_daily.csv,2024-03-01
CUS_0x24f8_2023_07_01,CUS_0x24f8,1/7/2023,10,8,10000,1000,1000,0,2000,1/3/2024,2024-03-01,2025-11-09 07:06:39.639615,data/lms_loan_daily.csv,2024-03-01
CUS_0x24f9_2023_12_01,CUS_0x24f9,1/12/2023,10,3,10000,1000,1000,0,7000,1/3/2024,2024-03-01,2025-11-09 07:06:39.639615,data/lms_loan_daily.csv,2024-03-01
CUS_0x24fc_2023_05_01,CUS_0x24fc,1/5/2023,10,10,10000,1000,0,7000,7000,1/3/2024,2024-03-01,2025-11-09 07:06:39.639615,data/lms_loan_daily.csv,2024-03-01
CUS_0x2508_2024_03_01,CUS_0x2508,1/3/2024,10,0,10000,0,0,0,10000,1/3/2024,2024-03-01,2025-11-09 07:06:39.639615,data/lms_loan_daily.csv,2024-03-01
CUS_0x250b_2023_06_01,CUS_0x250b,1/6/2023,10,9,10000,1000,0,7000,8000,1/3/2024,2024-03-01,2025-11-09 07:06:39.639615,data/lms_loan_daily.csv,2024-03-01
CUS_0x2517_2023_07_01,CUS_0x2517,1/7/2023,10,8,10000,1000,0,6000,8000,1/3/2024,2024-03-01,2025-11-09 07:06:39.639615,data/lms_loan_daily.csv,2024-03-01
CUS_0x251a_2023_09_01,CUS_0x251a,1/9/2023,10,6,10000,1000,1000,0,4000,1/3/2024,2024-03-01,2025-11-09 07:06:39.639615,data/lms_loan_daily.csv,2024-03-01
CUS_0x2526_2023_12_01,CUS_0x2526,1/12/2023,10,3,10000,1000,1000,0,7000,1/3/2024,2024-03-01,2025-11-09 07:06:39.639615,data/lms_loan_daily.csv,2024-03-01
CUS_0x253c_2023_10_01,CUS_0x253c,1/10/2023,10,5,10000,1000,1000,0,5000,1/3/2024,2024-03-01,2025-11-09 07:06:39.639615,data/lms_loan_daily.csv,2024-03-01
CUS_0x2541_2023_12_01,CUS_0x2541,1/12/2023,10,3,10000,1000,1000,0,7000,1/3/2024,2024-03-01,2025-11-09 07:06:39.639615,data/lms_loan_daily.csv,2024-03-01
CUS_0x2547_2024_01_01,CUS_0x2547,1/1/2024,10,2,10000,1000,1000,0,8000,1/3/2024,2024-03-01,2025-11-09 07:06:39.639615,data/lms_loan_daily.csv,2024-03-01
CUS_0x2567_2023_05_01,CUS_0x2567,1/5/2023,10,10,10000,1000,1000,0,0,1/3/2024,2024-03-01,2025-11-09 07:06:39.639615,data/lms_loan_daily.csv,2024-03-01
CUS_0x257e_2023_12_01,CUS_0x257e,1/12/2023,10,3,10000,1000,1000,0,7000,1/3/2024,2024-03-01,2025-11-09 07:06:39.639615,data/lms_loan_daily.csv,2024-03-01
CUS_0x2584_2023_09_01,CUS_0x2584,1/9/2023,10,6,10000,1000,1000,0,4000,1/3/2024,2024-03-01,2025-11-09 07:06:39.639615,data/lms_loan_daily.csv,2024-03-01
CUS_0x258b_2023_05_01,CUS_0x258b,1/5/2023,10,10,10000,1000,0,7000,7000,1/3/2024,2024-03-01,2025-11-09 07:06:39.639615,data/lms_loan_daily.csv,2024-03-01
CUS_0x2590_2023_07_01,CUS_0x2590,1/7/2023,10,8,10000,1000,1000,0,2000,1/3/2024,2024-03-01,2025-11-09 07:06:39.639615,data/lms_loan_daily.csv,2024-03-01
CUS_0x2594_2023_10_01,CUS_0x2594,1/10/2023,10,5,10000,1000,0,3000,8000,1/3/2024,2024-03-01,2025-11-09 07:06:39.639615,data/lms_loan_daily.csv,2024-03-01
CUS_0x2595_2023_10_01,CUS_0x2595,1/10/2023,10,5,10000,1000,1000,0,5000,1/3/2024,2024-03-01,2025-11-09 07:06:39.639615,data/lms_loan_daily.csv,2024-03-01
CUS_0x2599_2023_11_01,CUS_0x2599,1/11/2023,10,4,10000,1000,1000,0,6000,1/3/2024,2024-03-01,2025-11-09 07:06:39.639615,data/lms_loan_daily.csv,2024-03-01
CUS_0x25a4_2023_06_01,CUS_0x25a4,1/6/2023,10,9,10000,1000,1000,0,1000,1/3/2024,2024-03-01,2025-11-09 07:06:39.639615,data/lms_loan_daily.csv,2024-03-01
CUS_0x25a5_2023_06_01,CUS_0x25a5,1/6/2023,10,9,10000,1000,1000,0,1000,1/3/2024,2024-03-01,2025-11-09 07:06:39.639615,data/lms_loan_daily.csv,2024-03-01
CUS_0x25ae_2023_06_01,CUS_0x25ae,1/6/2023,10,9,10000,1000,1000,0,1000,1/3/2024,2024-03-01,2025-11-09 07:06:39.639615,data/lms_loan_daily.csv,2024-03-01
CUS_0x25b0_2024_03_01,CUS_0x25b0,1/3/2024,10,0,10000,0,0,0,10000,1/3/2024,2024-03-01,2025-11-09 07:06:39.639615,data/lms_loan_daily.csv,2024-03-01
CUS_0x25be_2024_02_01,CUS_0x25be,1/2/2024,10,1,10000,1000,1000,0,9000,1/3/2024,2024-03-01,2025-11-09 07:06:39.639615,data/lms_loan_daily.csv,2024-03-01
CUS_0x25c0_2023_12_01,CUS_0x25c0,1/12/2023,10,3,10000,1000,0,1000,8000,1/3/2024,2024-03-01,2025-11-09 07:06:39.639615,data/lms_loan_daily.csv,2024-03-01
CUS_0x25ca_2024_01_01,CUS_0x25ca,1/1/2024,10,2,10000,1000,1000,0,8000,1/3/2024,2024-03-01,2025-11-09 07:06:39.639615,data/lms_loan_daily.csv,2024-03-01
CUS_0x25cd_2024_02_01,CUS_0x25cd,1/2/2024,10,1,10000,1000,1000,0,9000,1/3/2024,2024-03-01,2025-11-09 07:06:39.639615,data/lms_loan_daily.csv,2024-03-01
CUS_0x25ce_2023_08_01,CUS_0x25ce,1/8/2023,10,7,10000,1000,1000,0,3000,1/3/2024,2024-03-01,2025-11-09 07:06:39.639615,data/lms_loan_daily.csv,2024-03-01
CUS_0x25f1_2023_08_01,CUS_0x25f1,1/8/2023,10,7,10000,1000,1000,0,3000,1/3/2024,2024-03-01,2025-11-09 07:06:39.639615,data/lms_loan_daily.csv,2024-03-01
CUS_0x25fd_2023_12_01,CUS_0x25fd,1/12/2023,10,3,10000,1000,1000,0,7000,1/3/2024,2024-03-01,2025-11-09 07:06:39.639615,data/lms_loan_daily.csv,2024-03-01
CUS_0x2611_2023_06_01,CUS_0x2611,1/6/2023,10,9,10000,1000,1000,0,1000,1/3/2024,2024-03-01,2025-11-09 07:06:39.639615,data/lms_loan_daily.csv,2024-03-01
CUS_0x2617_2023_06_01,CUS_0x2617,1/6/2023,10,9,10000,1000,1000,0,1000,1/3/2024,2024-03-01,2025-11-09 07:06:39.639615,data/lms_loan_daily.csv,2024-03-01
CUS_0x2618_2023_06_01,CUS_0x2618,1/6/2023,10,9,10000,1000,1000,0,1000,1/3/2024,2024-03-01,2025-11-09 07:06:39.639615,data/lms_loan_daily.csv,2024-03-01
CUS_0x261d_2023_12_01,CUS_0x261d,1/12/2023,10,3,10000,1000,1000,0,7000,1/3/2024,2024-03-01,2025-11-09 07:06:39.639615,data/lms_loan_daily.csv,2024-03-01
CUS_0x2637_2023_09_01,CUS_0x2637,1/9/2023,10,6,10000,1000,1000,0,4000,1/3/2024,2024-03-01,2025-11-09 07:06:39.639615,data/lms_loan_daily.csv,2024-03-01
CUS_0x2646_2024_03_01,CUS_0x2646,1/3/2024,10,0,10000,0,0,0,10000,1/3/2024,2024-03-01,2025-11-09 07:06:39.639615,data/lms_loan_daily.csv,2024-03-01
CUS_0x264b_2023_11_01,CUS_0x264b,1/11/2023,10,4,10000,1000,1000,0,6000,1/3/2024,2024-03-01,2025-11-09 07:06:39.639615,data/lms_loan_daily.csv,2024-03-01
CUS_0x264c_2024_02_01,CUS_0x264c,1/2/2024,10,1,10000,1000,1000,0,9000,1/3/2024,2024-03-01,2025-11-09 07:06:39.639615,data/lms_loan_daily.csv,2024-03-01
CUS_0x2653_2024_03_01,CUS_0x2653,1/3/2024,10,0,10000,0,0,0,10000,1/3/2024,2024-03-01,2025-11-09 07:06:39.639615,data/lms_loan_daily.csv,2024-03-01
CUS_0x2654_2024_02_01,CUS_0x2654,1/2/2024,10,1,10000,1000,1000,0,9000,1/3/2024,2024-03-01,2025-11-09 07:06:39.639615,data/lms_loan_daily.csv,2024-03-01
CUS_0x2657_2023_08_01,CUS_0x2657,1/8/2023,10,7,10000,1000,1000,0,3000,1/3/2024,2024-03-01,2025-11-09 07:06:39.639615,data/lms_loan_daily.csv,2024-03-01
CUS_0x2659_2023_12_01,CUS_0x2659,1/12/2023,10,3,10000,1000,0,1000,8000,1/3/2024,2024-03-01,2025-11-09 07:06:39.639615,data/lms_loan_daily.csv,2024-03-01
CUS_0x2662_2023_07_01,CUS_0x2662,1/7/2023,10,8,10000,1000,1000,0,2000,1/3/2024,2024-03-01,2025-11-09 07:06:39.639615,data/lms_loan_daily.csv,2024-03-01
CUS_0x2671_2023_10_01,CUS_0x2671,1/10/2023,10,5,10000,1000,1000,0,5000,1/3/2024,2024-03-01,2025-11-09 07:06:39.639615,data/lms_loan_daily.csv,2024-03-01
CUS_0x269d_2023_12_01,CUS_0x269d,1/12/2023,10,3,10000,1000,1000,0,7000,1/3/2024,2024-03-01,2025-11-09 07:06:39.639615,data/lms_loan_daily.csv,2024-03-01
CUS_0x26a1_2023_10_01,CUS_0x26a1,1/10/2023,10,5,10000,1000,1000,0,5000,1/3/2024,2024-03-01,2025-11-09 07:06:39.639615,data/lms_loan_daily.csv,2024-03-01
CUS_0x26a5_2023_12_01,CUS_0x26a5,1/12/2023,10,3,10000,1000,1000,0,7000,1/3/2024,2024-03-01,2025-11-09 07:06:39.639615,data/lms_loan_daily.csv,2024-03-01
CUS_0x26a9_2023_07_01,CUS_0x26a9,1/7/2023,10,8,10000,1000,1000,0,2000,1/3/2024,2024-03-01,2025-11-09 07:06:39.639615,data/lms_loan_daily.csv,2024-03-01
CUS_0x26be_2023_08_01,CUS_0x26be,1/8/2023,10,7,10000,1000,1000,0,3000,1/3/2024,2024-03-01,2025-11-09 07:06:39.639615,data/lms_loan_daily.csv,2024-03-01
CUS_0x26c6_2023_12_01,CUS_0x26c6,1/12/2023,10,3,10000,1000,1000,0,7000,1/3/2024,2024-03-01,2025-11-09 07:06:39.639615,data/lms_loan_daily.csv,2024-03-01
CUS_0x26d0_2023_05_01,CUS_0x26d0,1/5/2023,10,10,10000,1000,1000,0,0,1/3/2024,2024-03-01,2025-11-09 07:06:39.639615,data/lms_loan_daily.csv,2024-03-01
CUS_0x26d4_2023_08_01,CUS_0x26d4,1/8/2023,10,7,10000,1000,0,5000,8000,1/3/2024,2024-03-01,2025-11-09 07:06:39.639615,data/lms_loan_daily.csv,2024-03-01
CUS_0x26d7_2023_06_01,CUS_0x26d7,1/6/2023,10,9,10000,1000,1000,0,1000,1/3/2024,2024-03-01,2025-11-09 07:06:39.639615,data/lms_loan_daily.csv,2024-03-01
CUS_0x26e0_2023_10_01,CUS_0x26e0,1/10/2023,10,5,10000,1000,0,4000,9000,1/3/2024,2024-03-01,2025-11-09 07:06:39.639615,data/lms_loan_daily.csv,2024-03-01
CUS_0x26ea_2023_06_01,CUS_0x26ea,1/6/2023,10,9,10000,1000,1000,0,1000,1/3/2024,2024-03-01,2025-11-09 07:06:39.639615,data/lms_loan_daily.csv,2024-03-01
CUS_0x26ff_2024_02_01,CUS_0x26ff,1/2/2024,10,1,10000,1000,1000,0,9000,1/3/2024,2024-03-01,2025-11-09 07:06:39.639615,data/lms_loan_daily.csv,2024-03-01
CUS_0x2708_2023_11_01,CUS_0x2708,1/11/2023,10,4,10000,1000,1000,0,6000,1/3/2024,2024-03-01,2025-11-09 07:06:39.639615,data/lms_loan_daily.csv,2024-03-01
CUS_0x270e_2023_05_01,CUS_0x270e,1/5/2023,10,10,10000,1000,0,9000,9000,1/3/2024,2024-03-01,2025-11-09 07:06:39.639615,data/lms_loan_daily.csv,2024-03-01
CUS_0x2717_2024_03_01,CUS_0x2717,1/3/2024,10,0,10000,0,0,0,10000,1/3/2024,2024-03-01,2025-11-09 07:06:39.639615,data/lms_loan_daily.csv,2024-03-01
CUS_0x271b_2023_09_01,CUS_0x271b,1/9/2023,10,6,10000,1000,1000,0,4000,1/3/2024,2024-03-01,2025-11-09 07:06:39.639615,data/lms_loan_daily.csv,2024-03-01
CUS_0x272c_2023_10_01,CUS_0x272c,1/10/2023,10,5,10000,1000,1000,0,5000,1/3/2024,2024-03-01,2025-11-09 07:06:39.639615,data/lms_loan_daily.csv,2024-03-01
CUS_0x2730_2024_03_01,CUS_0x2730,1/3/2024,10,0,10000,0,0,0,10000,1/3/2024,2024-03-01,2025-11-09 07:06:39.639615,data/lms_loan_daily.csv,2024-03-01
CUS_0x2731_2024_03_01,CUS_0x2731,1/3/2024,10,0,10000,0,0,0,10000,1/3/2024,2024-03-01,2025-11-09 07:06:39.639615,data/lms_loan_daily.csv,2024-03-01
CUS_0x2734_2023_10_01,CUS_0x2734,1/10/2023,10,5,10000,1000,1000,0,5000,1/3/2024,2024-03-01,2025-11-09 07:06:39.639615,data/lms_loan_daily.csv,2024-03-01
CUS_0x2746_2023_09_01,CUS_0x2746,1/9/2023,10,6,10000,1000,1000,0,4000,1/3/2024,2024-03-01,2025-11-09 07:06:39.639615,data/lms_loan_daily.csv,2024-03-01
CUS_0x2748_2023_11_01,CUS_0x2748,1/11/2023,10,4,10000,1000,1000,0,6000,1/3/2024,2024-03-01,2025-11-09 07:06:39.639615,data/lms_loan_daily.csv,2024-03-01
CUS_0x275c_2023_06_01,CUS_0x275c,1/6/2023,10,9,10000,1000,0,6000,7000,1/3/2024,2024-03-01,2025-11-09 07:06:39.639615,data/lms_loan_daily.csv,2024-03-01
CUS_0x275e_2023_10_01,CUS_0x275e,1/10/2023,10,5,10000,1000,1000,0,5000,1/3/2024,2024-03-01,2025-11-09 07:06:39.639615,data/lms_loan_daily.csv,2024-03-01
CUS_0x2761_2023_08_01,CUS_0x2761,1/8/2023,10,7,10000,1000,1000,0,3000,1/3/2024,2024-03-01,2025-11-09 07:06:39.639615,data/lms_loan_daily.csv,2024-03-01
CUS_0x2767_2024_01_01,CUS_0x2767,1/1/2024,10,2,10000,1000,1000,0,8000,1/3/2024,2024-03-01,2025-11-09 07:06:39.639615,data/lms_loan_daily.csv,2024-03-01
CUS_0x2777_2023_05_01,CUS_0x2777,1/5/2023,10,10,10000,1000,1000,0,0,1/3/2024,2024-03-01,2025-11-09 07:06:39.639615,data/lms_loan_daily.csv,2024-03-01
CUS_0x277a_2024_02_01,CUS_0x277a,1/2/2024,10,1,10000,1000,1000,0,9000,1/3/2024,2024-03-01,2025-11-09 07:06:39.639615,data/lms_loan_daily.csv,2024-03-01
CUS_0x2784_2023_07_01,CUS_0x2784,1/7/2023,10,8,10000,1000,0,5000,7000,1/3/2024,2024-03-01,2025-11-09 07:06:39.639615,data/lms_loan_daily.csv,2024-03-01
CUS_0x2788_2024_03_01,CUS_0x2788,1/3/2024,10,0,10000,0,0,0,10000,1/3/2024,2024-03-01,2025-11-09 07:06:39.639615,data/lms_loan_daily.csv,2024-03-01
CUS_0x2794_2023_06_01,CUS_0x2794,1/6/2023,10,9,10000,1000,1000,0,1000,1/3/2024,2024-03-01,2025-11-09 07:06:39.639615,data/lms_loan_daily.csv,2024-03-01
CUS_0x279c_2023_12_01,CUS_0x279c,1/12/2023,10,3,10000,1000,1000,0,7000,1/3/2024,2024-03-01,2025-11-09 07:06:39.639615,data/lms_loan_daily.csv,2024-03-01
CUS_0x27a3_2023_09_01,CUS_0x27a3,1/9/2023,10,6,10000,1000,1000,0,4000,1/3/2024,2024-03-01,2025-11-09 07:06:39.639615,data/lms_loan_daily.csv,2024-03-01
CUS_0x27a4_2023_06_01,CUS_0x27a4,1/6/2023,10,9,10000,1000,1000,0,1000,1/3/2024,2024-03-01,2025-11-09 07:06:39.639615,data/lms_loan_daily.csv,2024-03-01
CUS_0x27a9_2023_08_01,CUS_0x27a9,1/8/2023,10,7,10000,1000,1000,0,3000,1/3/2024,2024-03-01,2025-11-09 07:06:39.639615,data/lms_loan_daily.csv,2024-03-01
CUS_0x27ab_2024_03_01,CUS_0x27ab,1/3/2024,10,0,10000,0,0,0,10000,1/3/2024,2024-03-01,2025-11-09 07:06:39.639615,data/lms_loan_daily.csv,2024-03-01
CUS_0x27c2_2024_01_01,CUS_0x27c2,1/1/2024,10,2,10000,1000,1000,0,8000,1/3/2024,2024-03-01,2025-11-09 07:06:39.639615,data/lms_loan_daily.csv,2024-03-01
CUS_0x27d5_2023_10_01,CUS_0x27d5,1/10/2023,10,5,10000,1000,1000,0,5000,1/3/2024,2024-03-01,2025-11-09 07:06:39.639615,data/lms_loan_daily.csv,2024-03-01
CUS_0x27e2_2023_12_01,CUS_0x27e2,1/12/2023,10,3,10000,1000,1000,0,7000,1/3/2024,2024-03-01,2025-11-09 07:06:39.639615,data/lms_loan_daily.csv,2024-03-01
CUS_0x27e5_2024_03_01,CUS_0x27e5,1/3/2024,10,0,10000,0,0,0,10000,1/3/2024,2024-03-01,2025-11-09 07:06:39.639615,data/lms_loan_daily.csv,2024-03-01
CUS_0x27fb_2023_08_01,CUS_0x27fb,1/8/2023,10,7,10000,1000,1000,0,3000,1/3/2024,2024-03-01,2025-11-09 07:06:39.639615,data/lms_loan_daily.csv,2024-03-01
CUS_0x2800_2023_11_01,CUS_0x2800,1/11/2023,10,4,10000,1000,1000,0,6000,1/3/2024,2024-03-01,2025-11-09 07:06:39.639615,data/lms_loan_daily.csv,2024-03-01
CUS_0x2803_2023_05_01,CUS_0x2803,1/5/2023,10,10,10000,1000,1000,0,0,1/3/2024,2024-03-01,2025-11-09 07:06:39.639615,data/lms_loan_daily.csv,2024-03-01
CUS_0x280b_2023_05_01,CUS_0x280b,1/5/2023,10,10,10000,1000,1000,0,0,1/3/2024,2024-03-01,2025-11-09 07:06:39.639615,data/lms_loan_daily.csv,2024-03-01
CUS_0x2822_2023_06_01,CUS_0x2822,1/6/2023,10,9,10000,1000,1000,0,1000,1/3/2024,2024-03-01,2025-11-09 07:06:39.639615,data/lms_loan_daily.csv,2024-03-01
CUS_0x2824_2024_03_01,CUS_0x2824,1/3/2024,10,0,10000,0,0,0,10000,1/3/2024,2024-03-01,2025-11-09 07:06:39.639615,data/lms_loan_daily.csv,2024-03-01
CUS_0x2825_2024_02_01,CUS_0x2825,1/2/2024,10,1,10000,1000,1000,0,9000,1/3/2024,2024-03-01,2025-11-09 07:06:39.639615,data/lms_loan_daily.csv,2024-03-01
CUS_0x282a_2023_05_01,CUS_0x282a,1/5/2023,10,10,10000,1000,0,8000,8000,1/3/2024,2024-03-01,2025-11-09 07:06:39.639615,data/lms_loan_daily.csv,2024-03-01
CUS_0x282b_2023_07_01,CUS_0x282b,1/7/2023,10,8,10000,1000,1000,0,2000,1/3/2024,2024-03-01,2025-11-09 07:06:39.639615,data/lms_loan_daily.csv,2024-03-01
CUS_0x2855_2024_02_01,CUS_0x2855,1/2/2024,10,1,10000,1000,0,1000,10000,1/3/2024,2024-03-01,2025-11-09 07:06:39.639615,data/lms_loan_daily.csv,2024-03-01
CUS_0x2858_2023_10_01,CUS_0x2858,1/10/2023,10,5,10000,1000,1000,0,5000,1/3/2024,2024-03-01,2025-11-09 07:06:39.639615,data/lms_loan_daily.csv,2024-03-01
CUS_0x286a_2023_12_01,CUS_0x286a,1/12/2023,10,3,10000,1000,1000,0,7000,1/3/2024,2024-03-01,2025-11-09 07:06:39.639615,data/lms_loan_daily.csv,2024-03-01
CUS_0x286c_2024_01_01,CUS_0x286c,1/1/2024,10,2,10000,1000,1000,0,8000,1/3/2024,2024-03-01,2025-11-09 07:06:39.639615,data/lms_loan_daily.csv,2024-03-01
CUS_0x2878_2023_12_01,CUS_0x2878,1/12/2023,10,3,10000,1000,1000,0,7000,1/3/2024,2024-03-01,2025-11-09 07:06:39.639615,data/lms_loan_daily.csv,2024-03-01
CUS_0x2879_2023_05_01,CUS_0x2879,1/5/2023,10,10,10000,1000,0,7000,7000,1/3/2024,2024-03-01,2025-11-09 07:06:39.639615,data/lms_loan_daily.csv,2024-03-01
CUS_0x2881_2024_02_01,CUS_0x2881,1/2/2024,10,1,10000,1000,0,1000,10000,1/3/2024,2024-03-01,2025-11-09 07:06:39.639615,data/lms_loan_daily.csv,2024-03-01
CUS_0x2883_2023_11_01,CUS_0x2883,1/11/2023,10,4,10000,1000,0,2000,8000,1/3/2024,2024-03-01,2025-11-09 07:06:39.639615,data/lms_loan_daily.csv,2024-03-01
CUS_0x288b_2023_08_01,CUS_0x288b,1/8/2023,10,7,10000,1000,1000,0,3000,1/3/2024,2024-03-01,2025-11-09 07:06:39.639615,data/lms_loan_daily.csv,2024-03-01
CUS_0x288d_2023_10_01,CUS_0x288d,1/10/2023,10,5,10000,1000,1000,0,5000,1/3/2024,2024-03-01,2025-11-09 07:06:39.639615,data/lms_loan_daily.csv,2024-03-01
CUS_0x2890_2023_08_01,CUS_0x2890,1/8/2023,10,7,10000,1000,0,3000,6000,1/3/2024,2024-03-01,2025-11-09 07:06:39.639615,data/lms_loan_daily.csv,2024-03-01
CUS_0x289d_2023_10_01,CUS_0x289d,1/10/2023,10,5,10000,1000,1000,0,5000,1/3/2024,2024-03-01,2025-11-09 07:06:39.639615,data/lms_loan_daily.csv,2024-03-01
CUS_0x28a3_2024_03_01,CUS_0x28a3,1/3/2024,10,0,10000,0,0,0,10000,1/3/2024,2024-03-01,2025-11-09 07:06:39.639615,data/lms_loan_daily.csv,2024-03-01
CUS_0x28a4_2024_02_01,CUS_0x28a4,1/2/2024,10,1,10000,1000,1000,0,9000,1/3/2024,2024-03-01,2025-11-09 07:06:39.639615,data/lms_loan_daily.csv,2024-03-01
CUS_0x28a7_2023_07_01,CUS_0x28a7,1/7/2023,10,8,10000,1000,1000,0,2000,1/3/2024,2024-03-01,2025-11-09 07:06:39.639615,data/lms_loan_daily.csv,2024-03-01
CUS_0x28b4_2023_08_01,CUS_0x28b4,1/8/2023,10,7,10000,1000,1000,0,3000,1/3/2024,2024-03-01,2025-11-09 07:06:39.639615,data/lms_loan_daily.csv,2024-03-01
CUS_0x28ba_2023_08_01,CUS_0x28ba,1/8/2023,10,7,10000,1000,1000,0,3000,1/3/2024,2024-03-01,2025-11-09 07:06:39.639615,data/lms_loan_daily.csv,2024-03-01
CUS_0x28d2_2023_08_01,CUS_0x28d2,1/8/2023,10,7,10000,1000,1000,0,3000,1/3/2024,2024-03-01,2025-11-09 07:06:39.639615,data/lms_loan_daily.csv,2024-03-01
CUS_0x28d8_2023_07_01,CUS_0x28d8,1/7/2023,10,8,10000,1000,1000,0,2000,1/3/2024,2024-03-01,2025-11-09 07:06:39.639615,data/lms_loan_daily.csv,2024-03-01
CUS_0x28de_2023_12_01,CUS_0x28de,1/12/2023,10,3,10000,1000,0,2000,9000,1/3/2024,2024-03-01,2025-11-09 07:06:39.639615,data/lms_loan_daily.csv,2024-03-01
CUS_0x28ec_2023_12_01,CUS_0x28ec,1/12/2023,10,3,10000,1000,1000,0,7000,1/3/2024,2024-03-01,2025-11-09 07:06:39.639615,data/lms_loan_daily.csv,2024-03-01
CUS_0x28f1_2024_02_01,CUS_0x28f1,1/2/2024,10,1,10000,1000,1000,0,9000,1/3/2024,2024-03-01,2025-11-09 07:06:39.639615,data/lms_loan_daily.csv,2024-03-01
CUS_0x2907_2023_08_01,CUS_0x2907,1/8/2023,10,7,10000,1000,1000,0,3000,1/3/2024,2024-03-01,2025-11-09 07:06:39.639615,data/lms_loan_daily.csv,2024-03-01
CUS_0x2910_2023_07_01,CUS_0x2910,1/7/2023,10,8,10000,1000,1000,0,2000,1/3/2024,2024-03-01,2025-11-09 07:06:39.639615,data/lms_loan_daily.csv,2024-03-01
CUS_0x2912_2023_11_01,CUS_0x2912,1/11/2023,10,4,10000,1000,1000,0,6000,1/3/2024,2024-03-01,2025-11-09 07:06:39.639615,data/lms_loan_daily.csv,2024-03-01
CUS_0x2913_2023_09_01,CUS_0x2913,1/9/2023,10,6,10000,1000,1000,0,4000,1/3/2024,2024-03-01,2025-11-09 07:06:39.639615,data/lms_loan_daily.csv,2024-03-01
CUS_0x2923_2023_08_01,CUS_0x2923,1/8/2023,10,7,10000,1000,0,6000,9000,1/3/2024,2024-03-01,2025-11-09 07:06:39.639615,data/lms_loan_daily.csv,2024-03-01
CUS_0x2924_2023_10_01,CUS_0x2924,1/10/2023,10,5,10000,1000,1000,0,5000,1/3/2024,2024-03-01,2025-11-09 07:06:39.639615,data/lms_loan_daily.csv,2024-03-01
CUS_0x294b_2023_08_01,CUS_0x294b,1/8/2023,10,7,10000,1000,1000,0,3000,1/3/2024,2024-03-01,2025-11-09 07:06:39.639615,data/lms_loan_daily.csv,2024-03-01
CUS_0x294d_2024_03_01,CUS_0x294d,1/3/2024,10,0,10000,0,0,0,10000,1/3/2024,2024-03-01,2025-11-09 07:06:39.639615,data/lms_loan_daily.csv,2024-03-01
CUS_0x2950_2023_05_01,CUS_0x2950,1/5/2023,10,10,10000,1000,1000,0,0,1/3/2024,2024-03-01,2025-11-09 07:06:39.639615,data/lms_loan_daily.csv,2024-03-01
CUS_0x2954_2024_01_01,CUS_0x2954,1/1/2024,10,2,10000,1000,1000,0,8000,1/3/2024,2024-03-01,2025-11-09 07:06:39.639615,data/lms_loan_daily.csv,2024-03-01
CUS_0x2958_2023_10_01,CUS_0x2958,1/10/2023,10,5,10000,1000,1000,0,5000,1/3/2024,2024-03-01,2025-11-09 07:06:39.639615,data/lms_loan_daily.csv,2024-03-01
CUS_0x2959_2024_03_01,CUS_0x2959,1/3/2024,10,0,10000,0,0,0,10000,1/3/2024,2024-03-01,2025-11-09 07:06:39.639615,data/lms_loan_daily.csv,2024-03-01
CUS_0x295f_2023_05_01,CUS_0x295f,1/5/2023,10,10,10000,1000,1000,0,0,1/3/2024,2024-03-01,2025-11-09 07:06:39.639615,data/lms_loan_daily.csv,2024-03-01
CUS_0x2976_2023_05_01,CUS_0x2976,1/5/2023,10,10,10000,1000,1000,0,0,1/3/2024,2024-03-01,2025-11-09 07:06:39.639615,data/lms_loan_daily.csv,2024-03-01
CUS_0x297f_2023_09_01,CUS_0x297f,1/9/2023,10,6,10000,1000,0,3000,7000,1/3/2024,2024-03-01,2025-11-09 07:06:39.639615,data/lms_loan_daily.csv,2024-03-01
CUS_0x2982_2024_01_01,CUS_0x2982,1/1/2024,10,2,10000,1000,1000,0,8000,1/3/2024,2024-03-01,2025-11-09 07:06:39.639615,data/lms_loan_daily.csv,2024-03-01
CUS_0x298e_2023_06_01,CUS_0x298e,1/6/2023,10,9,10000,1000,1000,0,1000,1/3/2024,2024-03-01,2025-11-09 07:06:39.639615,data/lms_loan_daily.csv,2024-03-01
CUS_0x2997_2023_06_01,CUS_0x2997,1/6/2023,10,9,10000,1000,1000,0,1000,1/3/2024,2024-03-01,2025-11-09 07:06:39.639615,data/lms_loan_daily.csv,2024-03-01
CUS_0x2999_2023_11_01,CUS_0x2999,1/11/2023,10,4,10000,1000,0,3000,9000,1/3/2024,2024-03-01,2025-11-09 07:06:39.639615,data/lms_loan_daily.csv,2024-03-01
CUS_0x29ab_2024_03_01,CUS_0x29ab,1/3/2024,10,0,10000,0,0,0,10000,1/3/2024,2024-03-01,2025-11-09 07:06:39.639615,data/lms_loan_daily.csv,2024-03-01
CUS_0x29b4_2023_09_01,CUS_0x29b4,1/9/2023,10,6,10000,1000,1000,0,4000,1/3/2024,2024-03-01,2025-11-09 07:06:39.639615,data/lms_loan_daily.csv,2024-03-01
CUS_0x29cd_2023_12_01,CUS_0x29cd,1/12/2023,10,3,10000,1000,1000,0,7000,1/3/2024,2024-03-01,2025-11-09 07:06:39.639615,data/lms_loan_daily.csv,2024-03-01
CUS_0x29d8_2023_08_01,CUS_0x29d8,1/8/2023,10,7,10000,1000,0,4000,7000,1/3/2024,2024-03-01,2025-11-09 07:06:39.639615,data/lms_loan_daily.csv,2024-03-01
CUS_0x29e0_2023_10_01,CUS_0x29e0,1/10/2023,10,5,10000,1000,1000,0,5000,1/3/2024,2024-03-01,2025-11-09 07:06:39.639615,data/lms_loan_daily.csv,2024-03-01
CUS_0x29e1_2023_09_01,CUS_0x29e1,1/9/2023,10,6,10000,1000,0,5000,9000,1/3/2024,2024-03-01,2025-11-09 07:06:39.639615,data/lms_loan_daily.csv,2024-03-01
CUS_0x29ef_2023_08_01,CUS_0x29ef,1/8/2023,10,7,10000,1000,1000,0,3000,1/3/2024,2024-03-01,2025-11-09 07:06:39.639615,data/lms_loan_daily.csv,2024-03-01
CUS_0x29f9_2023_09_01,CUS_0x29f9,1/9/2023,10,6,10000,1000,1000,0,4000,1/3/2024,2024-03-01,2025-11-09 07:06:39.639615,data/lms_loan_daily.csv,2024-03-01
CUS_0x29fa_2023_08_01,CUS_0x29fa,1/8/2023,10,7,10000,1000,1000,0,3000,1/3/2024,2024-03-01,2025-11-09 07:06:39.639615,data/lms_loan_daily.csv,2024-03-01
CUS_0x2a03_2023_10_01,CUS_0x2a03,1/10/2023,10,5,10000,1000,1000,0,5000,1/3/2024,2024-03-01,2025-11-09 07:06:39.639615,data/lms_loan_daily.csv,2024-03-01
CUS_0x2a05_2023_11_01,CUS_0x2a05,1/11/2023,10,4,10000,1000,1000,0,6000,1/3/2024,2024-03-01,2025-11-09 07:06:39.639615,data/lms_loan_daily.csv,2024-03-01
CUS_0x2a06_2024_01_01,CUS_0x2a06,1/1/2024,10,2,10000,1000,0,1000,9000,1/3/2024,2024-03-01,2025-11-09 07:06:39.639615,data/lms_loan_daily.csv,2024-03-01
CUS_0x2a08_2023_05_01,CUS_0x2a08,1/5/2023,10,10,10000,1000,0,8000,8000,1/3/2024,2024-03-01,2025-11-09 07:06:39.639615,data/lms_loan_daily.csv,2024-03-01
CUS_0x2a09_2023_11_01,CUS_0x2a09,1/11/2023,10,4,10000,1000,1000,0,6000,1/3/2024,2024-03-01,2025-11-09 07:06:39.639615,data/lms_loan_daily.csv,2024-03-01
CUS_0x2a15_2023_10_01,CUS_0x2a15,1/10/2023,10,5,10000,1000,0,2000,7000,1/3/2024,2024-03-01,2025-11-09 07:06:39.639615,data/lms_loan_daily.csv,2024-03-01
CUS_0x2a1b_2023_11_01,CUS_0x2a1b,1/11/2023,10,4,10000,1000,1000,0,6000,1/3/2024,2024-03-01,2025-11-09 07:06:39.639615,data/lms_loan_daily.csv,2024-03-01
CUS_0x2a23_2024_01_01,CUS_0x2a23,1/1/2024,10,2,10000,1000,1000,0,8000,1/3/2024,2024-03-01,2025-11-09 07:06:39.639615,data/lms_loan_daily.csv,2024-03-01
CUS_0x2a25_2023_09_01,CUS_0x2a25,1/9/2023,10,6,10000,1000,1000,0,4000,1/3/2024,2024-03-01,2025-11-09 07:06:39.639615,data/lms_loan_daily.csv,2024-03-01
CUS_0x2a27_2024_02_01,CUS_0x2a27,1/2/2024,10,1,10000,1000,1000,0,9000,1/3/2024,2024-03-01,2025-11-09 07:06:39.639615,data/lms_loan_daily.csv,2024-03-01
CUS_0x2a30_2024_02_01,CUS_0x2a30,1/2/2024,10,1,10000,1000,1000,0,9000,1/3/2024,2024-03-01,2025-11-09 07:06:39.639615,data/lms_loan_daily.csv,2024-03-01
CUS_0x2a36_2024_02_01,CUS_0x2a36,1/2/2024,10,1,10000,1000,1000,0,9000,1/3/2024,2024-03-01,2025-11-09 07:06:39.639615,data/lms_loan_daily.csv,2024-03-01
CUS_0x2a47_2023_12_01,CUS_0x2a47,1/12/2023,10,3,10000,1000,1000,0,7000,1/3/2024,2024-03-01,2025-11-09 07:06:39.639615,data/lms_loan_daily.csv,2024-03-01
CUS_0x2a4e_2023_11_01,CUS_0x2a4e,1/11/2023,10,4,10000,1000,1000,0,6000,1/3/2024,2024-03-01,2025-11-09 07:06:39.639615,data/lms_loan_daily.csv,2024-03-01
CUS_0x2a52_2023_11_01,CUS_0x2a52,1/11/2023,10,4,10000,1000,1000,0,6000,1/3/2024,2024-03-01,2025-11-09 07:06:39.639615,data/lms_loan_daily.csv,2024-03-01
CUS_0x2a5c_2023_12_01,CUS_0x2a5c,1/12/2023,10,3,10000,1000,1000,0,7000,1/3/2024,2024-03-01,2025-11-09 07:06:39.639615,data/lms_loan_daily.csv,2024-03-01
CUS_0x2a60_2023_06_01,CUS_0x2a60,1/6/2023,10,9,10000,1000,0,5000,6000,1/3/2024,2024-03-01,2025-11-09 07:06:39.639615,data/lms_loan_daily.csv,2024-03-01
CUS_0x2a61_2023_09_01,CUS_0x2a61,1/9/2023,10,6,10000,1000,0,4000,8000,1/3/2024,2024-03-01,2025-11-09 07:06:39.639615,data/lms_loan_daily.csv,2024-03-01
CUS_0x2a66_2023_10_01,CUS_0x2a66,1/10/2023,10,5,10000,1000,1000,0,5000,1/3/2024,2024-03-01,2025-11-09 07:06:39.639615,data/lms_loan_daily.csv,2024-03-01
CUS_0x2a68_2023_08_01,CUS_0x2a68,1/8/2023,10,7,10000,1000,1000,0,3000,1/3/2024,2024-03-01,2025-11-09 07:06:39.639615,data/lms_loan_daily.csv,2024-03-01
CUS_0x2a69_2023_08_01,CUS_0x2a69,1/8/2023,10,7,10000,1000,1000,0,3000,1/3/2024,2024-03-01,2025-11-09 07:06:39.639615,data/lms_loan_daily.csv,2024-03-01
CUS_0x2a6b_2023_10_01,CUS_0x2a6b,1/10/2023,10,5,10000,1000,1000,0,5000,1/3/2024,2024-03-01,2025-11-09 07:06:39.639615,data/lms_loan_daily.csv,2024-03-01
CUS_0x2a70_2024_01_01,CUS_0x2a70,1/1/2024,10,2,10000,1000,1000,0,8000,1/3/2024,2024-03-01,2025-11-09 07:06:39.639615,data/lms_loan_daily.csv,2024-03-01
CUS_0x2a75_2024_01_01,CUS_0x2a75,1/1/2024,10,2,10000,1000,1000,0,8000,1/3/2024,2024-03-01,2025-11-09 07:06:39.639615,data/lms_loan_daily.csv,2024-03-01
CUS_0x2a83_2023_05_01,CUS_0x2a83,1/5/2023,10,10,10000,1000,1000,0,0,1/3/2024,2024-03-01,2025-11-09 07:06:39.639615,data/lms_loan_daily.csv,2024-03-01
CUS_0x2a86_2024_03_01,CUS_0x2a86,1/3/2024,10,0,10000,0,0,0,10000,1/3/2024,2024-03-01,2025-11-09 07:06:39.639615,data/lms_loan_daily.csv,2024-03-01
CUS_0x2a8b_2024_01_01,CUS_0x2a8b,1/1/2024,10,2,10000,1000,1000,0,8000,1/3/2024,2024-03-01,2025-11-09 07:06:39.639615,data/lms_loan_daily.csv,2024-03-01
CUS_0x2a91_2024_02_01,CUS_0x2a91,1/2/2024,10,1,10000,1000,1000,0,9000,1/3/2024,2024-03-01,2025-11-09 07:06:39.639615,data/lms_loan_daily.csv,2024-03-01
CUS_0x2a9a_2023_05_01,CUS_0x2a9a,1/5/2023,10,10,10000,1000,1000,0,0,1/3/2024,2024-03-01,2025-11-09 07:06:39.639615,data/lms_loan_daily.csv,2024-03-01
CUS_0x2aac_2023_08_01,CUS_0x2aac,1/8/2023,10,7,10000,1000,0,6000,9000,1/3/2024,2024-03-01,2025-11-09 07:06:39.639615,data/lms_loan_daily.csv,2024-03-01
CUS_0x2ab3_2023_06_01,CUS_0x2ab3,1/6/2023,10,9,10000,1000,1000,0,1000,1/3/2024,2024-03-01,2025-11-09 07:06:39.639615,data/lms_loan_daily.csv,2024-03-01
CUS_0x2ac8_2023_09_01,CUS_0x2ac8,1/9/2023,10,6,10000,1000,1000,0,4000,1/3/2024,2024-03-01,2025-11-09 07:06:39.639615,data/lms_loan_daily.csv,2024-03-01
CUS_0x2ad5_2023_12_01,CUS_0x2ad5,1/12/2023,10,3,10000,1000,1000,0,7000,1/3/2024,2024-03-01,2025-11-09 07:06:39.639615,data/lms_loan_daily.csv,2024-03-01
CUS_0x2ad6_2023_05_01,CUS_0x2ad6,1/5/2023,10,10,10000,1000,1000,0,0,1/3/2024,2024-03-01,2025-11-09 07:06:39.639615,data/lms_loan_daily.csv,2024-03-01
CUS_0x2aed_2023_09_01,CUS_0x2aed,1/9/2023,10,6,10000,1000,1000,0,4000,1/3/2024,2024-03-01,2025-11-09 07:06:39.639615,data/lms_loan_daily.csv,2024-03-01
CUS_0x2af3_2024_01_01,CUS_0x2af3,1/1/2024,10,2,10000,1000,1000,0,8000,1/3/2024,2024-03-01,2025-11-09 07:06:39.639615,data/lms_loan_daily.csv,2024-03-01
CUS_0x2aff_2023_08_01,CUS_0x2aff,1/8/2023,10,7,10000,1000,1000,0,3000,1/3/2024,2024-03-01,2025-11-09 07:06:39.639615,data/lms_loan_daily.csv,2024-03-01
CUS_0x2b05_2024_01_01,CUS_0x2b05,1/1/2024,10,2,10000,1000,1000,0,8000,1/3/2024,2024-03-01,2025-11-09 07:06:39.639615,data/lms_loan_daily.csv,2024-03-01
CUS_0x2b06_2023_08_01,CUS_0x2b06,1/8/2023,10,7,10000,1000,1000,0,3000,1/3/2024,2024-03-01,2025-11-09 07:06:39.639615,data/lms_loan_daily.csv,2024-03-01
CUS_0x2b15_2023_11_01,CUS_0x2b15,1/11/2023,10,4,10000,1000,1000,0,6000,1/3/2024,2024-03-01,2025-11-09 07:06:39.639615,data/lms_loan_daily.csv,2024-03-01
CUS_0x2b1a_2023_11_01,CUS_0x2b1a,1/11/2023,10,4,10000,1000,1000,0,6000,1/3/2024,2024-03-01,2025-11-09 07:06:39.639615,data/lms_loan_daily.csv,2024-03-01
CUS_0x2b29_2023_09_01,CUS_0x2b29,1/9/2023,10,6,10000,1000,0,4000,8000,1/3/2024,2024-03-01,2025-11-09 07:06:39.639615,data/lms_loan_daily.csv,2024-03-01
CUS_0x2b2a_2023_10_01,CUS_0x2b2a,1/10/2023,10,5,10000,1000,1000,0,5000,1/3/2024,2024-03-01,2025-11-09 07:06:39.639615,data/lms_loan_daily.csv,2024-03-01
CUS_0x2b39_2023_10_01,CUS_0x2b39,1/10/2023,10,5,10000,1000,1000,0,5000,1/3/2024,2024-03-01,2025-11-09 07:06:39.639615,data/lms_loan_daily.csv,2024-03-01
CUS_0x2b3b_2024_03_01,CUS_0x2b3b,1/3/2024,10,0,10000,0,0,0,10000,1/3/2024,2024-03-01,2025-11-09 07:06:39.639615,data/lms_loan_daily.csv,2024-03-01
CUS_0x2b52_2024_01_01,CUS_0x2b52,1/1/2024,10,2,10000,1000,1000,0,8000,1/3/2024,2024-03-01,2025-11-09 07:06:39.639615,data/lms_loan_daily.csv,2024-03-01
CUS_0x2b58_2023_08_01,CUS_0x2b58,1/8/2023,10,7,10000,1000,1000,0,3000,1/3/2024,2024-03-01,2025-11-09 07:06:39.639615,data/lms_loan_daily.csv,2024-03-01
CUS_0x2b59_2024_01_01,CUS_0x2b59,1/1/2024,10,2,10000,1000,1000,0,8000,1/3/2024,2024-03-01,2025-11-09 07:06:39.639615,data/lms_loan_daily.csv,2024-03-01
CUS_0x2b5d_2023_12_01,CUS_0x2b5d,1/12/2023,10,3,10000,1000,0,2000,9000,1/3/2024,2024-03-01,2025-11-09 07:06:39.639615,data/lms_loan_daily.csv,2024-03-01
CUS_0x2b60_2023_09_01,CUS_0x2b60,1/9/2023,10,6,10000,1000,0,3000,7000,1/3/2024,2024-03-01,2025-11-09 07:06:39.639615,data/lms_loan_daily.csv,2024-03-01
CUS_0x2b61_2023_10_01,CUS_0x2b61,1/10/2023,10,5,10000,1000,1000,0,5000,1/3/2024,2024-03-01,2025-11-09 07:06:39.639615,data/lms_loan_daily.csv,2024-03-01
CUS_0x2b6e_2023_06_01,CUS_0x2b6e,1/6/2023,10,9,10000,1000,1000,0,1000,1/3/2024,2024-03-01,2025-11-09 07:06:39.639615,data/lms_loan_daily.csv,2024-03-01
CUS_0x2b73_2023_08_01,CUS_0x2b73,1/8/2023,10,7,10000,1000,1000,0,3000,1/3/2024,2024-03-01,2025-11-09 07:06:39.639615,data/lms_loan_daily.csv,2024-03-01
CUS_0x2b76_2023_06_01,CUS_0x2b76,1/6/2023,10,9,10000,1000,1000,0,1000,1/3/2024,2024-03-01,2025-11-09 07:06:39.639615,data/lms_loan_daily.csv,2024-03-01
CUS_0x2b77_2023_09_01,CUS_0x2b77,1/9/2023,10,6,10000,1000,1000,0,4000,1/3/2024,2024-03-01,2025-11-09 07:06:39.639615,data/lms_loan_daily.csv,2024-03-01
CUS_0x2b8a_2023_08_01,CUS_0x2b8a,1/8/2023,10,7,10000,1000,0,6000,9000,1/3/2024,2024-03-01,2025-11-09 07:06:39.639615,data/lms_loan_daily.csv,2024-03-01
CUS_0x2b94_2023_05_01,CUS_0x2b94,1/5/2023,10,10,10000,1000,1000,0,0,1/3/2024,2024-03-01,2025-11-09 07:06:39.639615,data/lms_loan_daily.csv,2024-03-01
CUS_0x2b99_2023_12_01,CUS_0x2b99,1/12/2023,10,3,10000,1000,0,2000,9000,1/3/2024,2024-03-01,2025-11-09 07:06:39.639615,data/lms_loan_daily.csv,2024-03-01
CUS_0x2b9f_2023_12_01,CUS_0x2b9f,1/12/2023,10,3,10000,1000,1000,0,7000,1/3/2024,2024-03-01,2025-11-09 07:06:39.639615,data/lms_loan_daily.csv,2024-03-01
CUS_0x2ba8_2023_08_01,CUS_0x2ba8,1/8/2023,10,7,10000,1000,1000,0,3000,1/3/2024,2024-03-01,2025-11-09 07:06:39.639615,data/lms_loan_daily.csv,2024-03-01
CUS_0x2ba9_2024_02_01,CUS_0x2ba9,1/2/2024,10,1,10000,1000,1000,0,9000,1/3/2024,2024-03-01,2025-11-09 07:06:39.639615,data/lms_loan_daily.csv,2024-03-01
CUS_0x2bba_2023_10_01,CUS_0x2bba,1/10/2023,10,5,10000,1000,1000,0,5000,1/3/2024,2024-03-01,2025-11-09 07:06:39.639615,data/lms_loan_daily.csv,2024-03-01
CUS_0x2bc0_2023_09_01,CUS_0x2bc0,1/9/2023,10,6,10000,1000,1000,0,4000,1/3/2024,2024-03-01,2025-11-09 07:06:39.639615,data/lms_loan_daily.csv,2024-03-01
CUS_0x2bc4_2024_03_01,CUS_0x2bc4,1/3/2024,10,0,10000,0,0,0,10000,1/3/2024,2024-03-01,2025-11-09 07:06:39.639615,data/lms_loan_daily.csv,2024-03-01
CUS_0x2bd2_2023_10_01,CUS_0x2bd2,1/10/2023,10,5,10000,1000,0,1000,6000,1/3/2024,2024-03-01,2025-11-09 07:06:39.639615,data/lms_loan_daily.csv,2024-03-01
CUS_0x2be8_2023_08_01,CUS_0x2be8,1/8/2023,10,7,10000,1000,1000,0,3000,1/3/2024,2024-03-01,2025-11-09 07:06:39.639615,data/lms_loan_daily.csv,2024-03-01
CUS_0x2beb_2024_02_01,CUS_0x2beb,1/2/2024,10,1,10000,1000,1000,0,9000,1/3/2024,2024-03-01,2025-11-09 07:06:39.639615,data/lms_loan_daily.csv,2024-03-01
CUS_0x2bec_2023_06_01,CUS_0x2bec,1/6/2023,10,9,10000,1000,1000,0,1000,1/3/2024,2024-03-01,2025-11-09 07:06:39.639615,data/lms_loan_daily.csv,2024-03-01
CUS_0x2bed_2024_01_01,CUS_0x2bed,1/1/2024,10,2,10000,1000,2000,0,8000,1/3/2024,2024-03-01,2025-11-09 07:06:39.639615,data/lms_loan_daily.csv,2024-03-01
CUS_0x2bf1_2023_09_01,CUS_0x2bf1,1/9/2023,10,6,10000,1000,1000,0,4000,1/3/2024,2024-03-01,2025-11-09 07:06:39.639615,data/lms_loan_daily.csv,2024-03-01
CUS_0x2bf4_2023_07_01,CUS_0x2bf4,1/7/2023,10,8,10000,1000,1000,0,2000,1/3/2024,2024-03-01,2025-11-09 07:06:39.639615,data/lms_loan_daily.csv,2024-03-01
CUS_0x2bfc_2024_01_01,CUS_0x2bfc,1/1/2024,10,2,10000,1000,1000,0,8000,1/3/2024,2024-03-01,2025-11-09 07:06:39.639615,data/lms_loan_daily.csv,2024-03-01
CUS_0x2c06_2023_11_01,CUS_0x2c06,1/11/2023,10,4,10000,1000,0,2000,8000,1/3/2024,2024-03-01,2025-11-09 07:06:39.639615,data/lms_loan_daily.csv,2024-03-01
CUS_0x2c08_2024_01_01,CUS_0x2c08,1/1/2024,10,2,10000,1000,0,1000,9000,1/3/2024,2024-03-01,2025-11-09 07:06:39.639615,data/lms_loan_daily.csv,2024-03-01
CUS_0x2c13_2023_06_01,CUS_0x2c13,1/6/2023,10,9,10000,1000,0,5000,6000,1/3/2024,2024-03-01,2025-11-09 07:06:39.639615,data/lms_loan_daily.csv,2024-03-01
CUS_0x2c14_2023_09_01,CUS_0x2c14,1/9/2023,10,6,10000,1000,0,2000,6000,1/3/2024,2024-03-01,2025-11-09 07:06:39.639615,data/lms_loan_daily.csv,2024-03-01
CUS_0x2c18_2023_05_01,CUS_0x2c18,1/5/2023,10,10,10000,1000,0,8000,8000,1/3/2024,2024-03-01,2025-11-09 07:06:39.639615,data/lms_loan_daily.csv,2024-03-01
CUS_0x2c22_2023_06_01,CUS_0x2c22,1/6/2023,10,9,10000,1000,1000,0,1000,1/3/2024,2024-03-01,2025-11-09 07:06:39.639615,data/lms_loan_daily.csv,2024-03-01
CUS_0x2c2d_2023_12_01,CUS_0x2c2d,1/12/2023,10,3,10000,1000,1000,0,7000,1/3/2024,2024-03-01,2025-11-09 07:06:39.639615,data/lms_loan_daily.csv,2024-03-01
CUS_0x2c32_2023_06_01,CUS_0x2c32,1/6/2023,10,9,10000,1000,0,6000,7000,1/3/2024,2024-03-01,2025-11-09 07:06:39.639615,data/lms_loan_daily.csv,2024-03-01
CUS_0x2c34_2023_12_01,CUS_0x2c34,1/12/2023,10,3,10000,1000,1000,0,7000,1/3/2024,2024-03-01,2025-11-09 07:06:39.639615,data/lms_loan_daily.csv,2024-03-01
CUS_0x2c3c_2024_02_01,CUS_0x2c3c,1/2/2024,10,1,10000,1000,1000,0,9000,1/3/2024,2024-03-01,2025-11-09 07:06:39.639615,data/lms_loan_daily.csv,2024-03-01
CUS_0x2c3e_2023_11_01,CUS_0x2c3e,1/11/2023,10,4,10000,1000,1000,0,6000,1/3/2024,2024-03-01,2025-11-09 07:06:39.639615,data/lms_loan_daily.csv,2024-03-01
CUS_0x2c54_2023_05_01,CUS_0x2c54,1/5/2023,10,10,10000,1000,1000,0,0,1/3/2024,2024-03-01,2025-11-09 07:06:39.639615,data/lms_loan_daily.csv,2024-03-01
CUS_0x2c55_2023_12_01,CUS_0x2c55,1/12/2023,10,3,10000,1000,1000,0,7000,1/3/2024,2024-03-01,2025-11-09 07:06:39.639615,data/lms_loan_daily.csv,2024-03-01
CUS_0x2c5b_2023_07_01,CUS_0x2c5b,1/7/2023,10,8,10000,1000,1000,0,2000,1/3/2024,2024-03-01,2025-11-09 07:06:39.639615,data/lms_loan_daily.csv,2024-03-01
CUS_0x2c6a_2023_05_01,CUS_0x2c6a,1/5/2023,10,10,10000,1000,0,7000,7000,1/3/2024,2024-03-01,2025-11-09 07:06:39.639615,data/lms_loan_daily.csv,2024-03-01
CUS_0x2c81_2023_09_01,CUS_0x2c81,1/9/2023,10,6,10000,1000,1000,0,4000,1/3/2024,2024-03-01,2025-11-09 07:06:39.639615,data/lms_loan_daily.csv,2024-03-01
CUS_0x2c87_2023_05_01,CUS_0x2c87,1/5/2023,10,10,10000,1000,1000,0,0,1/3/2024,2024-03-01,2025-11-09 07:06:39.639615,data/lms_loan_daily.csv,2024-03-01
CUS_0x2c90_2023_08_01,CUS_0x2c90,1/8/2023,10,7,10000,1000,0,5000,8000,1/3/2024,2024-03-01,2025-11-09 07:06:39.639615,data/lms_loan_daily.csv,2024-03-01
CUS_0x2c99_2023_05_01,CUS_0x2c99,1/5/2023,10,10,10000,1000,0,9000,9000,1/3/2024,2024-03-01,2025-11-09 07:06:39.639615,data/lms_loan_daily.csv,2024-03-01
CUS_0x2c9f_2023_09_01,CUS_0x2c9f,1/9/2023,10,6,10000,1000,1000,0,4000,1/3/2024,2024-03-01,2025-11-09 07:06:39.639615,data/lms_loan_daily.csv,2024-03-01
CUS_0x2ca3_2023_09_01,CUS_0x2ca3,1/9/2023,10,6,10000,1000,0,6000,10000,1/3/2024,2024-03-01,2025-11-09 07:06:39.639615,data/lms_loan_daily.csv,2024-03-01
CUS_0x2ca6_2023_11_01,CUS_0x2ca6,1/11/2023,10,4,10000,1000,1000,0,6000,1/3/2024,2024-03-01,2025-11-09 07:06:39.639615,data/lms_loan_daily.csv,2024-03-01
CUS_0x2ca8_2023_10_01,CUS_0x2ca8,1/10/2023,10,5,10000,1000,1000,0,5000,1/3/2024,2024-03-01,2025-11-09 07:06:39.639615,data/lms_loan_daily.csv,2024-03-01
CUS_0x2cab_2023_12_01,CUS_0x2cab,1/12/2023,10,3,10000,1000,1000,0,7000,1/3/2024,2024-03-01,2025-11-09 07:06:39.639615,data/lms_loan_daily.csv,2024-03-01
CUS_0x2cb1_2023_05_01,CUS_0x2cb1,1/5/2023,10,10,10000,1000,1000,0,0,1/3/2024,2024-03-01,2025-11-09 07:06:39.639615,data/lms_loan_daily.csv,2024-03-01
CUS_0x2ccb_2024_03_01,CUS_0x2ccb,1/3/2024,10,0,10000,0,0,0,10000,1/3/2024,2024-03-01,2025-11-09 07:06:39.639615,data/lms_loan_daily.csv,2024-03-01
CUS_0x2cdf_2023_06_01,CUS_0x2cdf,1/6/2023,10,9,10000,1000,0,7000,8000,1/3/2024,2024-03-01,2025-11-09 07:06:39.639615,data/lms_loan_daily.csv,2024-03-01
CUS_0x2ce1_2023_07_01,CUS_0x2ce1,1/7/2023,10,8,10000,1000,0,4000,6000,1/3/2024,2024-03-01,2025-11-09 07:06:39.639615,data/lms_loan_daily.csv,2024-03-01
CUS_0x2ce9_2023_12_01,CUS_0x2ce9,1/12/2023,10,3,10000,1000,1000,0,7000,1/3/2024,2024-03-01,2025-11-09 07:06:39.639615,data/lms_loan_daily.csv,2024-03-01
CUS_0x2cf4_2023_08_01,CUS_0x2cf4,1/8/2023,10,7,10000,1000,1000,0,3000,1/3/2024,2024-03-01,2025-11-09 07:06:39.639615,data/lms_loan_daily.csv,2024-03-01
CUS_0x2d03_2023_10_01,CUS_0x2d03,1/10/2023,10,5,10000,1000,1000,0,5000,1/3/2024,2024-03-01,2025-11-09 07:06:39.639615,data/lms_loan_daily.csv,2024-03-01
CUS_0x2d05_2023_07_01,CUS_0x2d05,1/7/2023,10,8,10000,1000,1000,0,2000,1/3/2024,2024-03-01,2025-11-09 07:06:39.639615,data/lms_loan_daily.csv,2024-03-01
CUS_0x2d14_2024_01_01,CUS_0x2d14,1/1/2024,10,2,10000,1000,1000,0,8000,1/3/2024,2024-03-01,2025-11-09 07:06:39.639615,data/lms_loan_daily.csv,2024-03-01
CUS_0x2d17_2023_11_01,CUS_0x2d17,1/11/2023,10,4,10000,1000,1000,0,6000,1/3/2024,2024-03-01,2025-11-09 07:06:39.639615,data/lms_loan_daily.csv,2024-03-01
CUS_0x2d25_2023_11_01,CUS_0x2d25,1/11/2023,10,4,10000,1000,1000,0,6000,1/3/2024,2024-03-01,2025-11-09 07:06:39.639615,data/lms_loan_daily.csv,2024-03-01
CUS_0x2d27_2023_12_01,CUS_0x2d27,1/12/2023,10,3,10000,1000,1000,0,7000,1/3/2024,2024-03-01,2025-11-09 07:06:39.639615,data/lms_loan_daily.csv,2024-03-01
CUS_0x2d3a_2023_06_01,CUS_0x2d3a,1/6/2023,10,9,10000,1000,1000,0,1000,1/3/2024,2024-03-01,2025-11-09 07:06:39.639615,data/lms_loan_daily.csv,2024-03-01
CUS_0x2d50_2023_09_01,CUS_0x2d50,1/9/2023,10,6,10000,1000,1000,0,4000,1/3/2024,2024-03-01,2025-11-09 07:06:39.639615,data/lms_loan_daily.csv,2024-03-01
CUS_0x2d62_2023_10_01,CUS_0x2d62,1/10/2023,10,5,10000,1000,1000,0,5000,1/3/2024,2024-03-01,2025-11-09 07:06:39.639615,data/lms_loan_daily.csv,2024-03-01
CUS_0x2d6f_2024_02_01,CUS_0x2d6f,1/2/2024,10,1,10000,1000,1000,0,9000,1/3/2024,2024-03-01,2025-11-09 07:06:39.639615,data/lms_loan_daily.csv,2024-03-01
CUS_0x2d76_2023_09_01,CUS_0x2d76,1/9/2023,10,6,10000,1000,1000,0,4000,1/3/2024,2024-03-01,2025-11-09 07:06:39.639615,data/lms_loan_daily.csv,2024-03-01
CUS_0x2d78_2023_07_01,CUS_0x2d78,1/7/2023,10,8,10000,1000,0,4000,6000,1/3/2024,2024-03-01,2025-11-09 07:06:39.639615,data/lms_loan_daily.csv,2024-03-01
CUS_0x2d82_2024_03_01,CUS_0x2d82,1/3/2024,10,0,10000,0,0,0,10000,1/3/2024,2024-03-01,2025-11-09 07:06:39.639615,data/lms_loan_daily.csv,2024-03-01
CUS_0x2d88_2023_10_01,CUS_0x2d88,1/10/2023,10,5,10000,1000,1000,0,5000,1/3/2024,2024-03-01,2025-11-09 07:06:39.639615,data/lms_loan_daily.csv,2024-03-01
CUS_0x2d98_2023_07_01,CUS_0x2d98,1/7/2023,10,8,10000,1000,1000,0,2000,1/3/2024,2024-03-01,2025-11-09 07:06:39.639615,data/lms_loan_daily.csv,2024-03-01
CUS_0x2d9a_2024_03_01,CUS_0x2d9a,1/3/2024,10,0,10000,0,0,0,10000,1/3/2024,2024-03-01,2025-11-09 07:06:39.639615,data/lms_loan_daily.csv,2024-03-01
CUS_0x2d9f_2024_02_01,CUS_0x2d9f,1/2/2024,10,1,10000,1000,1000,0,9000,1/3/2024,2024-03-01,2025-11-09 07:06:39.639615,data/lms_loan_daily.csv,2024-03-01
CUS_0x2da4_2023_12_01,CUS_0x2da4,1/12/2023,10,3,10000,1000,1000,0,7000,1/3/2024,2024-03-01,2025-11-09 07:06:39.639615,data/lms_loan_daily.csv,2024-03-01
CUS_0x2daf_2024_02_01,CUS_0x2daf,1/2/2024,10,1,10000,1000,1000,0,9000,1/3/2024,2024-03-01,2025-11-09 07:06:39.639615,data/lms_loan_daily.csv,2024-03-01
CUS_0x2db3_2024_03_01,CUS_0x2db3,1/3/2024,10,0,10000,0,0,0,10000,1/3/2024,2024-03-01,2025-11-09 07:06:39.639615,data/lms_loan_daily.csv,2024-03-01
CUS_0x2db7_2023_05_01,CUS_0x2db7,1/5/2023,10,10,10000,1000,1000,0,0,1/3/2024,2024-03-01,2025-11-09 07:06:39.639615,data/lms_loan_daily.csv,2024-03-01
CUS_0x2dbc_2023_11_01,CUS_0x2dbc,1/11/2023,10,4,10000,1000,1000,0,6000,1/3/2024,2024-03-01,2025-11-09 07:06:39.639615,data/lms_loan_daily.csv,2024-03-01
CUS_0x2dc9_2023_12_01,CUS_0x2dc9,1/12/2023,10,3,10000,1000,1000,0,7000,1/3/2024,2024-03-01,2025-11-09 07:06:39.639615,data/lms_loan_daily.csv,2024-03-01
CUS_0x2dca_2024_02_01,CUS_0x2dca,1/2/2024,10,1,10000,1000,1000,0,9000,1/3/2024,2024-03-01,2025-11-09 07:06:39.639615,data/lms_loan_daily.csv,2024-03-01
CUS_0x2dd5_2023_05_01,CUS_0x2dd5,1/5/2023,10,10,10000,1000,1000,0,0,1/3/2024,2024-03-01,2025-11-09 07:06:39.639615,data/lms_loan_daily.csv,2024-03-01
CUS_0x2ddd_2023_12_01,CUS_0x2ddd,1/12/2023,10,3,10000,1000,1000,0,7000,1/3/2024,2024-03-01,2025-11-09 07:06:39.639615,data/lms_loan_daily.csv,2024-03-01
CUS_0x2de1_2023_10_01,CUS_0x2de1,1/10/2023,10,5,10000,1000,1000,0,5000,1/3/2024,2024-03-01,2025-11-09 07:06:39.639615,data/lms_loan_daily.csv,2024-03-01
CUS_0x2deb_2023_05_01,CUS_0x2deb,1/5/2023,10,10,10000,1000,1000,0,0,1/3/2024,2024-03-01,2025-11-09 07:06:39.639615,data/lms_loan_daily.csv,2024-03-01
CUS_0x2df8_2023_07_01,CUS_0x2df8,1/7/2023,10,8,10000,1000,0,4000,6000,1/3/2024,2024-03-01,2025-11-09 07:06:39.639615,data/lms_loan_daily.csv,2024-03-01
CUS_0x2e0f_2023_06_01,CUS_0x2e0f,1/6/2023,10,9,10000,1000,1000,0,1000,1/3/2024,2024-03-01,2025-11-09 07:06:39.639615,data/lms_loan_daily.csv,2024-03-01
CUS_0x2e16_2024_01_01,CUS_0x2e16,1/1/2024,10,2,10000,1000,1000,0,8000,1/3/2024,2024-03-01,2025-11-09 07:06:39.639615,data/lms_loan_daily.csv,2024-03-01
CUS_0x2e1a_2024_01_01,CUS_0x2e1a,1/1/2024,10,2,10000,1000,1000,0,8000,1/3/2024,2024-03-01,2025-11-09 07:06:39.639615,data/lms_loan_daily.csv,2024-03-01
CUS_0x2e28_2023_11_01,CUS_0x2e28,1/11/2023,10,4,10000,1000,1000,0,6000,1/3/2024,2024-03-01,2025-11-09 07:06:39.639615,data/lms_loan_daily.csv,2024-03-01
CUS_0x2e43_2023_06_01,CUS_0x2e43,1/6/2023,10,9,10000,1000,1000,0,1000,1/3/2024,2024-03-01,2025-11-09 07:06:39.639615,data/lms_loan_daily.csv,2024-03-01
CUS_0x2e50_2023_08_01,CUS_0x2e50,1/8/2023,10,7,10000,1000,0,4000,7000,1/3/2024,2024-03-01,2025-11-09 07:06:39.639615,data/lms_loan_daily.csv,2024-03-01
CUS_0x2e5e_2023_05_01,CUS_0x2e5e,1/5/2023,10,10,10000,1000,1000,0,0,1/3/2024,2024-03-01,2025-11-09 07:06:39.639615,data/lms_loan_daily.csv,2024-03-01
CUS_0x2e72_2024_02_01,CUS_0x2e72,1/2/2024,10,1,10000,1000,1000,0,9000,1/3/2024,2024-03-01,2025-11-09 07:06:39.639615,data/lms_loan_daily.csv,2024-03-01
CUS_0x2e79_2023_11_01,CUS_0x2e79,1/11/2023,10,4,10000,1000,1000,0,6000,1/3/2024,2024-03-01,2025-11-09 07:06:39.639615,data/lms_loan_daily.csv,2024-03-01
CUS_0x2e7f_2023_12_01,CUS_0x2e7f,1/12/2023,10,3,10000,1000,1000,0,7000,1/3/2024,2024-03-01,2025-11-09 07:06:39.639615,data/lms_loan_daily.csv,2024-03-01
CUS_0x2e8d_2024_01_01,CUS_0x2e8d,1/1/2024,10,2,10000,1000,1000,0,8000,1/3/2024,2024-03-01,2025-11-09 07:06:39.639615,data/lms_loan_daily.csv,2024-03-01
CUS_0x2e90_2023_12_01,CUS_0x2e90,1/12/2023,10,3,10000,1000,1000,0,7000,1/3/2024,2024-03-01,2025-11-09 07:06:39.639615,data/lms_loan_daily.csv,2024-03-01
CUS_0x2e91_2024_03_01,CUS_0x2e91,1/3/2024,10,0,10000,0,0,0,10000,1/3/2024,2024-03-01,2025-11-09 07:06:39.639615,data/lms_loan_daily.csv,2024-03-01
CUS_0x2ea1_2023_08_01,CUS_0x2ea1,1/8/2023,10,7,10000,1000,1000,0,3000,1/3/2024,2024-03-01,2025-11-09 07:06:39.639615,data/lms_loan_daily.csv,2024-03-01
CUS_0x2eb4_2024_03_01,CUS_0x2eb4,1/3/2024,10,0,10000,0,0,0,10000,1/3/2024,2024-03-01,2025-11-09 07:06:39.639615,data/lms_loan_daily.csv,2024-03-01
CUS_0x2ec3_2023_08_01,CUS_0x2ec3,1/8/2023,10,7,10000,1000,1000,0,3000,1/3/2024,2024-03-01,2025-11-09 07:06:39.639615,data/lms_loan_daily.csv,2024-03-01
CUS_0x2ed0_2023_07_01,CUS_0x2ed0,1/7/2023,10,8,10000,1000,1000,0,2000,1/3/2024,2024-03-01,2025-11-09 07:06:39.639615,data/lms_loan_daily.csv,2024-03-01
CUS_0x2ed7_2023_05_01,CUS_0x2ed7,1/5/2023,10,10,10000,1000,1000,0,0,1/3/2024,2024-03-01,2025-11-09 07:06:39.639615,data/lms_loan_daily.csv,2024-03-01
CUS_0x2ee4_2024_01_01,CUS_0x2ee4,1/1/2024,10,2,10000,1000,1000,0,8000,1/3/2024,2024-03-01,2025-11-09 07:06:39.639615,data/lms_loan_daily.csv,2024-03-01
CUS_0x2ee6_2023_09_01,CUS_0x2ee6,1/9/2023,10,6,10000,1000,1000,0,4000,1/3/2024,2024-03-01,2025-11-09 07:06:39.639615,data/lms_loan_daily.csv,2024-03-01
CUS_0x2ef3_2023_11_01,CUS_0x2ef3,1/11/2023,10,4,10000,1000,1000,0,6000,1/3/2024,2024-03-01,2025-11-09 07:06:39.639615,data/lms_loan_daily.csv,2024-03-01
CUS_0x2ef8_2023_12_01,CUS_0x2ef8,1/12/2023,10,3,10000,1000,1000,0,7000,1/3/2024,2024-03-01,2025-11-09 07:06:39.639615,data/lms_loan_daily.csv,2024-03-01
CUS_0x2eff_2024_03_01,CUS_0x2eff,1/3/2024,10,0,10000,0,0,0,10000,1/3/2024,2024-03-01,2025-11-09 07:06:39.639615,data/lms_loan_daily.csv,2024-03-01
CUS_0x2f02_2023_12_01,CUS_0x2f02,1/12/2023,10,3,10000,1000,1000,0,7000,1/3/2024,2024-03-01,2025-11-09 07:06:39.639615,data/lms_loan_daily.csv,2024-03-01
CUS_0x2f08_2023_12_01,CUS_0x2f08,1/12/2023,10,3,10000,1000,1000,0,7000,1/3/2024,2024-03-01,2025-11-09 07:06:39.639615,data/lms_loan_daily.csv,2024-03-01
CUS_0x2f0b_2024_02_01,CUS_0x2f0b,1/2/2024,10,1,10000,1000,1000,0,9000,1/3/2024,2024-03-01,2025-11-09 07:06:39.639615,data/lms_loan_daily.csv,2024-03-01
CUS_0x2f1c_2024_03_01,CUS_0x2f1c,1/3/2024,10,0,10000,0,0,0,10000,1/3/2024,2024-03-01,2025-11-09 07:06:39.639615,data/lms_loan_daily.csv,2024-03-01
CUS_0x2f31_2023_10_01,CUS_0x2f31,1/10/2023,10,5,10000,1000,1000,0,5000,1/3/2024,2024-03-01,2025-11-09 07:06:39.639615,data/lms_loan_daily.csv,2024-03-01
CUS_0x2f39_2023_09_01,CUS_0x2f39,1/9/2023,10,6,10000,1000,0,5000,9000,1/3/2024,2024-03-01,2025-11-09 07:06:39.639615,data/lms_loan_daily.csv,2024-03-01
CUS_0x2f52_2024_02_01,CUS_0x2f52,1/2/2024,10,1,10000,1000,1000,0,9000,1/3/2024,2024-03-01,2025-11-09 07:06:39.639615,data/lms_loan_daily.csv,2024-03-01
CUS_0x2f56_2023_12_01,CUS_0x2f56,1/12/2023,10,3,10000,1000,1000,0,7000,1/3/2024,2024-03-01,2025-11-09 07:06:39.639615,data/lms_loan_daily.csv,2024-03-01
CUS_0x2f59_2023_07_01,CUS_0x2f59,1/7/2023,10,8,10000,1000,1000,0,2000,1/3/2024,2024-03-01,2025-11-09 07:06:39.639615,data/lms_loan_daily.csv,2024-03-01
CUS_0x2f77_2023_10_01,CUS_0x2f77,1/10/2023,10,5,10000,1000,1000,0,5000,1/3/2024,2024-03-01,2025-11-09 07:06:39.639615,data/lms_loan_daily.csv,2024-03-01
CUS_0x2f7b_2023_07_01,CUS_0x2f7b,1/7/2023,10,8,10000,1000,1000,0,2000,1/3/2024,2024-03-01,2025-11-09 07:06:39.639615,data/lms_loan_daily.csv,2024-03-01
CUS_0x2f8c_2023_06_01,CUS_0x2f8c,1/6/2023,10,9,10000,1000,0,8000,9000,1/3/2024,2024-03-01,2025-11-09 07:06:39.639615,data/lms_loan_daily.csv,2024-03-01
CUS_0x2f9b_2024_03_01,CUS_0x2f9b,1/3/2024,10,0,10000,0,0,0,10000,1/3/2024,2024-03-01,2025-11-09 07:06:39.639615,data/lms_loan_daily.csv,2024-03-01
CUS_0x2fa7_2024_01_01,CUS_0x2fa7,1/1/2024,10,2,10000,1000,1000,0,8000,1/3/2024,2024-03-01,2025-11-09 07:06:39.639615,data/lms_loan_daily.csv,2024-03-01
CUS_0x2faa_2023_10_01,CUS_0x2faa,1/10/2023,10,5,10000,1000,0,5000,10000,1/3/2024,2024-03-01,2025-11-09 07:06:39.639615,data/lms_loan_daily.csv,2024-03-01
CUS_0x2fb7_2023_09_01,CUS_0x2fb7,1/9/2023,10,6,10000,1000,1000,0,4000,1/3/2024,2024-03-01,2025-11-09 07:06:39.639615,data/lms_loan_daily.csv,2024-03-01
CUS_0x2fb8_2023_06_01,CUS_0x2fb8,1/6/2023,10,9,10000,1000,1000,0,1000,1/3/2024,2024-03-01,2025-11-09 07:06:39.639615,data/lms_loan_daily.csv,2024-03-01
CUS_0x2fbe_2023_09_01,CUS_0x2fbe,1/9/2023,10,6,10000,1000,1000,0,4000,1/3/2024,2024-03-01,2025-11-09 07:06:39.639615,data/lms_loan_daily.csv,2024-03-01
CUS_0x2fc5_2024_01_01,CUS_0x2fc5,1/1/2024,10,2,10000,1000,1000,0,8000,1/3/2024,2024-03-01,2025-11-09 07:06:39.639615,data/lms_loan_daily.csv,2024-03-01
CUS_0x2fd8_2024_02_01,CUS_0x2fd8,1/2/2024,10,1,10000,1000,1000,0,9000,1/3/2024,2024-03-01,2025-11-09 07:06:39.639615,data/lms_loan_daily.csv,2024-03-01
CUS_0x2fe0_2024_02_01,CUS_0x2fe0,1/2/2024,10,1,10000,1000,1000,0,9000,1/3/2024,2024-03-01,2025-11-09 07:06:39.639615,data/lms_loan_daily.csv,2024-03-01
CUS_0x2fe4_2023_07_01,CUS_0x2fe4,1/7/2023,10,8,10000,1000,1000,0,2000,1/3/2024,2024-03-01,2025-11-09 07:06:39.639615,data/lms_loan_daily.csv,2024-03-01
CUS_0x2fec_2023_08_01,CUS_0x2fec,1/8/2023,10,7,10000,1000,1000,0,3000,1/3/2024,2024-03-01,2025-11-09 07:06:39.639615,data/lms_loan_daily.csv,2024-03-01
CUS_0x2ff6_2023_05_01,CUS_0x2ff6,1/5/2023,10,10,10000,1000,1000,0,0,1/3/2024,2024-03-01,2025-11-09 07:06:39.639615,data/lms_loan_daily.csv,2024-03-01
CUS_0x2ff7_2024_01_01,CUS_0x2ff7,1/1/2024,10,2,10000,1000,1000,0,8000,1/3/2024,2024-03-01,2025-11-09 07:06:39.639615,data/lms_loan_daily.csv,2024-03-01
CUS_0x2ffe_2024_02_01,CUS_0x2ffe,1/2/2024,10,1,10000,1000,1000,0,9000,1/3/2024,2024-03-01,2025-11-09 07:06:39.639615,data/lms_loan_daily.csv,2024-03-01
CUS_0x3007_2024_02_01,CUS_0x3007,1/2/2024,10,1,10000,1000,1000,0,9000,1/3/2024,2024-03-01,2025-11-09 07:06:39.639615,data/lms_loan_daily.csv,2024-03-01
CUS_0x300b_2024_03_01,CUS_0x300b,1/3/2024,10,0,10000,0,0,0,10000,1/3/2024,2024-03-01,2025-11-09 07:06:39.639615,data/lms_loan_daily.csv,2024-03-01
CUS_0x301b_2023_08_01,CUS_0x301b,1/8/2023,10,7,10000,1000,1000,0,3000,1/3/2024,2024-03-01,2025-11-09 07:06:39.639615,data/lms_loan_daily.csv,2024-03-01
CUS_0x301d_2023_08_01,CUS_0x301d,1/8/2023,10,7,10000,1000,1000,0,3000,1/3/2024,2024-03-01,2025-11-09 07:06:39.639615,data/lms_loan_daily.csv,2024-03-01
CUS_0x3023_2023_05_01,CUS_0x3023,1/5/2023,10,10,10000,1000,0,7000,7000,1/3/2024,2024-03-01,2025-11-09 07:06:39.639615,data/lms_loan_daily.csv,2024-03-01
CUS_0x302d_2023_09_01,CUS_0x302d,1/9/2023,10,6,10000,1000,0,2000,6000,1/3/2024,2024-03-01,2025-11-09 07:06:39.639615,data/lms_loan_daily.csv,2024-03-01
CUS_0x303a_2024_01_01,CUS_0x303a,1/1/2024,10,2,10000,1000,0,1000,9000,1/3/2024,2024-03-01,2025-11-09 07:06:39.639615,data/lms_loan_daily.csv,2024-03-01
CUS_0x303b_2023_11_01,CUS_0x303b,1/11/2023,10,4,10000,1000,0,2000,8000,1/3/2024,2024-03-01,2025-11-09 07:06:39.639615,data/lms_loan_daily.csv,2024-03-01
CUS_0x3048_2023_12_01,CUS_0x3048,1/12/2023,10,3,10000,1000,1000,0,7000,1/3/2024,2024-03-01,2025-11-09 07:06:39.639615,data/lms_loan_daily.csv,2024-03-01
CUS_0x305c_2024_01_01,CUS_0x305c,1/1/2024,10,2,10000,1000,1000,0,8000,1/3/2024,2024-03-01,2025-11-09 07:06:39.639615,data/lms_loan_daily.csv,2024-03-01
CUS_0x305e_2023_10_01,CUS_0x305e,1/10/2023,10,5,10000,1000,1000,0,5000,1/3/2024,2024-03-01,2025-11-09 07:06:39.639615,data/lms_loan_daily.csv,2024-03-01
CUS_0x3065_2023_08_01,CUS_0x3065,1/8/2023,10,7,10000,1000,1000,0,3000,1/3/2024,2024-03-01,2025-11-09 07:06:39.639615,data/lms_loan_daily.csv,2024-03-01
CUS_0x3066_2024_02_01,CUS_0x3066,1/2/2024,10,1,10000,1000,1000,0,9000,1/3/2024,2024-03-01,2025-11-09 07:06:39.639615,data/lms_loan_daily.csv,2024-03-01
CUS_0x3077_2023_05_01,CUS_0x3077,1/5/2023,10,10,10000,1000,1000,0,0,1/3/2024,2024-03-01,2025-11-09 07:06:39.639615,data/lms_loan_daily.csv,2024-03-01
CUS_0x3082_2024_01_01,CUS_0x3082,1/1/2024,10,2,10000,1000,0,1000,9000,1/3/2024,2024-03-01,2025-11-09 07:06:39.639615,data/lms_loan_daily.csv,2024-03-01
CUS_0x308d_2024_01_01,CUS_0x308d,1/1/2024,10,2,10000,1000,1000,0,8000,1/3/2024,2024-03-01,2025-11-09 07:06:39.639615,data/lms_loan_daily.csv,2024-03-01
CUS_0x3091_2023_05_01,CUS_0x3091,1/5/2023,10,10,10000,1000,1000,0,0,1/3/2024,2024-03-01,2025-11-09 07:06:39.639615,data/lms_loan_daily.csv,2024-03-01
CUS_0x309d_2024_03_01,CUS_0x309d,1/3/2024,10,0,10000,0,0,0,10000,1/3/2024,2024-03-01,2025-11-09 07:06:39.639615,data/lms_loan_daily.csv,2024-03-01
CUS_0x30a3_2023_09_01,CUS_0x30a3,1/9/2023,10,6,10000,1000,1000,0,4000,1/3/2024,2024-03-01,2025-11-09 07:06:39.639615,data/lms_loan_daily.csv,2024-03-01
CUS_0x30ae_2023_12_01,CUS_0x30ae,1/12/2023,10,3,10000,1000,0,1000,8000,1/3/2024,2024-03-01,2025-11-09 07:06:39.639615,data/lms_loan_daily.csv,2024-03-01
CUS_0x30b7_2023_10_01,CUS_0x30b7,1/10/2023,10,5,10000,1000,1000,0,5000,1/3/2024,2024-03-01,2025-11-09 07:06:39.639615,data/lms_loan_daily.csv,2024-03-01
CUS_0x30b9_2023_10_01,CUS_0x30b9,1/10/2023,10,5,10000,1000,1000,0,5000,1/3/2024,2024-03-01,2025-11-09 07:06:39.639615,data/lms_loan_daily.csv,2024-03-01
CUS_0x30bd_2023_10_01,CUS_0x30bd,1/10/2023,10,5,10000,1000,1000,0,5000,1/3/2024,2024-03-01,2025-11-09 07:06:39.639615,data/lms_loan_daily.csv,2024-03-01
CUS_0x30c6_2024_02_01,CUS_0x30c6,1/2/2024,10,1,10000,1000,1000,0,9000,1/3/2024,2024-03-01,2025-11-09 07:06:39.639615,data/lms_loan_daily.csv,2024-03-01
CUS_0x30c8_2023_11_01,CUS_0x30c8,1/11/2023,10,4,10000,1000,1000,0,6000,1/3/2024,2024-03-01,2025-11-09 07:06:39.639615,data/lms_loan_daily.csv,2024-03-01
CUS_0x30ca_2024_02_01,CUS_0x30ca,1/2/2024,10,1,10000,1000,1000,0,9000,1/3/2024,2024-03-01,2025-11-09 07:06:39.639615,data/lms_loan_daily.csv,2024-03-01
CUS_0x30d0_2023_08_01,CUS_0x30d0,1/8/2023,10,7,10000,1000,0,5000,8000,1/3/2024,2024-03-01,2025-11-09 07:06:39.639615,data/lms_loan_daily.csv,2024-03-01
CUS_0x30eb_2023_07_01,CUS_0x30eb,1/7/2023,10,8,10000,1000,1000,0,2000,1/3/2024,2024-03-01,2025-11-09 07:06:39.639615,data/lms_loan_daily.csv,2024-03-01
CUS_0x30f7_2023_05_01,CUS_0x30f7,1/5/2023,10,10,10000,1000,1000,0,0,1/3/2024,2024-03-01,2025-11-09 07:06:39.639615,data/lms_loan_daily.csv,2024-03-01
CUS_0x3101_2024_01_01,CUS_0x3101,1/1/2024,10,2,10000,1000,1000,0,8000,1/3/2024,2024-03-01,2025-11-09 07:06:39.639615,data/lms_loan_daily.csv,2024-03-01
CUS_0x3102_2023_06_01,CUS_0x3102,1/6/2023,10,9,10000,1000,1000,0,1000,1/3/2024,2024-03-01,2025-11-09 07:06:39.639615,data/lms_loan_daily.csv,2024-03-01
CUS_0x3105_2023_06_01,CUS_0x3105,1/6/2023,10,9,10000,1000,1000,0,1000,1/3/2024,2024-03-01,2025-11-09 07:06:39.639615,data/lms_loan_daily.csv,2024-03-01
CUS_0x3108_2023_10_01,CUS_0x3108,1/10/2023,10,5,10000,1000,1000,0,5000,1/3/2024,2024-03-01,2025-11-09 07:06:39.639615,data/lms_loan_daily.csv,2024-03-01
CUS_0x310f_2023_07_01,CUS_0x310f,1/7/2023,10,8,10000,1000,1000,0,2000,1/3/2024,2024-03-01,2025-11-09 07:06:39.639615,data/lms_loan_daily.csv,2024-03-01
CUS_0x3117_2023_12_01,CUS_0x3117,1/12/2023,10,3,10000,1000,3000,0,7000,1/3/2024,2024-03-01,2025-11-09 07:06:39.639615,data/lms_loan_daily.csv,2024-03-01
CUS_0x311a_2023_12_01,CUS_0x311a,1/12/2023,10,3,10000,1000,1000,0,7000,1/3/2024,2024-03-01,2025-11-09 07:06:39.639615,data/lms_loan_daily.csv,2024-03-01
CUS_0x3127_2024_01_01,CUS_0x3127,1/1/2024,10,2,10000,1000,1000,0,8000,1/3/2024,2024-03-01,2025-11-09 07:06:39.639615,data/lms_loan_daily.csv,2024-03-01
CUS_0x312b_2023_10_01,CUS_0x312b,1/10/2023,10,5,10000,1000,0,1000,6000,1/3/2024,2024-03-01,2025-11-09 07:06:39.639615,data/lms_loan_daily.csv,2024-03-01
CUS_0x312c_2023_11_01,CUS_0x312c,1/11/2023,10,4,10000,1000,0,1000,7000,1/3/2024,2024-03-01,2025-11-09 07:06:39.639615,data/lms_loan_daily.csv,2024-03-01
CUS_0x3141_2023_09_01,CUS_0x3141,1/9/2023,10,6,10000,1000,1000,0,4000,1/3/2024,2024-03-01,2025-11-09 07:06:39.639615,data/lms_loan_daily.csv,2024-03-01
CUS_0x3149_2023_11_01,CUS_0x3149,1/11/2023,10,4,10000,1000,0,2000,8000,1/3/2024,2024-03-01,2025-11-09 07:06:39.639615,data/lms_loan_daily.csv,2024-03-01
CUS_0x3161_2024_01_01,CUS_0x3161,1/1/2024,10,2,10000,1000,1000,0,8000,1/3/2024,2024-03-01,2025-11-09 07:06:39.639615,data/lms_loan_daily.csv,2024-03-01
CUS_0x3169_2023_06_01,CUS_0x3169,1/6/2023,10,9,10000,1000,1000,0,1000,1/3/2024,2024-03-01,2025-11-09 07:06:39.639615,data/lms_loan_daily.csv,2024-03-01
CUS_0x317a_2023_10_01,CUS_0x317a,1/10/2023,10,5,10000,1000,1000,0,5000,1/3/2024,2024-03-01,2025-11-09 07:06:39.639615,data/lms_loan_daily.csv,2024-03-01
CUS_0x317e_2023_07_01,CUS_0x317e,1/7/2023,10,8,10000,1000,0,6000,8000,1/3/2024,2024-03-01,2025-11-09 07:06:39.639615,data/lms_loan_daily.csv,2024-03-01
CUS_0x3183_2023_08_01,CUS_0x3183,1/8/2023,10,7,10000,1000,1000,0,3000,1/3/2024,2024-03-01,2025-11-09 07:06:39.639615,data/lms_loan_daily.csv,2024-03-01
CUS_0x3187_2024_01_01,CUS_0x3187,1/1/2024,10,2,10000,1000,1000,0,8000,1/3/2024,2024-03-01,2025-11-09 07:06:39.639615,data/lms_loan_daily.csv,2024-03-01
CUS_0x3188_2023_11_01,CUS_0x3188,1/11/2023,10,4,10000,1000,1000,0,6000,1/3/2024,2024-03-01,2025-11-09 07:06:39.639615,data/lms_loan_daily.csv,2024-03-01
CUS_0x318d_2023_07_01,CUS_0x318d,1/7/2023,10,8,10000,1000,1000,0,2000,1/3/2024,2024-03-01,2025-11-09 07:06:39.639615,data/lms_loan_daily.csv,2024-03-01
CUS_0x318e_2023_09_01,CUS_0x318e,1/9/2023,10,6,10000,1000,1000,0,4000,1/3/2024,2024-03-01,2025-11-09 07:06:39.639615,data/lms_loan_daily.csv,2024-03-01
CUS_0x3190_2023_08_01,CUS_0x3190,1/8/2023,10,7,10000,1000,1000,0,3000,1/3/2024,2024-03-01,2025-11-09 07:06:39.639615,data/lms_loan_daily.csv,2024-03-01
CUS_0x3191_2023_05_01,CUS_0x3191,1/5/2023,10,10,10000,1000,1000,0,0,1/3/2024,2024-03-01,2025-11-09 07:06:39.639615,data/lms_loan_daily.csv,2024-03-01
CUS_0x319c_2023_08_01,CUS_0x319c,1/8/2023,10,7,10000,1000,1000,0,3000,1/3/2024,2024-03-01,2025-11-09 07:06:39.639615,data/lms_loan_daily.csv,2024-03-01
CUS_0x31b2_2023_07_01,CUS_0x31b2,1/7/2023,10,8,10000,1000,1000,0,2000,1/3/2024,2024-03-01,2025-11-09 07:06:39.639615,data/lms_loan_daily.csv,2024-03-01
CUS_0x31b8_2024_01_01,CUS_0x31b8,1/1/2024,10,2,10000,1000,1000,0,8000,1/3/2024,2024-03-01,2025-11-09 07:06:39.639615,data/lms_loan_daily.csv,2024-03-01
CUS_0x31bd_2023_07_01,CUS_0x31bd,1/7/2023,10,8,10000,1000,1000,0,2000,1/3/2024,2024-03-01,2025-11-09 07:06:39.639615,data/lms_loan_daily.csv,2024-03-01
CUS_0x31c0_2024_01_01,CUS_0x31c0,1/1/2024,10,2,10000,1000,0,1000,9000,1/3/2024,2024-03-01,2025-11-09 07:06:39.639615,data/lms_loan_daily.csv,2024-03-01
CUS_0x31d5_2023_05_01,CUS_0x31d5,1/5/2023,10,10,10000,1000,1000,0,0,1/3/2024,2024-03-01,2025-11-09 07:06:39.639615,data/lms_loan_daily.csv,2024-03-01
CUS_0x31e3_2023_11_01,CUS_0x31e3,1/11/2023,10,4,10000,1000,1000,0,6000,1/3/2024,2024-03-01,2025-11-09 07:06:39.639615,data/lms_loan_daily.csv,2024-03-01
CUS_0x31e8_2024_03_01,CUS_0x31e8,1/3/2024,10,0,10000,0,0,0,10000,1/3/2024,2024-03-01,2025-11-09 07:06:39.639615,data/lms_loan_daily.csv,2024-03-01
CUS_0x31eb_2023_06_01,CUS_0x31eb,1/6/2023,10,9,10000,1000,1000,0,1000,1/3/2024,2024-03-01,2025-11-09 07:06:39.639615,data/lms_loan_daily.csv,2024-03-01
CUS_0x3201_2023_05_01,CUS_0x3201,1/5/2023,10,10,10000,1000,1000,0,0,1/3/2024,2024-03-01,2025-11-09 07:06:39.639615,data/lms_loan_daily.csv,2024-03-01
CUS_0x3208_2023_10_01,CUS_0x3208,1/10/2023,10,5,10000,1000,1000,0,5000,1/3/2024,2024-03-01,2025-11-09 07:06:39.639615,data/lms_loan_daily.csv,2024-03-01
CUS_0x320f_2023_12_01,CUS_0x320f,1/12/2023,10,3,10000,1000,1000,0,7000,1/3/2024,2024-03-01,2025-11-09 07:06:39.639615,data/lms_loan_daily.csv,2024-03-01
CUS_0x3214_2024_01_01,CUS_0x3214,1/1/2024,10,2,10000,1000,1000,0,8000,1/3/2024,2024-03-01,2025-11-09 07:06:39.639615,data/lms_loan_daily.csv,2024-03-01
CUS_0x321c_2023_10_01,CUS_0x321c,1/10/2023,10,5,10000,1000,1000,0,5000,1/3/2024,2024-03-01,2025-11-09 07:06:39.639615,data/lms_loan_daily.csv,2024-03-01
CUS_0x3221_2023_07_01,CUS_0x3221,1/7/2023,10,8,10000,1000,1000,0,2000,1/3/2024,2024-03-01,2025-11-09 07:06:39.639615,data/lms_loan_daily.csv,2024-03-01
CUS_0x3224_2024_03_01,CUS_0x3224,1/3/2024,10,0,10000,0,0,0,10000,1/3/2024,2024-03-01,2025-11-09 07:06:39.639615,data/lms_loan_daily.csv,2024-03-01
CUS_0x3237_2023_07_01,CUS_0x3237,1/7/2023,10,8,10000,1000,0,7000,9000,1/3/2024,2024-03-01,2025-11-09 07:06:39.639615,data/lms_loan_daily.csv,2024-03-01
CUS_0x323f_2024_01_01,CUS_0x323f,1/1/2024,10,2,10000,1000,0,1000,9000,1/3/2024,2024-03-01,2025-11-09 07:06:39.639615,data/lms_loan_daily.csv,2024-03-01
CUS_0x3243_2024_03_01,CUS_0x3243,1/3/2024,10,0,10000,0,0,0,10000,1/3/2024,2024-03-01,2025-11-09 07:06:39.639615,data/lms_loan_daily.csv,2024-03-01
CUS_0x3257_2024_02_01,CUS_0x3257,1/2/2024,10,1,10000,1000,1000,0,9000,1/3/2024,2024-03-01,2025-11-09 07:06:39.639615,data/lms_loan_daily.csv,2024-03-01
CUS_0x3260_2023_11_01,CUS_0x3260,1/11/2023,10,4,10000,1000,1000,0,6000,1/3/2024,2024-03-01,2025-11-09 07:06:39.639615,data/lms_loan_daily.csv,2024-03-01
CUS_0x3263_2023_09_01,CUS_0x3263,1/9/2023,10,6,10000,1000,1000,0,4000,1/3/2024,2024-03-01,2025-11-09 07:06:39.639615,data/lms_loan_daily.csv,2024-03-01
CUS_0x3264_2023_08_01,CUS_0x3264,1/8/2023,10,7,10000,1000,1000,0,3000,1/3/2024,2024-03-01,2025-11-09 07:06:39.639615,data/lms_loan_daily.csv,2024-03-01
CUS_0x3276_2024_02_01,CUS_0x3276,1/2/2024,10,1,10000,1000,1000,0,9000,1/3/2024,2024-03-01,2025-11-09 07:06:39.639615,data/lms_loan_daily.csv,2024-03-01
CUS_0x3279_2024_02_01,CUS_0x3279,1/2/2024,10,1,10000,1000,1000,0,9000,1/3/2024,2024-03-01,2025-11-09 07:06:39.639615,data/lms_loan_daily.csv,2024-03-01
CUS_0x327d_2023_07_01,CUS_0x327d,1/7/2023,10,8,10000,1000,1000,0,2000,1/3/2024,2024-03-01,2025-11-09 07:06:39.639615,data/lms_loan_daily.csv,2024-03-01
CUS_0x328e_2023_11_01,CUS_0x328e,1/11/2023,10,4,10000,1000,1000,0,6000,1/3/2024,2024-03-01,2025-11-09 07:06:39.639615,data/lms_loan_daily.csv,2024-03-01
CUS_0x329f_2023_09_01,CUS_0x329f,1/9/2023,10,6,10000,1000,1000,0,4000,1/3/2024,2024-03-01,2025-11-09 07:06:39.639615,data/lms_loan_daily.csv,2024-03-01
CUS_0x32a1_2023_09_01,CUS_0x32a1,1/9/2023,10,6,10000,1000,1000,0,4000,1/3/2024,2024-03-01,2025-11-09 07:06:39.639615,data/lms_loan_daily.csv,2024-03-01
CUS_0x32a7_2023_07_01,CUS_0x32a7,1/7/2023,10,8,10000,1000,1000,0,2000,1/3/2024,2024-03-01,2025-11-09 07:06:39.639615,data/lms_loan_daily.csv,2024-03-01
CUS_0x32b8_2023_05_01,CUS_0x32b8,1/5/2023,10,10,10000,1000,1000,0,0,1/3/2024,2024-03-01,2025-11-09 07:06:39.639615,data/lms_loan_daily.csv,2024-03-01
CUS_0x32ba_2023_08_01,CUS_0x32ba,1/8/2023,10,7,10000,1000,1000,0,3000,1/3/2024,2024-03-01,2025-11-09 07:06:39.639615,data/lms_loan_daily.csv,2024-03-01
CUS_0x32c7_2023_10_01,CUS_0x32c7,1/10/2023,10,5,10000,1000,0,3000,8000,1/3/2024,2024-03-01,2025-11-09 07:06:39.639615,data/lms_loan_daily.csv,2024-03-01
CUS_0x32cb_2024_03_01,CUS_0x32cb,1/3/2024,10,0,10000,0,0,0,10000,1/3/2024,2024-03-01,2025-11-09 07:06:39.639615,data/lms_loan_daily.csv,2024-03-01
CUS_0x32e2_2024_02_01,CUS_0x32e2,1/2/2024,10,1,10000,1000,1000,0,9000,1/3/2024,2024-03-01,2025-11-09 07:06:39.639615,data/lms_loan_daily.csv,2024-03-01
CUS_0x32e4_2023_06_01,CUS_0x32e4,1/6/2023,10,9,10000,1000,0,7000,8000,1/3/2024,2024-03-01,2025-11-09 07:06:39.639615,data/lms_loan_daily.csv,2024-03-01
CUS_0x32ed_2023_11_01,CUS_0x32ed,1/11/2023,10,4,10000,1000,1000,0,6000,1/3/2024,2024-03-01,2025-11-09 07:06:39.639615,data/lms_loan_daily.csv,2024-03-01
CUS_0x32f5_2023_09_01,CUS_0x32f5,1/9/2023,10,6,10000,1000,1000,0,4000,1/3/2024,2024-03-01,2025-11-09 07:06:39.639615,data/lms_loan_daily.csv,2024-03-01
CUS_0x3313_2024_02_01,CUS_0x3313,1/2/2024,10,1,10000,1000,1000,0,9000,1/3/2024,2024-03-01,2025-11-09 07:06:39.639615,data/lms_loan_daily.csv,2024-03-01
CUS_0x3319_2023_05_01,CUS_0x3319,1/5/2023,10,10,10000,1000,1000,0,0,1/3/2024,2024-03-01,2025-11-09 07:06:39.639615,data/lms_loan_daily.csv,2024-03-01
CUS_0x3325_2023_08_01,CUS_0x3325,1/8/2023,10,7,10000,1000,1000,0,3000,1/3/2024,2024-03-01,2025-11-09 07:06:39.639615,data/lms_loan_daily.csv,2024-03-01
CUS_0x332e_2024_01_01,CUS_0x332e,1/1/2024,10,2,10000,1000,1000,0,8000,1/3/2024,2024-03-01,2025-11-09 07:06:39.639615,data/lms_loan_daily.csv,2024-03-01
CUS_0x3331_2023_06_01,CUS_0x3331,1/6/2023,10,9,10000,1000,0,8000,9000,1/3/2024,2024-03-01,2025-11-09 07:06:39.639615,data/lms_loan_daily.csv,2024-03-01
CUS_0x3336_2023_11_01,CUS_0x3336,1/11/2023,10,4,10000,1000,1000,0,6000,1/3/2024,2024-03-01,2025-11-09 07:06:39.639615,data/lms_loan_daily.csv,2024-03-01
CUS_0x333e_2023_05_01,CUS_0x333e,1/5/2023,10,10,10000,1000,1000,0,0,1/3/2024,2024-03-01,2025-11-09 07:06:39.639615,data/lms_loan_daily.csv,2024-03-01
CUS_0x333f_2024_02_01,CUS_0x333f,1/2/2024,10,1,10000,1000,1000,0,9000,1/3/2024,2024-03-01,2025-11-09 07:06:39.639615,data/lms_loan_daily.csv,2024-03-01
CUS_0x3340_2023_05_01,CUS_0x3340,1/5/2023,10,10,10000,1000,0,7000,7000,1/3/2024,2024-03-01,2025-11-09 07:06:39.639615,data/lms_loan_daily.csv,2024-03-01
CUS_0x334d_2023_07_01,CUS_0x334d,1/7/2023,10,8,10000,1000,1000,0,2000,1/3/2024,2024-03-01,2025-11-09 07:06:39.639615,data/lms_loan_daily.csv,2024-03-01
CUS_0x3352_2023_11_01,CUS_0x3352,1/11/2023,10,4,10000,1000,1000,0,6000,1/3/2024,2024-03-01,2025-11-09 07:06:39.639615,data/lms_loan_daily.csv,2024-03-01
CUS_0x3356_2024_03_01,CUS_0x3356,1/3/2024,10,0,10000,0,0,0,10000,1/3/2024,2024-03-01,2025-11-09 07:06:39.639615,data/lms_loan_daily.csv,2024-03-01
CUS_0x3359_2023_08_01,CUS_0x3359,1/8/2023,10,7,10000,1000,1000,0,3000,1/3/2024,2024-03-01,2025-11-09 07:06:39.639615,data/lms_loan_daily.csv,2024-03-01
CUS_0x3377_2023_09_01,CUS_0x3377,1/9/2023,10,6,10000,1000,1000,0,4000,1/3/2024,2024-03-01,2025-11-09 07:06:39.639615,data/lms_loan_daily.csv,2024-03-01
CUS_0x337b_2023_10_01,CUS_0x337b,1/10/2023,10,5,10000,1000,1000,0,5000,1/3/2024,2024-03-01,2025-11-09 07:06:39.639615,data/lms_loan_daily.csv,2024-03-01
CUS_0x337f_2023_06_01,CUS_0x337f,1/6/2023,10,9,10000,1000,1000,0,1000,1/3/2024,2024-03-01,2025-11-09 07:06:39.639615,data/lms_loan_daily.csv,2024-03-01
CUS_0x3389_2024_01_01,CUS_0x3389,1/1/2024,10,2,10000,1000,1000,0,8000,1/3/2024,2024-03-01,2025-11-09 07:06:39.639615,data/lms_loan_daily.csv,2024-03-01
CUS_0x3394_2024_02_01,CUS_0x3394,1/2/2024,10,1,10000,1000,1000,0,9000,1/3/2024,2024-03-01,2025-11-09 07:06:39.639615,data/lms_loan_daily.csv,2024-03-01
CUS_0x3397_2024_03_01,CUS_0x3397,1/3/2024,10,0,10000,0,0,0,10000,1/3/2024,2024-03-01,2025-11-09 07:06:39.639615,data/lms_loan_daily.csv,2024-03-01
CUS_0x33b4_2023_11_01,CUS_0x33b4,1/11/2023,10,4,10000,1000,0,1000,7000,1/3/2024,2024-03-01,2025-11-09 07:06:39.639615,data/lms_loan_daily.csv,2024-03-01
CUS_0x33b7_2024_01_01,CUS_0x33b7,1/1/2024,10,2,10000,1000,1000,0,8000,1/3/2024,2024-03-01,2025-11-09 07:06:39.639615,data/lms_loan_daily.csv,2024-03-01
CUS_0x33bc_2023_10_01,CUS_0x33bc,1/10/2023,10,5,10000,1000,0,2000,7000,1/3/2024,2024-03-01,2025-11-09 07:06:39.639615,data/lms_loan_daily.csv,2024-03-01
CUS_0x33bf_2023_06_01,CUS_0x33bf,1/6/2023,10,9,10000,1000,0,5000,6000,1/3/2024,2024-03-01,2025-11-09 07:06:39.639615,data/lms_loan_daily.csv,2024-03-01
CUS_0x33cd_2024_01_01,CUS_0x33cd,1/1/2024,10,2,10000,1000,1000,0,8000,1/3/2024,2024-03-01,2025-11-09 07:06:39.639615,data/lms_loan_daily.csv,2024-03-01
CUS_0x33ce_2023_07_01,CUS_0x33ce,1/7/2023,10,8,10000,1000,1000,0,2000,1/3/2024,2024-03-01,2025-11-09 07:06:39.639615,data/lms_loan_daily.csv,2024-03-01
CUS_0x33d2_2024_01_01,CUS_0x33d2,1/1/2024,10,2,10000,1000,1000,0,8000,1/3/2024,2024-03-01,2025-11-09 07:06:39.639615,data/lms_loan_daily.csv,2024-03-01
CUS_0x33d6_2023_12_01,CUS_0x33d6,1/12/2023,10,3,10000,1000,1000,0,7000,1/3/2024,2024-03-01,2025-11-09 07:06:39.639615,data/lms_loan_daily.csv,2024-03-01
CUS_0x33da_2023_07_01,CUS_0x33da,1/7/2023,10,8,10000,1000,1000,0,2000,1/3/2024,2024-03-01,2025-11-09 07:06:39.639615,data/lms_loan_daily.csv,2024-03-01
CUS_0x33dc_2024_03_01,CUS_0x33dc,1/3/2024,10,0,10000,0,0,0,10000,1/3/2024,2024-03-01,2025-11-09 07:06:39.639615,data/lms_loan_daily.csv,2024-03-01
CUS_0x33e0_2023_06_01,CUS_0x33e0,1/6/2023,10,9,10000,1000,0,7000,8000,1/3/2024,2024-03-01,2025-11-09 07:06:39.639615,data/lms_loan_daily.csv,2024-03-01
CUS_0x33ea_2023_10_01,CUS_0x33ea,1/10/2023,10,5,10000,1000,1000,0,5000,1/3/2024,2024-03-01,2025-11-09 07:06:39.639615,data/lms_loan_daily.csv,2024-03-01
CUS_0x33ef_2024_03_01,CUS_0x33ef,1/3/2024,10,0,10000,0,0,0,10000,1/3/2024,2024-03-01,2025-11-09 07:06:39.639615,data/lms_loan_daily.csv,2024-03-01
CUS_0x3401_2024_02_01,CUS_0x3401,1/2/2024,10,1,10000,1000,1000,0,9000,1/3/2024,2024-03-01,2025-11-09 07:06:39.639615,data/lms_loan_daily.csv,2024-03-01
CUS_0x3404_2023_12_01,CUS_0x3404,1/12/2023,10,3,10000,1000,1000,0,7000,1/3/2024,2024-03-01,2025-11-09 07:06:39.639615,data/lms_loan_daily.csv,2024-03-01
CUS_0x340b_2023_10_01,CUS_0x340b,1/10/2023,10,5,10000,1000,0,3000,8000,1/3/2024,2024-03-01,2025-11-09 07:06:39.639615,data/lms_loan_daily.csv,2024-03-01
CUS_0x3410_2024_01_01,CUS_0x3410,1/1/2024,10,2,10000,1000,0,1000,9000,1/3/2024,2024-03-01,2025-11-09 07:06:39.639615,data/lms_loan_daily.csv,2024-03-01
CUS_0x3420_2023_07_01,CUS_0x3420,1/7/2023,10,8,10000,1000,1000,0,2000,1/3/2024,2024-03-01,2025-11-09 07:06:39.639615,data/lms_loan_daily.csv,2024-03-01
CUS_0x3434_2023_11_01,CUS_0x3434,1/11/2023,10,4,10000,1000,1000,0,6000,1/3/2024,2024-03-01,2025-11-09 07:06:39.639615,data/lms_loan_daily.csv,2024-03-01
CUS_0x3442_2023_07_01,CUS_0x3442,1/7/2023,10,8,10000,1000,1000,0,2000,1/3/2024,2024-03-01,2025-11-09 07:06:39.639615,data/lms_loan_daily.csv,2024-03-01
CUS_0x344a_2023_06_01,CUS_0x344a,1/6/2023,10,9,10000,1000,1000,0,1000,1/3/2024,2024-03-01,2025-11-09 07:06:39.639615,data/lms_loan_daily.csv,2024-03-01
CUS_0x346e_2023_09_01,CUS_0x346e,1/9/2023,10,6,10000,1000,1000,0,4000,1/3/2024,2024-03-01,2025-11-09 07:06:39.639615,data/lms_loan_daily.csv,2024-03-01
CUS_0x3475_2023_07_01,CUS_0x3475,1/7/2023,10,8,10000,1000,0,5000,7000,1/3/2024,2024-03-01,2025-11-09 07:06:39.639615,data/lms_loan_daily.csv,2024-03-01
CUS_0x347b_2023_05_01,CUS_0x347b,1/5/2023,10,10,10000,1000,0,7000,7000,1/3/2024,2024-03-01,2025-11-09 07:06:39.639615,data/lms_loan_daily.csv,2024-03-01
CUS_0x3489_2023_05_01,CUS_0x3489,1/5/2023,10,10,10000,1000,1000,0,0,1/3/2024,2024-03-01,2025-11-09 07:06:39.639615,data/lms_loan_daily.csv,2024-03-01
CUS_0x348a_2023_11_01,CUS_0x348a,1/11/2023,10,4,10000,1000,1000,0,6000,1/3/2024,2024-03-01,2025-11-09 07:06:39.639615,data/lms_loan_daily.csv,2024-03-01
CUS_0x34a3_2023_09_01,CUS_0x34a3,1/9/2023,10,6,10000,1000,1000,0,4000,1/3/2024,2024-03-01,2025-11-09 07:06:39.639615,data/lms_loan_daily.csv,2024-03-01
CUS_0x34a9_2023_08_01,CUS_0x34a9,1/8/2023,10,7,10000,1000,0,4000,7000,1/3/2024,2024-03-01,2025-11-09 07:06:39.639615,data/lms_loan_daily.csv,2024-03-01
CUS_0x34b1_2023_10_01,CUS_0x34b1,1/10/2023,10,5,10000,1000,1000,0,5000,1/3/2024,2024-03-01,2025-11-09 07:06:39.639615,data/lms_loan_daily.csv,2024-03-01
CUS_0x34c8_2023_06_01,CUS_0x34c8,1/6/2023,10,9,10000,1000,1000,0,1000,1/3/2024,2024-03-01,2025-11-09 07:06:39.639615,data/lms_loan_daily.csv,2024-03-01
CUS_0x34c9_2023_05_01,CUS_0x34c9,1/5/2023,10,10,10000,1000,0,8000,8000,1/3/2024,2024-03-01,2025-11-09 07:06:39.639615,data/lms_loan_daily.csv,2024-03-01
CUS_0x34ce_2023_08_01,CUS_0x34ce,1/8/2023,10,7,10000,1000,0,5000,8000,1/3/2024,2024-03-01,2025-11-09 07:06:39.639615,data/lms_loan_daily.csv,2024-03-01
CUS_0x34d2_2024_03_01,CUS_0x34d2,1/3/2024,10,0,10000,0,0,0,10000,1/3/2024,2024-03-01,2025-11-09 07:06:39.639615,data/lms_loan_daily.csv,2024-03-01
CUS_0x34d7_2024_03_01,CUS_0x34d7,1/3/2024,10,0,10000,0,0,0,10000,1/3/2024,2024-03-01,2025-11-09 07:06:39.639615,data/lms_loan_daily.csv,2024-03-01
CUS_0x34ed_2023_05_01,CUS_0x34ed,1/5/2023,10,10,10000,1000,1000,0,0,1/3/2024,2024-03-01,2025-11-09 07:06:39.639615,data/lms_loan_daily.csv,2024-03-01
CUS_0x34f2_2023_06_01,CUS_0x34f2,1/6/2023,10,9,10000,1000,0,6000,7000,1/3/2024,2024-03-01,2025-11-09 07:06:39.639615,data/lms_loan_daily.csv,2024-03-01
CUS_0x3507_2023_05_01,CUS_0x3507,1/5/2023,10,10,10000,1000,1000,0,0,1/3/2024,2024-03-01,2025-11-09 07:06:39.639615,data/lms_loan_daily.csv,2024-03-01
CUS_0x350e_2024_02_01,CUS_0x350e,1/2/2024,10,1,10000,1000,1000,0,9000,1/3/2024,2024-03-01,2025-11-09 07:06:39.639615,data/lms_loan_daily.csv,2024-03-01
CUS_0x3513_2023_12_01,CUS_0x3513,1/12/2023,10,3,10000,1000,0,2000,9000,1/3/2024,2024-03-01,2025-11-09 07:06:39.639615,data/lms_loan_daily.csv,2024-03-01
CUS_0x352f_2023_11_01,CUS_0x352f,1/11/2023,10,4,10000,1000,1000,0,6000,1/3/2024,2024-03-01,2025-11-09 07:06:39.639615,data/lms_loan_daily.csv,2024-03-01
CUS_0x3533_2023_10_01,CUS_0x3533,1/10/2023,10,5,10000,1000,1000,0,5000,1/3/2024,2024-03-01,2025-11-09 07:06:39.639615,data/lms_loan_daily.csv,2024-03-01
CUS_0x3554_2024_02_01,CUS_0x3554,1/2/2024,10,1,10000,1000,1000,0,9000,1/3/2024,2024-03-01,2025-11-09 07:06:39.639615,data/lms_loan_daily.csv,2024-03-01
CUS_0x3561_2023_09_01,CUS_0x3561,1/9/2023,10,6,10000,1000,0,4000,8000,1/3/2024,2024-03-01,2025-11-09 07:06:39.639615,data/lms_loan_daily.csv,2024-03-01
CUS_0x3570_2023_11_01,CUS_0x3570,1/11/2023,10,4,10000,1000,1000,0,6000,1/3/2024,2024-03-01,2025-11-09 07:06:39.639615,data/lms_loan_daily.csv,2024-03-01
CUS_0x3595_2023_06_01,CUS_0x3595,1/6/2023,10,9,10000,1000,1000,0,1000,1/3/2024,2024-03-01,2025-11-09 07:06:39.639615,data/lms_loan_daily.csv,2024-03-01
CUS_0x3597_2023_06_01,CUS_0x3597,1/6/2023,10,9,10000,1000,1000,0,1000,1/3/2024,2024-03-01,2025-11-09 07:06:39.639615,data/lms_loan_daily.csv,2024-03-01
CUS_0x35a4_2023_11_01,CUS_0x35a4,1/11/2023,10,4,10000,1000,1000,0,6000,1/3/2024,2024-03-01,2025-11-09 07:06:39.639615,data/lms_loan_daily.csv,2024-03-01
CUS_0x35ac_2023_07_01,CUS_0x35ac,1/7/2023,10,8,10000,1000,1000,0,2000,1/3/2024,2024-03-01,2025-11-09 07:06:39.639615,data/lms_loan_daily.csv,2024-03-01
CUS_0x35bd_2023_05_01,CUS_0x35bd,1/5/2023,10,10,10000,1000,1000,0,0,1/3/2024,2024-03-01,2025-11-09 07:06:39.639615,data/lms_loan_daily.csv,2024-03-01
CUS_0x35c3_2023_07_01,CUS_0x35c3,1/7/2023,10,8,10000,1000,0,6000,8000,1/3/2024,2024-03-01,2025-11-09 07:06:39.639615,data/lms_loan_daily.csv,2024-03-01
CUS_0x35c6_2023_06_01,CUS_0x35c6,1/6/2023,10,9,10000,1000,1000,0,1000,1/3/2024,2024-03-01,2025-11-09 07:06:39.639615,data/lms_loan_daily.csv,2024-03-01
CUS_0x35ca_2024_01_01,CUS_0x35ca,1/1/2024,10,2,10000,1000,1000,0,8000,1/3/2024,2024-03-01,2025-11-09 07:06:39.639615,data/lms_loan_daily.csv,2024-03-01
CUS_0x35cb_2023_05_01,CUS_0x35cb,1/5/2023,10,10,10000,1000,1000,0,0,1/3/2024,2024-03-01,2025-11-09 07:06:39.639615,data/lms_loan_daily.csv,2024-03-01
CUS_0x35e6_2023_05_01,CUS_0x35e6,1/5/2023,10,10,10000,1000,0,7000,7000,1/3/2024,2024-03-01,2025-11-09 07:06:39.639615,data/lms_loan_daily.csv,2024-03-01
CUS_0x35f3_2023_09_01,CUS_0x35f3,1/9/2023,10,6,10000,1000,1000,0,4000,1/3/2024,2024-03-01,2025-11-09 07:06:39.639615,data/lms_loan_daily.csv,2024-03-01
CUS_0x35fe_2023_08_01,CUS_0x35fe,1/8/2023,10,7,10000,1000,1000,0,3000,1/3/2024,2024-03-01,2025-11-09 07:06:39.639615,data/lms_loan_daily.csv,2024-03-01
CUS_0x3608_2023_11_01,CUS_0x3608,1/11/2023,10,4,10000,1000,1000,0,6000,1/3/2024,2024-03-01,2025-11-09 07:06:39.639615,data/lms_loan_daily.csv,2024-03-01
CUS_0x3621_2023_11_01,CUS_0x3621,1/11/2023,10,4,10000,1000,1000,0,6000,1/3/2024,2024-03-01,2025-11-09 07:06:39.639615,data/lms_loan_daily.csv,2024-03-01
CUS_0x362a_2023_08_01,CUS_0x362a,1/8/2023,10,7,10000,1000,1000,0,3000,1/3/2024,2024-03-01,2025-11-09 07:06:39.639615,data/lms_loan_daily.csv,2024-03-01
CUS_0x362c_2023_06_01,CUS_0x362c,1/6/2023,10,9,10000,1000,0,8000,9000,1/3/2024,2024-03-01,2025-11-09 07:06:39.639615,data/lms_loan_daily.csv,2024-03-01
CUS_0x3636_2023_11_01,CUS_0x3636,1/11/2023,10,4,10000,1000,1000,0,6000,1/3/2024,2024-03-01,2025-11-09 07:06:39.639615,data/lms_loan_daily.csv,2024-03-01
CUS_0x363d_2023_11_01,CUS_0x363d,1/11/2023,10,4,10000,1000,1000,0,6000,1/3/2024,2024-03-01,2025-11-09 07:06:39.639615,data/lms_loan_daily.csv,2024-03-01
CUS_0x364f_2024_02_01,CUS_0x364f,1/2/2024,10,1,10000,1000,1000,0,9000,1/3/2024,2024-03-01,2025-11-09 07:06:39.639615,data/lms_loan_daily.csv,2024-03-01
CUS_0x3650_2023_11_01,CUS_0x3650,1/11/2023,10,4,10000,1000,1000,0,6000,1/3/2024,2024-03-01,2025-11-09 07:06:39.639615,data/lms_loan_daily.csv,2024-03-01
CUS_0x3655_2024_03_01,CUS_0x3655,1/3/2024,10,0,10000,0,0,0,10000,1/3/2024,2024-03-01,2025-11-09 07:06:39.639615,data/lms_loan_daily.csv,2024-03-01
CUS_0x365f_2023_08_01,CUS_0x365f,1/8/2023,10,7,10000,1000,1000,0,3000,1/3/2024,2024-03-01,2025-11-09 07:06:39.639615,data/lms_loan_daily.csv,2024-03-01
CUS_0x3663_2023_09_01,CUS_0x3663,1/9/2023,10,6,10000,1000,1000,0,4000,1/3/2024,2024-03-01,2025-11-09 07:06:39.639615,data/lms_loan_daily.csv,2024-03-01
CUS_0x366b_2023_07_01,CUS_0x366b,1/7/2023,10,8,10000,1000,1000,0,2000,1/3/2024,2024-03-01,2025-11-09 07:06:39.639615,data/lms_loan_daily.csv,2024-03-01
CUS_0x3672_2023_07_01,CUS_0x3672,1/7/2023,10,8,10000,1000,1000,0,2000,1/3/2024,2024-03-01,2025-11-09 07:06:39.639615,data/lms_loan_daily.csv,2024-03-01
CUS_0x368d_2024_01_01,CUS_0x368d,1/1/2024,10,2,10000,1000,1000,0,8000,1/3/2024,2024-03-01,2025-11-09 07:06:39.639615,data/lms_loan_daily.csv,2024-03-01
CUS_0x368f_2023_12_01,CUS_0x368f,1/12/2023,10,3,10000,1000,1000,0,7000,1/3/2024,2024-03-01,2025-11-09 07:06:39.639615,data/lms_loan_daily.csv,2024-03-01
CUS_0x36a0_2023_12_01,CUS_0x36a0,1/12/2023,10,3,10000,1000,1000,0,7000,1/3/2024,2024-03-01,2025-11-09 07:06:39.639615,data/lms_loan_daily.csv,2024-03-01
CUS_0x36ac_2024_02_01,CUS_0x36ac,1/2/2024,10,1,10000,1000,1000,0,9000,1/3/2024,2024-03-01,2025-11-09 07:06:39.639615,data/lms_loan_daily.csv,2024-03-01
CUS_0x36b0_2023_08_01,CUS_0x36b0,1/8/2023,10,7,10000,1000,1000,0,3000,1/3/2024,2024-03-01,2025-11-09 07:06:39.639615,data/lms_loan_daily.csv,2024-03-01
CUS_0x36b4_2023_05_01,CUS_0x36b4,1/5/2023,10,10,10000,1000,1000,0,0,1/3/2024,2024-03-01,2025-11-09 07:06:39.639615,data/lms_loan_daily.csv,2024-03-01
CUS_0x36bb_2023_07_01,CUS_0x36bb,1/7/2023,10,8,10000,1000,1000,0,2000,1/3/2024,2024-03-01,2025-11-09 07:06:39.639615,data/lms_loan_daily.csv,2024-03-01
CUS_0x36c2_2024_01_01,CUS_0x36c2,1/1/2024,10,2,10000,1000,1000,0,8000,1/3/2024,2024-03-01,2025-11-09 07:06:39.639615,data/lms_loan_daily.csv,2024-03-01
CUS_0x36c4_2023_06_01,CUS_0x36c4,1/6/2023,10,9,10000,1000,1000,0,1000,1/3/2024,2024-03-01,2025-11-09 07:06:39.639615,data/lms_loan_daily.csv,2024-03-01
CUS_0x36c5_2023_11_01,CUS_0x36c5,1/11/2023,10,4,10000,1000,3000,0,6000,1/3/2024,2024-03-01,2025-11-09 07:06:39.639615,data/lms_loan_daily.csv,2024-03-01
CUS_0x36e1_2024_02_01,CUS_0x36e1,1/2/2024,10,1,10000,1000,1000,0,9000,1/3/2024,2024-03-01,2025-11-09 07:06:39.639615,data/lms_loan_daily.csv,2024-03-01
CUS_0x36f3_2023_08_01,CUS_0x36f3,1/8/2023,10,7,10000,1000,1000,0,3000,1/3/2024,2024-03-01,2025-11-09 07:06:39.639615,data/lms_loan_daily.csv,2024-03-01
CUS_0x36fb_2023_09_01,CUS_0x36fb,1/9/2023,10,6,10000,1000,0,4000,8000,1/3/2024,2024-03-01,2025-11-09 07:06:39.639615,data/lms_loan_daily.csv,2024-03-01
CUS_0x3708_2023_11_01,CUS_0x3708,1/11/2023,10,4,10000,1000,0,3000,9000,1/3/2024,2024-03-01,2025-11-09 07:06:39.639615,data/lms_loan_daily.csv,2024-03-01
CUS_0x3720_2023_12_01,CUS_0x3720,1/12/2023,10,3,10000,1000,2000,0,7000,1/3/2024,2024-03-01,2025-11-09 07:06:39.639615,data/lms_loan_daily.csv,2024-03-01
CUS_0x3731_2024_01_01,CUS_0x3731,1/1/2024,10,2,10000,1000,0,1000,9000,1/3/2024,2024-03-01,2025-11-09 07:06:39.639615,data/lms_loan_daily.csv,2024-03-01
CUS_0x373b_2024_03_01,CUS_0x373b,1/3/2024,10,0,10000,0,0,0,10000,1/3/2024,2024-03-01,2025-11-09 07:06:39.639615,data/lms_loan_daily.csv,2024-03-01
CUS_0x374a_2023_07_01,CUS_0x374a,1/7/2023,10,8,10000,1000,1000,0,2000,1/3/2024,2024-03-01,2025-11-09 07:06:39.639615,data/lms_loan_daily.csv,2024-03-01
CUS_0x3752_2023_10_01,CUS_0x3752,1/10/2023,10,5,10000,1000,1000,0,5000,1/3/2024,2024-03-01,2025-11-09 07:06:39.639615,data/lms_loan_daily.csv,2024-03-01
CUS_0x3757_2024_03_01,CUS_0x3757,1/3/2024,10,0,10000,0,0,0,10000,1/3/2024,2024-03-01,2025-11-09 07:06:39.639615,data/lms_loan_daily.csv,2024-03-01
CUS_0x3763_2023_12_01,CUS_0x3763,1/12/2023,10,3,10000,1000,1000,0,7000,1/3/2024,2024-03-01,2025-11-09 07:06:39.639615,data/lms_loan_daily.csv,2024-03-01
CUS_0x3767_2023_12_01,CUS_0x3767,1/12/2023,10,3,10000,1000,1000,0,7000,1/3/2024,2024-03-01,2025-11-09 07:06:39.639615,data/lms_loan_daily.csv,2024-03-01
CUS_0x3768_2023_05_01,CUS_0x3768,1/5/2023,10,10,10000,1000,1000,0,0,1/3/2024,2024-03-01,2025-11-09 07:06:39.639615,data/lms_loan_daily.csv,2024-03-01
CUS_0x3769_2024_02_01,CUS_0x3769,1/2/2024,10,1,10000,1000,1000,0,9000,1/3/2024,2024-03-01,2025-11-09 07:06:39.639615,data/lms_loan_daily.csv,2024-03-01
CUS_0x376b_2023_11_01,CUS_0x376b,1/11/2023,10,4,10000,1000,0,3000,9000,1/3/2024,2024-03-01,2025-11-09 07:06:39.639615,data/lms_loan_daily.csv,2024-03-01
CUS_0x376f_2024_02_01,CUS_0x376f,1/2/2024,10,1,10000,1000,1000,0,9000,1/3/2024,2024-03-01,2025-11-09 07:06:39.639615,data/lms_loan_daily.csv,2024-03-01
CUS_0x3777_2023_05_01,CUS_0x3777,1/5/2023,10,10,10000,1000,1000,0,0,1/3/2024,2024-03-01,2025-11-09 07:06:39.639615,data/lms_loan_daily.csv,2024-03-01
CUS_0x3787_2023_08_01,CUS_0x3787,1/8/2023,10,7,10000,1000,1000,0,3000,1/3/2024,2024-03-01,2025-11-09 07:06:39.639615,data/lms_loan_daily.csv,2024-03-01
CUS_0x3793_2023_12_01,CUS_0x3793,1/12/2023,10,3,10000,1000,1000,0,7000,1/3/2024,2024-03-01,2025-11-09 07:06:39.639615,data/lms_loan_daily.csv,2024-03-01
CUS_0x3799_2023_11_01,CUS_0x3799,1/11/2023,10,4,10000,1000,0,1000,7000,1/3/2024,2024-03-01,2025-11-09 07:06:39.639615,data/lms_loan_daily.csv,2024-03-01
CUS_0x379e_2024_03_01,CUS_0x379e,1/3/2024,10,0,10000,0,0,0,10000,1/3/2024,2024-03-01,2025-11-09 07:06:39.639615,data/lms_loan_daily.csv,2024-03-01
CUS_0x37a4_2023_09_01,CUS_0x37a4,1/9/2023,10,6,10000,1000,0,4000,8000,1/3/2024,2024-03-01,2025-11-09 07:06:39.639615,data/lms_loan_daily.csv,2024-03-01
CUS_0x37d5_2023_08_01,CUS_0x37d5,1/8/2023,10,7,10000,1000,0,4000,7000,1/3/2024,2024-03-01,2025-11-09 07:06:39.639615,data/lms_loan_daily.csv,2024-03-01
CUS_0x37dd_2023_09_01,CUS_0x37dd,1/9/2023,10,6,10000,1000,1000,0,4000,1/3/2024,2024-03-01,2025-11-09 07:06:39.639615,data/lms_loan_daily.csv,2024-03-01
CUS_0x37e1_2023_11_01,CUS_0x37e1,1/11/2023,10,4,10000,1000,1000,0,6000,1/3/2024,2024-03-01,2025-11-09 07:06:39.639615,data/lms_loan_daily.csv,2024-03-01
CUS_0x37e3_2023_05_01,CUS_0x37e3,1/5/2023,10,10,10000,1000,1000,0,0,1/3/2024,2024-03-01,2025-11-09 07:06:39.639615,data/lms_loan_daily.csv,2024-03-01
CUS_0x37e5_2024_02_01,CUS_0x37e5,1/2/2024,10,1,10000,1000,1000,0,9000,1/3/2024,2024-03-01,2025-11-09 07:06:39.639615,data/lms_loan_daily.csv,2024-03-01
CUS_0x37e9_2024_03_01,CUS_0x37e9,1/3/2024,10,0,10000,0,0,0,10000,1/3/2024,2024-03-01,2025-11-09 07:06:39.639615,data/lms_loan_daily.csv,2024-03-01
CUS_0x37ea_2024_02_01,CUS_0x37ea,1/2/2024,10,1,10000,1000,1000,0,9000,1/3/2024,2024-03-01,2025-11-09 07:06:39.639615,data/lms_loan_daily.csv,2024-03-01
CUS_0x37ec_2023_08_01,CUS_0x37ec,1/8/2023,10,7,10000,1000,0,5000,8000,1/3/2024,2024-03-01,2025-11-09 07:06:39.639615,data/lms_loan_daily.csv,2024-03-01
CUS_0x37f4_2023_09_01,CUS_0x37f4,1/9/2023,10,6,10000,1000,0,2000,6000,1/3/2024,2024-03-01,2025-11-09 07:06:39.639615,data/lms_loan_daily.csv,2024-03-01
CUS_0x3806_2024_01_01,CUS_0x3806,1/1/2024,10,2,10000,1000,1000,0,8000,1/3/2024,2024-03-01,2025-11-09 07:06:39.639615,data/lms_loan_daily.csv,2024-03-01
CUS_0x380f_2023_09_01,CUS_0x380f,1/9/2023,10,6,10000,1000,0,3000,7000,1/3/2024,2024-03-01,2025-11-09 07:06:39.639615,data/lms_loan_daily.csv,2024-03-01
CUS_0x3811_2024_03_01,CUS_0x3811,1/3/2024,10,0,10000,0,0,0,10000,1/3/2024,2024-03-01,2025-11-09 07:06:39.639615,data/lms_loan_daily.csv,2024-03-01
CUS_0x3813_2023_09_01,CUS_0x3813,1/9/2023,10,6,10000,1000,1000,0,4000,1/3/2024,2024-03-01,2025-11-09 07:06:39.639615,data/lms_loan_daily.csv,2024-03-01
CUS_0x382d_2023_06_01,CUS_0x382d,1/6/2023,10,9,10000,1000,1000,0,1000,1/3/2024,2024-03-01,2025-11-09 07:06:39.639615,data/lms_loan_daily.csv,2024-03-01
CUS_0x3844_2024_03_01,CUS_0x3844,1/3/2024,10,0,10000,0,0,0,10000,1/3/2024,2024-03-01,2025-11-09 07:06:39.639615,data/lms_loan_daily.csv,2024-03-01
CUS_0x3846_2023_06_01,CUS_0x3846,1/6/2023,10,9,10000,1000,1000,0,1000,1/3/2024,2024-03-01,2025-11-09 07:06:39.639615,data/lms_loan_daily.csv,2024-03-01
CUS_0x385a_2023_09_01,CUS_0x385a,1/9/2023,10,6,10000,1000,1000,0,4000,1/3/2024,2024-03-01,2025-11-09 07:06:39.639615,data/lms_loan_daily.csv,2024-03-01
CUS_0x3866_2023_05_01,CUS_0x3866,1/5/2023,10,10,10000,1000,0,8000,8000,1/3/2024,2024-03-01,2025-11-09 07:06:39.639615,data/lms_loan_daily.csv,2024-03-01
CUS_0x3868_2023_07_01,CUS_0x3868,1/7/2023,10,8,10000,1000,0,4000,6000,1/3/2024,2024-03-01,2025-11-09 07:06:39.639615,data/lms_loan_daily.csv,2024-03-01
CUS_0x386e_2023_07_01,CUS_0x386e,1/7/2023,10,8,10000,1000,0,6000,8000,1/3/2024,2024-03-01,2025-11-09 07:06:39.639615,data/lms_loan_daily.csv,2024-03-01
CUS_0x3870_2023_12_01,CUS_0x3870,1/12/2023,10,3,10000,1000,0,3000,10000,1/3/2024,2024-03-01,2025-11-09 07:06:39.639615,data/lms_loan_daily.csv,2024-03-01
CUS_0x387c_2024_01_01,CUS_0x387c,1/1/2024,10,2,10000,1000,1000,0,8000,1/3/2024,2024-03-01,2025-11-09 07:06:39.639615,data/lms_loan_daily.csv,2024-03-01
CUS_0x3881_2023_09_01,CUS_0x3881,1/9/2023,10,6,10000,1000,1000,0,4000,1/3/2024,2024-03-01,2025-11-09 07:06:39.639615,data/lms_loan_daily.csv,2024-03-01
CUS_0x38a0_2023_10_01,CUS_0x38a0,1/10/2023,10,5,10000,1000,1000,0,5000,1/3/2024,2024-03-01,2025-11-09 07:06:39.639615,data/lms_loan_daily.csv,2024-03-01
CUS_0x38a2_2024_03_01,CUS_0x38a2,1/3/2024,10,0,10000,0,0,0,10000,1/3/2024,2024-03-01,2025-11-09 07:06:39.639615,data/lms_loan_daily.csv,2024-03-01
CUS_0x38ad_2024_02_01,CUS_0x38ad,1/2/2024,10,1,10000,1000,1000,0,9000,1/3/2024,2024-03-01,2025-11-09 07:06:39.639615,data/lms_loan_daily.csv,2024-03-01
CUS_0x38b3_2023_06_01,CUS_0x38b3,1/6/2023,10,9,10000,1000,0,5000,6000,1/3/2024,2024-03-01,2025-11-09 07:06:39.639615,data/lms_loan_daily.csv,2024-03-01
CUS_0x38b8_2023_08_01,CUS_0x38b8,1/8/2023,10,7,10000,1000,1000,0,3000,1/3/2024,2024-03-01,2025-11-09 07:06:39.639615,data/lms_loan_daily.csv,2024-03-01
CUS_0x38c1_2023_05_01,CUS_0x38c1,1/5/2023,10,10,10000,1000,1000,0,0,1/3/2024,2024-03-01,2025-11-09 07:06:39.639615,data/lms_loan_daily.csv,2024-03-01
CUS_0x38c6_2024_02_01,CUS_0x38c6,1/2/2024,10,1,10000,1000,1000,0,9000,1/3/2024,2024-03-01,2025-11-09 07:06:39.639615,data/lms_loan_daily.csv,2024-03-01
CUS_0x38ca_2024_02_01,CUS_0x38ca,1/2/2024,10,1,10000,1000,1000,0,9000,1/3/2024,2024-03-01,2025-11-09 07:06:39.639615,data/lms_loan_daily.csv,2024-03-01
CUS_0x38ce_2024_01_01,CUS_0x38ce,1/1/2024,10,2,10000,1000,0,1000,9000,1/3/2024,2024-03-01,2025-11-09 07:06:39.639615,data/lms_loan_daily.csv,2024-03-01
CUS_0x38cf_2024_01_01,CUS_0x38cf,1/1/2024,10,2,10000,1000,1000,0,8000,1/3/2024,2024-03-01,2025-11-09 07:06:39.639615,data/lms_loan_daily.csv,2024-03-01
CUS_0x38d8_2023_07_01,CUS_0x38d8,1/7/2023,10,8,10000,1000,1000,0,2000,1/3/2024,2024-03-01,2025-11-09 07:06:39.639615,data/lms_loan_daily.csv,2024-03-01
CUS_0x38e0_2024_01_01,CUS_0x38e0,1/1/2024,10,2,10000,1000,1000,0,8000,1/3/2024,2024-03-01,2025-11-09 07:06:39.639615,data/lms_loan_daily.csv,2024-03-01
CUS_0x390d_2023_12_01,CUS_0x390d,1/12/2023,10,3,10000,1000,1000,0,7000,1/3/2024,2024-03-01,2025-11-09 07:06:39.639615,data/lms_loan_daily.csv,2024-03-01
CUS_0x3910_2023_05_01,CUS_0x3910,1/5/2023,10,10,10000,1000,1000,0,0,1/3/2024,2024-03-01,2025-11-09 07:06:39.639615,data/lms_loan_daily.csv,2024-03-01
CUS_0x3911_2023_09_01,CUS_0x3911,1/9/2023,10,6,10000,1000,1000,0,4000,1/3/2024,2024-03-01,2025-11-09 07:06:39.639615,data/lms_loan_daily.csv,2024-03-01
CUS_0x3913_2023_05_01,CUS_0x3913,1/5/2023,10,10,10000,1000,1000,0,0,1/3/2024,2024-03-01,2025-11-09 07:06:39.639615,data/lms_loan_daily.csv,2024-03-01
CUS_0x391a_2023_11_01,CUS_0x391a,1/11/2023,10,4,10000,1000,1000,0,6000,1/3/2024,2024-03-01,2025-11-09 07:06:39.639615,data/lms_loan_daily.csv,2024-03-01
CUS_0x3934_2023_10_01,CUS_0x3934,1/10/2023,10,5,10000,1000,1000,0,5000,1/3/2024,2024-03-01,2025-11-09 07:06:39.639615,data/lms_loan_daily.csv,2024-03-01
CUS_0x3943_2023_09_01,CUS_0x3943,1/9/2023,10,6,10000,1000,1000,0,4000,1/3/2024,2024-03-01,2025-11-09 07:06:39.639615,data/lms_loan_daily.csv,2024-03-01
CUS_0x3948_2023_12_01,CUS_0x3948,1/12/2023,10,3,10000,1000,1000,0,7000,1/3/2024,2024-03-01,2025-11-09 07:06:39.639615,data/lms_loan_daily.csv,2024-03-01
CUS_0x394a_2023_08_01,CUS_0x394a,1/8/2023,10,7,10000,1000,1000,0,3000,1/3/2024,2024-03-01,2025-11-09 07:06:39.639615,data/lms_loan_daily.csv,2024-03-01
CUS_0x3969_2023_06_01,CUS_0x3969,1/6/2023,10,9,10000,1000,0,6000,7000,1/3/2024,2024-03-01,2025-11-09 07:06:39.639615,data/lms_loan_daily.csv,2024-03-01
CUS_0x396d_2023_09_01,CUS_0x396d,1/9/2023,10,6,10000,1000,1000,0,4000,1/3/2024,2024-03-01,2025-11-09 07:06:39.639615,data/lms_loan_daily.csv,2024-03-01
CUS_0x398f_2023_06_01,CUS_0x398f,1/6/2023,10,9,10000,1000,1000,0,1000,1/3/2024,2024-03-01,2025-11-09 07:06:39.639615,data/lms_loan_daily.csv,2024-03-01
CUS_0x3992_2023_07_01,CUS_0x3992,1/7/2023,10,8,10000,1000,0,7000,9000,1/3/2024,2024-03-01,2025-11-09 07:06:39.639615,data/lms_loan_daily.csv,2024-03-01
CUS_0x39ad_2023_11_01,CUS_0x39ad,1/11/2023,10,4,10000,1000,1000,0,6000,1/3/2024,2024-03-01,2025-11-09 07:06:39.639615,data/lms_loan_daily.csv,2024-03-01
CUS_0x39c5_2024_03_01,CUS_0x39c5,1/3/2024,10,0,10000,0,0,0,10000,1/3/2024,2024-03-01,2025-11-09 07:06:39.639615,data/lms_loan_daily.csv,2024-03-01
CUS_0x39d3_2023_10_01,CUS_0x39d3,1/10/2023,10,5,10000,1000,1000,0,5000,1/3/2024,2024-03-01,2025-11-09 07:06:39.639615,data/lms_loan_daily.csv,2024-03-01
CUS_0x39d4_2023_05_01,CUS_0x39d4,1/5/2023,10,10,10000,1000,0,9000,9000,1/3/2024,2024-03-01,2025-11-09 07:06:39.639615,data/lms_loan_daily.csv,2024-03-01
CUS_0x39e0_2023_06_01,CUS_0x39e0,1/6/2023,10,9,10000,1000,1000,0,1000,1/3/2024,2024-03-01,2025-11-09 07:06:39.639615,data/lms_loan_daily.csv,2024-03-01
CUS_0x39f8_2023_09_01,CUS_0x39f8,1/9/2023,10,6,10000,1000,1000,0,4000,1/3/2024,2024-03-01,2025-11-09 07:06:39.639615,data/lms_loan_daily.csv,2024-03-01
CUS_0x3a0b_2023_05_01,CUS_0x3a0b,1/5/2023,10,10,10000,1000,1000,0,0,1/3/2024,2024-03-01,2025-11-09 07:06:39.639615,data/lms_loan_daily.csv,2024-03-01
CUS_0x3a15_2023_10_01,CUS_0x3a15,1/10/2023,10,5,10000,1000,1000,0,5000,1/3/2024,2024-03-01,2025-11-09 07:06:39.639615,data/lms_loan_daily.csv,2024-03-01
CUS_0x3a1b_2023_07_01,CUS_0x3a1b,1/7/2023,10,8,10000,1000,1000,0,2000,1/3/2024,2024-03-01,2025-11-09 07:06:39.639615,data/lms_loan_daily.csv,2024-03-01
CUS_0x3a39_2024_02_01,CUS_0x3a39,1/2/2024,10,1,10000,1000,1000,0,9000,1/3/2024,2024-03-01,2025-11-09 07:06:39.639615,data/lms_loan_daily.csv,2024-03-01
CUS_0x3a3f_2023_06_01,CUS_0x3a3f,1/6/2023,10,9,10000,1000,1000,0,1000,1/3/2024,2024-03-01,2025-11-09 07:06:39.639615,data/lms_loan_daily.csv,2024-03-01
CUS_0x3a41_2023_11_01,CUS_0x3a41,1/11/2023,10,4,10000,1000,1000,0,6000,1/3/2024,2024-03-01,2025-11-09 07:06:39.639615,data/lms_loan_daily.csv,2024-03-01
CUS_0x3a4d_2023_07_01,CUS_0x3a4d,1/7/2023,10,8,10000,1000,1000,0,2000,1/3/2024,2024-03-01,2025-11-09 07:06:39.639615,data/lms_loan_daily.csv,2024-03-01
CUS_0x3a71_2024_03_01,CUS_0x3a71,1/3/2024,10,0,10000,0,0,0,10000,1/3/2024,2024-03-01,2025-11-09 07:06:39.639615,data/lms_loan_daily.csv,2024-03-01
CUS_0x3a85_2024_02_01,CUS_0x3a85,1/2/2024,10,1,10000,1000,1000,0,9000,1/3/2024,2024-03-01,2025-11-09 07:06:39.639615,data/lms_loan_daily.csv,2024-03-01
CUS_0x3a93_2023_11_01,CUS_0x3a93,1/11/2023,10,4,10000,1000,0,1000,7000,1/3/2024,2024-03-01,2025-11-09 07:06:39.639615,data/lms_loan_daily.csv,2024-03-01
CUS_0x3a94_2023_12_01,CUS_0x3a94,1/12/2023,10,3,10000,1000,1000,0,7000,1/3/2024,2024-03-01,2025-11-09 07:06:39.639615,data/lms_loan_daily.csv,2024-03-01
CUS_0x3a99_2023_06_01,CUS_0x3a99,1/6/2023,10,9,10000,1000,1000,0,1000,1/3/2024,2024-03-01,2025-11-09 07:06:39.639615,data/lms_loan_daily.csv,2024-03-01
CUS_0x3a9d_2023_10_01,CUS_0x3a9d,1/10/2023,10,5,10000,1000,1000,0,5000,1/3/2024,2024-03-01,2025-11-09 07:06:39.639615,data/lms_loan_daily.csv,2024-03-01
CUS_0x3aa8_2023_07_01,CUS_0x3aa8,1/7/2023,10,8,10000,1000,0,6000,8000,1/3/2024,2024-03-01,2025-11-09 07:06:39.639615,data/lms_loan_daily.csv,2024-03-01
CUS_0x3aaa_2023_10_01,CUS_0x3aaa,1/10/2023,10,5,10000,1000,1000,0,5000,1/3/2024,2024-03-01,2025-11-09 07:06:39.639615,data/lms_loan_daily.csv,2024-03-01
CUS_0x3aab_2023_10_01,CUS_0x3aab,1/10/2023,10,5,10000,1000,1000,0,5000,1/3/2024,2024-03-01,2025-11-09 07:06:39.639615,data/lms_loan_daily.csv,2024-03-01
CUS_0x3abe_2023_12_01,CUS_0x3abe,1/12/2023,10,3,10000,1000,2000,0,7000,1/3/2024,2024-03-01,2025-11-09 07:06:39.639615,data/lms_loan_daily.csv,2024-03-01
CUS_0x3acd_2023_09_01,CUS_0x3acd,1/9/2023,10,6,10000,1000,0,2000,6000,1/3/2024,2024-03-01,2025-11-09 07:06:39.639615,data/lms_loan_daily.csv,2024-03-01
CUS_0x3ace_2023_11_01,CUS_0x3ace,1/11/2023,10,4,10000,1000,0,3000,9000,1/3/2024,2024-03-01,2025-11-09 07:06:39.639615,data/lms_loan_daily.csv,2024-03-01
CUS_0x3ad0_2023_11_01,CUS_0x3ad0,1/11/2023,10,4,10000,1000,1000,0,6000,1/3/2024,2024-03-01,2025-11-09 07:06:39.639615,data/lms_loan_daily.csv,2024-03-01
CUS_0x3ad4_2023_09_01,CUS_0x3ad4,1/9/2023,10,6,10000,1000,1000,0,4000,1/3/2024,2024-03-01,2025-11-09 07:06:39.639615,data/lms_loan_daily.csv,2024-03-01
CUS_0x3adb_2023_07_01,CUS_0x3adb,1/7/2023,10,8,10000,1000,0,7000,9000,1/3/2024,2024-03-01,2025-11-09 07:06:39.639615,data/lms_loan_daily.csv,2024-03-01
CUS_0x3ade_2024_02_01,CUS_0x3ade,1/2/2024,10,1,10000,1000,1000,0,9000,1/3/2024,2024-03-01,2025-11-09 07:06:39.639615,data/lms_loan_daily.csv,2024-03-01
CUS_0x3ae1_2023_12_01,CUS_0x3ae1,1/12/2023,10,3,10000,1000,0,1000,8000,1/3/2024,2024-03-01,2025-11-09 07:06:39.639615,data/lms_loan_daily.csv,2024-03-01
CUS_0x3ae5_2023_06_01,CUS_0x3ae5,1/6/2023,10,9,10000,1000,1000,0,1000,1/3/2024,2024-03-01,2025-11-09 07:06:39.639615,data/lms_loan_daily.csv,2024-03-01
CUS_0x3af9_2024_01_01,CUS_0x3af9,1/1/2024,10,2,10000,1000,1000,0,8000,1/3/2024,2024-03-01,2025-11-09 07:06:39.639615,data/lms_loan_daily.csv,2024-03-01
CUS_0x3afa_2024_02_01,CUS_0x3afa,1/2/2024,10,1,10000,1000,1000,0,9000,1/3/2024,2024-03-01,2025-11-09 07:06:39.639615,data/lms_loan_daily.csv,2024-03-01
CUS_0x3b04_2024_01_01,CUS_0x3b04,1/1/2024,10,2,10000,1000,1000,0,8000,1/3/2024,2024-03-01,2025-11-09 07:06:39.639615,data/lms_loan_daily.csv,2024-03-01
CUS_0x3b11_2024_03_01,CUS_0x3b11,1/3/2024,10,0,10000,0,0,0,10000,1/3/2024,2024-03-01,2025-11-09 07:06:39.639615,data/lms_loan_daily.csv,2024-03-01
CUS_0x3b15_2024_01_01,CUS_0x3b15,1/1/2024,10,2,10000,1000,1000,0,8000,1/3/2024,2024-03-01,2025-11-09 07:06:39.639615,data/lms_loan_daily.csv,2024-03-01
CUS_0x3b1f_2023_06_01,CUS_0x3b1f,1/6/2023,10,9,10000,1000,0,8000,9000,1/3/2024,2024-03-01,2025-11-09 07:06:39.639615,data/lms_loan_daily.csv,2024-03-01
CUS_0x3b2b_2023_05_01,CUS_0x3b2b,1/5/2023,10,10,10000,1000,1000,0,0,1/3/2024,2024-03-01,2025-11-09 07:06:39.639615,data/lms_loan_daily.csv,2024-03-01
CUS_0x3b32_2023_09_01,CUS_0x3b32,1/9/2023,10,6,10000,1000,1000,0,4000,1/3/2024,2024-03-01,2025-11-09 07:06:39.639615,data/lms_loan_daily.csv,2024-03-01
CUS_0x3b36_2023_05_01,CUS_0x3b36,1/5/2023,10,10,10000,1000,1000,0,0,1/3/2024,2024-03-01,2025-11-09 07:06:39.639615,data/lms_loan_daily.csv,2024-03-01
CUS_0x3b3b_2024_03_01,CUS_0x3b3b,1/3/2024,10,0,10000,0,0,0,10000,1/3/2024,2024-03-01,2025-11-09 07:06:39.639615,data/lms_loan_daily.csv,2024-03-01
CUS_0x3b59_2023_09_01,CUS_0x3b59,1/9/2023,10,6,10000,1000,1000,0,4000,1/3/2024,2024-03-01,2025-11-09 07:06:39.639615,data/lms_loan_daily.csv,2024-03-01
CUS_0x3b5d_2023_10_01,CUS_0x3b5d,1/10/2023,10,5,10000,1000,1000,0,5000,1/3/2024,2024-03-01,2025-11-09 07:06:39.639615,data/lms_loan_daily.csv,2024-03-01
CUS_0x3b66_2023_07_01,CUS_0x3b66,1/7/2023,10,8,10000,1000,1000,0,2000,1/3/2024,2024-03-01,2025-11-09 07:06:39.639615,data/lms_loan_daily.csv,2024-03-01
CUS_0x3b72_2023_09_01,CUS_0x3b72,1/9/2023,10,6,10000,1000,1000,0,4000,1/3/2024,2024-03-01,2025-11-09 07:06:39.639615,data/lms_loan_daily.csv,2024-03-01
CUS_0x3b7d_2024_01_01,CUS_0x3b7d,1/1/2024,10,2,10000,1000,1000,0,8000,1/3/2024,2024-03-01,2025-11-09 07:06:39.639615,data/lms_loan_daily.csv,2024-03-01
CUS_0x3b7e_2023_12_01,CUS_0x3b7e,1/12/2023,10,3,10000,1000,1000,0,7000,1/3/2024,2024-03-01,2025-11-09 07:06:39.639615,data/lms_loan_daily.csv,2024-03-01
CUS_0x3b83_2024_02_01,CUS_0x3b83,1/2/2024,10,1,10000,1000,1000,0,9000,1/3/2024,2024-03-01,2025-11-09 07:06:39.639615,data/lms_loan_daily.csv,2024-03-01
CUS_0x3b85_2023_12_01,CUS_0x3b85,1/12/2023,10,3,10000,1000,1000,0,7000,1/3/2024,2024-03-01,2025-11-09 07:06:39.639615,data/lms_loan_daily.csv,2024-03-01
CUS_0x3b89_2023_05_01,CUS_0x3b89,1/5/2023,10,10,10000,1000,1000,0,0,1/3/2024,2024-03-01,2025-11-09 07:06:39.639615,data/lms_loan_daily.csv,2024-03-01
CUS_0x3ba0_2024_02_01,CUS_0x3ba0,1/2/2024,10,1,10000,1000,1000,0,9000,1/3/2024,2024-03-01,2025-11-09 07:06:39.639615,data/lms_loan_daily.csv,2024-03-01
CUS_0x3baa_2024_02_01,CUS_0x3baa,1/2/2024,10,1,10000,1000,1000,0,9000,1/3/2024,2024-03-01,2025-11-09 07:06:39.639615,data/lms_loan_daily.csv,2024-03-01
CUS_0x3bad_2023_11_01,CUS_0x3bad,1/11/2023,10,4,10000,1000,1000,0,6000,1/3/2024,2024-03-01,2025-11-09 07:06:39.639615,data/lms_loan_daily.csv,2024-03-01
CUS_0x3baf_2023_12_01,CUS_0x3baf,1/12/2023,10,3,10000,1000,1000,0,7000,1/3/2024,2024-03-01,2025-11-09 07:06:39.639615,data/lms_loan_daily.csv,2024-03-01
CUS_0x3bb8_2023_05_01,CUS_0x3bb8,1/5/2023,10,10,10000,1000,0,8000,8000,1/3/2024,2024-03-01,2025-11-09 07:06:39.639615,data/lms_loan_daily.csv,2024-03-01
CUS_0x3bbe_2023_11_01,CUS_0x3bbe,1/11/2023,10,4,10000,1000,1000,0,6000,1/3/2024,2024-03-01,2025-11-09 07:06:39.639615,data/lms_loan_daily.csv,2024-03-01
CUS_0x3bc7_2023_07_01,CUS_0x3bc7,1/7/2023,10,8,10000,1000,1000,0,2000,1/3/2024,2024-03-01,2025-11-09 07:06:39.639615,data/lms_loan_daily.csv,2024-03-01
CUS_0x3bd2_2023_08_01,CUS_0x3bd2,1/8/2023,10,7,10000,1000,1000,0,3000,1/3/2024,2024-03-01,2025-11-09 07:06:39.639615,data/lms_loan_daily.csv,2024-03-01
CUS_0x3bdb_2023_07_01,CUS_0x3bdb,1/7/2023,10,8,10000,1000,1000,0,2000,1/3/2024,2024-03-01,2025-11-09 07:06:39.639615,data/lms_loan_daily.csv,2024-03-01
CUS_0x3be2_2023_05_01,CUS_0x3be2,1/5/2023,10,10,10000,1000,1000,0,0,1/3/2024,2024-03-01,2025-11-09 07:06:39.639615,data/lms_loan_daily.csv,2024-03-01
CUS_0x3bf3_2023_12_01,CUS_0x3bf3,1/12/2023,10,3,10000,1000,1000,0,7000,1/3/2024,2024-03-01,2025-11-09 07:06:39.639615,data/lms_loan_daily.csv,2024-03-01
CUS_0x3bfd_2023_08_01,CUS_0x3bfd,1/8/2023,10,7,10000,1000,1000,0,3000,1/3/2024,2024-03-01,2025-11-09 07:06:39.639615,data/lms_loan_daily.csv,2024-03-01
CUS_0x3c09_2023_05_01,CUS_0x3c09,1/5/2023,10,10,10000,1000,1000,0,0,1/3/2024,2024-03-01,2025-11-09 07:06:39.639615,data/lms_loan_daily.csv,2024-03-01
CUS_0x3c0b_2023_10_01,CUS_0x3c0b,1/10/2023,10,5,10000,1000,1000,0,5000,1/3/2024,2024-03-01,2025-11-09 07:06:39.639615,data/lms_loan_daily.csv,2024-03-01
CUS_0x3c21_2023_07_01,CUS_0x3c21,1/7/2023,10,8,10000,1000,1000,0,2000,1/3/2024,2024-03-01,2025-11-09 07:06:39.639615,data/lms_loan_daily.csv,2024-03-01
CUS_0x3c2c_2023_06_01,CUS_0x3c2c,1/6/2023,10,9,10000,1000,1000,0,1000,1/3/2024,2024-03-01,2025-11-09 07:06:39.639615,data/lms_loan_daily.csv,2024-03-01
CUS_0x3c46_2023_05_01,CUS_0x3c46,1/5/2023,10,10,10000,1000,1000,0,0,1/3/2024,2024-03-01,2025-11-09 07:06:39.639615,data/lms_loan_daily.csv,2024-03-01
CUS_0x3c47_2023_06_01,CUS_0x3c47,1/6/2023,10,9,10000,1000,1000,0,1000,1/3/2024,2024-03-01,2025-11-09 07:06:39.639615,data/lms_loan_daily.csv,2024-03-01
CUS_0x3c51_2023_07_01,CUS_0x3c51,1/7/2023,10,8,10000,1000,0,5000,7000,1/3/2024,2024-03-01,2025-11-09 07:06:39.639615,data/lms_loan_daily.csv,2024-03-01
CUS_0x3c5e_2024_02_01,CUS_0x3c5e,1/2/2024,10,1,10000,1000,1000,0,9000,1/3/2024,2024-03-01,2025-11-09 07:06:39.639615,data/lms_loan_daily.csv,2024-03-01
CUS_0x3c63_2023_09_01,CUS_0x3c63,1/9/2023,10,6,10000,1000,1000,0,4000,1/3/2024,2024-03-01,2025-11-09 07:06:39.639615,data/lms_loan_daily.csv,2024-03-01
CUS_0x3c6a_2023_11_01,CUS_0x3c6a,1/11/2023,10,4,10000,1000,1000,0,6000,1/3/2024,2024-03-01,2025-11-09 07:06:39.639615,data/lms_loan_daily.csv,2024-03-01
CUS_0x3c72_2023_12_01,CUS_0x3c72,1/12/2023,10,3,10000,1000,1000,0,7000,1/3/2024,2024-03-01,2025-11-09 07:06:39.639615,data/lms_loan_daily.csv,2024-03-01
CUS_0x3c87_2024_03_01,CUS_0x3c87,1/3/2024,10,0,10000,0,0,0,10000,1/3/2024,2024-03-01,2025-11-09 07:06:39.639615,data/lms_loan_daily.csv,2024-03-01
CUS_0x3c90_2023_11_01,CUS_0x3c90,1/11/2023,10,4,10000,1000,1000,0,6000,1/3/2024,2024-03-01,2025-11-09 07:06:39.639615,data/lms_loan_daily.csv,2024-03-01
CUS_0x3c96_2024_02_01,CUS_0x3c96,1/2/2024,10,1,10000,1000,1000,0,9000,1/3/2024,2024-03-01,2025-11-09 07:06:39.639615,data/lms_loan_daily.csv,2024-03-01
CUS_0x3c9b_2023_11_01,CUS_0x3c9b,1/11/2023,10,4,10000,1000,2000,0,6000,1/3/2024,2024-03-01,2025-11-09 07:06:39.639615,data/lms_loan_daily.csv,2024-03-01
CUS_0x3cb1_2023_12_01,CUS_0x3cb1,1/12/2023,10,3,10000,1000,1000,0,7000,1/3/2024,2024-03-01,2025-11-09 07:06:39.639615,data/lms_loan_daily.csv,2024-03-01
CUS_0x3cc3_2023_07_01,CUS_0x3cc3,1/7/2023,10,8,10000,1000,1000,0,2000,1/3/2024,2024-03-01,2025-11-09 07:06:39.639615,data/lms_loan_daily.csv,2024-03-01
CUS_0x3ccf_2024_03_01,CUS_0x3ccf,1/3/2024,10,0,10000,0,0,0,10000,1/3/2024,2024-03-01,2025-11-09 07:06:39.639615,data/lms_loan_daily.csv,2024-03-01
CUS_0x3cd2_2023_08_01,CUS_0x3cd2,1/8/2023,10,7,10000,1000,1000,0,3000,1/3/2024,2024-03-01,2025-11-09 07:06:39.639615,data/lms_loan_daily.csv,2024-03-01
CUS_0x3ce3_2024_01_01,CUS_0x3ce3,1/1/2024,10,2,10000,1000,1000,0,8000,1/3/2024,2024-03-01,2025-11-09 07:06:39.639615,data/lms_loan_daily.csv,2024-03-01
CUS_0x3ce7_2023_10_01,CUS_0x3ce7,1/10/2023,10,5,10000,1000,0,1000,6000,1/3/2024,2024-03-01,2025-11-09 07:06:39.639615,data/lms_loan_daily.csv,2024-03-01
CUS_0x3cf1_2024_02_01,CUS_0x3cf1,1/2/2024,10,1,10000,1000,1000,0,9000,1/3/2024,2024-03-01,2025-11-09 07:06:39.639615,data/lms_loan_daily.csv,2024-03-01
CUS_0x3cfa_2023_10_01,CUS_0x3cfa,1/10/2023,10,5,10000,1000,1000,0,5000,1/3/2024,2024-03-01,2025-11-09 07:06:39.639615,data/lms_loan_daily.csv,2024-03-01
CUS_0x3cfb_2023_06_01,CUS_0x3cfb,1/6/2023,10,9,10000,1000,1000,0,1000,1/3/2024,2024-03-01,2025-11-09 07:06:39.639615,data/lms_loan_daily.csv,2024-03-01
CUS_0x3d16_2023_08_01,CUS_0x3d16,1/8/2023,10,7,10000,1000,1000,0,3000,1/3/2024,2024-03-01,2025-11-09 07:06:39.639615,data/lms_loan_daily.csv,2024-03-01
CUS_0x3d22_2023_09_01,CUS_0x3d22,1/9/2023,10,6,10000,1000,0,5000,9000,1/3/2024,2024-03-01,2025-11-09 07:06:39.639615,data/lms_loan_daily.csv,2024-03-01
CUS_0x3d26_2023_05_01,CUS_0x3d26,1/5/2023,10,10,10000,1000,1000,0,0,1/3/2024,2024-03-01,2025-11-09 07:06:39.639615,data/lms_loan_daily.csv,2024-03-01
CUS_0x3d37_2023_10_01,CUS_0x3d37,1/10/2023,10,5,10000,1000,1000,0,5000,1/3/2024,2024-03-01,2025-11-09 07:06:39.639615,data/lms_loan_daily.csv,2024-03-01
CUS_0x3d3d_2023_07_01,CUS_0x3d3d,1/7/2023,10,8,10000,1000,1000,0,2000,1/3/2024,2024-03-01,2025-11-09 07:06:39.639615,data/lms_loan_daily.csv,2024-03-01
CUS_0x3d3f_2024_01_01,CUS_0x3d3f,1/1/2024,10,2,10000,1000,1000,0,8000,1/3/2024,2024-03-01,2025-11-09 07:06:39.639615,data/lms_loan_daily.csv,2024-03-01
CUS_0x3d42_2024_03_01,CUS_0x3d42,1/3/2024,10,0,10000,0,0,0,10000,1/3/2024,2024-03-01,2025-11-09 07:06:39.639615,data/lms_loan_daily.csv,2024-03-01
CUS_0x3d51_2023_05_01,CUS_0x3d51,1/5/2023,10,10,10000,1000,1000,0,0,1/3/2024,2024-03-01,2025-11-09 07:06:39.639615,data/lms_loan_daily.csv,2024-03-01
CUS_0x3d53_2023_07_01,CUS_0x3d53,1/7/2023,10,8,10000,1000,1000,0,2000,1/3/2024,2024-03-01,2025-11-09 07:06:39.639615,data/lms_loan_daily.csv,2024-03-01
CUS_0x3d60_2023_10_01,CUS_0x3d60,1/10/2023,10,5,10000,1000,1000,0,5000,1/3/2024,2024-03-01,2025-11-09 07:06:39.639615,data/lms_loan_daily.csv,2024-03-01
CUS_0x3d64_2023_07_01,CUS_0x3d64,1/7/2023,10,8,10000,1000,0,7000,9000,1/3/2024,2024-03-01,2025-11-09 07:06:39.639615,data/lms_loan_daily.csv,2024-03-01
CUS_0x3d68_2024_01_01,CUS_0x3d68,1/1/2024,10,2,10000,1000,0,1000,9000,1/3/2024,2024-03-01,2025-11-09 07:06:39.639615,data/lms_loan_daily.csv,2024-03-01
CUS_0x3d6e_2023_10_01,CUS_0x3d6e,1/10/2023,10,5,10000,1000,0,2000,7000,1/3/2024,2024-03-01,2025-11-09 07:06:39.639615,data/lms_loan_daily.csv,2024-03-01
CUS_0x3d73_2024_02_01,CUS_0x3d73,1/2/2024,10,1,10000,1000,1000,0,9000,1/3/2024,2024-03-01,2025-11-09 07:06:39.639615,data/lms_loan_daily.csv,2024-03-01
CUS_0x3d7b_2023_10_01,CUS_0x3d7b,1/10/2023,10,5,10000,1000,1000,0,5000,1/3/2024,2024-03-01,2025-11-09 07:06:39.639615,data/lms_loan_daily.csv,2024-03-01
CUS_0x3d82_2023_12_01,CUS_0x3d82,1/12/2023,10,3,10000,1000,1000,0,7000,1/3/2024,2024-03-01,2025-11-09 07:06:39.639615,data/lms_loan_daily.csv,2024-03-01
CUS_0x3d8e_2024_03_01,CUS_0x3d8e,1/3/2024,10,0,10000,0,0,0,10000,1/3/2024,2024-03-01,2025-11-09 07:06:39.639615,data/lms_loan_daily.csv,2024-03-01
CUS_0x3d9c_2023_05_01,CUS_0x3d9c,1/5/2023,10,10,10000,1000,1000,0,0,1/3/2024,2024-03-01,2025-11-09 07:06:39.639615,data/lms_loan_daily.csv,2024-03-01
CUS_0x3da0_2023_07_01,CUS_0x3da0,1/7/2023,10,8,10000,1000,1000,0,2000,1/3/2024,2024-03-01,2025-11-09 07:06:39.639615,data/lms_loan_daily.csv,2024-03-01
CUS_0x3dc3_2023_12_01,CUS_0x3dc3,1/12/2023,10,3,10000,1000,1000,0,7000,1/3/2024,2024-03-01,2025-11-09 07:06:39.639615,data/lms_loan_daily.csv,2024-03-01
CUS_0x3dd5_2024_02_01,CUS_0x3dd5,1/2/2024,10,1,10000,1000,1000,0,9000,1/3/2024,2024-03-01,2025-11-09 07:06:39.639615,data/lms_loan_daily.csv,2024-03-01
CUS_0x3ddc_2023_07_01,CUS_0x3ddc,1/7/2023,10,8,10000,1000,1000,0,2000,1/3/2024,2024-03-01,2025-11-09 07:06:39.639615,data/lms_loan_daily.csv,2024-03-01
CUS_0x3de0_2023_05_01,CUS_0x3de0,1/5/2023,10,10,10000,1000,1000,0,0,1/3/2024,2024-03-01,2025-11-09 07:06:39.639615,data/lms_loan_daily.csv,2024-03-01
CUS_0x3df0_2024_02_01,CUS_0x3df0,1/2/2024,10,1,10000,1000,1000,0,9000,1/3/2024,2024-03-01,2025-11-09 07:06:39.639615,data/lms_loan_daily.csv,2024-03-01
CUS_0x3dfe_2023_06_01,CUS_0x3dfe,1/6/2023,10,9,10000,1000,1000,0,1000,1/3/2024,2024-03-01,2025-11-09 07:06:39.639615,data/lms_loan_daily.csv,2024-03-01
CUS_0x3e03_2023_09_01,CUS_0x3e03,1/9/2023,10,6,10000,1000,1000,0,4000,1/3/2024,2024-03-01,2025-11-09 07:06:39.639615,data/lms_loan_daily.csv,2024-03-01
CUS_0x3e1a_2023_07_01,CUS_0x3e1a,1/7/2023,10,8,10000,1000,1000,0,2000,1/3/2024,2024-03-01,2025-11-09 07:06:39.639615,data/lms_loan_daily.csv,2024-03-01
CUS_0x3e1f_2023_06_01,CUS_0x3e1f,1/6/2023,10,9,10000,1000,0,7000,8000,1/3/2024,2024-03-01,2025-11-09 07:06:39.639615,data/lms_loan_daily.csv,2024-03-01
CUS_0x3e2e_2024_03_01,CUS_0x3e2e,1/3/2024,10,0,10000,0,0,0,10000,1/3/2024,2024-03-01,2025-11-09 07:06:39.639615,data/lms_loan_daily.csv,2024-03-01
CUS_0x3e32_2023_12_01,CUS_0x3e32,1/12/2023,10,3,10000,1000,1000,0,7000,1/3/2024,2024-03-01,2025-11-09 07:06:39.639615,data/lms_loan_daily.csv,2024-03-01
CUS_0x3e34_2023_08_01,CUS_0x3e34,1/8/2023,10,7,10000,1000,0,5000,8000,1/3/2024,2024-03-01,2025-11-09 07:06:39.639615,data/lms_loan_daily.csv,2024-03-01
CUS_0x3e37_2023_09_01,CUS_0x3e37,1/9/2023,10,6,10000,1000,1000,0,4000,1/3/2024,2024-03-01,2025-11-09 07:06:39.639615,data/lms_loan_daily.csv,2024-03-01
CUS_0x3e40_2023_12_01,CUS_0x3e40,1/12/2023,10,3,10000,1000,1000,0,7000,1/3/2024,2024-03-01,2025-11-09 07:06:39.639615,data/lms_loan_daily.csv,2024-03-01
CUS_0x3e45_2023_06_01,CUS_0x3e45,1/6/2023,10,9,10000,1000,1000,0,1000,1/3/2024,2024-03-01,2025-11-09 07:06:39.639615,data/lms_loan_daily.csv,2024-03-01
CUS_0x3e4b_2023_09_01,CUS_0x3e4b,1/9/2023,10,6,10000,1000,1000,0,4000,1/3/2024,2024-03-01,2025-11-09 07:06:39.639615,data/lms_loan_daily.csv,2024-03-01
CUS_0x3e57_2024_02_01,CUS_0x3e57,1/2/2024,10,1,10000,1000,1000,0,9000,1/3/2024,2024-03-01,2025-11-09 07:06:39.639615,data/lms_loan_daily.csv,2024-03-01
CUS_0x3e5d_2023_07_01,CUS_0x3e5d,1/7/2023,10,8,10000,1000,1000,0,2000,1/3/2024,2024-03-01,2025-11-09 07:06:39.639615,data/lms_loan_daily.csv,2024-03-01
CUS_0x3e6b_2023_11_01,CUS_0x3e6b,1/11/2023,10,4,10000,1000,1000,0,6000,1/3/2024,2024-03-01,2025-11-09 07:06:39.639615,data/lms_loan_daily.csv,2024-03-01
CUS_0x3e75_2023_08_01,CUS_0x3e75,1/8/2023,10,7,10000,1000,1000,0,3000,1/3/2024,2024-03-01,2025-11-09 07:06:39.639615,data/lms_loan_daily.csv,2024-03-01
CUS_0x3e79_2024_01_01,CUS_0x3e79,1/1/2024,10,2,10000,1000,1000,0,8000,1/3/2024,2024-03-01,2025-11-09 07:06:39.639615,data/lms_loan_daily.csv,2024-03-01
CUS_0x3e8c_2023_12_01,CUS_0x3e8c,1/12/2023,10,3,10000,1000,1000,0,7000,1/3/2024,2024-03-01,2025-11-09 07:06:39.639615,data/lms_loan_daily.csv,2024-03-01
CUS_0x3ea1_2023_07_01,CUS_0x3ea1,1/7/2023,10,8,10000,1000,1000,0,2000,1/3/2024,2024-03-01,2025-11-09 07:06:39.639615,data/lms_loan_daily.csv,2024-03-01
CUS_0x3eab_2023_06_01,CUS_0x3eab,1/6/2023,10,9,10000,1000,1000,0,1000,1/3/2024,2024-03-01,2025-11-09 07:06:39.639615,data/lms_loan_daily.csv,2024-03-01
CUS_0x3ebe_2023_06_01,CUS_0x3ebe,1/6/2023,10,9,10000,1000,1000,0,1000,1/3/2024,2024-03-01,2025-11-09 07:06:39.639615,data/lms_loan_daily.csv,2024-03-01
CUS_0x3ec1_2023_12_01,CUS_0x3ec1,1/12/2023,10,3,10000,1000,1000,0,7000,1/3/2024,2024-03-01,2025-11-09 07:06:39.639615,data/lms_loan_daily.csv,2024-03-01
CUS_0x3ec6_2023_10_01,CUS_0x3ec6,1/10/2023,10,5,10000,1000,1000,0,5000,1/3/2024,2024-03-01,2025-11-09 07:06:39.639615,data/lms_loan_daily.csv,2024-03-01
CUS_0x3ed3_2024_02_01,CUS_0x3ed3,1/2/2024,10,1,10000,1000,1000,0,9000,1/3/2024,2024-03-01,2025-11-09 07:06:39.639615,data/lms_loan_daily.csv,2024-03-01
CUS_0x3ee_2023_12_01,CUS_0x3ee,1/12/2023,10,3,10000,1000,0,1000,8000,1/3/2024,2024-03-01,2025-11-09 07:06:39.639615,data/lms_loan_daily.csv,2024-03-01
CUS_0x3ee4_2024_02_01,CUS_0x3ee4,1/2/2024,10,1,10000,1000,1000,0,9000,1/3/2024,2024-03-01,2025-11-09 07:06:39.639615,data/lms_loan_daily.csv,2024-03-01
CUS_0x3ee8_2023_06_01,CUS_0x3ee8,1/6/2023,10,9,10000,1000,1000,0,1000,1/3/2024,2024-03-01,2025-11-09 07:06:39.639615,data/lms_loan_daily.csv,2024-03-01
CUS_0x3ee9_2023_11_01,CUS_0x3ee9,1/11/2023,10,4,10000,1000,1000,0,6000,1/3/2024,2024-03-01,2025-11-09 07:06:39.639615,data/lms_loan_daily.csv,2024-03-01
CUS_0x3eeb_2024_01_01,CUS_0x3eeb,1/1/2024,10,2,10000,1000,1000,0,8000,1/3/2024,2024-03-01,2025-11-09 07:06:39.639615,data/lms_loan_daily.csv,2024-03-01
CUS_0x3ef_2023_11_01,CUS_0x3ef,1/11/2023,10,4,10000,1000,0,1000,7000,1/3/2024,2024-03-01,2025-11-09 07:06:39.639615,data/lms_loan_daily.csv,2024-03-01
CUS_0x3ef5_2024_02_01,CUS_0x3ef5,1/2/2024,10,1,10000,1000,1000,0,9000,1/3/2024,2024-03-01,2025-11-09 07:06:39.639615,data/lms_loan_daily.csv,2024-03-01
CUS_0x3f0_2023_07_01,CUS_0x3f0,1/7/2023,10,8,10000,1000,1000,0,2000,1/3/2024,2024-03-01,2025-11-09 07:06:39.639615,data/lms_loan_daily.csv,2024-03-01
CUS_0x3f12_2023_11_01,CUS_0x3f12,1/11/2023,10,4,10000,1000,1000,0,6000,1/3/2024,2024-03-01,2025-11-09 07:06:39.639615,data/lms_loan_daily.csv,2024-03-01
CUS_0x3f18_2023_05_01,CUS_0x3f18,1/5/2023,10,10,10000,1000,1000,0,0,1/3/2024,2024-03-01,2025-11-09 07:06:39.639615,data/lms_loan_daily.csv,2024-03-01
CUS_0x3f1d_2024_03_01,CUS_0x3f1d,1/3/2024,10,0,10000,0,0,0,10000,1/3/2024,2024-03-01,2025-11-09 07:06:39.639615,data/lms_loan_daily.csv,2024-03-01
CUS_0x3f3_2024_03_01,CUS_0x3f3,1/3/2024,10,0,10000,0,0,0,10000,1/3/2024,2024-03-01,2025-11-09 07:06:39.639615,data/lms_loan_daily.csv,2024-03-01
CUS_0x3f35_2023_12_01,CUS_0x3f35,1/12/2023,10,3,10000,1000,1000,0,7000,1/3/2024,2024-03-01,2025-11-09 07:06:39.639615,data/lms_loan_daily.csv,2024-03-01
CUS_0x3f38_2024_01_01,CUS_0x3f38,1/1/2024,10,2,10000,1000,1000,0,8000,1/3/2024,2024-03-01,2025-11-09 07:06:39.639615,data/lms_loan_daily.csv,2024-03-01
CUS_0x3f43_2023_11_01,CUS_0x3f43,1/11/2023,10,4,10000,1000,1000,0,6000,1/3/2024,2024-03-01,2025-11-09 07:06:39.639615,data/lms_loan_daily.csv,2024-03-01
CUS_0x3f51_2023_07_01,CUS_0x3f51,1/7/2023,10,8,10000,1000,1000,0,2000,1/3/2024,2024-03-01,2025-11-09 07:06:39.639615,data/lms_loan_daily.csv,2024-03-01
CUS_0x3f5f_2024_02_01,CUS_0x3f5f,1/2/2024,10,1,10000,1000,1000,0,9000,1/3/2024,2024-03-01,2025-11-09 07:06:39.639615,data/lms_loan_daily.csv,2024-03-01
CUS_0x3f6_2023_05_01,CUS_0x3f6,1/5/2023,10,10,10000,1000,1000,0,0,1/3/2024,2024-03-01,2025-11-09 07:06:39.639615,data/lms_loan_daily.csv,2024-03-01
CUS_0x3f68_2023_07_01,CUS_0x3f68,1/7/2023,10,8,10000,1000,1000,0,2000,1/3/2024,2024-03-01,2025-11-09 07:06:39.639615,data/lms_loan_daily.csv,2024-03-01
CUS_0x3f71_2024_01_01,CUS_0x3f71,1/1/2024,10,2,10000,1000,1000,0,8000,1/3/2024,2024-03-01,2025-11-09 07:06:39.639615,data/lms_loan_daily.csv,2024-03-01
CUS_0x3f7d_2024_01_01,CUS_0x3f7d,1/1/2024,10,2,10000,1000,1000,0,8000,1/3/2024,2024-03-01,2025-11-09 07:06:39.639615,data/lms_loan_daily.csv,2024-03-01
CUS_0x3f85_2023_12_01,CUS_0x3f85,1/12/2023,10,3,10000,1000,1000,0,7000,1/3/2024,2024-03-01,2025-11-09 07:06:39.639615,data/lms_loan_daily.csv,2024-03-01
CUS_0x3f9_2023_05_01,CUS_0x3f9,1/5/2023,10,10,10000,1000,0,6000,6000,1/3/2024,2024-03-01,2025-11-09 07:06:39.639615,data/lms_loan_daily.csv,2024-03-01
CUS_0x3f97_2023_07_01,CUS_0x3f97,1/7/2023,10,8,10000,1000,1000,0,2000,1/3/2024,2024-03-01,2025-11-09 07:06:39.639615,data/lms_loan_daily.csv,2024-03-01
CUS_0x3fa8_2024_03_01,CUS_0x3fa8,1/3/2024,10,0,10000,0,0,0,10000,1/3/2024,2024-03-01,2025-11-09 07:06:39.639615,data/lms_loan_daily.csv,2024-03-01
CUS_0x3faa_2023_08_01,CUS_0x3faa,1/8/2023,10,7,10000,1000,0,5000,8000,1/3/2024,2024-03-01,2025-11-09 07:06:39.639615,data/lms_loan_daily.csv,2024-03-01
CUS_0x3fb_2023_09_01,CUS_0x3fb,1/9/2023,10,6,10000,1000,1000,0,4000,1/3/2024,2024-03-01,2025-11-09 07:06:39.639615,data/lms_loan_daily.csv,2024-03-01
CUS_0x3fb4_2024_01_01,CUS_0x3fb4,1/1/2024,10,2,10000,1000,1000,0,8000,1/3/2024,2024-03-01,2025-11-09 07:06:39.639615,data/lms_loan_daily.csv,2024-03-01
CUS_0x3fbf_2023_06_01,CUS_0x3fbf,1/6/2023,10,9,10000,1000,1000,0,1000,1/3/2024,2024-03-01,2025-11-09 07:06:39.639615,data/lms_loan_daily.csv,2024-03-01
CUS_0x3fc2_2023_08_01,CUS_0x3fc2,1/8/2023,10,7,10000,1000,1000,0,3000,1/3/2024,2024-03-01,2025-11-09 07:06:39.639615,data/lms_loan_daily.csv,2024-03-01
CUS_0x3fcb_2023_08_01,CUS_0x3fcb,1/8/2023,10,7,10000,1000,1000,0,3000,1/3/2024,2024-03-01,2025-11-09 07:06:39.639615,data/lms_loan_daily.csv,2024-03-01
CUS_0x3fce_2023_12_01,CUS_0x3fce,1/12/2023,10,3,10000,1000,1000,0,7000,1/3/2024,2024-03-01,2025-11-09 07:06:39.639615,data/lms_loan_daily.csv,2024-03-01
CUS_0x3fcf_2023_11_01,CUS_0x3fcf,1/11/2023,10,4,10000,1000,1000,0,6000,1/3/2024,2024-03-01,2025-11-09 07:06:39.639615,data/lms_loan_daily.csv,2024-03-01
CUS_0x3fdf_2024_02_01,CUS_0x3fdf,1/2/2024,10,1,10000,1000,1000,0,9000,1/3/2024,2024-03-01,2025-11-09 07:06:39.639615,data/lms_loan_daily.csv,2024-03-01
CUS_0x3fe8_2023_08_01,CUS_0x3fe8,1/8/2023,10,7,10000,1000,0,6000,9000,1/3/2024,2024-03-01,2025-11-09 07:06:39.639615,data/lms_loan_daily.csv,2024-03-01
CUS_0x3ff8_2024_02_01,CUS_0x3ff8,1/2/2024,10,1,10000,1000,1000,0,9000,1/3/2024,2024-03-01,2025-11-09 07:06:39.639615,data/lms_loan_daily.csv,2024-03-01
CUS_0x3ff9_2023_12_01,CUS_0x3ff9,1/12/2023,10,3,10000,1000,1000,0,7000,1/3/2024,2024-03-01,2025-11-09 07:06:39.639615,data/lms_loan_daily.csv,2024-03-01
CUS_0x4004_2023_10_01,CUS_0x4004,1/10/2023,10,5,10000,1000,1000,0,5000,1/3/2024,2024-03-01,2025-11-09 07:06:39.639615,data/lms_loan_daily.csv,2024-03-01
CUS_0x400a_2024_01_01,CUS_0x400a,1/1/2024,10,2,10000,1000,1000,0,8000,1/3/2024,2024-03-01,2025-11-09 07:06:39.639615,data/lms_loan_daily.csv,2024-03-01
CUS_0x4017_2023_07_01,CUS_0x4017,1/7/2023,10,8,10000,1000,0,4000,6000,1/3/2024,2024-03-01,2025-11-09 07:06:39.639615,data/lms_loan_daily.csv,2024-03-01
CUS_0x4034_2024_01_01,CUS_0x4034,1/1/2024,10,2,10000,1000,1000,0,8000,1/3/2024,2024-03-01,2025-11-09 07:06:39.639615,data/lms_loan_daily.csv,2024-03-01
CUS_0x4036_2023_12_01,CUS_0x4036,1/12/2023,10,3,10000,1000,1000,0,7000,1/3/2024,2024-03-01,2025-11-09 07:06:39.639615,data/lms_loan_daily.csv,2024-03-01
CUS_0x4038_2024_02_01,CUS_0x4038,1/2/2024,10,1,10000,1000,1000,0,9000,1/3/2024,2024-03-01,2025-11-09 07:06:39.639615,data/lms_loan_daily.csv,2024-03-01
CUS_0x403a_2023_11_01,CUS_0x403a,1/11/2023,10,4,10000,1000,1000,0,6000,1/3/2024,2024-03-01,2025-11-09 07:06:39.639615,data/lms_loan_daily.csv,2024-03-01
CUS_0x403d_2024_01_01,CUS_0x403d,1/1/2024,10,2,10000,1000,1000,0,8000,1/3/2024,2024-03-01,2025-11-09 07:06:39.639615,data/lms_loan_daily.csv,2024-03-01
CUS_0x4046_2024_02_01,CUS_0x4046,1/2/2024,10,1,10000,1000,1000,0,9000,1/3/2024,2024-03-01,2025-11-09 07:06:39.639615,data/lms_loan_daily.csv,2024-03-01
CUS_0x404c_2023_08_01,CUS_0x404c,1/8/2023,10,7,10000,1000,1000,0,3000,1/3/2024,2024-03-01,2025-11-09 07:06:39.639615,data/lms_loan_daily.csv,2024-03-01
CUS_0x404d_2023_05_01,CUS_0x404d,1/5/2023,10,10,10000,1000,1000,0,0,1/3/2024,2024-03-01,2025-11-09 07:06:39.639615,data/lms_loan_daily.csv,2024-03-01
CUS_0x405_2024_01_01,CUS_0x405,1/1/2024,10,2,10000,1000,1000,0,8000,1/3/2024,2024-03-01,2025-11-09 07:06:39.639615,data/lms_loan_daily.csv,2024-03-01
CUS_0x4052_2023_08_01,CUS_0x4052,1/8/2023,10,7,10000,1000,1000,0,3000,1/3/2024,2024-03-01,2025-11-09 07:06:39.639615,data/lms_loan_daily.csv,2024-03-01
CUS_0x4056_2023_06_01,CUS_0x4056,1/6/2023,10,9,10000,1000,1000,0,1000,1/3/2024,2024-03-01,2025-11-09 07:06:39.639615,data/lms_loan_daily.csv,2024-03-01
CUS_0x4057_2023_10_01,CUS_0x4057,1/10/2023,10,5,10000,1000,1000,0,5000,1/3/2024,2024-03-01,2025-11-09 07:06:39.639615,data/lms_loan_daily.csv,2024-03-01
CUS_0x406_2024_01_01,CUS_0x406,1/1/2024,10,2,10000,1000,1000,0,8000,1/3/2024,2024-03-01,2025-11-09 07:06:39.639615,data/lms_loan_daily.csv,2024-03-01
CUS_0x406c_2023_11_01,CUS_0x406c,1/11/2023,10,4,10000,1000,0,4000,10000,1/3/2024,2024-03-01,2025-11-09 07:06:39.639615,data/lms_loan_daily.csv,2024-03-01
CUS_0x4075_2023_11_01,CUS_0x4075,1/11/2023,10,4,10000,1000,1000,0,6000,1/3/2024,2024-03-01,2025-11-09 07:06:39.639615,data/lms_loan_daily.csv,2024-03-01
CUS_0x4079_2023_07_01,CUS_0x4079,1/7/2023,10,8,10000,1000,0,5000,7000,1/3/2024,2024-03-01,2025-11-09 07:06:39.639615,data/lms_loan_daily.csv,2024-03-01
CUS_0x407a_2023_08_01,CUS_0x407a,1/8/2023,10,7,10000,1000,1000,0,3000,1/3/2024,2024-03-01,2025-11-09 07:06:39.639615,data/lms_loan_daily.csv,2024-03-01
CUS_0x407c_2024_03_01,CUS_0x407c,1/3/2024,10,0,10000,0,0,0,10000,1/3/2024,2024-03-01,2025-11-09 07:06:39.639615,data/lms_loan_daily.csv,2024-03-01
CUS_0x407e_2024_02_01,CUS_0x407e,1/2/2024,10,1,10000,1000,1000,0,9000,1/3/2024,2024-03-01,2025-11-09 07:06:39.639615,data/lms_loan_daily.csv,2024-03-01
CUS_0x4083_2023_09_01,CUS_0x4083,1/9/2023,10,6,10000,1000,1000,0,4000,1/3/2024,2024-03-01,2025-11-09 07:06:39.639615,data/lms_loan_daily.csv,2024-03-01
CUS_0x409e_2023_12_01,CUS_0x409e,1/12/2023,10,3,10000,1000,1000,0,7000,1/3/2024,2024-03-01,2025-11-09 07:06:39.639615,data/lms_loan_daily.csv,2024-03-01
CUS_0x40a3_2023_05_01,CUS_0x40a3,1/5/2023,10,10,10000,1000,0,6000,6000,1/3/2024,2024-03-01,2025-11-09 07:06:39.639615,data/lms_loan_daily.csv,2024-03-01
CUS_0x40ad_2023_07_01,CUS_0x40ad,1/7/2023,10,8,10000,1000,0,6000,8000,1/3/2024,2024-03-01,2025-11-09 07:06:39.639615,data/lms_loan_daily.csv,2024-03-01
CUS_0x40bd_2024_01_01,CUS_0x40bd,1/1/2024,10,2,10000,1000,1000,0,8000,1/3/2024,2024-03-01,2025-11-09 07:06:39.639615,data/lms_loan_daily.csv,2024-03-01
CUS_0x40c8_2023_06_01,CUS_0x40c8,1/6/2023,10,9,10000,1000,1000,0,1000,1/3/2024,2024-03-01,2025-11-09 07:06:39.639615,data/lms_loan_daily.csv,2024-03-01
CUS_0x40d4_2024_03_01,CUS_0x40d4,1/3/2024,10,0,10000,0,0,0,10000,1/3/2024,2024-03-01,2025-11-09 07:06:39.639615,data/lms_loan_daily.csv,2024-03-01
CUS_0x40d7_2023_11_01,CUS_0x40d7,1/11/2023,10,4,10000,1000,1000,0,6000,1/3/2024,2024-03-01,2025-11-09 07:06:39.639615,data/lms_loan_daily.csv,2024-03-01
CUS_0x40d9_2023_09_01,CUS_0x40d9,1/9/2023,10,6,10000,1000,1000,0,4000,1/3/2024,2024-03-01,2025-11-09 07:06:39.639615,data/lms_loan_daily.csv,2024-03-01
CUS_0x40dc_2023_06_01,CUS_0x40dc,1/6/2023,10,9,10000,1000,1000,0,1000,1/3/2024,2024-03-01,2025-11-09 07:06:39.639615,data/lms_loan_daily.csv,2024-03-01
CUS_0x40dd_2023_10_01,CUS_0x40dd,1/10/2023,10,5,10000,1000,0,3000,8000,1/3/2024,2024-03-01,2025-11-09 07:06:39.639615,data/lms_loan_daily.csv,2024-03-01
CUS_0x40e1_2023_06_01,CUS_0x40e1,1/6/2023,10,9,10000,1000,0,8000,9000,1/3/2024,2024-03-01,2025-11-09 07:06:39.639615,data/lms_loan_daily.csv,2024-03-01
CUS_0x40e6_2024_03_01,CUS_0x40e6,1/3/2024,10,0,10000,0,0,0,10000,1/3/2024,2024-03-01,2025-11-09 07:06:39.639615,data/lms_loan_daily.csv,2024-03-01
CUS_0x40f_2023_12_01,CUS_0x40f,1/12/2023,10,3,10000,1000,1000,0,7000,1/3/2024,2024-03-01,2025-11-09 07:06:39.639615,data/lms_loan_daily.csv,2024-03-01
CUS_0x40f2_2024_03_01,CUS_0x40f2,1/3/2024,10,0,10000,0,0,0,10000,1/3/2024,2024-03-01,2025-11-09 07:06:39.639615,data/lms_loan_daily.csv,2024-03-01
CUS_0x40f9_2023_12_01,CUS_0x40f9,1/12/2023,10,3,10000,1000,1000,0,7000,1/3/2024,2024-03-01,2025-11-09 07:06:39.639615,data/lms_loan_daily.csv,2024-03-01
CUS_0x40fe_2023_10_01,CUS_0x40fe,1/10/2023,10,5,10000,1000,1000,0,5000,1/3/2024,2024-03-01,2025-11-09 07:06:39.639615,data/lms_loan_daily.csv,2024-03-01
CUS_0x4100_2024_02_01,CUS_0x4100,1/2/2024,10,1,10000,1000,1000,0,9000,1/3/2024,2024-03-01,2025-11-09 07:06:39.639615,data/lms_loan_daily.csv,2024-03-01
CUS_0x411e_2023_11_01,CUS_0x411e,1/11/2023,10,4,10000,1000,1000,0,6000,1/3/2024,2024-03-01,2025-11-09 07:06:39.639615,data/lms_loan_daily.csv,2024-03-01
CUS_0x4122_2023_05_01,CUS_0x4122,1/5/2023,10,10,10000,1000,0,6000,6000,1/3/2024,2024-03-01,2025-11-09 07:06:39.639615,data/lms_loan_daily.csv,2024-03-01
CUS_0x4127_2023_08_01,CUS_0x4127,1/8/2023,10,7,10000,1000,0,4000,7000,1/3/2024,2024-03-01,2025-11-09 07:06:39.639615,data/lms_loan_daily.csv,2024-03-01
CUS_0x412f_2023_05_01,CUS_0x412f,1/5/2023,10,10,10000,1000,1000,0,0,1/3/2024,2024-03-01,2025-11-09 07:06:39.639615,data/lms_loan_daily.csv,2024-03-01
CUS_0x4148_2023_08_01,CUS_0x4148,1/8/2023,10,7,10000,1000,0,5000,8000,1/3/2024,2024-03-01,2025-11-09 07:06:39.639615,data/lms_loan_daily.csv,2024-03-01
CUS_0x415_2023_07_01,CUS_0x415,1/7/2023,10,8,10000,1000,1000,0,2000,1/3/2024,2024-03-01,2025-11-09 07:06:39.639615,data/lms_loan_daily.csv,2024-03-01
CUS_0x4154_2023_07_01,CUS_0x4154,1/7/2023,10,8,10000,1000,1000,0,2000,1/3/2024,2024-03-01,2025-11-09 07:06:39.639615,data/lms_loan_daily.csv,2024-03-01
CUS_0x4159_2023_10_01,CUS_0x4159,1/10/2023,10,5,10000,1000,0,1000,6000,1/3/2024,2024-03-01,2025-11-09 07:06:39.639615,data/lms_loan_daily.csv,2024-03-01
CUS_0x415f_2024_02_01,CUS_0x415f,1/2/2024,10,1,10000,1000,1000,0,9000,1/3/2024,2024-03-01,2025-11-09 07:06:39.639615,data/lms_loan_daily.csv,2024-03-01
CUS_0x416a_2023_10_01,CUS_0x416a,1/10/2023,10,5,10000,1000,0,3000,8000,1/3/2024,2024-03-01,2025-11-09 07:06:39.639615,data/lms_loan_daily.csv,2024-03-01
CUS_0x417b_2023_05_01,CUS_0x417b,1/5/2023,10,10,10000,1000,0,10000,10000,1/3/2024,2024-03-01,2025-11-09 07:06:39.639615,data/lms_loan_daily.csv,2024-03-01
CUS_0x418_2023_06_01,CUS_0x418,1/6/2023,10,9,10000,1000,1000,0,1000,1/3/2024,2024-03-01,2025-11-09 07:06:39.639615,data/lms_loan_daily.csv,2024-03-01
CUS_0x4182_2023_05_01,CUS_0x4182,1/5/2023,10,10,10000,1000,1000,0,0,1/3/2024,2024-03-01,2025-11-09 07:06:39.639615,data/lms_loan_daily.csv,2024-03-01
CUS_0x4185_2024_02_01,CUS_0x4185,1/2/2024,10,1,10000,1000,1000,0,9000,1/3/2024,2024-03-01,2025-11-09 07:06:39.639615,data/lms_loan_daily.csv,2024-03-01
CUS_0x4196_2024_02_01,CUS_0x4196,1/2/2024,10,1,10000,1000,1000,0,9000,1/3/2024,2024-03-01,2025-11-09 07:06:39.639615,data/lms_loan_daily.csv,2024-03-01
CUS_0x4197_2023_06_01,CUS_0x4197,1/6/2023,10,9,10000,1000,1000,0,1000,1/3/2024,2024-03-01,2025-11-09 07:06:39.639615,data/lms_loan_daily.csv,2024-03-01
CUS_0x419d_2023_06_01,CUS_0x419d,1/6/2023,10,9,10000,1000,0,7000,8000,1/3/2024,2024-03-01,2025-11-09 07:06:39.639615,data/lms_loan_daily.csv,2024-03-01
CUS_0x41a_2023_06_01,CUS_0x41a,1/6/2023,10,9,10000,1000,1000,0,1000,1/3/2024,2024-03-01,2025-11-09 07:06:39.639615,data/lms_loan_daily.csv,2024-03-01
CUS_0x41ae_2023_10_01,CUS_0x41ae,1/10/2023,10,5,10000,1000,1000,0,5000,1/3/2024,2024-03-01,2025-11-09 07:06:39.639615,data/lms_loan_daily.csv,2024-03-01
CUS_0x41b2_2024_03_01,CUS_0x41b2,1/3/2024,10,0,10000,0,0,0,10000,1/3/2024,2024-03-01,2025-11-09 07:06:39.639615,data/lms_loan_daily.csv,2024-03-01
CUS_0x41c1_2024_03_01,CUS_0x41c1,1/3/2024,10,0,10000,0,0,0,10000,1/3/2024,2024-03-01,2025-11-09 07:06:39.639615,data/lms_loan_daily.csv,2024-03-01
CUS_0x41c9_2023_05_01,CUS_0x41c9,1/5/2023,10,10,10000,1000,1000,0,0,1/3/2024,2024-03-01,2025-11-09 07:06:39.639615,data/lms_loan_daily.csv,2024-03-01
CUS_0x41ce_2024_03_01,CUS_0x41ce,1/3/2024,10,0,10000,0,0,0,10000,1/3/2024,2024-03-01,2025-11-09 07:06:39.639615,data/lms_loan_daily.csv,2024-03-01
CUS_0x41d5_2023_07_01,CUS_0x41d5,1/7/2023,10,8,10000,1000,1000,0,2000,1/3/2024,2024-03-01,2025-11-09 07:06:39.639615,data/lms_loan_daily.csv,2024-03-01
CUS_0x41dc_2024_01_01,CUS_0x41dc,1/1/2024,10,2,10000,1000,0,2000,10000,1/3/2024,2024-03-01,2025-11-09 07:06:39.639615,data/lms_loan_daily.csv,2024-03-01
CUS_0x41de_2023_05_01,CUS_0x41de,1/5/2023,10,10,10000,1000,0,8000,8000,1/3/2024,2024-03-01,2025-11-09 07:06:39.639615,data/lms_loan_daily.csv,2024-03-01
CUS_0x41e4_2023_11_01,CUS_0x41e4,1/11/2023,10,4,10000,1000,1000,0,6000,1/3/2024,2024-03-01,2025-11-09 07:06:39.639615,data/lms_loan_daily.csv,2024-03-01
CUS_0x41e5_2023_11_01,CUS_0x41e5,1/11/2023,10,4,10000,1000,1000,0,6000,1/3/2024,2024-03-01,2025-11-09 07:06:39.639615,data/lms_loan_daily.csv,2024-03-01
CUS_0x41e8_2024_01_01,CUS_0x41e8,1/1/2024,10,2,10000,1000,0,1000,9000,1/3/2024,2024-03-01,2025-11-09 07:06:39.639615,data/lms_loan_daily.csv,2024-03-01
CUS_0x41ea_2023_06_01,CUS_0x41ea,1/6/2023,10,9,10000,1000,1000,0,1000,1/3/2024,2024-03-01,2025-11-09 07:06:39.639615,data/lms_loan_daily.csv,2024-03-01
CUS_0x41ee_2023_07_01,CUS_0x41ee,1/7/2023,10,8,10000,1000,1000,0,2000,1/3/2024,2024-03-01,2025-11-09 07:06:39.639615,data/lms_loan_daily.csv,2024-03-01
CUS_0x41f4_2023_12_01,CUS_0x41f4,1/12/2023,10,3,10000,1000,0,1000,8000,1/3/2024,2024-03-01,2025-11-09 07:06:39.639615,data/lms_loan_daily.csv,2024-03-01
CUS_0x41fa_2023_05_01,CUS_0x41fa,1/5/2023,10,10,10000,1000,1000,0,0,1/3/2024,2024-03-01,2025-11-09 07:06:39.639615,data/lms_loan_daily.csv,2024-03-01
CUS_0x41fc_2023_07_01,CUS_0x41fc,1/7/2023,10,8,10000,1000,1000,0,2000,1/3/2024,2024-03-01,2025-11-09 07:06:39.639615,data/lms_loan_daily.csv,2024-03-01
CUS_0x4200_2023_08_01,CUS_0x4200,1/8/2023,10,7,10000,1000,1000,0,3000,1/3/2024,2024-03-01,2025-11-09 07:06:39.639615,data/lms_loan_daily.csv,2024-03-01
CUS_0x4206_2023_12_01,CUS_0x4206,1/12/2023,10,3,10000,1000,0,1000,8000,1/3/2024,2024-03-01,2025-11-09 07:06:39.639615,data/lms_loan_daily.csv,2024-03-01
CUS_0x420f_2023_10_01,CUS_0x420f,1/10/2023,10,5,10000,1000,1000,0,5000,1/3/2024,2024-03-01,2025-11-09 07:06:39.639615,data/lms_loan_daily.csv,2024-03-01
CUS_0x4218_2024_02_01,CUS_0x4218,1/2/2024,10,1,10000,1000,1000,0,9000,1/3/2024,2024-03-01,2025-11-09 07:06:39.639615,data/lms_loan_daily.csv,2024-03-01
CUS_0x4223_2024_01_01,CUS_0x4223,1/1/2024,10,2,10000,1000,0,1000,9000,1/3/2024,2024-03-01,2025-11-09 07:06:39.639615,data/lms_loan_daily.csv,2024-03-01
CUS_0x4237_2023_06_01,CUS_0x4237,1/6/2023,10,9,10000,1000,1000,0,1000,1/3/2024,2024-03-01,2025-11-09 07:06:39.639615,data/lms_loan_daily.csv,2024-03-01
CUS_0x4241_2023_09_01,CUS_0x4241,1/9/2023,10,6,10000,1000,1000,0,4000,1/3/2024,2024-03-01,2025-11-09 07:06:39.639615,data/lms_loan_daily.csv,2024-03-01
CUS_0x4242_2024_02_01,CUS_0x4242,1/2/2024,10,1,10000,1000,1000,0,9000,1/3/2024,2024-03-01,2025-11-09 07:06:39.639615,data/lms_loan_daily.csv,2024-03-01
CUS_0x425_2023_08_01,CUS_0x425,1/8/2023,10,7,10000,1000,1000,0,3000,1/3/2024,2024-03-01,2025-11-09 07:06:39.639615,data/lms_loan_daily.csv,2024-03-01
CUS_0x4256_2023_07_01,CUS_0x4256,1/7/2023,10,8,10000,1000,1000,0,2000,1/3/2024,2024-03-01,2025-11-09 07:06:39.639615,data/lms_loan_daily.csv,2024-03-01
CUS_0x4269_2023_07_01,CUS_0x4269,1/7/2023,10,8,10000,1000,1000,0,2000,1/3/2024,2024-03-01,2025-11-09 07:06:39.639615,data/lms_loan_daily.csv,2024-03-01
CUS_0x4274_2023_08_01,CUS_0x4274,1/8/2023,10,7,10000,1000,1000,0,3000,1/3/2024,2024-03-01,2025-11-09 07:06:39.639615,data/lms_loan_daily.csv,2024-03-01
CUS_0x4280_2023_07_01,CUS_0x4280,1/7/2023,10,8,10000,1000,1000,0,2000,1/3/2024,2024-03-01,2025-11-09 07:06:39.639615,data/lms_loan_daily.csv,2024-03-01
CUS_0x4285_2023_09_01,CUS_0x4285,1/9/2023,10,6,10000,1000,1000,0,4000,1/3/2024,2024-03-01,2025-11-09 07:06:39.639615,data/lms_loan_daily.csv,2024-03-01
CUS_0x4287_2023_08_01,CUS_0x4287,1/8/2023,10,7,10000,1000,0,6000,9000,1/3/2024,2024-03-01,2025-11-09 07:06:39.639615,data/lms_loan_daily.csv,2024-03-01
CUS_0x429a_2024_03_01,CUS_0x429a,1/3/2024,10,0,10000,0,0,0,10000,1/3/2024,2024-03-01,2025-11-09 07:06:39.639615,data/lms_loan_daily.csv,2024-03-01
CUS_0x42ac_2023_11_01,CUS_0x42ac,1/11/2023,10,4,10000,1000,1000,0,6000,1/3/2024,2024-03-01,2025-11-09 07:06:39.639615,data/lms_loan_daily.csv,2024-03-01
CUS_0x42bc_2023_06_01,CUS_0x42bc,1/6/2023,10,9,10000,1000,1000,0,1000,1/3/2024,2024-03-01,2025-11-09 07:06:39.639615,data/lms_loan_daily.csv,2024-03-01
CUS_0x42d2_2023_05_01,CUS_0x42d2,1/5/2023,10,10,10000,1000,0,6000,6000,1/3/2024,2024-03-01,2025-11-09 07:06:39.639615,data/lms_loan_daily.csv,2024-03-01
CUS_0x42db_2023_08_01,CUS_0x42db,1/8/2023,10,7,10000,1000,1000,0,3000,1/3/2024,2024-03-01,2025-11-09 07:06:39.639615,data/lms_loan_daily.csv,2024-03-01
CUS_0x42e6_2024_02_01,CUS_0x42e6,1/2/2024,10,1,10000,1000,1000,0,9000,1/3/2024,2024-03-01,2025-11-09 07:06:39.639615,data/lms_loan_daily.csv,2024-03-01
CUS_0x42eb_2023_09_01,CUS_0x42eb,1/9/2023,10,6,10000,1000,0,3000,7000,1/3/2024,2024-03-01,2025-11-09 07:06:39.639615,data/lms_loan_daily.csv,2024-03-01
CUS_0x42fb_2023_12_01,CUS_0x42fb,1/12/2023,10,3,10000,1000,1000,0,7000,1/3/2024,2024-03-01,2025-11-09 07:06:39.639615,data/lms_loan_daily.csv,2024-03-01
CUS_0x4313_2023_07_01,CUS_0x4313,1/7/2023,10,8,10000,1000,0,7000,9000,1/3/2024,2024-03-01,2025-11-09 07:06:39.639615,data/lms_loan_daily.csv,2024-03-01
CUS_0x4318_2023_05_01,CUS_0x4318,1/5/2023,10,10,10000,1000,1000,0,0,1/3/2024,2024-03-01,2025-11-09 07:06:39.639615,data/lms_loan_daily.csv,2024-03-01
CUS_0x4328_2023_09_01,CUS_0x4328,1/9/2023,10,6,10000,1000,1000,0,4000,1/3/2024,2024-03-01,2025-11-09 07:06:39.639615,data/lms_loan_daily.csv,2024-03-01
CUS_0x4329_2023_11_01,CUS_0x4329,1/11/2023,10,4,10000,1000,0,1000,7000,1/3/2024,2024-03-01,2025-11-09 07:06:39.639615,data/lms_loan_daily.csv,2024-03-01
CUS_0x4339_2024_02_01,CUS_0x4339,1/2/2024,10,1,10000,1000,0,1000,10000,1/3/2024,2024-03-01,2025-11-09 07:06:39.639615,data/lms_loan_daily.csv,2024-03-01
CUS_0x434c_2023_05_01,CUS_0x434c,1/5/2023,10,10,10000,1000,1000,0,0,1/3/2024,2024-03-01,2025-11-09 07:06:39.639615,data/lms_loan_daily.csv,2024-03-01
CUS_0x435a_2024_03_01,CUS_0x435a,1/3/2024,10,0,10000,0,0,0,10000,1/3/2024,2024-03-01,2025-11-09 07:06:39.639615,data/lms_loan_daily.csv,2024-03-01
CUS_0x435d_2023_10_01,CUS_0x435d,1/10/2023,10,5,10000,1000,1000,0,5000,1/3/2024,2024-03-01,2025-11-09 07:06:39.639615,data/lms_loan_daily.csv,2024-03-01
CUS_0x436c_2024_01_01,CUS_0x436c,1/1/2024,10,2,10000,1000,1000,0,8000,1/3/2024,2024-03-01,2025-11-09 07:06:39.639615,data/lms_loan_daily.csv,2024-03-01
CUS_0x437_2024_02_01,CUS_0x437,1/2/2024,10,1,10000,1000,1000,0,9000,1/3/2024,2024-03-01,2025-11-09 07:06:39.639615,data/lms_loan_daily.csv,2024-03-01
CUS_0x4372_2023_07_01,CUS_0x4372,1/7/2023,10,8,10000,1000,1000,0,2000,1/3/2024,2024-03-01,2025-11-09 07:06:39.639615,data/lms_loan_daily.csv,2024-03-01
CUS_0x4375_2023_06_01,CUS_0x4375,1/6/2023,10,9,10000,1000,1000,0,1000,1/3/2024,2024-03-01,2025-11-09 07:06:39.639615,data/lms_loan_daily.csv,2024-03-01
CUS_0x4379_2024_02_01,CUS_0x4379,1/2/2024,10,1,10000,1000,1000,0,9000,1/3/2024,2024-03-01,2025-11-09 07:06:39.639615,data/lms_loan_daily.csv,2024-03-01
CUS_0x437a_2023_08_01,CUS_0x437a,1/8/2023,10,7,10000,1000,1000,0,3000,1/3/2024,2024-03-01,2025-11-09 07:06:39.639615,data/lms_loan_daily.csv,2024-03-01
CUS_0x437c_2023_06_01,CUS_0x437c,1/6/2023,10,9,10000,1000,1000,0,1000,1/3/2024,2024-03-01,2025-11-09 07:06:39.639615,data/lms_loan_daily.csv,2024-03-01
CUS_0x437e_2024_01_01,CUS_0x437e,1/1/2024,10,2,10000,1000,1000,0,8000,1/3/2024,2024-03-01,2025-11-09 07:06:39.639615,data/lms_loan_daily.csv,2024-03-01
CUS_0x4380_2024_02_01,CUS_0x4380,1/2/2024,10,1,10000,1000,0,1000,10000,1/3/2024,2024-03-01,2025-11-09 07:06:39.639615,data/lms_loan_daily.csv,2024-03-01
CUS_0x4389_2023_05_01,CUS_0x4389,1/5/2023,10,10,10000,1000,1000,0,0,1/3/2024,2024-03-01,2025-11-09 07:06:39.639615,data/lms_loan_daily.csv,2024-03-01
CUS_0x438d_2024_02_01,CUS_0x438d,1/2/2024,10,1,10000,1000,1000,0,9000,1/3/2024,2024-03-01,2025-11-09 07:06:39.639615,data/lms_loan_daily.csv,2024-03-01
CUS_0x4398_2023_10_01,CUS_0x4398,1/10/2023,10,5,10000,1000,1000,0,5000,1/3/2024,2024-03-01,2025-11-09 07:06:39.639615,data/lms_loan_daily.csv,2024-03-01
CUS_0x439a_2024_03_01,CUS_0x439a,1/3/2024,10,0,10000,0,0,0,10000,1/3/2024,2024-03-01,2025-11-09 07:06:39.639615,data/lms_loan_daily.csv,2024-03-01
CUS_0x43a3_2023_12_01,CUS_0x43a3,1/12/2023,10,3,10000,1000,0,3000,10000,1/3/2024,2024-03-01,2025-11-09 07:06:39.639615,data/lms_loan_daily.csv,2024-03-01
CUS_0x43a7_2023_05_01,CUS_0x43a7,1/5/2023,10,10,10000,1000,0,6000,6000,1/3/2024,2024-03-01,2025-11-09 07:06:39.639615,data/lms_loan_daily.csv,2024-03-01
CUS_0x43b8_2024_02_01,CUS_0x43b8,1/2/2024,10,1,10000,1000,1000,0,9000,1/3/2024,2024-03-01,2025-11-09 07:06:39.639615,data/lms_loan_daily.csv,2024-03-01
CUS_0x43bc_2024_02_01,CUS_0x43bc,1/2/2024,10,1,10000,1000,1000,0,9000,1/3/2024,2024-03-01,2025-11-09 07:06:39.639615,data/lms_loan_daily.csv,2024-03-01
CUS_0x43c2_2023_06_01,CUS_0x43c2,1/6/2023,10,9,10000,1000,0,7000,8000,1/3/2024,2024-03-01,2025-11-09 07:06:39.639615,data/lms_loan_daily.csv,2024-03-01
CUS_0x43cf_2023_08_01,CUS_0x43cf,1/8/2023,10,7,10000,1000,1000,0,3000,1/3/2024,2024-03-01,2025-11-09 07:06:39.639615,data/lms_loan_daily.csv,2024-03-01
CUS_0x43d0_2023_12_01,CUS_0x43d0,1/12/2023,10,3,10000,1000,0,2000,9000,1/3/2024,2024-03-01,2025-11-09 07:06:39.639615,data/lms_loan_daily.csv,2024-03-01
CUS_0x43d1_2023_12_01,CUS_0x43d1,1/12/2023,10,3,10000,1000,1000,0,7000,1/3/2024,2024-03-01,2025-11-09 07:06:39.639615,data/lms_loan_daily.csv,2024-03-01
CUS_0x43de_2024_03_01,CUS_0x43de,1/3/2024,10,0,10000,0,0,0,10000,1/3/2024,2024-03-01,2025-11-09 07:06:39.639615,data/lms_loan_daily.csv,2024-03-01
CUS_0x440_2024_01_01,CUS_0x440,1/1/2024,10,2,10000,1000,1000,0,8000,1/3/2024,2024-03-01,2025-11-09 07:06:39.639615,data/lms_loan_daily.csv,2024-03-01
CUS_0x440f_2023_05_01,CUS_0x440f,1/5/2023,10,10,10000,1000,1000,0,0,1/3/2024,2024-03-01,2025-11-09 07:06:39.639615,data/lms_loan_daily.csv,2024-03-01
CUS_0x442e_2023_11_01,CUS_0x442e,1/11/2023,10,4,10000,1000,1000,0,6000,1/3/2024,2024-03-01,2025-11-09 07:06:39.639615,data/lms_loan_daily.csv,2024-03-01
CUS_0x442f_2023_10_01,CUS_0x442f,1/10/2023,10,5,10000,1000,1000,0,5000,1/3/2024,2024-03-01,2025-11-09 07:06:39.639615,data/lms_loan_daily.csv,2024-03-01
CUS_0x4430_2023_07_01,CUS_0x4430,1/7/2023,10,8,10000,1000,0,4000,6000,1/3/2024,2024-03-01,2025-11-09 07:06:39.639615,data/lms_loan_daily.csv,2024-03-01
CUS_0x4434_2024_02_01,CUS_0x4434,1/2/2024,10,1,10000,1000,1000,0,9000,1/3/2024,2024-03-01,2025-11-09 07:06:39.639615,data/lms_loan_daily.csv,2024-03-01
CUS_0x4437_2024_01_01,CUS_0x4437,1/1/2024,10,2,10000,1000,0,1000,9000,1/3/2024,2024-03-01,2025-11-09 07:06:39.639615,data/lms_loan_daily.csv,2024-03-01
CUS_0x443a_2023_05_01,CUS_0x443a,1/5/2023,10,10,10000,1000,1000,0,0,1/3/2024,2024-03-01,2025-11-09 07:06:39.639615,data/lms_loan_daily.csv,2024-03-01
CUS_0x443e_2023_08_01,CUS_0x443e,1/8/2023,10,7,10000,1000,1000,0,3000,1/3/2024,2024-03-01,2025-11-09 07:06:39.639615,data/lms_loan_daily.csv,2024-03-01
CUS_0x444b_2024_02_01,CUS_0x444b,1/2/2024,10,1,10000,1000,0,1000,10000,1/3/2024,2024-03-01,2025-11-09 07:06:39.639615,data/lms_loan_daily.csv,2024-03-01
CUS_0x445_2023_06_01,CUS_0x445,1/6/2023,10,9,10000,1000,0,5000,6000,1/3/2024,2024-03-01,2025-11-09 07:06:39.639615,data/lms_loan_daily.csv,2024-03-01
CUS_0x446_2023_08_01,CUS_0x446,1/8/2023,10,7,10000,1000,0,4000,7000,1/3/2024,2024-03-01,2025-11-09 07:06:39.639615,data/lms_loan_daily.csv,2024-03-01
CUS_0x4460_2023_08_01,CUS_0x4460,1/8/2023,10,7,10000,1000,1000,0,3000,1/3/2024,2024-03-01,2025-11-09 07:06:39.639615,data/lms_loan_daily.csv,2024-03-01
CUS_0x4469_2023_07_01,CUS_0x4469,1/7/2023,10,8,10000,1000,1000,0,2000,1/3/2024,2024-03-01,2025-11-09 07:06:39.639615,data/lms_loan_daily.csv,2024-03-01
CUS_0x446a_2023_10_01,CUS_0x446a,1/10/2023,10,5,10000,1000,1000,0,5000,1/3/2024,2024-03-01,2025-11-09 07:06:39.639615,data/lms_loan_daily.csv,2024-03-01
CUS_0x446b_2023_05_01,CUS_0x446b,1/5/2023,10,10,10000,1000,1000,0,0,1/3/2024,2024-03-01,2025-11-09 07:06:39.639615,data/lms_loan_daily.csv,2024-03-01
CUS_0x446c_2023_06_01,CUS_0x446c,1/6/2023,10,9,10000,1000,0,6000,7000,1/3/2024,2024-03-01,2025-11-09 07:06:39.639615,data/lms_loan_daily.csv,2024-03-01
CUS_0x446f_2023_12_01,CUS_0x446f,1/12/2023,10,3,10000,1000,1000,0,7000,1/3/2024,2024-03-01,2025-11-09 07:06:39.639615,data/lms_loan_daily.csv,2024-03-01
CUS_0x4470_2024_03_01,CUS_0x4470,1/3/2024,10,0,10000,0,0,0,10000,1/3/2024,2024-03-01,2025-11-09 07:06:39.639615,data/lms_loan_daily.csv,2024-03-01
CUS_0x4475_2023_12_01,CUS_0x4475,1/12/2023,10,3,10000,1000,0,3000,10000,1/3/2024,2024-03-01,2025-11-09 07:06:39.639615,data/lms_loan_daily.csv,2024-03-01
CUS_0x4479_2023_06_01,CUS_0x4479,1/6/2023,10,9,10000,1000,1000,0,1000,1/3/2024,2024-03-01,2025-11-09 07:06:39.639615,data/lms_loan_daily.csv,2024-03-01
CUS_0x4480_2023_05_01,CUS_0x4480,1/5/2023,10,10,10000,1000,1000,0,0,1/3/2024,2024-03-01,2025-11-09 07:06:39.639615,data/lms_loan_daily.csv,2024-03-01
CUS_0x4482_2023_08_01,CUS_0x4482,1/8/2023,10,7,10000,1000,1000,0,3000,1/3/2024,2024-03-01,2025-11-09 07:06:39.639615,data/lms_loan_daily.csv,2024-03-01
CUS_0x4484_2024_01_01,CUS_0x4484,1/1/2024,10,2,10000,1000,1000,0,8000,1/3/2024,2024-03-01,2025-11-09 07:06:39.639615,data/lms_loan_daily.csv,2024-03-01
CUS_0x4488_2023_11_01,CUS_0x4488,1/11/2023,10,4,10000,1000,1000,0,6000,1/3/2024,2024-03-01,2025-11-09 07:06:39.639615,data/lms_loan_daily.csv,2024-03-01
CUS_0x448a_2024_03_01,CUS_0x448a,1/3/2024,10,0,10000,0,0,0,10000,1/3/2024,2024-03-01,2025-11-09 07:06:39.639615,data/lms_loan_daily.csv,2024-03-01
CUS_0x448c_2023_11_01,CUS_0x448c,1/11/2023,10,4,10000,1000,0,2000,8000,1/3/2024,2024-03-01,2025-11-09 07:06:39.639615,data/lms_loan_daily.csv,2024-03-01
CUS_0x449_2023_10_01,CUS_0x449,1/10/2023,10,5,10000,1000,0,2000,7000,1/3/2024,2024-03-01,2025-11-09 07:06:39.639615,data/lms_loan_daily.csv,2024-03-01
CUS_0x4496_2024_01_01,CUS_0x4496,1/1/2024,10,2,10000,1000,0,1000,9000,1/3/2024,2024-03-01,2025-11-09 07:06:39.639615,data/lms_loan_daily.csv,2024-03-01
CUS_0x4498_2023_09_01,CUS_0x4498,1/9/2023,10,6,10000,1000,1000,0,4000,1/3/2024,2024-03-01,2025-11-09 07:06:39.639615,data/lms_loan_daily.csv,2024-03-01
CUS_0x44a4_2023_05_01,CUS_0x44a4,1/5/2023,10,10,10000,1000,1000,0,0,1/3/2024,2024-03-01,2025-11-09 07:06:39.639615,data/lms_loan_daily.csv,2024-03-01
CUS_0x44b8_2023_09_01,CUS_0x44b8,1/9/2023,10,6,10000,1000,1000,0,4000,1/3/2024,2024-03-01,2025-11-09 07:06:39.639615,data/lms_loan_daily.csv,2024-03-01
CUS_0x44b9_2023_08_01,CUS_0x44b9,1/8/2023,10,7,10000,1000,1000,0,3000,1/3/2024,2024-03-01,2025-11-09 07:06:39.639615,data/lms_loan_daily.csv,2024-03-01
CUS_0x44bb_2023_05_01,CUS_0x44bb,1/5/2023,10,10,10000,1000,1000,0,0,1/3/2024,2024-03-01,2025-11-09 07:06:39.639615,data/lms_loan_daily.csv,2024-03-01
CUS_0x44cb_2023_12_01,CUS_0x44cb,1/12/2023,10,3,10000,1000,1000,0,7000,1/3/2024,2024-03-01,2025-11-09 07:06:39.639615,data/lms_loan_daily.csv,2024-03-01
CUS_0x44d2_2023_08_01,CUS_0x44d2,1/8/2023,10,7,10000,1000,1000,0,3000,1/3/2024,2024-03-01,2025-11-09 07:06:39.639615,data/lms_loan_daily.csv,2024-03-01
CUS_0x44e9_2023_10_01,CUS_0x44e9,1/10/2023,10,5,10000,1000,0,2000,7000,1/3/2024,2024-03-01,2025-11-09 07:06:39.639615,data/lms_loan_daily.csv,2024-03-01
CUS_0x44f_2023_11_01,CUS_0x44f,1/11/2023,10,4,10000,1000,1000,0,6000,1/3/2024,2024-03-01,2025-11-09 07:06:39.639615,data/lms_loan_daily.csv,2024-03-01
CUS_0x450_2023_09_01,CUS_0x450,1/9/2023,10,6,10000,1000,1000,0,4000,1/3/2024,2024-03-01,2025-11-09 07:06:39.639615,data/lms_loan_daily.csv,2024-03-01
CUS_0x4505_2023_06_01,CUS_0x4505,1/6/2023,10,9,10000,1000,1000,0,1000,1/3/2024,2024-03-01,2025-11-09 07:06:39.639615,data/lms_loan_daily.csv,2024-03-01
CUS_0x4519_2023_07_01,CUS_0x4519,1/7/2023,10,8,10000,1000,1000,0,2000,1/3/2024,2024-03-01,2025-11-09 07:06:39.639615,data/lms_loan_daily.csv,2024-03-01
CUS_0x451e_2023_11_01,CUS_0x451e,1/11/2023,10,4,10000,1000,0,1000,7000,1/3/2024,2024-03-01,2025-11-09 07:06:39.639615,data/lms_loan_daily.csv,2024-03-01
CUS_0x4523_2023_10_01,CUS_0x4523,1/10/2023,10,5,10000,1000,0,1000,6000,1/3/2024,2024-03-01,2025-11-09 07:06:39.639615,data/lms_loan_daily.csv,2024-03-01
CUS_0x4534_2023_09_01,CUS_0x4534,1/9/2023,10,6,10000,1000,1000,0,4000,1/3/2024,2024-03-01,2025-11-09 07:06:39.639615,data/lms_loan_daily.csv,2024-03-01
CUS_0x453a_2023_05_01,CUS_0x453a,1/5/2023,10,10,10000,1000,1000,0,0,1/3/2024,2024-03-01,2025-11-09 07:06:39.639615,data/lms_loan_daily.csv,2024-03-01
CUS_0x4549_2023_07_01,CUS_0x4549,1/7/2023,10,8,10000,1000,1000,0,2000,1/3/2024,2024-03-01,2025-11-09 07:06:39.639615,data/lms_loan_daily.csv,2024-03-01
CUS_0x454f_2024_03_01,CUS_0x454f,1/3/2024,10,0,10000,0,0,0,10000,1/3/2024,2024-03-01,2025-11-09 07:06:39.639615,data/lms_loan_daily.csv,2024-03-01
CUS_0x455e_2023_11_01,CUS_0x455e,1/11/2023,10,4,10000,1000,0,3000,9000,1/3/2024,2024-03-01,2025-11-09 07:06:39.639615,data/lms_loan_daily.csv,2024-03-01
CUS_0x4563_2023_08_01,CUS_0x4563,1/8/2023,10,7,10000,1000,1000,0,3000,1/3/2024,2024-03-01,2025-11-09 07:06:39.639615,data/lms_loan_daily.csv,2024-03-01
CUS_0x4565_2024_03_01,CUS_0x4565,1/3/2024,10,0,10000,0,0,0,10000,1/3/2024,2024-03-01,2025-11-09 07:06:39.639615,data/lms_loan_daily.csv,2024-03-01
CUS_0x4567_2024_03_01,CUS_0x4567,1/3/2024,10,0,10000,0,0,0,10000,1/3/2024,2024-03-01,2025-11-09 07:06:39.639615,data/lms_loan_daily.csv,2024-03-01
CUS_0x456d_2023_10_01,CUS_0x456d,1/10/2023,10,5,10000,1000,1000,0,5000,1/3/2024,2024-03-01,2025-11-09 07:06:39.639615,data/lms_loan_daily.csv,2024-03-01
CUS_0x456f_2023_12_01,CUS_0x456f,1/12/2023,10,3,10000,1000,1000,0,7000,1/3/2024,2024-03-01,2025-11-09 07:06:39.639615,data/lms_loan_daily.csv,2024-03-01
CUS_0x4574_2024_01_01,CUS_0x4574,1/1/2024,10,2,10000,1000,1000,0,8000,1/3/2024,2024-03-01,2025-11-09 07:06:39.639615,data/lms_loan_daily.csv,2024-03-01
CUS_0x4588_2023_11_01,CUS_0x4588,1/11/2023,10,4,10000,1000,1000,0,6000,1/3/2024,2024-03-01,2025-11-09 07:06:39.639615,data/lms_loan_daily.csv,2024-03-01
CUS_0x458f_2024_02_01,CUS_0x458f,1/2/2024,10,1,10000,1000,1000,0,9000,1/3/2024,2024-03-01,2025-11-09 07:06:39.639615,data/lms_loan_daily.csv,2024-03-01
CUS_0x45b_2023_08_01,CUS_0x45b,1/8/2023,10,7,10000,1000,0,3000,6000,1/3/2024,2024-03-01,2025-11-09 07:06:39.639615,data/lms_loan_daily.csv,2024-03-01
CUS_0x45bd_2023_07_01,CUS_0x45bd,1/7/2023,10,8,10000,1000,1000,0,2000,1/3/2024,2024-03-01,2025-11-09 07:06:39.639615,data/lms_loan_daily.csv,2024-03-01
CUS_0x45c0_2023_09_01,CUS_0x45c0,1/9/2023,10,6,10000,1000,1000,0,4000,1/3/2024,2024-03-01,2025-11-09 07:06:39.639615,data/lms_loan_daily.csv,2024-03-01
CUS_0x45cb_2023_12_01,CUS_0x45cb,1/12/2023,10,3,10000,1000,2000,0,7000,1/3/2024,2024-03-01,2025-11-09 07:06:39.639615,data/lms_loan_daily.csv,2024-03-01
CUS_0x45d2_2024_01_01,CUS_0x45d2,1/1/2024,10,2,10000,1000,1000,0,8000,1/3/2024,2024-03-01,2025-11-09 07:06:39.639615,data/lms_loan_daily.csv,2024-03-01
CUS_0x45db_2023_05_01,CUS_0x45db,1/5/2023,10,10,10000,1000,1000,0,0,1/3/2024,2024-03-01,2025-11-09 07:06:39.639615,data/lms_loan_daily.csv,2024-03-01
CUS_0x45df_2023_11_01,CUS_0x45df,1/11/2023,10,4,10000,1000,1000,0,6000,1/3/2024,2024-03-01,2025-11-09 07:06:39.639615,data/lms_loan_daily.csv,2024-03-01
CUS_0x45e1_2024_03_01,CUS_0x45e1,1/3/2024,10,0,10000,0,0,0,10000,1/3/2024,2024-03-01,2025-11-09 07:06:39.639615,data/lms_loan_daily.csv,2024-03-01
CUS_0x45e5_2023_08_01,CUS_0x45e5,1/8/2023,10,7,10000,1000,1000,0,3000,1/3/2024,2024-03-01,2025-11-09 07:06:39.639615,data/lms_loan_daily.csv,2024-03-01
CUS_0x45ea_2023_10_01,CUS_0x45ea,1/10/2023,10,5,10000,1000,1000,0,5000,1/3/2024,2024-03-01,2025-11-09 07:06:39.639615,data/lms_loan_daily.csv,2024-03-01
CUS_0x45f1_2023_08_01,CUS_0x45f1,1/8/2023,10,7,10000,1000,1000,0,3000,1/3/2024,2024-03-01,2025-11-09 07:06:39.639615,data/lms_loan_daily.csv,2024-03-01
CUS_0x4601_2023_08_01,CUS_0x4601,1/8/2023,10,7,10000,1000,0,7000,10000,1/3/2024,2024-03-01,2025-11-09 07:06:39.639615,data/lms_loan_daily.csv,2024-03-01
CUS_0x4602_2024_01_01,CUS_0x4602,1/1/2024,10,2,10000,1000,1000,0,8000,1/3/2024,2024-03-01,2025-11-09 07:06:39.639615,data/lms_loan_daily.csv,2024-03-01
CUS_0x4636_2023_05_01,CUS_0x4636,1/5/2023,10,10,10000,1000,0,8000,8000,1/3/2024,2024-03-01,2025-11-09 07:06:39.639615,data/lms_loan_daily.csv,2024-03-01
CUS_0x4638_2023_05_01,CUS_0x4638,1/5/2023,10,10,10000,1000,1000,0,0,1/3/2024,2024-03-01,2025-11-09 07:06:39.639615,data/lms_loan_daily.csv,2024-03-01
CUS_0x4649_2023_06_01,CUS_0x4649,1/6/2023,10,9,10000,1000,1000,0,1000,1/3/2024,2024-03-01,2025-11-09 07:06:39.639615,data/lms_loan_daily.csv,2024-03-01
CUS_0x464f_2023_05_01,CUS_0x464f,1/5/2023,10,10,10000,1000,1000,0,0,1/3/2024,2024-03-01,2025-11-09 07:06:39.639615,data/lms_loan_daily.csv,2024-03-01
CUS_0x4655_2024_01_01,CUS_0x4655,1/1/2024,10,2,10000,1000,1000,0,8000,1/3/2024,2024-03-01,2025-11-09 07:06:39.639615,data/lms_loan_daily.csv,2024-03-01
CUS_0x465c_2023_11_01,CUS_0x465c,1/11/2023,10,4,10000,1000,0,2000,8000,1/3/2024,2024-03-01,2025-11-09 07:06:39.639615,data/lms_loan_daily.csv,2024-03-01
CUS_0x466e_2023_06_01,CUS_0x466e,1/6/2023,10,9,10000,1000,0,5000,6000,1/3/2024,2024-03-01,2025-11-09 07:06:39.639615,data/lms_loan_daily.csv,2024-03-01
CUS_0x4672_2023_10_01,CUS_0x4672,1/10/2023,10,5,10000,1000,1000,0,5000,1/3/2024,2024-03-01,2025-11-09 07:06:39.639615,data/lms_loan_daily.csv,2024-03-01
CUS_0x467e_2024_02_01,CUS_0x467e,1/2/2024,10,1,10000,1000,1000,0,9000,1/3/2024,2024-03-01,2025-11-09 07:06:39.639615,data/lms_loan_daily.csv,2024-03-01
CUS_0x467f_2023_12_01,CUS_0x467f,1/12/2023,10,3,10000,1000,0,3000,10000,1/3/2024,2024-03-01,2025-11-09 07:06:39.639615,data/lms_loan_daily.csv,2024-03-01
CUS_0x4681_2023_07_01,CUS_0x4681,1/7/2023,10,8,10000,1000,1000,0,2000,1/3/2024,2024-03-01,2025-11-09 07:06:39.639615,data/lms_loan_daily.csv,2024-03-01
CUS_0x4696_2024_01_01,CUS_0x4696,1/1/2024,10,2,10000,1000,1000,0,8000,1/3/2024,2024-03-01,2025-11-09 07:06:39.639615,data/lms_loan_daily.csv,2024-03-01
CUS_0x469a_2023_10_01,CUS_0x469a,1/10/2023,10,5,10000,1000,0,1000,6000,1/3/2024,2024-03-01,2025-11-09 07:06:39.639615,data/lms_loan_daily.csv,2024-03-01
CUS_0x46b5_2024_01_01,CUS_0x46b5,1/1/2024,10,2,10000,1000,0,1000,9000,1/3/2024,2024-03-01,2025-11-09 07:06:39.639615,data/lms_loan_daily.csv,2024-03-01
CUS_0x46b6_2024_02_01,CUS_0x46b6,1/2/2024,10,1,10000,1000,1000,0,9000,1/3/2024,2024-03-01,2025-11-09 07:06:39.639615,data/lms_loan_daily.csv,2024-03-01
CUS_0x46bf_2023_08_01,CUS_0x46bf,1/8/2023,10,7,10000,1000,1000,0,3000,1/3/2024,2024-03-01,2025-11-09 07:06:39.639615,data/lms_loan_daily.csv,2024-03-01
CUS_0x46c_2023_06_01,CUS_0x46c,1/6/2023,10,9,10000,1000,1000,0,1000,1/3/2024,2024-03-01,2025-11-09 07:06:39.639615,data/lms_loan_daily.csv,2024-03-01
CUS_0x46c3_2024_03_01,CUS_0x46c3,1/3/2024,10,0,10000,0,0,0,10000,1/3/2024,2024-03-01,2025-11-09 07:06:39.639615,data/lms_loan_daily.csv,2024-03-01
CUS_0x46d_2023_12_01,CUS_0x46d,1/12/2023,10,3,10000,1000,1000,0,7000,1/3/2024,2024-03-01,2025-11-09 07:06:39.639615,data/lms_loan_daily.csv,2024-03-01
CUS_0x46d2_2023_05_01,CUS_0x46d2,1/5/2023,10,10,10000,1000,0,7000,7000,1/3/2024,2024-03-01,2025-11-09 07:06:39.639615,data/lms_loan_daily.csv,2024-03-01
CUS_0x46d5_2023_12_01,CUS_0x46d5,1/12/2023,10,3,10000,1000,1000,0,7000,1/3/2024,2024-03-01,2025-11-09 07:06:39.639615,data/lms_loan_daily.csv,2024-03-01
CUS_0x46db_2024_03_01,CUS_0x46db,1/3/2024,10,0,10000,0,0,0,10000,1/3/2024,2024-03-01,2025-11-09 07:06:39.639615,data/lms_loan_daily.csv,2024-03-01
CUS_0x46dc_2023_11_01,CUS_0x46dc,1/11/2023,10,4,10000,1000,1000,0,6000,1/3/2024,2024-03-01,2025-11-09 07:06:39.639615,data/lms_loan_daily.csv,2024-03-01
CUS_0x46e6_2023_07_01,CUS_0x46e6,1/7/2023,10,8,10000,1000,0,4000,6000,1/3/2024,2024-03-01,2025-11-09 07:06:39.639615,data/lms_loan_daily.csv,2024-03-01
CUS_0x46e8_2023_12_01,CUS_0x46e8,1/12/2023,10,3,10000,1000,1000,0,7000,1/3/2024,2024-03-01,2025-11-09 07:06:39.639615,data/lms_loan_daily.csv,2024-03-01
CUS_0x46ea_2023_08_01,CUS_0x46ea,1/8/2023,10,7,10000,1000,1000,0,3000,1/3/2024,2024-03-01,2025-11-09 07:06:39.639615,data/lms_loan_daily.csv,2024-03-01
CUS_0x46eb_2024_02_01,CUS_0x46eb,1/2/2024,10,1,10000,1000,1000,0,9000,1/3/2024,2024-03-01,2025-11-09 07:06:39.639615,data/lms_loan_daily.csv,2024-03-01
CUS_0x46f7_2024_01_01,CUS_0x46f7,1/1/2024,10,2,10000,1000,2000,0,8000,1/3/2024,2024-03-01,2025-11-09 07:06:39.639615,data/lms_loan_daily.csv,2024-03-01
CUS_0x470e_2024_03_01,CUS_0x470e,1/3/2024,10,0,10000,0,0,0,10000,1/3/2024,2024-03-01,2025-11-09 07:06:39.639615,data/lms_loan_daily.csv,2024-03-01
CUS_0x4711_2023_09_01,CUS_0x4711,1/9/2023,10,6,10000,1000,1000,0,4000,1/3/2024,2024-03-01,2025-11-09 07:06:39.639615,data/lms_loan_daily.csv,2024-03-01
CUS_0x4715_2023_11_01,CUS_0x4715,1/11/2023,10,4,10000,1000,1000,0,6000,1/3/2024,2024-03-01,2025-11-09 07:06:39.639615,data/lms_loan_daily.csv,2024-03-01
CUS_0x4717_2023_10_01,CUS_0x4717,1/10/2023,10,5,10000,1000,1000,0,5000,1/3/2024,2024-03-01,2025-11-09 07:06:39.639615,data/lms_loan_daily.csv,2024-03-01
CUS_0x471c_2023_10_01,CUS_0x471c,1/10/2023,10,5,10000,1000,1000,0,5000,1/3/2024,2024-03-01,2025-11-09 07:06:39.639615,data/lms_loan_daily.csv,2024-03-01
CUS_0x471f_2024_01_01,CUS_0x471f,1/1/2024,10,2,10000,1000,1000,0,8000,1/3/2024,2024-03-01,2025-11-09 07:06:39.639615,data/lms_loan_daily.csv,2024-03-01
CUS_0x4721_2023_06_01,CUS_0x4721,1/6/2023,10,9,10000,1000,1000,0,1000,1/3/2024,2024-03-01,2025-11-09 07:06:39.639615,data/lms_loan_daily.csv,2024-03-01
CUS_0x4728_2023_12_01,CUS_0x4728,1/12/2023,10,3,10000,1000,2000,0,7000,1/3/2024,2024-03-01,2025-11-09 07:06:39.639615,data/lms_loan_daily.csv,2024-03-01
CUS_0x472e_2023_10_01,CUS_0x472e,1/10/2023,10,5,10000,1000,1000,0,5000,1/3/2024,2024-03-01,2025-11-09 07:06:39.639615,data/lms_loan_daily.csv,2024-03-01
CUS_0x473a_2023_09_01,CUS_0x473a,1/9/2023,10,6,10000,1000,0,3000,7000,1/3/2024,2024-03-01,2025-11-09 07:06:39.639615,data/lms_loan_daily.csv,2024-03-01
CUS_0x473f_2023_09_01,CUS_0x473f,1/9/2023,10,6,10000,1000,1000,0,4000,1/3/2024,2024-03-01,2025-11-09 07:06:39.639615,data/lms_loan_daily.csv,2024-03-01
CUS_0x4750_2023_05_01,CUS_0x4750,1/5/2023,10,10,10000,1000,0,8000,8000,1/3/2024,2024-03-01,2025-11-09 07:06:39.639615,data/lms_loan_daily.csv,2024-03-01
CUS_0x475f_2024_03_01,CUS_0x475f,1/3/2024,10,0,10000,0,0,0,10000,1/3/2024,2024-03-01,2025-11-09 07:06:39.639615,data/lms_loan_daily.csv,2024-03-01
CUS_0x4767_2023_09_01,CUS_0x4767,1/9/2023,10,6,10000,1000,1000,0,4000,1/3/2024,2024-03-01,2025-11-09 07:06:39.639615,data/lms_loan_daily.csv,2024-03-01
CUS_0x4771_2023_09_01,CUS_0x4771,1/9/2023,10,6,10000,1000,0,4000,8000,1/3/2024,2024-03-01,2025-11-09 07:06:39.639615,data/lms_loan_daily.csv,2024-03-01
CUS_0x477c_2024_01_01,CUS_0x477c,1/1/2024,10,2,10000,1000,1000,0,8000,1/3/2024,2024-03-01,2025-11-09 07:06:39.639615,data/lms_loan_daily.csv,2024-03-01
CUS_0x478_2024_02_01,CUS_0x478,1/2/2024,10,1,10000,1000,1000,0,9000,1/3/2024,2024-03-01,2025-11-09 07:06:39.639615,data/lms_loan_daily.csv,2024-03-01
CUS_0x4791_2023_07_01,CUS_0x4791,1/7/2023,10,8,10000,1000,0,6000,8000,1/3/2024,2024-03-01,2025-11-09 07:06:39.639615,data/lms_loan_daily.csv,2024-03-01
CUS_0x4795_2023_11_01,CUS_0x4795,1/11/2023,10,4,10000,1000,1000,0,6000,1/3/2024,2024-03-01,2025-11-09 07:06:39.639615,data/lms_loan_daily.csv,2024-03-01
CUS_0x4798_2023_11_01,CUS_0x4798,1/11/2023,10,4,10000,1000,1000,0,6000,1/3/2024,2024-03-01,2025-11-09 07:06:39.639615,data/lms_loan_daily.csv,2024-03-01
CUS_0x47bc_2023_11_01,CUS_0x47bc,1/11/2023,10,4,10000,1000,1000,0,6000,1/3/2024,2024-03-01,2025-11-09 07:06:39.639615,data/lms_loan_daily.csv,2024-03-01
CUS_0x47d5_2023_07_01,CUS_0x47d5,1/7/2023,10,8,10000,1000,0,6000,8000,1/3/2024,2024-03-01,2025-11-09 07:06:39.639615,data/lms_loan_daily.csv,2024-03-01
CUS_0x47da_2023_12_01,CUS_0x47da,1/12/2023,10,3,10000,1000,0,2000,9000,1/3/2024,2024-03-01,2025-11-09 07:06:39.639615,data/lms_loan_daily.csv,2024-03-01
CUS_0x47db_2024_01_01,CUS_0x47db,1/1/2024,10,2,10000,1000,0,1000,9000,1/3/2024,2024-03-01,2025-11-09 07:06:39.639615,data/lms_loan_daily.csv,2024-03-01
CUS_0x47e_2024_01_01,CUS_0x47e,1/1/2024,10,2,10000,1000,1000,0,8000,1/3/2024,2024-03-01,2025-11-09 07:06:39.639615,data/lms_loan_daily.csv,2024-03-01
CUS_0x47e3_2023_07_01,CUS_0x47e3,1/7/2023,10,8,10000,1000,0,4000,6000,1/3/2024,2024-03-01,2025-11-09 07:06:39.639615,data/lms_loan_daily.csv,2024-03-01
CUS_0x47ed_2023_09_01,CUS_0x47ed,1/9/2023,10,6,10000,1000,1000,0,4000,1/3/2024,2024-03-01,2025-11-09 07:06:39.639615,data/lms_loan_daily.csv,2024-03-01
CUS_0x47fe_2024_03_01,CUS_0x47fe,1/3/2024,10,0,10000,0,0,0,10000,1/3/2024,2024-03-01,2025-11-09 07:06:39.639615,data/lms_loan_daily.csv,2024-03-01
CUS_0x480f_2024_02_01,CUS_0x480f,1/2/2024,10,1,10000,1000,1000,0,9000,1/3/2024,2024-03-01,2025-11-09 07:06:39.639615,data/lms_loan_daily.csv,2024-03-01
CUS_0x4811_2023_11_01,CUS_0x4811,1/11/2023,10,4,10000,1000,1000,0,6000,1/3/2024,2024-03-01,2025-11-09 07:06:39.639615,data/lms_loan_daily.csv,2024-03-01
CUS_0x4812_2024_02_01,CUS_0x4812,1/2/2024,10,1,10000,1000,1000,0,9000,1/3/2024,2024-03-01,2025-11-09 07:06:39.639615,data/lms_loan_daily.csv,2024-03-01
CUS_0x4822_2024_02_01,CUS_0x4822,1/2/2024,10,1,10000,1000,0,1000,10000,1/3/2024,2024-03-01,2025-11-09 07:06:39.639615,data/lms_loan_daily.csv,2024-03-01
CUS_0x482d_2023_05_01,CUS_0x482d,1/5/2023,10,10,10000,1000,1000,0,0,1/3/2024,2024-03-01,2025-11-09 07:06:39.639615,data/lms_loan_daily.csv,2024-03-01
CUS_0x4842_2023_07_01,CUS_0x4842,1/7/2023,10,8,10000,1000,1000,0,2000,1/3/2024,2024-03-01,2025-11-09 07:06:39.639615,data/lms_loan_daily.csv,2024-03-01
CUS_0x4843_2023_11_01,CUS_0x4843,1/11/2023,10,4,10000,1000,0,2000,8000,1/3/2024,2024-03-01,2025-11-09 07:06:39.639615,data/lms_loan_daily.csv,2024-03-01
CUS_0x4844_2023_08_01,CUS_0x4844,1/8/2023,10,7,10000,1000,0,7000,10000,1/3/2024,2024-03-01,2025-11-09 07:06:39.639615,data/lms_loan_daily.csv,2024-03-01
CUS_0x485d_2024_03_01,CUS_0x485d,1/3/2024,10,0,10000,0,0,0,10000,1/3/2024,2024-03-01,2025-11-09 07:06:39.639615,data/lms_loan_daily.csv,2024-03-01
CUS_0x485f_2023_10_01,CUS_0x485f,1/10/2023,10,5,10000,1000,1000,0,5000,1/3/2024,2024-03-01,2025-11-09 07:06:39.639615,data/lms_loan_daily.csv,2024-03-01
CUS_0x4862_2024_01_01,CUS_0x4862,1/1/2024,10,2,10000,1000,1000,0,8000,1/3/2024,2024-03-01,2025-11-09 07:06:39.639615,data/lms_loan_daily.csv,2024-03-01
CUS_0x4864_2024_01_01,CUS_0x4864,1/1/2024,10,2,10000,1000,1000,0,8000,1/3/2024,2024-03-01,2025-11-09 07:06:39.639615,data/lms_loan_daily.csv,2024-03-01
CUS_0x4874_2024_01_01,CUS_0x4874,1/1/2024,10,2,10000,1000,1000,0,8000,1/3/2024,2024-03-01,2025-11-09 07:06:39.639615,data/lms_loan_daily.csv,2024-03-01
CUS_0x487a_2024_03_01,CUS_0x487a,1/3/2024,10,0,10000,0,0,0,10000,1/3/2024,2024-03-01,2025-11-09 07:06:39.639615,data/lms_loan_daily.csv,2024-03-01
CUS_0x4889_2024_02_01,CUS_0x4889,1/2/2024,10,1,10000,1000,1000,0,9000,1/3/2024,2024-03-01,2025-11-09 07:06:39.639615,data/lms_loan_daily.csv,2024-03-01
CUS_0x489_2023_11_01,CUS_0x489,1/11/2023,10,4,10000,1000,0,2000,8000,1/3/2024,2024-03-01,2025-11-09 07:06:39.639615,data/lms_loan_daily.csv,2024-03-01
CUS_0x4892_2023_12_01,CUS_0x4892,1/12/2023,10,3,10000,1000,1000,0,7000,1/3/2024,2024-03-01,2025-11-09 07:06:39.639615,data/lms_loan_daily.csv,2024-03-01
CUS_0x48a3_2024_02_01,CUS_0x48a3,1/2/2024,10,1,10000,1000,1000,0,9000,1/3/2024,2024-03-01,2025-11-09 07:06:39.639615,data/lms_loan_daily.csv,2024-03-01
CUS_0x48a6_2024_02_01,CUS_0x48a6,1/2/2024,10,1,10000,1000,1000,0,9000,1/3/2024,2024-03-01,2025-11-09 07:06:39.639615,data/lms_loan_daily.csv,2024-03-01
CUS_0x48a8_2023_11_01,CUS_0x48a8,1/11/2023,10,4,10000,1000,1000,0,6000,1/3/2024,2024-03-01,2025-11-09 07:06:39.639615,data/lms_loan_daily.csv,2024-03-01
CUS_0x48ac_2023_06_01,CUS_0x48ac,1/6/2023,10,9,10000,1000,0,6000,7000,1/3/2024,2024-03-01,2025-11-09 07:06:39.639615,data/lms_loan_daily.csv,2024-03-01
CUS_0x48c0_2023_11_01,CUS_0x48c0,1/11/2023,10,4,10000,1000,1000,0,6000,1/3/2024,2024-03-01,2025-11-09 07:06:39.639615,data/lms_loan_daily.csv,2024-03-01
CUS_0x48ca_2023_09_01,CUS_0x48ca,1/9/2023,10,6,10000,1000,1000,0,4000,1/3/2024,2024-03-01,2025-11-09 07:06:39.639615,data/lms_loan_daily.csv,2024-03-01
CUS_0x48cc_2023_05_01,CUS_0x48cc,1/5/2023,10,10,10000,1000,1000,0,0,1/3/2024,2024-03-01,2025-11-09 07:06:39.639615,data/lms_loan_daily.csv,2024-03-01
CUS_0x48dc_2023_08_01,CUS_0x48dc,1/8/2023,10,7,10000,1000,1000,0,3000,1/3/2024,2024-03-01,2025-11-09 07:06:39.639615,data/lms_loan_daily.csv,2024-03-01
CUS_0x48e_2024_01_01,CUS_0x48e,1/1/2024,10,2,10000,1000,1000,0,8000,1/3/2024,2024-03-01,2025-11-09 07:06:39.639615,data/lms_loan_daily.csv,2024-03-01
CUS_0x48e4_2023_10_01,CUS_0x48e4,1/10/2023,10,5,10000,1000,1000,0,5000,1/3/2024,2024-03-01,2025-11-09 07:06:39.639615,data/lms_loan_daily.csv,2024-03-01
CUS_0x48ee_2024_03_01,CUS_0x48ee,1/3/2024,10,0,10000,0,0,0,10000,1/3/2024,2024-03-01,2025-11-09 07:06:39.639615,data/lms_loan_daily.csv,2024-03-01
CUS_0x48f_2024_01_01,CUS_0x48f,1/1/2024,10,2,10000,1000,0,1000,9000,1/3/2024,2024-03-01,2025-11-09 07:06:39.639615,data/lms_loan_daily.csv,2024-03-01
CUS_0x48f2_2024_03_01,CUS_0x48f2,1/3/2024,10,0,10000,0,0,0,10000,1/3/2024,2024-03-01,2025-11-09 07:06:39.639615,data/lms_loan_daily.csv,2024-03-01
CUS_0x492c_2024_03_01,CUS_0x492c,1/3/2024,10,0,10000,0,0,0,10000,1/3/2024,2024-03-01,2025-11-09 07:06:39.639615,data/lms_loan_daily.csv,2024-03-01
CUS_0x4946_2024_02_01,CUS_0x4946,1/2/2024,10,1,10000,1000,0,1000,10000,1/3/2024,2024-03-01,2025-11-09 07:06:39.639615,data/lms_loan_daily.csv,2024-03-01
CUS_0x4948_2023_12_01,CUS_0x4948,1/12/2023,10,3,10000,1000,1000,0,7000,1/3/2024,2024-03-01,2025-11-09 07:06:39.639615,data/lms_loan_daily.csv,2024-03-01
CUS_0x4953_2024_01_01,CUS_0x4953,1/1/2024,10,2,10000,1000,0,1000,9000,1/3/2024,2024-03-01,2025-11-09 07:06:39.639615,data/lms_loan_daily.csv,2024-03-01
CUS_0x495f_2023_07_01,CUS_0x495f,1/7/2023,10,8,10000,1000,0,5000,7000,1/3/2024,2024-03-01,2025-11-09 07:06:39.639615,data/lms_loan_daily.csv,2024-03-01
CUS_0x4967_2023_08_01,CUS_0x4967,1/8/2023,10,7,10000,1000,0,4000,7000,1/3/2024,2024-03-01,2025-11-09 07:06:39.639615,data/lms_loan_daily.csv,2024-03-01
CUS_0x4969_2023_05_01,CUS_0x4969,1/5/2023,10,10,10000,1000,1000,0,0,1/3/2024,2024-03-01,2025-11-09 07:06:39.639615,data/lms_loan_daily.csv,2024-03-01
CUS_0x496e_2023_12_01,CUS_0x496e,1/12/2023,10,3,10000,1000,1000,0,7000,1/3/2024,2024-03-01,2025-11-09 07:06:39.639615,data/lms_loan_daily.csv,2024-03-01
CUS_0x4976_2023_07_01,CUS_0x4976,1/7/2023,10,8,10000,1000,1000,0,2000,1/3/2024,2024-03-01,2025-11-09 07:06:39.639615,data/lms_loan_daily.csv,2024-03-01
CUS_0x4986_2024_03_01,CUS_0x4986,1/3/2024,10,0,10000,0,0,0,10000,1/3/2024,2024-03-01,2025-11-09 07:06:39.639615,data/lms_loan_daily.csv,2024-03-01
CUS_0x4993_2023_08_01,CUS_0x4993,1/8/2023,10,7,10000,1000,1000,0,3000,1/3/2024,2024-03-01,2025-11-09 07:06:39.639615,data/lms_loan_daily.csv,2024-03-01
CUS_0x4999_2023_08_01,CUS_0x4999,1/8/2023,10,7,10000,1000,1000,0,3000,1/3/2024,2024-03-01,2025-11-09 07:06:39.639615,data/lms_loan_daily.csv,2024-03-01
CUS_0x499d_2023_09_01,CUS_0x499d,1/9/2023,10,6,10000,1000,1000,0,4000,1/3/2024,2024-03-01,2025-11-09 07:06:39.639615,data/lms_loan_daily.csv,2024-03-01
CUS_0x49a9_2023_12_01,CUS_0x49a9,1/12/2023,10,3,10000,1000,0,1000,8000,1/3/2024,2024-03-01,2025-11-09 07:06:39.639615,data/lms_loan_daily.csv,2024-03-01
CUS_0x49b5_2023_07_01,CUS_0x49b5,1/7/2023,10,8,10000,1000,1000,0,2000,1/3/2024,2024-03-01,2025-11-09 07:06:39.639615,data/lms_loan_daily.csv,2024-03-01
CUS_0x49bf_2023_11_01,CUS_0x49bf,1/11/2023,10,4,10000,1000,1000,0,6000,1/3/2024,2024-03-01,2025-11-09 07:06:39.639615,data/lms_loan_daily.csv,2024-03-01
CUS_0x49c1_2024_01_01,CUS_0x49c1,1/1/2024,10,2,10000,1000,1000,0,8000,1/3/2024,2024-03-01,2025-11-09 07:06:39.639615,data/lms_loan_daily.csv,2024-03-01
CUS_0x49d5_2023_10_01,CUS_0x49d5,1/10/2023,10,5,10000,1000,0,2000,7000,1/3/2024,2024-03-01,2025-11-09 07:06:39.639615,data/lms_loan_daily.csv,2024-03-01
CUS_0x49e3_2023_07_01,CUS_0x49e3,1/7/2023,10,8,10000,1000,1000,0,2000,1/3/2024,2024-03-01,2025-11-09 07:06:39.639615,data/lms_loan_daily.csv,2024-03-01
CUS_0x49f5_2024_03_01,CUS_0x49f5,1/3/2024,10,0,10000,0,0,0,10000,1/3/2024,2024-03-01,2025-11-09 07:06:39.639615,data/lms_loan_daily.csv,2024-03-01
CUS_0x49fa_2023_08_01,CUS_0x49fa,1/8/2023,10,7,10000,1000,1000,0,3000,1/3/2024,2024-03-01,2025-11-09 07:06:39.639615,data/lms_loan_daily.csv,2024-03-01
CUS_0x49fe_2023_05_01,CUS_0x49fe,1/5/2023,10,10,10000,1000,0,8000,8000,1/3/2024,2024-03-01,2025-11-09 07:06:39.639615,data/lms_loan_daily.csv,2024-03-01
CUS_0x4a05_2024_02_01,CUS_0x4a05,1/2/2024,10,1,10000,1000,1000,0,9000,1/3/2024,2024-03-01,2025-11-09 07:06:39.639615,data/lms_loan_daily.csv,2024-03-01
CUS_0x4a0a_2023_06_01,CUS_0x4a0a,1/6/2023,10,9,10000,1000,1000,0,1000,1/3/2024,2024-03-01,2025-11-09 07:06:39.639615,data/lms_loan_daily.csv,2024-03-01
CUS_0x4a0d_2024_01_01,CUS_0x4a0d,1/1/2024,10,2,10000,1000,1000,0,8000,1/3/2024,2024-03-01,2025-11-09 07:06:39.639615,data/lms_loan_daily.csv,2024-03-01
CUS_0x4a2b_2023_06_01,CUS_0x4a2b,1/6/2023,10,9,10000,1000,0,7000,8000,1/3/2024,2024-03-01,2025-11-09 07:06:39.639615,data/lms_loan_daily.csv,2024-03-01
CUS_0x4a51_2024_01_01,CUS_0x4a51,1/1/2024,10,2,10000,1000,1000,0,8000,1/3/2024,2024-03-01,2025-11-09 07:06:39.639615,data/lms_loan_daily.csv,2024-03-01
CUS_0x4a5d_2024_03_01,CUS_0x4a5d,1/3/2024,10,0,10000,0,0,0,10000,1/3/2024,2024-03-01,2025-11-09 07:06:39.639615,data/lms_loan_daily.csv,2024-03-01
CUS_0x4a7_2023_11_01,CUS_0x4a7,1/11/2023,10,4,10000,1000,0,1000,7000,1/3/2024,2024-03-01,2025-11-09 07:06:39.639615,data/lms_loan_daily.csv,2024-03-01
CUS_0x4a70_2024_02_01,CUS_0x4a70,1/2/2024,10,1,10000,1000,1000,0,9000,1/3/2024,2024-03-01,2025-11-09 07:06:39.639615,data/lms_loan_daily.csv,2024-03-01
CUS_0x4a77_2023_07_01,CUS_0x4a77,1/7/2023,10,8,10000,1000,1000,0,2000,1/3/2024,2024-03-01,2025-11-09 07:06:39.639615,data/lms_loan_daily.csv,2024-03-01
CUS_0x4a79_2023_09_01,CUS_0x4a79,1/9/2023,10,6,10000,1000,1000,0,4000,1/3/2024,2024-03-01,2025-11-09 07:06:39.639615,data/lms_loan_daily.csv,2024-03-01
CUS_0x4a7a_2023_11_01,CUS_0x4a7a,1/11/2023,10,4,10000,1000,1000,0,6000,1/3/2024,2024-03-01,2025-11-09 07:06:39.639615,data/lms_loan_daily.csv,2024-03-01
CUS_0x4a88_2023_09_01,CUS_0x4a88,1/9/2023,10,6,10000,1000,1000,0,4000,1/3/2024,2024-03-01,2025-11-09 07:06:39.639615,data/lms_loan_daily.csv,2024-03-01
CUS_0x4a8f_2023_06_01,CUS_0x4a8f,1/6/2023,10,9,10000,1000,0,8000,9000,1/3/2024,2024-03-01,2025-11-09 07:06:39.639615,data/lms_loan_daily.csv,2024-03-01
CUS_0x4a91_2023_09_01,CUS_0x4a91,1/9/2023,10,6,10000,1000,0,2000,6000,1/3/2024,2024-03-01,2025-11-09 07:06:39.639615,data/lms_loan_daily.csv,2024-03-01
CUS_0x4a9b_2023_11_01,CUS_0x4a9b,1/11/2023,10,4,10000,1000,1000,0,6000,1/3/2024,2024-03-01,2025-11-09 07:06:39.639615,data/lms_loan_daily.csv,2024-03-01
CUS_0x4a9c_2023_05_01,CUS_0x4a9c,1/5/2023,10,10,10000,1000,1000,0,0,1/3/2024,2024-03-01,2025-11-09 07:06:39.639615,data/lms_loan_daily.csv,2024-03-01
CUS_0x4aa6_2023_12_01,CUS_0x4aa6,1/12/2023,10,3,10000,1000,1000,0,7000,1/3/2024,2024-03-01,2025-11-09 07:06:39.639615,data/lms_loan_daily.csv,2024-03-01
CUS_0x4aaa_2024_01_01,CUS_0x4aaa,1/1/2024,10,2,10000,1000,1000,0,8000,1/3/2024,2024-03-01,2025-11-09 07:06:39.639615,data/lms_loan_daily.csv,2024-03-01
CUS_0x4ab2_2023_10_01,CUS_0x4ab2,1/10/2023,10,5,10000,1000,1000,0,5000,1/3/2024,2024-03-01,2025-11-09 07:06:39.639615,data/lms_loan_daily.csv,2024-03-01
CUS_0x4ab4_2023_08_01,CUS_0x4ab4,1/8/2023,10,7,10000,1000,1000,0,3000,1/3/2024,2024-03-01,2025-11-09 07:06:39.639615,data/lms_loan_daily.csv,2024-03-01
CUS_0x4abd_2023_10_01,CUS_0x4abd,1/10/2023,10,5,10000,1000,1000,0,5000,1/3/2024,2024-03-01,2025-11-09 07:06:39.639615,data/lms_loan_daily.csv,2024-03-01
CUS_0x4ac2_2024_01_01,CUS_0x4ac2,1/1/2024,10,2,10000,1000,1000,0,8000,1/3/2024,2024-03-01,2025-11-09 07:06:39.639615,data/lms_loan_daily.csv,2024-03-01
CUS_0x4acc_2023_10_01,CUS_0x4acc,1/10/2023,10,5,10000,1000,1000,0,5000,1/3/2024,2024-03-01,2025-11-09 07:06:39.639615,data/lms_loan_daily.csv,2024-03-01
CUS_0x4ad5_2023_08_01,CUS_0x4ad5,1/8/2023,10,7,10000,1000,1000,0,3000,1/3/2024,2024-03-01,2025-11-09 07:06:39.639615,data/lms_loan_daily.csv,2024-03-01
CUS_0x4ad9_2023_09_01,CUS_0x4ad9,1/9/2023,10,6,10000,1000,0,5000,9000,1/3/2024,2024-03-01,2025-11-09 07:06:39.639615,data/lms_loan_daily.csv,2024-03-01
CUS_0x4ade_2023_06_01,CUS_0x4ade,1/6/2023,10,9,10000,1000,1000,0,1000,1/3/2024,2024-03-01,2025-11-09 07:06:39.639615,data/lms_loan_daily.csv,2024-03-01
CUS_0x4ae9_2023_06_01,CUS_0x4ae9,1/6/2023,10,9,10000,1000,1000,0,1000,1/3/2024,2024-03-01,2025-11-09 07:06:39.639615,data/lms_loan_daily.csv,2024-03-01
CUS_0x4aeb_2023_08_01,CUS_0x4aeb,1/8/2023,10,7,10000,1000,0,5000,8000,1/3/2024,2024-03-01,2025-11-09 07:06:39.639615,data/lms_loan_daily.csv,2024-03-01
CUS_0x4aef_2023_06_01,CUS_0x4aef,1/6/2023,10,9,10000,1000,0,6000,7000,1/3/2024,2024-03-01,2025-11-09 07:06:39.639615,data/lms_loan_daily.csv,2024-03-01
CUS_0x4af0_2023_11_01,CUS_0x4af0,1/11/2023,10,4,10000,1000,1000,0,6000,1/3/2024,2024-03-01,2025-11-09 07:06:39.639615,data/lms_loan_daily.csv,2024-03-01
CUS_0x4af1_2023_11_01,CUS_0x4af1,1/11/2023,10,4,10000,1000,1000,0,6000,1/3/2024,2024-03-01,2025-11-09 07:06:39.639615,data/lms_loan_daily.csv,2024-03-01
CUS_0x4af2_2023_12_01,CUS_0x4af2,1/12/2023,10,3,10000,1000,1000,0,7000,1/3/2024,2024-03-01,2025-11-09 07:06:39.639615,data/lms_loan_daily.csv,2024-03-01
CUS_0x4b09_2023_12_01,CUS_0x4b09,1/12/2023,10,3,10000,1000,1000,0,7000,1/3/2024,2024-03-01,2025-11-09 07:06:39.639615,data/lms_loan_daily.csv,2024-03-01
CUS_0x4b12_2023_07_01,CUS_0x4b12,1/7/2023,10,8,10000,1000,1000,0,2000,1/3/2024,2024-03-01,2025-11-09 07:06:39.639615,data/lms_loan_daily.csv,2024-03-01
CUS_0x4b17_2024_01_01,CUS_0x4b17,1/1/2024,10,2,10000,1000,0,2000,10000,1/3/2024,2024-03-01,2025-11-09 07:06:39.639615,data/lms_loan_daily.csv,2024-03-01
CUS_0x4b23_2023_07_01,CUS_0x4b23,1/7/2023,10,8,10000,1000,0,6000,8000,1/3/2024,2024-03-01,2025-11-09 07:06:39.639615,data/lms_loan_daily.csv,2024-03-01
CUS_0x4b2e_2023_09_01,CUS_0x4b2e,1/9/2023,10,6,10000,1000,1000,0,4000,1/3/2024,2024-03-01,2025-11-09 07:06:39.639615,data/lms_loan_daily.csv,2024-03-01
CUS_0x4b3c_2024_02_01,CUS_0x4b3c,1/2/2024,10,1,10000,1000,1000,0,9000,1/3/2024,2024-03-01,2025-11-09 07:06:39.639615,data/lms_loan_daily.csv,2024-03-01
CUS_0x4b4_2024_03_01,CUS_0x4b4,1/3/2024,10,0,10000,0,0,0,10000,1/3/2024,2024-03-01,2025-11-09 07:06:39.639615,data/lms_loan_daily.csv,2024-03-01
CUS_0x4b44_2023_08_01,CUS_0x4b44,1/8/2023,10,7,10000,1000,1000,0,3000,1/3/2024,2024-03-01,2025-11-09 07:06:39.639615,data/lms_loan_daily.csv,2024-03-01
CUS_0x4b5d_2023_08_01,CUS_0x4b5d,1/8/2023,10,7,10000,1000,1000,0,3000,1/3/2024,2024-03-01,2025-11-09 07:06:39.639615,data/lms_loan_daily.csv,2024-03-01
CUS_0x4b6b_2023_10_01,CUS_0x4b6b,1/10/2023,10,5,10000,1000,1000,0,5000,1/3/2024,2024-03-01,2025-11-09 07:06:39.639615,data/lms_loan_daily.csv,2024-03-01
CUS_0x4b89_2023_11_01,CUS_0x4b89,1/11/2023,10,4,10000,1000,1000,0,6000,1/3/2024,2024-03-01,2025-11-09 07:06:39.639615,data/lms_loan_daily.csv,2024-03-01
CUS_0x4b8b_2024_01_01,CUS_0x4b8b,1/1/2024,10,2,10000,1000,1000,0,8000,1/3/2024,2024-03-01,2025-11-09 07:06:39.639615,data/lms_loan_daily.csv,2024-03-01
CUS_0x4b91_2024_01_01,CUS_0x4b91,1/1/2024,10,2,10000,1000,1000,0,8000,1/3/2024,2024-03-01,2025-11-09 07:06:39.639615,data/lms_loan_daily.csv,2024-03-01
CUS_0x4b9f_2024_02_01,CUS_0x4b9f,1/2/2024,10,1,10000,1000,1000,0,9000,1/3/2024,2024-03-01,2025-11-09 07:06:39.639615,data/lms_loan_daily.csv,2024-03-01
CUS_0x4ba7_2023_09_01,CUS_0x4ba7,1/9/2023,10,6,10000,1000,1000,0,4000,1/3/2024,2024-03-01,2025-11-09 07:06:39.639615,data/lms_loan_daily.csv,2024-03-01
CUS_0x4bbb_2023_05_01,CUS_0x4bbb,1/5/2023,10,10,10000,1000,1000,0,0,1/3/2024,2024-03-01,2025-11-09 07:06:39.639615,data/lms_loan_daily.csv,2024-03-01
CUS_0x4bc0_2023_08_01,CUS_0x4bc0,1/8/2023,10,7,10000,1000,1000,0,3000,1/3/2024,2024-03-01,2025-11-09 07:06:39.639615,data/lms_loan_daily.csv,2024-03-01
CUS_0x4bcf_2023_11_01,CUS_0x4bcf,1/11/2023,10,4,10000,1000,1000,0,6000,1/3/2024,2024-03-01,2025-11-09 07:06:39.639615,data/lms_loan_daily.csv,2024-03-01
CUS_0x4bda_2024_02_01,CUS_0x4bda,1/2/2024,10,1,10000,1000,1000,0,9000,1/3/2024,2024-03-01,2025-11-09 07:06:39.639615,data/lms_loan_daily.csv,2024-03-01
CUS_0x4bde_2023_12_01,CUS_0x4bde,1/12/2023,10,3,10000,1000,1000,0,7000,1/3/2024,2024-03-01,2025-11-09 07:06:39.639615,data/lms_loan_daily.csv,2024-03-01
CUS_0x4bdf_2023_06_01,CUS_0x4bdf,1/6/2023,10,9,10000,1000,1000,0,1000,1/3/2024,2024-03-01,2025-11-09 07:06:39.639615,data/lms_loan_daily.csv,2024-03-01
CUS_0x4be1_2023_05_01,CUS_0x4be1,1/5/2023,10,10,10000,1000,1000,0,0,1/3/2024,2024-03-01,2025-11-09 07:06:39.639615,data/lms_loan_daily.csv,2024-03-01
CUS_0x4bf7_2024_02_01,CUS_0x4bf7,1/2/2024,10,1,10000,1000,1000,0,9000,1/3/2024,2024-03-01,2025-11-09 07:06:39.639615,data/lms_loan_daily.csv,2024-03-01
CUS_0x4bfb_2023_12_01,CUS_0x4bfb,1/12/2023,10,3,10000,1000,1000,0,7000,1/3/2024,2024-03-01,2025-11-09 07:06:39.639615,data/lms_loan_daily.csv,2024-03-01
CUS_0x4c2_2023_10_01,CUS_0x4c2,1/10/2023,10,5,10000,1000,1000,0,5000,1/3/2024,2024-03-01,2025-11-09 07:06:39.639615,data/lms_loan_daily.csv,2024-03-01
CUS_0x4c2b_2023_07_01,CUS_0x4c2b,1/7/2023,10,8,10000,1000,0,6000,8000,1/3/2024,2024-03-01,2025-11-09 07:06:39.639615,data/lms_loan_daily.csv,2024-03-01
CUS_0x4c2c_2023_10_01,CUS_0x4c2c,1/10/2023,10,5,10000,1000,1000,0,5000,1/3/2024,2024-03-01,2025-11-09 07:06:39.639615,data/lms_loan_daily.csv,2024-03-01
CUS_0x4c4f_2023_07_01,CUS_0x4c4f,1/7/2023,10,8,10000,1000,1000,0,2000,1/3/2024,2024-03-01,2025-11-09 07:06:39.639615,data/lms_loan_daily.csv,2024-03-01
CUS_0x4c56_2023_09_01,CUS_0x4c56,1/9/2023,10,6,10000,1000,1000,0,4000,1/3/2024,2024-03-01,2025-11-09 07:06:39.639615,data/lms_loan_daily.csv,2024-03-01
CUS_0x4c5a_2023_11_01,CUS_0x4c5a,1/11/2023,10,4,10000,1000,0,1000,7000,1/3/2024,2024-03-01,2025-11-09 07:06:39.639615,data/lms_loan_daily.csv,2024-03-01
CUS_0x4c5c_2024_03_01,CUS_0x4c5c,1/3/2024,10,0,10000,0,0,0,10000,1/3/2024,2024-03-01,2025-11-09 07:06:39.639615,data/lms_loan_daily.csv,2024-03-01
CUS_0x4c6b_2023_09_01,CUS_0x4c6b,1/9/2023,10,6,10000,1000,1000,0,4000,1/3/2024,2024-03-01,2025-11-09 07:06:39.639615,data/lms_loan_daily.csv,2024-03-01
CUS_0x4c6c_2024_02_01,CUS_0x4c6c,1/2/2024,10,1,10000,1000,1000,0,9000,1/3/2024,2024-03-01,2025-11-09 07:06:39.639615,data/lms_loan_daily.csv,2024-03-01
CUS_0x4c76_2023_11_01,CUS_0x4c76,1/11/2023,10,4,10000,1000,1000,0,6000,1/3/2024,2024-03-01,2025-11-09 07:06:39.639615,data/lms_loan_daily.csv,2024-03-01
CUS_0x4c7e_2023_11_01,CUS_0x4c7e,1/11/2023,10,4,10000,1000,1000,0,6000,1/3/2024,2024-03-01,2025-11-09 07:06:39.639615,data/lms_loan_daily.csv,2024-03-01
CUS_0x4c89_2024_02_01,CUS_0x4c89,1/2/2024,10,1,10000,1000,1000,0,9000,1/3/2024,2024-03-01,2025-11-09 07:06:39.639615,data/lms_loan_daily.csv,2024-03-01
CUS_0x4c96_2023_07_01,CUS_0x4c96,1/7/2023,10,8,10000,1000,1000,0,2000,1/3/2024,2024-03-01,2025-11-09 07:06:39.639615,data/lms_loan_daily.csv,2024-03-01
CUS_0x4cab_2023_08_01,CUS_0x4cab,1/8/2023,10,7,10000,1000,1000,0,3000,1/3/2024,2024-03-01,2025-11-09 07:06:39.639615,data/lms_loan_daily.csv,2024-03-01
CUS_0x4cad_2023_09_01,CUS_0x4cad,1/9/2023,10,6,10000,1000,0,3000,7000,1/3/2024,2024-03-01,2025-11-09 07:06:39.639615,data/lms_loan_daily.csv,2024-03-01
CUS_0x4cb4_2023_09_01,CUS_0x4cb4,1/9/2023,10,6,10000,1000,1000,0,4000,1/3/2024,2024-03-01,2025-11-09 07:06:39.639615,data/lms_loan_daily.csv,2024-03-01
CUS_0x4cc2_2023_12_01,CUS_0x4cc2,1/12/2023,10,3,10000,1000,1000,0,7000,1/3/2024,2024-03-01,2025-11-09 07:06:39.639615,data/lms_loan_daily.csv,2024-03-01
CUS_0x4cce_2023_10_01,CUS_0x4cce,1/10/2023,10,5,10000,1000,0,2000,7000,1/3/2024,2024-03-01,2025-11-09 07:06:39.639615,data/lms_loan_daily.csv,2024-03-01
CUS_0x4cd5_2023_12_01,CUS_0x4cd5,1/12/2023,10,3,10000,1000,1000,0,7000,1/3/2024,2024-03-01,2025-11-09 07:06:39.639615,data/lms_loan_daily.csv,2024-03-01
CUS_0x4cd8_2023_11_01,CUS_0x4cd8,1/11/2023,10,4,10000,1000,1000,0,6000,1/3/2024,2024-03-01,2025-11-09 07:06:39.639615,data/lms_loan_daily.csv,2024-03-01
CUS_0x4ce7_2023_12_01,CUS_0x4ce7,1/12/2023,10,3,10000,1000,1000,0,7000,1/3/2024,2024-03-01,2025-11-09 07:06:39.639615,data/lms_loan_daily.csv,2024-03-01
CUS_0x4ceb_2023_05_01,CUS_0x4ceb,1/5/2023,10,10,10000,1000,1000,0,0,1/3/2024,2024-03-01,2025-11-09 07:06:39.639615,data/lms_loan_daily.csv,2024-03-01
CUS_0x4cf1_2023_08_01,CUS_0x4cf1,1/8/2023,10,7,10000,1000,0,7000,10000,1/3/2024,2024-03-01,2025-11-09 07:06:39.639615,data/lms_loan_daily.csv,2024-03-01
CUS_0x4cfd_2023_07_01,CUS_0x4cfd,1/7/2023,10,8,10000,1000,1000,0,2000,1/3/2024,2024-03-01,2025-11-09 07:06:39.639615,data/lms_loan_daily.csv,2024-03-01
CUS_0x4d01_2023_08_01,CUS_0x4d01,1/8/2023,10,7,10000,1000,1000,0,3000,1/3/2024,2024-03-01,2025-11-09 07:06:39.639615,data/lms_loan_daily.csv,2024-03-01
CUS_0x4d09_2023_12_01,CUS_0x4d09,1/12/2023,10,3,10000,1000,1000,0,7000,1/3/2024,2024-03-01,2025-11-09 07:06:39.639615,data/lms_loan_daily.csv,2024-03-01
CUS_0x4d1_2023_08_01,CUS_0x4d1,1/8/2023,10,7,10000,1000,1000,0,3000,1/3/2024,2024-03-01,2025-11-09 07:06:39.639615,data/lms_loan_daily.csv,2024-03-01
CUS_0x4d19_2024_02_01,CUS_0x4d19,1/2/2024,10,1,10000,1000,1000,0,9000,1/3/2024,2024-03-01,2025-11-09 07:06:39.639615,data/lms_loan_daily.csv,2024-03-01
CUS_0x4d2_2023_10_01,CUS_0x4d2,1/10/2023,10,5,10000,1000,1000,0,5000,1/3/2024,2024-03-01,2025-11-09 07:06:39.639615,data/lms_loan_daily.csv,2024-03-01
CUS_0x4d25_2023_06_01,CUS_0x4d25,1/6/2023,10,9,10000,1000,1000,0,1000,1/3/2024,2024-03-01,2025-11-09 07:06:39.639615,data/lms_loan_daily.csv,2024-03-01
CUS_0x4d2e_2024_03_01,CUS_0x4d2e,1/3/2024,10,0,10000,0,0,0,10000,1/3/2024,2024-03-01,2025-11-09 07:06:39.639615,data/lms_loan_daily.csv,2024-03-01
CUS_0x4d3_2024_01_01,CUS_0x4d3,1/1/2024,10,2,10000,1000,1000,0,8000,1/3/2024,2024-03-01,2025-11-09 07:06:39.639615,data/lms_loan_daily.csv,2024-03-01
CUS_0x4d33_2023_05_01,CUS_0x4d33,1/5/2023,10,10,10000,1000,1000,0,0,1/3/2024,2024-03-01,2025-11-09 07:06:39.639615,data/lms_loan_daily.csv,2024-03-01
CUS_0x4d3d_2023_05_01,CUS_0x4d3d,1/5/2023,10,10,10000,1000,0,7000,7000,1/3/2024,2024-03-01,2025-11-09 07:06:39.639615,data/lms_loan_daily.csv,2024-03-01
CUS_0x4d40_2024_01_01,CUS_0x4d40,1/1/2024,10,2,10000,1000,2000,0,8000,1/3/2024,2024-03-01,2025-11-09 07:06:39.639615,data/lms_loan_daily.csv,2024-03-01
CUS_0x4d50_2024_03_01,CUS_0x4d50,1/3/2024,10,0,10000,0,0,0,10000,1/3/2024,2024-03-01,2025-11-09 07:06:39.639615,data/lms_loan_daily.csv,2024-03-01
CUS_0x4d61_2023_06_01,CUS_0x4d61,1/6/2023,10,9,10000,1000,1000,0,1000,1/3/2024,2024-03-01,2025-11-09 07:06:39.639615,data/lms_loan_daily.csv,2024-03-01
CUS_0x4d64_2024_01_01,CUS_0x4d64,1/1/2024,10,2,10000,1000,1000,0,8000,1/3/2024,2024-03-01,2025-11-09 07:06:39.639615,data/lms_loan_daily.csv,2024-03-01
CUS_0x4d68_2024_03_01,CUS_0x4d68,1/3/2024,10,0,10000,0,0,0,10000,1/3/2024,2024-03-01,2025-11-09 07:06:39.639615,data/lms_loan_daily.csv,2024-03-01
CUS_0x4d6a_2023_06_01,CUS_0x4d6a,1/6/2023,10,9,10000,1000,1000,0,1000,1/3/2024,2024-03-01,2025-11-09 07:06:39.639615,data/lms_loan_daily.csv,2024-03-01
CUS_0x4d6d_2023_05_01,CUS_0x4d6d,1/5/2023,10,10,10000,1000,1000,0,0,1/3/2024,2024-03-01,2025-11-09 07:06:39.639615,data/lms_loan_daily.csv,2024-03-01
CUS_0x4d71_2023_08_01,CUS_0x4d71,1/8/2023,10,7,10000,1000,0,4000,7000,1/3/2024,2024-03-01,2025-11-09 07:06:39.639615,data/lms_loan_daily.csv,2024-03-01
CUS_0x4d7e_2023_09_01,CUS_0x4d7e,1/9/2023,10,6,10000,1000,1000,0,4000,1/3/2024,2024-03-01,2025-11-09 07:06:39.639615,data/lms_loan_daily.csv,2024-03-01
CUS_0x4d8b_2023_08_01,CUS_0x4d8b,1/8/2023,10,7,10000,1000,1000,0,3000,1/3/2024,2024-03-01,2025-11-09 07:06:39.639615,data/lms_loan_daily.csv,2024-03-01
CUS_0x4d98_2024_02_01,CUS_0x4d98,1/2/2024,10,1,10000,1000,1000,0,9000,1/3/2024,2024-03-01,2025-11-09 07:06:39.639615,data/lms_loan_daily.csv,2024-03-01
CUS_0x4da0_2023_05_01,CUS_0x4da0,1/5/2023,10,10,10000,1000,1000,0,0,1/3/2024,2024-03-01,2025-11-09 07:06:39.639615,data/lms_loan_daily.csv,2024-03-01
CUS_0x4daa_2024_03_01,CUS_0x4daa,1/3/2024,10,0,10000,0,0,0,10000,1/3/2024,2024-03-01,2025-11-09 07:06:39.639615,data/lms_loan_daily.csv,2024-03-01
CUS_0x4db5_2023_10_01,CUS_0x4db5,1/10/2023,10,5,10000,1000,0,1000,6000,1/3/2024,2024-03-01,2025-11-09 07:06:39.639615,data/lms_loan_daily.csv,2024-03-01
CUS_0x4dbd_2023_10_01,CUS_0x4dbd,1/10/2023,10,5,10000,1000,1000,0,5000,1/3/2024,2024-03-01,2025-11-09 07:06:39.639615,data/lms_loan_daily.csv,2024-03-01
CUS_0x4dc5_2023_12_01,CUS_0x4dc5,1/12/2023,10,3,10000,1000,1000,0,7000,1/3/2024,2024-03-01,2025-11-09 07:06:39.639615,data/lms_loan_daily.csv,2024-03-01
CUS_0x4dcd_2023_05_01,CUS_0x4dcd,1/5/2023,10,10,10000,1000,1000,0,0,1/3/2024,2024-03-01,2025-11-09 07:06:39.639615,data/lms_loan_daily.csv,2024-03-01
CUS_0x4dd1_2023_07_01,CUS_0x4dd1,1/7/2023,10,8,10000,1000,1000,0,2000,1/3/2024,2024-03-01,2025-11-09 07:06:39.639615,data/lms_loan_daily.csv,2024-03-01
CUS_0x4dd5_2023_07_01,CUS_0x4dd5,1/7/2023,10,8,10000,1000,0,6000,8000,1/3/2024,2024-03-01,2025-11-09 07:06:39.639615,data/lms_loan_daily.csv,2024-03-01
CUS_0x4dde_2024_01_01,CUS_0x4dde,1/1/2024,10,2,10000,1000,1000,0,8000,1/3/2024,2024-03-01,2025-11-09 07:06:39.639615,data/lms_loan_daily.csv,2024-03-01
CUS_0x4de8_2023_11_01,CUS_0x4de8,1/11/2023,10,4,10000,1000,1000,0,6000,1/3/2024,2024-03-01,2025-11-09 07:06:39.639615,data/lms_loan_daily.csv,2024-03-01
CUS_0x4df2_2023_12_01,CUS_0x4df2,1/12/2023,10,3,10000,1000,1000,0,7000,1/3/2024,2024-03-01,2025-11-09 07:06:39.639615,data/lms_loan_daily.csv,2024-03-01
CUS_0x4df6_2023_11_01,CUS_0x4df6,1/11/2023,10,4,10000,1000,1000,0,6000,1/3/2024,2024-03-01,2025-11-09 07:06:39.639615,data/lms_loan_daily.csv,2024-03-01
CUS_0x4dfb_2024_02_01,CUS_0x4dfb,1/2/2024,10,1,10000,1000,1000,0,9000,1/3/2024,2024-03-01,2025-11-09 07:06:39.639615,data/lms_loan_daily.csv,2024-03-01
CUS_0x4dff_2023_09_01,CUS_0x4dff,1/9/2023,10,6,10000,1000,1000,0,4000,1/3/2024,2024-03-01,2025-11-09 07:06:39.639615,data/lms_loan_daily.csv,2024-03-01
CUS_0x4e0d_2023_09_01,CUS_0x4e0d,1/9/2023,10,6,10000,1000,0,2000,6000,1/3/2024,2024-03-01,2025-11-09 07:06:39.639615,data/lms_loan_daily.csv,2024-03-01
CUS_0x4e0e_2023_07_01,CUS_0x4e0e,1/7/2023,10,8,10000,1000,1000,0,2000,1/3/2024,2024-03-01,2025-11-09 07:06:39.639615,data/lms_loan_daily.csv,2024-03-01
CUS_0x4e14_2023_05_01,CUS_0x4e14,1/5/2023,10,10,10000,1000,1000,0,0,1/3/2024,2024-03-01,2025-11-09 07:06:39.639615,data/lms_loan_daily.csv,2024-03-01
CUS_0x4e22_2024_03_01,CUS_0x4e22,1/3/2024,10,0,10000,0,0,0,10000,1/3/2024,2024-03-01,2025-11-09 07:06:39.639615,data/lms_loan_daily.csv,2024-03-01
CUS_0x4e24_2024_03_01,CUS_0x4e24,1/3/2024,10,0,10000,0,0,0,10000,1/3/2024,2024-03-01,2025-11-09 07:06:39.639615,data/lms_loan_daily.csv,2024-03-01
CUS_0x4e3_2023_11_01,CUS_0x4e3,1/11/2023,10,4,10000,1000,1000,0,6000,1/3/2024,2024-03-01,2025-11-09 07:06:39.639615,data/lms_loan_daily.csv,2024-03-01
CUS_0x4e3b_2024_03_01,CUS_0x4e3b,1/3/2024,10,0,10000,0,0,0,10000,1/3/2024,2024-03-01,2025-11-09 07:06:39.639615,data/lms_loan_daily.csv,2024-03-01
CUS_0x4e3c_2023_10_01,CUS_0x4e3c,1/10/2023,10,5,10000,1000,1000,0,5000,1/3/2024,2024-03-01,2025-11-09 07:06:39.639615,data/lms_loan_daily.csv,2024-03-01
CUS_0x4e43_2023_08_01,CUS_0x4e43,1/8/2023,10,7,10000,1000,0,7000,10000,1/3/2024,2024-03-01,2025-11-09 07:06:39.639615,data/lms_loan_daily.csv,2024-03-01
CUS_0x4e47_2023_05_01,CUS_0x4e47,1/5/2023,10,10,10000,1000,1000,0,0,1/3/2024,2024-03-01,2025-11-09 07:06:39.639615,data/lms_loan_daily.csv,2024-03-01
CUS_0x4e5_2023_09_01,CUS_0x4e5,1/9/2023,10,6,10000,1000,1000,0,4000,1/3/2024,2024-03-01,2025-11-09 07:06:39.639615,data/lms_loan_daily.csv,2024-03-01
CUS_0x4e53_2023_06_01,CUS_0x4e53,1/6/2023,10,9,10000,1000,1000,0,1000,1/3/2024,2024-03-01,2025-11-09 07:06:39.639615,data/lms_loan_daily.csv,2024-03-01
CUS_0x4e55_2023_11_01,CUS_0x4e55,1/11/2023,10,4,10000,1000,1000,0,6000,1/3/2024,2024-03-01,2025-11-09 07:06:39.639615,data/lms_loan_daily.csv,2024-03-01
CUS_0x4e5c_2023_10_01,CUS_0x4e5c,1/10/2023,10,5,10000,1000,1000,0,5000,1/3/2024,2024-03-01,2025-11-09 07:06:39.639615,data/lms_loan_daily.csv,2024-03-01
CUS_0x4e60_2023_09_01,CUS_0x4e60,1/9/2023,10,6,10000,1000,0,5000,9000,1/3/2024,2024-03-01,2025-11-09 07:06:39.639615,data/lms_loan_daily.csv,2024-03-01
CUS_0x4e71_2023_08_01,CUS_0x4e71,1/8/2023,10,7,10000,1000,1000,0,3000,1/3/2024,2024-03-01,2025-11-09 07:06:39.639615,data/lms_loan_daily.csv,2024-03-01
CUS_0x4e73_2024_01_01,CUS_0x4e73,1/1/2024,10,2,10000,1000,0,1000,9000,1/3/2024,2024-03-01,2025-11-09 07:06:39.639615,data/lms_loan_daily.csv,2024-03-01
CUS_0x4e7d_2024_02_01,CUS_0x4e7d,1/2/2024,10,1,10000,1000,1000,0,9000,1/3/2024,2024-03-01,2025-11-09 07:06:39.639615,data/lms_loan_daily.csv,2024-03-01
CUS_0x4e8c_2023_12_01,CUS_0x4e8c,1/12/2023,10,3,10000,1000,1000,0,7000,1/3/2024,2024-03-01,2025-11-09 07:06:39.639615,data/lms_loan_daily.csv,2024-03-01
CUS_0x4e8f_2023_05_01,CUS_0x4e8f,1/5/2023,10,10,10000,1000,0,7000,7000,1/3/2024,2024-03-01,2025-11-09 07:06:39.639615,data/lms_loan_daily.csv,2024-03-01
CUS_0x4e94_2023_12_01,CUS_0x4e94,1/12/2023,10,3,10000,1000,1000,0,7000,1/3/2024,2024-03-01,2025-11-09 07:06:39.639615,data/lms_loan_daily.csv,2024-03-01
CUS_0x4e95_2023_10_01,CUS_0x4e95,1/10/2023,10,5,10000,1000,1000,0,5000,1/3/2024,2024-03-01,2025-11-09 07:06:39.639615,data/lms_loan_daily.csv,2024-03-01
CUS_0x4ea9_2023_08_01,CUS_0x4ea9,1/8/2023,10,7,10000,1000,0,3000,6000,1/3/2024,2024-03-01,2025-11-09 07:06:39.639615,data/lms_loan_daily.csv,2024-03-01
CUS_0x4eab_2023_12_01,CUS_0x4eab,1/12/2023,10,3,10000,1000,1000,0,7000,1/3/2024,2024-03-01,2025-11-09 07:06:39.639615,data/lms_loan_daily.csv,2024-03-01
CUS_0x4eb6_2023_10_01,CUS_0x4eb6,1/10/2023,10,5,10000,1000,1000,0,5000,1/3/2024,2024-03-01,2025-11-09 07:06:39.639615,data/lms_loan_daily.csv,2024-03-01
CUS_0x4ebb_2023_09_01,CUS_0x4ebb,1/9/2023,10,6,10000,1000,0,4000,8000,1/3/2024,2024-03-01,2025-11-09 07:06:39.639615,data/lms_loan_daily.csv,2024-03-01
CUS_0x4ec9_2024_03_01,CUS_0x4ec9,1/3/2024,10,0,10000,0,0,0,10000,1/3/2024,2024-03-01,2025-11-09 07:06:39.639615,data/lms_loan_daily.csv,2024-03-01
CUS_0x4edb_2023_12_01,CUS_0x4edb,1/12/2023,10,3,10000,1000,1000,0,7000,1/3/2024,2024-03-01,2025-11-09 07:06:39.639615,data/lms_loan_daily.csv,2024-03-01
CUS_0x4edc_2024_02_01,CUS_0x4edc,1/2/2024,10,1,10000,1000,1000,0,9000,1/3/2024,2024-03-01,2025-11-09 07:06:39.639615,data/lms_loan_daily.csv,2024-03-01
CUS_0x4ee4_2023_10_01,CUS_0x4ee4,1/10/2023,10,5,10000,1000,0,3000,8000,1/3/2024,2024-03-01,2025-11-09 07:06:39.639615,data/lms_loan_daily.csv,2024-03-01
CUS_0x4ef0_2024_02_01,CUS_0x4ef0,1/2/2024,10,1,10000,1000,0,1000,10000,1/3/2024,2024-03-01,2025-11-09 07:06:39.639615,data/lms_loan_daily.csv,2024-03-01
CUS_0x4ef1_2023_10_01,CUS_0x4ef1,1/10/2023,10,5,10000,1000,1000,0,5000,1/3/2024,2024-03-01,2025-11-09 07:06:39.639615,data/lms_loan_daily.csv,2024-03-01
CUS_0x4f00_2023_10_01,CUS_0x4f00,1/10/2023,10,5,10000,1000,0,2000,7000,1/3/2024,2024-03-01,2025-11-09 07:06:39.639615,data/lms_loan_daily.csv,2024-03-01
CUS_0x4f01_2024_01_01,CUS_0x4f01,1/1/2024,10,2,10000,1000,0,1000,9000,1/3/2024,2024-03-01,2025-11-09 07:06:39.639615,data/lms_loan_daily.csv,2024-03-01
CUS_0x4f05_2023_10_01,CUS_0x4f05,1/10/2023,10,5,10000,1000,0,4000,9000,1/3/2024,2024-03-01,2025-11-09 07:06:39.639615,data/lms_loan_daily.csv,2024-03-01
CUS_0x4f0a_2023_08_01,CUS_0x4f0a,1/8/2023,10,7,10000,1000,0,3000,6000,1/3/2024,2024-03-01,2025-11-09 07:06:39.639615,data/lms_loan_daily.csv,2024-03-01
CUS_0x4f15_2024_03_01,CUS_0x4f15,1/3/2024,10,0,10000,0,0,0,10000,1/3/2024,2024-03-01,2025-11-09 07:06:39.639615,data/lms_loan_daily.csv,2024-03-01
CUS_0x4f16_2023_07_01,CUS_0x4f16,1/7/2023,10,8,10000,1000,1000,0,2000,1/3/2024,2024-03-01,2025-11-09 07:06:39.639615,data/lms_loan_daily.csv,2024-03-01
CUS_0x4f1a_2023_07_01,CUS_0x4f1a,1/7/2023,10,8,10000,1000,0,6000,8000,1/3/2024,2024-03-01,2025-11-09 07:06:39.639615,data/lms_loan_daily.csv,2024-03-01
CUS_0x4f2f_2023_08_01,CUS_0x4f2f,1/8/2023,10,7,10000,1000,1000,0,3000,1/3/2024,2024-03-01,2025-11-09 07:06:39.639615,data/lms_loan_daily.csv,2024-03-01
CUS_0x4f31_2023_08_01,CUS_0x4f31,1/8/2023,10,7,10000,1000,1000,0,3000,1/3/2024,2024-03-01,2025-11-09 07:06:39.639615,data/lms_loan_daily.csv,2024-03-01
CUS_0x4f41_2023_07_01,CUS_0x4f41,1/7/2023,10,8,10000,1000,0,4000,6000,1/3/2024,2024-03-01,2025-11-09 07:06:39.639615,data/lms_loan_daily.csv,2024-03-01
CUS_0x4f43_2024_03_01,CUS_0x4f43,1/3/2024,10,0,10000,0,0,0,10000,1/3/2024,2024-03-01,2025-11-09 07:06:39.639615,data/lms_loan_daily.csv,2024-03-01
CUS_0x4f49_2023_08_01,CUS_0x4f49,1/8/2023,10,7,10000,1000,1000,0,3000,1/3/2024,2024-03-01,2025-11-09 07:06:39.639615,data/lms_loan_daily.csv,2024-03-01
CUS_0x4f4d_2024_02_01,CUS_0x4f4d,1/2/2024,10,1,10000,1000,1000,0,9000,1/3/2024,2024-03-01,2025-11-09 07:06:39.639615,data/lms_loan_daily.csv,2024-03-01
CUS_0x4f4f_2023_05_01,CUS_0x4f4f,1/5/2023,10,10,10000,1000,1000,0,0,1/3/2024,2024-03-01,2025-11-09 07:06:39.639615,data/lms_loan_daily.csv,2024-03-01
CUS_0x4f52_2024_02_01,CUS_0x4f52,1/2/2024,10,1,10000,1000,1000,0,9000,1/3/2024,2024-03-01,2025-11-09 07:06:39.639615,data/lms_loan_daily.csv,2024-03-01
CUS_0x4f62_2023_11_01,CUS_0x4f62,1/11/2023,10,4,10000,1000,1000,0,6000,1/3/2024,2024-03-01,2025-11-09 07:06:39.639615,data/lms_loan_daily.csv,2024-03-01
CUS_0x4f65_2023_09_01,CUS_0x4f65,1/9/2023,10,6,10000,1000,1000,0,4000,1/3/2024,2024-03-01,2025-11-09 07:06:39.639615,data/lms_loan_daily.csv,2024-03-01
CUS_0x4f7d_2023_09_01,CUS_0x4f7d,1/9/2023,10,6,10000,1000,1000,0,4000,1/3/2024,2024-03-01,2025-11-09 07:06:39.639615,data/lms_loan_daily.csv,2024-03-01
CUS_0x4f83_2024_03_01,CUS_0x4f83,1/3/2024,10,0,10000,0,0,0,10000,1/3/2024,2024-03-01,2025-11-09 07:06:39.639615,data/lms_loan_daily.csv,2024-03-01
CUS_0x4f88_2024_02_01,CUS_0x4f88,1/2/2024,10,1,10000,1000,0,1000,10000,1/3/2024,2024-03-01,2025-11-09 07:06:39.639615,data/lms_loan_daily.csv,2024-03-01
CUS_0x4fa3_2023_06_01,CUS_0x4fa3,1/6/2023,10,9,10000,1000,1000,0,1000,1/3/2024,2024-03-01,2025-11-09 07:06:39.639615,data/lms_loan_daily.csv,2024-03-01
CUS_0x4fac_2023_08_01,CUS_0x4fac,1/8/2023,10,7,10000,1000,0,4000,7000,1/3/2024,2024-03-01,2025-11-09 07:06:39.639615,data/lms_loan_daily.csv,2024-03-01
CUS_0x4fad_2023_06_01,CUS_0x4fad,1/6/2023,10,9,10000,1000,1000,0,1000,1/3/2024,2024-03-01,2025-11-09 07:06:39.639615,data/lms_loan_daily.csv,2024-03-01
CUS_0x4faf_2023_11_01,CUS_0x4faf,1/11/2023,10,4,10000,1000,1000,0,6000,1/3/2024,2024-03-01,2025-11-09 07:06:39.639615,data/lms_loan_daily.csv,2024-03-01
CUS_0x4fb1_2023_08_01,CUS_0x4fb1,1/8/2023,10,7,10000,1000,0,4000,7000,1/3/2024,2024-03-01,2025-11-09 07:06:39.639615,data/lms_loan_daily.csv,2024-03-01
CUS_0x4fb5_2023_12_01,CUS_0x4fb5,1/12/2023,10,3,10000,1000,0,2000,9000,1/3/2024,2024-03-01,2025-11-09 07:06:39.639615,data/lms_loan_daily.csv,2024-03-01
CUS_0x4fc1_2023_10_01,CUS_0x4fc1,1/10/2023,10,5,10000,1000,1000,0,5000,1/3/2024,2024-03-01,2025-11-09 07:06:39.639615,data/lms_loan_daily.csv,2024-03-01
CUS_0x4fd2_2023_09_01,CUS_0x4fd2,1/9/2023,10,6,10000,1000,1000,0,4000,1/3/2024,2024-03-01,2025-11-09 07:06:39.639615,data/lms_loan_daily.csv,2024-03-01
CUS_0x4fd8_2024_01_01,CUS_0x4fd8,1/1/2024,10,2,10000,1000,0,2000,10000,1/3/2024,2024-03-01,2025-11-09 07:06:39.639615,data/lms_loan_daily.csv,2024-03-01
CUS_0x4fed_2023_11_01,CUS_0x4fed,1/11/2023,10,4,10000,1000,0,1000,7000,1/3/2024,2024-03-01,2025-11-09 07:06:39.639615,data/lms_loan_daily.csv,2024-03-01
CUS_0x4fee_2023_08_01,CUS_0x4fee,1/8/2023,10,7,10000,1000,1000,0,3000,1/3/2024,2024-03-01,2025-11-09 07:06:39.639615,data/lms_loan_daily.csv,2024-03-01
CUS_0x4ff8_2023_10_01,CUS_0x4ff8,1/10/2023,10,5,10000,1000,0,1000,6000,1/3/2024,2024-03-01,2025-11-09 07:06:39.639615,data/lms_loan_daily.csv,2024-03-01
CUS_0x5012_2023_11_01,CUS_0x5012,1/11/2023,10,4,10000,1000,3000,0,6000,1/3/2024,2024-03-01,2025-11-09 07:06:39.639615,data/lms_loan_daily.csv,2024-03-01
CUS_0x501c_2024_03_01,CUS_0x501c,1/3/2024,10,0,10000,0,0,0,10000,1/3/2024,2024-03-01,2025-11-09 07:06:39.639615,data/lms_loan_daily.csv,2024-03-01
CUS_0x501d_2024_02_01,CUS_0x501d,1/2/2024,10,1,10000,1000,1000,0,9000,1/3/2024,2024-03-01,2025-11-09 07:06:39.639615,data/lms_loan_daily.csv,2024-03-01
CUS_0x5029_2023_06_01,CUS_0x5029,1/6/2023,10,9,10000,1000,1000,0,1000,1/3/2024,2024-03-01,2025-11-09 07:06:39.639615,data/lms_loan_daily.csv,2024-03-01
CUS_0x502c_2023_05_01,CUS_0x502c,1/5/2023,10,10,10000,1000,1000,0,0,1/3/2024,2024-03-01,2025-11-09 07:06:39.639615,data/lms_loan_daily.csv,2024-03-01
CUS_0x5035_2023_12_01,CUS_0x5035,1/12/2023,10,3,10000,1000,1000,0,7000,1/3/2024,2024-03-01,2025-11-09 07:06:39.639615,data/lms_loan_daily.csv,2024-03-01
CUS_0x5044_2024_01_01,CUS_0x5044,1/1/2024,10,2,10000,1000,1000,0,8000,1/3/2024,2024-03-01,2025-11-09 07:06:39.639615,data/lms_loan_daily.csv,2024-03-01
CUS_0x5046_2023_07_01,CUS_0x5046,1/7/2023,10,8,10000,1000,0,4000,6000,1/3/2024,2024-03-01,2025-11-09 07:06:39.639615,data/lms_loan_daily.csv,2024-03-01
CUS_0x5048_2024_03_01,CUS_0x5048,1/3/2024,10,0,10000,0,0,0,10000,1/3/2024,2024-03-01,2025-11-09 07:06:39.639615,data/lms_loan_daily.csv,2024-03-01
CUS_0x5049_2023_05_01,CUS_0x5049,1/5/2023,10,10,10000,1000,1000,0,0,1/3/2024,2024-03-01,2025-11-09 07:06:39.639615,data/lms_loan_daily.csv,2024-03-01
CUS_0x504e_2023_08_01,CUS_0x504e,1/8/2023,10,7,10000,1000,1000,0,3000,1/3/2024,2024-03-01,2025-11-09 07:06:39.639615,data/lms_loan_daily.csv,2024-03-01
CUS_0x5050_2023_05_01,CUS_0x5050,1/5/2023,10,10,10000,1000,1000,0,0,1/3/2024,2024-03-01,2025-11-09 07:06:39.639615,data/lms_loan_daily.csv,2024-03-01
CUS_0x5052_2023_08_01,CUS_0x5052,1/8/2023,10,7,10000,1000,0,5000,8000,1/3/2024,2024-03-01,2025-11-09 07:06:39.639615,data/lms_loan_daily.csv,2024-03-01
CUS_0x5055_2023_10_01,CUS_0x5055,1/10/2023,10,5,10000,1000,1000,0,5000,1/3/2024,2024-03-01,2025-11-09 07:06:39.639615,data/lms_loan_daily.csv,2024-03-01
CUS_0x505c_2023_07_01,CUS_0x505c,1/7/2023,10,8,10000,1000,0,4000,6000,1/3/2024,2024-03-01,2025-11-09 07:06:39.639615,data/lms_loan_daily.csv,2024-03-01
CUS_0x506c_2023_08_01,CUS_0x506c,1/8/2023,10,7,10000,1000,1000,0,3000,1/3/2024,2024-03-01,2025-11-09 07:06:39.639615,data/lms_loan_daily.csv,2024-03-01
CUS_0x507a_2023_11_01,CUS_0x507a,1/11/2023,10,4,10000,1000,1000,0,6000,1/3/2024,2024-03-01,2025-11-09 07:06:39.639615,data/lms_loan_daily.csv,2024-03-01
CUS_0x5082_2024_01_01,CUS_0x5082,1/1/2024,10,2,10000,1000,1000,0,8000,1/3/2024,2024-03-01,2025-11-09 07:06:39.639615,data/lms_loan_daily.csv,2024-03-01
CUS_0x5087_2024_01_01,CUS_0x5087,1/1/2024,10,2,10000,1000,1000,0,8000,1/3/2024,2024-03-01,2025-11-09 07:06:39.639615,data/lms_loan_daily.csv,2024-03-01
CUS_0x5088_2023_11_01,CUS_0x5088,1/11/2023,10,4,10000,1000,1000,0,6000,1/3/2024,2024-03-01,2025-11-09 07:06:39.639615,data/lms_loan_daily.csv,2024-03-01
CUS_0x5097_2023_09_01,CUS_0x5097,1/9/2023,10,6,10000,1000,1000,0,4000,1/3/2024,2024-03-01,2025-11-09 07:06:39.639615,data/lms_loan_daily.csv,2024-03-01
CUS_0x509d_2023_08_01,CUS_0x509d,1/8/2023,10,7,10000,1000,1000,0,3000,1/3/2024,2024-03-01,2025-11-09 07:06:39.639615,data/lms_loan_daily.csv,2024-03-01
CUS_0x50a2_2023_09_01,CUS_0x50a2,1/9/2023,10,6,10000,1000,1000,0,4000,1/3/2024,2024-03-01,2025-11-09 07:06:39.639615,data/lms_loan_daily.csv,2024-03-01
CUS_0x50b5_2023_09_01,CUS_0x50b5,1/9/2023,10,6,10000,1000,0,5000,9000,1/3/2024,2024-03-01,2025-11-09 07:06:39.639615,data/lms_loan_daily.csv,2024-03-01
CUS_0x50b9_2023_09_01,CUS_0x50b9,1/9/2023,10,6,10000,1000,1000,0,4000,1/3/2024,2024-03-01,2025-11-09 07:06:39.639615,data/lms_loan_daily.csv,2024-03-01
CUS_0x50d4_2023_05_01,CUS_0x50d4,1/5/2023,10,10,10000,1000,0,7000,7000,1/3/2024,2024-03-01,2025-11-09 07:06:39.639615,data/lms_loan_daily.csv,2024-03-01
CUS_0x50dd_2023_05_01,CUS_0x50dd,1/5/2023,10,10,10000,1000,1000,0,0,1/3/2024,2024-03-01,2025-11-09 07:06:39.639615,data/lms_loan_daily.csv,2024-03-01
CUS_0x50e2_2023_07_01,CUS_0x50e2,1/7/2023,10,8,10000,1000,0,5000,7000,1/3/2024,2024-03-01,2025-11-09 07:06:39.639615,data/lms_loan_daily.csv,2024-03-01
CUS_0x50e6_2024_01_01,CUS_0x50e6,1/1/2024,10,2,10000,1000,1000,0,8000,1/3/2024,2024-03-01,2025-11-09 07:06:39.639615,data/lms_loan_daily.csv,2024-03-01
CUS_0x50e9_2024_01_01,CUS_0x50e9,1/1/2024,10,2,10000,1000,1000,0,8000,1/3/2024,2024-03-01,2025-11-09 07:06:39.639615,data/lms_loan_daily.csv,2024-03-01
CUS_0x510b_2023_08_01,CUS_0x510b,1/8/2023,10,7,10000,1000,1000,0,3000,1/3/2024,2024-03-01,2025-11-09 07:06:39.639615,data/lms_loan_daily.csv,2024-03-01
CUS_0x510d_2024_02_01,CUS_0x510d,1/2/2024,10,1,10000,1000,1000,0,9000,1/3/2024,2024-03-01,2025-11-09 07:06:39.639615,data/lms_loan_daily.csv,2024-03-01
CUS_0x510f_2023_05_01,CUS_0x510f,1/5/2023,10,10,10000,1000,0,9000,9000,1/3/2024,2024-03-01,2025-11-09 07:06:39.639615,data/lms_loan_daily.csv,2024-03-01
CUS_0x5117_2023_09_01,CUS_0x5117,1/9/2023,10,6,10000,1000,0,4000,8000,1/3/2024,2024-03-01,2025-11-09 07:06:39.639615,data/lms_loan_daily.csv,2024-03-01
CUS_0x511c_2023_09_01,CUS_0x511c,1/9/2023,10,6,10000,1000,0,3000,7000,1/3/2024,2024-03-01,2025-11-09 07:06:39.639615,data/lms_loan_daily.csv,2024-03-01
CUS_0x511d_2023_10_01,CUS_0x511d,1/10/2023,10,5,10000,1000,0,1000,6000,1/3/2024,2024-03-01,2025-11-09 07:06:39.639615,data/lms_loan_daily.csv,2024-03-01
CUS_0x511f_2023_05_01,CUS_0x511f,1/5/2023,10,10,10000,1000,1000,0,0,1/3/2024,2024-03-01,2025-11-09 07:06:39.639615,data/lms_loan_daily.csv,2024-03-01
CUS_0x5131_2023_12_01,CUS_0x5131,1/12/2023,10,3,10000,1000,1000,0,7000,1/3/2024,2024-03-01,2025-11-09 07:06:39.639615,data/lms_loan_daily.csv,2024-03-01
CUS_0x5135_2023_12_01,CUS_0x5135,1/12/2023,10,3,10000,1000,0,2000,9000,1/3/2024,2024-03-01,2025-11-09 07:06:39.639615,data/lms_loan_daily.csv,2024-03-01
CUS_0x513a_2023_10_01,CUS_0x513a,1/10/2023,10,5,10000,1000,0,4000,9000,1/3/2024,2024-03-01,2025-11-09 07:06:39.639615,data/lms_loan_daily.csv,2024-03-01
CUS_0x5148_2023_10_01,CUS_0x5148,1/10/2023,10,5,10000,1000,1000,0,5000,1/3/2024,2024-03-01,2025-11-09 07:06:39.639615,data/lms_loan_daily.csv,2024-03-01
CUS_0x5157_2023_05_01,CUS_0x5157,1/5/2023,10,10,10000,1000,1000,0,0,1/3/2024,2024-03-01,2025-11-09 07:06:39.639615,data/lms_loan_daily.csv,2024-03-01
CUS_0x5161_2024_03_01,CUS_0x5161,1/3/2024,10,0,10000,0,0,0,10000,1/3/2024,2024-03-01,2025-11-09 07:06:39.639615,data/lms_loan_daily.csv,2024-03-01
CUS_0x5172_2023_05_01,CUS_0x5172,1/5/2023,10,10,10000,1000,0,8000,8000,1/3/2024,2024-03-01,2025-11-09 07:06:39.639615,data/lms_loan_daily.csv,2024-03-01
CUS_0x517c_2023_05_01,CUS_0x517c,1/5/2023,10,10,10000,1000,1000,0,0,1/3/2024,2024-03-01,2025-11-09 07:06:39.639615,data/lms_loan_daily.csv,2024-03-01
CUS_0x5180_2023_10_01,CUS_0x5180,1/10/2023,10,5,10000,1000,1000,0,5000,1/3/2024,2024-03-01,2025-11-09 07:06:39.639615,data/lms_loan_daily.csv,2024-03-01
CUS_0x5182_2023_12_01,CUS_0x5182,1/12/2023,10,3,10000,1000,0,1000,8000,1/3/2024,2024-03-01,2025-11-09 07:06:39.639615,data/lms_loan_daily.csv,2024-03-01
CUS_0x5190_2023_08_01,CUS_0x5190,1/8/2023,10,7,10000,1000,1000,0,3000,1/3/2024,2024-03-01,2025-11-09 07:06:39.639615,data/lms_loan_daily.csv,2024-03-01
CUS_0x5198_2023_09_01,CUS_0x5198,1/9/2023,10,6,10000,1000,0,4000,8000,1/3/2024,2024-03-01,2025-11-09 07:06:39.639615,data/lms_loan_daily.csv,2024-03-01
CUS_0x519e_2023_05_01,CUS_0x519e,1/5/2023,10,10,10000,1000,1000,0,0,1/3/2024,2024-03-01,2025-11-09 07:06:39.639615,data/lms_loan_daily.csv,2024-03-01
CUS_0x51a1_2023_05_01,CUS_0x51a1,1/5/2023,10,10,10000,1000,1000,0,0,1/3/2024,2024-03-01,2025-11-09 07:06:39.639615,data/lms_loan_daily.csv,2024-03-01
CUS_0x51b4_2023_09_01,CUS_0x51b4,1/9/2023,10,6,10000,1000,0,3000,7000,1/3/2024,2024-03-01,2025-11-09 07:06:39.639615,data/lms_loan_daily.csv,2024-03-01
CUS_0x51bf_2023_10_01,CUS_0x51bf,1/10/2023,10,5,10000,1000,1000,0,5000,1/3/2024,2024-03-01,2025-11-09 07:06:39.639615,data/lms_loan_daily.csv,2024-03-01
CUS_0x51c_2023_06_01,CUS_0x51c,1/6/2023,10,9,10000,1000,1000,0,1000,1/3/2024,2024-03-01,2025-11-09 07:06:39.639615,data/lms_loan_daily.csv,2024-03-01
CUS_0x51cb_2023_05_01,CUS_0x51cb,1/5/2023,10,10,10000,1000,1000,0,0,1/3/2024,2024-03-01,2025-11-09 07:06:39.639615,data/lms_loan_daily.csv,2024-03-01
CUS_0x51d4_2023_07_01,CUS_0x51d4,1/7/2023,10,8,10000,1000,1000,0,2000,1/3/2024,2024-03-01,2025-11-09 07:06:39.639615,data/lms_loan_daily.csv,2024-03-01
CUS_0x51db_2024_01_01,CUS_0x51db,1/1/2024,10,2,10000,1000,1000,0,8000,1/3/2024,2024-03-01,2025-11-09 07:06:39.639615,data/lms_loan_daily.csv,2024-03-01
CUS_0x51e5_2023_06_01,CUS_0x51e5,1/6/2023,10,9,10000,1000,0,5000,6000,1/3/2024,2024-03-01,2025-11-09 07:06:39.639615,data/lms_loan_daily.csv,2024-03-01
CUS_0x51e6_2023_05_01,CUS_0x51e6,1/5/2023,10,10,10000,1000,1000,0,0,1/3/2024,2024-03-01,2025-11-09 07:06:39.639615,data/lms_loan_daily.csv,2024-03-01
CUS_0x51eb_2023_07_01,CUS_0x51eb,1/7/2023,10,8,10000,1000,1000,0,2000,1/3/2024,2024-03-01,2025-11-09 07:06:39.639615,data/lms_loan_daily.csv,2024-03-01
CUS_0x51f_2023_05_01,CUS_0x51f,1/5/2023,10,10,10000,1000,1000,0,0,1/3/2024,2024-03-01,2025-11-09 07:06:39.639615,data/lms_loan_daily.csv,2024-03-01
CUS_0x51fe_2023_08_01,CUS_0x51fe,1/8/2023,10,7,10000,1000,1000,0,3000,1/3/2024,2024-03-01,2025-11-09 07:06:39.639615,data/lms_loan_daily.csv,2024-03-01
CUS_0x5204_2023_11_01,CUS_0x5204,1/11/2023,10,4,10000,1000,0,2000,8000,1/3/2024,2024-03-01,2025-11-09 07:06:39.639615,data/lms_loan_daily.csv,2024-03-01
CUS_0x5205_2023_05_01,CUS_0x5205,1/5/2023,10,10,10000,1000,0,7000,7000,1/3/2024,2024-03-01,2025-11-09 07:06:39.639615,data/lms_loan_daily.csv,2024-03-01
CUS_0x5208_2023_08_01,CUS_0x5208,1/8/2023,10,7,10000,1000,0,5000,8000,1/3/2024,2024-03-01,2025-11-09 07:06:39.639615,data/lms_loan_daily.csv,2024-03-01
CUS_0x520a_2023_08_01,CUS_0x520a,1/8/2023,10,7,10000,1000,0,6000,9000,1/3/2024,2024-03-01,2025-11-09 07:06:39.639615,data/lms_loan_daily.csv,2024-03-01
CUS_0x5213_2024_01_01,CUS_0x5213,1/1/2024,10,2,10000,1000,1000,0,8000,1/3/2024,2024-03-01,2025-11-09 07:06:39.639615,data/lms_loan_daily.csv,2024-03-01
CUS_0x5215_2023_06_01,CUS_0x5215,1/6/2023,10,9,10000,1000,1000,0,1000,1/3/2024,2024-03-01,2025-11-09 07:06:39.639615,data/lms_loan_daily.csv,2024-03-01
CUS_0x5220_2024_02_01,CUS_0x5220,1/2/2024,10,1,10000,1000,1000,0,9000,1/3/2024,2024-03-01,2025-11-09 07:06:39.639615,data/lms_loan_daily.csv,2024-03-01
CUS_0x5222_2023_11_01,CUS_0x5222,1/11/2023,10,4,10000,1000,1000,0,6000,1/3/2024,2024-03-01,2025-11-09 07:06:39.639615,data/lms_loan_daily.csv,2024-03-01
CUS_0x522c_2024_02_01,CUS_0x522c,1/2/2024,10,1,10000,1000,1000,0,9000,1/3/2024,2024-03-01,2025-11-09 07:06:39.639615,data/lms_loan_daily.csv,2024-03-01
CUS_0x5239_2023_12_01,CUS_0x5239,1/12/2023,10,3,10000,1000,0,1000,8000,1/3/2024,2024-03-01,2025-11-09 07:06:39.639615,data/lms_loan_daily.csv,2024-03-01
CUS_0x523b_2023_11_01,CUS_0x523b,1/11/2023,10,4,10000,1000,1000,0,6000,1/3/2024,2024-03-01,2025-11-09 07:06:39.639615,data/lms_loan_daily.csv,2024-03-01
CUS_0x5255_2024_02_01,CUS_0x5255,1/2/2024,10,1,10000,1000,1000,0,9000,1/3/2024,2024-03-01,2025-11-09 07:06:39.639615,data/lms_loan_daily.csv,2024-03-01
CUS_0x5257_2023_05_01,CUS_0x5257,1/5/2023,10,10,10000,1000,1000,0,0,1/3/2024,2024-03-01,2025-11-09 07:06:39.639615,data/lms_loan_daily.csv,2024-03-01
CUS_0x525f_2024_03_01,CUS_0x525f,1/3/2024,10,0,10000,0,0,0,10000,1/3/2024,2024-03-01,2025-11-09 07:06:39.639615,data/lms_loan_daily.csv,2024-03-01
CUS_0x5262_2023_12_01,CUS_0x5262,1/12/2023,10,3,10000,1000,1000,0,7000,1/3/2024,2024-03-01,2025-11-09 07:06:39.639615,data/lms_loan_daily.csv,2024-03-01
CUS_0x5275_2023_06_01,CUS_0x5275,1/6/2023,10,9,10000,1000,0,6000,7000,1/3/2024,2024-03-01,2025-11-09 07:06:39.639615,data/lms_loan_daily.csv,2024-03-01
CUS_0x5280_2023_12_01,CUS_0x5280,1/12/2023,10,3,10000,1000,1000,0,7000,1/3/2024,2024-03-01,2025-11-09 07:06:39.639615,data/lms_loan_daily.csv,2024-03-01
CUS_0x5287_2024_02_01,CUS_0x5287,1/2/2024,10,1,10000,1000,1000,0,9000,1/3/2024,2024-03-01,2025-11-09 07:06:39.639615,data/lms_loan_daily.csv,2024-03-01
CUS_0x5292_2023_09_01,CUS_0x5292,1/9/2023,10,6,10000,1000,1000,0,4000,1/3/2024,2024-03-01,2025-11-09 07:06:39.639615,data/lms_loan_daily.csv,2024-03-01
CUS_0x5293_2023_05_01,CUS_0x5293,1/5/2023,10,10,10000,1000,1000,0,0,1/3/2024,2024-03-01,2025-11-09 07:06:39.639615,data/lms_loan_daily.csv,2024-03-01
CUS_0x529b_2023_06_01,CUS_0x529b,1/6/2023,10,9,10000,1000,0,7000,8000,1/3/2024,2024-03-01,2025-11-09 07:06:39.639615,data/lms_loan_daily.csv,2024-03-01
CUS_0x52b7_2023_06_01,CUS_0x52b7,1/6/2023,10,9,10000,1000,0,7000,8000,1/3/2024,2024-03-01,2025-11-09 07:06:39.639615,data/lms_loan_daily.csv,2024-03-01
CUS_0x52c2_2024_01_01,CUS_0x52c2,1/1/2024,10,2,10000,1000,1000,0,8000,1/3/2024,2024-03-01,2025-11-09 07:06:39.639615,data/lms_loan_daily.csv,2024-03-01
CUS_0x52cb_2023_10_01,CUS_0x52cb,1/10/2023,10,5,10000,1000,1000,0,5000,1/3/2024,2024-03-01,2025-11-09 07:06:39.639615,data/lms_loan_daily.csv,2024-03-01
CUS_0x52dd_2023_08_01,CUS_0x52dd,1/8/2023,10,7,10000,1000,1000,0,3000,1/3/2024,2024-03-01,2025-11-09 07:06:39.639615,data/lms_loan_daily.csv,2024-03-01
CUS_0x52ee_2024_02_01,CUS_0x52ee,1/2/2024,10,1,10000,1000,1000,0,9000,1/3/2024,2024-03-01,2025-11-09 07:06:39.639615,data/lms_loan_daily.csv,2024-03-01
CUS_0x52f3_2024_02_01,CUS_0x52f3,1/2/2024,10,1,10000,1000,1000,0,9000,1/3/2024,2024-03-01,2025-11-09 07:06:39.639615,data/lms_loan_daily.csv,2024-03-01
CUS_0x52f7_2024_02_01,CUS_0x52f7,1/2/2024,10,1,10000,1000,1000,0,9000,1/3/2024,2024-03-01,2025-11-09 07:06:39.639615,data/lms_loan_daily.csv,2024-03-01
CUS_0x530b_2024_02_01,CUS_0x530b,1/2/2024,10,1,10000,1000,1000,0,9000,1/3/2024,2024-03-01,2025-11-09 07:06:39.639615,data/lms_loan_daily.csv,2024-03-01
CUS_0x530e_2023_08_01,CUS_0x530e,1/8/2023,10,7,10000,1000,1000,0,3000,1/3/2024,2024-03-01,2025-11-09 07:06:39.639615,data/lms_loan_daily.csv,2024-03-01
CUS_0x5321_2023_05_01,CUS_0x5321,1/5/2023,10,10,10000,1000,1000,0,0,1/3/2024,2024-03-01,2025-11-09 07:06:39.639615,data/lms_loan_daily.csv,2024-03-01
CUS_0x5323_2023_08_01,CUS_0x5323,1/8/2023,10,7,10000,1000,1000,0,3000,1/3/2024,2024-03-01,2025-11-09 07:06:39.639615,data/lms_loan_daily.csv,2024-03-01
CUS_0x5336_2024_03_01,CUS_0x5336,1/3/2024,10,0,10000,0,0,0,10000,1/3/2024,2024-03-01,2025-11-09 07:06:39.639615,data/lms_loan_daily.csv,2024-03-01
CUS_0x5338_2024_01_01,CUS_0x5338,1/1/2024,10,2,10000,1000,1000,0,8000,1/3/2024,2024-03-01,2025-11-09 07:06:39.639615,data/lms_loan_daily.csv,2024-03-01
CUS_0x5344_2023_12_01,CUS_0x5344,1/12/2023,10,3,10000,1000,1000,0,7000,1/3/2024,2024-03-01,2025-11-09 07:06:39.639615,data/lms_loan_daily.csv,2024-03-01
CUS_0x534a_2023_09_01,CUS_0x534a,1/9/2023,10,6,10000,1000,1000,0,4000,1/3/2024,2024-03-01,2025-11-09 07:06:39.639615,data/lms_loan_daily.csv,2024-03-01
CUS_0x5354_2024_02_01,CUS_0x5354,1/2/2024,10,1,10000,1000,1000,0,9000,1/3/2024,2024-03-01,2025-11-09 07:06:39.639615,data/lms_loan_daily.csv,2024-03-01
CUS_0x5357_2023_10_01,CUS_0x5357,1/10/2023,10,5,10000,1000,1000,0,5000,1/3/2024,2024-03-01,2025-11-09 07:06:39.639615,data/lms_loan_daily.csv,2024-03-01
CUS_0x535d_2023_12_01,CUS_0x535d,1/12/2023,10,3,10000,1000,1000,0,7000,1/3/2024,2024-03-01,2025-11-09 07:06:39.639615,data/lms_loan_daily.csv,2024-03-01
CUS_0x5360_2023_09_01,CUS_0x5360,1/9/2023,10,6,10000,1000,0,6000,10000,1/3/2024,2024-03-01,2025-11-09 07:06:39.639615,data/lms_loan_daily.csv,2024-03-01
CUS_0x5369_2023_10_01,CUS_0x5369,1/10/2023,10,5,10000,1000,1000,0,5000,1/3/2024,2024-03-01,2025-11-09 07:06:39.639615,data/lms_loan_daily.csv,2024-03-01
CUS_0x5375_2024_03_01,CUS_0x5375,1/3/2024,10,0,10000,0,0,0,10000,1/3/2024,2024-03-01,2025-11-09 07:06:39.639615,data/lms_loan_daily.csv,2024-03-01
CUS_0x5376_2023_11_01,CUS_0x5376,1/11/2023,10,4,10000,1000,1000,0,6000,1/3/2024,2024-03-01,2025-11-09 07:06:39.639615,data/lms_loan_daily.csv,2024-03-01
CUS_0x5385_2023_08_01,CUS_0x5385,1/8/2023,10,7,10000,1000,1000,0,3000,1/3/2024,2024-03-01,2025-11-09 07:06:39.639615,data/lms_loan_daily.csv,2024-03-01
CUS_0x5391_2024_01_01,CUS_0x5391,1/1/2024,10,2,10000,1000,1000,0,8000,1/3/2024,2024-03-01,2025-11-09 07:06:39.639615,data/lms_loan_daily.csv,2024-03-01
CUS_0x5395_2023_10_01,CUS_0x5395,1/10/2023,10,5,10000,1000,1000,0,5000,1/3/2024,2024-03-01,2025-11-09 07:06:39.639615,data/lms_loan_daily.csv,2024-03-01
CUS_0x5396_2023_07_01,CUS_0x5396,1/7/2023,10,8,10000,1000,1000,0,2000,1/3/2024,2024-03-01,2025-11-09 07:06:39.639615,data/lms_loan_daily.csv,2024-03-01
CUS_0x53ad_2023_05_01,CUS_0x53ad,1/5/2023,10,10,10000,1000,1000,0,0,1/3/2024,2024-03-01,2025-11-09 07:06:39.639615,data/lms_loan_daily.csv,2024-03-01
CUS_0x53c0_2023_05_01,CUS_0x53c0,1/5/2023,10,10,10000,1000,1000,0,0,1/3/2024,2024-03-01,2025-11-09 07:06:39.639615,data/lms_loan_daily.csv,2024-03-01
CUS_0x53cc_2024_02_01,CUS_0x53cc,1/2/2024,10,1,10000,1000,1000,0,9000,1/3/2024,2024-03-01,2025-11-09 07:06:39.639615,data/lms_loan_daily.csv,2024-03-01
CUS_0x53e2_2024_02_01,CUS_0x53e2,1/2/2024,10,1,10000,1000,1000,0,9000,1/3/2024,2024-03-01,2025-11-09 07:06:39.639615,data/lms_loan_daily.csv,2024-03-01
CUS_0x53e8_2024_03_01,CUS_0x53e8,1/3/2024,10,0,10000,0,0,0,10000,1/3/2024,2024-03-01,2025-11-09 07:06:39.639615,data/lms_loan_daily.csv,2024-03-01
CUS_0x53e9_2024_03_01,CUS_0x53e9,1/3/2024,10,0,10000,0,0,0,10000,1/3/2024,2024-03-01,2025-11-09 07:06:39.639615,data/lms_loan_daily.csv,2024-03-01
CUS_0x53f0_2023_05_01,CUS_0x53f0,1/5/2023,10,10,10000,1000,1000,0,0,1/3/2024,2024-03-01,2025-11-09 07:06:39.639615,data/lms_loan_daily.csv,2024-03-01
CUS_0x53f3_2024_02_01,CUS_0x53f3,1/2/2024,10,1,10000,1000,1000,0,9000,1/3/2024,2024-03-01,2025-11-09 07:06:39.639615,data/lms_loan_daily.csv,2024-03-01
CUS_0x53f9_2023_10_01,CUS_0x53f9,1/10/2023,10,5,10000,1000,1000,0,5000,1/3/2024,2024-03-01,2025-11-09 07:06:39.639615,data/lms_loan_daily.csv,2024-03-01
CUS_0x53fa_2023_06_01,CUS_0x53fa,1/6/2023,10,9,10000,1000,1000,0,1000,1/3/2024,2024-03-01,2025-11-09 07:06:39.639615,data/lms_loan_daily.csv,2024-03-01
CUS_0x53fc_2023_11_01,CUS_0x53fc,1/11/2023,10,4,10000,1000,2000,0,6000,1/3/2024,2024-03-01,2025-11-09 07:06:39.639615,data/lms_loan_daily.csv,2024-03-01
CUS_0x541_2023_07_01,CUS_0x541,1/7/2023,10,8,10000,1000,1000,0,2000,1/3/2024,2024-03-01,2025-11-09 07:06:39.639615,data/lms_loan_daily.csv,2024-03-01
CUS_0x5413_2023_05_01,CUS_0x5413,1/5/2023,10,10,10000,1000,0,7000,7000,1/3/2024,2024-03-01,2025-11-09 07:06:39.639615,data/lms_loan_daily.csv,2024-03-01
CUS_0x5421_2023_08_01,CUS_0x5421,1/8/2023,10,7,10000,1000,1000,0,3000,1/3/2024,2024-03-01,2025-11-09 07:06:39.639615,data/lms_loan_daily.csv,2024-03-01
CUS_0x5426_2023_12_01,CUS_0x5426,1/12/2023,10,3,10000,1000,1000,0,7000,1/3/2024,2024-03-01,2025-11-09 07:06:39.639615,data/lms_loan_daily.csv,2024-03-01
CUS_0x542d_2024_01_01,CUS_0x542d,1/1/2024,10,2,10000,1000,0,1000,9000,1/3/2024,2024-03-01,2025-11-09 07:06:39.639615,data/lms_loan_daily.csv,2024-03-01
CUS_0x543_2023_08_01,CUS_0x543,1/8/2023,10,7,10000,1000,1000,0,3000,1/3/2024,2024-03-01,2025-11-09 07:06:39.639615,data/lms_loan_daily.csv,2024-03-01
CUS_0x5435_2024_03_01,CUS_0x5435,1/3/2024,10,0,10000,0,0,0,10000,1/3/2024,2024-03-01,2025-11-09 07:06:39.639615,data/lms_loan_daily.csv,2024-03-01
CUS_0x543f_2023_07_01,CUS_0x543f,1/7/2023,10,8,10000,1000,1000,0,2000,1/3/2024,2024-03-01,2025-11-09 07:06:39.639615,data/lms_loan_daily.csv,2024-03-01
CUS_0x5446_2024_02_01,CUS_0x5446,1/2/2024,10,1,10000,1000,1000,0,9000,1/3/2024,2024-03-01,2025-11-09 07:06:39.639615,data/lms_loan_daily.csv,2024-03-01
CUS_0x544a_2023_09_01,CUS_0x544a,1/9/2023,10,6,10000,1000,1000,0,4000,1/3/2024,2024-03-01,2025-11-09 07:06:39.639615,data/lms_loan_daily.csv,2024-03-01
CUS_0x544f_2024_03_01,CUS_0x544f,1/3/2024,10,0,10000,0,0,0,10000,1/3/2024,2024-03-01,2025-11-09 07:06:39.639615,data/lms_loan_daily.csv,2024-03-01
CUS_0x5451_2023_07_01,CUS_0x5451,1/7/2023,10,8,10000,1000,1000,0,2000,1/3/2024,2024-03-01,2025-11-09 07:06:39.639615,data/lms_loan_daily.csv,2024-03-01
CUS_0x5454_2023_10_01,CUS_0x5454,1/10/2023,10,5,10000,1000,0,3000,8000,1/3/2024,2024-03-01,2025-11-09 07:06:39.639615,data/lms_loan_daily.csv,2024-03-01
CUS_0x545e_2023_09_01,CUS_0x545e,1/9/2023,10,6,10000,1000,1000,0,4000,1/3/2024,2024-03-01,2025-11-09 07:06:39.639615,data/lms_loan_daily.csv,2024-03-01
CUS_0x5474_2023_10_01,CUS_0x5474,1/10/2023,10,5,10000,1000,1000,0,5000,1/3/2024,2024-03-01,2025-11-09 07:06:39.639615,data/lms_loan_daily.csv,2024-03-01
CUS_0x5488_2023_07_01,CUS_0x5488,1/7/2023,10,8,10000,1000,1000,0,2000,1/3/2024,2024-03-01,2025-11-09 07:06:39.639615,data/lms_loan_daily.csv,2024-03-01
CUS_0x5495_2023_12_01,CUS_0x5495,1/12/2023,10,3,10000,1000,1000,0,7000,1/3/2024,2024-03-01,2025-11-09 07:06:39.639615,data/lms_loan_daily.csv,2024-03-01
CUS_0x549d_2023_11_01,CUS_0x549d,1/11/2023,10,4,10000,1000,1000,0,6000,1/3/2024,2024-03-01,2025-11-09 07:06:39.639615,data/lms_loan_daily.csv,2024-03-01
CUS_0x54a7_2023_12_01,CUS_0x54a7,1/12/2023,10,3,10000,1000,1000,0,7000,1/3/2024,2024-03-01,2025-11-09 07:06:39.639615,data/lms_loan_daily.csv,2024-03-01
CUS_0x54a8_2024_01_01,CUS_0x54a8,1/1/2024,10,2,10000,1000,1000,0,8000,1/3/2024,2024-03-01,2025-11-09 07:06:39.639615,data/lms_loan_daily.csv,2024-03-01
CUS_0x54b2_2023_12_01,CUS_0x54b2,1/12/2023,10,3,10000,1000,1000,0,7000,1/3/2024,2024-03-01,2025-11-09 07:06:39.639615,data/lms_loan_daily.csv,2024-03-01
CUS_0x54be_2023_08_01,CUS_0x54be,1/8/2023,10,7,10000,1000,1000,0,3000,1/3/2024,2024-03-01,2025-11-09 07:06:39.639615,data/lms_loan_daily.csv,2024-03-01
CUS_0x54bf_2024_02_01,CUS_0x54bf,1/2/2024,10,1,10000,1000,1000,0,9000,1/3/2024,2024-03-01,2025-11-09 07:06:39.639615,data/lms_loan_daily.csv,2024-03-01
CUS_0x54c0_2023_09_01,CUS_0x54c0,1/9/2023,10,6,10000,1000,1000,0,4000,1/3/2024,2024-03-01,2025-11-09 07:06:39.639615,data/lms_loan_daily.csv,2024-03-01
CUS_0x54c6_2023_12_01,CUS_0x54c6,1/12/2023,10,3,10000,1000,1000,0,7000,1/3/2024,2024-03-01,2025-11-09 07:06:39.639615,data/lms_loan_daily.csv,2024-03-01
CUS_0x54c7_2023_11_01,CUS_0x54c7,1/11/2023,10,4,10000,1000,1000,0,6000,1/3/2024,2024-03-01,2025-11-09 07:06:39.639615,data/lms_loan_daily.csv,2024-03-01
CUS_0x54d6_2023_06_01,CUS_0x54d6,1/6/2023,10,9,10000,1000,1000,0,1000,1/3/2024,2024-03-01,2025-11-09 07:06:39.639615,data/lms_loan_daily.csv,2024-03-01
CUS_0x54d7_2024_01_01,CUS_0x54d7,1/1/2024,10,2,10000,1000,1000,0,8000,1/3/2024,2024-03-01,2025-11-09 07:06:39.639615,data/lms_loan_daily.csv,2024-03-01
CUS_0x54fd_2023_09_01,CUS_0x54fd,1/9/2023,10,6,10000,1000,1000,0,4000,1/3/2024,2024-03-01,2025-11-09 07:06:39.639615,data/lms_loan_daily.csv,2024-03-01
CUS_0x5502_2023_09_01,CUS_0x5502,1/9/2023,10,6,10000,1000,1000,0,4000,1/3/2024,2024-03-01,2025-11-09 07:06:39.639615,data/lms_loan_daily.csv,2024-03-01
CUS_0x5510_2024_02_01,CUS_0x5510,1/2/2024,10,1,10000,1000,1000,0,9000,1/3/2024,2024-03-01,2025-11-09 07:06:39.639615,data/lms_loan_daily.csv,2024-03-01
CUS_0x5534_2023_11_01,CUS_0x5534,1/11/2023,10,4,10000,1000,1000,0,6000,1/3/2024,2024-03-01,2025-11-09 07:06:39.639615,data/lms_loan_daily.csv,2024-03-01
CUS_0x5537_2023_08_01,CUS_0x5537,1/8/2023,10,7,10000,1000,1000,0,3000,1/3/2024,2024-03-01,2025-11-09 07:06:39.639615,data/lms_loan_daily.csv,2024-03-01
CUS_0x557_2023_11_01,CUS_0x557,1/11/2023,10,4,10000,1000,1000,0,6000,1/3/2024,2024-03-01,2025-11-09 07:06:39.639615,data/lms_loan_daily.csv,2024-03-01
CUS_0x5572_2023_12_01,CUS_0x5572,1/12/2023,10,3,10000,1000,1000,0,7000,1/3/2024,2024-03-01,2025-11-09 07:06:39.639615,data/lms_loan_daily.csv,2024-03-01
CUS_0x5578_2023_09_01,CUS_0x5578,1/9/2023,10,6,10000,1000,1000,0,4000,1/3/2024,2024-03-01,2025-11-09 07:06:39.639615,data/lms_loan_daily.csv,2024-03-01
CUS_0x557f_2024_02_01,CUS_0x557f,1/2/2024,10,1,10000,1000,1000,0,9000,1/3/2024,2024-03-01,2025-11-09 07:06:39.639615,data/lms_loan_daily.csv,2024-03-01
CUS_0x5585_2023_05_01,CUS_0x5585,1/5/2023,10,10,10000,1000,1000,0,0,1/3/2024,2024-03-01,2025-11-09 07:06:39.639615,data/lms_loan_daily.csv,2024-03-01
CUS_0x5587_2023_08_01,CUS_0x5587,1/8/2023,10,7,10000,1000,0,5000,8000,1/3/2024,2024-03-01,2025-11-09 07:06:39.639615,data/lms_loan_daily.csv,2024-03-01
CUS_0x558d_2024_03_01,CUS_0x558d,1/3/2024,10,0,10000,0,0,0,10000,1/3/2024,2024-03-01,2025-11-09 07:06:39.639615,data/lms_loan_daily.csv,2024-03-01
CUS_0x5597_2023_10_01,CUS_0x5597,1/10/2023,10,5,10000,1000,1000,0,5000,1/3/2024,2024-03-01,2025-11-09 07:06:39.639615,data/lms_loan_daily.csv,2024-03-01
CUS_0x55b5_2024_03_01,CUS_0x55b5,1/3/2024,10,0,10000,0,0,0,10000,1/3/2024,2024-03-01,2025-11-09 07:06:39.639615,data/lms_loan_daily.csv,2024-03-01
CUS_0x55bd_2024_02_01,CUS_0x55bd,1/2/2024,10,1,10000,1000,1000,0,9000,1/3/2024,2024-03-01,2025-11-09 07:06:39.639615,data/lms_loan_daily.csv,2024-03-01
CUS_0x55c5_2024_03_01,CUS_0x55c5,1/3/2024,10,0,10000,0,0,0,10000,1/3/2024,2024-03-01,2025-11-09 07:06:39.639615,data/lms_loan_daily.csv,2024-03-01
CUS_0x55c6_2024_01_01,CUS_0x55c6,1/1/2024,10,2,10000,1000,1000,0,8000,1/3/2024,2024-03-01,2025-11-09 07:06:39.639615,data/lms_loan_daily.csv,2024-03-01
CUS_0x55cd_2024_02_01,CUS_0x55cd,1/2/2024,10,1,10000,1000,1000,0,9000,1/3/2024,2024-03-01,2025-11-09 07:06:39.639615,data/lms_loan_daily.csv,2024-03-01
CUS_0x55d9_2023_07_01,CUS_0x55d9,1/7/2023,10,8,10000,1000,0,7000,9000,1/3/2024,2024-03-01,2025-11-09 07:06:39.639615,data/lms_loan_daily.csv,2024-03-01
CUS_0x55da_2023_08_01,CUS_0x55da,1/8/2023,10,7,10000,1000,1000,0,3000,1/3/2024,2024-03-01,2025-11-09 07:06:39.639615,data/lms_loan_daily.csv,2024-03-01
CUS_0x55e0_2023_10_01,CUS_0x55e0,1/10/2023,10,5,10000,1000,0,3000,8000,1/3/2024,2024-03-01,2025-11-09 07:06:39.639615,data/lms_loan_daily.csv,2024-03-01
CUS_0x55eb_2024_01_01,CUS_0x55eb,1/1/2024,10,2,10000,1000,1000,0,8000,1/3/2024,2024-03-01,2025-11-09 07:06:39.639615,data/lms_loan_daily.csv,2024-03-01
CUS_0x55f_2023_12_01,CUS_0x55f,1/12/2023,10,3,10000,1000,1000,0,7000,1/3/2024,2024-03-01,2025-11-09 07:06:39.639615,data/lms_loan_daily.csv,2024-03-01
CUS_0x55f1_2024_01_01,CUS_0x55f1,1/1/2024,10,2,10000,1000,1000,0,8000,1/3/2024,2024-03-01,2025-11-09 07:06:39.639615,data/lms_loan_daily.csv,2024-03-01
CUS_0x55f4_2023_06_01,CUS_0x55f4,1/6/2023,10,9,10000,1000,1000,0,1000,1/3/2024,2024-03-01,2025-11-09 07:06:39.639615,data/lms_loan_daily.csv,2024-03-01
CUS_0x55f5_2024_01_01,CUS_0x55f5,1/1/2024,10,2,10000,1000,1000,0,8000,1/3/2024,2024-03-01,2025-11-09 07:06:39.639615,data/lms_loan_daily.csv,2024-03-01
CUS_0x55f6_2023_10_01,CUS_0x55f6,1/10/2023,10,5,10000,1000,1000,0,5000,1/3/2024,2024-03-01,2025-11-09 07:06:39.639615,data/lms_loan_daily.csv,2024-03-01
CUS_0x5602_2023_09_01,CUS_0x5602,1/9/2023,10,6,10000,1000,0,4000,8000,1/3/2024,2024-03-01,2025-11-09 07:06:39.639615,data/lms_loan_daily.csv,2024-03-01
CUS_0x5604_2023_09_01,CUS_0x5604,1/9/2023,10,6,10000,1000,1000,0,4000,1/3/2024,2024-03-01,2025-11-09 07:06:39.639615,data/lms_loan_daily.csv,2024-03-01
CUS_0x5606_2023_08_01,CUS_0x5606,1/8/2023,10,7,10000,1000,1000,0,3000,1/3/2024,2024-03-01,2025-11-09 07:06:39.639615,data/lms_loan_daily.csv,2024-03-01
CUS_0x5607_2023_09_01,CUS_0x5607,1/9/2023,10,6,10000,1000,0,5000,9000,1/3/2024,2024-03-01,2025-11-09 07:06:39.639615,data/lms_loan_daily.csv,2024-03-01
CUS_0x5625_2023_10_01,CUS_0x5625,1/10/2023,10,5,10000,1000,0,2000,7000,1/3/2024,2024-03-01,2025-11-09 07:06:39.639615,data/lms_loan_daily.csv,2024-03-01
CUS_0x5628_2023_08_01,CUS_0x5628,1/8/2023,10,7,10000,1000,1000,0,3000,1/3/2024,2024-03-01,2025-11-09 07:06:39.639615,data/lms_loan_daily.csv,2024-03-01
CUS_0x5629_2023_12_01,CUS_0x5629,1/12/2023,10,3,10000,1000,1000,0,7000,1/3/2024,2024-03-01,2025-11-09 07:06:39.639615,data/lms_loan_daily.csv,2024-03-01
CUS_0x562b_2023_10_01,CUS_0x562b,1/10/2023,10,5,10000,1000,1000,0,5000,1/3/2024,2024-03-01,2025-11-09 07:06:39.639615,data/lms_loan_daily.csv,2024-03-01
CUS_0x562f_2024_02_01,CUS_0x562f,1/2/2024,10,1,10000,1000,1000,0,9000,1/3/2024,2024-03-01,2025-11-09 07:06:39.639615,data/lms_loan_daily.csv,2024-03-01
CUS_0x5632_2023_09_01,CUS_0x5632,1/9/2023,10,6,10000,1000,1000,0,4000,1/3/2024,2024-03-01,2025-11-09 07:06:39.639615,data/lms_loan_daily.csv,2024-03-01
CUS_0x5634_2023_05_01,CUS_0x5634,1/5/2023,10,10,10000,1000,1000,0,0,1/3/2024,2024-03-01,2025-11-09 07:06:39.639615,data/lms_loan_daily.csv,2024-03-01
CUS_0x5637_2023_08_01,CUS_0x5637,1/8/2023,10,7,10000,1000,0,3000,6000,1/3/2024,2024-03-01,2025-11-09 07:06:39.639615,data/lms_loan_daily.csv,2024-03-01
CUS_0x563d_2024_03_01,CUS_0x563d,1/3/2024,10,0,10000,0,0,0,10000,1/3/2024,2024-03-01,2025-11-09 07:06:39.639615,data/lms_loan_daily.csv,2024-03-01
CUS_0x5647_2023_09_01,CUS_0x5647,1/9/2023,10,6,10000,1000,1000,0,4000,1/3/2024,2024-03-01,2025-11-09 07:06:39.639615,data/lms_loan_daily.csv,2024-03-01
CUS_0x5648_2023_05_01,CUS_0x5648,1/5/2023,10,10,10000,1000,1000,0,0,1/3/2024,2024-03-01,2025-11-09 07:06:39.639615,data/lms_loan_daily.csv,2024-03-01
CUS_0x564e_2023_07_01,CUS_0x564e,1/7/2023,10,8,10000,1000,0,5000,7000,1/3/2024,2024-03-01,2025-11-09 07:06:39.639615,data/lms_loan_daily.csv,2024-03-01
CUS_0x5665_2023_10_01,CUS_0x5665,1/10/2023,10,5,10000,1000,1000,0,5000,1/3/2024,2024-03-01,2025-11-09 07:06:39.639615,data/lms_loan_daily.csv,2024-03-01
CUS_0x566f_2024_01_01,CUS_0x566f,1/1/2024,10,2,10000,1000,1000,0,8000,1/3/2024,2024-03-01,2025-11-09 07:06:39.639615,data/lms_loan_daily.csv,2024-03-01
CUS_0x567b_2023_06_01,CUS_0x567b,1/6/2023,10,9,10000,1000,1000,0,1000,1/3/2024,2024-03-01,2025-11-09 07:06:39.639615,data/lms_loan_daily.csv,2024-03-01
CUS_0x568f_2023_08_01,CUS_0x568f,1/8/2023,10,7,10000,1000,1000,0,3000,1/3/2024,2024-03-01,2025-11-09 07:06:39.639615,data/lms_loan_daily.csv,2024-03-01
CUS_0x569a_2024_02_01,CUS_0x569a,1/2/2024,10,1,10000,1000,1000,0,9000,1/3/2024,2024-03-01,2025-11-09 07:06:39.639615,data/lms_loan_daily.csv,2024-03-01
CUS_0x569b_2023_05_01,CUS_0x569b,1/5/2023,10,10,10000,1000,1000,0,0,1/3/2024,2024-03-01,2025-11-09 07:06:39.639615,data/lms_loan_daily.csv,2024-03-01
CUS_0x56a9_2024_01_01,CUS_0x56a9,1/1/2024,10,2,10000,1000,1000,0,8000,1/3/2024,2024-03-01,2025-11-09 07:06:39.639615,data/lms_loan_daily.csv,2024-03-01
CUS_0x56ad_2023_10_01,CUS_0x56ad,1/10/2023,10,5,10000,1000,1000,0,5000,1/3/2024,2024-03-01,2025-11-09 07:06:39.639615,data/lms_loan_daily.csv,2024-03-01
CUS_0x56b2_2024_01_01,CUS_0x56b2,1/1/2024,10,2,10000,1000,1000,0,8000,1/3/2024,2024-03-01,2025-11-09 07:06:39.639615,data/lms_loan_daily.csv,2024-03-01
CUS_0x56b4_2023_09_01,CUS_0x56b4,1/9/2023,10,6,10000,1000,1000,0,4000,1/3/2024,2024-03-01,2025-11-09 07:06:39.639615,data/lms_loan_daily.csv,2024-03-01
CUS_0x56b9_2023_08_01,CUS_0x56b9,1/8/2023,10,7,10000,1000,1000,0,3000,1/3/2024,2024-03-01,2025-11-09 07:06:39.639615,data/lms_loan_daily.csv,2024-03-01
CUS_0x56bd_2023_09_01,CUS_0x56bd,1/9/2023,10,6,10000,1000,1000,0,4000,1/3/2024,2024-03-01,2025-11-09 07:06:39.639615,data/lms_loan_daily.csv,2024-03-01
CUS_0x56c5_2023_07_01,CUS_0x56c5,1/7/2023,10,8,10000,1000,1000,0,2000,1/3/2024,2024-03-01,2025-11-09 07:06:39.639615,data/lms_loan_daily.csv,2024-03-01
CUS_0x56c8_2023_07_01,CUS_0x56c8,1/7/2023,10,8,10000,1000,1000,0,2000,1/3/2024,2024-03-01,2025-11-09 07:06:39.639615,data/lms_loan_daily.csv,2024-03-01
CUS_0x56d1_2023_09_01,CUS_0x56d1,1/9/2023,10,6,10000,1000,1000,0,4000,1/3/2024,2024-03-01,2025-11-09 07:06:39.639615,data/lms_loan_daily.csv,2024-03-01
CUS_0x56d3_2023_09_01,CUS_0x56d3,1/9/2023,10,6,10000,1000,0,4000,8000,1/3/2024,2024-03-01,2025-11-09 07:06:39.639615,data/lms_loan_daily.csv,2024-03-01
CUS_0x56d7_2023_11_01,CUS_0x56d7,1/11/2023,10,4,10000,1000,1000,0,6000,1/3/2024,2024-03-01,2025-11-09 07:06:39.639615,data/lms_loan_daily.csv,2024-03-01
CUS_0x56f9_2023_08_01,CUS_0x56f9,1/8/2023,10,7,10000,1000,1000,0,3000,1/3/2024,2024-03-01,2025-11-09 07:06:39.639615,data/lms_loan_daily.csv,2024-03-01
CUS_0x5704_2023_09_01,CUS_0x5704,1/9/2023,10,6,10000,1000,1000,0,4000,1/3/2024,2024-03-01,2025-11-09 07:06:39.639615,data/lms_loan_daily.csv,2024-03-01
CUS_0x5707_2023_06_01,CUS_0x5707,1/6/2023,10,9,10000,1000,1000,0,1000,1/3/2024,2024-03-01,2025-11-09 07:06:39.639615,data/lms_loan_daily.csv,2024-03-01
CUS_0x5709_2023_10_01,CUS_0x5709,1/10/2023,10,5,10000,1000,1000,0,5000,1/3/2024,2024-03-01,2025-11-09 07:06:39.639615,data/lms_loan_daily.csv,2024-03-01
CUS_0x570b_2023_08_01,CUS_0x570b,1/8/2023,10,7,10000,1000,1000,0,3000,1/3/2024,2024-03-01,2025-11-09 07:06:39.639615,data/lms_loan_daily.csv,2024-03-01
CUS_0x5711_2023_05_01,CUS_0x5711,1/5/2023,10,10,10000,1000,1000,0,0,1/3/2024,2024-03-01,2025-11-09 07:06:39.639615,data/lms_loan_daily.csv,2024-03-01
CUS_0x5718_2023_11_01,CUS_0x5718,1/11/2023,10,4,10000,1000,1000,0,6000,1/3/2024,2024-03-01,2025-11-09 07:06:39.639615,data/lms_loan_daily.csv,2024-03-01
CUS_0x5719_2024_02_01,CUS_0x5719,1/2/2024,10,1,10000,1000,1000,0,9000,1/3/2024,2024-03-01,2025-11-09 07:06:39.639615,data/lms_loan_daily.csv,2024-03-01
CUS_0x572_2023_09_01,CUS_0x572,1/9/2023,10,6,10000,1000,1000,0,4000,1/3/2024,2024-03-01,2025-11-09 07:06:39.639615,data/lms_loan_daily.csv,2024-03-01
CUS_0x5734_2023_07_01,CUS_0x5734,1/7/2023,10,8,10000,1000,1000,0,2000,1/3/2024,2024-03-01,2025-11-09 07:06:39.639615,data/lms_loan_daily.csv,2024-03-01
CUS_0x5737_2024_03_01,CUS_0x5737,1/3/2024,10,0,10000,0,0,0,10000,1/3/2024,2024-03-01,2025-11-09 07:06:39.639615,data/lms_loan_daily.csv,2024-03-01
CUS_0x574_2024_02_01,CUS_0x574,1/2/2024,10,1,10000,1000,1000,0,9000,1/3/2024,2024-03-01,2025-11-09 07:06:39.639615,data/lms_loan_daily.csv,2024-03-01
CUS_0x5746_2023_08_01,CUS_0x5746,1/8/2023,10,7,10000,1000,1000,0,3000,1/3/2024,2024-03-01,2025-11-09 07:06:39.639615,data/lms_loan_daily.csv,2024-03-01
CUS_0x574a_2024_03_01,CUS_0x574a,1/3/2024,10,0,10000,0,0,0,10000,1/3/2024,2024-03-01,2025-11-09 07:06:39.639615,data/lms_loan_daily.csv,2024-03-01
CUS_0x5753_2023_05_01,CUS_0x5753,1/5/2023,10,10,10000,1000,1000,0,0,1/3/2024,2024-03-01,2025-11-09 07:06:39.639615,data/lms_loan_daily.csv,2024-03-01
CUS_0x575b_2023_11_01,CUS_0x575b,1/11/2023,10,4,10000,1000,1000,0,6000,1/3/2024,2024-03-01,2025-11-09 07:06:39.639615,data/lms_loan_daily.csv,2024-03-01
CUS_0x575d_2024_01_01,CUS_0x575d,1/1/2024,10,2,10000,1000,1000,0,8000,1/3/2024,2024-03-01,2025-11-09 07:06:39.639615,data/lms_loan_daily.csv,2024-03-01
CUS_0x575e_2023_05_01,CUS_0x575e,1/5/2023,10,10,10000,1000,1000,0,0,1/3/2024,2024-03-01,2025-11-09 07:06:39.639615,data/lms_loan_daily.csv,2024-03-01
CUS_0x5761_2023_12_01,CUS_0x5761,1/12/2023,10,3,10000,1000,0,1000,8000,1/3/2024,2024-03-01,2025-11-09 07:06:39.639615,data/lms_loan_daily.csv,2024-03-01
CUS_0x5764_2024_03_01,CUS_0x5764,1/3/2024,10,0,10000,0,0,0,10000,1/3/2024,2024-03-01,2025-11-09 07:06:39.639615,data/lms_loan_daily.csv,2024-03-01
CUS_0x576c_2024_02_01,CUS_0x576c,1/2/2024,10,1,10000,1000,1000,0,9000,1/3/2024,2024-03-01,2025-11-09 07:06:39.639615,data/lms_loan_daily.csv,2024-03-01
CUS_0x576d_2023_09_01,CUS_0x576d,1/9/2023,10,6,10000,1000,0,3000,7000,1/3/2024,2024-03-01,2025-11-09 07:06:39.639615,data/lms_loan_daily.csv,2024-03-01
CUS_0x5775_2024_01_01,CUS_0x5775,1/1/2024,10,2,10000,1000,1000,0,8000,1/3/2024,2024-03-01,2025-11-09 07:06:39.639615,data/lms_loan_daily.csv,2024-03-01
CUS_0x5793_2023_10_01,CUS_0x5793,1/10/2023,10,5,10000,1000,1000,0,5000,1/3/2024,2024-03-01,2025-11-09 07:06:39.639615,data/lms_loan_daily.csv,2024-03-01
CUS_0x5794_2023_08_01,CUS_0x5794,1/8/2023,10,7,10000,1000,1000,0,3000,1/3/2024,2024-03-01,2025-11-09 07:06:39.639615,data/lms_loan_daily.csv,2024-03-01
CUS_0x57a_2023_07_01,CUS_0x57a,1/7/2023,10,8,10000,1000,1000,0,2000,1/3/2024,2024-03-01,2025-11-09 07:06:39.639615,data/lms_loan_daily.csv,2024-03-01
CUS_0x57a2_2023_11_01,CUS_0x57a2,1/11/2023,10,4,10000,1000,1000,0,6000,1/3/2024,2024-03-01,2025-11-09 07:06:39.639615,data/lms_loan_daily.csv,2024-03-01
CUS_0x57c6_2023_11_01,CUS_0x57c6,1/11/2023,10,4,10000,1000,1000,0,6000,1/3/2024,2024-03-01,2025-11-09 07:06:39.639615,data/lms_loan_daily.csv,2024-03-01
CUS_0x57c7_2024_02_01,CUS_0x57c7,1/2/2024,10,1,10000,1000,1000,0,9000,1/3/2024,2024-03-01,2025-11-09 07:06:39.639615,data/lms_loan_daily.csv,2024-03-01
CUS_0x57c9_2023_05_01,CUS_0x57c9,1/5/2023,10,10,10000,1000,1000,0,0,1/3/2024,2024-03-01,2025-11-09 07:06:39.639615,data/lms_loan_daily.csv,2024-03-01
CUS_0x57e5_2024_01_01,CUS_0x57e5,1/1/2024,10,2,10000,1000,1000,0,8000,1/3/2024,2024-03-01,2025-11-09 07:06:39.639615,data/lms_loan_daily.csv,2024-03-01
CUS_0x57e8_2023_05_01,CUS_0x57e8,1/5/2023,10,10,10000,1000,0,7000,7000,1/3/2024,2024-03-01,2025-11-09 07:06:39.639615,data/lms_loan_daily.csv,2024-03-01
CUS_0x57ef_2023_11_01,CUS_0x57ef,1/11/2023,10,4,10000,1000,1000,0,6000,1/3/2024,2024-03-01,2025-11-09 07:06:39.639615,data/lms_loan_daily.csv,2024-03-01
CUS_0x57f0_2023_05_01,CUS_0x57f0,1/5/2023,10,10,10000,1000,1000,0,0,1/3/2024,2024-03-01,2025-11-09 07:06:39.639615,data/lms_loan_daily.csv,2024-03-01
CUS_0x57f2_2023_08_01,CUS_0x57f2,1/8/2023,10,7,10000,1000,1000,0,3000,1/3/2024,2024-03-01,2025-11-09 07:06:39.639615,data/lms_loan_daily.csv,2024-03-01
CUS_0x57f3_2023_08_01,CUS_0x57f3,1/8/2023,10,7,10000,1000,1000,0,3000,1/3/2024,2024-03-01,2025-11-09 07:06:39.639615,data/lms_loan_daily.csv,2024-03-01
CUS_0x57f5_2023_08_01,CUS_0x57f5,1/8/2023,10,7,10000,1000,1000,0,3000,1/3/2024,2024-03-01,2025-11-09 07:06:39.639615,data/lms_loan_daily.csv,2024-03-01
CUS_0x5803_2023_05_01,CUS_0x5803,1/5/2023,10,10,10000,1000,1000,0,0,1/3/2024,2024-03-01,2025-11-09 07:06:39.639615,data/lms_loan_daily.csv,2024-03-01
CUS_0x580e_2024_03_01,CUS_0x580e,1/3/2024,10,0,10000,0,0,0,10000,1/3/2024,2024-03-01,2025-11-09 07:06:39.639615,data/lms_loan_daily.csv,2024-03-01
CUS_0x5813_2023_05_01,CUS_0x5813,1/5/2023,10,10,10000,1000,1000,0,0,1/3/2024,2024-03-01,2025-11-09 07:06:39.639615,data/lms_loan_daily.csv,2024-03-01
CUS_0x5815_2023_10_01,CUS_0x5815,1/10/2023,10,5,10000,1000,0,1000,6000,1/3/2024,2024-03-01,2025-11-09 07:06:39.639615,data/lms_loan_daily.csv,2024-03-01
CUS_0x5817_2023_08_01,CUS_0x5817,1/8/2023,10,7,10000,1000,0,4000,7000,1/3/2024,2024-03-01,2025-11-09 07:06:39.639615,data/lms_loan_daily.csv,2024-03-01
CUS_0x581b_2024_02_01,CUS_0x581b,1/2/2024,10,1,10000,1000,1000,0,9000,1/3/2024,2024-03-01,2025-11-09 07:06:39.639615,data/lms_loan_daily.csv,2024-03-01
CUS_0x581e_2024_03_01,CUS_0x581e,1/3/2024,10,0,10000,0,0,0,10000,1/3/2024,2024-03-01,2025-11-09 07:06:39.639615,data/lms_loan_daily.csv,2024-03-01
CUS_0x5825_2024_01_01,CUS_0x5825,1/1/2024,10,2,10000,1000,1000,0,8000,1/3/2024,2024-03-01,2025-11-09 07:06:39.639615,data/lms_loan_daily.csv,2024-03-01
CUS_0x582f_2023_07_01,CUS_0x582f,1/7/2023,10,8,10000,1000,1000,0,2000,1/3/2024,2024-03-01,2025-11-09 07:06:39.639615,data/lms_loan_daily.csv,2024-03-01
CUS_0x5840_2023_12_01,CUS_0x5840,1/12/2023,10,3,10000,1000,1000,0,7000,1/3/2024,2024-03-01,2025-11-09 07:06:39.639615,data/lms_loan_daily.csv,2024-03-01
CUS_0x5848_2023_07_01,CUS_0x5848,1/7/2023,10,8,10000,1000,1000,0,2000,1/3/2024,2024-03-01,2025-11-09 07:06:39.639615,data/lms_loan_daily.csv,2024-03-01
CUS_0x584a_2023_12_01,CUS_0x584a,1/12/2023,10,3,10000,1000,0,2000,9000,1/3/2024,2024-03-01,2025-11-09 07:06:39.639615,data/lms_loan_daily.csv,2024-03-01
CUS_0x584b_2023_07_01,CUS_0x584b,1/7/2023,10,8,10000,1000,1000,0,2000,1/3/2024,2024-03-01,2025-11-09 07:06:39.639615,data/lms_loan_daily.csv,2024-03-01
CUS_0x5857_2023_10_01,CUS_0x5857,1/10/2023,10,5,10000,1000,1000,0,5000,1/3/2024,2024-03-01,2025-11-09 07:06:39.639615,data/lms_loan_daily.csv,2024-03-01
CUS_0x585c_2024_01_01,CUS_0x585c,1/1/2024,10,2,10000,1000,1000,0,8000,1/3/2024,2024-03-01,2025-11-09 07:06:39.639615,data/lms_loan_daily.csv,2024-03-01
CUS_0x5862_2024_01_01,CUS_0x5862,1/1/2024,10,2,10000,1000,0,1000,9000,1/3/2024,2024-03-01,2025-11-09 07:06:39.639615,data/lms_loan_daily.csv,2024-03-01
CUS_0x587_2024_02_01,CUS_0x587,1/2/2024,10,1,10000,1000,1000,0,9000,1/3/2024,2024-03-01,2025-11-09 07:06:39.639615,data/lms_loan_daily.csv,2024-03-01
CUS_0x5872_2024_01_01,CUS_0x5872,1/1/2024,10,2,10000,1000,1000,0,8000,1/3/2024,2024-03-01,2025-11-09 07:06:39.639615,data/lms_loan_daily.csv,2024-03-01
CUS_0x5875_2024_02_01,CUS_0x5875,1/2/2024,10,1,10000,1000,1000,0,9000,1/3/2024,2024-03-01,2025-11-09 07:06:39.639615,data/lms_loan_daily.csv,2024-03-01
CUS_0x588e_2023_11_01,CUS_0x588e,1/11/2023,10,4,10000,1000,1000,0,6000,1/3/2024,2024-03-01,2025-11-09 07:06:39.639615,data/lms_loan_daily.csv,2024-03-01
CUS_0x5898_2024_03_01,CUS_0x5898,1/3/2024,10,0,10000,0,0,0,10000,1/3/2024,2024-03-01,2025-11-09 07:06:39.639615,data/lms_loan_daily.csv,2024-03-01
CUS_0x5899_2024_01_01,CUS_0x5899,1/1/2024,10,2,10000,1000,1000,0,8000,1/3/2024,2024-03-01,2025-11-09 07:06:39.639615,data/lms_loan_daily.csv,2024-03-01
CUS_0x589a_2023_09_01,CUS_0x589a,1/9/2023,10,6,10000,1000,1000,0,4000,1/3/2024,2024-03-01,2025-11-09 07:06:39.639615,data/lms_loan_daily.csv,2024-03-01
CUS_0x589c_2023_12_01,CUS_0x589c,1/12/2023,10,3,10000,1000,1000,0,7000,1/3/2024,2024-03-01,2025-11-09 07:06:39.639615,data/lms_loan_daily.csv,2024-03-01
CUS_0x589f_2024_02_01,CUS_0x589f,1/2/2024,10,1,10000,1000,1000,0,9000,1/3/2024,2024-03-01,2025-11-09 07:06:39.639615,data/lms_loan_daily.csv,2024-03-01
CUS_0x58b0_2023_11_01,CUS_0x58b0,1/11/2023,10,4,10000,1000,1000,0,6000,1/3/2024,2024-03-01,2025-11-09 07:06:39.639615,data/lms_loan_daily.csv,2024-03-01
CUS_0x58ba_2023_05_01,CUS_0x58ba,1/5/2023,10,10,10000,1000,1000,0,0,1/3/2024,2024-03-01,2025-11-09 07:06:39.639615,data/lms_loan_daily.csv,2024-03-01
CUS_0x58cd_2024_01_01,CUS_0x58cd,1/1/2024,10,2,10000,1000,1000,0,8000,1/3/2024,2024-03-01,2025-11-09 07:06:39.639615,data/lms_loan_daily.csv,2024-03-01
CUS_0x58ea_2023_09_01,CUS_0x58ea,1/9/2023,10,6,10000,1000,1000,0,4000,1/3/2024,2024-03-01,2025-11-09 07:06:39.639615,data/lms_loan_daily.csv,2024-03-01
CUS_0x58ef_2024_02_01,CUS_0x58ef,1/2/2024,10,1,10000,1000,1000,0,9000,1/3/2024,2024-03-01,2025-11-09 07:06:39.639615,data/lms_loan_daily.csv,2024-03-01
CUS_0x58f_2023_10_01,CUS_0x58f,1/10/2023,10,5,10000,1000,1000,0,5000,1/3/2024,2024-03-01,2025-11-09 07:06:39.639615,data/lms_loan_daily.csv,2024-03-01
CUS_0x58f7_2023_05_01,CUS_0x58f7,1/5/2023,10,10,10000,1000,1000,0,0,1/3/2024,2024-03-01,2025-11-09 07:06:39.639615,data/lms_loan_daily.csv,2024-03-01
CUS_0x58fb_2023_11_01,CUS_0x58fb,1/11/2023,10,4,10000,1000,1000,0,6000,1/3/2024,2024-03-01,2025-11-09 07:06:39.639615,data/lms_loan_daily.csv,2024-03-01
CUS_0x590_2024_02_01,CUS_0x590,1/2/2024,10,1,10000,1000,1000,0,9000,1/3/2024,2024-03-01,2025-11-09 07:06:39.639615,data/lms_loan_daily.csv,2024-03-01
CUS_0x5915_2023_10_01,CUS_0x5915,1/10/2023,10,5,10000,1000,1000,0,5000,1/3/2024,2024-03-01,2025-11-09 07:06:39.639615,data/lms_loan_daily.csv,2024-03-01
CUS_0x5929_2023_06_01,CUS_0x5929,1/6/2023,10,9,10000,1000,1000,0,1000,1/3/2024,2024-03-01,2025-11-09 07:06:39.639615,data/lms_loan_daily.csv,2024-03-01
CUS_0x5937_2023_11_01,CUS_0x5937,1/11/2023,10,4,10000,1000,1000,0,6000,1/3/2024,2024-03-01,2025-11-09 07:06:39.639615,data/lms_loan_daily.csv,2024-03-01
CUS_0x593c_2023_05_01,CUS_0x593c,1/5/2023,10,10,10000,1000,1000,0,0,1/3/2024,2024-03-01,2025-11-09 07:06:39.639615,data/lms_loan_daily.csv,2024-03-01
CUS_0x594e_2023_05_01,CUS_0x594e,1/5/2023,10,10,10000,1000,0,7000,7000,1/3/2024,2024-03-01,2025-11-09 07:06:39.639615,data/lms_loan_daily.csv,2024-03-01
CUS_0x5952_2023_09_01,CUS_0x5952,1/9/2023,10,6,10000,1000,0,4000,8000,1/3/2024,2024-03-01,2025-11-09 07:06:39.639615,data/lms_loan_daily.csv,2024-03-01
CUS_0x5959_2023_08_01,CUS_0x5959,1/8/2023,10,7,10000,1000,0,7000,10000,1/3/2024,2024-03-01,2025-11-09 07:06:39.639615,data/lms_loan_daily.csv,2024-03-01
CUS_0x5964_2024_02_01,CUS_0x5964,1/2/2024,10,1,10000,1000,1000,0,9000,1/3/2024,2024-03-01,2025-11-09 07:06:39.639615,data/lms_loan_daily.csv,2024-03-01
CUS_0x596a_2023_10_01,CUS_0x596a,1/10/2023,10,5,10000,1000,1000,0,5000,1/3/2024,2024-03-01,2025-11-09 07:06:39.639615,data/lms_loan_daily.csv,2024-03-01
CUS_0x5981_2024_03_01,CUS_0x5981,1/3/2024,10,0,10000,0,0,0,10000,1/3/2024,2024-03-01,2025-11-09 07:06:39.639615,data/lms_loan_daily.csv,2024-03-01
CUS_0x5984_2024_01_01,CUS_0x5984,1/1/2024,10,2,10000,1000,1000,0,8000,1/3/2024,2024-03-01,2025-11-09 07:06:39.639615,data/lms_loan_daily.csv,2024-03-01
CUS_0x598f_2023_06_01,CUS_0x598f,1/6/2023,10,9,10000,1000,1000,0,1000,1/3/2024,2024-03-01,2025-11-09 07:06:39.639615,data/lms_loan_daily.csv,2024-03-01
CUS_0x5998_2023_05_01,CUS_0x5998,1/5/2023,10,10,10000,1000,1000,0,0,1/3/2024,2024-03-01,2025-11-09 07:06:39.639615,data/lms_loan_daily.csv,2024-03-01
CUS_0x599e_2023_09_01,CUS_0x599e,1/9/2023,10,6,10000,1000,1000,0,4000,1/3/2024,2024-03-01,2025-11-09 07:06:39.639615,data/lms_loan_daily.csv,2024-03-01
CUS_0x59a1_2023_06_01,CUS_0x59a1,1/6/2023,10,9,10000,1000,0,8000,9000,1/3/2024,2024-03-01,2025-11-09 07:06:39.639615,data/lms_loan_daily.csv,2024-03-01
CUS_0x59a2_2023_06_01,CUS_0x59a2,1/6/2023,10,9,10000,1000,1000,0,1000,1/3/2024,2024-03-01,2025-11-09 07:06:39.639615,data/lms_loan_daily.csv,2024-03-01
CUS_0x59a9_2024_01_01,CUS_0x59a9,1/1/2024,10,2,10000,1000,1000,0,8000,1/3/2024,2024-03-01,2025-11-09 07:06:39.639615,data/lms_loan_daily.csv,2024-03-01
CUS_0x59c1_2024_03_01,CUS_0x59c1,1/3/2024,10,0,10000,0,0,0,10000,1/3/2024,2024-03-01,2025-11-09 07:06:39.639615,data/lms_loan_daily.csv,2024-03-01
CUS_0x59c7_2023_11_01,CUS_0x59c7,1/11/2023,10,4,10000,1000,1000,0,6000,1/3/2024,2024-03-01,2025-11-09 07:06:39.639615,data/lms_loan_daily.csv,2024-03-01
CUS_0x59cf_2023_08_01,CUS_0x59cf,1/8/2023,10,7,10000,1000,1000,0,3000,1/3/2024,2024-03-01,2025-11-09 07:06:39.639615,data/lms_loan_daily.csv,2024-03-01
CUS_0x59d8_2023_07_01,CUS_0x59d8,1/7/2023,10,8,10000,1000,0,6000,8000,1/3/2024,2024-03-01,2025-11-09 07:06:39.639615,data/lms_loan_daily.csv,2024-03-01
CUS_0x59dd_2023_12_01,CUS_0x59dd,1/12/2023,10,3,10000,1000,1000,0,7000,1/3/2024,2024-03-01,2025-11-09 07:06:39.639615,data/lms_loan_daily.csv,2024-03-01
CUS_0x5a03_2023_12_01,CUS_0x5a03,1/12/2023,10,3,10000,1000,1000,0,7000,1/3/2024,2024-03-01,2025-11-09 07:06:39.639615,data/lms_loan_daily.csv,2024-03-01
CUS_0x5a0c_2023_12_01,CUS_0x5a0c,1/12/2023,10,3,10000,1000,0,2000,9000,1/3/2024,2024-03-01,2025-11-09 07:06:39.639615,data/lms_loan_daily.csv,2024-03-01
CUS_0x5a1b_2023_10_01,CUS_0x5a1b,1/10/2023,10,5,10000,1000,1000,0,5000,1/3/2024,2024-03-01,2025-11-09 07:06:39.639615,data/lms_loan_daily.csv,2024-03-01
CUS_0x5a2d_2024_03_01,CUS_0x5a2d,1/3/2024,10,0,10000,0,0,0,10000,1/3/2024,2024-03-01,2025-11-09 07:06:39.639615,data/lms_loan_daily.csv,2024-03-01
CUS_0x5a2f_2023_05_01,CUS_0x5a2f,1/5/2023,10,10,10000,1000,1000,0,0,1/3/2024,2024-03-01,2025-11-09 07:06:39.639615,data/lms_loan_daily.csv,2024-03-01
CUS_0x5a3f_2023_08_01,CUS_0x5a3f,1/8/2023,10,7,10000,1000,1000,0,3000,1/3/2024,2024-03-01,2025-11-09 07:06:39.639615,data/lms_loan_daily.csv,2024-03-01
CUS_0x5a42_2023_11_01,CUS_0x5a42,1/11/2023,10,4,10000,1000,1000,0,6000,1/3/2024,2024-03-01,2025-11-09 07:06:39.639615,data/lms_loan_daily.csv,2024-03-01
CUS_0x5a48_2024_03_01,CUS_0x5a48,1/3/2024,10,0,10000,0,0,0,10000,1/3/2024,2024-03-01,2025-11-09 07:06:39.639615,data/lms_loan_daily.csv,2024-03-01
CUS_0x5a4f_2023_05_01,CUS_0x5a4f,1/5/2023,10,10,10000,1000,0,6000,6000,1/3/2024,2024-03-01,2025-11-09 07:06:39.639615,data/lms_loan_daily.csv,2024-03-01
CUS_0x5a53_2024_01_01,CUS_0x5a53,1/1/2024,10,2,10000,1000,1000,0,8000,1/3/2024,2024-03-01,2025-11-09 07:06:39.639615,data/lms_loan_daily.csv,2024-03-01
CUS_0x5a58_2023_12_01,CUS_0x5a58,1/12/2023,10,3,10000,1000,0,1000,8000,1/3/2024,2024-03-01,2025-11-09 07:06:39.639615,data/lms_loan_daily.csv,2024-03-01
CUS_0x5a59_2024_03_01,CUS_0x5a59,1/3/2024,10,0,10000,0,0,0,10000,1/3/2024,2024-03-01,2025-11-09 07:06:39.639615,data/lms_loan_daily.csv,2024-03-01
CUS_0x5a5a_2023_11_01,CUS_0x5a5a,1/11/2023,10,4,10000,1000,1000,0,6000,1/3/2024,2024-03-01,2025-11-09 07:06:39.639615,data/lms_loan_daily.csv,2024-03-01
CUS_0x5a6d_2024_01_01,CUS_0x5a6d,1/1/2024,10,2,10000,1000,1000,0,8000,1/3/2024,2024-03-01,2025-11-09 07:06:39.639615,data/lms_loan_daily.csv,2024-03-01
CUS_0x5a77_2023_06_01,CUS_0x5a77,1/6/2023,10,9,10000,1000,0,5000,6000,1/3/2024,2024-03-01,2025-11-09 07:06:39.639615,data/lms_loan_daily.csv,2024-03-01
CUS_0x5a7b_2023_12_01,CUS_0x5a7b,1/12/2023,10,3,10000,1000,1000,0,7000,1/3/2024,2024-03-01,2025-11-09 07:06:39.639615,data/lms_loan_daily.csv,2024-03-01
CUS_0x5a82_2023_07_01,CUS_0x5a82,1/7/2023,10,8,10000,1000,1000,0,2000,1/3/2024,2024-03-01,2025-11-09 07:06:39.639615,data/lms_loan_daily.csv,2024-03-01
CUS_0x5a8b_2024_02_01,CUS_0x5a8b,1/2/2024,10,1,10000,1000,1000,0,9000,1/3/2024,2024-03-01,2025-11-09 07:06:39.639615,data/lms_loan_daily.csv,2024-03-01
CUS_0x5a90_2023_11_01,CUS_0x5a90,1/11/2023,10,4,10000,1000,1000,0,6000,1/3/2024,2024-03-01,2025-11-09 07:06:39.639615,data/lms_loan_daily.csv,2024-03-01
CUS_0x5a95_2023_12_01,CUS_0x5a95,1/12/2023,10,3,10000,1000,1000,0,7000,1/3/2024,2024-03-01,2025-11-09 07:06:39.639615,data/lms_loan_daily.csv,2024-03-01
CUS_0x5a9e_2023_08_01,CUS_0x5a9e,1/8/2023,10,7,10000,1000,1000,0,3000,1/3/2024,2024-03-01,2025-11-09 07:06:39.639615,data/lms_loan_daily.csv,2024-03-01
CUS_0x5aa1_2023_12_01,CUS_0x5aa1,1/12/2023,10,3,10000,1000,1000,0,7000,1/3/2024,2024-03-01,2025-11-09 07:06:39.639615,data/lms_loan_daily.csv,2024-03-01
CUS_0x5aa7_2024_02_01,CUS_0x5aa7,1/2/2024,10,1,10000,1000,1000,0,9000,1/3/2024,2024-03-01,2025-11-09 07:06:39.639615,data/lms_loan_daily.csv,2024-03-01
CUS_0x5aaa_2023_07_01,CUS_0x5aaa,1/7/2023,10,8,10000,1000,1000,0,2000,1/3/2024,2024-03-01,2025-11-09 07:06:39.639615,data/lms_loan_daily.csv,2024-03-01
CUS_0x5ab_2024_01_01,CUS_0x5ab,1/1/2024,10,2,10000,1000,1000,0,8000,1/3/2024,2024-03-01,2025-11-09 07:06:39.639615,data/lms_loan_daily.csv,2024-03-01
CUS_0x5ab7_2023_10_01,CUS_0x5ab7,1/10/2023,10,5,10000,1000,1000,0,5000,1/3/2024,2024-03-01,2025-11-09 07:06:39.639615,data/lms_loan_daily.csv,2024-03-01
CUS_0x5abc_2023_05_01,CUS_0x5abc,1/5/2023,10,10,10000,1000,1000,0,0,1/3/2024,2024-03-01,2025-11-09 07:06:39.639615,data/lms_loan_daily.csv,2024-03-01
CUS_0x5ac4_2024_01_01,CUS_0x5ac4,1/1/2024,10,2,10000,1000,1000,0,8000,1/3/2024,2024-03-01,2025-11-09 07:06:39.639615,data/lms_loan_daily.csv,2024-03-01
CUS_0x5adc_2023_05_01,CUS_0x5adc,1/5/2023,10,10,10000,1000,1000,0,0,1/3/2024,2024-03-01,2025-11-09 07:06:39.639615,data/lms_loan_daily.csv,2024-03-01
CUS_0x5ade_2024_03_01,CUS_0x5ade,1/3/2024,10,0,10000,0,0,0,10000,1/3/2024,2024-03-01,2025-11-09 07:06:39.639615,data/lms_loan_daily.csv,2024-03-01
CUS_0x5ae1_2023_06_01,CUS_0x5ae1,1/6/2023,10,9,10000,1000,0,6000,7000,1/3/2024,2024-03-01,2025-11-09 07:06:39.639615,data/lms_loan_daily.csv,2024-03-01
CUS_0x5ae3_2023_09_01,CUS_0x5ae3,1/9/2023,10,6,10000,1000,1000,0,4000,1/3/2024,2024-03-01,2025-11-09 07:06:39.639615,data/lms_loan_daily.csv,2024-03-01
CUS_0x5aeb_2023_05_01,CUS_0x5aeb,1/5/2023,10,10,10000,1000,0,7000,7000,1/3/2024,2024-03-01,2025-11-09 07:06:39.639615,data/lms_loan_daily.csv,2024-03-01
CUS_0x5af5_2023_09_01,CUS_0x5af5,1/9/2023,10,6,10000,1000,0,2000,6000,1/3/2024,2024-03-01,2025-11-09 07:06:39.639615,data/lms_loan_daily.csv,2024-03-01
CUS_0x5af6_2024_03_01,CUS_0x5af6,1/3/2024,10,0,10000,0,0,0,10000,1/3/2024,2024-03-01,2025-11-09 07:06:39.639615,data/lms_loan_daily.csv,2024-03-01
CUS_0x5afe_2024_03_01,CUS_0x5afe,1/3/2024,10,0,10000,0,0,0,10000,1/3/2024,2024-03-01,2025-11-09 07:06:39.639615,data/lms_loan_daily.csv,2024-03-01
CUS_0x5b04_2023_09_01,CUS_0x5b04,1/9/2023,10,6,10000,1000,1000,0,4000,1/3/2024,2024-03-01,2025-11-09 07:06:39.639615,data/lms_loan_daily.csv,2024-03-01
CUS_0x5b05_2023_05_01,CUS_0x5b05,1/5/2023,10,10,10000,1000,0,7000,7000,1/3/2024,2024-03-01,2025-11-09 07:06:39.639615,data/lms_loan_daily.csv,2024-03-01
CUS_0x5b25_2023_09_01,CUS_0x5b25,1/9/2023,10,6,10000,1000,0,4000,8000,1/3/2024,2024-03-01,2025-11-09 07:06:39.639615,data/lms_loan_daily.csv,2024-03-01
CUS_0x5b2a_2023_05_01,CUS_0x5b2a,1/5/2023,10,10,10000,1000,1000,0,0,1/3/2024,2024-03-01,2025-11-09 07:06:39.639615,data/lms_loan_daily.csv,2024-03-01
CUS_0x5b30_2023_05_01,CUS_0x5b30,1/5/2023,10,10,10000,1000,1000,0,0,1/3/2024,2024-03-01,2025-11-09 07:06:39.639615,data/lms_loan_daily.csv,2024-03-01
CUS_0x5b42_2023_05_01,CUS_0x5b42,1/5/2023,10,10,10000,1000,1000,0,0,1/3/2024,2024-03-01,2025-11-09 07:06:39.639615,data/lms_loan_daily.csv,2024-03-01
CUS_0x5b5_2024_01_01,CUS_0x5b5,1/1/2024,10,2,10000,1000,1000,0,8000,1/3/2024,2024-03-01,2025-11-09 07:06:39.639615,data/lms_loan_daily.csv,2024-03-01
CUS_0x5b57_2023_12_01,CUS_0x5b57,1/12/2023,10,3,10000,1000,1000,0,7000,1/3/2024,2024-03-01,2025-11-09 07:06:39.639615,data/lms_loan_daily.csv,2024-03-01
CUS_0x5b5a_2024_03_01,CUS_0x5b5a,1/3/2024,10,0,10000,0,0,0,10000,1/3/2024,2024-03-01,2025-11-09 07:06:39.639615,data/lms_loan_daily.csv,2024-03-01
CUS_0x5b64_2024_02_01,CUS_0x5b64,1/2/2024,10,1,10000,1000,1000,0,9000,1/3/2024,2024-03-01,2025-11-09 07:06:39.639615,data/lms_loan_daily.csv,2024-03-01
CUS_0x5b6f_2024_03_01,CUS_0x5b6f,1/3/2024,10,0,10000,0,0,0,10000,1/3/2024,2024-03-01,2025-11-09 07:06:39.639615,data/lms_loan_daily.csv,2024-03-01
CUS_0x5b7_2024_02_01,CUS_0x5b7,1/2/2024,10,1,10000,1000,0,1000,10000,1/3/2024,2024-03-01,2025-11-09 07:06:39.639615,data/lms_loan_daily.csv,2024-03-01
CUS_0x5b70_2023_10_01,CUS_0x5b70,1/10/2023,10,5,10000,1000,1000,0,5000,1/3/2024,2024-03-01,2025-11-09 07:06:39.639615,data/lms_loan_daily.csv,2024-03-01
CUS_0x5b7d_2024_03_01,CUS_0x5b7d,1/3/2024,10,0,10000,0,0,0,10000,1/3/2024,2024-03-01,2025-11-09 07:06:39.639615,data/lms_loan_daily.csv,2024-03-01
CUS_0x5b84_2023_08_01,CUS_0x5b84,1/8/2023,10,7,10000,1000,0,7000,10000,1/3/2024,2024-03-01,2025-11-09 07:06:39.639615,data/lms_loan_daily.csv,2024-03-01
CUS_0x5b88_2024_01_01,CUS_0x5b88,1/1/2024,10,2,10000,1000,1000,0,8000,1/3/2024,2024-03-01,2025-11-09 07:06:39.639615,data/lms_loan_daily.csv,2024-03-01
CUS_0x5b92_2023_06_01,CUS_0x5b92,1/6/2023,10,9,10000,1000,1000,0,1000,1/3/2024,2024-03-01,2025-11-09 07:06:39.639615,data/lms_loan_daily.csv,2024-03-01
CUS_0x5b9b_2024_02_01,CUS_0x5b9b,1/2/2024,10,1,10000,1000,1000,0,9000,1/3/2024,2024-03-01,2025-11-09 07:06:39.639615,data/lms_loan_daily.csv,2024-03-01
CUS_0x5b9c_2023_12_01,CUS_0x5b9c,1/12/2023,10,3,10000,1000,1000,0,7000,1/3/2024,2024-03-01,2025-11-09 07:06:39.639615,data/lms_loan_daily.csv,2024-03-01
CUS_0x5ba1_2023_10_01,CUS_0x5ba1,1/10/2023,10,5,10000,1000,1000,0,5000,1/3/2024,2024-03-01,2025-11-09 07:06:39.639615,data/lms_loan_daily.csv,2024-03-01
CUS_0x5ba4_2024_02_01,CUS_0x5ba4,1/2/2024,10,1,10000,1000,1000,0,9000,1/3/2024,2024-03-01,2025-11-09 07:06:39.639615,data/lms_loan_daily.csv,2024-03-01
CUS_0x5bb7_2024_01_01,CUS_0x5bb7,1/1/2024,10,2,10000,1000,1000,0,8000,1/3/2024,2024-03-01,2025-11-09 07:06:39.639615,data/lms_loan_daily.csv,2024-03-01
CUS_0x5bb9_2024_01_01,CUS_0x5bb9,1/1/2024,10,2,10000,1000,1000,0,8000,1/3/2024,2024-03-01,2025-11-09 07:06:39.639615,data/lms_loan_daily.csv,2024-03-01
CUS_0x5bba_2023_08_01,CUS_0x5bba,1/8/2023,10,7,10000,1000,0,4000,7000,1/3/2024,2024-03-01,2025-11-09 07:06:39.639615,data/lms_loan_daily.csv,2024-03-01
CUS_0x5bd3_2024_03_01,CUS_0x5bd3,1/3/2024,10,0,10000,0,0,0,10000,1/3/2024,2024-03-01,2025-11-09 07:06:39.639615,data/lms_loan_daily.csv,2024-03-01
CUS_0x5bdb_2024_01_01,CUS_0x5bdb,1/1/2024,10,2,10000,1000,1000,0,8000,1/3/2024,2024-03-01,2025-11-09 07:06:39.639615,data/lms_loan_daily.csv,2024-03-01
CUS_0x5be9_2023_10_01,CUS_0x5be9,1/10/2023,10,5,10000,1000,1000,0,5000,1/3/2024,2024-03-01,2025-11-09 07:06:39.639615,data/lms_loan_daily.csv,2024-03-01
CUS_0x5bf8_2023_12_01,CUS_0x5bf8,1/12/2023,10,3,10000,1000,1000,0,7000,1/3/2024,2024-03-01,2025-11-09 07:06:39.639615,data/lms_loan_daily.csv,2024-03-01
CUS_0x5bfc_2024_02_01,CUS_0x5bfc,1/2/2024,10,1,10000,1000,1000,0,9000,1/3/2024,2024-03-01,2025-11-09 07:06:39.639615,data/lms_loan_daily.csv,2024-03-01
CUS_0x5bff_2023_12_01,CUS_0x5bff,1/12/2023,10,3,10000,1000,1000,0,7000,1/3/2024,2024-03-01,2025-11-09 07:06:39.639615,data/lms_loan_daily.csv,2024-03-01
CUS_0x5c06_2024_03_01,CUS_0x5c06,1/3/2024,10,0,10000,0,0,0,10000,1/3/2024,2024-03-01,2025-11-09 07:06:39.639615,data/lms_loan_daily.csv,2024-03-01
CUS_0x5c07_2023_08_01,CUS_0x5c07,1/8/2023,10,7,10000,1000,1000,0,3000,1/3/2024,2024-03-01,2025-11-09 07:06:39.639615,data/lms_loan_daily.csv,2024-03-01
CUS_0x5c1f_2023_10_01,CUS_0x5c1f,1/10/2023,10,5,10000,1000,1000,0,5000,1/3/2024,2024-03-01,2025-11-09 07:06:39.639615,data/lms_loan_daily.csv,2024-03-01
CUS_0x5c2_2023_06_01,CUS_0x5c2,1/6/2023,10,9,10000,1000,1000,0,1000,1/3/2024,2024-03-01,2025-11-09 07:06:39.639615,data/lms_loan_daily.csv,2024-03-01
CUS_0x5c2d_2023_11_01,CUS_0x5c2d,1/11/2023,10,4,10000,1000,1000,0,6000,1/3/2024,2024-03-01,2025-11-09 07:06:39.639615,data/lms_loan_daily.csv,2024-03-01
CUS_0x5c2f_2024_01_01,CUS_0x5c2f,1/1/2024,10,2,10000,1000,2000,0,8000,1/3/2024,2024-03-01,2025-11-09 07:06:39.639615,data/lms_loan_daily.csv,2024-03-01
CUS_0x5c31_2024_02_01,CUS_0x5c31,1/2/2024,10,1,10000,1000,1000,0,9000,1/3/2024,2024-03-01,2025-11-09 07:06:39.639615,data/lms_loan_daily.csv,2024-03-01
CUS_0x5c3c_2023_06_01,CUS_0x5c3c,1/6/2023,10,9,10000,1000,1000,0,1000,1/3/2024,2024-03-01,2025-11-09 07:06:39.639615,data/lms_loan_daily.csv,2024-03-01
CUS_0x5c3f_2023_06_01,CUS_0x5c3f,1/6/2023,10,9,10000,1000,1000,0,1000,1/3/2024,2024-03-01,2025-11-09 07:06:39.639615,data/lms_loan_daily.csv,2024-03-01
CUS_0x5c4f_2024_01_01,CUS_0x5c4f,1/1/2024,10,2,10000,1000,1000,0,8000,1/3/2024,2024-03-01,2025-11-09 07:06:39.639615,data/lms_loan_daily.csv,2024-03-01
CUS_0x5c53_2023_05_01,CUS_0x5c53,1/5/2023,10,10,10000,1000,0,8000,8000,1/3/2024,2024-03-01,2025-11-09 07:06:39.639615,data/lms_loan_daily.csv,2024-03-01
CUS_0x5c59_2024_02_01,CUS_0x5c59,1/2/2024,10,1,10000,1000,1000,0,9000,1/3/2024,2024-03-01,2025-11-09 07:06:39.639615,data/lms_loan_daily.csv,2024-03-01
CUS_0x5c66_2023_07_01,CUS_0x5c66,1/7/2023,10,8,10000,1000,1000,0,2000,1/3/2024,2024-03-01,2025-11-09 07:06:39.639615,data/lms_loan_daily.csv,2024-03-01
CUS_0x5c67_2024_02_01,CUS_0x5c67,1/2/2024,10,1,10000,1000,1000,0,9000,1/3/2024,2024-03-01,2025-11-09 07:06:39.639615,data/lms_loan_daily.csv,2024-03-01
CUS_0x5c68_2023_11_01,CUS_0x5c68,1/11/2023,10,4,10000,1000,1000,0,6000,1/3/2024,2024-03-01,2025-11-09 07:06:39.639615,data/lms_loan_daily.csv,2024-03-01
CUS_0x5c7a_2023_06_01,CUS_0x5c7a,1/6/2023,10,9,10000,1000,0,8000,9000,1/3/2024,2024-03-01,2025-11-09 07:06:39.639615,data/lms_loan_daily.csv,2024-03-01
CUS_0x5c7f_2023_07_01,CUS_0x5c7f,1/7/2023,10,8,10000,1000,1000,0,2000,1/3/2024,2024-03-01,2025-11-09 07:06:39.639615,data/lms_loan_daily.csv,2024-03-01
CUS_0x5c81_2024_03_01,CUS_0x5c81,1/3/2024,10,0,10000,0,0,0,10000,1/3/2024,2024-03-01,2025-11-09 07:06:39.639615,data/lms_loan_daily.csv,2024-03-01
CUS_0x5c8d_2023_05_01,CUS_0x5c8d,1/5/2023,10,10,10000,1000,1000,0,0,1/3/2024,2024-03-01,2025-11-09 07:06:39.639615,data/lms_loan_daily.csv,2024-03-01
CUS_0x5c92_2024_03_01,CUS_0x5c92,1/3/2024,10,0,10000,0,0,0,10000,1/3/2024,2024-03-01,2025-11-09 07:06:39.639615,data/lms_loan_daily.csv,2024-03-01
CUS_0x5c94_2023_10_01,CUS_0x5c94,1/10/2023,10,5,10000,1000,0,2000,7000,1/3/2024,2024-03-01,2025-11-09 07:06:39.639615,data/lms_loan_daily.csv,2024-03-01
CUS_0x5ca1_2023_06_01,CUS_0x5ca1,1/6/2023,10,9,10000,1000,1000,0,1000,1/3/2024,2024-03-01,2025-11-09 07:06:39.639615,data/lms_loan_daily.csv,2024-03-01
CUS_0x5cac_2023_08_01,CUS_0x5cac,1/8/2023,10,7,10000,1000,1000,0,3000,1/3/2024,2024-03-01,2025-11-09 07:06:39.639615,data/lms_loan_daily.csv,2024-03-01
CUS_0x5cb8_2023_12_01,CUS_0x5cb8,1/12/2023,10,3,10000,1000,1000,0,7000,1/3/2024,2024-03-01,2025-11-09 07:06:39.639615,data/lms_loan_daily.csv,2024-03-01
CUS_0x5cbb_2023_10_01,CUS_0x5cbb,1/10/2023,10,5,10000,1000,1000,0,5000,1/3/2024,2024-03-01,2025-11-09 07:06:39.639615,data/lms_loan_daily.csv,2024-03-01
CUS_0x5cc0_2023_06_01,CUS_0x5cc0,1/6/2023,10,9,10000,1000,0,7000,8000,1/3/2024,2024-03-01,2025-11-09 07:06:39.639615,data/lms_loan_daily.csv,2024-03-01
CUS_0x5cc5_2023_07_01,CUS_0x5cc5,1/7/2023,10,8,10000,1000,1000,0,2000,1/3/2024,2024-03-01,2025-11-09 07:06:39.639615,data/lms_loan_daily.csv,2024-03-01
CUS_0x5ccb_2023_12_01,CUS_0x5ccb,1/12/2023,10,3,10000,1000,2000,0,7000,1/3/2024,2024-03-01,2025-11-09 07:06:39.639615,data/lms_loan_daily.csv,2024-03-01
CUS_0x5cd7_2023_05_01,CUS_0x5cd7,1/5/2023,10,10,10000,1000,1000,0,0,1/3/2024,2024-03-01,2025-11-09 07:06:39.639615,data/lms_loan_daily.csv,2024-03-01
CUS_0x5cdb_2023_06_01,CUS_0x5cdb,1/6/2023,10,9,10000,1000,1000,0,1000,1/3/2024,2024-03-01,2025-11-09 07:06:39.639615,data/lms_loan_daily.csv,2024-03-01
CUS_0x5cdc_2023_11_01,CUS_0x5cdc,1/11/2023,10,4,10000,1000,1000,0,6000,1/3/2024,2024-03-01,2025-11-09 07:06:39.639615,data/lms_loan_daily.csv,2024-03-01
CUS_0x5cf2_2023_11_01,CUS_0x5cf2,1/11/2023,10,4,10000,1000,1000,0,6000,1/3/2024,2024-03-01,2025-11-09 07:06:39.639615,data/lms_loan_daily.csv,2024-03-01
CUS_0x5cfd_2023_09_01,CUS_0x5cfd,1/9/2023,10,6,10000,1000,1000,0,4000,1/3/2024,2024-03-01,2025-11-09 07:06:39.639615,data/lms_loan_daily.csv,2024-03-01
CUS_0x5cff_2024_02_01,CUS_0x5cff,1/2/2024,10,1,10000,1000,1000,0,9000,1/3/2024,2024-03-01,2025-11-09 07:06:39.639615,data/lms_loan_daily.csv,2024-03-01
CUS_0x5d0b_2023_06_01,CUS_0x5d0b,1/6/2023,10,9,10000,1000,0,7000,8000,1/3/2024,2024-03-01,2025-11-09 07:06:39.639615,data/lms_loan_daily.csv,2024-03-01
CUS_0x5d0c_2024_01_01,CUS_0x5d0c,1/1/2024,10,2,10000,1000,0,1000,9000,1/3/2024,2024-03-01,2025-11-09 07:06:39.639615,data/lms_loan_daily.csv,2024-03-01
CUS_0x5d1_2024_02_01,CUS_0x5d1,1/2/2024,10,1,10000,1000,1000,0,9000,1/3/2024,2024-03-01,2025-11-09 07:06:39.639615,data/lms_loan_daily.csv,2024-03-01
CUS_0x5d1a_2024_01_01,CUS_0x5d1a,1/1/2024,10,2,10000,1000,1000,0,8000,1/3/2024,2024-03-01,2025-11-09 07:06:39.639615,data/lms_loan_daily.csv,2024-03-01
CUS_0x5d1c_2023_12_01,CUS_0x5d1c,1/12/2023,10,3,10000,1000,1000,0,7000,1/3/2024,2024-03-01,2025-11-09 07:06:39.639615,data/lms_loan_daily.csv,2024-03-01
CUS_0x5d3d_2024_03_01,CUS_0x5d3d,1/3/2024,10,0,10000,0,0,0,10000,1/3/2024,2024-03-01,2025-11-09 07:06:39.639615,data/lms_loan_daily.csv,2024-03-01
CUS_0x5d3f_2023_05_01,CUS_0x5d3f,1/5/2023,10,10,10000,1000,1000,0,0,1/3/2024,2024-03-01,2025-11-09 07:06:39.639615,data/lms_loan_daily.csv,2024-03-01
CUS_0x5d42_2023_10_01,CUS_0x5d42,1/10/2023,10,5,10000,1000,1000,0,5000,1/3/2024,2024-03-01,2025-11-09 07:06:39.639615,data/lms_loan_daily.csv,2024-03-01
CUS_0x5d46_2023_10_01,CUS_0x5d46,1/10/2023,10,5,10000,1000,1000,0,5000,1/3/2024,2024-03-01,2025-11-09 07:06:39.639615,data/lms_loan_daily.csv,2024-03-01
CUS_0x5d50_2023_06_01,CUS_0x5d50,1/6/2023,10,9,10000,1000,1000,0,1000,1/3/2024,2024-03-01,2025-11-09 07:06:39.639615,data/lms_loan_daily.csv,2024-03-01
CUS_0x5d65_2023_05_01,CUS_0x5d65,1/5/2023,10,10,10000,1000,1000,0,0,1/3/2024,2024-03-01,2025-11-09 07:06:39.639615,data/lms_loan_daily.csv,2024-03-01
CUS_0x5d6d_2023_12_01,CUS_0x5d6d,1/12/2023,10,3,10000,1000,1000,0,7000,1/3/2024,2024-03-01,2025-11-09 07:06:39.639615,data/lms_loan_daily.csv,2024-03-01
CUS_0x5d77_2023_05_01,CUS_0x5d77,1/5/2023,10,10,10000,1000,0,8000,8000,1/3/2024,2024-03-01,2025-11-09 07:06:39.639615,data/lms_loan_daily.csv,2024-03-01
CUS_0x5d94_2023_11_01,CUS_0x5d94,1/11/2023,10,4,10000,1000,1000,0,6000,1/3/2024,2024-03-01,2025-11-09 07:06:39.639615,data/lms_loan_daily.csv,2024-03-01
CUS_0x5da3_2024_03_01,CUS_0x5da3,1/3/2024,10,0,10000,0,0,0,10000,1/3/2024,2024-03-01,2025-11-09 07:06:39.639615,data/lms_loan_daily.csv,2024-03-01
CUS_0x5db0_2023_11_01,CUS_0x5db0,1/11/2023,10,4,10000,1000,0,2000,8000,1/3/2024,2024-03-01,2025-11-09 07:06:39.639615,data/lms_loan_daily.csv,2024-03-01
CUS_0x5db2_2024_02_01,CUS_0x5db2,1/2/2024,10,1,10000,1000,1000,0,9000,1/3/2024,2024-03-01,2025-11-09 07:06:39.639615,data/lms_loan_daily.csv,2024-03-01
CUS_0x5db7_2023_10_01,CUS_0x5db7,1/10/2023,10,5,10000,1000,1000,0,5000,1/3/2024,2024-03-01,2025-11-09 07:06:39.639615,data/lms_loan_daily.csv,2024-03-01
CUS_0x5db9_2024_02_01,CUS_0x5db9,1/2/2024,10,1,10000,1000,1000,0,9000,1/3/2024,2024-03-01,2025-11-09 07:06:39.639615,data/lms_loan_daily.csv,2024-03-01
CUS_0x5dc2_2023_09_01,CUS_0x5dc2,1/9/2023,10,6,10000,1000,1000,0,4000,1/3/2024,2024-03-01,2025-11-09 07:06:39.639615,data/lms_loan_daily.csv,2024-03-01
CUS_0x5dca_2024_02_01,CUS_0x5dca,1/2/2024,10,1,10000,1000,1000,0,9000,1/3/2024,2024-03-01,2025-11-09 07:06:39.639615,data/lms_loan_daily.csv,2024-03-01
CUS_0x5dd6_2023_07_01,CUS_0x5dd6,1/7/2023,10,8,10000,1000,1000,0,2000,1/3/2024,2024-03-01,2025-11-09 07:06:39.639615,data/lms_loan_daily.csv,2024-03-01
CUS_0x5de2_2023_08_01,CUS_0x5de2,1/8/2023,10,7,10000,1000,1000,0,3000,1/3/2024,2024-03-01,2025-11-09 07:06:39.639615,data/lms_loan_daily.csv,2024-03-01
CUS_0x5de6_2023_06_01,CUS_0x5de6,1/6/2023,10,9,10000,1000,1000,0,1000,1/3/2024,2024-03-01,2025-11-09 07:06:39.639615,data/lms_loan_daily.csv,2024-03-01
CUS_0x5df_2023_12_01,CUS_0x5df,1/12/2023,10,3,10000,1000,1000,0,7000,1/3/2024,2024-03-01,2025-11-09 07:06:39.639615,data/lms_loan_daily.csv,2024-03-01
CUS_0x5df5_2023_08_01,CUS_0x5df5,1/8/2023,10,7,10000,1000,1000,0,3000,1/3/2024,2024-03-01,2025-11-09 07:06:39.639615,data/lms_loan_daily.csv,2024-03-01
CUS_0x5df7_2023_11_01,CUS_0x5df7,1/11/2023,10,4,10000,1000,0,2000,8000,1/3/2024,2024-03-01,2025-11-09 07:06:39.639615,data/lms_loan_daily.csv,2024-03-01
CUS_0x5dfa_2024_01_01,CUS_0x5dfa,1/1/2024,10,2,10000,1000,1000,0,8000,1/3/2024,2024-03-01,2025-11-09 07:06:39.639615,data/lms_loan_daily.csv,2024-03-01
CUS_0x5e02_2023_11_01,CUS_0x5e02,1/11/2023,10,4,10000,1000,1000,0,6000,1/3/2024,2024-03-01,2025-11-09 07:06:39.639615,data/lms_loan_daily.csv,2024-03-01
CUS_0x5e06_2023_12_01,CUS_0x5e06,1/12/2023,10,3,10000,1000,1000,0,7000,1/3/2024,2024-03-01,2025-11-09 07:06:39.639615,data/lms_loan_daily.csv,2024-03-01
CUS_0x5e0e_2023_08_01,CUS_0x5e0e,1/8/2023,10,7,10000,1000,1000,0,3000,1/3/2024,2024-03-01,2025-11-09 07:06:39.639615,data/lms_loan_daily.csv,2024-03-01
CUS_0x5e19_2023_05_01,CUS_0x5e19,1/5/2023,10,10,10000,1000,1000,0,0,1/3/2024,2024-03-01,2025-11-09 07:06:39.639615,data/lms_loan_daily.csv,2024-03-01
CUS_0x5e22_2023_05_01,CUS_0x5e22,1/5/2023,10,10,10000,1000,1000,0,0,1/3/2024,2024-03-01,2025-11-09 07:06:39.639615,data/lms_loan_daily.csv,2024-03-01
CUS_0x5e28_2023_11_01,CUS_0x5e28,1/11/2023,10,4,10000,1000,1000,0,6000,1/3/2024,2024-03-01,2025-11-09 07:06:39.639615,data/lms_loan_daily.csv,2024-03-01
CUS_0x5e2d_2023_07_01,CUS_0x5e2d,1/7/2023,10,8,10000,1000,1000,0,2000,1/3/2024,2024-03-01,2025-11-09 07:06:39.639615,data/lms_loan_daily.csv,2024-03-01
CUS_0x5e33_2024_02_01,CUS_0x5e33,1/2/2024,10,1,10000,1000,0,1000,10000,1/3/2024,2024-03-01,2025-11-09 07:06:39.639615,data/lms_loan_daily.csv,2024-03-01
CUS_0x5e34_2023_11_01,CUS_0x5e34,1/11/2023,10,4,10000,1000,1000,0,6000,1/3/2024,2024-03-01,2025-11-09 07:06:39.639615,data/lms_loan_daily.csv,2024-03-01
CUS_0x5e3b_2023_10_01,CUS_0x5e3b,1/10/2023,10,5,10000,1000,0,3000,8000,1/3/2024,2024-03-01,2025-11-09 07:06:39.639615,data/lms_loan_daily.csv,2024-03-01
CUS_0x5e3d_2023_06_01,CUS_0x5e3d,1/6/2023,10,9,10000,1000,1000,0,1000,1/3/2024,2024-03-01,2025-11-09 07:06:39.639615,data/lms_loan_daily.csv,2024-03-01
CUS_0x5e3e_2023_12_01,CUS_0x5e3e,1/12/2023,10,3,10000,1000,0,1000,8000,1/3/2024,2024-03-01,2025-11-09 07:06:39.639615,data/lms_loan_daily.csv,2024-03-01
CUS_0x5e3f_2024_03_01,CUS_0x5e3f,1/3/2024,10,0,10000,0,0,0,10000,1/3/2024,2024-03-01,2025-11-09 07:06:39.639615,data/lms_loan_daily.csv,2024-03-01
CUS_0x5e43_2024_01_01,CUS_0x5e43,1/1/2024,10,2,10000,1000,1000,0,8000,1/3/2024,2024-03-01,2025-11-09 07:06:39.639615,data/lms_loan_daily.csv,2024-03-01
CUS_0x5e46_2024_02_01,CUS_0x5e46,1/2/2024,10,1,10000,1000,1000,0,9000,1/3/2024,2024-03-01,2025-11-09 07:06:39.639615,data/lms_loan_daily.csv,2024-03-01
CUS_0x5e56_2023_06_01,CUS_0x5e56,1/6/2023,10,9,10000,1000,1000,0,1000,1/3/2024,2024-03-01,2025-11-09 07:06:39.639615,data/lms_loan_daily.csv,2024-03-01
CUS_0x5e61_2024_01_01,CUS_0x5e61,1/1/2024,10,2,10000,1000,1000,0,8000,1/3/2024,2024-03-01,2025-11-09 07:06:39.639615,data/lms_loan_daily.csv,2024-03-01
CUS_0x5e6a_2024_03_01,CUS_0x5e6a,1/3/2024,10,0,10000,0,0,0,10000,1/3/2024,2024-03-01,2025-11-09 07:06:39.639615,data/lms_loan_daily.csv,2024-03-01
CUS_0x5e70_2023_10_01,CUS_0x5e70,1/10/2023,10,5,10000,1000,1000,0,5000,1/3/2024,2024-03-01,2025-11-09 07:06:39.639615,data/lms_loan_daily.csv,2024-03-01
CUS_0x5e73_2023_09_01,CUS_0x5e73,1/9/2023,10,6,10000,1000,1000,0,4000,1/3/2024,2024-03-01,2025-11-09 07:06:39.639615,data/lms_loan_daily.csv,2024-03-01
CUS_0x5e78_2023_08_01,CUS_0x5e78,1/8/2023,10,7,10000,1000,1000,0,3000,1/3/2024,2024-03-01,2025-11-09 07:06:39.639615,data/lms_loan_daily.csv,2024-03-01
CUS_0x5e84_2024_03_01,CUS_0x5e84,1/3/2024,10,0,10000,0,0,0,10000,1/3/2024,2024-03-01,2025-11-09 07:06:39.639615,data/lms_loan_daily.csv,2024-03-01
CUS_0x5e89_2024_03_01,CUS_0x5e89,1/3/2024,10,0,10000,0,0,0,10000,1/3/2024,2024-03-01,2025-11-09 07:06:39.639615,data/lms_loan_daily.csv,2024-03-01
CUS_0x5e8f_2023_11_01,CUS_0x5e8f,1/11/2023,10,4,10000,1000,1000,0,6000,1/3/2024,2024-03-01,2025-11-09 07:06:39.639615,data/lms_loan_daily.csv,2024-03-01
CUS_0x5e96_2023_06_01,CUS_0x5e96,1/6/2023,10,9,10000,1000,0,8000,9000,1/3/2024,2024-03-01,2025-11-09 07:06:39.639615,data/lms_loan_daily.csv,2024-03-01
CUS_0x5e99_2023_05_01,CUS_0x5e99,1/5/2023,10,10,10000,1000,1000,0,0,1/3/2024,2024-03-01,2025-11-09 07:06:39.639615,data/lms_loan_daily.csv,2024-03-01
CUS_0x5ecb_2024_03_01,CUS_0x5ecb,1/3/2024,10,0,10000,0,0,0,10000,1/3/2024,2024-03-01,2025-11-09 07:06:39.639615,data/lms_loan_daily.csv,2024-03-01
CUS_0x5ece_2023_06_01,CUS_0x5ece,1/6/2023,10,9,10000,1000,1000,0,1000,1/3/2024,2024-03-01,2025-11-09 07:06:39.639615,data/lms_loan_daily.csv,2024-03-01
CUS_0x5ecf_2023_06_01,CUS_0x5ecf,1/6/2023,10,9,10000,1000,0,9000,10000,1/3/2024,2024-03-01,2025-11-09 07:06:39.639615,data/lms_loan_daily.csv,2024-03-01
CUS_0x5ee1_2023_05_01,CUS_0x5ee1,1/5/2023,10,10,10000,1000,1000,0,0,1/3/2024,2024-03-01,2025-11-09 07:06:39.639615,data/lms_loan_daily.csv,2024-03-01
CUS_0x5ee7_2023_10_01,CUS_0x5ee7,1/10/2023,10,5,10000,1000,0,2000,7000,1/3/2024,2024-03-01,2025-11-09 07:06:39.639615,data/lms_loan_daily.csv,2024-03-01
CUS_0x5eec_2024_02_01,CUS_0x5eec,1/2/2024,10,1,10000,1000,1000,0,9000,1/3/2024,2024-03-01,2025-11-09 07:06:39.639615,data/lms_loan_daily.csv,2024-03-01
CUS_0x5efc_2023_08_01,CUS_0x5efc,1/8/2023,10,7,10000,1000,0,6000,9000,1/3/2024,2024-03-01,2025-11-09 07:06:39.639615,data/lms_loan_daily.csv,2024-03-01
CUS_0x5f0f_2023_07_01,CUS_0x5f0f,1/7/2023,10,8,10000,1000,1000,0,2000,1/3/2024,2024-03-01,2025-11-09 07:06:39.639615,data/lms_loan_daily.csv,2024-03-01
CUS_0x5f25_2023_05_01,CUS_0x5f25,1/5/2023,10,10,10000,1000,1000,0,0,1/3/2024,2024-03-01,2025-11-09 07:06:39.639615,data/lms_loan_daily.csv,2024-03-01
CUS_0x5f2f_2023_12_01,CUS_0x5f2f,1/12/2023,10,3,10000,1000,1000,0,7000,1/3/2024,2024-03-01,2025-11-09 07:06:39.639615,data/lms_loan_daily.csv,2024-03-01
CUS_0x5f34_2023_12_01,CUS_0x5f34,1/12/2023,10,3,10000,1000,1000,0,7000,1/3/2024,2024-03-01,2025-11-09 07:06:39.639615,data/lms_loan_daily.csv,2024-03-01
CUS_0x5f3b_2024_02_01,CUS_0x5f3b,1/2/2024,10,1,10000,1000,1000,0,9000,1/3/2024,2024-03-01,2025-11-09 07:06:39.639615,data/lms_loan_daily.csv,2024-03-01
CUS_0x5f3f_2024_01_01,CUS_0x5f3f,1/1/2024,10,2,10000,1000,1000,0,8000,1/3/2024,2024-03-01,2025-11-09 07:06:39.639615,data/lms_loan_daily.csv,2024-03-01
CUS_0x5f43_2024_03_01,CUS_0x5f43,1/3/2024,10,0,10000,0,0,0,10000,1/3/2024,2024-03-01,2025-11-09 07:06:39.639615,data/lms_loan_daily.csv,2024-03-01
CUS_0x5f5a_2023_08_01,CUS_0x5f5a,1/8/2023,10,7,10000,1000,1000,0,3000,1/3/2024,2024-03-01,2025-11-09 07:06:39.639615,data/lms_loan_daily.csv,2024-03-01
CUS_0x5f5d_2023_07_01,CUS_0x5f5d,1/7/2023,10,8,10000,1000,1000,0,2000,1/3/2024,2024-03-01,2025-11-09 07:06:39.639615,data/lms_loan_daily.csv,2024-03-01
CUS_0x5f61_2024_03_01,CUS_0x5f61,1/3/2024,10,0,10000,0,0,0,10000,1/3/2024,2024-03-01,2025-11-09 07:06:39.639615,data/lms_loan_daily.csv,2024-03-01
CUS_0x5f64_2023_10_01,CUS_0x5f64,1/10/2023,10,5,10000,1000,0,2000,7000,1/3/2024,2024-03-01,2025-11-09 07:06:39.639615,data/lms_loan_daily.csv,2024-03-01
CUS_0x5f7e_2024_02_01,CUS_0x5f7e,1/2/2024,10,1,10000,1000,1000,0,9000,1/3/2024,2024-03-01,2025-11-09 07:06:39.639615,data/lms_loan_daily.csv,2024-03-01
CUS_0x5f81_2024_01_01,CUS_0x5f81,1/1/2024,10,2,10000,1000,1000,0,8000,1/3/2024,2024-03-01,2025-11-09 07:06:39.639615,data/lms_loan_daily.csv,2024-03-01
CUS_0x5f83_2023_07_01,CUS_0x5f83,1/7/2023,10,8,10000,1000,1000,0,2000,1/3/2024,2024-03-01,2025-11-09 07:06:39.639615,data/lms_loan_daily.csv,2024-03-01
CUS_0x5f86_2023_12_01,CUS_0x5f86,1/12/2023,10,3,10000,1000,1000,0,7000,1/3/2024,2024-03-01,2025-11-09 07:06:39.639615,data/lms_loan_daily.csv,2024-03-01
CUS_0x5f89_2023_09_01,CUS_0x5f89,1/9/2023,10,6,10000,1000,1000,0,4000,1/3/2024,2024-03-01,2025-11-09 07:06:39.639615,data/lms_loan_daily.csv,2024-03-01
CUS_0x5f9_2023_10_01,CUS_0x5f9,1/10/2023,10,5,10000,1000,0,3000,8000,1/3/2024,2024-03-01,2025-11-09 07:06:39.639615,data/lms_loan_daily.csv,2024-03-01
CUS_0x5f90_2023_12_01,CUS_0x5f90,1/12/2023,10,3,10000,1000,0,2000,9000,1/3/2024,2024-03-01,2025-11-09 07:06:39.639615,data/lms_loan_daily.csv,2024-03-01
CUS_0x5f92_2023_12_01,CUS_0x5f92,1/12/2023,10,3,10000,1000,1000,0,7000,1/3/2024,2024-03-01,2025-11-09 07:06:39.639615,data/lms_loan_daily.csv,2024-03-01
CUS_0x5f97_2023_11_01,CUS_0x5f97,1/11/2023,10,4,10000,1000,1000,0,6000,1/3/2024,2024-03-01,2025-11-09 07:06:39.639615,data/lms_loan_daily.csv,2024-03-01
CUS_0x5fbf_2023_07_01,CUS_0x5fbf,1/7/2023,10,8,10000,1000,0,7000,9000,1/3/2024,2024-03-01,2025-11-09 07:06:39.639615,data/lms_loan_daily.csv,2024-03-01
CUS_0x5fc2_2023_12_01,CUS_0x5fc2,1/12/2023,10,3,10000,1000,1000,0,7000,1/3/2024,2024-03-01,2025-11-09 07:06:39.639615,data/lms_loan_daily.csv,2024-03-01
CUS_0x5fc6_2023_05_01,CUS_0x5fc6,1/5/2023,10,10,10000,1000,1000,0,0,1/3/2024,2024-03-01,2025-11-09 07:06:39.639615,data/lms_loan_daily.csv,2024-03-01
CUS_0x5fca_2023_11_01,CUS_0x5fca,1/11/2023,10,4,10000,1000,1000,0,6000,1/3/2024,2024-03-01,2025-11-09 07:06:39.639615,data/lms_loan_daily.csv,2024-03-01
CUS_0x5fcb_2023_05_01,CUS_0x5fcb,1/5/2023,10,10,10000,1000,1000,0,0,1/3/2024,2024-03-01,2025-11-09 07:06:39.639615,data/lms_loan_daily.csv,2024-03-01
CUS_0x5fcd_2023_11_01,CUS_0x5fcd,1/11/2023,10,4,10000,1000,1000,0,6000,1/3/2024,2024-03-01,2025-11-09 07:06:39.639615,data/lms_loan_daily.csv,2024-03-01
CUS_0x5fd1_2023_11_01,CUS_0x5fd1,1/11/2023,10,4,10000,1000,1000,0,6000,1/3/2024,2024-03-01,2025-11-09 07:06:39.639615,data/lms_loan_daily.csv,2024-03-01
CUS_0x5fd2_2023_08_01,CUS_0x5fd2,1/8/2023,10,7,10000,1000,1000,0,3000,1/3/2024,2024-03-01,2025-11-09 07:06:39.639615,data/lms_loan_daily.csv,2024-03-01
CUS_0x5fd3_2023_10_01,CUS_0x5fd3,1/10/2023,10,5,10000,1000,1000,0,5000,1/3/2024,2024-03-01,2025-11-09 07:06:39.639615,data/lms_loan_daily.csv,2024-03-01
CUS_0x5fd6_2023_08_01,CUS_0x5fd6,1/8/2023,10,7,10000,1000,1000,0,3000,1/3/2024,2024-03-01,2025-11-09 07:06:39.639615,data/lms_loan_daily.csv,2024-03-01
CUS_0x5fd8_2024_02_01,CUS_0x5fd8,1/2/2024,10,1,10000,1000,1000,0,9000,1/3/2024,2024-03-01,2025-11-09 07:06:39.639615,data/lms_loan_daily.csv,2024-03-01
CUS_0x5fe3_2024_02_01,CUS_0x5fe3,1/2/2024,10,1,10000,1000,1000,0,9000,1/3/2024,2024-03-01,2025-11-09 07:06:39.639615,data/lms_loan_daily.csv,2024-03-01
CUS_0x5fec_2023_09_01,CUS_0x5fec,1/9/2023,10,6,10000,1000,1000,0,4000,1/3/2024,2024-03-01,2025-11-09 07:06:39.639615,data/lms_loan_daily.csv,2024-03-01
CUS_0x5ff6_2023_07_01,CUS_0x5ff6,1/7/2023,10,8,10000,1000,0,6000,8000,1/3/2024,2024-03-01,2025-11-09 07:06:39.639615,data/lms_loan_daily.csv,2024-03-01
CUS_0x5ff9_2023_11_01,CUS_0x5ff9,1/11/2023,10,4,10000,1000,1000,0,6000,1/3/2024,2024-03-01,2025-11-09 07:06:39.639615,data/lms_loan_daily.csv,2024-03-01
CUS_0x6000_2024_02_01,CUS_0x6000,1/2/2024,10,1,10000,1000,1000,0,9000,1/3/2024,2024-03-01,2025-11-09 07:06:39.639615,data/lms_loan_daily.csv,2024-03-01
CUS_0x6010_2023_07_01,CUS_0x6010,1/7/2023,10,8,10000,1000,1000,0,2000,1/3/2024,2024-03-01,2025-11-09 07:06:39.639615,data/lms_loan_daily.csv,2024-03-01
CUS_0x6020_2024_03_01,CUS_0x6020,1/3/2024,10,0,10000,0,0,0,10000,1/3/2024,2024-03-01,2025-11-09 07:06:39.639615,data/lms_loan_daily.csv,2024-03-01
CUS_0x6032_2023_10_01,CUS_0x6032,1/10/2023,10,5,10000,1000,0,1000,6000,1/3/2024,2024-03-01,2025-11-09 07:06:39.639615,data/lms_loan_daily.csv,2024-03-01
CUS_0x603a_2023_06_01,CUS_0x603a,1/6/2023,10,9,10000,1000,1000,0,1000,1/3/2024,2024-03-01,2025-11-09 07:06:39.639615,data/lms_loan_daily.csv,2024-03-01
CUS_0x6048_2023_09_01,CUS_0x6048,1/9/2023,10,6,10000,1000,0,3000,7000,1/3/2024,2024-03-01,2025-11-09 07:06:39.639615,data/lms_loan_daily.csv,2024-03-01
CUS_0x6054_2023_07_01,CUS_0x6054,1/7/2023,10,8,10000,1000,1000,0,2000,1/3/2024,2024-03-01,2025-11-09 07:06:39.639615,data/lms_loan_daily.csv,2024-03-01
CUS_0x6058_2024_01_01,CUS_0x6058,1/1/2024,10,2,10000,1000,1000,0,8000,1/3/2024,2024-03-01,2025-11-09 07:06:39.639615,data/lms_loan_daily.csv,2024-03-01
CUS_0x6068_2023_12_01,CUS_0x6068,1/12/2023,10,3,10000,1000,1000,0,7000,1/3/2024,2024-03-01,2025-11-09 07:06:39.639615,data/lms_loan_daily.csv,2024-03-01
CUS_0x6072_2023_05_01,CUS_0x6072,1/5/2023,10,10,10000,1000,1000,0,0,1/3/2024,2024-03-01,2025-11-09 07:06:39.639615,data/lms_loan_daily.csv,2024-03-01
CUS_0x6077_2024_03_01,CUS_0x6077,1/3/2024,10,0,10000,0,0,0,10000,1/3/2024,2024-03-01,2025-11-09 07:06:39.639615,data/lms_loan_daily.csv,2024-03-01
CUS_0x6079_2023_11_01,CUS_0x6079,1/11/2023,10,4,10000,1000,0,2000,8000,1/3/2024,2024-03-01,2025-11-09 07:06:39.639615,data/lms_loan_daily.csv,2024-03-01
CUS_0x6080_2023_08_01,CUS_0x6080,1/8/2023,10,7,10000,1000,1000,0,3000,1/3/2024,2024-03-01,2025-11-09 07:06:39.639615,data/lms_loan_daily.csv,2024-03-01
CUS_0x6084_2023_08_01,CUS_0x6084,1/8/2023,10,7,10000,1000,0,5000,8000,1/3/2024,2024-03-01,2025-11-09 07:06:39.639615,data/lms_loan_daily.csv,2024-03-01
CUS_0x6087_2024_01_01,CUS_0x6087,1/1/2024,10,2,10000,1000,1000,0,8000,1/3/2024,2024-03-01,2025-11-09 07:06:39.639615,data/lms_loan_daily.csv,2024-03-01
CUS_0x6092_2023_07_01,CUS_0x6092,1/7/2023,10,8,10000,1000,0,5000,7000,1/3/2024,2024-03-01,2025-11-09 07:06:39.639615,data/lms_loan_daily.csv,2024-03-01
CUS_0x60a2_2023_11_01,CUS_0x60a2,1/11/2023,10,4,10000,1000,1000,0,6000,1/3/2024,2024-03-01,2025-11-09 07:06:39.639615,data/lms_loan_daily.csv,2024-03-01
CUS_0x60aa_2024_01_01,CUS_0x60aa,1/1/2024,10,2,10000,1000,1000,0,8000,1/3/2024,2024-03-01,2025-11-09 07:06:39.639615,data/lms_loan_daily.csv,2024-03-01
CUS_0x60ad_2024_03_01,CUS_0x60ad,1/3/2024,10,0,10000,0,0,0,10000,1/3/2024,2024-03-01,2025-11-09 07:06:39.639615,data/lms_loan_daily.csv,2024-03-01
CUS_0x60af_2023_11_01,CUS_0x60af,1/11/2023,10,4,10000,1000,1000,0,6000,1/3/2024,2024-03-01,2025-11-09 07:06:39.639615,data/lms_loan_daily.csv,2024-03-01
CUS_0x60b6_2023_12_01,CUS_0x60b6,1/12/2023,10,3,10000,1000,1000,0,7000,1/3/2024,2024-03-01,2025-11-09 07:06:39.639615,data/lms_loan_daily.csv,2024-03-01
CUS_0x60c0_2023_10_01,CUS_0x60c0,1/10/2023,10,5,10000,1000,1000,0,5000,1/3/2024,2024-03-01,2025-11-09 07:06:39.639615,data/lms_loan_daily.csv,2024-03-01
CUS_0x60c8_2023_09_01,CUS_0x60c8,1/9/2023,10,6,10000,1000,1000,0,4000,1/3/2024,2024-03-01,2025-11-09 07:06:39.639615,data/lms_loan_daily.csv,2024-03-01
CUS_0x60ca_2024_01_01,CUS_0x60ca,1/1/2024,10,2,10000,1000,1000,0,8000,1/3/2024,2024-03-01,2025-11-09 07:06:39.639615,data/lms_loan_daily.csv,2024-03-01
CUS_0x60d5_2024_02_01,CUS_0x60d5,1/2/2024,10,1,10000,1000,1000,0,9000,1/3/2024,2024-03-01,2025-11-09 07:06:39.639615,data/lms_loan_daily.csv,2024-03-01
CUS_0x60e8_2023_06_01,CUS_0x60e8,1/6/2023,10,9,10000,1000,1000,0,1000,1/3/2024,2024-03-01,2025-11-09 07:06:39.639615,data/lms_loan_daily.csv,2024-03-01
CUS_0x60ec_2023_11_01,CUS_0x60ec,1/11/2023,10,4,10000,1000,1000,0,6000,1/3/2024,2024-03-01,2025-11-09 07:06:39.639615,data/lms_loan_daily.csv,2024-03-01
CUS_0x60f1_2023_11_01,CUS_0x60f1,1/11/2023,10,4,10000,1000,0,2000,8000,1/3/2024,2024-03-01,2025-11-09 07:06:39.639615,data/lms_loan_daily.csv,2024-03-01
CUS_0x60f9_2024_03_01,CUS_0x60f9,1/3/2024,10,0,10000,0,0,0,10000,1/3/2024,2024-03-01,2025-11-09 07:06:39.639615,data/lms_loan_daily.csv,2024-03-01
CUS_0x6102_2023_07_01,CUS_0x6102,1/7/2023,10,8,10000,1000,1000,0,2000,1/3/2024,2024-03-01,2025-11-09 07:06:39.639615,data/lms_loan_daily.csv,2024-03-01
CUS_0x6109_2023_12_01,CUS_0x6109,1/12/2023,10,3,10000,1000,1000,0,7000,1/3/2024,2024-03-01,2025-11-09 07:06:39.639615,data/lms_loan_daily.csv,2024-03-01
CUS_0x6112_2023_09_01,CUS_0x6112,1/9/2023,10,6,10000,1000,1000,0,4000,1/3/2024,2024-03-01,2025-11-09 07:06:39.639615,data/lms_loan_daily.csv,2024-03-01
CUS_0x6117_2024_03_01,CUS_0x6117,1/3/2024,10,0,10000,0,0,0,10000,1/3/2024,2024-03-01,2025-11-09 07:06:39.639615,data/lms_loan_daily.csv,2024-03-01
CUS_0x6119_2023_12_01,CUS_0x6119,1/12/2023,10,3,10000,1000,1000,0,7000,1/3/2024,2024-03-01,2025-11-09 07:06:39.639615,data/lms_loan_daily.csv,2024-03-01
CUS_0x612b_2024_01_01,CUS_0x612b,1/1/2024,10,2,10000,1000,1000,0,8000,1/3/2024,2024-03-01,2025-11-09 07:06:39.639615,data/lms_loan_daily.csv,2024-03-01
CUS_0x612e_2023_07_01,CUS_0x612e,1/7/2023,10,8,10000,1000,1000,0,2000,1/3/2024,2024-03-01,2025-11-09 07:06:39.639615,data/lms_loan_daily.csv,2024-03-01
CUS_0x6136_2023_11_01,CUS_0x6136,1/11/2023,10,4,10000,1000,1000,0,6000,1/3/2024,2024-03-01,2025-11-09 07:06:39.639615,data/lms_loan_daily.csv,2024-03-01
CUS_0x613c_2023_11_01,CUS_0x613c,1/11/2023,10,4,10000,1000,1000,0,6000,1/3/2024,2024-03-01,2025-11-09 07:06:39.639615,data/lms_loan_daily.csv,2024-03-01
CUS_0x6142_2023_10_01,CUS_0x6142,1/10/2023,10,5,10000,1000,1000,0,5000,1/3/2024,2024-03-01,2025-11-09 07:06:39.639615,data/lms_loan_daily.csv,2024-03-01
CUS_0x6148_2023_07_01,CUS_0x6148,1/7/2023,10,8,10000,1000,0,5000,7000,1/3/2024,2024-03-01,2025-11-09 07:06:39.639615,data/lms_loan_daily.csv,2024-03-01
CUS_0x614d_2024_03_01,CUS_0x614d,1/3/2024,10,0,10000,0,0,0,10000,1/3/2024,2024-03-01,2025-11-09 07:06:39.639615,data/lms_loan_daily.csv,2024-03-01
CUS_0x614e_2023_05_01,CUS_0x614e,1/5/2023,10,10,10000,1000,1000,0,0,1/3/2024,2024-03-01,2025-11-09 07:06:39.639615,data/lms_loan_daily.csv,2024-03-01
CUS_0x6160_2024_01_01,CUS_0x6160,1/1/2024,10,2,10000,1000,0,1000,9000,1/3/2024,2024-03-01,2025-11-09 07:06:39.639615,data/lms_loan_daily.csv,2024-03-01
CUS_0x6171_2023_05_01,CUS_0x6171,1/5/2023,10,10,10000,1000,1000,0,0,1/3/2024,2024-03-01,2025-11-09 07:06:39.639615,data/lms_loan_daily.csv,2024-03-01
CUS_0x6172_2023_11_01,CUS_0x6172,1/11/2023,10,4,10000,1000,0,2000,8000,1/3/2024,2024-03-01,2025-11-09 07:06:39.639615,data/lms_loan_daily.csv,2024-03-01
CUS_0x617c_2023_09_01,CUS_0x617c,1/9/2023,10,6,10000,1000,0,5000,9000,1/3/2024,2024-03-01,2025-11-09 07:06:39.639615,data/lms_loan_daily.csv,2024-03-01
CUS_0x6184_2024_01_01,CUS_0x6184,1/1/2024,10,2,10000,1000,1000,0,8000,1/3/2024,2024-03-01,2025-11-09 07:06:39.639615,data/lms_loan_daily.csv,2024-03-01
CUS_0x6187_2024_03_01,CUS_0x6187,1/3/2024,10,0,10000,0,0,0,10000,1/3/2024,2024-03-01,2025-11-09 07:06:39.639615,data/lms_loan_daily.csv,2024-03-01
CUS_0x618b_2023_12_01,CUS_0x618b,1/12/2023,10,3,10000,1000,0,1000,8000,1/3/2024,2024-03-01,2025-11-09 07:06:39.639615,data/lms_loan_daily.csv,2024-03-01
CUS_0x6197_2023_10_01,CUS_0x6197,1/10/2023,10,5,10000,1000,0,1000,6000,1/3/2024,2024-03-01,2025-11-09 07:06:39.639615,data/lms_loan_daily.csv,2024-03-01
CUS_0x61a1_2023_05_01,CUS_0x61a1,1/5/2023,10,10,10000,1000,1000,0,0,1/3/2024,2024-03-01,2025-11-09 07:06:39.639615,data/lms_loan_daily.csv,2024-03-01
CUS_0x61a4_2024_01_01,CUS_0x61a4,1/1/2024,10,2,10000,1000,1000,0,8000,1/3/2024,2024-03-01,2025-11-09 07:06:39.639615,data/lms_loan_daily.csv,2024-03-01
CUS_0x61a5_2024_01_01,CUS_0x61a5,1/1/2024,10,2,10000,1000,2000,0,8000,1/3/2024,2024-03-01,2025-11-09 07:06:39.639615,data/lms_loan_daily.csv,2024-03-01
CUS_0x61ab_2024_02_01,CUS_0x61ab,1/2/2024,10,1,10000,1000,1000,0,9000,1/3/2024,2024-03-01,2025-11-09 07:06:39.639615,data/lms_loan_daily.csv,2024-03-01
CUS_0x61c2_2023_07_01,CUS_0x61c2,1/7/2023,10,8,10000,1000,1000,0,2000,1/3/2024,2024-03-01,2025-11-09 07:06:39.639615,data/lms_loan_daily.csv,2024-03-01
CUS_0x61c8_2024_03_01,CUS_0x61c8,1/3/2024,10,0,10000,0,0,0,10000,1/3/2024,2024-03-01,2025-11-09 07:06:39.639615,data/lms_loan_daily.csv,2024-03-01
CUS_0x61d3_2024_02_01,CUS_0x61d3,1/2/2024,10,1,10000,1000,1000,0,9000,1/3/2024,2024-03-01,2025-11-09 07:06:39.639615,data/lms_loan_daily.csv,2024-03-01
CUS_0x61d4_2023_08_01,CUS_0x61d4,1/8/2023,10,7,10000,1000,0,5000,8000,1/3/2024,2024-03-01,2025-11-09 07:06:39.639615,data/lms_loan_daily.csv,2024-03-01
CUS_0x61e1_2024_02_01,CUS_0x61e1,1/2/2024,10,1,10000,1000,1000,0,9000,1/3/2024,2024-03-01,2025-11-09 07:06:39.639615,data/lms_loan_daily.csv,2024-03-01
CUS_0x61e4_2023_06_01,CUS_0x61e4,1/6/2023,10,9,10000,1000,1000,0,1000,1/3/2024,2024-03-01,2025-11-09 07:06:39.639615,data/lms_loan_daily.csv,2024-03-01
CUS_0x61f7_2023_05_01,CUS_0x61f7,1/5/2023,10,10,10000,1000,1000,0,0,1/3/2024,2024-03-01,2025-11-09 07:06:39.639615,data/lms_loan_daily.csv,2024-03-01
CUS_0x61f8_2023_05_01,CUS_0x61f8,1/5/2023,10,10,10000,1000,1000,0,0,1/3/2024,2024-03-01,2025-11-09 07:06:39.639615,data/lms_loan_daily.csv,2024-03-01
CUS_0x6200_2023_07_01,CUS_0x6200,1/7/2023,10,8,10000,1000,0,5000,7000,1/3/2024,2024-03-01,2025-11-09 07:06:39.639615,data/lms_loan_daily.csv,2024-03-01
CUS_0x6207_2023_09_01,CUS_0x6207,1/9/2023,10,6,10000,1000,1000,0,4000,1/3/2024,2024-03-01,2025-11-09 07:06:39.639615,data/lms_loan_daily.csv,2024-03-01
CUS_0x620b_2023_05_01,CUS_0x620b,1/5/2023,10,10,10000,1000,1000,0,0,1/3/2024,2024-03-01,2025-11-09 07:06:39.639615,data/lms_loan_daily.csv,2024-03-01
CUS_0x621_2023_11_01,CUS_0x621,1/11/2023,10,4,10000,1000,1000,0,6000,1/3/2024,2024-03-01,2025-11-09 07:06:39.639615,data/lms_loan_daily.csv,2024-03-01
CUS_0x6213_2023_12_01,CUS_0x6213,1/12/2023,10,3,10000,1000,1000,0,7000,1/3/2024,2024-03-01,2025-11-09 07:06:39.639615,data/lms_loan_daily.csv,2024-03-01
CUS_0x622e_2023_08_01,CUS_0x622e,1/8/2023,10,7,10000,1000,1000,0,3000,1/3/2024,2024-03-01,2025-11-09 07:06:39.639615,data/lms_loan_daily.csv,2024-03-01
CUS_0x6240_2023_08_01,CUS_0x6240,1/8/2023,10,7,10000,1000,1000,0,3000,1/3/2024,2024-03-01,2025-11-09 07:06:39.639615,data/lms_loan_daily.csv,2024-03-01
CUS_0x624b_2023_11_01,CUS_0x624b,1/11/2023,10,4,10000,1000,0,3000,9000,1/3/2024,2024-03-01,2025-11-09 07:06:39.639615,data/lms_loan_daily.csv,2024-03-01
CUS_0x624c_2024_03_01,CUS_0x624c,1/3/2024,10,0,10000,0,0,0,10000,1/3/2024,2024-03-01,2025-11-09 07:06:39.639615,data/lms_loan_daily.csv,2024-03-01
CUS_0x6273_2023_11_01,CUS_0x6273,1/11/2023,10,4,10000,1000,1000,0,6000,1/3/2024,2024-03-01,2025-11-09 07:06:39.639615,data/lms_loan_daily.csv,2024-03-01
CUS_0x6277_2023_09_01,CUS_0x6277,1/9/2023,10,6,10000,1000,0,4000,8000,1/3/2024,2024-03-01,2025-11-09 07:06:39.639615,data/lms_loan_daily.csv,2024-03-01
CUS_0x628_2023_10_01,CUS_0x628,1/10/2023,10,5,10000,1000,1000,0,5000,1/3/2024,2024-03-01,2025-11-09 07:06:39.639615,data/lms_loan_daily.csv,2024-03-01
CUS_0x6287_2023_08_01,CUS_0x6287,1/8/2023,10,7,10000,1000,1000,0,3000,1/3/2024,2024-03-01,2025-11-09 07:06:39.639615,data/lms_loan_daily.csv,2024-03-01
CUS_0x628b_2023_08_01,CUS_0x628b,1/8/2023,10,7,10000,1000,0,5000,8000,1/3/2024,2024-03-01,2025-11-09 07:06:39.639615,data/lms_loan_daily.csv,2024-03-01
CUS_0x628e_2023_07_01,CUS_0x628e,1/7/2023,10,8,10000,1000,1000,0,2000,1/3/2024,2024-03-01,2025-11-09 07:06:39.639615,data/lms_loan_daily.csv,2024-03-01
CUS_0x629_2024_03_01,CUS_0x629,1/3/2024,10,0,10000,0,0,0,10000,1/3/2024,2024-03-01,2025-11-09 07:06:39.639615,data/lms_loan_daily.csv,2024-03-01
CUS_0x62a6_2023_09_01,CUS_0x62a6,1/9/2023,10,6,10000,1000,1000,0,4000,1/3/2024,2024-03-01,2025-11-09 07:06:39.639615,data/lms_loan_daily.csv,2024-03-01
CUS_0x62ad_2024_02_01,CUS_0x62ad,1/2/2024,10,1,10000,1000,1000,0,9000,1/3/2024,2024-03-01,2025-11-09 07:06:39.639615,data/lms_loan_daily.csv,2024-03-01
CUS_0x62be_2023_06_01,CUS_0x62be,1/6/2023,10,9,10000,1000,1000,0,1000,1/3/2024,2024-03-01,2025-11-09 07:06:39.639615,data/lms_loan_daily.csv,2024-03-01
CUS_0x62c3_2024_01_01,CUS_0x62c3,1/1/2024,10,2,10000,1000,1000,0,8000,1/3/2024,2024-03-01,2025-11-09 07:06:39.639615,data/lms_loan_daily.csv,2024-03-01
CUS_0x62c6_2024_02_01,CUS_0x62c6,1/2/2024,10,1,10000,1000,1000,0,9000,1/3/2024,2024-03-01,2025-11-09 07:06:39.639615,data/lms_loan_daily.csv,2024-03-01
CUS_0x62cf_2023_07_01,CUS_0x62cf,1/7/2023,10,8,10000,1000,0,7000,9000,1/3/2024,2024-03-01,2025-11-09 07:06:39.639615,data/lms_loan_daily.csv,2024-03-01
CUS_0x62d2_2023_11_01,CUS_0x62d2,1/11/2023,10,4,10000,1000,1000,0,6000,1/3/2024,2024-03-01,2025-11-09 07:06:39.639615,data/lms_loan_daily.csv,2024-03-01
CUS_0x62e4_2023_06_01,CUS_0x62e4,1/6/2023,10,9,10000,1000,1000,0,1000,1/3/2024,2024-03-01,2025-11-09 07:06:39.639615,data/lms_loan_daily.csv,2024-03-01
CUS_0x62e9_2023_11_01,CUS_0x62e9,1/11/2023,10,4,10000,1000,3000,0,6000,1/3/2024,2024-03-01,2025-11-09 07:06:39.639615,data/lms_loan_daily.csv,2024-03-01
CUS_0x62ec_2023_12_01,CUS_0x62ec,1/12/2023,10,3,10000,1000,1000,0,7000,1/3/2024,2024-03-01,2025-11-09 07:06:39.639615,data/lms_loan_daily.csv,2024-03-01
CUS_0x6308_2024_03_01,CUS_0x6308,1/3/2024,10,0,10000,0,0,0,10000,1/3/2024,2024-03-01,2025-11-09 07:06:39.639615,data/lms_loan_daily.csv,2024-03-01
CUS_0x632_2023_12_01,CUS_0x632,1/12/2023,10,3,10000,1000,0,2000,9000,1/3/2024,2024-03-01,2025-11-09 07:06:39.639615,data/lms_loan_daily.csv,2024-03-01
CUS_0x6322_2023_07_01,CUS_0x6322,1/7/2023,10,8,10000,1000,1000,0,2000,1/3/2024,2024-03-01,2025-11-09 07:06:39.639615,data/lms_loan_daily.csv,2024-03-01
CUS_0x6324_2023_11_01,CUS_0x6324,1/11/2023,10,4,10000,1000,1000,0,6000,1/3/2024,2024-03-01,2025-11-09 07:06:39.639615,data/lms_loan_daily.csv,2024-03-01
CUS_0x6325_2023_11_01,CUS_0x6325,1/11/2023,10,4,10000,1000,0,3000,9000,1/3/2024,2024-03-01,2025-11-09 07:06:39.639615,data/lms_loan_daily.csv,2024-03-01
CUS_0x632c_2023_06_01,CUS_0x632c,1/6/2023,10,9,10000,1000,1000,0,1000,1/3/2024,2024-03-01,2025-11-09 07:06:39.639615,data/lms_loan_daily.csv,2024-03-01
CUS_0x6331_2023_11_01,CUS_0x6331,1/11/2023,10,4,10000,1000,1000,0,6000,1/3/2024,2024-03-01,2025-11-09 07:06:39.639615,data/lms_loan_daily.csv,2024-03-01
CUS_0x6347_2023_09_01,CUS_0x6347,1/9/2023,10,6,10000,1000,1000,0,4000,1/3/2024,2024-03-01,2025-11-09 07:06:39.639615,data/lms_loan_daily.csv,2024-03-01
CUS_0x6349_2023_08_01,CUS_0x6349,1/8/2023,10,7,10000,1000,0,4000,7000,1/3/2024,2024-03-01,2025-11-09 07:06:39.639615,data/lms_loan_daily.csv,2024-03-01
CUS_0x634d_2024_01_01,CUS_0x634d,1/1/2024,10,2,10000,1000,1000,0,8000,1/3/2024,2024-03-01,2025-11-09 07:06:39.639615,data/lms_loan_daily.csv,2024-03-01
CUS_0x635d_2023_05_01,CUS_0x635d,1/5/2023,10,10,10000,1000,1000,0,0,1/3/2024,2024-03-01,2025-11-09 07:06:39.639615,data/lms_loan_daily.csv,2024-03-01
CUS_0x635e_2024_01_01,CUS_0x635e,1/1/2024,10,2,10000,1000,1000,0,8000,1/3/2024,2024-03-01,2025-11-09 07:06:39.639615,data/lms_loan_daily.csv,2024-03-01
CUS_0x639_2023_09_01,CUS_0x639,1/9/2023,10,6,10000,1000,1000,0,4000,1/3/2024,2024-03-01,2025-11-09 07:06:39.639615,data/lms_loan_daily.csv,2024-03-01
CUS_0x6397_2024_03_01,CUS_0x6397,1/3/2024,10,0,10000,0,0,0,10000,1/3/2024,2024-03-01,2025-11-09 07:06:39.639615,data/lms_loan_daily.csv,2024-03-01
CUS_0x6399_2023_10_01,CUS_0x6399,1/10/2023,10,5,10000,1000,1000,0,5000,1/3/2024,2024-03-01,2025-11-09 07:06:39.639615,data/lms_loan_daily.csv,2024-03-01
CUS_0x63a6_2023_05_01,CUS_0x63a6,1/5/2023,10,10,10000,1000,1000,0,0,1/3/2024,2024-03-01,2025-11-09 07:06:39.639615,data/lms_loan_daily.csv,2024-03-01
CUS_0x63b0_2024_02_01,CUS_0x63b0,1/2/2024,10,1,10000,1000,1000,0,9000,1/3/2024,2024-03-01,2025-11-09 07:06:39.639615,data/lms_loan_daily.csv,2024-03-01
CUS_0x63c1_2023_05_01,CUS_0x63c1,1/5/2023,10,10,10000,1000,1000,0,0,1/3/2024,2024-03-01,2025-11-09 07:06:39.639615,data/lms_loan_daily.csv,2024-03-01
CUS_0x63c3_2023_09_01,CUS_0x63c3,1/9/2023,10,6,10000,1000,1000,0,4000,1/3/2024,2024-03-01,2025-11-09 07:06:39.639615,data/lms_loan_daily.csv,2024-03-01
CUS_0x63db_2023_11_01,CUS_0x63db,1/11/2023,10,4,10000,1000,1000,0,6000,1/3/2024,2024-03-01,2025-11-09 07:06:39.639615,data/lms_loan_daily.csv,2024-03-01
CUS_0x63dd_2023_11_01,CUS_0x63dd,1/11/2023,10,4,10000,1000,0,1000,7000,1/3/2024,2024-03-01,2025-11-09 07:06:39.639615,data/lms_loan_daily.csv,2024-03-01
CUS_0x63ec_2023_05_01,CUS_0x63ec,1/5/2023,10,10,10000,1000,1000,0,0,1/3/2024,2024-03-01,2025-11-09 07:06:39.639615,data/lms_loan_daily.csv,2024-03-01
CUS_0x6400_2023_08_01,CUS_0x6400,1/8/2023,10,7,10000,1000,1000,0,3000,1/3/2024,2024-03-01,2025-11-09 07:06:39.639615,data/lms_loan_daily.csv,2024-03-01
CUS_0x6427_2023_09_01,CUS_0x6427,1/9/2023,10,6,10000,1000,1000,0,4000,1/3/2024,2024-03-01,2025-11-09 07:06:39.639615,data/lms_loan_daily.csv,2024-03-01
CUS_0x6428_2023_12_01,CUS_0x6428,1/12/2023,10,3,10000,1000,1000,0,7000,1/3/2024,2024-03-01,2025-11-09 07:06:39.639615,data/lms_loan_daily.csv,2024-03-01
CUS_0x643b_2023_07_01,CUS_0x643b,1/7/2023,10,8,10000,1000,1000,0,2000,1/3/2024,2024-03-01,2025-11-09 07:06:39.639615,data/lms_loan_daily.csv,2024-03-01
CUS_0x643c_2023_08_01,CUS_0x643c,1/8/2023,10,7,10000,1000,1000,0,3000,1/3/2024,2024-03-01,2025-11-09 07:06:39.639615,data/lms_loan_daily.csv,2024-03-01
CUS_0x644_2023_11_01,CUS_0x644,1/11/2023,10,4,10000,1000,1000,0,6000,1/3/2024,2024-03-01,2025-11-09 07:06:39.639615,data/lms_loan_daily.csv,2024-03-01
CUS_0x6440_2023_06_01,CUS_0x6440,1/6/2023,10,9,10000,1000,1000,0,1000,1/3/2024,2024-03-01,2025-11-09 07:06:39.639615,data/lms_loan_daily.csv,2024-03-01
CUS_0x644e_2023_06_01,CUS_0x644e,1/6/2023,10,9,10000,1000,1000,0,1000,1/3/2024,2024-03-01,2025-11-09 07:06:39.639615,data/lms_loan_daily.csv,2024-03-01
CUS_0x645f_2023_08_01,CUS_0x645f,1/8/2023,10,7,10000,1000,1000,0,3000,1/3/2024,2024-03-01,2025-11-09 07:06:39.639615,data/lms_loan_daily.csv,2024-03-01
CUS_0x646_2023_11_01,CUS_0x646,1/11/2023,10,4,10000,1000,0,2000,8000,1/3/2024,2024-03-01,2025-11-09 07:06:39.639615,data/lms_loan_daily.csv,2024-03-01
CUS_0x6468_2023_09_01,CUS_0x6468,1/9/2023,10,6,10000,1000,1000,0,4000,1/3/2024,2024-03-01,2025-11-09 07:06:39.639615,data/lms_loan_daily.csv,2024-03-01
CUS_0x646d_2023_05_01,CUS_0x646d,1/5/2023,10,10,10000,1000,0,9000,9000,1/3/2024,2024-03-01,2025-11-09 07:06:39.639615,data/lms_loan_daily.csv,2024-03-01
CUS_0x6478_2023_07_01,CUS_0x6478,1/7/2023,10,8,10000,1000,1000,0,2000,1/3/2024,2024-03-01,2025-11-09 07:06:39.639615,data/lms_loan_daily.csv,2024-03-01
CUS_0x6487_2024_02_01,CUS_0x6487,1/2/2024,10,1,10000,1000,1000,0,9000,1/3/2024,2024-03-01,2025-11-09 07:06:39.639615,data/lms_loan_daily.csv,2024-03-01
CUS_0x648b_2024_03_01,CUS_0x648b,1/3/2024,10,0,10000,0,0,0,10000,1/3/2024,2024-03-01,2025-11-09 07:06:39.639615,data/lms_loan_daily.csv,2024-03-01
CUS_0x649d_2023_06_01,CUS_0x649d,1/6/2023,10,9,10000,1000,1000,0,1000,1/3/2024,2024-03-01,2025-11-09 07:06:39.639615,data/lms_loan_daily.csv,2024-03-01
CUS_0x649e_2023_08_01,CUS_0x649e,1/8/2023,10,7,10000,1000,1000,0,3000,1/3/2024,2024-03-01,2025-11-09 07:06:39.639615,data/lms_loan_daily.csv,2024-03-01
CUS_0x64a1_2023_07_01,CUS_0x64a1,1/7/2023,10,8,10000,1000,1000,0,2000,1/3/2024,2024-03-01,2025-11-09 07:06:39.639615,data/lms_loan_daily.csv,2024-03-01
CUS_0x64a3_2023_07_01,CUS_0x64a3,1/7/2023,10,8,10000,1000,1000,0,2000,1/3/2024,2024-03-01,2025-11-09 07:06:39.639615,data/lms_loan_daily.csv,2024-03-01
CUS_0x64a4_2023_07_01,CUS_0x64a4,1/7/2023,10,8,10000,1000,1000,0,2000,1/3/2024,2024-03-01,2025-11-09 07:06:39.639615,data/lms_loan_daily.csv,2024-03-01
CUS_0x64c0_2024_03_01,CUS_0x64c0,1/3/2024,10,0,10000,0,0,0,10000,1/3/2024,2024-03-01,2025-11-09 07:06:39.639615,data/lms_loan_daily.csv,2024-03-01
CUS_0x64c8_2023_06_01,CUS_0x64c8,1/6/2023,10,9,10000,1000,1000,0,1000,1/3/2024,2024-03-01,2025-11-09 07:06:39.639615,data/lms_loan_daily.csv,2024-03-01
CUS_0x64c9_2023_05_01,CUS_0x64c9,1/5/2023,10,10,10000,1000,1000,0,0,1/3/2024,2024-03-01,2025-11-09 07:06:39.639615,data/lms_loan_daily.csv,2024-03-01
CUS_0x64ce_2023_11_01,CUS_0x64ce,1/11/2023,10,4,10000,1000,1000,0,6000,1/3/2024,2024-03-01,2025-11-09 07:06:39.639615,data/lms_loan_daily.csv,2024-03-01
CUS_0x64d4_2023_09_01,CUS_0x64d4,1/9/2023,10,6,10000,1000,1000,0,4000,1/3/2024,2024-03-01,2025-11-09 07:06:39.639615,data/lms_loan_daily.csv,2024-03-01
CUS_0x64d6_2023_11_01,CUS_0x64d6,1/11/2023,10,4,10000,1000,4000,0,6000,1/3/2024,2024-03-01,2025-11-09 07:06:39.639615,data/lms_loan_daily.csv,2024-03-01
CUS_0x64d9_2023_08_01,CUS_0x64d9,1/8/2023,10,7,10000,1000,1000,0,3000,1/3/2024,2024-03-01,2025-11-09 07:06:39.639615,data/lms_loan_daily.csv,2024-03-01
CUS_0x64f0_2023_10_01,CUS_0x64f0,1/10/2023,10,5,10000,1000,1000,0,5000,1/3/2024,2024-03-01,2025-11-09 07:06:39.639615,data/lms_loan_daily.csv,2024-03-01
CUS_0x64f1_2023_08_01,CUS_0x64f1,1/8/2023,10,7,10000,1000,1000,0,3000,1/3/2024,2024-03-01,2025-11-09 07:06:39.639615,data/lms_loan_daily.csv,2024-03-01
CUS_0x650f_2023_11_01,CUS_0x650f,1/11/2023,10,4,10000,1000,1000,0,6000,1/3/2024,2024-03-01,2025-11-09 07:06:39.639615,data/lms_loan_daily.csv,2024-03-01
CUS_0x6510_2024_03_01,CUS_0x6510,1/3/2024,10,0,10000,0,0,0,10000,1/3/2024,2024-03-01,2025-11-09 07:06:39.639615,data/lms_loan_daily.csv,2024-03-01
CUS_0x6514_2023_06_01,CUS_0x6514,1/6/2023,10,9,10000,1000,1000,0,1000,1/3/2024,2024-03-01,2025-11-09 07:06:39.639615,data/lms_loan_daily.csv,2024-03-01
CUS_0x651d_2024_03_01,CUS_0x651d,1/3/2024,10,0,10000,0,0,0,10000,1/3/2024,2024-03-01,2025-11-09 07:06:39.639615,data/lms_loan_daily.csv,2024-03-01
CUS_0x652f_2023_09_01,CUS_0x652f,1/9/2023,10,6,10000,1000,1000,0,4000,1/3/2024,2024-03-01,2025-11-09 07:06:39.639615,data/lms_loan_daily.csv,2024-03-01
CUS_0x6540_2023_11_01,CUS_0x6540,1/11/2023,10,4,10000,1000,1000,0,6000,1/3/2024,2024-03-01,2025-11-09 07:06:39.639615,data/lms_loan_daily.csv,2024-03-01
CUS_0x6543_2023_08_01,CUS_0x6543,1/8/2023,10,7,10000,1000,1000,0,3000,1/3/2024,2024-03-01,2025-11-09 07:06:39.639615,data/lms_loan_daily.csv,2024-03-01
CUS_0x6549_2023_06_01,CUS_0x6549,1/6/2023,10,9,10000,1000,1000,0,1000,1/3/2024,2024-03-01,2025-11-09 07:06:39.639615,data/lms_loan_daily.csv,2024-03-01
CUS_0x6569_2023_09_01,CUS_0x6569,1/9/2023,10,6,10000,1000,1000,0,4000,1/3/2024,2024-03-01,2025-11-09 07:06:39.639615,data/lms_loan_daily.csv,2024-03-01
CUS_0x6574_2024_01_01,CUS_0x6574,1/1/2024,10,2,10000,1000,0,1000,9000,1/3/2024,2024-03-01,2025-11-09 07:06:39.639615,data/lms_loan_daily.csv,2024-03-01
CUS_0x6578_2023_10_01,CUS_0x6578,1/10/2023,10,5,10000,1000,0,1000,6000,1/3/2024,2024-03-01,2025-11-09 07:06:39.639615,data/lms_loan_daily.csv,2024-03-01
CUS_0x6590_2023_12_01,CUS_0x6590,1/12/2023,10,3,10000,1000,1000,0,7000,1/3/2024,2024-03-01,2025-11-09 07:06:39.639615,data/lms_loan_daily.csv,2024-03-01
CUS_0x659b_2023_05_01,CUS_0x659b,1/5/2023,10,10,10000,1000,1000,0,0,1/3/2024,2024-03-01,2025-11-09 07:06:39.639615,data/lms_loan_daily.csv,2024-03-01
CUS_0x65a9_2023_11_01,CUS_0x65a9,1/11/2023,10,4,10000,1000,1000,0,6000,1/3/2024,2024-03-01,2025-11-09 07:06:39.639615,data/lms_loan_daily.csv,2024-03-01
CUS_0x65b1_2023_09_01,CUS_0x65b1,1/9/2023,10,6,10000,1000,0,4000,8000,1/3/2024,2024-03-01,2025-11-09 07:06:39.639615,data/lms_loan_daily.csv,2024-03-01
CUS_0x65b9_2024_02_01,CUS_0x65b9,1/2/2024,10,1,10000,1000,1000,0,9000,1/3/2024,2024-03-01,2025-11-09 07:06:39.639615,data/lms_loan_daily.csv,2024-03-01
CUS_0x65bd_2023_09_01,CUS_0x65bd,1/9/2023,10,6,10000,1000,0,5000,9000,1/3/2024,2024-03-01,2025-11-09 07:06:39.639615,data/lms_loan_daily.csv,2024-03-01
CUS_0x65c5_2023_10_01,CUS_0x65c5,1/10/2023,10,5,10000,1000,1000,0,5000,1/3/2024,2024-03-01,2025-11-09 07:06:39.639615,data/lms_loan_daily.csv,2024-03-01
CUS_0x65ca_2023_12_01,CUS_0x65ca,1/12/2023,10,3,10000,1000,1000,0,7000,1/3/2024,2024-03-01,2025-11-09 07:06:39.639615,data/lms_loan_daily.csv,2024-03-01
CUS_0x65d0_2023_10_01,CUS_0x65d0,1/10/2023,10,5,10000,1000,1000,0,5000,1/3/2024,2024-03-01,2025-11-09 07:06:39.639615,data/lms_loan_daily.csv,2024-03-01
CUS_0x65d2_2023_11_01,CUS_0x65d2,1/11/2023,10,4,10000,1000,1000,0,6000,1/3/2024,2024-03-01,2025-11-09 07:06:39.639615,data/lms_loan_daily.csv,2024-03-01
CUS_0x65d3_2023_07_01,CUS_0x65d3,1/7/2023,10,8,10000,1000,1000,0,2000,1/3/2024,2024-03-01,2025-11-09 07:06:39.639615,data/lms_loan_daily.csv,2024-03-01
CUS_0x65d7_2023_08_01,CUS_0x65d7,1/8/2023,10,7,10000,1000,0,4000,7000,1/3/2024,2024-03-01,2025-11-09 07:06:39.639615,data/lms_loan_daily.csv,2024-03-01
CUS_0x65f6_2023_12_01,CUS_0x65f6,1/12/2023,10,3,10000,1000,1000,0,7000,1/3/2024,2024-03-01,2025-11-09 07:06:39.639615,data/lms_loan_daily.csv,2024-03-01
CUS_0x65fc_2023_12_01,CUS_0x65fc,1/12/2023,10,3,10000,1000,1000,0,7000,1/3/2024,2024-03-01,2025-11-09 07:06:39.639615,data/lms_loan_daily.csv,2024-03-01
CUS_0x6612_2023_10_01,CUS_0x6612,1/10/2023,10,5,10000,1000,1000,0,5000,1/3/2024,2024-03-01,2025-11-09 07:06:39.639615,data/lms_loan_daily.csv,2024-03-01
CUS_0x6617_2024_02_01,CUS_0x6617,1/2/2024,10,1,10000,1000,1000,0,9000,1/3/2024,2024-03-01,2025-11-09 07:06:39.639615,data/lms_loan_daily.csv,2024-03-01
CUS_0x661b_2023_09_01,CUS_0x661b,1/9/2023,10,6,10000,1000,1000,0,4000,1/3/2024,2024-03-01,2025-11-09 07:06:39.639615,data/lms_loan_daily.csv,2024-03-01
CUS_0x661d_2023_07_01,CUS_0x661d,1/7/2023,10,8,10000,1000,0,7000,9000,1/3/2024,2024-03-01,2025-11-09 07:06:39.639615,data/lms_loan_daily.csv,2024-03-01
CUS_0x663_2023_10_01,CUS_0x663,1/10/2023,10,5,10000,1000,0,2000,7000,1/3/2024,2024-03-01,2025-11-09 07:06:39.639615,data/lms_loan_daily.csv,2024-03-01
CUS_0x6630_2024_02_01,CUS_0x6630,1/2/2024,10,1,10000,1000,1000,0,9000,1/3/2024,2024-03-01,2025-11-09 07:06:39.639615,data/lms_loan_daily.csv,2024-03-01
CUS_0x663b_2023_06_01,CUS_0x663b,1/6/2023,10,9,10000,1000,1000,0,1000,1/3/2024,2024-03-01,2025-11-09 07:06:39.639615,data/lms_loan_daily.csv,2024-03-01
CUS_0x663e_2023_06_01,CUS_0x663e,1/6/2023,10,9,10000,1000,1000,0,1000,1/3/2024,2024-03-01,2025-11-09 07:06:39.639615,data/lms_loan_daily.csv,2024-03-01
CUS_0x664c_2023_10_01,CUS_0x664c,1/10/2023,10,5,10000,1000,1000,0,5000,1/3/2024,2024-03-01,2025-11-09 07:06:39.639615,data/lms_loan_daily.csv,2024-03-01
CUS_0x6664_2023_08_01,CUS_0x6664,1/8/2023,10,7,10000,1000,1000,0,3000,1/3/2024,2024-03-01,2025-11-09 07:06:39.639615,data/lms_loan_daily.csv,2024-03-01
CUS_0x6669_2023_07_01,CUS_0x6669,1/7/2023,10,8,10000,1000,0,4000,6000,1/3/2024,2024-03-01,2025-11-09 07:06:39.639615,data/lms_loan_daily.csv,2024-03-01
CUS_0x666a_2023_07_01,CUS_0x666a,1/7/2023,10,8,10000,1000,1000,0,2000,1/3/2024,2024-03-01,2025-11-09 07:06:39.639615,data/lms_loan_daily.csv,2024-03-01
CUS_0x666b_2023_09_01,CUS_0x666b,1/9/2023,10,6,10000,1000,1000,0,4000,1/3/2024,2024-03-01,2025-11-09 07:06:39.639615,data/lms_loan_daily.csv,2024-03-01
CUS_0x6672_2023_07_01,CUS_0x6672,1/7/2023,10,8,10000,1000,1000,0,2000,1/3/2024,2024-03-01,2025-11-09 07:06:39.639615,data/lms_loan_daily.csv,2024-03-01
CUS_0x6673_2023_07_01,CUS_0x6673,1/7/2023,10,8,10000,1000,1000,0,2000,1/3/2024,2024-03-01,2025-11-09 07:06:39.639615,data/lms_loan_daily.csv,2024-03-01
CUS_0x6683_2023_09_01,CUS_0x6683,1/9/2023,10,6,10000,1000,1000,0,4000,1/3/2024,2024-03-01,2025-11-09 07:06:39.639615,data/lms_loan_daily.csv,2024-03-01
CUS_0x66a1_2023_12_01,CUS_0x66a1,1/12/2023,10,3,10000,1000,1000,0,7000,1/3/2024,2024-03-01,2025-11-09 07:06:39.639615,data/lms_loan_daily.csv,2024-03-01
CUS_0x66a7_2024_01_01,CUS_0x66a7,1/1/2024,10,2,10000,1000,1000,0,8000,1/3/2024,2024-03-01,2025-11-09 07:06:39.639615,data/lms_loan_daily.csv,2024-03-01
CUS_0x66bb_2023_11_01,CUS_0x66bb,1/11/2023,10,4,10000,1000,1000,0,6000,1/3/2024,2024-03-01,2025-11-09 07:06:39.639615,data/lms_loan_daily.csv,2024-03-01
CUS_0x66c7_2023_05_01,CUS_0x66c7,1/5/2023,10,10,10000,1000,0,7000,7000,1/3/2024,2024-03-01,2025-11-09 07:06:39.639615,data/lms_loan_daily.csv,2024-03-01
CUS_0x66d1_2023_08_01,CUS_0x66d1,1/8/2023,10,7,10000,1000,1000,0,3000,1/3/2024,2024-03-01,2025-11-09 07:06:39.639615,data/lms_loan_daily.csv,2024-03-01
CUS_0x66d4_2023_07_01,CUS_0x66d4,1/7/2023,10,8,10000,1000,0,8000,10000,1/3/2024,2024-03-01,2025-11-09 07:06:39.639615,data/lms_loan_daily.csv,2024-03-01
CUS_0x66d9_2023_11_01,CUS_0x66d9,1/11/2023,10,4,10000,1000,2000,0,6000,1/3/2024,2024-03-01,2025-11-09 07:06:39.639615,data/lms_loan_daily.csv,2024-03-01
CUS_0x66dd_2024_02_01,CUS_0x66dd,1/2/2024,10,1,10000,1000,1000,0,9000,1/3/2024,2024-03-01,2025-11-09 07:06:39.639615,data/lms_loan_daily.csv,2024-03-01
CUS_0x66df_2023_08_01,CUS_0x66df,1/8/2023,10,7,10000,1000,1000,0,3000,1/3/2024,2024-03-01,2025-11-09 07:06:39.639615,data/lms_loan_daily.csv,2024-03-01
CUS_0x66ef_2024_01_01,CUS_0x66ef,1/1/2024,10,2,10000,1000,1000,0,8000,1/3/2024,2024-03-01,2025-11-09 07:06:39.639615,data/lms_loan_daily.csv,2024-03-01
CUS_0x66f5_2023_12_01,CUS_0x66f5,1/12/2023,10,3,10000,1000,0,1000,8000,1/3/2024,2024-03-01,2025-11-09 07:06:39.639615,data/lms_loan_daily.csv,2024-03-01
CUS_0x66fc_2023_10_01,CUS_0x66fc,1/10/2023,10,5,10000,1000,1000,0,5000,1/3/2024,2024-03-01,2025-11-09 07:06:39.639615,data/lms_loan_daily.csv,2024-03-01
CUS_0x6700_2024_01_01,CUS_0x6700,1/1/2024,10,2,10000,1000,1000,0,8000,1/3/2024,2024-03-01,2025-11-09 07:06:39.639615,data/lms_loan_daily.csv,2024-03-01
CUS_0x6714_2023_11_01,CUS_0x6714,1/11/2023,10,4,10000,1000,1000,0,6000,1/3/2024,2024-03-01,2025-11-09 07:06:39.639615,data/lms_loan_daily.csv,2024-03-01
CUS_0x6728_2023_07_01,CUS_0x6728,1/7/2023,10,8,10000,1000,1000,0,2000,1/3/2024,2024-03-01,2025-11-09 07:06:39.639615,data/lms_loan_daily.csv,2024-03-01
CUS_0x672c_2024_03_01,CUS_0x672c,1/3/2024,10,0,10000,0,0,0,10000,1/3/2024,2024-03-01,2025-11-09 07:06:39.639615,data/lms_loan_daily.csv,2024-03-01
CUS_0x6733_2023_06_01,CUS_0x6733,1/6/2023,10,9,10000,1000,1000,0,1000,1/3/2024,2024-03-01,2025-11-09 07:06:39.639615,data/lms_loan_daily.csv,2024-03-01
CUS_0x6734_2024_03_01,CUS_0x6734,1/3/2024,10,0,10000,0,0,0,10000,1/3/2024,2024-03-01,2025-11-09 07:06:39.639615,data/lms_loan_daily.csv,2024-03-01
CUS_0x6735_2023_12_01,CUS_0x6735,1/12/2023,10,3,10000,1000,1000,0,7000,1/3/2024,2024-03-01,2025-11-09 07:06:39.639615,data/lms_loan_daily.csv,2024-03-01
CUS_0x673c_2024_01_01,CUS_0x673c,1/1/2024,10,2,10000,1000,1000,0,8000,1/3/2024,2024-03-01,2025-11-09 07:06:39.639615,data/lms_loan_daily.csv,2024-03-01
CUS_0x6749_2023_10_01,CUS_0x6749,1/10/2023,10,5,10000,1000,0,3000,8000,1/3/2024,2024-03-01,2025-11-09 07:06:39.639615,data/lms_loan_daily.csv,2024-03-01
CUS_0x6754_2024_01_01,CUS_0x6754,1/1/2024,10,2,10000,1000,1000,0,8000,1/3/2024,2024-03-01,2025-11-09 07:06:39.639615,data/lms_loan_daily.csv,2024-03-01
CUS_0x675c_2023_05_01,CUS_0x675c,1/5/2023,10,10,10000,1000,0,8000,8000,1/3/2024,2024-03-01,2025-11-09 07:06:39.639615,data/lms_loan_daily.csv,2024-03-01
CUS_0x676b_2023_11_01,CUS_0x676b,1/11/2023,10,4,10000,1000,0,3000,9000,1/3/2024,2024-03-01,2025-11-09 07:06:39.639615,data/lms_loan_daily.csv,2024-03-01
CUS_0x6793_2024_03_01,CUS_0x6793,1/3/2024,10,0,10000,0,0,0,10000,1/3/2024,2024-03-01,2025-11-09 07:06:39.639615,data/lms_loan_daily.csv,2024-03-01
CUS_0x67a3_2024_03_01,CUS_0x67a3,1/3/2024,10,0,10000,0,0,0,10000,1/3/2024,2024-03-01,2025-11-09 07:06:39.639615,data/lms_loan_daily.csv,2024-03-01
CUS_0x67a4_2023_12_01,CUS_0x67a4,1/12/2023,10,3,10000,1000,0,2000,9000,1/3/2024,2024-03-01,2025-11-09 07:06:39.639615,data/lms_loan_daily.csv,2024-03-01
CUS_0x67a9_2023_07_01,CUS_0x67a9,1/7/2023,10,8,10000,1000,1000,0,2000,1/3/2024,2024-03-01,2025-11-09 07:06:39.639615,data/lms_loan_daily.csv,2024-03-01
CUS_0x67b0_2023_11_01,CUS_0x67b0,1/11/2023,10,4,10000,1000,1000,0,6000,1/3/2024,2024-03-01,2025-11-09 07:06:39.639615,data/lms_loan_daily.csv,2024-03-01
CUS_0x67bc_2023_08_01,CUS_0x67bc,1/8/2023,10,7,10000,1000,1000,0,3000,1/3/2024,2024-03-01,2025-11-09 07:06:39.639615,data/lms_loan_daily.csv,2024-03-01
CUS_0x67c6_2024_01_01,CUS_0x67c6,1/1/2024,10,2,10000,1000,1000,0,8000,1/3/2024,2024-03-01,2025-11-09 07:06:39.639615,data/lms_loan_daily.csv,2024-03-01
CUS_0x67c7_2023_11_01,CUS_0x67c7,1/11/2023,10,4,10000,1000,0,2000,8000,1/3/2024,2024-03-01,2025-11-09 07:06:39.639615,data/lms_loan_daily.csv,2024-03-01
CUS_0x67cd_2023_12_01,CUS_0x67cd,1/12/2023,10,3,10000,1000,1000,0,7000,1/3/2024,2024-03-01,2025-11-09 07:06:39.639615,data/lms_loan_daily.csv,2024-03-01
CUS_0x67d0_2023_05_01,CUS_0x67d0,1/5/2023,10,10,10000,1000,1000,0,0,1/3/2024,2024-03-01,2025-11-09 07:06:39.639615,data/lms_loan_daily.csv,2024-03-01
CUS_0x67dc_2023_09_01,CUS_0x67dc,1/9/2023,10,6,10000,1000,1000,0,4000,1/3/2024,2024-03-01,2025-11-09 07:06:39.639615,data/lms_loan_daily.csv,2024-03-01
CUS_0x67de_2024_02_01,CUS_0x67de,1/2/2024,10,1,10000,1000,1000,0,9000,1/3/2024,2024-03-01,2025-11-09 07:06:39.639615,data/lms_loan_daily.csv,2024-03-01
CUS_0x67e_2024_01_01,CUS_0x67e,1/1/2024,10,2,10000,1000,1000,0,8000,1/3/2024,2024-03-01,2025-11-09 07:06:39.639615,data/lms_loan_daily.csv,2024-03-01
CUS_0x67e2_2023_05_01,CUS_0x67e2,1/5/2023,10,10,10000,1000,1000,0,0,1/3/2024,2024-03-01,2025-11-09 07:06:39.639615,data/lms_loan_daily.csv,2024-03-01
CUS_0x67e5_2023_12_01,CUS_0x67e5,1/12/2023,10,3,10000,1000,3000,0,7000,1/3/2024,2024-03-01,2025-11-09 07:06:39.639615,data/lms_loan_daily.csv,2024-03-01
CUS_0x67eb_2023_06_01,CUS_0x67eb,1/6/2023,10,9,10000,1000,0,6000,7000,1/3/2024,2024-03-01,2025-11-09 07:06:39.639615,data/lms_loan_daily.csv,2024-03-01
CUS_0x67ec_2023_10_01,CUS_0x67ec,1/10/2023,10,5,10000,1000,1000,0,5000,1/3/2024,2024-03-01,2025-11-09 07:06:39.639615,data/lms_loan_daily.csv,2024-03-01
CUS_0x6808_2023_05_01,CUS_0x6808,1/5/2023,10,10,10000,1000,0,7000,7000,1/3/2024,2024-03-01,2025-11-09 07:06:39.639615,data/lms_loan_daily.csv,2024-03-01
CUS_0x6809_2024_03_01,CUS_0x6809,1/3/2024,10,0,10000,0,0,0,10000,1/3/2024,2024-03-01,2025-11-09 07:06:39.639615,data/lms_loan_daily.csv,2024-03-01
CUS_0x6819_2023_10_01,CUS_0x6819,1/10/2023,10,5,10000,1000,1000,0,5000,1/3/2024,2024-03-01,2025-11-09 07:06:39.639615,data/lms_loan_daily.csv,2024-03-01
CUS_0x681c_2023_10_01,CUS_0x681c,1/10/2023,10,5,10000,1000,0,1000,6000,1/3/2024,2024-03-01,2025-11-09 07:06:39.639615,data/lms_loan_daily.csv,2024-03-01
CUS_0x6826_2024_01_01,CUS_0x6826,1/1/2024,10,2,10000,1000,1000,0,8000,1/3/2024,2024-03-01,2025-11-09 07:06:39.639615,data/lms_loan_daily.csv,2024-03-01
CUS_0x6829_2024_02_01,CUS_0x6829,1/2/2024,10,1,10000,1000,1000,0,9000,1/3/2024,2024-03-01,2025-11-09 07:06:39.639615,data/lms_loan_daily.csv,2024-03-01
CUS_0x682b_2023_09_01,CUS_0x682b,1/9/2023,10,6,10000,1000,1000,0,4000,1/3/2024,2024-03-01,2025-11-09 07:06:39.639615,data/lms_loan_daily.csv,2024-03-01
CUS_0x6831_2024_03_01,CUS_0x6831,1/3/2024,10,0,10000,0,0,0,10000,1/3/2024,2024-03-01,2025-11-09 07:06:39.639615,data/lms_loan_daily.csv,2024-03-01
CUS_0x683d_2023_05_01,CUS_0x683d,1/5/2023,10,10,10000,1000,1000,0,0,1/3/2024,2024-03-01,2025-11-09 07:06:39.639615,data/lms_loan_daily.csv,2024-03-01
CUS_0x684a_2023_09_01,CUS_0x684a,1/9/2023,10,6,10000,1000,1000,0,4000,1/3/2024,2024-03-01,2025-11-09 07:06:39.639615,data/lms_loan_daily.csv,2024-03-01
CUS_0x684c_2024_02_01,CUS_0x684c,1/2/2024,10,1,10000,1000,0,1000,10000,1/3/2024,2024-03-01,2025-11-09 07:06:39.639615,data/lms_loan_daily.csv,2024-03-01
CUS_0x687f_2023_08_01,CUS_0x687f,1/8/2023,10,7,10000,1000,0,5000,8000,1/3/2024,2024-03-01,2025-11-09 07:06:39.639615,data/lms_loan_daily.csv,2024-03-01
CUS_0x6883_2024_03_01,CUS_0x6883,1/3/2024,10,0,10000,0,0,0,10000,1/3/2024,2024-03-01,2025-11-09 07:06:39.639615,data/lms_loan_daily.csv,2024-03-01
CUS_0x688e_2024_02_01,CUS_0x688e,1/2/2024,10,1,10000,1000,1000,0,9000,1/3/2024,2024-03-01,2025-11-09 07:06:39.639615,data/lms_loan_daily.csv,2024-03-01
CUS_0x689_2023_05_01,CUS_0x689,1/5/2023,10,10,10000,1000,1000,0,0,1/3/2024,2024-03-01,2025-11-09 07:06:39.639615,data/lms_loan_daily.csv,2024-03-01
CUS_0x6894_2023_12_01,CUS_0x6894,1/12/2023,10,3,10000,1000,1000,0,7000,1/3/2024,2024-03-01,2025-11-09 07:06:39.639615,data/lms_loan_daily.csv,2024-03-01
CUS_0x689e_2023_06_01,CUS_0x689e,1/6/2023,10,9,10000,1000,0,6000,7000,1/3/2024,2024-03-01,2025-11-09 07:06:39.639615,data/lms_loan_daily.csv,2024-03-01
CUS_0x68a5_2024_03_01,CUS_0x68a5,1/3/2024,10,0,10000,0,0,0,10000,1/3/2024,2024-03-01,2025-11-09 07:06:39.639615,data/lms_loan_daily.csv,2024-03-01
CUS_0x68a7_2023_11_01,CUS_0x68a7,1/11/2023,10,4,10000,1000,0,2000,8000,1/3/2024,2024-03-01,2025-11-09 07:06:39.639615,data/lms_loan_daily.csv,2024-03-01
CUS_0x68a8_2023_05_01,CUS_0x68a8,1/5/2023,10,10,10000,1000,0,7000,7000,1/3/2024,2024-03-01,2025-11-09 07:06:39.639615,data/lms_loan_daily.csv,2024-03-01
CUS_0x68ad_2023_10_01,CUS_0x68ad,1/10/2023,10,5,10000,1000,1000,0,5000,1/3/2024,2024-03-01,2025-11-09 07:06:39.639615,data/lms_loan_daily.csv,2024-03-01
CUS_0x68b5_2023_06_01,CUS_0x68b5,1/6/2023,10,9,10000,1000,1000,0,1000,1/3/2024,2024-03-01,2025-11-09 07:06:39.639615,data/lms_loan_daily.csv,2024-03-01
CUS_0x68c8_2024_02_01,CUS_0x68c8,1/2/2024,10,1,10000,1000,1000,0,9000,1/3/2024,2024-03-01,2025-11-09 07:06:39.639615,data/lms_loan_daily.csv,2024-03-01
CUS_0x68cb_2023_06_01,CUS_0x68cb,1/6/2023,10,9,10000,1000,1000,0,1000,1/3/2024,2024-03-01,2025-11-09 07:06:39.639615,data/lms_loan_daily.csv,2024-03-01
CUS_0x68cf_2023_06_01,CUS_0x68cf,1/6/2023,10,9,10000,1000,0,6000,7000,1/3/2024,2024-03-01,2025-11-09 07:06:39.639615,data/lms_loan_daily.csv,2024-03-01
CUS_0x68d1_2024_03_01,CUS_0x68d1,1/3/2024,10,0,10000,0,0,0,10000,1/3/2024,2024-03-01,2025-11-09 07:06:39.639615,data/lms_loan_daily.csv,2024-03-01
CUS_0x68d9_2023_10_01,CUS_0x68d9,1/10/2023,10,5,10000,1000,1000,0,5000,1/3/2024,2024-03-01,2025-11-09 07:06:39.639615,data/lms_loan_daily.csv,2024-03-01
CUS_0x68dc_2023_05_01,CUS_0x68dc,1/5/2023,10,10,10000,1000,0,6000,6000,1/3/2024,2024-03-01,2025-11-09 07:06:39.639615,data/lms_loan_daily.csv,2024-03-01
CUS_0x68e1_2023_09_01,CUS_0x68e1,1/9/2023,10,6,10000,1000,1000,0,4000,1/3/2024,2024-03-01,2025-11-09 07:06:39.639615,data/lms_loan_daily.csv,2024-03-01
CUS_0x68ee_2023_06_01,CUS_0x68ee,1/6/2023,10,9,10000,1000,1000,0,1000,1/3/2024,2024-03-01,2025-11-09 07:06:39.639615,data/lms_loan_daily.csv,2024-03-01
CUS_0x68ef_2024_01_01,CUS_0x68ef,1/1/2024,10,2,10000,1000,1000,0,8000,1/3/2024,2024-03-01,2025-11-09 07:06:39.639615,data/lms_loan_daily.csv,2024-03-01
CUS_0x68f8_2023_07_01,CUS_0x68f8,1/7/2023,10,8,10000,1000,1000,0,2000,1/3/2024,2024-03-01,2025-11-09 07:06:39.639615,data/lms_loan_daily.csv,2024-03-01
CUS_0x6901_2023_12_01,CUS_0x6901,1/12/2023,10,3,10000,1000,1000,0,7000,1/3/2024,2024-03-01,2025-11-09 07:06:39.639615,data/lms_loan_daily.csv,2024-03-01
CUS_0x6902_2023_06_01,CUS_0x6902,1/6/2023,10,9,10000,1000,0,7000,8000,1/3/2024,2024-03-01,2025-11-09 07:06:39.639615,data/lms_loan_daily.csv,2024-03-01
CUS_0x6908_2023_08_01,CUS_0x6908,1/8/2023,10,7,10000,1000,1000,0,3000,1/3/2024,2024-03-01,2025-11-09 07:06:39.639615,data/lms_loan_daily.csv,2024-03-01
CUS_0x6919_2024_02_01,CUS_0x6919,1/2/2024,10,1,10000,1000,1000,0,9000,1/3/2024,2024-03-01,2025-11-09 07:06:39.639615,data/lms_loan_daily.csv,2024-03-01
CUS_0x691b_2024_01_01,CUS_0x691b,1/1/2024,10,2,10000,1000,1000,0,8000,1/3/2024,2024-03-01,2025-11-09 07:06:39.639615,data/lms_loan_daily.csv,2024-03-01
CUS_0x691c_2023_11_01,CUS_0x691c,1/11/2023,10,4,10000,1000,1000,0,6000,1/3/2024,2024-03-01,2025-11-09 07:06:39.639615,data/lms_loan_daily.csv,2024-03-01
CUS_0x6928_2023_07_01,CUS_0x6928,1/7/2023,10,8,10000,1000,0,6000,8000,1/3/2024,2024-03-01,2025-11-09 07:06:39.639615,data/lms_loan_daily.csv,2024-03-01
CUS_0x692a_2023_12_01,CUS_0x692a,1/12/2023,10,3,10000,1000,0,1000,8000,1/3/2024,2024-03-01,2025-11-09 07:06:39.639615,data/lms_loan_daily.csv,2024-03-01
CUS_0x6939_2024_02_01,CUS_0x6939,1/2/2024,10,1,10000,1000,1000,0,9000,1/3/2024,2024-03-01,2025-11-09 07:06:39.639615,data/lms_loan_daily.csv,2024-03-01
CUS_0x693a_2023_05_01,CUS_0x693a,1/5/2023,10,10,10000,1000,0,8000,8000,1/3/2024,2024-03-01,2025-11-09 07:06:39.639615,data/lms_loan_daily.csv,2024-03-01
CUS_0x6945_2024_01_01,CUS_0x6945,1/1/2024,10,2,10000,1000,1000,0,8000,1/3/2024,2024-03-01,2025-11-09 07:06:39.639615,data/lms_loan_daily.csv,2024-03-01
CUS_0x6950_2024_01_01,CUS_0x6950,1/1/2024,10,2,10000,1000,1000,0,8000,1/3/2024,2024-03-01,2025-11-09 07:06:39.639615,data/lms_loan_daily.csv,2024-03-01
CUS_0x6968_2023_06_01,CUS_0x6968,1/6/2023,10,9,10000,1000,1000,0,1000,1/3/2024,2024-03-01,2025-11-09 07:06:39.639615,data/lms_loan_daily.csv,2024-03-01
CUS_0x6969_2024_02_01,CUS_0x6969,1/2/2024,10,1,10000,1000,1000,0,9000,1/3/2024,2024-03-01,2025-11-09 07:06:39.639615,data/lms_loan_daily.csv,2024-03-01
CUS_0x696c_2023_10_01,CUS_0x696c,1/10/2023,10,5,10000,1000,1000,0,5000,1/3/2024,2024-03-01,2025-11-09 07:06:39.639615,data/lms_loan_daily.csv,2024-03-01
CUS_0x6972_2023_11_01,CUS_0x6972,1/11/2023,10,4,10000,1000,1000,0,6000,1/3/2024,2024-03-01,2025-11-09 07:06:39.639615,data/lms_loan_daily.csv,2024-03-01
CUS_0x6983_2023_06_01,CUS_0x6983,1/6/2023,10,9,10000,1000,0,5000,6000,1/3/2024,2024-03-01,2025-11-09 07:06:39.639615,data/lms_loan_daily.csv,2024-03-01
CUS_0x698b_2023_12_01,CUS_0x698b,1/12/2023,10,3,10000,1000,1000,0,7000,1/3/2024,2024-03-01,2025-11-09 07:06:39.639615,data/lms_loan_daily.csv,2024-03-01
CUS_0x6992_2023_11_01,CUS_0x6992,1/11/2023,10,4,10000,1000,1000,0,6000,1/3/2024,2024-03-01,2025-11-09 07:06:39.639615,data/lms_loan_daily.csv,2024-03-01
CUS_0x6993_2023_12_01,CUS_0x6993,1/12/2023,10,3,10000,1000,1000,0,7000,1/3/2024,2024-03-01,2025-11-09 07:06:39.639615,data/lms_loan_daily.csv,2024-03-01
CUS_0x699f_2023_08_01,CUS_0x699f,1/8/2023,10,7,10000,1000,1000,0,3000,1/3/2024,2024-03-01,2025-11-09 07:06:39.639615,data/lms_loan_daily.csv,2024-03-01
CUS_0x69a6_2023_08_01,CUS_0x69a6,1/8/2023,10,7,10000,1000,1000,0,3000,1/3/2024,2024-03-01,2025-11-09 07:06:39.639615,data/lms_loan_daily.csv,2024-03-01
CUS_0x69aa_2023_08_01,CUS_0x69aa,1/8/2023,10,7,10000,1000,1000,0,3000,1/3/2024,2024-03-01,2025-11-09 07:06:39.639615,data/lms_loan_daily.csv,2024-03-01
CUS_0x69b1_2023_06_01,CUS_0x69b1,1/6/2023,10,9,10000,1000,1000,0,1000,1/3/2024,2024-03-01,2025-11-09 07:06:39.639615,data/lms_loan_daily.csv,2024-03-01
CUS_0x69b4_2024_01_01,CUS_0x69b4,1/1/2024,10,2,10000,1000,1000,0,8000,1/3/2024,2024-03-01,2025-11-09 07:06:39.639615,data/lms_loan_daily.csv,2024-03-01
CUS_0x69c6_2023_05_01,CUS_0x69c6,1/5/2023,10,10,10000,1000,1000,0,0,1/3/2024,2024-03-01,2025-11-09 07:06:39.639615,data/lms_loan_daily.csv,2024-03-01
CUS_0x69d9_2023_06_01,CUS_0x69d9,1/6/2023,10,9,10000,1000,1000,0,1000,1/3/2024,2024-03-01,2025-11-09 07:06:39.639615,data/lms_loan_daily.csv,2024-03-01
CUS_0x69e5_2023_07_01,CUS_0x69e5,1/7/2023,10,8,10000,1000,1000,0,2000,1/3/2024,2024-03-01,2025-11-09 07:06:39.639615,data/lms_loan_daily.csv,2024-03-01
CUS_0x69f0_2023_10_01,CUS_0x69f0,1/10/2023,10,5,10000,1000,1000,0,5000,1/3/2024,2024-03-01,2025-11-09 07:06:39.639615,data/lms_loan_daily.csv,2024-03-01
CUS_0x69f3_2023_06_01,CUS_0x69f3,1/6/2023,10,9,10000,1000,1000,0,1000,1/3/2024,2024-03-01,2025-11-09 07:06:39.639615,data/lms_loan_daily.csv,2024-03-01
CUS_0x6a11_2023_12_01,CUS_0x6a11,1/12/2023,10,3,10000,1000,1000,0,7000,1/3/2024,2024-03-01,2025-11-09 07:06:39.639615,data/lms_loan_daily.csv,2024-03-01
CUS_0x6a14_2023_12_01,CUS_0x6a14,1/12/2023,10,3,10000,1000,1000,0,7000,1/3/2024,2024-03-01,2025-11-09 07:06:39.639615,data/lms_loan_daily.csv,2024-03-01
CUS_0x6a1a_2023_07_01,CUS_0x6a1a,1/7/2023,10,8,10000,1000,1000,0,2000,1/3/2024,2024-03-01,2025-11-09 07:06:39.639615,data/lms_loan_daily.csv,2024-03-01
CUS_0x6a29_2023_10_01,CUS_0x6a29,1/10/2023,10,5,10000,1000,1000,0,5000,1/3/2024,2024-03-01,2025-11-09 07:06:39.639615,data/lms_loan_daily.csv,2024-03-01
CUS_0x6a4d_2024_03_01,CUS_0x6a4d,1/3/2024,10,0,10000,0,0,0,10000,1/3/2024,2024-03-01,2025-11-09 07:06:39.639615,data/lms_loan_daily.csv,2024-03-01
CUS_0x6a55_2024_02_01,CUS_0x6a55,1/2/2024,10,1,10000,1000,1000,0,9000,1/3/2024,2024-03-01,2025-11-09 07:06:39.639615,data/lms_loan_daily.csv,2024-03-01
CUS_0x6a5f_2023_10_01,CUS_0x6a5f,1/10/2023,10,5,10000,1000,1000,0,5000,1/3/2024,2024-03-01,2025-11-09 07:06:39.639615,data/lms_loan_daily.csv,2024-03-01
CUS_0x6a6_2024_02_01,CUS_0x6a6,1/2/2024,10,1,10000,1000,1000,0,9000,1/3/2024,2024-03-01,2025-11-09 07:06:39.639615,data/lms_loan_daily.csv,2024-03-01
CUS_0x6a61_2023_12_01,CUS_0x6a61,1/12/2023,10,3,10000,1000,1000,0,7000,1/3/2024,2024-03-01,2025-11-09 07:06:39.639615,data/lms_loan_daily.csv,2024-03-01
CUS_0x6a6c_2023_08_01,CUS_0x6a6c,1/8/2023,10,7,10000,1000,1000,0,3000,1/3/2024,2024-03-01,2025-11-09 07:06:39.639615,data/lms_loan_daily.csv,2024-03-01
CUS_0x6a74_2023_11_01,CUS_0x6a74,1/11/2023,10,4,10000,1000,1000,0,6000,1/3/2024,2024-03-01,2025-11-09 07:06:39.639615,data/lms_loan_daily.csv,2024-03-01
CUS_0x6a82_2023_08_01,CUS_0x6a82,1/8/2023,10,7,10000,1000,0,4000,7000,1/3/2024,2024-03-01,2025-11-09 07:06:39.639615,data/lms_loan_daily.csv,2024-03-01
CUS_0x6a8f_2023_07_01,CUS_0x6a8f,1/7/2023,10,8,10000,1000,1000,0,2000,1/3/2024,2024-03-01,2025-11-09 07:06:39.639615,data/lms_loan_daily.csv,2024-03-01
CUS_0x6a9e_2024_03_01,CUS_0x6a9e,1/3/2024,10,0,10000,0,0,0,10000,1/3/2024,2024-03-01,2025-11-09 07:06:39.639615,data/lms_loan_daily.csv,2024-03-01
CUS_0x6aa4_2024_01_01,CUS_0x6aa4,1/1/2024,10,2,10000,1000,0,1000,9000,1/3/2024,2024-03-01,2025-11-09 07:06:39.639615,data/lms_loan_daily.csv,2024-03-01
CUS_0x6ab5_2023_07_01,CUS_0x6ab5,1/7/2023,10,8,10000,1000,1000,0,2000,1/3/2024,2024-03-01,2025-11-09 07:06:39.639615,data/lms_loan_daily.csv,2024-03-01
CUS_0x6abf_2023_05_01,CUS_0x6abf,1/5/2023,10,10,10000,1000,1000,0,0,1/3/2024,2024-03-01,2025-11-09 07:06:39.639615,data/lms_loan_daily.csv,2024-03-01
CUS_0x6aca_2023_12_01,CUS_0x6aca,1/12/2023,10,3,10000,1000,1000,0,7000,1/3/2024,2024-03-01,2025-11-09 07:06:39.639615,data/lms_loan_daily.csv,2024-03-01
CUS_0x6acb_2023_11_01,CUS_0x6acb,1/11/2023,10,4,10000,1000,0,2000,8000,1/3/2024,2024-03-01,2025-11-09 07:06:39.639615,data/lms_loan_daily.csv,2024-03-01
CUS_0x6acc_2023_12_01,CUS_0x6acc,1/12/2023,10,3,10000,1000,1000,0,7000,1/3/2024,2024-03-01,2025-11-09 07:06:39.639615,data/lms_loan_daily.csv,2024-03-01
CUS_0x6ad0_2024_02_01,CUS_0x6ad0,1/2/2024,10,1,10000,1000,1000,0,9000,1/3/2024,2024-03-01,2025-11-09 07:06:39.639615,data/lms_loan_daily.csv,2024-03-01
CUS_0x6ad2_2023_06_01,CUS_0x6ad2,1/6/2023,10,9,10000,1000,1000,0,1000,1/3/2024,2024-03-01,2025-11-09 07:06:39.639615,data/lms_loan_daily.csv,2024-03-01
CUS_0x6ada_2023_07_01,CUS_0x6ada,1/7/2023,10,8,10000,1000,1000,0,2000,1/3/2024,2024-03-01,2025-11-09 07:06:39.639615,data/lms_loan_daily.csv,2024-03-01
CUS_0x6ae5_2023_11_01,CUS_0x6ae5,1/11/2023,10,4,10000,1000,0,1000,7000,1/3/2024,2024-03-01,2025-11-09 07:06:39.639615,data/lms_loan_daily.csv,2024-03-01
CUS_0x6ae7_2024_03_01,CUS_0x6ae7,1/3/2024,10,0,10000,0,0,0,10000,1/3/2024,2024-03-01,2025-11-09 07:06:39.639615,data/lms_loan_daily.csv,2024-03-01
CUS_0x6aeb_2024_03_01,CUS_0x6aeb,1/3/2024,10,0,10000,0,0,0,10000,1/3/2024,2024-03-01,2025-11-09 07:06:39.639615,data/lms_loan_daily.csv,2024-03-01
CUS_0x6aec_2024_02_01,CUS_0x6aec,1/2/2024,10,1,10000,1000,0,1000,10000,1/3/2024,2024-03-01,2025-11-09 07:06:39.639615,data/lms_loan_daily.csv,2024-03-01
CUS_0x6b0b_2023_10_01,CUS_0x6b0b,1/10/2023,10,5,10000,1000,0,3000,8000,1/3/2024,2024-03-01,2025-11-09 07:06:39.639615,data/lms_loan_daily.csv,2024-03-01
CUS_0x6b0c_2023_08_01,CUS_0x6b0c,1/8/2023,10,7,10000,1000,1000,0,3000,1/3/2024,2024-03-01,2025-11-09 07:06:39.639615,data/lms_loan_daily.csv,2024-03-01
CUS_0x6b15_2024_01_01,CUS_0x6b15,1/1/2024,10,2,10000,1000,1000,0,8000,1/3/2024,2024-03-01,2025-11-09 07:06:39.639615,data/lms_loan_daily.csv,2024-03-01
CUS_0x6b24_2023_06_01,CUS_0x6b24,1/6/2023,10,9,10000,1000,0,8000,9000,1/3/2024,2024-03-01,2025-11-09 07:06:39.639615,data/lms_loan_daily.csv,2024-03-01
CUS_0x6b44_2023_12_01,CUS_0x6b44,1/12/2023,10,3,10000,1000,1000,0,7000,1/3/2024,2024-03-01,2025-11-09 07:06:39.639615,data/lms_loan_daily.csv,2024-03-01
CUS_0x6b4d_2024_02_01,CUS_0x6b4d,1/2/2024,10,1,10000,1000,1000,0,9000,1/3/2024,2024-03-01,2025-11-09 07:06:39.639615,data/lms_loan_daily.csv,2024-03-01
CUS_0x6b50_2023_06_01,CUS_0x6b50,1/6/2023,10,9,10000,1000,0,7000,8000,1/3/2024,2024-03-01,2025-11-09 07:06:39.639615,data/lms_loan_daily.csv,2024-03-01
CUS_0x6b59_2023_07_01,CUS_0x6b59,1/7/2023,10,8,10000,1000,0,6000,8000,1/3/2024,2024-03-01,2025-11-09 07:06:39.639615,data/lms_loan_daily.csv,2024-03-01
CUS_0x6b5f_2023_06_01,CUS_0x6b5f,1/6/2023,10,9,10000,1000,0,8000,9000,1/3/2024,2024-03-01,2025-11-09 07:06:39.639615,data/lms_loan_daily.csv,2024-03-01
CUS_0x6b76_2024_01_01,CUS_0x6b76,1/1/2024,10,2,10000,1000,1000,0,8000,1/3/2024,2024-03-01,2025-11-09 07:06:39.639615,data/lms_loan_daily.csv,2024-03-01
CUS_0x6b8_2023_11_01,CUS_0x6b8,1/11/2023,10,4,10000,1000,1000,0,6000,1/3/2024,2024-03-01,2025-11-09 07:06:39.639615,data/lms_loan_daily.csv,2024-03-01
CUS_0x6b88_2024_03_01,CUS_0x6b88,1/3/2024,10,0,10000,0,0,0,10000,1/3/2024,2024-03-01,2025-11-09 07:06:39.639615,data/lms_loan_daily.csv,2024-03-01
CUS_0x6b9d_2023_08_01,CUS_0x6b9d,1/8/2023,10,7,10000,1000,0,4000,7000,1/3/2024,2024-03-01,2025-11-09 07:06:39.639615,data/lms_loan_daily.csv,2024-03-01
CUS_0x6b9f_2024_02_01,CUS_0x6b9f,1/2/2024,10,1,10000,1000,0,1000,10000,1/3/2024,2024-03-01,2025-11-09 07:06:39.639615,data/lms_loan_daily.csv,2024-03-01
CUS_0x6ba9_2023_05_01,CUS_0x6ba9,1/5/2023,10,10,10000,1000,1000,0,0,1/3/2024,2024-03-01,2025-11-09 07:06:39.639615,data/lms_loan_daily.csv,2024-03-01
CUS_0x6bad_2023_07_01,CUS_0x6bad,1/7/2023,10,8,10000,1000,1000,0,2000,1/3/2024,2024-03-01,2025-11-09 07:06:39.639615,data/lms_loan_daily.csv,2024-03-01
CUS_0x6bb5_2023_06_01,CUS_0x6bb5,1/6/2023,10,9,10000,1000,1000,0,1000,1/3/2024,2024-03-01,2025-11-09 07:06:39.639615,data/lms_loan_daily.csv,2024-03-01
CUS_0x6bbe_2023_05_01,CUS_0x6bbe,1/5/2023,10,10,10000,1000,1000,0,0,1/3/2024,2024-03-01,2025-11-09 07:06:39.639615,data/lms_loan_daily.csv,2024-03-01
CUS_0x6bc3_2024_01_01,CUS_0x6bc3,1/1/2024,10,2,10000,1000,1000,0,8000,1/3/2024,2024-03-01,2025-11-09 07:06:39.639615,data/lms_loan_daily.csv,2024-03-01
CUS_0x6be3_2023_11_01,CUS_0x6be3,1/11/2023,10,4,10000,1000,1000,0,6000,1/3/2024,2024-03-01,2025-11-09 07:06:39.639615,data/lms_loan_daily.csv,2024-03-01
CUS_0x6be5_2024_01_01,CUS_0x6be5,1/1/2024,10,2,10000,1000,1000,0,8000,1/3/2024,2024-03-01,2025-11-09 07:06:39.639615,data/lms_loan_daily.csv,2024-03-01
CUS_0x6bff_2023_08_01,CUS_0x6bff,1/8/2023,10,7,10000,1000,0,4000,7000,1/3/2024,2024-03-01,2025-11-09 07:06:39.639615,data/lms_loan_daily.csv,2024-03-01
CUS_0x6c00_2023_07_01,CUS_0x6c00,1/7/2023,10,8,10000,1000,0,5000,7000,1/3/2024,2024-03-01,2025-11-09 07:06:39.639615,data/lms_loan_daily.csv,2024-03-01
CUS_0x6c0f_2023_06_01,CUS_0x6c0f,1/6/2023,10,9,10000,1000,1000,0,1000,1/3/2024,2024-03-01,2025-11-09 07:06:39.639615,data/lms_loan_daily.csv,2024-03-01
CUS_0x6c17_2024_01_01,CUS_0x6c17,1/1/2024,10,2,10000,1000,1000,0,8000,1/3/2024,2024-03-01,2025-11-09 07:06:39.639615,data/lms_loan_daily.csv,2024-03-01
CUS_0x6c27_2023_10_01,CUS_0x6c27,1/10/2023,10,5,10000,1000,0,1000,6000,1/3/2024,2024-03-01,2025-11-09 07:06:39.639615,data/lms_loan_daily.csv,2024-03-01
CUS_0x6c49_2023_12_01,CUS_0x6c49,1/12/2023,10,3,10000,1000,0,3000,10000,1/3/2024,2024-03-01,2025-11-09 07:06:39.639615,data/lms_loan_daily.csv,2024-03-01
CUS_0x6c4c_2023_06_01,CUS_0x6c4c,1/6/2023,10,9,10000,1000,1000,0,1000,1/3/2024,2024-03-01,2025-11-09 07:06:39.639615,data/lms_loan_daily.csv,2024-03-01
CUS_0x6c4e_2024_03_01,CUS_0x6c4e,1/3/2024,10,0,10000,0,0,0,10000,1/3/2024,2024-03-01,2025-11-09 07:06:39.639615,data/lms_loan_daily.csv,2024-03-01
CUS_0x6c52_2023_07_01,CUS_0x6c52,1/7/2023,10,8,10000,1000,0,4000,6000,1/3/2024,2024-03-01,2025-11-09 07:06:39.639615,data/lms_loan_daily.csv,2024-03-01
CUS_0x6c53_2023_07_01,CUS_0x6c53,1/7/2023,10,8,10000,1000,1000,0,2000,1/3/2024,2024-03-01,2025-11-09 07:06:39.639615,data/lms_loan_daily.csv,2024-03-01
CUS_0x6c58_2023_09_01,CUS_0x6c58,1/9/2023,10,6,10000,1000,1000,0,4000,1/3/2024,2024-03-01,2025-11-09 07:06:39.639615,data/lms_loan_daily.csv,2024-03-01
CUS_0x6c65_2024_02_01,CUS_0x6c65,1/2/2024,10,1,10000,1000,1000,0,9000,1/3/2024,2024-03-01,2025-11-09 07:06:39.639615,data/lms_loan_daily.csv,2024-03-01
CUS_0x6c67_2024_03_01,CUS_0x6c67,1/3/2024,10,0,10000,0,0,0,10000,1/3/2024,2024-03-01,2025-11-09 07:06:39.639615,data/lms_loan_daily.csv,2024-03-01
CUS_0x6c83_2023_10_01,CUS_0x6c83,1/10/2023,10,5,10000,1000,1000,0,5000,1/3/2024,2024-03-01,2025-11-09 07:06:39.639615,data/lms_loan_daily.csv,2024-03-01
CUS_0x6c85_2023_06_01,CUS_0x6c85,1/6/2023,10,9,10000,1000,1000,0,1000,1/3/2024,2024-03-01,2025-11-09 07:06:39.639615,data/lms_loan_daily.csv,2024-03-01
CUS_0x6c88_2023_10_01,CUS_0x6c88,1/10/2023,10,5,10000,1000,1000,0,5000,1/3/2024,2024-03-01,2025-11-09 07:06:39.639615,data/lms_loan_daily.csv,2024-03-01
CUS_0x6c8b_2023_06_01,CUS_0x6c8b,1/6/2023,10,9,10000,1000,1000,0,1000,1/3/2024,2024-03-01,2025-11-09 07:06:39.639615,data/lms_loan_daily.csv,2024-03-01
CUS_0x6c8e_2023_09_01,CUS_0x6c8e,1/9/2023,10,6,10000,1000,1000,0,4000,1/3/2024,2024-03-01,2025-11-09 07:06:39.639615,data/lms_loan_daily.csv,2024-03-01
CUS_0x6c90_2023_07_01,CUS_0x6c90,1/7/2023,10,8,10000,1000,0,6000,8000,1/3/2024,2024-03-01,2025-11-09 07:06:39.639615,data/lms_loan_daily.csv,2024-03-01
CUS_0x6c91_2023_12_01,CUS_0x6c91,1/12/2023,10,3,10000,1000,1000,0,7000,1/3/2024,2024-03-01,2025-11-09 07:06:39.639615,data/lms_loan_daily.csv,2024-03-01
CUS_0x6c95_2023_06_01,CUS_0x6c95,1/6/2023,10,9,10000,1000,1000,0,1000,1/3/2024,2024-03-01,2025-11-09 07:06:39.639615,data/lms_loan_daily.csv,2024-03-01
CUS_0x6c9d_2023_06_01,CUS_0x6c9d,1/6/2023,10,9,10000,1000,1000,0,1000,1/3/2024,2024-03-01,2025-11-09 07:06:39.639615,data/lms_loan_daily.csv,2024-03-01
CUS_0x6c9e_2023_11_01,CUS_0x6c9e,1/11/2023,10,4,10000,1000,3000,0,6000,1/3/2024,2024-03-01,2025-11-09 07:06:39.639615,data/lms_loan_daily.csv,2024-03-01
CUS_0x6ca8_2024_02_01,CUS_0x6ca8,1/2/2024,10,1,10000,1000,1000,0,9000,1/3/2024,2024-03-01,2025-11-09 07:06:39.639615,data/lms_loan_daily.csv,2024-03-01
CUS_0x6cad_2023_08_01,CUS_0x6cad,1/8/2023,10,7,10000,1000,1000,0,3000,1/3/2024,2024-03-01,2025-11-09 07:06:39.639615,data/lms_loan_daily.csv,2024-03-01
CUS_0x6cae_2023_08_01,CUS_0x6cae,1/8/2023,10,7,10000,1000,0,5000,8000,1/3/2024,2024-03-01,2025-11-09 07:06:39.639615,data/lms_loan_daily.csv,2024-03-01
CUS_0x6cb4_2023_07_01,CUS_0x6cb4,1/7/2023,10,8,10000,1000,0,6000,8000,1/3/2024,2024-03-01,2025-11-09 07:06:39.639615,data/lms_loan_daily.csv,2024-03-01
CUS_0x6cc_2023_06_01,CUS_0x6cc,1/6/2023,10,9,10000,1000,1000,0,1000,1/3/2024,2024-03-01,2025-11-09 07:06:39.639615,data/lms_loan_daily.csv,2024-03-01
CUS_0x6cc6_2023_07_01,CUS_0x6cc6,1/7/2023,10,8,10000,1000,1000,0,2000,1/3/2024,2024-03-01,2025-11-09 07:06:39.639615,data/lms_loan_daily.csv,2024-03-01
CUS_0x6cce_2023_12_01,CUS_0x6cce,1/12/2023,10,3,10000,1000,0,1000,8000,1/3/2024,2024-03-01,2025-11-09 07:06:39.639615,data/lms_loan_daily.csv,2024-03-01
CUS_0x6cd2_2024_02_01,CUS_0x6cd2,1/2/2024,10,1,10000,1000,1000,0,9000,1/3/2024,2024-03-01,2025-11-09 07:06:39.639615,data/lms_loan_daily.csv,2024-03-01
CUS_0x6cda_2024_02_01,CUS_0x6cda,1/2/2024,10,1,10000,1000,0,1000,10000,1/3/2024,2024-03-01,2025-11-09 07:06:39.639615,data/lms_loan_daily.csv,2024-03-01
CUS_0x6ce_2023_08_01,CUS_0x6ce,1/8/2023,10,7,10000,1000,1000,0,3000,1/3/2024,2024-03-01,2025-11-09 07:06:39.639615,data/lms_loan_daily.csv,2024-03-01
CUS_0x6cf5_2023_05_01,CUS_0x6cf5,1/5/2023,10,10,10000,1000,1000,0,0,1/3/2024,2024-03-01,2025-11-09 07:06:39.639615,data/lms_loan_daily.csv,2024-03-01
CUS_0x6cf6_2023_09_01,CUS_0x6cf6,1/9/2023,10,6,10000,1000,1000,0,4000,1/3/2024,2024-03-01,2025-11-09 07:06:39.639615,data/lms_loan_daily.csv,2024-03-01
CUS_0x6d04_2023_10_01,CUS_0x6d04,1/10/2023,10,5,10000,1000,1000,0,5000,1/3/2024,2024-03-01,2025-11-09 07:06:39.639615,data/lms_loan_daily.csv,2024-03-01
CUS_0x6d15_2023_06_01,CUS_0x6d15,1/6/2023,10,9,10000,1000,1000,0,1000,1/3/2024,2024-03-01,2025-11-09 07:06:39.639615,data/lms_loan_daily.csv,2024-03-01
CUS_0x6d17_2023_10_01,CUS_0x6d17,1/10/2023,10,5,10000,1000,1000,0,5000,1/3/2024,2024-03-01,2025-11-09 07:06:39.639615,data/lms_loan_daily.csv,2024-03-01
CUS_0x6d1a_2023_12_01,CUS_0x6d1a,1/12/2023,10,3,10000,1000,2000,0,7000,1/3/2024,2024-03-01,2025-11-09 07:06:39.639615,data/lms_loan_daily.csv,2024-03-01
CUS_0x6d1e_2023_10_01,CUS_0x6d1e,1/10/2023,10,5,10000,1000,0,3000,8000,1/3/2024,2024-03-01,2025-11-09 07:06:39.639615,data/lms_loan_daily.csv,2024-03-01
CUS_0x6d22_2023_10_01,CUS_0x6d22,1/10/2023,10,5,10000,1000,1000,0,5000,1/3/2024,2024-03-01,2025-11-09 07:06:39.639615,data/lms_loan_daily.csv,2024-03-01
CUS_0x6d28_2023_06_01,CUS_0x6d28,1/6/2023,10,9,10000,1000,1000,0,1000,1/3/2024,2024-03-01,2025-11-09 07:06:39.639615,data/lms_loan_daily.csv,2024-03-01
CUS_0x6d35_2023_12_01,CUS_0x6d35,1/12/2023,10,3,10000,1000,1000,0,7000,1/3/2024,2024-03-01,2025-11-09 07:06:39.639615,data/lms_loan_daily.csv,2024-03-01
CUS_0x6d3c_2023_07_01,CUS_0x6d3c,1/7/2023,10,8,10000,1000,1000,0,2000,1/3/2024,2024-03-01,2025-11-09 07:06:39.639615,data/lms_loan_daily.csv,2024-03-01
CUS_0x6d41_2023_11_01,CUS_0x6d41,1/11/2023,10,4,10000,1000,0,1000,7000,1/3/2024,2024-03-01,2025-11-09 07:06:39.639615,data/lms_loan_daily.csv,2024-03-01
CUS_0x6d6e_2023_12_01,CUS_0x6d6e,1/12/2023,10,3,10000,1000,1000,0,7000,1/3/2024,2024-03-01,2025-11-09 07:06:39.639615,data/lms_loan_daily.csv,2024-03-01
CUS_0x6d70_2024_02_01,CUS_0x6d70,1/2/2024,10,1,10000,1000,0,1000,10000,1/3/2024,2024-03-01,2025-11-09 07:06:39.639615,data/lms_loan_daily.csv,2024-03-01
CUS_0x6d82_2024_03_01,CUS_0x6d82,1/3/2024,10,0,10000,0,0,0,10000,1/3/2024,2024-03-01,2025-11-09 07:06:39.639615,data/lms_loan_daily.csv,2024-03-01
CUS_0x6d94_2023_10_01,CUS_0x6d94,1/10/2023,10,5,10000,1000,1000,0,5000,1/3/2024,2024-03-01,2025-11-09 07:06:39.639615,data/lms_loan_daily.csv,2024-03-01
CUS_0x6da3_2023_07_01,CUS_0x6da3,1/7/2023,10,8,10000,1000,1000,0,2000,1/3/2024,2024-03-01,2025-11-09 07:06:39.639615,data/lms_loan_daily.csv,2024-03-01
CUS_0x6da8_2024_03_01,CUS_0x6da8,1/3/2024,10,0,10000,0,0,0,10000,1/3/2024,2024-03-01,2025-11-09 07:06:39.639615,data/lms_loan_daily.csv,2024-03-01
CUS_0x6daf_2023_06_01,CUS_0x6daf,1/6/2023,10,9,10000,1000,1000,0,1000,1/3/2024,2024-03-01,2025-11-09 07:06:39.639615,data/lms_loan_daily.csv,2024-03-01
CUS_0x6db3_2024_02_01,CUS_0x6db3,1/2/2024,10,1,10000,1000,1000,0,9000,1/3/2024,2024-03-01,2025-11-09 07:06:39.639615,data/lms_loan_daily.csv,2024-03-01
CUS_0x6dc6_2024_03_01,CUS_0x6dc6,1/3/2024,10,0,10000,0,0,0,10000,1/3/2024,2024-03-01,2025-11-09 07:06:39.639615,data/lms_loan_daily.csv,2024-03-01
CUS_0x6dc9_2023_06_01,CUS_0x6dc9,1/6/2023,10,9,10000,1000,1000,0,1000,1/3/2024,2024-03-01,2025-11-09 07:06:39.639615,data/lms_loan_daily.csv,2024-03-01
CUS_0x6dcf_2023_06_01,CUS_0x6dcf,1/6/2023,10,9,10000,1000,1000,0,1000,1/3/2024,2024-03-01,2025-11-09 07:06:39.639615,data/lms_loan_daily.csv,2024-03-01
CUS_0x6dd6_2023_11_01,CUS_0x6dd6,1/11/2023,10,4,10000,1000,1000,0,6000,1/3/2024,2024-03-01,2025-11-09 07:06:39.639615,data/lms_loan_daily.csv,2024-03-01
CUS_0x6ddb_2024_01_01,CUS_0x6ddb,1/1/2024,10,2,10000,1000,2000,0,8000,1/3/2024,2024-03-01,2025-11-09 07:06:39.639615,data/lms_loan_daily.csv,2024-03-01
CUS_0x6de6_2023_08_01,CUS_0x6de6,1/8/2023,10,7,10000,1000,1000,0,3000,1/3/2024,2024-03-01,2025-11-09 07:06:39.639615,data/lms_loan_daily.csv,2024-03-01
CUS_0x6df1_2023_05_01,CUS_0x6df1,1/5/2023,10,10,10000,1000,1000,0,0,1/3/2024,2024-03-01,2025-11-09 07:06:39.639615,data/lms_loan_daily.csv,2024-03-01
CUS_0x6df9_2023_08_01,CUS_0x6df9,1/8/2023,10,7,10000,1000,1000,0,3000,1/3/2024,2024-03-01,2025-11-09 07:06:39.639615,data/lms_loan_daily.csv,2024-03-01
CUS_0x6e05_2023_11_01,CUS_0x6e05,1/11/2023,10,4,10000,1000,1000,0,6000,1/3/2024,2024-03-01,2025-11-09 07:06:39.639615,data/lms_loan_daily.csv,2024-03-01
CUS_0x6e0e_2024_03_01,CUS_0x6e0e,1/3/2024,10,0,10000,0,0,0,10000,1/3/2024,2024-03-01,2025-11-09 07:06:39.639615,data/lms_loan_daily.csv,2024-03-01
CUS_0x6e19_2023_12_01,CUS_0x6e19,1/12/2023,10,3,10000,1000,0,1000,8000,1/3/2024,2024-03-01,2025-11-09 07:06:39.639615,data/lms_loan_daily.csv,2024-03-01
CUS_0x6e1c_2024_03_01,CUS_0x6e1c,1/3/2024,10,0,10000,0,0,0,10000,1/3/2024,2024-03-01,2025-11-09 07:06:39.639615,data/lms_loan_daily.csv,2024-03-01
CUS_0x6e23_2023_10_01,CUS_0x6e23,1/10/2023,10,5,10000,1000,0,2000,7000,1/3/2024,2024-03-01,2025-11-09 07:06:39.639615,data/lms_loan_daily.csv,2024-03-01
CUS_0x6e2b_2023_10_01,CUS_0x6e2b,1/10/2023,10,5,10000,1000,1000,0,5000,1/3/2024,2024-03-01,2025-11-09 07:06:39.639615,data/lms_loan_daily.csv,2024-03-01
CUS_0x6e35_2023_09_01,CUS_0x6e35,1/9/2023,10,6,10000,1000,0,3000,7000,1/3/2024,2024-03-01,2025-11-09 07:06:39.639615,data/lms_loan_daily.csv,2024-03-01
CUS_0x6e38_2024_03_01,CUS_0x6e38,1/3/2024,10,0,10000,0,0,0,10000,1/3/2024,2024-03-01,2025-11-09 07:06:39.639615,data/lms_loan_daily.csv,2024-03-01
CUS_0x6e3b_2023_08_01,CUS_0x6e3b,1/8/2023,10,7,10000,1000,1000,0,3000,1/3/2024,2024-03-01,2025-11-09 07:06:39.639615,data/lms_loan_daily.csv,2024-03-01
CUS_0x6e43_2023_09_01,CUS_0x6e43,1/9/2023,10,6,10000,1000,1000,0,4000,1/3/2024,2024-03-01,2025-11-09 07:06:39.639615,data/lms_loan_daily.csv,2024-03-01
CUS_0x6e47_2023_10_01,CUS_0x6e47,1/10/2023,10,5,10000,1000,1000,0,5000,1/3/2024,2024-03-01,2025-11-09 07:06:39.639615,data/lms_loan_daily.csv,2024-03-01
CUS_0x6e58_2023_06_01,CUS_0x6e58,1/6/2023,10,9,10000,1000,1000,0,1000,1/3/2024,2024-03-01,2025-11-09 07:06:39.639615,data/lms_loan_daily.csv,2024-03-01
CUS_0x6e5d_2023_11_01,CUS_0x6e5d,1/11/2023,10,4,10000,1000,0,2000,8000,1/3/2024,2024-03-01,2025-11-09 07:06:39.639615,data/lms_loan_daily.csv,2024-03-01
CUS_0x6e61_2024_02_01,CUS_0x6e61,1/2/2024,10,1,10000,1000,1000,0,9000,1/3/2024,2024-03-01,2025-11-09 07:06:39.639615,data/lms_loan_daily.csv,2024-03-01
CUS_0x6e6c_2023_09_01,CUS_0x6e6c,1/9/2023,10,6,10000,1000,1000,0,4000,1/3/2024,2024-03-01,2025-11-09 07:06:39.639615,data/lms_loan_daily.csv,2024-03-01
CUS_0x6e91_2023_12_01,CUS_0x6e91,1/12/2023,10,3,10000,1000,0,1000,8000,1/3/2024,2024-03-01,2025-11-09 07:06:39.639615,data/lms_loan_daily.csv,2024-03-01
CUS_0x6eb3_2023_09_01,CUS_0x6eb3,1/9/2023,10,6,10000,1000,1000,0,4000,1/3/2024,2024-03-01,2025-11-09 07:06:39.639615,data/lms_loan_daily.csv,2024-03-01
CUS_0x6ec9_2023_11_01,CUS_0x6ec9,1/11/2023,10,4,10000,1000,0,1000,7000,1/3/2024,2024-03-01,2025-11-09 07:06:39.639615,data/lms_loan_daily.csv,2024-03-01
CUS_0x6ecf_2024_02_01,CUS_0x6ecf,1/2/2024,10,1,10000,1000,1000,0,9000,1/3/2024,2024-03-01,2025-11-09 07:06:39.639615,data/lms_loan_daily.csv,2024-03-01
CUS_0x6ed0_2024_02_01,CUS_0x6ed0,1/2/2024,10,1,10000,1000,1000,0,9000,1/3/2024,2024-03-01,2025-11-09 07:06:39.639615,data/lms_loan_daily.csv,2024-03-01
CUS_0x6ed3_2023_05_01,CUS_0x6ed3,1/5/2023,10,10,10000,1000,1000,0,0,1/3/2024,2024-03-01,2025-11-09 07:06:39.639615,data/lms_loan_daily.csv,2024-03-01
CUS_0x6ed8_2023_05_01,CUS_0x6ed8,1/5/2023,10,10,10000,1000,1000,0,0,1/3/2024,2024-03-01,2025-11-09 07:06:39.639615,data/lms_loan_daily.csv,2024-03-01
CUS_0x6edb_2024_02_01,CUS_0x6edb,1/2/2024,10,1,10000,1000,1000,0,9000,1/3/2024,2024-03-01,2025-11-09 07:06:39.639615,data/lms_loan_daily.csv,2024-03-01
CUS_0x6ee1_2024_03_01,CUS_0x6ee1,1/3/2024,10,0,10000,0,0,0,10000,1/3/2024,2024-03-01,2025-11-09 07:06:39.639615,data/lms_loan_daily.csv,2024-03-01
CUS_0x6ee8_2024_03_01,CUS_0x6ee8,1/3/2024,10,0,10000,0,0,0,10000,1/3/2024,2024-03-01,2025-11-09 07:06:39.639615,data/lms_loan_daily.csv,2024-03-01
CUS_0x6eec_2023_11_01,CUS_0x6eec,1/11/2023,10,4,10000,1000,1000,0,6000,1/3/2024,2024-03-01,2025-11-09 07:06:39.639615,data/lms_loan_daily.csv,2024-03-01
CUS_0x6eee_2023_11_01,CUS_0x6eee,1/11/2023,10,4,10000,1000,1000,0,6000,1/3/2024,2024-03-01,2025-11-09 07:06:39.639615,data/lms_loan_daily.csv,2024-03-01
CUS_0x6f04_2023_07_01,CUS_0x6f04,1/7/2023,10,8,10000,1000,0,6000,8000,1/3/2024,2024-03-01,2025-11-09 07:06:39.639615,data/lms_loan_daily.csv,2024-03-01
CUS_0x6f0a_2023_05_01,CUS_0x6f0a,1/5/2023,10,10,10000,1000,0,8000,8000,1/3/2024,2024-03-01,2025-11-09 07:06:39.639615,data/lms_loan_daily.csv,2024-03-01
CUS_0x6f0b_2023_09_01,CUS_0x6f0b,1/9/2023,10,6,10000,1000,1000,0,4000,1/3/2024,2024-03-01,2025-11-09 07:06:39.639615,data/lms_loan_daily.csv,2024-03-01
CUS_0x6f0f_2023_12_01,CUS_0x6f0f,1/12/2023,10,3,10000,1000,1000,0,7000,1/3/2024,2024-03-01,2025-11-09 07:06:39.639615,data/lms_loan_daily.csv,2024-03-01
CUS_0x6f38_2024_02_01,CUS_0x6f38,1/2/2024,10,1,10000,1000,1000,0,9000,1/3/2024,2024-03-01,2025-11-09 07:06:39.639615,data/lms_loan_daily.csv,2024-03-01
CUS_0x6f3e_2023_11_01,CUS_0x6f3e,1/11/2023,10,4,10000,1000,0,3000,9000,1/3/2024,2024-03-01,2025-11-09 07:06:39.639615,data/lms_loan_daily.csv,2024-03-01
CUS_0x6f40_2023_10_01,CUS_0x6f40,1/10/2023,10,5,10000,1000,1000,0,5000,1/3/2024,2024-03-01,2025-11-09 07:06:39.639615,data/lms_loan_daily.csv,2024-03-01
CUS_0x6f4c_2023_05_01,CUS_0x6f4c,1/5/2023,10,10,10000,1000,0,8000,8000,1/3/2024,2024-03-01,2025-11-09 07:06:39.639615,data/lms_loan_daily.csv,2024-03-01
CUS_0x6f64_2024_01_01,CUS_0x6f64,1/1/2024,10,2,10000,1000,1000,0,8000,1/3/2024,2024-03-01,2025-11-09 07:06:39.639615,data/lms_loan_daily.csv,2024-03-01
CUS_0x6f69_2023_07_01,CUS_0x6f69,1/7/2023,10,8,10000,1000,0,4000,6000,1/3/2024,2024-03-01,2025-11-09 07:06:39.639615,data/lms_loan_daily.csv,2024-03-01
CUS_0x6f78_2023_07_01,CUS_0x6f78,1/7/2023,10,8,10000,1000,1000,0,2000,1/3/2024,2024-03-01,2025-11-09 07:06:39.639615,data/lms_loan_daily.csv,2024-03-01
CUS_0x6f7b_2023_09_01,CUS_0x6f7b,1/9/2023,10,6,10000,1000,1000,0,4000,1/3/2024,2024-03-01,2025-11-09 07:06:39.639615,data/lms_loan_daily.csv,2024-03-01
CUS_0x6f84_2023_07_01,CUS_0x6f84,1/7/2023,10,8,10000,1000,1000,0,2000,1/3/2024,2024-03-01,2025-11-09 07:06:39.639615,data/lms_loan_daily.csv,2024-03-01
CUS_0x6f88_2023_09_01,CUS_0x6f88,1/9/2023,10,6,10000,1000,0,2000,6000,1/3/2024,2024-03-01,2025-11-09 07:06:39.639615,data/lms_loan_daily.csv,2024-03-01
CUS_0x6f8b_2023_10_01,CUS_0x6f8b,1/10/2023,10,5,10000,1000,1000,0,5000,1/3/2024,2024-03-01,2025-11-09 07:06:39.639615,data/lms_loan_daily.csv,2024-03-01
CUS_0x6f9_2023_12_01,CUS_0x6f9,1/12/2023,10,3,10000,1000,0,1000,8000,1/3/2024,2024-03-01,2025-11-09 07:06:39.639615,data/lms_loan_daily.csv,2024-03-01
CUS_0x6f92_2023_05_01,CUS_0x6f92,1/5/2023,10,10,10000,1000,0,8000,8000,1/3/2024,2024-03-01,2025-11-09 07:06:39.639615,data/lms_loan_daily.csv,2024-03-01
CUS_0x6f93_2023_12_01,CUS_0x6f93,1/12/2023,10,3,10000,1000,1000,0,7000,1/3/2024,2024-03-01,2025-11-09 07:06:39.639615,data/lms_loan_daily.csv,2024-03-01
CUS_0x6f9d_2023_05_01,CUS_0x6f9d,1/5/2023,10,10,10000,1000,1000,0,0,1/3/2024,2024-03-01,2025-11-09 07:06:39.639615,data/lms_loan_daily.csv,2024-03-01
CUS_0x6fa4_2024_02_01,CUS_0x6fa4,1/2/2024,10,1,10000,1000,1000,0,9000,1/3/2024,2024-03-01,2025-11-09 07:06:39.639615,data/lms_loan_daily.csv,2024-03-01
CUS_0x6fa7_2023_05_01,CUS_0x6fa7,1/5/2023,10,10,10000,1000,1000,0,0,1/3/2024,2024-03-01,2025-11-09 07:06:39.639615,data/lms_loan_daily.csv,2024-03-01
CUS_0x6fb1_2023_07_01,CUS_0x6fb1,1/7/2023,10,8,10000,1000,1000,0,2000,1/3/2024,2024-03-01,2025-11-09 07:06:39.639615,data/lms_loan_daily.csv,2024-03-01
CUS_0x6fb2_2023_07_01,CUS_0x6fb2,1/7/2023,10,8,10000,1000,0,5000,7000,1/3/2024,2024-03-01,2025-11-09 07:06:39.639615,data/lms_loan_daily.csv,2024-03-01
CUS_0x6fb4_2023_09_01,CUS_0x6fb4,1/9/2023,10,6,10000,1000,1000,0,4000,1/3/2024,2024-03-01,2025-11-09 07:06:39.639615,data/lms_loan_daily.csv,2024-03-01
CUS_0x6fbb_2023_09_01,CUS_0x6fbb,1/9/2023,10,6,10000,1000,1000,0,4000,1/3/2024,2024-03-01,2025-11-09 07:06:39.639615,data/lms_loan_daily.csv,2024-03-01
CUS_0x6fbc_2023_08_01,CUS_0x6fbc,1/8/2023,10,7,10000,1000,0,6000,9000,1/3/2024,2024-03-01,2025-11-09 07:06:39.639615,data/lms_loan_daily.csv,2024-03-01
CUS_0x6fbe_2024_01_01,CUS_0x6fbe,1/1/2024,10,2,10000,1000,1000,0,8000,1/3/2024,2024-03-01,2025-11-09 07:06:39.639615,data/lms_loan_daily.csv,2024-03-01
CUS_0x6fbf_2023_08_01,CUS_0x6fbf,1/8/2023,10,7,10000,1000,0,4000,7000,1/3/2024,2024-03-01,2025-11-09 07:06:39.639615,data/lms_loan_daily.csv,2024-03-01
CUS_0x6fc4_2024_03_01,CUS_0x6fc4,1/3/2024,10,0,10000,0,0,0,10000,1/3/2024,2024-03-01,2025-11-09 07:06:39.639615,data/lms_loan_daily.csv,2024-03-01
CUS_0x6fca_2023_11_01,CUS_0x6fca,1/11/2023,10,4,10000,1000,1000,0,6000,1/3/2024,2024-03-01,2025-11-09 07:06:39.639615,data/lms_loan_daily.csv,2024-03-01
CUS_0x6fd5_2023_06_01,CUS_0x6fd5,1/6/2023,10,9,10000,1000,0,6000,7000,1/3/2024,2024-03-01,2025-11-09 07:06:39.639615,data/lms_loan_daily.csv,2024-03-01
CUS_0x6fec_2024_02_01,CUS_0x6fec,1/2/2024,10,1,10000,1000,1000,0,9000,1/3/2024,2024-03-01,2025-11-09 07:06:39.639615,data/lms_loan_daily.csv,2024-03-01
CUS_0x6fef_2024_02_01,CUS_0x6fef,1/2/2024,10,1,10000,1000,1000,0,9000,1/3/2024,2024-03-01,2025-11-09 07:06:39.639615,data/lms_loan_daily.csv,2024-03-01
CUS_0x6fff_2023_06_01,CUS_0x6fff,1/6/2023,10,9,10000,1000,1000,0,1000,1/3/2024,2024-03-01,2025-11-09 07:06:39.639615,data/lms_loan_daily.csv,2024-03-01
CUS_0x7007_2023_11_01,CUS_0x7007,1/11/2023,10,4,10000,1000,0,1000,7000,1/3/2024,2024-03-01,2025-11-09 07:06:39.639615,data/lms_loan_daily.csv,2024-03-01
CUS_0x7011_2024_01_01,CUS_0x7011,1/1/2024,10,2,10000,1000,0,2000,10000,1/3/2024,2024-03-01,2025-11-09 07:06:39.639615,data/lms_loan_daily.csv,2024-03-01
CUS_0x7015_2024_01_01,CUS_0x7015,1/1/2024,10,2,10000,1000,0,1000,9000,1/3/2024,2024-03-01,2025-11-09 07:06:39.639615,data/lms_loan_daily.csv,2024-03-01
CUS_0x7029_2023_09_01,CUS_0x7029,1/9/2023,10,6,10000,1000,1000,0,4000,1/3/2024,2024-03-01,2025-11-09 07:06:39.639615,data/lms_loan_daily.csv,2024-03-01
CUS_0x7032_2023_05_01,CUS_0x7032,1/5/2023,10,10,10000,1000,1000,0,0,1/3/2024,2024-03-01,2025-11-09 07:06:39.639615,data/lms_loan_daily.csv,2024-03-01
CUS_0x703c_2023_07_01,CUS_0x703c,1/7/2023,10,8,10000,1000,1000,0,2000,1/3/2024,2024-03-01,2025-11-09 07:06:39.639615,data/lms_loan_daily.csv,2024-03-01
CUS_0x7040_2024_02_01,CUS_0x7040,1/2/2024,10,1,10000,1000,1000,0,9000,1/3/2024,2024-03-01,2025-11-09 07:06:39.639615,data/lms_loan_daily.csv,2024-03-01
CUS_0x7044_2023_08_01,CUS_0x7044,1/8/2023,10,7,10000,1000,1000,0,3000,1/3/2024,2024-03-01,2025-11-09 07:06:39.639615,data/lms_loan_daily.csv,2024-03-01
CUS_0x7045_2023_11_01,CUS_0x7045,1/11/2023,10,4,10000,1000,1000,0,6000,1/3/2024,2024-03-01,2025-11-09 07:06:39.639615,data/lms_loan_daily.csv,2024-03-01
CUS_0x7051_2023_06_01,CUS_0x7051,1/6/2023,10,9,10000,1000,1000,0,1000,1/3/2024,2024-03-01,2025-11-09 07:06:39.639615,data/lms_loan_daily.csv,2024-03-01
CUS_0x705e_2023_08_01,CUS_0x705e,1/8/2023,10,7,10000,1000,1000,0,3000,1/3/2024,2024-03-01,2025-11-09 07:06:39.639615,data/lms_loan_daily.csv,2024-03-01
CUS_0x7071_2023_11_01,CUS_0x7071,1/11/2023,10,4,10000,1000,0,3000,9000,1/3/2024,2024-03-01,2025-11-09 07:06:39.639615,data/lms_loan_daily.csv,2024-03-01
CUS_0x7072_2024_02_01,CUS_0x7072,1/2/2024,10,1,10000,1000,1000,0,9000,1/3/2024,2024-03-01,2025-11-09 07:06:39.639615,data/lms_loan_daily.csv,2024-03-01
CUS_0x7080_2023_07_01,CUS_0x7080,1/7/2023,10,8,10000,1000,0,6000,8000,1/3/2024,2024-03-01,2025-11-09 07:06:39.639615,data/lms_loan_daily.csv,2024-03-01
CUS_0x7081_2023_12_01,CUS_0x7081,1/12/2023,10,3,10000,1000,1000,0,7000,1/3/2024,2024-03-01,2025-11-09 07:06:39.639615,data/lms_loan_daily.csv,2024-03-01
CUS_0x7084_2023_10_01,CUS_0x7084,1/10/2023,10,5,10000,1000,1000,0,5000,1/3/2024,2024-03-01,2025-11-09 07:06:39.639615,data/lms_loan_daily.csv,2024-03-01
CUS_0x7087_2024_03_01,CUS_0x7087,1/3/2024,10,0,10000,0,0,0,10000,1/3/2024,2024-03-01,2025-11-09 07:06:39.639615,data/lms_loan_daily.csv,2024-03-01
CUS_0x709_2023_12_01,CUS_0x709,1/12/2023,10,3,10000,1000,1000,0,7000,1/3/2024,2024-03-01,2025-11-09 07:06:39.639615,data/lms_loan_daily.csv,2024-03-01
CUS_0x709b_2024_01_01,CUS_0x709b,1/1/2024,10,2,10000,1000,1000,0,8000,1/3/2024,2024-03-01,2025-11-09 07:06:39.639615,data/lms_loan_daily.csv,2024-03-01
CUS_0x709d_2023_11_01,CUS_0x709d,1/11/2023,10,4,10000,1000,0,2000,8000,1/3/2024,2024-03-01,2025-11-09 07:06:39.639615,data/lms_loan_daily.csv,2024-03-01
CUS_0x70a3_2024_02_01,CUS_0x70a3,1/2/2024,10,1,10000,1000,1000,0,9000,1/3/2024,2024-03-01,2025-11-09 07:06:39.639615,data/lms_loan_daily.csv,2024-03-01
CUS_0x70ac_2024_01_01,CUS_0x70ac,1/1/2024,10,2,10000,1000,1000,0,8000,1/3/2024,2024-03-01,2025-11-09 07:06:39.639615,data/lms_loan_daily.csv,2024-03-01
CUS_0x70af_2023_05_01,CUS_0x70af,1/5/2023,10,10,10000,1000,0,9000,9000,1/3/2024,2024-03-01,2025-11-09 07:06:39.639615,data/lms_loan_daily.csv,2024-03-01
CUS_0x70b_2023_06_01,CUS_0x70b,1/6/2023,10,9,10000,1000,1000,0,1000,1/3/2024,2024-03-01,2025-11-09 07:06:39.639615,data/lms_loan_daily.csv,2024-03-01
CUS_0x70b2_2023_07_01,CUS_0x70b2,1/7/2023,10,8,10000,1000,1000,0,2000,1/3/2024,2024-03-01,2025-11-09 07:06:39.639615,data/lms_loan_daily.csv,2024-03-01
CUS_0x70b3_2024_01_01,CUS_0x70b3,1/1/2024,10,2,10000,1000,1000,0,8000,1/3/2024,2024-03-01,2025-11-09 07:06:39.639615,data/lms_loan_daily.csv,2024-03-01
CUS_0x70bd_2023_06_01,CUS_0x70bd,1/6/2023,10,9,10000,1000,0,7000,8000,1/3/2024,2024-03-01,2025-11-09 07:06:39.639615,data/lms_loan_daily.csv,2024-03-01
CUS_0x70bf_2024_03_01,CUS_0x70bf,1/3/2024,10,0,10000,0,0,0,10000,1/3/2024,2024-03-01,2025-11-09 07:06:39.639615,data/lms_loan_daily.csv,2024-03-01
CUS_0x70c9_2023_11_01,CUS_0x70c9,1/11/2023,10,4,10000,1000,1000,0,6000,1/3/2024,2024-03-01,2025-11-09 07:06:39.639615,data/lms_loan_daily.csv,2024-03-01
CUS_0x70d_2024_03_01,CUS_0x70d,1/3/2024,10,0,10000,0,0,0,10000,1/3/2024,2024-03-01,2025-11-09 07:06:39.639615,data/lms_loan_daily.csv,2024-03-01
CUS_0x70d0_2024_03_01,CUS_0x70d0,1/3/2024,10,0,10000,0,0,0,10000,1/3/2024,2024-03-01,2025-11-09 07:06:39.639615,data/lms_loan_daily.csv,2024-03-01
CUS_0x70d5_2023_06_01,CUS_0x70d5,1/6/2023,10,9,10000,1000,1000,0,1000,1/3/2024,2024-03-01,2025-11-09 07:06:39.639615,data/lms_loan_daily.csv,2024-03-01
CUS_0x70d6_2023_06_01,CUS_0x70d6,1/6/2023,10,9,10000,1000,1000,0,1000,1/3/2024,2024-03-01,2025-11-09 07:06:39.639615,data/lms_loan_daily.csv,2024-03-01
CUS_0x70e_2023_11_01,CUS_0x70e,1/11/2023,10,4,10000,1000,1000,0,6000,1/3/2024,2024-03-01,2025-11-09 07:06:39.639615,data/lms_loan_daily.csv,2024-03-01
CUS_0x70e8_2023_10_01,CUS_0x70e8,1/10/2023,10,5,10000,1000,1000,0,5000,1/3/2024,2024-03-01,2025-11-09 07:06:39.639615,data/lms_loan_daily.csv,2024-03-01
CUS_0x70f2_2023_08_01,CUS_0x70f2,1/8/2023,10,7,10000,1000,0,6000,9000,1/3/2024,2024-03-01,2025-11-09 07:06:39.639615,data/lms_loan_daily.csv,2024-03-01
CUS_0x710a_2023_12_01,CUS_0x710a,1/12/2023,10,3,10000,1000,0,1000,8000,1/3/2024,2024-03-01,2025-11-09 07:06:39.639615,data/lms_loan_daily.csv,2024-03-01
CUS_0x710e_2023_10_01,CUS_0x710e,1/10/2023,10,5,10000,1000,1000,0,5000,1/3/2024,2024-03-01,2025-11-09 07:06:39.639615,data/lms_loan_daily.csv,2024-03-01
CUS_0x710f_2024_03_01,CUS_0x710f,1/3/2024,10,0,10000,0,0,0,10000,1/3/2024,2024-03-01,2025-11-09 07:06:39.639615,data/lms_loan_daily.csv,2024-03-01
CUS_0x7129_2023_08_01,CUS_0x7129,1/8/2023,10,7,10000,1000,0,3000,6000,1/3/2024,2024-03-01,2025-11-09 07:06:39.639615,data/lms_loan_daily.csv,2024-03-01
CUS_0x7148_2023_09_01,CUS_0x7148,1/9/2023,10,6,10000,1000,1000,0,4000,1/3/2024,2024-03-01,2025-11-09 07:06:39.639615,data/lms_loan_daily.csv,2024-03-01
CUS_0x7154_2023_07_01,CUS_0x7154,1/7/2023,10,8,10000,1000,1000,0,2000,1/3/2024,2024-03-01,2025-11-09 07:06:39.639615,data/lms_loan_daily.csv,2024-03-01
CUS_0x715e_2024_02_01,CUS_0x715e,1/2/2024,10,1,10000,1000,1000,0,9000,1/3/2024,2024-03-01,2025-11-09 07:06:39.639615,data/lms_loan_daily.csv,2024-03-01
CUS_0x7165_2024_01_01,CUS_0x7165,1/1/2024,10,2,10000,1000,1000,0,8000,1/3/2024,2024-03-01,2025-11-09 07:06:39.639615,data/lms_loan_daily.csv,2024-03-01
CUS_0x716c_2023_05_01,CUS_0x716c,1/5/2023,10,10,10000,1000,1000,0,0,1/3/2024,2024-03-01,2025-11-09 07:06:39.639615,data/lms_loan_daily.csv,2024-03-01
CUS_0x718a_2023_06_01,CUS_0x718a,1/6/2023,10,9,10000,1000,0,6000,7000,1/3/2024,2024-03-01,2025-11-09 07:06:39.639615,data/lms_loan_daily.csv,2024-03-01
CUS_0x7198_2023_07_01,CUS_0x7198,1/7/2023,10,8,10000,1000,1000,0,2000,1/3/2024,2024-03-01,2025-11-09 07:06:39.639615,data/lms_loan_daily.csv,2024-03-01
CUS_0x719f_2024_01_01,CUS_0x719f,1/1/2024,10,2,10000,1000,1000,0,8000,1/3/2024,2024-03-01,2025-11-09 07:06:39.639615,data/lms_loan_daily.csv,2024-03-01
CUS_0x71a_2023_08_01,CUS_0x71a,1/8/2023,10,7,10000,1000,0,3000,6000,1/3/2024,2024-03-01,2025-11-09 07:06:39.639615,data/lms_loan_daily.csv,2024-03-01
CUS_0x71aa_2023_05_01,CUS_0x71aa,1/5/2023,10,10,10000,1000,0,8000,8000,1/3/2024,2024-03-01,2025-11-09 07:06:39.639615,data/lms_loan_daily.csv,2024-03-01
CUS_0x71ab_2023_12_01,CUS_0x71ab,1/12/2023,10,3,10000,1000,1000,0,7000,1/3/2024,2024-03-01,2025-11-09 07:06:39.639615,data/lms_loan_daily.csv,2024-03-01
CUS_0x71b8_2023_10_01,CUS_0x71b8,1/10/2023,10,5,10000,1000,1000,0,5000,1/3/2024,2024-03-01,2025-11-09 07:06:39.639615,data/lms_loan_daily.csv,2024-03-01
CUS_0x71ba_2023_10_01,CUS_0x71ba,1/10/2023,10,5,10000,1000,0,1000,6000,1/3/2024,2024-03-01,2025-11-09 07:06:39.639615,data/lms_loan_daily.csv,2024-03-01
CUS_0x71bf_2023_10_01,CUS_0x71bf,1/10/2023,10,5,10000,1000,1000,0,5000,1/3/2024,2024-03-01,2025-11-09 07:06:39.639615,data/lms_loan_daily.csv,2024-03-01
CUS_0x71c1_2024_01_01,CUS_0x71c1,1/1/2024,10,2,10000,1000,1000,0,8000,1/3/2024,2024-03-01,2025-11-09 07:06:39.639615,data/lms_loan_daily.csv,2024-03-01
CUS_0x71ca_2024_01_01,CUS_0x71ca,1/1/2024,10,2,10000,1000,1000,0,8000,1/3/2024,2024-03-01,2025-11-09 07:06:39.639615,data/lms_loan_daily.csv,2024-03-01
CUS_0x71d_2023_05_01,CUS_0x71d,1/5/2023,10,10,10000,1000,0,9000,9000,1/3/2024,2024-03-01,2025-11-09 07:06:39.639615,data/lms_loan_daily.csv,2024-03-01
CUS_0x71dd_2023_11_01,CUS_0x71dd,1/11/2023,10,4,10000,1000,1000,0,6000,1/3/2024,2024-03-01,2025-11-09 07:06:39.639615,data/lms_loan_daily.csv,2024-03-01
CUS_0x71e0_2023_09_01,CUS_0x71e0,1/9/2023,10,6,10000,1000,1000,0,4000,1/3/2024,2024-03-01,2025-11-09 07:06:39.639615,data/lms_loan_daily.csv,2024-03-01
CUS_0x71e2_2023_12_01,CUS_0x71e2,1/12/2023,10,3,10000,1000,1000,0,7000,1/3/2024,2024-03-01,2025-11-09 07:06:39.639615,data/lms_loan_daily.csv,2024-03-01
CUS_0x71e8_2024_02_01,CUS_0x71e8,1/2/2024,10,1,10000,1000,1000,0,9000,1/3/2024,2024-03-01,2025-11-09 07:06:39.639615,data/lms_loan_daily.csv,2024-03-01
CUS_0x7200_2023_05_01,CUS_0x7200,1/5/2023,10,10,10000,1000,0,10000,10000,1/3/2024,2024-03-01,2025-11-09 07:06:39.639615,data/lms_loan_daily.csv,2024-03-01
CUS_0x7202_2024_02_01,CUS_0x7202,1/2/2024,10,1,10000,1000,1000,0,9000,1/3/2024,2024-03-01,2025-11-09 07:06:39.639615,data/lms_loan_daily.csv,2024-03-01
CUS_0x720a_2023_11_01,CUS_0x720a,1/11/2023,10,4,10000,1000,2000,0,6000,1/3/2024,2024-03-01,2025-11-09 07:06:39.639615,data/lms_loan_daily.csv,2024-03-01
CUS_0x720f_2023_08_01,CUS_0x720f,1/8/2023,10,7,10000,1000,1000,0,3000,1/3/2024,2024-03-01,2025-11-09 07:06:39.639615,data/lms_loan_daily.csv,2024-03-01
CUS_0x721_2023_06_01,CUS_0x721,1/6/2023,10,9,10000,1000,0,9000,10000,1/3/2024,2024-03-01,2025-11-09 07:06:39.639615,data/lms_loan_daily.csv,2024-03-01
CUS_0x7223_2023_06_01,CUS_0x7223,1/6/2023,10,9,10000,1000,1000,0,1000,1/3/2024,2024-03-01,2025-11-09 07:06:39.639615,data/lms_loan_daily.csv,2024-03-01
CUS_0x7227_2024_02_01,CUS_0x7227,1/2/2024,10,1,10000,1000,1000,0,9000,1/3/2024,2024-03-01,2025-11-09 07:06:39.639615,data/lms_loan_daily.csv,2024-03-01
CUS_0x7231_2024_02_01,CUS_0x7231,1/2/2024,10,1,10000,1000,0,1000,10000,1/3/2024,2024-03-01,2025-11-09 07:06:39.639615,data/lms_loan_daily.csv,2024-03-01
CUS_0x7238_2023_06_01,CUS_0x7238,1/6/2023,10,9,10000,1000,1000,0,1000,1/3/2024,2024-03-01,2025-11-09 07:06:39.639615,data/lms_loan_daily.csv,2024-03-01
CUS_0x7245_2023_08_01,CUS_0x7245,1/8/2023,10,7,10000,1000,1000,0,3000,1/3/2024,2024-03-01,2025-11-09 07:06:39.639615,data/lms_loan_daily.csv,2024-03-01
CUS_0x7258_2024_01_01,CUS_0x7258,1/1/2024,10,2,10000,1000,1000,0,8000,1/3/2024,2024-03-01,2025-11-09 07:06:39.639615,data/lms_loan_daily.csv,2024-03-01
CUS_0x725e_2023_06_01,CUS_0x725e,1/6/2023,10,9,10000,1000,0,7000,8000,1/3/2024,2024-03-01,2025-11-09 07:06:39.639615,data/lms_loan_daily.csv,2024-03-01
CUS_0x725f_2023_08_01,CUS_0x725f,1/8/2023,10,7,10000,1000,0,7000,10000,1/3/2024,2024-03-01,2025-11-09 07:06:39.639615,data/lms_loan_daily.csv,2024-03-01
CUS_0x7278_2023_09_01,CUS_0x7278,1/9/2023,10,6,10000,1000,0,3000,7000,1/3/2024,2024-03-01,2025-11-09 07:06:39.639615,data/lms_loan_daily.csv,2024-03-01
CUS_0x727f_2023_08_01,CUS_0x727f,1/8/2023,10,7,10000,1000,1000,0,3000,1/3/2024,2024-03-01,2025-11-09 07:06:39.639615,data/lms_loan_daily.csv,2024-03-01
CUS_0x7283_2023_07_01,CUS_0x7283,1/7/2023,10,8,10000,1000,1000,0,2000,1/3/2024,2024-03-01,2025-11-09 07:06:39.639615,data/lms_loan_daily.csv,2024-03-01
CUS_0x729_2023_08_01,CUS_0x729,1/8/2023,10,7,10000,1000,0,4000,7000,1/3/2024,2024-03-01,2025-11-09 07:06:39.639615,data/lms_loan_daily.csv,2024-03-01
CUS_0x7292_2024_03_01,CUS_0x7292,1/3/2024,10,0,10000,0,0,0,10000,1/3/2024,2024-03-01,2025-11-09 07:06:39.639615,data/lms_loan_daily.csv,2024-03-01
CUS_0x72a0_2023_09_01,CUS_0x72a0,1/9/2023,10,6,10000,1000,1000,0,4000,1/3/2024,2024-03-01,2025-11-09 07:06:39.639615,data/lms_loan_daily.csv,2024-03-01
CUS_0x72c1_2023_06_01,CUS_0x72c1,1/6/2023,10,9,10000,1000,1000,0,1000,1/3/2024,2024-03-01,2025-11-09 07:06:39.639615,data/lms_loan_daily.csv,2024-03-01
CUS_0x72d2_2023_08_01,CUS_0x72d2,1/8/2023,10,7,10000,1000,0,5000,8000,1/3/2024,2024-03-01,2025-11-09 07:06:39.639615,data/lms_loan_daily.csv,2024-03-01
CUS_0x72fe_2023_05_01,CUS_0x72fe,1/5/2023,10,10,10000,1000,0,8000,8000,1/3/2024,2024-03-01,2025-11-09 07:06:39.639615,data/lms_loan_daily.csv,2024-03-01
CUS_0x7304_2024_03_01,CUS_0x7304,1/3/2024,10,0,10000,0,0,0,10000,1/3/2024,2024-03-01,2025-11-09 07:06:39.639615,data/lms_loan_daily.csv,2024-03-01
CUS_0x7307_2024_01_01,CUS_0x7307,1/1/2024,10,2,10000,1000,1000,0,8000,1/3/2024,2024-03-01,2025-11-09 07:06:39.639615,data/lms_loan_daily.csv,2024-03-01
CUS_0x730d_2023_05_01,CUS_0x730d,1/5/2023,10,10,10000,1000,1000,0,0,1/3/2024,2024-03-01,2025-11-09 07:06:39.639615,data/lms_loan_daily.csv,2024-03-01
CUS_0x7312_2023_12_01,CUS_0x7312,1/12/2023,10,3,10000,1000,1000,0,7000,1/3/2024,2024-03-01,2025-11-09 07:06:39.639615,data/lms_loan_daily.csv,2024-03-01
CUS_0x7315_2023_08_01,CUS_0x7315,1/8/2023,10,7,10000,1000,1000,0,3000,1/3/2024,2024-03-01,2025-11-09 07:06:39.639615,data/lms_loan_daily.csv,2024-03-01
CUS_0x7324_2023_10_01,CUS_0x7324,1/10/2023,10,5,10000,1000,1000,0,5000,1/3/2024,2024-03-01,2025-11-09 07:06:39.639615,data/lms_loan_daily.csv,2024-03-01
CUS_0x732d_2023_12_01,CUS_0x732d,1/12/2023,10,3,10000,1000,1000,0,7000,1/3/2024,2024-03-01,2025-11-09 07:06:39.639615,data/lms_loan_daily.csv,2024-03-01
CUS_0x7330_2024_01_01,CUS_0x7330,1/1/2024,10,2,10000,1000,1000,0,8000,1/3/2024,2024-03-01,2025-11-09 07:06:39.639615,data/lms_loan_daily.csv,2024-03-01
CUS_0x7334_2023_08_01,CUS_0x7334,1/8/2023,10,7,10000,1000,1000,0,3000,1/3/2024,2024-03-01,2025-11-09 07:06:39.639615,data/lms_loan_daily.csv,2024-03-01
CUS_0x734a_2023_10_01,CUS_0x734a,1/10/2023,10,5,10000,1000,0,4000,9000,1/3/2024,2024-03-01,2025-11-09 07:06:39.639615,data/lms_loan_daily.csv,2024-03-01
CUS_0x7354_2023_05_01,CUS_0x7354,1/5/2023,10,10,10000,1000,1000,0,0,1/3/2024,2024-03-01,2025-11-09 07:06:39.639615,data/lms_loan_daily.csv,2024-03-01
CUS_0x7357_2023_08_01,CUS_0x7357,1/8/2023,10,7,10000,1000,1000,0,3000,1/3/2024,2024-03-01,2025-11-09 07:06:39.639615,data/lms_loan_daily.csv,2024-03-01
CUS_0x7369_2023_05_01,CUS_0x7369,1/5/2023,10,10,10000,1000,1000,0,0,1/3/2024,2024-03-01,2025-11-09 07:06:39.639615,data/lms_loan_daily.csv,2024-03-01
CUS_0x7380_2024_02_01,CUS_0x7380,1/2/2024,10,1,10000,1000,1000,0,9000,1/3/2024,2024-03-01,2025-11-09 07:06:39.639615,data/lms_loan_daily.csv,2024-03-01
CUS_0x738c_2024_01_01,CUS_0x738c,1/1/2024,10,2,10000,1000,1000,0,8000,1/3/2024,2024-03-01,2025-11-09 07:06:39.639615,data/lms_loan_daily.csv,2024-03-01
CUS_0x7398_2024_03_01,CUS_0x7398,1/3/2024,10,0,10000,0,0,0,10000,1/3/2024,2024-03-01,2025-11-09 07:06:39.639615,data/lms_loan_daily.csv,2024-03-01
CUS_0x73a5_2024_01_01,CUS_0x73a5,1/1/2024,10,2,10000,1000,1000,0,8000,1/3/2024,2024-03-01,2025-11-09 07:06:39.639615,data/lms_loan_daily.csv,2024-03-01
CUS_0x73a6_2023_12_01,CUS_0x73a6,1/12/2023,10,3,10000,1000,1000,0,7000,1/3/2024,2024-03-01,2025-11-09 07:06:39.639615,data/lms_loan_daily.csv,2024-03-01
CUS_0x73b1_2024_02_01,CUS_0x73b1,1/2/2024,10,1,10000,1000,1000,0,9000,1/3/2024,2024-03-01,2025-11-09 07:06:39.639615,data/lms_loan_daily.csv,2024-03-01
CUS_0x73b3_2023_09_01,CUS_0x73b3,1/9/2023,10,6,10000,1000,0,2000,6000,1/3/2024,2024-03-01,2025-11-09 07:06:39.639615,data/lms_loan_daily.csv,2024-03-01
CUS_0x73bb_2023_07_01,CUS_0x73bb,1/7/2023,10,8,10000,1000,1000,0,2000,1/3/2024,2024-03-01,2025-11-09 07:06:39.639615,data/lms_loan_daily.csv,2024-03-01
CUS_0x73cf_2023_07_01,CUS_0x73cf,1/7/2023,10,8,10000,1000,0,7000,9000,1/3/2024,2024-03-01,2025-11-09 07:06:39.639615,data/lms_loan_daily.csv,2024-03-01
CUS_0x73d_2023_05_01,CUS_0x73d,1/5/2023,10,10,10000,1000,1000,0,0,1/3/2024,2024-03-01,2025-11-09 07:06:39.639615,data/lms_loan_daily.csv,2024-03-01
CUS_0x73d9_2023_06_01,CUS_0x73d9,1/6/2023,10,9,10000,1000,0,5000,6000,1/3/2024,2024-03-01,2025-11-09 07:06:39.639615,data/lms_loan_daily.csv,2024-03-01
CUS_0x73db_2023_05_01,CUS_0x73db,1/5/2023,10,10,10000,1000,1000,0,0,1/3/2024,2024-03-01,2025-11-09 07:06:39.639615,data/lms_loan_daily.csv,2024-03-01
CUS_0x73e4_2023_11_01,CUS_0x73e4,1/11/2023,10,4,10000,1000,1000,0,6000,1/3/2024,2024-03-01,2025-11-09 07:06:39.639615,data/lms_loan_daily.csv,2024-03-01
CUS_0x73ee_2023_07_01,CUS_0x73ee,1/7/2023,10,8,10000,1000,1000,0,2000,1/3/2024,2024-03-01,2025-11-09 07:06:39.639615,data/lms_loan_daily.csv,2024-03-01
CUS_0x73f1_2024_02_01,CUS_0x73f1,1/2/2024,10,1,10000,1000,1000,0,9000,1/3/2024,2024-03-01,2025-11-09 07:06:39.639615,data/lms_loan_daily.csv,2024-03-01
CUS_0x73f9_2023_06_01,CUS_0x73f9,1/6/2023,10,9,10000,1000,1000,0,1000,1/3/2024,2024-03-01,2025-11-09 07:06:39.639615,data/lms_loan_daily.csv,2024-03-01
CUS_0x7409_2023_11_01,CUS_0x7409,1/11/2023,10,4,10000,1000,1000,0,6000,1/3/2024,2024-03-01,2025-11-09 07:06:39.639615,data/lms_loan_daily.csv,2024-03-01
CUS_0x741_2023_09_01,CUS_0x741,1/9/2023,10,6,10000,1000,1000,0,4000,1/3/2024,2024-03-01,2025-11-09 07:06:39.639615,data/lms_loan_daily.csv,2024-03-01
CUS_0x741b_2023_08_01,CUS_0x741b,1/8/2023,10,7,10000,1000,1000,0,3000,1/3/2024,2024-03-01,2025-11-09 07:06:39.639615,data/lms_loan_daily.csv,2024-03-01
CUS_0x7429_2023_07_01,CUS_0x7429,1/7/2023,10,8,10000,1000,1000,0,2000,1/3/2024,2024-03-01,2025-11-09 07:06:39.639615,data/lms_loan_daily.csv,2024-03-01
CUS_0x742c_2023_10_01,CUS_0x742c,1/10/2023,10,5,10000,1000,1000,0,5000,1/3/2024,2024-03-01,2025-11-09 07:06:39.639615,data/lms_loan_daily.csv,2024-03-01
CUS_0x743f_2023_12_01,CUS_0x743f,1/12/2023,10,3,10000,1000,1000,0,7000,1/3/2024,2024-03-01,2025-11-09 07:06:39.639615,data/lms_loan_daily.csv,2024-03-01
CUS_0x744c_2023_10_01,CUS_0x744c,1/10/2023,10,5,10000,1000,1000,0,5000,1/3/2024,2024-03-01,2025-11-09 07:06:39.639615,data/lms_loan_daily.csv,2024-03-01
CUS_0x744f_2023_12_01,CUS_0x744f,1/12/2023,10,3,10000,1000,1000,0,7000,1/3/2024,2024-03-01,2025-11-09 07:06:39.639615,data/lms_loan_daily.csv,2024-03-01
CUS_0x7459_2023_09_01,CUS_0x7459,1/9/2023,10,6,10000,1000,1000,0,4000,1/3/2024,2024-03-01,2025-11-09 07:06:39.639615,data/lms_loan_daily.csv,2024-03-01
CUS_0x745b_2024_01_01,CUS_0x745b,1/1/2024,10,2,10000,1000,1000,0,8000,1/3/2024,2024-03-01,2025-11-09 07:06:39.639615,data/lms_loan_daily.csv,2024-03-01
CUS_0x746_2024_02_01,CUS_0x746,1/2/2024,10,1,10000,1000,1000,0,9000,1/3/2024,2024-03-01,2025-11-09 07:06:39.639615,data/lms_loan_daily.csv,2024-03-01
CUS_0x7462_2023_05_01,CUS_0x7462,1/5/2023,10,10,10000,1000,0,7000,7000,1/3/2024,2024-03-01,2025-11-09 07:06:39.639615,data/lms_loan_daily.csv,2024-03-01
CUS_0x7467_2023_08_01,CUS_0x7467,1/8/2023,10,7,10000,1000,1000,0,3000,1/3/2024,2024-03-01,2025-11-09 07:06:39.639615,data/lms_loan_daily.csv,2024-03-01
CUS_0x7473_2023_05_01,CUS_0x7473,1/5/2023,10,10,10000,1000,1000,0,0,1/3/2024,2024-03-01,2025-11-09 07:06:39.639615,data/lms_loan_daily.csv,2024-03-01
CUS_0x7480_2024_01_01,CUS_0x7480,1/1/2024,10,2,10000,1000,1000,0,8000,1/3/2024,2024-03-01,2025-11-09 07:06:39.639615,data/lms_loan_daily.csv,2024-03-01
CUS_0x748d_2023_06_01,CUS_0x748d,1/6/2023,10,9,10000,1000,1000,0,1000,1/3/2024,2024-03-01,2025-11-09 07:06:39.639615,data/lms_loan_daily.csv,2024-03-01
CUS_0x748e_2023_10_01,CUS_0x748e,1/10/2023,10,5,10000,1000,0,2000,7000,1/3/2024,2024-03-01,2025-11-09 07:06:39.639615,data/lms_loan_daily.csv,2024-03-01
CUS_0x7494_2023_07_01,CUS_0x7494,1/7/2023,10,8,10000,1000,1000,0,2000,1/3/2024,2024-03-01,2025-11-09 07:06:39.639615,data/lms_loan_daily.csv,2024-03-01
CUS_0x749e_2023_10_01,CUS_0x749e,1/10/2023,10,5,10000,1000,1000,0,5000,1/3/2024,2024-03-01,2025-11-09 07:06:39.639615,data/lms_loan_daily.csv,2024-03-01
CUS_0x74a3_2023_05_01,CUS_0x74a3,1/5/2023,10,10,10000,1000,0,8000,8000,1/3/2024,2024-03-01,2025-11-09 07:06:39.639615,data/lms_loan_daily.csv,2024-03-01
CUS_0x74a6_2023_09_01,CUS_0x74a6,1/9/2023,10,6,10000,1000,1000,0,4000,1/3/2024,2024-03-01,2025-11-09 07:06:39.639615,data/lms_loan_daily.csv,2024-03-01
CUS_0x74b1_2023_08_01,CUS_0x74b1,1/8/2023,10,7,10000,1000,0,6000,9000,1/3/2024,2024-03-01,2025-11-09 07:06:39.639615,data/lms_loan_daily.csv,2024-03-01
CUS_0x74bf_2023_08_01,CUS_0x74bf,1/8/2023,10,7,10000,1000,1000,0,3000,1/3/2024,2024-03-01,2025-11-09 07:06:39.639615,data/lms_loan_daily.csv,2024-03-01
CUS_0x74c_2023_09_01,CUS_0x74c,1/9/2023,10,6,10000,1000,1000,0,4000,1/3/2024,2024-03-01,2025-11-09 07:06:39.639615,data/lms_loan_daily.csv,2024-03-01
CUS_0x74c7_2023_05_01,CUS_0x74c7,1/5/2023,10,10,10000,1000,1000,0,0,1/3/2024,2024-03-01,2025-11-09 07:06:39.639615,data/lms_loan_daily.csv,2024-03-01
CUS_0x74d5_2023_10_01,CUS_0x74d5,1/10/2023,10,5,10000,1000,0,3000,8000,1/3/2024,2024-03-01,2025-11-09 07:06:39.639615,data/lms_loan_daily.csv,2024-03-01
CUS_0x74e7_2023_06_01,CUS_0x74e7,1/6/2023,10,9,10000,1000,1000,0,1000,1/3/2024,2024-03-01,2025-11-09 07:06:39.639615,data/lms_loan_daily.csv,2024-03-01
CUS_0x74e8_2023_12_01,CUS_0x74e8,1/12/2023,10,3,10000,1000,0,2000,9000,1/3/2024,2024-03-01,2025-11-09 07:06:39.639615,data/lms_loan_daily.csv,2024-03-01
CUS_0x74f5_2023_08_01,CUS_0x74f5,1/8/2023,10,7,10000,1000,1000,0,3000,1/3/2024,2024-03-01,2025-11-09 07:06:39.639615,data/lms_loan_daily.csv,2024-03-01
CUS_0x74f7_2023_06_01,CUS_0x74f7,1/6/2023,10,9,10000,1000,1000,0,1000,1/3/2024,2024-03-01,2025-11-09 07:06:39.639615,data/lms_loan_daily.csv,2024-03-01
CUS_0x74fa_2023_05_01,CUS_0x74fa,1/5/2023,10,10,10000,1000,1000,0,0,1/3/2024,2024-03-01,2025-11-09 07:06:39.639615,data/lms_loan_daily.csv,2024-03-01
CUS_0x74fc_2023_07_01,CUS_0x74fc,1/7/2023,10,8,10000,1000,1000,0,2000,1/3/2024,2024-03-01,2025-11-09 07:06:39.639615,data/lms_loan_daily.csv,2024-03-01
CUS_0x7500_2024_01_01,CUS_0x7500,1/1/2024,10,2,10000,1000,1000,0,8000,1/3/2024,2024-03-01,2025-11-09 07:06:39.639615,data/lms_loan_daily.csv,2024-03-01
CUS_0x7523_2023_08_01,CUS_0x7523,1/8/2023,10,7,10000,1000,0,3000,6000,1/3/2024,2024-03-01,2025-11-09 07:06:39.639615,data/lms_loan_daily.csv,2024-03-01
CUS_0x7526_2023_05_01,CUS_0x7526,1/5/2023,10,10,10000,1000,1000,0,0,1/3/2024,2024-03-01,2025-11-09 07:06:39.639615,data/lms_loan_daily.csv,2024-03-01
CUS_0x7528_2023_06_01,CUS_0x7528,1/6/2023,10,9,10000,1000,1000,0,1000,1/3/2024,2024-03-01,2025-11-09 07:06:39.639615,data/lms_loan_daily.csv,2024-03-01
CUS_0x753c_2024_02_01,CUS_0x753c,1/2/2024,10,1,10000,1000,1000,0,9000,1/3/2024,2024-03-01,2025-11-09 07:06:39.639615,data/lms_loan_daily.csv,2024-03-01
CUS_0x7541_2023_08_01,CUS_0x7541,1/8/2023,10,7,10000,1000,1000,0,3000,1/3/2024,2024-03-01,2025-11-09 07:06:39.639615,data/lms_loan_daily.csv,2024-03-01
CUS_0x7547_2023_09_01,CUS_0x7547,1/9/2023,10,6,10000,1000,0,4000,8000,1/3/2024,2024-03-01,2025-11-09 07:06:39.639615,data/lms_loan_daily.csv,2024-03-01
CUS_0x754c_2024_03_01,CUS_0x754c,1/3/2024,10,0,10000,0,0,0,10000,1/3/2024,2024-03-01,2025-11-09 07:06:39.639615,data/lms_loan_daily.csv,2024-03-01
CUS_0x754d_2023_10_01,CUS_0x754d,1/10/2023,10,5,10000,1000,1000,0,5000,1/3/2024,2024-03-01,2025-11-09 07:06:39.639615,data/lms_loan_daily.csv,2024-03-01
CUS_0x754e_2023_11_01,CUS_0x754e,1/11/2023,10,4,10000,1000,0,2000,8000,1/3/2024,2024-03-01,2025-11-09 07:06:39.639615,data/lms_loan_daily.csv,2024-03-01
CUS_0x7551_2023_07_01,CUS_0x7551,1/7/2023,10,8,10000,1000,1000,0,2000,1/3/2024,2024-03-01,2025-11-09 07:06:39.639615,data/lms_loan_daily.csv,2024-03-01
CUS_0x7558_2023_09_01,CUS_0x7558,1/9/2023,10,6,10000,1000,1000,0,4000,1/3/2024,2024-03-01,2025-11-09 07:06:39.639615,data/lms_loan_daily.csv,2024-03-01
CUS_0x755b_2023_06_01,CUS_0x755b,1/6/2023,10,9,10000,1000,1000,0,1000,1/3/2024,2024-03-01,2025-11-09 07:06:39.639615,data/lms_loan_daily.csv,2024-03-01
CUS_0x756e_2024_02_01,CUS_0x756e,1/2/2024,10,1,10000,1000,1000,0,9000,1/3/2024,2024-03-01,2025-11-09 07:06:39.639615,data/lms_loan_daily.csv,2024-03-01
CUS_0x756f_2023_11_01,CUS_0x756f,1/11/2023,10,4,10000,1000,1000,0,6000,1/3/2024,2024-03-01,2025-11-09 07:06:39.639615,data/lms_loan_daily.csv,2024-03-01
CUS_0x758f_2023_12_01,CUS_0x758f,1/12/2023,10,3,10000,1000,1000,0,7000,1/3/2024,2024-03-01,2025-11-09 07:06:39.639615,data/lms_loan_daily.csv,2024-03-01
CUS_0x7595_2023_11_01,CUS_0x7595,1/11/2023,10,4,10000,1000,1000,0,6000,1/3/2024,2024-03-01,2025-11-09 07:06:39.639615,data/lms_loan_daily.csv,2024-03-01
CUS_0x75a0_2023_09_01,CUS_0x75a0,1/9/2023,10,6,10000,1000,1000,0,4000,1/3/2024,2024-03-01,2025-11-09 07:06:39.639615,data/lms_loan_daily.csv,2024-03-01
CUS_0x75aa_2023_11_01,CUS_0x75aa,1/11/2023,10,4,10000,1000,0,2000,8000,1/3/2024,2024-03-01,2025-11-09 07:06:39.639615,data/lms_loan_daily.csv,2024-03-01
CUS_0x75b1_2023_11_01,CUS_0x75b1,1/11/2023,10,4,10000,1000,1000,0,6000,1/3/2024,2024-03-01,2025-11-09 07:06:39.639615,data/lms_loan_daily.csv,2024-03-01
CUS_0x75ba_2023_08_01,CUS_0x75ba,1/8/2023,10,7,10000,1000,1000,0,3000,1/3/2024,2024-03-01,2025-11-09 07:06:39.639615,data/lms_loan_daily.csv,2024-03-01
CUS_0x75c6_2023_11_01,CUS_0x75c6,1/11/2023,10,4,10000,1000,1000,0,6000,1/3/2024,2024-03-01,2025-11-09 07:06:39.639615,data/lms_loan_daily.csv,2024-03-01
CUS_0x75ce_2023_06_01,CUS_0x75ce,1/6/2023,10,9,10000,1000,0,6000,7000,1/3/2024,2024-03-01,2025-11-09 07:06:39.639615,data/lms_loan_daily.csv,2024-03-01
CUS_0x75d3_2023_09_01,CUS_0x75d3,1/9/2023,10,6,10000,1000,1000,0,4000,1/3/2024,2024-03-01,2025-11-09 07:06:39.639615,data/lms_loan_daily.csv,2024-03-01
CUS_0x75e8_2023_10_01,CUS_0x75e8,1/10/2023,10,5,10000,1000,1000,0,5000,1/3/2024,2024-03-01,2025-11-09 07:06:39.639615,data/lms_loan_daily.csv,2024-03-01
CUS_0x75ef_2023_11_01,CUS_0x75ef,1/11/2023,10,4,10000,1000,1000,0,6000,1/3/2024,2024-03-01,2025-11-09 07:06:39.639615,data/lms_loan_daily.csv,2024-03-01
CUS_0x75f_2023_07_01,CUS_0x75f,1/7/2023,10,8,10000,1000,1000,0,2000,1/3/2024,2024-03-01,2025-11-09 07:06:39.639615,data/lms_loan_daily.csv,2024-03-01
CUS_0x75f0_2023_06_01,CUS_0x75f0,1/6/2023,10,9,10000,1000,1000,0,1000,1/3/2024,2024-03-01,2025-11-09 07:06:39.639615,data/lms_loan_daily.csv,2024-03-01
CUS_0x75fb_2023_09_01,CUS_0x75fb,1/9/2023,10,6,10000,1000,0,3000,7000,1/3/2024,2024-03-01,2025-11-09 07:06:39.639615,data/lms_loan_daily.csv,2024-03-01
CUS_0x760a_2024_03_01,CUS_0x760a,1/3/2024,10,0,10000,0,0,0,10000,1/3/2024,2024-03-01,2025-11-09 07:06:39.639615,data/lms_loan_daily.csv,2024-03-01
CUS_0x761f_2023_11_01,CUS_0x761f,1/11/2023,10,4,10000,1000,0,2000,8000,1/3/2024,2024-03-01,2025-11-09 07:06:39.639615,data/lms_loan_daily.csv,2024-03-01
CUS_0x7620_2024_02_01,CUS_0x7620,1/2/2024,10,1,10000,1000,1000,0,9000,1/3/2024,2024-03-01,2025-11-09 07:06:39.639615,data/lms_loan_daily.csv,2024-03-01
CUS_0x7622_2024_01_01,CUS_0x7622,1/1/2024,10,2,10000,1000,1000,0,8000,1/3/2024,2024-03-01,2025-11-09 07:06:39.639615,data/lms_loan_daily.csv,2024-03-01
CUS_0x7623_2023_11_01,CUS_0x7623,1/11/2023,10,4,10000,1000,1000,0,6000,1/3/2024,2024-03-01,2025-11-09 07:06:39.639615,data/lms_loan_daily.csv,2024-03-01
CUS_0x7633_2023_06_01,CUS_0x7633,1/6/2023,10,9,10000,1000,0,6000,7000,1/3/2024,2024-03-01,2025-11-09 07:06:39.639615,data/lms_loan_daily.csv,2024-03-01
CUS_0x7641_2023_10_01,CUS_0x7641,1/10/2023,10,5,10000,1000,1000,0,5000,1/3/2024,2024-03-01,2025-11-09 07:06:39.639615,data/lms_loan_daily.csv,2024-03-01
CUS_0x764f_2023_07_01,CUS_0x764f,1/7/2023,10,8,10000,1000,1000,0,2000,1/3/2024,2024-03-01,2025-11-09 07:06:39.639615,data/lms_loan_daily.csv,2024-03-01
CUS_0x7651_2023_06_01,CUS_0x7651,1/6/2023,10,9,10000,1000,0,7000,8000,1/3/2024,2024-03-01,2025-11-09 07:06:39.639615,data/lms_loan_daily.csv,2024-03-01
CUS_0x765b_2023_09_01,CUS_0x765b,1/9/2023,10,6,10000,1000,1000,0,4000,1/3/2024,2024-03-01,2025-11-09 07:06:39.639615,data/lms_loan_daily.csv,2024-03-01
CUS_0x7670_2024_03_01,CUS_0x7670,1/3/2024,10,0,10000,0,0,0,10000,1/3/2024,2024-03-01,2025-11-09 07:06:39.639615,data/lms_loan_daily.csv,2024-03-01
CUS_0x7671_2023_12_01,CUS_0x7671,1/12/2023,10,3,10000,1000,2000,0,7000,1/3/2024,2024-03-01,2025-11-09 07:06:39.639615,data/lms_loan_daily.csv,2024-03-01
CUS_0x7677_2023_08_01,CUS_0x7677,1/8/2023,10,7,10000,1000,1000,0,3000,1/3/2024,2024-03-01,2025-11-09 07:06:39.639615,data/lms_loan_daily.csv,2024-03-01
CUS_0x7693_2023_06_01,CUS_0x7693,1/6/2023,10,9,10000,1000,0,6000,7000,1/3/2024,2024-03-01,2025-11-09 07:06:39.639615,data/lms_loan_daily.csv,2024-03-01
CUS_0x7694_2023_09_01,CUS_0x7694,1/9/2023,10,6,10000,1000,0,2000,6000,1/3/2024,2024-03-01,2025-11-09 07:06:39.639615,data/lms_loan_daily.csv,2024-03-01
CUS_0x7699_2023_10_01,CUS_0x7699,1/10/2023,10,5,10000,1000,1000,0,5000,1/3/2024,2024-03-01,2025-11-09 07:06:39.639615,data/lms_loan_daily.csv,2024-03-01
CUS_0x769a_2023_11_01,CUS_0x769a,1/11/2023,10,4,10000,1000,1000,0,6000,1/3/2024,2024-03-01,2025-11-09 07:06:39.639615,data/lms_loan_daily.csv,2024-03-01
CUS_0x769d_2023_12_01,CUS_0x769d,1/12/2023,10,3,10000,1000,0,1000,8000,1/3/2024,2024-03-01,2025-11-09 07:06:39.639615,data/lms_loan_daily.csv,2024-03-01
CUS_0x76a9_2023_10_01,CUS_0x76a9,1/10/2023,10,5,10000,1000,1000,0,5000,1/3/2024,2024-03-01,2025-11-09 07:06:39.639615,data/lms_loan_daily.csv,2024-03-01
CUS_0x76b_2024_01_01,CUS_0x76b,1/1/2024,10,2,10000,1000,1000,0,8000,1/3/2024,2024-03-01,2025-11-09 07:06:39.639615,data/lms_loan_daily.csv,2024-03-01
CUS_0x76c2_2023_11_01,CUS_0x76c2,1/11/2023,10,4,10000,1000,1000,0,6000,1/3/2024,2024-03-01,2025-11-09 07:06:39.639615,data/lms_loan_daily.csv,2024-03-01
CUS_0x76c4_2023_11_01,CUS_0x76c4,1/11/2023,10,4,10000,1000,1000,0,6000,1/3/2024,2024-03-01,2025-11-09 07:06:39.639615,data/lms_loan_daily.csv,2024-03-01
CUS_0x76ca_2024_03_01,CUS_0x76ca,1/3/2024,10,0,10000,0,0,0,10000,1/3/2024,2024-03-01,2025-11-09 07:06:39.639615,data/lms_loan_daily.csv,2024-03-01
CUS_0x76d1_2023_05_01,CUS_0x76d1,1/5/2023,10,10,10000,1000,1000,0,0,1/3/2024,2024-03-01,2025-11-09 07:06:39.639615,data/lms_loan_daily.csv,2024-03-01
CUS_0x76d4_2023_06_01,CUS_0x76d4,1/6/2023,10,9,10000,1000,1000,0,1000,1/3/2024,2024-03-01,2025-11-09 07:06:39.639615,data/lms_loan_daily.csv,2024-03-01
CUS_0x76dc_2023_06_01,CUS_0x76dc,1/6/2023,10,9,10000,1000,1000,0,1000,1/3/2024,2024-03-01,2025-11-09 07:06:39.639615,data/lms_loan_daily.csv,2024-03-01
CUS_0x76df_2024_03_01,CUS_0x76df,1/3/2024,10,0,10000,0,0,0,10000,1/3/2024,2024-03-01,2025-11-09 07:06:39.639615,data/lms_loan_daily.csv,2024-03-01
CUS_0x76e2_2024_03_01,CUS_0x76e2,1/3/2024,10,0,10000,0,0,0,10000,1/3/2024,2024-03-01,2025-11-09 07:06:39.639615,data/lms_loan_daily.csv,2024-03-01
CUS_0x76e7_2023_06_01,CUS_0x76e7,1/6/2023,10,9,10000,1000,0,6000,7000,1/3/2024,2024-03-01,2025-11-09 07:06:39.639615,data/lms_loan_daily.csv,2024-03-01
CUS_0x76fb_2023_11_01,CUS_0x76fb,1/11/2023,10,4,10000,1000,1000,0,6000,1/3/2024,2024-03-01,2025-11-09 07:06:39.639615,data/lms_loan_daily.csv,2024-03-01
CUS_0x76fc_2023_07_01,CUS_0x76fc,1/7/2023,10,8,10000,1000,1000,0,2000,1/3/2024,2024-03-01,2025-11-09 07:06:39.639615,data/lms_loan_daily.csv,2024-03-01
CUS_0x7701_2024_02_01,CUS_0x7701,1/2/2024,10,1,10000,1000,1000,0,9000,1/3/2024,2024-03-01,2025-11-09 07:06:39.639615,data/lms_loan_daily.csv,2024-03-01
CUS_0x7703_2023_10_01,CUS_0x7703,1/10/2023,10,5,10000,1000,1000,0,5000,1/3/2024,2024-03-01,2025-11-09 07:06:39.639615,data/lms_loan_daily.csv,2024-03-01
CUS_0x7711_2024_03_01,CUS_0x7711,1/3/2024,10,0,10000,0,0,0,10000,1/3/2024,2024-03-01,2025-11-09 07:06:39.639615,data/lms_loan_daily.csv,2024-03-01
CUS_0x771e_2023_05_01,CUS_0x771e,1/5/2023,10,10,10000,1000,0,9000,9000,1/3/2024,2024-03-01,2025-11-09 07:06:39.639615,data/lms_loan_daily.csv,2024-03-01
CUS_0x7755_2024_01_01,CUS_0x7755,1/1/2024,10,2,10000,1000,1000,0,8000,1/3/2024,2024-03-01,2025-11-09 07:06:39.639615,data/lms_loan_daily.csv,2024-03-01
CUS_0x7756_2023_08_01,CUS_0x7756,1/8/2023,10,7,10000,1000,1000,0,3000,1/3/2024,2024-03-01,2025-11-09 07:06:39.639615,data/lms_loan_daily.csv,2024-03-01
CUS_0x7766_2024_03_01,CUS_0x7766,1/3/2024,10,0,10000,0,0,0,10000,1/3/2024,2024-03-01,2025-11-09 07:06:39.639615,data/lms_loan_daily.csv,2024-03-01
CUS_0x778b_2023_08_01,CUS_0x778b,1/8/2023,10,7,10000,1000,1000,0,3000,1/3/2024,2024-03-01,2025-11-09 07:06:39.639615,data/lms_loan_daily.csv,2024-03-01
CUS_0x778e_2023_07_01,CUS_0x778e,1/7/2023,10,8,10000,1000,1000,0,2000,1/3/2024,2024-03-01,2025-11-09 07:06:39.639615,data/lms_loan_daily.csv,2024-03-01
CUS_0x77a2_2023_08_01,CUS_0x77a2,1/8/2023,10,7,10000,1000,1000,0,3000,1/3/2024,2024-03-01,2025-11-09 07:06:39.639615,data/lms_loan_daily.csv,2024-03-01
CUS_0x77ac_2023_09_01,CUS_0x77ac,1/9/2023,10,6,10000,1000,0,2000,6000,1/3/2024,2024-03-01,2025-11-09 07:06:39.639615,data/lms_loan_daily.csv,2024-03-01
CUS_0x77b5_2024_02_01,CUS_0x77b5,1/2/2024,10,1,10000,1000,1000,0,9000,1/3/2024,2024-03-01,2025-11-09 07:06:39.639615,data/lms_loan_daily.csv,2024-03-01
CUS_0x77bf_2024_02_01,CUS_0x77bf,1/2/2024,10,1,10000,1000,1000,0,9000,1/3/2024,2024-03-01,2025-11-09 07:06:39.639615,data/lms_loan_daily.csv,2024-03-01
CUS_0x77ca_2023_06_01,CUS_0x77ca,1/6/2023,10,9,10000,1000,1000,0,1000,1/3/2024,2024-03-01,2025-11-09 07:06:39.639615,data/lms_loan_daily.csv,2024-03-01
CUS_0x77da_2023_08_01,CUS_0x77da,1/8/2023,10,7,10000,1000,0,7000,10000,1/3/2024,2024-03-01,2025-11-09 07:06:39.639615,data/lms_loan_daily.csv,2024-03-01
CUS_0x77ec_2023_10_01,CUS_0x77ec,1/10/2023,10,5,10000,1000,0,2000,7000,1/3/2024,2024-03-01,2025-11-09 07:06:39.639615,data/lms_loan_daily.csv,2024-03-01
CUS_0x77f6_2023_09_01,CUS_0x77f6,1/9/2023,10,6,10000,1000,1000,0,4000,1/3/2024,2024-03-01,2025-11-09 07:06:39.639615,data/lms_loan_daily.csv,2024-03-01
CUS_0x7801_2023_09_01,CUS_0x7801,1/9/2023,10,6,10000,1000,1000,0,4000,1/3/2024,2024-03-01,2025-11-09 07:06:39.639615,data/lms_loan_daily.csv,2024-03-01
CUS_0x780c_2024_02_01,CUS_0x780c,1/2/2024,10,1,10000,1000,1000,0,9000,1/3/2024,2024-03-01,2025-11-09 07:06:39.639615,data/lms_loan_daily.csv,2024-03-01
CUS_0x781a_2023_09_01,CUS_0x781a,1/9/2023,10,6,10000,1000,1000,0,4000,1/3/2024,2024-03-01,2025-11-09 07:06:39.639615,data/lms_loan_daily.csv,2024-03-01
CUS_0x7820_2023_05_01,CUS_0x7820,1/5/2023,10,10,10000,1000,1000,0,0,1/3/2024,2024-03-01,2025-11-09 07:06:39.639615,data/lms_loan_daily.csv,2024-03-01
CUS_0x7833_2024_02_01,CUS_0x7833,1/2/2024,10,1,10000,1000,1000,0,9000,1/3/2024,2024-03-01,2025-11-09 07:06:39.639615,data/lms_loan_daily.csv,2024-03-01
CUS_0x7837_2023_07_01,CUS_0x7837,1/7/2023,10,8,10000,1000,0,4000,6000,1/3/2024,2024-03-01,2025-11-09 07:06:39.639615,data/lms_loan_daily.csv,2024-03-01
CUS_0x783b_2024_03_01,CUS_0x783b,1/3/2024,10,0,10000,0,0,0,10000,1/3/2024,2024-03-01,2025-11-09 07:06:39.639615,data/lms_loan_daily.csv,2024-03-01
CUS_0x783f_2023_06_01,CUS_0x783f,1/6/2023,10,9,10000,1000,0,5000,6000,1/3/2024,2024-03-01,2025-11-09 07:06:39.639615,data/lms_loan_daily.csv,2024-03-01
CUS_0x784_2024_02_01,CUS_0x784,1/2/2024,10,1,10000,1000,1000,0,9000,1/3/2024,2024-03-01,2025-11-09 07:06:39.639615,data/lms_loan_daily.csv,2024-03-01
CUS_0x7843_2023_06_01,CUS_0x7843,1/6/2023,10,9,10000,1000,1000,0,1000,1/3/2024,2024-03-01,2025-11-09 07:06:39.639615,data/lms_loan_daily.csv,2024-03-01
CUS_0x7846_2023_05_01,CUS_0x7846,1/5/2023,10,10,10000,1000,1000,0,0,1/3/2024,2024-03-01,2025-11-09 07:06:39.639615,data/lms_loan_daily.csv,2024-03-01
CUS_0x7848_2023_05_01,CUS_0x7848,1/5/2023,10,10,10000,1000,1000,0,0,1/3/2024,2024-03-01,2025-11-09 07:06:39.639615,data/lms_loan_daily.csv,2024-03-01
CUS_0x7853_2024_01_01,CUS_0x7853,1/1/2024,10,2,10000,1000,1000,0,8000,1/3/2024,2024-03-01,2025-11-09 07:06:39.639615,data/lms_loan_daily.csv,2024-03-01
CUS_0x7863_2023_05_01,CUS_0x7863,1/5/2023,10,10,10000,1000,0,8000,8000,1/3/2024,2024-03-01,2025-11-09 07:06:39.639615,data/lms_loan_daily.csv,2024-03-01
CUS_0x786d_2023_12_01,CUS_0x786d,1/12/2023,10,3,10000,1000,1000,0,7000,1/3/2024,2024-03-01,2025-11-09 07:06:39.639615,data/lms_loan_daily.csv,2024-03-01
CUS_0x7878_2024_01_01,CUS_0x7878,1/1/2024,10,2,10000,1000,1000,0,8000,1/3/2024,2024-03-01,2025-11-09 07:06:39.639615,data/lms_loan_daily.csv,2024-03-01
CUS_0x787b_2023_11_01,CUS_0x787b,1/11/2023,10,4,10000,1000,4000,0,6000,1/3/2024,2024-03-01,2025-11-09 07:06:39.639615,data/lms_loan_daily.csv,2024-03-01
CUS_0x787f_2023_08_01,CUS_0x787f,1/8/2023,10,7,10000,1000,1000,0,3000,1/3/2024,2024-03-01,2025-11-09 07:06:39.639615,data/lms_loan_daily.csv,2024-03-01
CUS_0x789_2023_06_01,CUS_0x789,1/6/2023,10,9,10000,1000,1000,0,1000,1/3/2024,2024-03-01,2025-11-09 07:06:39.639615,data/lms_loan_daily.csv,2024-03-01
CUS_0x7893_2023_07_01,CUS_0x7893,1/7/2023,10,8,10000,1000,1000,0,2000,1/3/2024,2024-03-01,2025-11-09 07:06:39.639615,data/lms_loan_daily.csv,2024-03-01
CUS_0x7899_2023_06_01,CUS_0x7899,1/6/2023,10,9,10000,1000,0,7000,8000,1/3/2024,2024-03-01,2025-11-09 07:06:39.639615,data/lms_loan_daily.csv,2024-03-01
CUS_0x789f_2023_09_01,CUS_0x789f,1/9/2023,10,6,10000,1000,0,4000,8000,1/3/2024,2024-03-01,2025-11-09 07:06:39.639615,data/lms_loan_daily.csv,2024-03-01
CUS_0x78a6_2023_05_01,CUS_0x78a6,1/5/2023,10,10,10000,1000,1000,0,0,1/3/2024,2024-03-01,2025-11-09 07:06:39.639615,data/lms_loan_daily.csv,2024-03-01
CUS_0x78bf_2023_09_01,CUS_0x78bf,1/9/2023,10,6,10000,1000,0,2000,6000,1/3/2024,2024-03-01,2025-11-09 07:06:39.639615,data/lms_loan_daily.csv,2024-03-01
CUS_0x78c2_2024_03_01,CUS_0x78c2,1/3/2024,10,0,10000,0,0,0,10000,1/3/2024,2024-03-01,2025-11-09 07:06:39.639615,data/lms_loan_daily.csv,2024-03-01
CUS_0x78ca_2023_12_01,CUS_0x78ca,1/12/2023,10,3,10000,1000,1000,0,7000,1/3/2024,2024-03-01,2025-11-09 07:06:39.639615,data/lms_loan_daily.csv,2024-03-01
CUS_0x78cd_2023_10_01,CUS_0x78cd,1/10/2023,10,5,10000,1000,0,1000,6000,1/3/2024,2024-03-01,2025-11-09 07:06:39.639615,data/lms_loan_daily.csv,2024-03-01
CUS_0x78ce_2024_03_01,CUS_0x78ce,1/3/2024,10,0,10000,0,0,0,10000,1/3/2024,2024-03-01,2025-11-09 07:06:39.639615,data/lms_loan_daily.csv,2024-03-01
CUS_0x78d3_2024_02_01,CUS_0x78d3,1/2/2024,10,1,10000,1000,1000,0,9000,1/3/2024,2024-03-01,2025-11-09 07:06:39.639615,data/lms_loan_daily.csv,2024-03-01
CUS_0x78e0_2023_05_01,CUS_0x78e0,1/5/2023,10,10,10000,1000,1000,0,0,1/3/2024,2024-03-01,2025-11-09 07:06:39.639615,data/lms_loan_daily.csv,2024-03-01
CUS_0x78e8_2023_12_01,CUS_0x78e8,1/12/2023,10,3,10000,1000,0,3000,10000,1/3/2024,2024-03-01,2025-11-09 07:06:39.639615,data/lms_loan_daily.csv,2024-03-01
CUS_0x78eb_2023_11_01,CUS_0x78eb,1/11/2023,10,4,10000,1000,1000,0,6000,1/3/2024,2024-03-01,2025-11-09 07:06:39.639615,data/lms_loan_daily.csv,2024-03-01
CUS_0x78fe_2024_03_01,CUS_0x78fe,1/3/2024,10,0,10000,0,0,0,10000,1/3/2024,2024-03-01,2025-11-09 07:06:39.639615,data/lms_loan_daily.csv,2024-03-01
CUS_0x7900_2023_06_01,CUS_0x7900,1/6/2023,10,9,10000,1000,0,8000,9000,1/3/2024,2024-03-01,2025-11-09 07:06:39.639615,data/lms_loan_daily.csv,2024-03-01
CUS_0x7906_2023_12_01,CUS_0x7906,1/12/2023,10,3,10000,1000,2000,0,7000,1/3/2024,2024-03-01,2025-11-09 07:06:39.639615,data/lms_loan_daily.csv,2024-03-01
CUS_0x795_2024_02_01,CUS_0x795,1/2/2024,10,1,10000,1000,1000,0,9000,1/3/2024,2024-03-01,2025-11-09 07:06:39.639615,data/lms_loan_daily.csv,2024-03-01
CUS_0x7953_2023_11_01,CUS_0x7953,1/11/2023,10,4,10000,1000,0,1000,7000,1/3/2024,2024-03-01,2025-11-09 07:06:39.639615,data/lms_loan_daily.csv,2024-03-01
CUS_0x795b_2024_02_01,CUS_0x795b,1/2/2024,10,1,10000,1000,1000,0,9000,1/3/2024,2024-03-01,2025-11-09 07:06:39.639615,data/lms_loan_daily.csv,2024-03-01
CUS_0x795c_2023_05_01,CUS_0x795c,1/5/2023,10,10,10000,1000,1000,0,0,1/3/2024,2024-03-01,2025-11-09 07:06:39.639615,data/lms_loan_daily.csv,2024-03-01
CUS_0x7960_2023_07_01,CUS_0x7960,1/7/2023,10,8,10000,1000,0,7000,9000,1/3/2024,2024-03-01,2025-11-09 07:06:39.639615,data/lms_loan_daily.csv,2024-03-01
CUS_0x7963_2023_06_01,CUS_0x7963,1/6/2023,10,9,10000,1000,1000,0,1000,1/3/2024,2024-03-01,2025-11-09 07:06:39.639615,data/lms_loan_daily.csv,2024-03-01
CUS_0x7967_2023_05_01,CUS_0x7967,1/5/2023,10,10,10000,1000,1000,0,0,1/3/2024,2024-03-01,2025-11-09 07:06:39.639615,data/lms_loan_daily.csv,2024-03-01
CUS_0x797_2023_09_01,CUS_0x797,1/9/2023,10,6,10000,1000,1000,0,4000,1/3/2024,2024-03-01,2025-11-09 07:06:39.639615,data/lms_loan_daily.csv,2024-03-01
CUS_0x7974_2023_12_01,CUS_0x7974,1/12/2023,10,3,10000,1000,1000,0,7000,1/3/2024,2024-03-01,2025-11-09 07:06:39.639615,data/lms_loan_daily.csv,2024-03-01
CUS_0x797a_2023_11_01,CUS_0x797a,1/11/2023,10,4,10000,1000,1000,0,6000,1/3/2024,2024-03-01,2025-11-09 07:06:39.639615,data/lms_loan_daily.csv,2024-03-01
CUS_0x797d_2023_10_01,CUS_0x797d,1/10/2023,10,5,10000,1000,1000,0,5000,1/3/2024,2024-03-01,2025-11-09 07:06:39.639615,data/lms_loan_daily.csv,2024-03-01
CUS_0x798f_2023_08_01,CUS_0x798f,1/8/2023,10,7,10000,1000,0,5000,8000,1/3/2024,2024-03-01,2025-11-09 07:06:39.639615,data/lms_loan_daily.csv,2024-03-01
CUS_0x79a8_2024_02_01,CUS_0x79a8,1/2/2024,10,1,10000,1000,1000,0,9000,1/3/2024,2024-03-01,2025-11-09 07:06:39.639615,data/lms_loan_daily.csv,2024-03-01
CUS_0x79a9_2023_07_01,CUS_0x79a9,1/7/2023,10,8,10000,1000,0,6000,8000,1/3/2024,2024-03-01,2025-11-09 07:06:39.639615,data/lms_loan_daily.csv,2024-03-01
CUS_0x79b7_2024_03_01,CUS_0x79b7,1/3/2024,10,0,10000,0,0,0,10000,1/3/2024,2024-03-01,2025-11-09 07:06:39.639615,data/lms_loan_daily.csv,2024-03-01
CUS_0x79b8_2023_09_01,CUS_0x79b8,1/9/2023,10,6,10000,1000,0,2000,6000,1/3/2024,2024-03-01,2025-11-09 07:06:39.639615,data/lms_loan_daily.csv,2024-03-01
CUS_0x79c0_2023_12_01,CUS_0x79c0,1/12/2023,10,3,10000,1000,0,1000,8000,1/3/2024,2024-03-01,2025-11-09 07:06:39.639615,data/lms_loan_daily.csv,2024-03-01
CUS_0x79c1_2023_06_01,CUS_0x79c1,1/6/2023,10,9,10000,1000,0,6000,7000,1/3/2024,2024-03-01,2025-11-09 07:06:39.639615,data/lms_loan_daily.csv,2024-03-01
CUS_0x79c5_2024_03_01,CUS_0x79c5,1/3/2024,10,0,10000,0,0,0,10000,1/3/2024,2024-03-01,2025-11-09 07:06:39.639615,data/lms_loan_daily.csv,2024-03-01
CUS_0x79c8_2023_08_01,CUS_0x79c8,1/8/2023,10,7,10000,1000,1000,0,3000,1/3/2024,2024-03-01,2025-11-09 07:06:39.639615,data/lms_loan_daily.csv,2024-03-01
CUS_0x79cb_2024_02_01,CUS_0x79cb,1/2/2024,10,1,10000,1000,0,1000,10000,1/3/2024,2024-03-01,2025-11-09 07:06:39.639615,data/lms_loan_daily.csv,2024-03-01
CUS_0x79d3_2023_05_01,CUS_0x79d3,1/5/2023,10,10,10000,1000,1000,0,0,1/3/2024,2024-03-01,2025-11-09 07:06:39.639615,data/lms_loan_daily.csv,2024-03-01
CUS_0x79d7_2023_11_01,CUS_0x79d7,1/11/2023,10,4,10000,1000,0,3000,9000,1/3/2024,2024-03-01,2025-11-09 07:06:39.639615,data/lms_loan_daily.csv,2024-03-01
CUS_0x79e4_2024_01_01,CUS_0x79e4,1/1/2024,10,2,10000,1000,1000,0,8000,1/3/2024,2024-03-01,2025-11-09 07:06:39.639615,data/lms_loan_daily.csv,2024-03-01
CUS_0x79ee_2023_05_01,CUS_0x79ee,1/5/2023,10,10,10000,1000,1000,0,0,1/3/2024,2024-03-01,2025-11-09 07:06:39.639615,data/lms_loan_daily.csv,2024-03-01
CUS_0x79f7_2024_01_01,CUS_0x79f7,1/1/2024,10,2,10000,1000,1000,0,8000,1/3/2024,2024-03-01,2025-11-09 07:06:39.639615,data/lms_loan_daily.csv,2024-03-01
CUS_0x7a01_2024_03_01,CUS_0x7a01,1/3/2024,10,0,10000,0,0,0,10000,1/3/2024,2024-03-01,2025-11-09 07:06:39.639615,data/lms_loan_daily.csv,2024-03-01
CUS_0x7a05_2023_08_01,CUS_0x7a05,1/8/2023,10,7,10000,1000,1000,0,3000,1/3/2024,2024-03-01,2025-11-09 07:06:39.639615,data/lms_loan_daily.csv,2024-03-01
CUS_0x7a0b_2023_07_01,CUS_0x7a0b,1/7/2023,10,8,10000,1000,1000,0,2000,1/3/2024,2024-03-01,2025-11-09 07:06:39.639615,data/lms_loan_daily.csv,2024-03-01
CUS_0x7a0f_2024_02_01,CUS_0x7a0f,1/2/2024,10,1,10000,1000,1000,0,9000,1/3/2024,2024-03-01,2025-11-09 07:06:39.639615,data/lms_loan_daily.csv,2024-03-01
CUS_0x7a11_2023_05_01,CUS_0x7a11,1/5/2023,10,10,10000,1000,1000,0,0,1/3/2024,2024-03-01,2025-11-09 07:06:39.639615,data/lms_loan_daily.csv,2024-03-01
CUS_0x7a12_2024_01_01,CUS_0x7a12,1/1/2024,10,2,10000,1000,1000,0,8000,1/3/2024,2024-03-01,2025-11-09 07:06:39.639615,data/lms_loan_daily.csv,2024-03-01
CUS_0x7a14_2023_12_01,CUS_0x7a14,1/12/2023,10,3,10000,1000,1000,0,7000,1/3/2024,2024-03-01,2025-11-09 07:06:39.639615,data/lms_loan_daily.csv,2024-03-01
CUS_0x7a22_2023_12_01,CUS_0x7a22,1/12/2023,10,3,10000,1000,1000,0,7000,1/3/2024,2024-03-01,2025-11-09 07:06:39.639615,data/lms_loan_daily.csv,2024-03-01
CUS_0x7a26_2023_12_01,CUS_0x7a26,1/12/2023,10,3,10000,1000,1000,0,7000,1/3/2024,2024-03-01,2025-11-09 07:06:39.639615,data/lms_loan_daily.csv,2024-03-01
CUS_0x7a29_2024_03_01,CUS_0x7a29,1/3/2024,10,0,10000,0,0,0,10000,1/3/2024,2024-03-01,2025-11-09 07:06:39.639615,data/lms_loan_daily.csv,2024-03-01
CUS_0x7a32_2023_12_01,CUS_0x7a32,1/12/2023,10,3,10000,1000,1000,0,7000,1/3/2024,2024-03-01,2025-11-09 07:06:39.639615,data/lms_loan_daily.csv,2024-03-01
CUS_0x7a35_2023_11_01,CUS_0x7a35,1/11/2023,10,4,10000,1000,0,4000,10000,1/3/2024,2024-03-01,2025-11-09 07:06:39.639615,data/lms_loan_daily.csv,2024-03-01
CUS_0x7a39_2023_07_01,CUS_0x7a39,1/7/2023,10,8,10000,1000,0,5000,7000,1/3/2024,2024-03-01,2025-11-09 07:06:39.639615,data/lms_loan_daily.csv,2024-03-01
CUS_0x7a4c_2023_08_01,CUS_0x7a4c,1/8/2023,10,7,10000,1000,1000,0,3000,1/3/2024,2024-03-01,2025-11-09 07:06:39.639615,data/lms_loan_daily.csv,2024-03-01
CUS_0x7a4d_2023_05_01,CUS_0x7a4d,1/5/2023,10,10,10000,1000,0,7000,7000,1/3/2024,2024-03-01,2025-11-09 07:06:39.639615,data/lms_loan_daily.csv,2024-03-01
CUS_0x7a56_2023_08_01,CUS_0x7a56,1/8/2023,10,7,10000,1000,0,6000,9000,1/3/2024,2024-03-01,2025-11-09 07:06:39.639615,data/lms_loan_daily.csv,2024-03-01
CUS_0x7a68_2023_08_01,CUS_0x7a68,1/8/2023,10,7,10000,1000,1000,0,3000,1/3/2024,2024-03-01,2025-11-09 07:06:39.639615,data/lms_loan_daily.csv,2024-03-01
CUS_0x7a73_2023_06_01,CUS_0x7a73,1/6/2023,10,9,10000,1000,0,7000,8000,1/3/2024,2024-03-01,2025-11-09 07:06:39.639615,data/lms_loan_daily.csv,2024-03-01
CUS_0x7a79_2023_06_01,CUS_0x7a79,1/6/2023,10,9,10000,1000,1000,0,1000,1/3/2024,2024-03-01,2025-11-09 07:06:39.639615,data/lms_loan_daily.csv,2024-03-01
CUS_0x7a7f_2023_12_01,CUS_0x7a7f,1/12/2023,10,3,10000,1000,1000,0,7000,1/3/2024,2024-03-01,2025-11-09 07:06:39.639615,data/lms_loan_daily.csv,2024-03-01
CUS_0x7a8_2024_01_01,CUS_0x7a8,1/1/2024,10,2,10000,1000,1000,0,8000,1/3/2024,2024-03-01,2025-11-09 07:06:39.639615,data/lms_loan_daily.csv,2024-03-01
CUS_0x7a8d_2023_10_01,CUS_0x7a8d,1/10/2023,10,5,10000,1000,1000,0,5000,1/3/2024,2024-03-01,2025-11-09 07:06:39.639615,data/lms_loan_daily.csv,2024-03-01
CUS_0x7a8e_2023_12_01,CUS_0x7a8e,1/12/2023,10,3,10000,1000,1000,0,7000,1/3/2024,2024-03-01,2025-11-09 07:06:39.639615,data/lms_loan_daily.csv,2024-03-01
CUS_0x7aa9_2023_11_01,CUS_0x7aa9,1/11/2023,10,4,10000,1000,1000,0,6000,1/3/2024,2024-03-01,2025-11-09 07:06:39.639615,data/lms_loan_daily.csv,2024-03-01
CUS_0x7aaa_2023_11_01,CUS_0x7aaa,1/11/2023,10,4,10000,1000,1000,0,6000,1/3/2024,2024-03-01,2025-11-09 07:06:39.639615,data/lms_loan_daily.csv,2024-03-01
CUS_0x7aae_2024_03_01,CUS_0x7aae,1/3/2024,10,0,10000,0,0,0,10000,1/3/2024,2024-03-01,2025-11-09 07:06:39.639615,data/lms_loan_daily.csv,2024-03-01
CUS_0x7ab3_2023_12_01,CUS_0x7ab3,1/12/2023,10,3,10000,1000,1000,0,7000,1/3/2024,2024-03-01,2025-11-09 07:06:39.639615,data/lms_loan_daily.csv,2024-03-01
CUS_0x7ab6_2023_08_01,CUS_0x7ab6,1/8/2023,10,7,10000,1000,1000,0,3000,1/3/2024,2024-03-01,2025-11-09 07:06:39.639615,data/lms_loan_daily.csv,2024-03-01
CUS_0x7aba_2023_05_01,CUS_0x7aba,1/5/2023,10,10,10000,1000,1000,0,0,1/3/2024,2024-03-01,2025-11-09 07:06:39.639615,data/lms_loan_daily.csv,2024-03-01
CUS_0x7ac7_2023_08_01,CUS_0x7ac7,1/8/2023,10,7,10000,1000,0,6000,9000,1/3/2024,2024-03-01,2025-11-09 07:06:39.639615,data/lms_loan_daily.csv,2024-03-01
CUS_0x7ace_2023_10_01,CUS_0x7ace,1/10/2023,10,5,10000,1000,1000,0,5000,1/3/2024,2024-03-01,2025-11-09 07:06:39.639615,data/lms_loan_daily.csv,2024-03-01
CUS_0x7ad7_2023_06_01,CUS_0x7ad7,1/6/2023,10,9,10000,1000,1000,0,1000,1/3/2024,2024-03-01,2025-11-09 07:06:39.639615,data/lms_loan_daily.csv,2024-03-01
CUS_0x7ad8_2023_09_01,CUS_0x7ad8,1/9/2023,10,6,10000,1000,0,3000,7000,1/3/2024,2024-03-01,2025-11-09 07:06:39.639615,data/lms_loan_daily.csv,2024-03-01
CUS_0x7ad9_2024_01_01,CUS_0x7ad9,1/1/2024,10,2,10000,1000,1000,0,8000,1/3/2024,2024-03-01,2025-11-09 07:06:39.639615,data/lms_loan_daily.csv,2024-03-01
CUS_0x7ae_2024_03_01,CUS_0x7ae,1/3/2024,10,0,10000,0,0,0,10000,1/3/2024,2024-03-01,2025-11-09 07:06:39.639615,data/lms_loan_daily.csv,2024-03-01
CUS_0x7ae7_2024_02_01,CUS_0x7ae7,1/2/2024,10,1,10000,1000,1000,0,9000,1/3/2024,2024-03-01,2025-11-09 07:06:39.639615,data/lms_loan_daily.csv,2024-03-01
CUS_0x7ae9_2024_02_01,CUS_0x7ae9,1/2/2024,10,1,10000,1000,1000,0,9000,1/3/2024,2024-03-01,2025-11-09 07:06:39.639615,data/lms_loan_daily.csv,2024-03-01
CUS_0x7af8_2023_12_01,CUS_0x7af8,1/12/2023,10,3,10000,1000,1000,0,7000,1/3/2024,2024-03-01,2025-11-09 07:06:39.639615,data/lms_loan_daily.csv,2024-03-01
CUS_0x7afc_2023_05_01,CUS_0x7afc,1/5/2023,10,10,10000,1000,1000,0,0,1/3/2024,2024-03-01,2025-11-09 07:06:39.639615,data/lms_loan_daily.csv,2024-03-01
CUS_0x7b14_2024_01_01,CUS_0x7b14,1/1/2024,10,2,10000,1000,1000,0,8000,1/3/2024,2024-03-01,2025-11-09 07:06:39.639615,data/lms_loan_daily.csv,2024-03-01
CUS_0x7b1c_2024_02_01,CUS_0x7b1c,1/2/2024,10,1,10000,1000,1000,0,9000,1/3/2024,2024-03-01,2025-11-09 07:06:39.639615,data/lms_loan_daily.csv,2024-03-01
CUS_0x7b27_2023_06_01,CUS_0x7b27,1/6/2023,10,9,10000,1000,1000,0,1000,1/3/2024,2024-03-01,2025-11-09 07:06:39.639615,data/lms_loan_daily.csv,2024-03-01
CUS_0x7b2f_2023_09_01,CUS_0x7b2f,1/9/2023,10,6,10000,1000,1000,0,4000,1/3/2024,2024-03-01,2025-11-09 07:06:39.639615,data/lms_loan_daily.csv,2024-03-01
CUS_0x7b32_2024_03_01,CUS_0x7b32,1/3/2024,10,0,10000,0,0,0,10000,1/3/2024,2024-03-01,2025-11-09 07:06:39.639615,data/lms_loan_daily.csv,2024-03-01
CUS_0x7b38_2023_12_01,CUS_0x7b38,1/12/2023,10,3,10000,1000,0,2000,9000,1/3/2024,2024-03-01,2025-11-09 07:06:39.639615,data/lms_loan_daily.csv,2024-03-01
CUS_0x7b3a_2024_02_01,CUS_0x7b3a,1/2/2024,10,1,10000,1000,1000,0,9000,1/3/2024,2024-03-01,2025-11-09 07:06:39.639615,data/lms_loan_daily.csv,2024-03-01
CUS_0x7b47_2024_01_01,CUS_0x7b47,1/1/2024,10,2,10000,1000,1000,0,8000,1/3/2024,2024-03-01,2025-11-09 07:06:39.639615,data/lms_loan_daily.csv,2024-03-01
CUS_0x7b5_2023_11_01,CUS_0x7b5,1/11/2023,10,4,10000,1000,0,1000,7000,1/3/2024,2024-03-01,2025-11-09 07:06:39.639615,data/lms_loan_daily.csv,2024-03-01
CUS_0x7b5a_2023_11_01,CUS_0x7b5a,1/11/2023,10,4,10000,1000,1000,0,6000,1/3/2024,2024-03-01,2025-11-09 07:06:39.639615,data/lms_loan_daily.csv,2024-03-01
CUS_0x7b62_2024_03_01,CUS_0x7b62,1/3/2024,10,0,10000,0,0,0,10000,1/3/2024,2024-03-01,2025-11-09 07:06:39.639615,data/lms_loan_daily.csv,2024-03-01
CUS_0x7b65_2024_02_01,CUS_0x7b65,1/2/2024,10,1,10000,1000,1000,0,9000,1/3/2024,2024-03-01,2025-11-09 07:06:39.639615,data/lms_loan_daily.csv,2024-03-01
CUS_0x7b66_2023_06_01,CUS_0x7b66,1/6/2023,10,9,10000,1000,0,6000,7000,1/3/2024,2024-03-01,2025-11-09 07:06:39.639615,data/lms_loan_daily.csv,2024-03-01
CUS_0x7ba0_2023_10_01,CUS_0x7ba0,1/10/2023,10,5,10000,1000,1000,0,5000,1/3/2024,2024-03-01,2025-11-09 07:06:39.639615,data/lms_loan_daily.csv,2024-03-01
CUS_0x7ba5_2023_07_01,CUS_0x7ba5,1/7/2023,10,8,10000,1000,0,7000,9000,1/3/2024,2024-03-01,2025-11-09 07:06:39.639615,data/lms_loan_daily.csv,2024-03-01
CUS_0x7ba9_2023_05_01,CUS_0x7ba9,1/5/2023,10,10,10000,1000,1000,0,0,1/3/2024,2024-03-01,2025-11-09 07:06:39.639615,data/lms_loan_daily.csv,2024-03-01
CUS_0x7baf_2023_07_01,CUS_0x7baf,1/7/2023,10,8,10000,1000,1000,0,2000,1/3/2024,2024-03-01,2025-11-09 07:06:39.639615,data/lms_loan_daily.csv,2024-03-01
CUS_0x7bb2_2023_06_01,CUS_0x7bb2,1/6/2023,10,9,10000,1000,0,7000,8000,1/3/2024,2024-03-01,2025-11-09 07:06:39.639615,data/lms_loan_daily.csv,2024-03-01
CUS_0x7bbb_2023_11_01,CUS_0x7bbb,1/11/2023,10,4,10000,1000,1000,0,6000,1/3/2024,2024-03-01,2025-11-09 07:06:39.639615,data/lms_loan_daily.csv,2024-03-01
CUS_0x7bc5_2024_01_01,CUS_0x7bc5,1/1/2024,10,2,10000,1000,1000,0,8000,1/3/2024,2024-03-01,2025-11-09 07:06:39.639615,data/lms_loan_daily.csv,2024-03-01
CUS_0x7bc9_2024_03_01,CUS_0x7bc9,1/3/2024,10,0,10000,0,0,0,10000,1/3/2024,2024-03-01,2025-11-09 07:06:39.639615,data/lms_loan_daily.csv,2024-03-01
CUS_0x7bee_2023_09_01,CUS_0x7bee,1/9/2023,10,6,10000,1000,1000,0,4000,1/3/2024,2024-03-01,2025-11-09 07:06:39.639615,data/lms_loan_daily.csv,2024-03-01
CUS_0x7bf_2023_07_01,CUS_0x7bf,1/7/2023,10,8,10000,1000,1000,0,2000,1/3/2024,2024-03-01,2025-11-09 07:06:39.639615,data/lms_loan_daily.csv,2024-03-01
CUS_0x7bf0_2023_08_01,CUS_0x7bf0,1/8/2023,10,7,10000,1000,0,6000,9000,1/3/2024,2024-03-01,2025-11-09 07:06:39.639615,data/lms_loan_daily.csv,2024-03-01
CUS_0x7bf8_2023_06_01,CUS_0x7bf8,1/6/2023,10,9,10000,1000,1000,0,1000,1/3/2024,2024-03-01,2025-11-09 07:06:39.639615,data/lms_loan_daily.csv,2024-03-01
CUS_0x7bff_2023_11_01,CUS_0x7bff,1/11/2023,10,4,10000,1000,0,2000,8000,1/3/2024,2024-03-01,2025-11-09 07:06:39.639615,data/lms_loan_daily.csv,2024-03-01
CUS_0x7c0d_2023_12_01,CUS_0x7c0d,1/12/2023,10,3,10000,1000,1000,0,7000,1/3/2024,2024-03-01,2025-11-09 07:06:39.639615,data/lms_loan_daily.csv,2024-03-01
CUS_0x7c12_2023_05_01,CUS_0x7c12,1/5/2023,10,10,10000,1000,1000,0,0,1/3/2024,2024-03-01,2025-11-09 07:06:39.639615,data/lms_loan_daily.csv,2024-03-01
CUS_0x7c2_2023_07_01,CUS_0x7c2,1/7/2023,10,8,10000,1000,1000,0,2000,1/3/2024,2024-03-01,2025-11-09 07:06:39.639615,data/lms_loan_daily.csv,2024-03-01
CUS_0x7c21_2023_06_01,CUS_0x7c21,1/6/2023,10,9,10000,1000,0,6000,7000,1/3/2024,2024-03-01,2025-11-09 07:06:39.639615,data/lms_loan_daily.csv,2024-03-01
CUS_0x7c4a_2023_07_01,CUS_0x7c4a,1/7/2023,10,8,10000,1000,0,8000,10000,1/3/2024,2024-03-01,2025-11-09 07:06:39.639615,data/lms_loan_daily.csv,2024-03-01
CUS_0x7c6_2023_07_01,CUS_0x7c6,1/7/2023,10,8,10000,1000,1000,0,2000,1/3/2024,2024-03-01,2025-11-09 07:06:39.639615,data/lms_loan_daily.csv,2024-03-01
CUS_0x7c68_2023_09_01,CUS_0x7c68,1/9/2023,10,6,10000,1000,1000,0,4000,1/3/2024,2024-03-01,2025-11-09 07:06:39.639615,data/lms_loan_daily.csv,2024-03-01
CUS_0x7c6a_2024_03_01,CUS_0x7c6a,1/3/2024,10,0,10000,0,0,0,10000,1/3/2024,2024-03-01,2025-11-09 07:06:39.639615,data/lms_loan_daily.csv,2024-03-01
CUS_0x7c71_2024_03_01,CUS_0x7c71,1/3/2024,10,0,10000,0,0,0,10000,1/3/2024,2024-03-01,2025-11-09 07:06:39.639615,data/lms_loan_daily.csv,2024-03-01
CUS_0x7c79_2023_12_01,CUS_0x7c79,1/12/2023,10,3,10000,1000,1000,0,7000,1/3/2024,2024-03-01,2025-11-09 07:06:39.639615,data/lms_loan_daily.csv,2024-03-01
CUS_0x7c88_2023_12_01,CUS_0x7c88,1/12/2023,10,3,10000,1000,1000,0,7000,1/3/2024,2024-03-01,2025-11-09 07:06:39.639615,data/lms_loan_daily.csv,2024-03-01
CUS_0x7cac_2023_11_01,CUS_0x7cac,1/11/2023,10,4,10000,1000,1000,0,6000,1/3/2024,2024-03-01,2025-11-09 07:06:39.639615,data/lms_loan_daily.csv,2024-03-01
CUS_0x7caf_2024_03_01,CUS_0x7caf,1/3/2024,10,0,10000,0,0,0,10000,1/3/2024,2024-03-01,2025-11-09 07:06:39.639615,data/lms_loan_daily.csv,2024-03-01
CUS_0x7cb3_2024_03_01,CUS_0x7cb3,1/3/2024,10,0,10000,0,0,0,10000,1/3/2024,2024-03-01,2025-11-09 07:06:39.639615,data/lms_loan_daily.csv,2024-03-01
CUS_0x7cce_2024_01_01,CUS_0x7cce,1/1/2024,10,2,10000,1000,0,2000,10000,1/3/2024,2024-03-01,2025-11-09 07:06:39.639615,data/lms_loan_daily.csv,2024-03-01
CUS_0x7cea_2023_05_01,CUS_0x7cea,1/5/2023,10,10,10000,1000,1000,0,0,1/3/2024,2024-03-01,2025-11-09 07:06:39.639615,data/lms_loan_daily.csv,2024-03-01
CUS_0x7cf_2023_08_01,CUS_0x7cf,1/8/2023,10,7,10000,1000,0,6000,9000,1/3/2024,2024-03-01,2025-11-09 07:06:39.639615,data/lms_loan_daily.csv,2024-03-01
CUS_0x7cf1_2023_06_01,CUS_0x7cf1,1/6/2023,10,9,10000,1000,1000,0,1000,1/3/2024,2024-03-01,2025-11-09 07:06:39.639615,data/lms_loan_daily.csv,2024-03-01
CUS_0x7cfb_2023_07_01,CUS_0x7cfb,1/7/2023,10,8,10000,1000,1000,0,2000,1/3/2024,2024-03-01,2025-11-09 07:06:39.639615,data/lms_loan_daily.csv,2024-03-01
CUS_0x7d05_2023_11_01,CUS_0x7d05,1/11/2023,10,4,10000,1000,1000,0,6000,1/3/2024,2024-03-01,2025-11-09 07:06:39.639615,data/lms_loan_daily.csv,2024-03-01
CUS_0x7d0b_2023_10_01,CUS_0x7d0b,1/10/2023,10,5,10000,1000,0,2000,7000,1/3/2024,2024-03-01,2025-11-09 07:06:39.639615,data/lms_loan_daily.csv,2024-03-01
CUS_0x7d1e_2024_01_01,CUS_0x7d1e,1/1/2024,10,2,10000,1000,0,1000,9000,1/3/2024,2024-03-01,2025-11-09 07:06:39.639615,data/lms_loan_daily.csv,2024-03-01
CUS_0x7d2c_2023_05_01,CUS_0x7d2c,1/5/2023,10,10,10000,1000,0,9000,9000,1/3/2024,2024-03-01,2025-11-09 07:06:39.639615,data/lms_loan_daily.csv,2024-03-01
CUS_0x7d3b_2023_09_01,CUS_0x7d3b,1/9/2023,10,6,10000,1000,1000,0,4000,1/3/2024,2024-03-01,2025-11-09 07:06:39.639615,data/lms_loan_daily.csv,2024-03-01
CUS_0x7d43_2023_11_01,CUS_0x7d43,1/11/2023,10,4,10000,1000,1000,0,6000,1/3/2024,2024-03-01,2025-11-09 07:06:39.639615,data/lms_loan_daily.csv,2024-03-01
CUS_0x7d44_2023_05_01,CUS_0x7d44,1/5/2023,10,10,10000,1000,1000,0,0,1/3/2024,2024-03-01,2025-11-09 07:06:39.639615,data/lms_loan_daily.csv,2024-03-01
CUS_0x7d45_2024_01_01,CUS_0x7d45,1/1/2024,10,2,10000,1000,1000,0,8000,1/3/2024,2024-03-01,2025-11-09 07:06:39.639615,data/lms_loan_daily.csv,2024-03-01
CUS_0x7d48_2023_09_01,CUS_0x7d48,1/9/2023,10,6,10000,1000,0,5000,9000,1/3/2024,2024-03-01,2025-11-09 07:06:39.639615,data/lms_loan_daily.csv,2024-03-01
CUS_0x7d4b_2023_11_01,CUS_0x7d4b,1/11/2023,10,4,10000,1000,0,3000,9000,1/3/2024,2024-03-01,2025-11-09 07:06:39.639615,data/lms_loan_daily.csv,2024-03-01
CUS_0x7d4d_2024_02_01,CUS_0x7d4d,1/2/2024,10,1,10000,1000,1000,0,9000,1/3/2024,2024-03-01,2025-11-09 07:06:39.639615,data/lms_loan_daily.csv,2024-03-01
CUS_0x7d57_2023_10_01,CUS_0x7d57,1/10/2023,10,5,10000,1000,1000,0,5000,1/3/2024,2024-03-01,2025-11-09 07:06:39.639615,data/lms_loan_daily.csv,2024-03-01
CUS_0x7d66_2023_12_01,CUS_0x7d66,1/12/2023,10,3,10000,1000,1000,0,7000,1/3/2024,2024-03-01,2025-11-09 07:06:39.639615,data/lms_loan_daily.csv,2024-03-01
CUS_0x7d6e_2023_12_01,CUS_0x7d6e,1/12/2023,10,3,10000,1000,1000,0,7000,1/3/2024,2024-03-01,2025-11-09 07:06:39.639615,data/lms_loan_daily.csv,2024-03-01
CUS_0x7d8_2024_03_01,CUS_0x7d8,1/3/2024,10,0,10000,0,0,0,10000,1/3/2024,2024-03-01,2025-11-09 07:06:39.639615,data/lms_loan_daily.csv,2024-03-01
CUS_0x7d80_2023_08_01,CUS_0x7d80,1/8/2023,10,7,10000,1000,1000,0,3000,1/3/2024,2024-03-01,2025-11-09 07:06:39.639615,data/lms_loan_daily.csv,2024-03-01
CUS_0x7d8a_2023_09_01,CUS_0x7d8a,1/9/2023,10,6,10000,1000,0,3000,7000,1/3/2024,2024-03-01,2025-11-09 07:06:39.639615,data/lms_loan_daily.csv,2024-03-01
CUS_0x7d8e_2024_01_01,CUS_0x7d8e,1/1/2024,10,2,10000,1000,1000,0,8000,1/3/2024,2024-03-01,2025-11-09 07:06:39.639615,data/lms_loan_daily.csv,2024-03-01
CUS_0x7d93_2024_02_01,CUS_0x7d93,1/2/2024,10,1,10000,1000,1000,0,9000,1/3/2024,2024-03-01,2025-11-09 07:06:39.639615,data/lms_loan_daily.csv,2024-03-01
CUS_0x7da5_2023_07_01,CUS_0x7da5,1/7/2023,10,8,10000,1000,0,4000,6000,1/3/2024,2024-03-01,2025-11-09 07:06:39.639615,data/lms_loan_daily.csv,2024-03-01
CUS_0x7dab_2023_12_01,CUS_0x7dab,1/12/2023,10,3,10000,1000,1000,0,7000,1/3/2024,2024-03-01,2025-11-09 07:06:39.639615,data/lms_loan_daily.csv,2024-03-01
CUS_0x7dac_2024_01_01,CUS_0x7dac,1/1/2024,10,2,10000,1000,1000,0,8000,1/3/2024,2024-03-01,2025-11-09 07:06:39.639615,data/lms_loan_daily.csv,2024-03-01
CUS_0x7db4_2023_08_01,CUS_0x7db4,1/8/2023,10,7,10000,1000,1000,0,3000,1/3/2024,2024-03-01,2025-11-09 07:06:39.639615,data/lms_loan_daily.csv,2024-03-01
CUS_0x7dd_2023_10_01,CUS_0x7dd,1/10/2023,10,5,10000,1000,1000,0,5000,1/3/2024,2024-03-01,2025-11-09 07:06:39.639615,data/lms_loan_daily.csv,2024-03-01
CUS_0x7dd7_2023_07_01,CUS_0x7dd7,1/7/2023,10,8,10000,1000,0,5000,7000,1/3/2024,2024-03-01,2025-11-09 07:06:39.639615,data/lms_loan_daily.csv,2024-03-01
CUS_0x7dd8_2024_02_01,CUS_0x7dd8,1/2/2024,10,1,10000,1000,1000,0,9000,1/3/2024,2024-03-01,2025-11-09 07:06:39.639615,data/lms_loan_daily.csv,2024-03-01
CUS_0x7de0_2023_07_01,CUS_0x7de0,1/7/2023,10,8,10000,1000,1000,0,2000,1/3/2024,2024-03-01,2025-11-09 07:06:39.639615,data/lms_loan_daily.csv,2024-03-01
CUS_0x7de1_2023_12_01,CUS_0x7de1,1/12/2023,10,3,10000,1000,0,2000,9000,1/3/2024,2024-03-01,2025-11-09 07:06:39.639615,data/lms_loan_daily.csv,2024-03-01
CUS_0x7de5_2023_12_01,CUS_0x7de5,1/12/2023,10,3,10000,1000,0,1000,8000,1/3/2024,2024-03-01,2025-11-09 07:06:39.639615,data/lms_loan_daily.csv,2024-03-01
CUS_0x7dea_2023_05_01,CUS_0x7dea,1/5/2023,10,10,10000,1000,1000,0,0,1/3/2024,2024-03-01,2025-11-09 07:06:39.639615,data/lms_loan_daily.csv,2024-03-01
CUS_0x7dee_2023_09_01,CUS_0x7dee,1/9/2023,10,6,10000,1000,1000,0,4000,1/3/2024,2024-03-01,2025-11-09 07:06:39.639615,data/lms_loan_daily.csv,2024-03-01
CUS_0x7df_2024_03_01,CUS_0x7df,1/3/2024,10,0,10000,0,0,0,10000,1/3/2024,2024-03-01,2025-11-09 07:06:39.639615,data/lms_loan_daily.csv,2024-03-01
CUS_0x7df0_2023_05_01,CUS_0x7df0,1/5/2023,10,10,10000,1000,1000,0,0,1/3/2024,2024-03-01,2025-11-09 07:06:39.639615,data/lms_loan_daily.csv,2024-03-01
CUS_0x7df6_2023_10_01,CUS_0x7df6,1/10/2023,10,5,10000,1000,1000,0,5000,1/3/2024,2024-03-01,2025-11-09 07:06:39.639615,data/lms_loan_daily.csv,2024-03-01
CUS_0x7e02_2023_05_01,CUS_0x7e02,1/5/2023,10,10,10000,1000,1000,0,0,1/3/2024,2024-03-01,2025-11-09 07:06:39.639615,data/lms_loan_daily.csv,2024-03-01
CUS_0x7e09_2023_11_01,CUS_0x7e09,1/11/2023,10,4,10000,1000,1000,0,6000,1/3/2024,2024-03-01,2025-11-09 07:06:39.639615,data/lms_loan_daily.csv,2024-03-01
CUS_0x7e0b_2023_07_01,CUS_0x7e0b,1/7/2023,10,8,10000,1000,0,6000,8000,1/3/2024,2024-03-01,2025-11-09 07:06:39.639615,data/lms_loan_daily.csv,2024-03-01
CUS_0x7e0f_2023_09_01,CUS_0x7e0f,1/9/2023,10,6,10000,1000,1000,0,4000,1/3/2024,2024-03-01,2025-11-09 07:06:39.639615,data/lms_loan_daily.csv,2024-03-01
CUS_0x7e10_2023_10_01,CUS_0x7e10,1/10/2023,10,5,10000,1000,0,1000,6000,1/3/2024,2024-03-01,2025-11-09 07:06:39.639615,data/lms_loan_daily.csv,2024-03-01
CUS_0x7e12_2023_11_01,CUS_0x7e12,1/11/2023,10,4,10000,1000,1000,0,6000,1/3/2024,2024-03-01,2025-11-09 07:06:39.639615,data/lms_loan_daily.csv,2024-03-01
CUS_0x7e24_2023_06_01,CUS_0x7e24,1/6/2023,10,9,10000,1000,1000,0,1000,1/3/2024,2024-03-01,2025-11-09 07:06:39.639615,data/lms_loan_daily.csv,2024-03-01
CUS_0x7e2f_2023_05_01,CUS_0x7e2f,1/5/2023,10,10,10000,1000,1000,0,0,1/3/2024,2024-03-01,2025-11-09 07:06:39.639615,data/lms_loan_daily.csv,2024-03-01
CUS_0x7e3a_2023_06_01,CUS_0x7e3a,1/6/2023,10,9,10000,1000,1000,0,1000,1/3/2024,2024-03-01,2025-11-09 07:06:39.639615,data/lms_loan_daily.csv,2024-03-01
CUS_0x7e3e_2023_10_01,CUS_0x7e3e,1/10/2023,10,5,10000,1000,0,2000,7000,1/3/2024,2024-03-01,2025-11-09 07:06:39.639615,data/lms_loan_daily.csv,2024-03-01
CUS_0x7e3f_2023_09_01,CUS_0x7e3f,1/9/2023,10,6,10000,1000,1000,0,4000,1/3/2024,2024-03-01,2025-11-09 07:06:39.639615,data/lms_loan_daily.csv,2024-03-01
CUS_0x7e51_2023_08_01,CUS_0x7e51,1/8/2023,10,7,10000,1000,1000,0,3000,1/3/2024,2024-03-01,2025-11-09 07:06:39.639615,data/lms_loan_daily.csv,2024-03-01
CUS_0x7e61_2024_03_01,CUS_0x7e61,1/3/2024,10,0,10000,0,0,0,10000,1/3/2024,2024-03-01,2025-11-09 07:06:39.639615,data/lms_loan_daily.csv,2024-03-01
CUS_0x7e62_2023_06_01,CUS_0x7e62,1/6/2023,10,9,10000,1000,0,5000,6000,1/3/2024,2024-03-01,2025-11-09 07:06:39.639615,data/lms_loan_daily.csv,2024-03-01
CUS_0x7e63_2023_06_01,CUS_0x7e63,1/6/2023,10,9,10000,1000,1000,0,1000,1/3/2024,2024-03-01,2025-11-09 07:06:39.639615,data/lms_loan_daily.csv,2024-03-01
CUS_0x7e67_2023_09_01,CUS_0x7e67,1/9/2023,10,6,10000,1000,1000,0,4000,1/3/2024,2024-03-01,2025-11-09 07:06:39.639615,data/lms_loan_daily.csv,2024-03-01
CUS_0x7e6c_2023_12_01,CUS_0x7e6c,1/12/2023,10,3,10000,1000,1000,0,7000,1/3/2024,2024-03-01,2025-11-09 07:06:39.639615,data/lms_loan_daily.csv,2024-03-01
CUS_0x7e6d_2024_02_01,CUS_0x7e6d,1/2/2024,10,1,10000,1000,1000,0,9000,1/3/2024,2024-03-01,2025-11-09 07:06:39.639615,data/lms_loan_daily.csv,2024-03-01
CUS_0x7e6f_2023_09_01,CUS_0x7e6f,1/9/2023,10,6,10000,1000,1000,0,4000,1/3/2024,2024-03-01,2025-11-09 07:06:39.639615,data/lms_loan_daily.csv,2024-03-01
CUS_0x7e86_2023_08_01,CUS_0x7e86,1/8/2023,10,7,10000,1000,0,7000,10000,1/3/2024,2024-03-01,2025-11-09 07:06:39.639615,data/lms_loan_daily.csv,2024-03-01
CUS_0x7e9a_2023_06_01,CUS_0x7e9a,1/6/2023,10,9,10000,1000,1000,0,1000,1/3/2024,2024-03-01,2025-11-09 07:06:39.639615,data/lms_loan_daily.csv,2024-03-01
CUS_0x7ea0_2024_02_01,CUS_0x7ea0,1/2/2024,10,1,10000,1000,1000,0,9000,1/3/2024,2024-03-01,2025-11-09 07:06:39.639615,data/lms_loan_daily.csv,2024-03-01
CUS_0x7ea2_2023_10_01,CUS_0x7ea2,1/10/2023,10,5,10000,1000,1000,0,5000,1/3/2024,2024-03-01,2025-11-09 07:06:39.639615,data/lms_loan_daily.csv,2024-03-01
CUS_0x7ea4_2023_10_01,CUS_0x7ea4,1/10/2023,10,5,10000,1000,1000,0,5000,1/3/2024,2024-03-01,2025-11-09 07:06:39.639615,data/lms_loan_daily.csv,2024-03-01
CUS_0x7ea8_2023_08_01,CUS_0x7ea8,1/8/2023,10,7,10000,1000,0,4000,7000,1/3/2024,2024-03-01,2025-11-09 07:06:39.639615,data/lms_loan_daily.csv,2024-03-01
CUS_0x7eb0_2024_01_01,CUS_0x7eb0,1/1/2024,10,2,10000,1000,1000,0,8000,1/3/2024,2024-03-01,2025-11-09 07:06:39.639615,data/lms_loan_daily.csv,2024-03-01
CUS_0x7ed7_2024_03_01,CUS_0x7ed7,1/3/2024,10,0,10000,0,0,0,10000,1/3/2024,2024-03-01,2025-11-09 07:06:39.639615,data/lms_loan_daily.csv,2024-03-01
CUS_0x7ed9_2024_02_01,CUS_0x7ed9,1/2/2024,10,1,10000,1000,1000,0,9000,1/3/2024,2024-03-01,2025-11-09 07:06:39.639615,data/lms_loan_daily.csv,2024-03-01
CUS_0x7eda_2024_02_01,CUS_0x7eda,1/2/2024,10,1,10000,1000,1000,0,9000,1/3/2024,2024-03-01,2025-11-09 07:06:39.639615,data/lms_loan_daily.csv,2024-03-01
CUS_0x7edc_2024_03_01,CUS_0x7edc,1/3/2024,10,0,10000,0,0,0,10000,1/3/2024,2024-03-01,2025-11-09 07:06:39.639615,data/lms_loan_daily.csv,2024-03-01
CUS_0x7edd_2024_03_01,CUS_0x7edd,1/3/2024,10,0,10000,0,0,0,10000,1/3/2024,2024-03-01,2025-11-09 07:06:39.639615,data/lms_loan_daily.csv,2024-03-01
CUS_0x7edf_2023_11_01,CUS_0x7edf,1/11/2023,10,4,10000,1000,0,3000,9000,1/3/2024,2024-03-01,2025-11-09 07:06:39.639615,data/lms_loan_daily.csv,2024-03-01
CUS_0x7eed_2023_11_01,CUS_0x7eed,1/11/2023,10,4,10000,1000,1000,0,6000,1/3/2024,2024-03-01,2025-11-09 07:06:39.639615,data/lms_loan_daily.csv,2024-03-01
CUS_0x7ef5_2023_12_01,CUS_0x7ef5,1/12/2023,10,3,10000,1000,1000,0,7000,1/3/2024,2024-03-01,2025-11-09 07:06:39.639615,data/lms_loan_daily.csv,2024-03-01
CUS_0x7efc_2023_12_01,CUS_0x7efc,1/12/2023,10,3,10000,1000,1000,0,7000,1/3/2024,2024-03-01,2025-11-09 07:06:39.639615,data/lms_loan_daily.csv,2024-03-01
CUS_0x7efe_2023_10_01,CUS_0x7efe,1/10/2023,10,5,10000,1000,1000,0,5000,1/3/2024,2024-03-01,2025-11-09 07:06:39.639615,data/lms_loan_daily.csv,2024-03-01
CUS_0x7f07_2023_09_01,CUS_0x7f07,1/9/2023,10,6,10000,1000,1000,0,4000,1/3/2024,2024-03-01,2025-11-09 07:06:39.639615,data/lms_loan_daily.csv,2024-03-01
CUS_0x7f10_2023_08_01,CUS_0x7f10,1/8/2023,10,7,10000,1000,0,7000,10000,1/3/2024,2024-03-01,2025-11-09 07:06:39.639615,data/lms_loan_daily.csv,2024-03-01
CUS_0x7f2c_2023_05_01,CUS_0x7f2c,1/5/2023,10,10,10000,1000,1000,0,0,1/3/2024,2024-03-01,2025-11-09 07:06:39.639615,data/lms_loan_daily.csv,2024-03-01
CUS_0x7f31_2024_03_01,CUS_0x7f31,1/3/2024,10,0,10000,0,0,0,10000,1/3/2024,2024-03-01,2025-11-09 07:06:39.639615,data/lms_loan_daily.csv,2024-03-01
CUS_0x7f3f_2023_12_01,CUS_0x7f3f,1/12/2023,10,3,10000,1000,1000,0,7000,1/3/2024,2024-03-01,2025-11-09 07:06:39.639615,data/lms_loan_daily.csv,2024-03-01
CUS_0x7f46_2023_06_01,CUS_0x7f46,1/6/2023,10,9,10000,1000,1000,0,1000,1/3/2024,2024-03-01,2025-11-09 07:06:39.639615,data/lms_loan_daily.csv,2024-03-01
CUS_0x7f50_2023_07_01,CUS_0x7f50,1/7/2023,10,8,10000,1000,1000,0,2000,1/3/2024,2024-03-01,2025-11-09 07:06:39.639615,data/lms_loan_daily.csv,2024-03-01
CUS_0x7f53_2024_03_01,CUS_0x7f53,1/3/2024,10,0,10000,0,0,0,10000,1/3/2024,2024-03-01,2025-11-09 07:06:39.639615,data/lms_loan_daily.csv,2024-03-01
CUS_0x7f5d_2024_02_01,CUS_0x7f5d,1/2/2024,10,1,10000,1000,0,1000,10000,1/3/2024,2024-03-01,2025-11-09 07:06:39.639615,data/lms_loan_daily.csv,2024-03-01
CUS_0x7f63_2024_01_01,CUS_0x7f63,1/1/2024,10,2,10000,1000,1000,0,8000,1/3/2024,2024-03-01,2025-11-09 07:06:39.639615,data/lms_loan_daily.csv,2024-03-01
CUS_0x7f6c_2023_12_01,CUS_0x7f6c,1/12/2023,10,3,10000,1000,1000,0,7000,1/3/2024,2024-03-01,2025-11-09 07:06:39.639615,data/lms_loan_daily.csv,2024-03-01
CUS_0x7f70_2024_02_01,CUS_0x7f70,1/2/2024,10,1,10000,1000,1000,0,9000,1/3/2024,2024-03-01,2025-11-09 07:06:39.639615,data/lms_loan_daily.csv,2024-03-01
CUS_0x7f73_2023_12_01,CUS_0x7f73,1/12/2023,10,3,10000,1000,1000,0,7000,1/3/2024,2024-03-01,2025-11-09 07:06:39.639615,data/lms_loan_daily.csv,2024-03-01
CUS_0x7f9c_2023_07_01,CUS_0x7f9c,1/7/2023,10,8,10000,1000,1000,0,2000,1/3/2024,2024-03-01,2025-11-09 07:06:39.639615,data/lms_loan_daily.csv,2024-03-01
CUS_0x7fa0_2023_08_01,CUS_0x7fa0,1/8/2023,10,7,10000,1000,1000,0,3000,1/3/2024,2024-03-01,2025-11-09 07:06:39.639615,data/lms_loan_daily.csv,2024-03-01
CUS_0x7fa8_2023_12_01,CUS_0x7fa8,1/12/2023,10,3,10000,1000,0,3000,10000,1/3/2024,2024-03-01,2025-11-09 07:06:39.639615,data/lms_loan_daily.csv,2024-03-01
CUS_0x7faf_2023_05_01,CUS_0x7faf,1/5/2023,10,10,10000,1000,1000,0,0,1/3/2024,2024-03-01,2025-11-09 07:06:39.639615,data/lms_loan_daily.csv,2024-03-01
CUS_0x7fb0_2023_11_01,CUS_0x7fb0,1/11/2023,10,4,10000,1000,1000,0,6000,1/3/2024,2024-03-01,2025-11-09 07:06:39.639615,data/lms_loan_daily.csv,2024-03-01
CUS_0x7fc7_2023_10_01,CUS_0x7fc7,1/10/2023,10,5,10000,1000,1000,0,5000,1/3/2024,2024-03-01,2025-11-09 07:06:39.639615,data/lms_loan_daily.csv,2024-03-01
CUS_0x7fe_2023_08_01,CUS_0x7fe,1/8/2023,10,7,10000,1000,1000,0,3000,1/3/2024,2024-03-01,2025-11-09 07:06:39.639615,data/lms_loan_daily.csv,2024-03-01
CUS_0x7fe9_2023_06_01,CUS_0x7fe9,1/6/2023,10,9,10000,1000,0,9000,10000,1/3/2024,2024-03-01,2025-11-09 07:06:39.639615,data/lms_loan_daily.csv,2024-03-01
CUS_0x7feb_2023_10_01,CUS_0x7feb,1/10/2023,10,5,10000,1000,1000,0,5000,1/3/2024,2024-03-01,2025-11-09 07:06:39.639615,data/lms_loan_daily.csv,2024-03-01
CUS_0x7ff3_2024_02_01,CUS_0x7ff3,1/2/2024,10,1,10000,1000,1000,0,9000,1/3/2024,2024-03-01,2025-11-09 07:06:39.639615,data/lms_loan_daily.csv,2024-03-01
CUS_0x8002_2024_03_01,CUS_0x8002,1/3/2024,10,0,10000,0,0,0,10000,1/3/2024,2024-03-01,2025-11-09 07:06:39.639615,data/lms_loan_daily.csv,2024-03-01
CUS_0x8009_2023_05_01,CUS_0x8009,1/5/2023,10,10,10000,1000,1000,0,0,1/3/2024,2024-03-01,2025-11-09 07:06:39.639615,data/lms_loan_daily.csv,2024-03-01
CUS_0x8018_2024_03_01,CUS_0x8018,1/3/2024,10,0,10000,0,0,0,10000,1/3/2024,2024-03-01,2025-11-09 07:06:39.639615,data/lms_loan_daily.csv,2024-03-01
CUS_0x8033_2023_10_01,CUS_0x8033,1/10/2023,10,5,10000,1000,1000,0,5000,1/3/2024,2024-03-01,2025-11-09 07:06:39.639615,data/lms_loan_daily.csv,2024-03-01
CUS_0x803c_2023_10_01,CUS_0x803c,1/10/2023,10,5,10000,1000,1000,0,5000,1/3/2024,2024-03-01,2025-11-09 07:06:39.639615,data/lms_loan_daily.csv,2024-03-01
CUS_0x8049_2023_05_01,CUS_0x8049,1/5/2023,10,10,10000,1000,1000,0,0,1/3/2024,2024-03-01,2025-11-09 07:06:39.639615,data/lms_loan_daily.csv,2024-03-01
CUS_0x804b_2024_02_01,CUS_0x804b,1/2/2024,10,1,10000,1000,1000,0,9000,1/3/2024,2024-03-01,2025-11-09 07:06:39.639615,data/lms_loan_daily.csv,2024-03-01
CUS_0x804d_2023_12_01,CUS_0x804d,1/12/2023,10,3,10000,1000,1000,0,7000,1/3/2024,2024-03-01,2025-11-09 07:06:39.639615,data/lms_loan_daily.csv,2024-03-01
CUS_0x8059_2023_06_01,CUS_0x8059,1/6/2023,10,9,10000,1000,0,7000,8000,1/3/2024,2024-03-01,2025-11-09 07:06:39.639615,data/lms_loan_daily.csv,2024-03-01
CUS_0x805b_2024_01_01,CUS_0x805b,1/1/2024,10,2,10000,1000,1000,0,8000,1/3/2024,2024-03-01,2025-11-09 07:06:39.639615,data/lms_loan_daily.csv,2024-03-01
CUS_0x8072_2023_07_01,CUS_0x8072,1/7/2023,10,8,10000,1000,1000,0,2000,1/3/2024,2024-03-01,2025-11-09 07:06:39.639615,data/lms_loan_daily.csv,2024-03-01
CUS_0x8081_2023_10_01,CUS_0x8081,1/10/2023,10,5,10000,1000,0,1000,6000,1/3/2024,2024-03-01,2025-11-09 07:06:39.639615,data/lms_loan_daily.csv,2024-03-01
CUS_0x8090_2023_11_01,CUS_0x8090,1/11/2023,10,4,10000,1000,1000,0,6000,1/3/2024,2024-03-01,2025-11-09 07:06:39.639615,data/lms_loan_daily.csv,2024-03-01
CUS_0x8095_2024_02_01,CUS_0x8095,1/2/2024,10,1,10000,1000,1000,0,9000,1/3/2024,2024-03-01,2025-11-09 07:06:39.639615,data/lms_loan_daily.csv,2024-03-01
CUS_0x8099_2024_03_01,CUS_0x8099,1/3/2024,10,0,10000,0,0,0,10000,1/3/2024,2024-03-01,2025-11-09 07:06:39.639615,data/lms_loan_daily.csv,2024-03-01
CUS_0x809c_2023_07_01,CUS_0x809c,1/7/2023,10,8,10000,1000,1000,0,2000,1/3/2024,2024-03-01,2025-11-09 07:06:39.639615,data/lms_loan_daily.csv,2024-03-01
CUS_0x80b1_2023_08_01,CUS_0x80b1,1/8/2023,10,7,10000,1000,1000,0,3000,1/3/2024,2024-03-01,2025-11-09 07:06:39.639615,data/lms_loan_daily.csv,2024-03-01
CUS_0x80b3_2024_01_01,CUS_0x80b3,1/1/2024,10,2,10000,1000,1000,0,8000,1/3/2024,2024-03-01,2025-11-09 07:06:39.639615,data/lms_loan_daily.csv,2024-03-01
CUS_0x80b4_2023_11_01,CUS_0x80b4,1/11/2023,10,4,10000,1000,0,1000,7000,1/3/2024,2024-03-01,2025-11-09 07:06:39.639615,data/lms_loan_daily.csv,2024-03-01
CUS_0x80b7_2023_08_01,CUS_0x80b7,1/8/2023,10,7,10000,1000,0,4000,7000,1/3/2024,2024-03-01,2025-11-09 07:06:39.639615,data/lms_loan_daily.csv,2024-03-01
CUS_0x80c0_2023_09_01,CUS_0x80c0,1/9/2023,10,6,10000,1000,1000,0,4000,1/3/2024,2024-03-01,2025-11-09 07:06:39.639615,data/lms_loan_daily.csv,2024-03-01
CUS_0x80ce_2023_11_01,CUS_0x80ce,1/11/2023,10,4,10000,1000,1000,0,6000,1/3/2024,2024-03-01,2025-11-09 07:06:39.639615,data/lms_loan_daily.csv,2024-03-01
CUS_0x80d7_2023_10_01,CUS_0x80d7,1/10/2023,10,5,10000,1000,1000,0,5000,1/3/2024,2024-03-01,2025-11-09 07:06:39.639615,data/lms_loan_daily.csv,2024-03-01
CUS_0x80d8_2023_10_01,CUS_0x80d8,1/10/2023,10,5,10000,1000,1000,0,5000,1/3/2024,2024-03-01,2025-11-09 07:06:39.639615,data/lms_loan_daily.csv,2024-03-01
CUS_0x80df_2023_07_01,CUS_0x80df,1/7/2023,10,8,10000,1000,1000,0,2000,1/3/2024,2024-03-01,2025-11-09 07:06:39.639615,data/lms_loan_daily.csv,2024-03-01
CUS_0x80f8_2023_07_01,CUS_0x80f8,1/7/2023,10,8,10000,1000,1000,0,2000,1/3/2024,2024-03-01,2025-11-09 07:06:39.639615,data/lms_loan_daily.csv,2024-03-01
CUS_0x80fd_2023_12_01,CUS_0x80fd,1/12/2023,10,3,10000,1000,1000,0,7000,1/3/2024,2024-03-01,2025-11-09 07:06:39.639615,data/lms_loan_daily.csv,2024-03-01
CUS_0x810_2024_03_01,CUS_0x810,1/3/2024,10,0,10000,0,0,0,10000,1/3/2024,2024-03-01,2025-11-09 07:06:39.639615,data/lms_loan_daily.csv,2024-03-01
CUS_0x8110_2023_07_01,CUS_0x8110,1/7/2023,10,8,10000,1000,1000,0,2000,1/3/2024,2024-03-01,2025-11-09 07:06:39.639615,data/lms_loan_daily.csv,2024-03-01
CUS_0x8112_2023_08_01,CUS_0x8112,1/8/2023,10,7,10000,1000,0,5000,8000,1/3/2024,2024-03-01,2025-11-09 07:06:39.639615,data/lms_loan_daily.csv,2024-03-01
CUS_0x8121_2024_03_01,CUS_0x8121,1/3/2024,10,0,10000,0,0,0,10000,1/3/2024,2024-03-01,2025-11-09 07:06:39.639615,data/lms_loan_daily.csv,2024-03-01
CUS_0x8125_2024_01_01,CUS_0x8125,1/1/2024,10,2,10000,1000,1000,0,8000,1/3/2024,2024-03-01,2025-11-09 07:06:39.639615,data/lms_loan_daily.csv,2024-03-01
CUS_0x812c_2023_12_01,CUS_0x812c,1/12/2023,10,3,10000,1000,1000,0,7000,1/3/2024,2024-03-01,2025-11-09 07:06:39.639615,data/lms_loan_daily.csv,2024-03-01
CUS_0x8132_2023_10_01,CUS_0x8132,1/10/2023,10,5,10000,1000,1000,0,5000,1/3/2024,2024-03-01,2025-11-09 07:06:39.639615,data/lms_loan_daily.csv,2024-03-01
CUS_0x8138_2023_12_01,CUS_0x8138,1/12/2023,10,3,10000,1000,1000,0,7000,1/3/2024,2024-03-01,2025-11-09 07:06:39.639615,data/lms_loan_daily.csv,2024-03-01
CUS_0x8144_2023_10_01,CUS_0x8144,1/10/2023,10,5,10000,1000,1000,0,5000,1/3/2024,2024-03-01,2025-11-09 07:06:39.639615,data/lms_loan_daily.csv,2024-03-01
CUS_0x8149_2024_02_01,CUS_0x8149,1/2/2024,10,1,10000,1000,1000,0,9000,1/3/2024,2024-03-01,2025-11-09 07:06:39.639615,data/lms_loan_daily.csv,2024-03-01
CUS_0x8153_2023_08_01,CUS_0x8153,1/8/2023,10,7,10000,1000,1000,0,3000,1/3/2024,2024-03-01,2025-11-09 07:06:39.639615,data/lms_loan_daily.csv,2024-03-01
CUS_0x8167_2023_09_01,CUS_0x8167,1/9/2023,10,6,10000,1000,1000,0,4000,1/3/2024,2024-03-01,2025-11-09 07:06:39.639615,data/lms_loan_daily.csv,2024-03-01
CUS_0x8175_2024_02_01,CUS_0x8175,1/2/2024,10,1,10000,1000,1000,0,9000,1/3/2024,2024-03-01,2025-11-09 07:06:39.639615,data/lms_loan_daily.csv,2024-03-01
CUS_0x817c_2024_02_01,CUS_0x817c,1/2/2024,10,1,10000,1000,1000,0,9000,1/3/2024,2024-03-01,2025-11-09 07:06:39.639615,data/lms_loan_daily.csv,2024-03-01
CUS_0x8197_2023_08_01,CUS_0x8197,1/8/2023,10,7,10000,1000,1000,0,3000,1/3/2024,2024-03-01,2025-11-09 07:06:39.639615,data/lms_loan_daily.csv,2024-03-01
CUS_0x81ac_2023_08_01,CUS_0x81ac,1/8/2023,10,7,10000,1000,1000,0,3000,1/3/2024,2024-03-01,2025-11-09 07:06:39.639615,data/lms_loan_daily.csv,2024-03-01
CUS_0x81ae_2024_02_01,CUS_0x81ae,1/2/2024,10,1,10000,1000,1000,0,9000,1/3/2024,2024-03-01,2025-11-09 07:06:39.639615,data/lms_loan_daily.csv,2024-03-01
CUS_0x81bb_2023_08_01,CUS_0x81bb,1/8/2023,10,7,10000,1000,1000,0,3000,1/3/2024,2024-03-01,2025-11-09 07:06:39.639615,data/lms_loan_daily.csv,2024-03-01
CUS_0x81c5_2023_07_01,CUS_0x81c5,1/7/2023,10,8,10000,1000,1000,0,2000,1/3/2024,2024-03-01,2025-11-09 07:06:39.639615,data/lms_loan_daily.csv,2024-03-01
CUS_0x81d_2023_12_01,CUS_0x81d,1/12/2023,10,3,10000,1000,1000,0,7000,1/3/2024,2024-03-01,2025-11-09 07:06:39.639615,data/lms_loan_daily.csv,2024-03-01
CUS_0x81d4_2023_09_01,CUS_0x81d4,1/9/2023,10,6,10000,1000,1000,0,4000,1/3/2024,2024-03-01,2025-11-09 07:06:39.639615,data/lms_loan_daily.csv,2024-03-01
CUS_0x81d6_2024_03_01,CUS_0x81d6,1/3/2024,10,0,10000,0,0,0,10000,1/3/2024,2024-03-01,2025-11-09 07:06:39.639615,data/lms_loan_daily.csv,2024-03-01
CUS_0x81d7_2023_12_01,CUS_0x81d7,1/12/2023,10,3,10000,1000,1000,0,7000,1/3/2024,2024-03-01,2025-11-09 07:06:39.639615,data/lms_loan_daily.csv,2024-03-01
CUS_0x81e2_2024_02_01,CUS_0x81e2,1/2/2024,10,1,10000,1000,1000,0,9000,1/3/2024,2024-03-01,2025-11-09 07:06:39.639615,data/lms_loan_daily.csv,2024-03-01
CUS_0x81e4_2023_05_01,CUS_0x81e4,1/5/2023,10,10,10000,1000,0,8000,8000,1/3/2024,2024-03-01,2025-11-09 07:06:39.639615,data/lms_loan_daily.csv,2024-03-01
CUS_0x81e9_2023_07_01,CUS_0x81e9,1/7/2023,10,8,10000,1000,1000,0,2000,1/3/2024,2024-03-01,2025-11-09 07:06:39.639615,data/lms_loan_daily.csv,2024-03-01
CUS_0x81f2_2023_06_01,CUS_0x81f2,1/6/2023,10,9,10000,1000,1000,0,1000,1/3/2024,2024-03-01,2025-11-09 07:06:39.639615,data/lms_loan_daily.csv,2024-03-01
CUS_0x81f4_2024_03_01,CUS_0x81f4,1/3/2024,10,0,10000,0,0,0,10000,1/3/2024,2024-03-01,2025-11-09 07:06:39.639615,data/lms_loan_daily.csv,2024-03-01
CUS_0x81ff_2024_02_01,CUS_0x81ff,1/2/2024,10,1,10000,1000,1000,0,9000,1/3/2024,2024-03-01,2025-11-09 07:06:39.639615,data/lms_loan_daily.csv,2024-03-01
CUS_0x820c_2023_11_01,CUS_0x820c,1/11/2023,10,4,10000,1000,1000,0,6000,1/3/2024,2024-03-01,2025-11-09 07:06:39.639615,data/lms_loan_daily.csv,2024-03-01
CUS_0x8216_2023_05_01,CUS_0x8216,1/5/2023,10,10,10000,1000,0,8000,8000,1/3/2024,2024-03-01,2025-11-09 07:06:39.639615,data/lms_loan_daily.csv,2024-03-01
CUS_0x8232_2024_03_01,CUS_0x8232,1/3/2024,10,0,10000,0,0,0,10000,1/3/2024,2024-03-01,2025-11-09 07:06:39.639615,data/lms_loan_daily.csv,2024-03-01
CUS_0x8234_2024_01_01,CUS_0x8234,1/1/2024,10,2,10000,1000,1000,0,8000,1/3/2024,2024-03-01,2025-11-09 07:06:39.639615,data/lms_loan_daily.csv,2024-03-01
CUS_0x8274_2024_03_01,CUS_0x8274,1/3/2024,10,0,10000,0,0,0,10000,1/3/2024,2024-03-01,2025-11-09 07:06:39.639615,data/lms_loan_daily.csv,2024-03-01
CUS_0x8275_2023_06_01,CUS_0x8275,1/6/2023,10,9,10000,1000,0,6000,7000,1/3/2024,2024-03-01,2025-11-09 07:06:39.639615,data/lms_loan_daily.csv,2024-03-01
CUS_0x827f_2023_12_01,CUS_0x827f,1/12/2023,10,3,10000,1000,1000,0,7000,1/3/2024,2024-03-01,2025-11-09 07:06:39.639615,data/lms_loan_daily.csv,2024-03-01
CUS_0x8281_2023_11_01,CUS_0x8281,1/11/2023,10,4,10000,1000,3000,0,6000,1/3/2024,2024-03-01,2025-11-09 07:06:39.639615,data/lms_loan_daily.csv,2024-03-01
CUS_0x828b_2023_06_01,CUS_0x828b,1/6/2023,10,9,10000,1000,1000,0,1000,1/3/2024,2024-03-01,2025-11-09 07:06:39.639615,data/lms_loan_daily.csv,2024-03-01
CUS_0x8291_2023_08_01,CUS_0x8291,1/8/2023,10,7,10000,1000,0,5000,8000,1/3/2024,2024-03-01,2025-11-09 07:06:39.639615,data/lms_loan_daily.csv,2024-03-01
CUS_0x8293_2023_10_01,CUS_0x8293,1/10/2023,10,5,10000,1000,1000,0,5000,1/3/2024,2024-03-01,2025-11-09 07:06:39.639615,data/lms_loan_daily.csv,2024-03-01
CUS_0x82a5_2024_02_01,CUS_0x82a5,1/2/2024,10,1,10000,1000,1000,0,9000,1/3/2024,2024-03-01,2025-11-09 07:06:39.639615,data/lms_loan_daily.csv,2024-03-01
CUS_0x82a6_2023_11_01,CUS_0x82a6,1/11/2023,10,4,10000,1000,1000,0,6000,1/3/2024,2024-03-01,2025-11-09 07:06:39.639615,data/lms_loan_daily.csv,2024-03-01
CUS_0x82bd_2023_11_01,CUS_0x82bd,1/11/2023,10,4,10000,1000,1000,0,6000,1/3/2024,2024-03-01,2025-11-09 07:06:39.639615,data/lms_loan_daily.csv,2024-03-01
CUS_0x82be_2024_03_01,CUS_0x82be,1/3/2024,10,0,10000,0,0,0,10000,1/3/2024,2024-03-01,2025-11-09 07:06:39.639615,data/lms_loan_daily.csv,2024-03-01
CUS_0x82c1_2024_01_01,CUS_0x82c1,1/1/2024,10,2,10000,1000,1000,0,8000,1/3/2024,2024-03-01,2025-11-09 07:06:39.639615,data/lms_loan_daily.csv,2024-03-01
CUS_0x82cb_2023_09_01,CUS_0x82cb,1/9/2023,10,6,10000,1000,0,3000,7000,1/3/2024,2024-03-01,2025-11-09 07:06:39.639615,data/lms_loan_daily.csv,2024-03-01
CUS_0x82d5_2023_05_01,CUS_0x82d5,1/5/2023,10,10,10000,1000,0,9000,9000,1/3/2024,2024-03-01,2025-11-09 07:06:39.639615,data/lms_loan_daily.csv,2024-03-01
CUS_0x82db_2023_10_01,CUS_0x82db,1/10/2023,10,5,10000,1000,0,2000,7000,1/3/2024,2024-03-01,2025-11-09 07:06:39.639615,data/lms_loan_daily.csv,2024-03-01
CUS_0x82fd_2023_10_01,CUS_0x82fd,1/10/2023,10,5,10000,1000,1000,0,5000,1/3/2024,2024-03-01,2025-11-09 07:06:39.639615,data/lms_loan_daily.csv,2024-03-01
CUS_0x8304_2023_12_01,CUS_0x8304,1/12/2023,10,3,10000,1000,1000,0,7000,1/3/2024,2024-03-01,2025-11-09 07:06:39.639615,data/lms_loan_daily.csv,2024-03-01
CUS_0x8316_2023_06_01,CUS_0x8316,1/6/2023,10,9,10000,1000,1000,0,1000,1/3/2024,2024-03-01,2025-11-09 07:06:39.639615,data/lms_loan_daily.csv,2024-03-01
CUS_0x831d_2023_11_01,CUS_0x831d,1/11/2023,10,4,10000,1000,1000,0,6000,1/3/2024,2024-03-01,2025-11-09 07:06:39.639615,data/lms_loan_daily.csv,2024-03-01
CUS_0x833d_2024_03_01,CUS_0x833d,1/3/2024,10,0,10000,0,0,0,10000,1/3/2024,2024-03-01,2025-11-09 07:06:39.639615,data/lms_loan_daily.csv,2024-03-01
CUS_0x8340_2023_08_01,CUS_0x8340,1/8/2023,10,7,10000,1000,0,4000,7000,1/3/2024,2024-03-01,2025-11-09 07:06:39.639615,data/lms_loan_daily.csv,2024-03-01
CUS_0x835_2023_11_01,CUS_0x835,1/11/2023,10,4,10000,1000,1000,0,6000,1/3/2024,2024-03-01,2025-11-09 07:06:39.639615,data/lms_loan_daily.csv,2024-03-01
CUS_0x8359_2024_02_01,CUS_0x8359,1/2/2024,10,1,10000,1000,1000,0,9000,1/3/2024,2024-03-01,2025-11-09 07:06:39.639615,data/lms_loan_daily.csv,2024-03-01
CUS_0x836e_2023_11_01,CUS_0x836e,1/11/2023,10,4,10000,1000,1000,0,6000,1/3/2024,2024-03-01,2025-11-09 07:06:39.639615,data/lms_loan_daily.csv,2024-03-01
CUS_0x837_2023_12_01,CUS_0x837,1/12/2023,10,3,10000,1000,1000,0,7000,1/3/2024,2024-03-01,2025-11-09 07:06:39.639615,data/lms_loan_daily.csv,2024-03-01
CUS_0x837e_2023_08_01,CUS_0x837e,1/8/2023,10,7,10000,1000,1000,0,3000,1/3/2024,2024-03-01,2025-11-09 07:06:39.639615,data/lms_loan_daily.csv,2024-03-01
CUS_0x837f_2024_01_01,CUS_0x837f,1/1/2024,10,2,10000,1000,1000,0,8000,1/3/2024,2024-03-01,2025-11-09 07:06:39.639615,data/lms_loan_daily.csv,2024-03-01
CUS_0x8391_2023_12_01,CUS_0x8391,1/12/2023,10,3,10000,1000,1000,0,7000,1/3/2024,2024-03-01,2025-11-09 07:06:39.639615,data/lms_loan_daily.csv,2024-03-01
CUS_0x8398_2023_05_01,CUS_0x8398,1/5/2023,10,10,10000,1000,1000,0,0,1/3/2024,2024-03-01,2025-11-09 07:06:39.639615,data/lms_loan_daily.csv,2024-03-01
CUS_0x8399_2023_06_01,CUS_0x8399,1/6/2023,10,9,10000,1000,1000,0,1000,1/3/2024,2024-03-01,2025-11-09 07:06:39.639615,data/lms_loan_daily.csv,2024-03-01
CUS_0x839b_2023_12_01,CUS_0x839b,1/12/2023,10,3,10000,1000,1000,0,7000,1/3/2024,2024-03-01,2025-11-09 07:06:39.639615,data/lms_loan_daily.csv,2024-03-01
CUS_0x83a4_2023_07_01,CUS_0x83a4,1/7/2023,10,8,10000,1000,0,6000,8000,1/3/2024,2024-03-01,2025-11-09 07:06:39.639615,data/lms_loan_daily.csv,2024-03-01
CUS_0x83bd_2023_08_01,CUS_0x83bd,1/8/2023,10,7,10000,1000,0,4000,7000,1/3/2024,2024-03-01,2025-11-09 07:06:39.639615,data/lms_loan_daily.csv,2024-03-01
CUS_0x83c3_2023_12_01,CUS_0x83c3,1/12/2023,10,3,10000,1000,0,2000,9000,1/3/2024,2024-03-01,2025-11-09 07:06:39.639615,data/lms_loan_daily.csv,2024-03-01
CUS_0x83c5_2023_07_01,CUS_0x83c5,1/7/2023,10,8,10000,1000,0,6000,8000,1/3/2024,2024-03-01,2025-11-09 07:06:39.639615,data/lms_loan_daily.csv,2024-03-01
CUS_0x83d7_2023_07_01,CUS_0x83d7,1/7/2023,10,8,10000,1000,1000,0,2000,1/3/2024,2024-03-01,2025-11-09 07:06:39.639615,data/lms_loan_daily.csv,2024-03-01
CUS_0x83dc_2024_02_01,CUS_0x83dc,1/2/2024,10,1,10000,1000,1000,0,9000,1/3/2024,2024-03-01,2025-11-09 07:06:39.639615,data/lms_loan_daily.csv,2024-03-01
CUS_0x83e_2023_06_01,CUS_0x83e,1/6/2023,10,9,10000,1000,1000,0,1000,1/3/2024,2024-03-01,2025-11-09 07:06:39.639615,data/lms_loan_daily.csv,2024-03-01
CUS_0x83e8_2023_12_01,CUS_0x83e8,1/12/2023,10,3,10000,1000,1000,0,7000,1/3/2024,2024-03-01,2025-11-09 07:06:39.639615,data/lms_loan_daily.csv,2024-03-01
CUS_0x83ea_2023_11_01,CUS_0x83ea,1/11/2023,10,4,10000,1000,1000,0,6000,1/3/2024,2024-03-01,2025-11-09 07:06:39.639615,data/lms_loan_daily.csv,2024-03-01
CUS_0x83ef_2023_07_01,CUS_0x83ef,1/7/2023,10,8,10000,1000,1000,0,2000,1/3/2024,2024-03-01,2025-11-09 07:06:39.639615,data/lms_loan_daily.csv,2024-03-01
CUS_0x840a_2023_10_01,CUS_0x840a,1/10/2023,10,5,10000,1000,1000,0,5000,1/3/2024,2024-03-01,2025-11-09 07:06:39.639615,data/lms_loan_daily.csv,2024-03-01
CUS_0x841f_2023_11_01,CUS_0x841f,1/11/2023,10,4,10000,1000,1000,0,6000,1/3/2024,2024-03-01,2025-11-09 07:06:39.639615,data/lms_loan_daily.csv,2024-03-01
CUS_0x8440_2023_12_01,CUS_0x8440,1/12/2023,10,3,10000,1000,1000,0,7000,1/3/2024,2024-03-01,2025-11-09 07:06:39.639615,data/lms_loan_daily.csv,2024-03-01
CUS_0x8442_2023_12_01,CUS_0x8442,1/12/2023,10,3,10000,1000,1000,0,7000,1/3/2024,2024-03-01,2025-11-09 07:06:39.639615,data/lms_loan_daily.csv,2024-03-01
CUS_0x8448_2023_11_01,CUS_0x8448,1/11/2023,10,4,10000,1000,1000,0,6000,1/3/2024,2024-03-01,2025-11-09 07:06:39.639615,data/lms_loan_daily.csv,2024-03-01
CUS_0x8449_2024_01_01,CUS_0x8449,1/1/2024,10,2,10000,1000,1000,0,8000,1/3/2024,2024-03-01,2025-11-09 07:06:39.639615,data/lms_loan_daily.csv,2024-03-01
CUS_0x844d_2024_03_01,CUS_0x844d,1/3/2024,10,0,10000,0,0,0,10000,1/3/2024,2024-03-01,2025-11-09 07:06:39.639615,data/lms_loan_daily.csv,2024-03-01
CUS_0x8459_2023_09_01,CUS_0x8459,1/9/2023,10,6,10000,1000,1000,0,4000,1/3/2024,2024-03-01,2025-11-09 07:06:39.639615,data/lms_loan_daily.csv,2024-03-01
CUS_0x8466_2024_02_01,CUS_0x8466,1/2/2024,10,1,10000,1000,1000,0,9000,1/3/2024,2024-03-01,2025-11-09 07:06:39.639615,data/lms_loan_daily.csv,2024-03-01
CUS_0x846e_2023_05_01,CUS_0x846e,1/5/2023,10,10,10000,1000,0,7000,7000,1/3/2024,2024-03-01,2025-11-09 07:06:39.639615,data/lms_loan_daily.csv,2024-03-01
CUS_0x847b_2024_02_01,CUS_0x847b,1/2/2024,10,1,10000,1000,0,1000,10000,1/3/2024,2024-03-01,2025-11-09 07:06:39.639615,data/lms_loan_daily.csv,2024-03-01
CUS_0x84a2_2024_03_01,CUS_0x84a2,1/3/2024,10,0,10000,0,0,0,10000,1/3/2024,2024-03-01,2025-11-09 07:06:39.639615,data/lms_loan_daily.csv,2024-03-01
CUS_0x84a6_2024_03_01,CUS_0x84a6,1/3/2024,10,0,10000,0,0,0,10000,1/3/2024,2024-03-01,2025-11-09 07:06:39.639615,data/lms_loan_daily.csv,2024-03-01
CUS_0x84a8_2023_12_01,CUS_0x84a8,1/12/2023,10,3,10000,1000,1000,0,7000,1/3/2024,2024-03-01,2025-11-09 07:06:39.639615,data/lms_loan_daily.csv,2024-03-01
CUS_0x84a9_2023_06_01,CUS_0x84a9,1/6/2023,10,9,10000,1000,1000,0,1000,1/3/2024,2024-03-01,2025-11-09 07:06:39.639615,data/lms_loan_daily.csv,2024-03-01
CUS_0x84ae_2023_05_01,CUS_0x84ae,1/5/2023,10,10,10000,1000,1000,0,0,1/3/2024,2024-03-01,2025-11-09 07:06:39.639615,data/lms_loan_daily.csv,2024-03-01
CUS_0x84af_2023_10_01,CUS_0x84af,1/10/2023,10,5,10000,1000,0,1000,6000,1/3/2024,2024-03-01,2025-11-09 07:06:39.639615,data/lms_loan_daily.csv,2024-03-01
CUS_0x84b_2023_08_01,CUS_0x84b,1/8/2023,10,7,10000,1000,1000,0,3000,1/3/2024,2024-03-01,2025-11-09 07:06:39.639615,data/lms_loan_daily.csv,2024-03-01
CUS_0x84b4_2023_11_01,CUS_0x84b4,1/11/2023,10,4,10000,1000,1000,0,6000,1/3/2024,2024-03-01,2025-11-09 07:06:39.639615,data/lms_loan_daily.csv,2024-03-01
CUS_0x84b8_2023_07_01,CUS_0x84b8,1/7/2023,10,8,10000,1000,0,5000,7000,1/3/2024,2024-03-01,2025-11-09 07:06:39.639615,data/lms_loan_daily.csv,2024-03-01
CUS_0x84c3_2023_07_01,CUS_0x84c3,1/7/2023,10,8,10000,1000,0,5000,7000,1/3/2024,2024-03-01,2025-11-09 07:06:39.639615,data/lms_loan_daily.csv,2024-03-01
CUS_0x84c9_2024_02_01,CUS_0x84c9,1/2/2024,10,1,10000,1000,1000,0,9000,1/3/2024,2024-03-01,2025-11-09 07:06:39.639615,data/lms_loan_daily.csv,2024-03-01
CUS_0x84cc_2023_11_01,CUS_0x84cc,1/11/2023,10,4,10000,1000,1000,0,6000,1/3/2024,2024-03-01,2025-11-09 07:06:39.639615,data/lms_loan_daily.csv,2024-03-01
CUS_0x84d_2023_08_01,CUS_0x84d,1/8/2023,10,7,10000,1000,1000,0,3000,1/3/2024,2024-03-01,2025-11-09 07:06:39.639615,data/lms_loan_daily.csv,2024-03-01
CUS_0x84df_2024_02_01,CUS_0x84df,1/2/2024,10,1,10000,1000,1000,0,9000,1/3/2024,2024-03-01,2025-11-09 07:06:39.639615,data/lms_loan_daily.csv,2024-03-01
CUS_0x84e7_2023_06_01,CUS_0x84e7,1/6/2023,10,9,10000,1000,1000,0,1000,1/3/2024,2024-03-01,2025-11-09 07:06:39.639615,data/lms_loan_daily.csv,2024-03-01
CUS_0x84f3_2024_01_01,CUS_0x84f3,1/1/2024,10,2,10000,1000,1000,0,8000,1/3/2024,2024-03-01,2025-11-09 07:06:39.639615,data/lms_loan_daily.csv,2024-03-01
CUS_0x84fe_2023_05_01,CUS_0x84fe,1/5/2023,10,10,10000,1000,0,7000,7000,1/3/2024,2024-03-01,2025-11-09 07:06:39.639615,data/lms_loan_daily.csv,2024-03-01
CUS_0x8506_2024_01_01,CUS_0x8506,1/1/2024,10,2,10000,1000,1000,0,8000,1/3/2024,2024-03-01,2025-11-09 07:06:39.639615,data/lms_loan_daily.csv,2024-03-01
CUS_0x8513_2024_03_01,CUS_0x8513,1/3/2024,10,0,10000,0,0,0,10000,1/3/2024,2024-03-01,2025-11-09 07:06:39.639615,data/lms_loan_daily.csv,2024-03-01
CUS_0x8521_2024_01_01,CUS_0x8521,1/1/2024,10,2,10000,1000,1000,0,8000,1/3/2024,2024-03-01,2025-11-09 07:06:39.639615,data/lms_loan_daily.csv,2024-03-01
CUS_0x8533_2023_10_01,CUS_0x8533,1/10/2023,10,5,10000,1000,1000,0,5000,1/3/2024,2024-03-01,2025-11-09 07:06:39.639615,data/lms_loan_daily.csv,2024-03-01
CUS_0x8536_2023_05_01,CUS_0x8536,1/5/2023,10,10,10000,1000,1000,0,0,1/3/2024,2024-03-01,2025-11-09 07:06:39.639615,data/lms_loan_daily.csv,2024-03-01
CUS_0x853c_2023_08_01,CUS_0x853c,1/8/2023,10,7,10000,1000,1000,0,3000,1/3/2024,2024-03-01,2025-11-09 07:06:39.639615,data/lms_loan_daily.csv,2024-03-01
CUS_0x853d_2024_01_01,CUS_0x853d,1/1/2024,10,2,10000,1000,1000,0,8000,1/3/2024,2024-03-01,2025-11-09 07:06:39.639615,data/lms_loan_daily.csv,2024-03-01
CUS_0x853f_2023_08_01,CUS_0x853f,1/8/2023,10,7,10000,1000,1000,0,3000,1/3/2024,2024-03-01,2025-11-09 07:06:39.639615,data/lms_loan_daily.csv,2024-03-01
CUS_0x854e_2023_08_01,CUS_0x854e,1/8/2023,10,7,10000,1000,1000,0,3000,1/3/2024,2024-03-01,2025-11-09 07:06:39.639615,data/lms_loan_daily.csv,2024-03-01
CUS_0x854f_2024_03_01,CUS_0x854f,1/3/2024,10,0,10000,0,0,0,10000,1/3/2024,2024-03-01,2025-11-09 07:06:39.639615,data/lms_loan_daily.csv,2024-03-01
CUS_0x8558_2023_09_01,CUS_0x8558,1/9/2023,10,6,10000,1000,1000,0,4000,1/3/2024,2024-03-01,2025-11-09 07:06:39.639615,data/lms_loan_daily.csv,2024-03-01
CUS_0x8559_2024_01_01,CUS_0x8559,1/1/2024,10,2,10000,1000,0,1000,9000,1/3/2024,2024-03-01,2025-11-09 07:06:39.639615,data/lms_loan_daily.csv,2024-03-01
CUS_0x8568_2023_09_01,CUS_0x8568,1/9/2023,10,6,10000,1000,1000,0,4000,1/3/2024,2024-03-01,2025-11-09 07:06:39.639615,data/lms_loan_daily.csv,2024-03-01
CUS_0x856c_2023_09_01,CUS_0x856c,1/9/2023,10,6,10000,1000,0,3000,7000,1/3/2024,2024-03-01,2025-11-09 07:06:39.639615,data/lms_loan_daily.csv,2024-03-01
CUS_0x857a_2024_02_01,CUS_0x857a,1/2/2024,10,1,10000,1000,1000,0,9000,1/3/2024,2024-03-01,2025-11-09 07:06:39.639615,data/lms_loan_daily.csv,2024-03-01
CUS_0x857b_2023_05_01,CUS_0x857b,1/5/2023,10,10,10000,1000,1000,0,0,1/3/2024,2024-03-01,2025-11-09 07:06:39.639615,data/lms_loan_daily.csv,2024-03-01
CUS_0x857f_2023_07_01,CUS_0x857f,1/7/2023,10,8,10000,1000,1000,0,2000,1/3/2024,2024-03-01,2025-11-09 07:06:39.639615,data/lms_loan_daily.csv,2024-03-01
CUS_0x858a_2023_08_01,CUS_0x858a,1/8/2023,10,7,10000,1000,0,3000,6000,1/3/2024,2024-03-01,2025-11-09 07:06:39.639615,data/lms_loan_daily.csv,2024-03-01
CUS_0x858b_2024_02_01,CUS_0x858b,1/2/2024,10,1,10000,1000,1000,0,9000,1/3/2024,2024-03-01,2025-11-09 07:06:39.639615,data/lms_loan_daily.csv,2024-03-01
CUS_0x8593_2023_09_01,CUS_0x8593,1/9/2023,10,6,10000,1000,1000,0,4000,1/3/2024,2024-03-01,2025-11-09 07:06:39.639615,data/lms_loan_daily.csv,2024-03-01
CUS_0x85b_2023_07_01,CUS_0x85b,1/7/2023,10,8,10000,1000,0,7000,9000,1/3/2024,2024-03-01,2025-11-09 07:06:39.639615,data/lms_loan_daily.csv,2024-03-01
CUS_0x85bb_2023_05_01,CUS_0x85bb,1/5/2023,10,10,10000,1000,1000,0,0,1/3/2024,2024-03-01,2025-11-09 07:06:39.639615,data/lms_loan_daily.csv,2024-03-01
CUS_0x85be_2023_11_01,CUS_0x85be,1/11/2023,10,4,10000,1000,1000,0,6000,1/3/2024,2024-03-01,2025-11-09 07:06:39.639615,data/lms_loan_daily.csv,2024-03-01
CUS_0x85c0_2024_02_01,CUS_0x85c0,1/2/2024,10,1,10000,1000,1000,0,9000,1/3/2024,2024-03-01,2025-11-09 07:06:39.639615,data/lms_loan_daily.csv,2024-03-01
CUS_0x85cb_2023_07_01,CUS_0x85cb,1/7/2023,10,8,10000,1000,1000,0,2000,1/3/2024,2024-03-01,2025-11-09 07:06:39.639615,data/lms_loan_daily.csv,2024-03-01
CUS_0x85d_2023_05_01,CUS_0x85d,1/5/2023,10,10,10000,1000,1000,0,0,1/3/2024,2024-03-01,2025-11-09 07:06:39.639615,data/lms_loan_daily.csv,2024-03-01
CUS_0x85d5_2024_02_01,CUS_0x85d5,1/2/2024,10,1,10000,1000,1000,0,9000,1/3/2024,2024-03-01,2025-11-09 07:06:39.639615,data/lms_loan_daily.csv,2024-03-01
CUS_0x85e7_2023_10_01,CUS_0x85e7,1/10/2023,10,5,10000,1000,1000,0,5000,1/3/2024,2024-03-01,2025-11-09 07:06:39.639615,data/lms_loan_daily.csv,2024-03-01
CUS_0x85e9_2023_10_01,CUS_0x85e9,1/10/2023,10,5,10000,1000,1000,0,5000,1/3/2024,2024-03-01,2025-11-09 07:06:39.639615,data/lms_loan_daily.csv,2024-03-01
CUS_0x85f1_2023_06_01,CUS_0x85f1,1/6/2023,10,9,10000,1000,1000,0,1000,1/3/2024,2024-03-01,2025-11-09 07:06:39.639615,data/lms_loan_daily.csv,2024-03-01
CUS_0x85f4_2023_06_01,CUS_0x85f4,1/6/2023,10,9,10000,1000,0,6000,7000,1/3/2024,2024-03-01,2025-11-09 07:06:39.639615,data/lms_loan_daily.csv,2024-03-01
CUS_0x85fd_2023_05_01,CUS_0x85fd,1/5/2023,10,10,10000,1000,1000,0,0,1/3/2024,2024-03-01,2025-11-09 07:06:39.639615,data/lms_loan_daily.csv,2024-03-01
CUS_0x8600_2023_07_01,CUS_0x8600,1/7/2023,10,8,10000,1000,1000,0,2000,1/3/2024,2024-03-01,2025-11-09 07:06:39.639615,data/lms_loan_daily.csv,2024-03-01
CUS_0x8627_2024_01_01,CUS_0x8627,1/1/2024,10,2,10000,1000,1000,0,8000,1/3/2024,2024-03-01,2025-11-09 07:06:39.639615,data/lms_loan_daily.csv,2024-03-01
CUS_0x862b_2023_05_01,CUS_0x862b,1/5/2023,10,10,10000,1000,1000,0,0,1/3/2024,2024-03-01,2025-11-09 07:06:39.639615,data/lms_loan_daily.csv,2024-03-01
CUS_0x8636_2024_01_01,CUS_0x8636,1/1/2024,10,2,10000,1000,1000,0,8000,1/3/2024,2024-03-01,2025-11-09 07:06:39.639615,data/lms_loan_daily.csv,2024-03-01
CUS_0x863b_2024_01_01,CUS_0x863b,1/1/2024,10,2,10000,1000,0,1000,9000,1/3/2024,2024-03-01,2025-11-09 07:06:39.639615,data/lms_loan_daily.csv,2024-03-01
CUS_0x8643_2023_06_01,CUS_0x8643,1/6/2023,10,9,10000,1000,0,6000,7000,1/3/2024,2024-03-01,2025-11-09 07:06:39.639615,data/lms_loan_daily.csv,2024-03-01
CUS_0x864c_2023_06_01,CUS_0x864c,1/6/2023,10,9,10000,1000,1000,0,1000,1/3/2024,2024-03-01,2025-11-09 07:06:39.639615,data/lms_loan_daily.csv,2024-03-01
CUS_0x8653_2024_02_01,CUS_0x8653,1/2/2024,10,1,10000,1000,1000,0,9000,1/3/2024,2024-03-01,2025-11-09 07:06:39.639615,data/lms_loan_daily.csv,2024-03-01
CUS_0x865c_2024_03_01,CUS_0x865c,1/3/2024,10,0,10000,0,0,0,10000,1/3/2024,2024-03-01,2025-11-09 07:06:39.639615,data/lms_loan_daily.csv,2024-03-01
CUS_0x8661_2024_02_01,CUS_0x8661,1/2/2024,10,1,10000,1000,1000,0,9000,1/3/2024,2024-03-01,2025-11-09 07:06:39.639615,data/lms_loan_daily.csv,2024-03-01
CUS_0x866d_2023_05_01,CUS_0x866d,1/5/2023,10,10,10000,1000,1000,0,0,1/3/2024,2024-03-01,2025-11-09 07:06:39.639615,data/lms_loan_daily.csv,2024-03-01
CUS_0x8672_2023_11_01,CUS_0x8672,1/11/2023,10,4,10000,1000,0,1000,7000,1/3/2024,2024-03-01,2025-11-09 07:06:39.639615,data/lms_loan_daily.csv,2024-03-01
CUS_0x867a_2023_11_01,CUS_0x867a,1/11/2023,10,4,10000,1000,1000,0,6000,1/3/2024,2024-03-01,2025-11-09 07:06:39.639615,data/lms_loan_daily.csv,2024-03-01
CUS_0x867d_2023_12_01,CUS_0x867d,1/12/2023,10,3,10000,1000,1000,0,7000,1/3/2024,2024-03-01,2025-11-09 07:06:39.639615,data/lms_loan_daily.csv,2024-03-01
CUS_0x867e_2023_09_01,CUS_0x867e,1/9/2023,10,6,10000,1000,0,4000,8000,1/3/2024,2024-03-01,2025-11-09 07:06:39.639615,data/lms_loan_daily.csv,2024-03-01
CUS_0x868_2023_12_01,CUS_0x868,1/12/2023,10,3,10000,1000,2000,0,7000,1/3/2024,2024-03-01,2025-11-09 07:06:39.639615,data/lms_loan_daily.csv,2024-03-01
CUS_0x8680_2023_08_01,CUS_0x8680,1/8/2023,10,7,10000,1000,0,3000,6000,1/3/2024,2024-03-01,2025-11-09 07:06:39.639615,data/lms_loan_daily.csv,2024-03-01
CUS_0x8681_2023_08_01,CUS_0x8681,1/8/2023,10,7,10000,1000,1000,0,3000,1/3/2024,2024-03-01,2025-11-09 07:06:39.639615,data/lms_loan_daily.csv,2024-03-01
CUS_0x8684_2024_01_01,CUS_0x8684,1/1/2024,10,2,10000,1000,1000,0,8000,1/3/2024,2024-03-01,2025-11-09 07:06:39.639615,data/lms_loan_daily.csv,2024-03-01
CUS_0x869_2023_09_01,CUS_0x869,1/9/2023,10,6,10000,1000,1000,0,4000,1/3/2024,2024-03-01,2025-11-09 07:06:39.639615,data/lms_loan_daily.csv,2024-03-01
CUS_0x8694_2023_05_01,CUS_0x8694,1/5/2023,10,10,10000,1000,1000,0,0,1/3/2024,2024-03-01,2025-11-09 07:06:39.639615,data/lms_loan_daily.csv,2024-03-01
CUS_0x869b_2023_06_01,CUS_0x869b,1/6/2023,10,9,10000,1000,0,7000,8000,1/3/2024,2024-03-01,2025-11-09 07:06:39.639615,data/lms_loan_daily.csv,2024-03-01
CUS_0x86aa_2023_09_01,CUS_0x86aa,1/9/2023,10,6,10000,1000,1000,0,4000,1/3/2024,2024-03-01,2025-11-09 07:06:39.639615,data/lms_loan_daily.csv,2024-03-01
CUS_0x86b0_2024_03_01,CUS_0x86b0,1/3/2024,10,0,10000,0,0,0,10000,1/3/2024,2024-03-01,2025-11-09 07:06:39.639615,data/lms_loan_daily.csv,2024-03-01
CUS_0x86b2_2024_03_01,CUS_0x86b2,1/3/2024,10,0,10000,0,0,0,10000,1/3/2024,2024-03-01,2025-11-09 07:06:39.639615,data/lms_loan_daily.csv,2024-03-01
CUS_0x86b5_2024_02_01,CUS_0x86b5,1/2/2024,10,1,10000,1000,1000,0,9000,1/3/2024,2024-03-01,2025-11-09 07:06:39.639615,data/lms_loan_daily.csv,2024-03-01
CUS_0x86c1_2024_03_01,CUS_0x86c1,1/3/2024,10,0,10000,0,0,0,10000,1/3/2024,2024-03-01,2025-11-09 07:06:39.639615,data/lms_loan_daily.csv,2024-03-01
CUS_0x86c5_2023_06_01,CUS_0x86c5,1/6/2023,10,9,10000,1000,1000,0,1000,1/3/2024,2024-03-01,2025-11-09 07:06:39.639615,data/lms_loan_daily.csv,2024-03-01
CUS_0x86d9_2023_12_01,CUS_0x86d9,1/12/2023,10,3,10000,1000,1000,0,7000,1/3/2024,2024-03-01,2025-11-09 07:06:39.639615,data/lms_loan_daily.csv,2024-03-01
CUS_0x86da_2023_06_01,CUS_0x86da,1/6/2023,10,9,10000,1000,0,8000,9000,1/3/2024,2024-03-01,2025-11-09 07:06:39.639615,data/lms_loan_daily.csv,2024-03-01
CUS_0x86e7_2024_01_01,CUS_0x86e7,1/1/2024,10,2,10000,1000,1000,0,8000,1/3/2024,2024-03-01,2025-11-09 07:06:39.639615,data/lms_loan_daily.csv,2024-03-01
CUS_0x86ea_2024_02_01,CUS_0x86ea,1/2/2024,10,1,10000,1000,1000,0,9000,1/3/2024,2024-03-01,2025-11-09 07:06:39.639615,data/lms_loan_daily.csv,2024-03-01
CUS_0x86ec_2024_03_01,CUS_0x86ec,1/3/2024,10,0,10000,0,0,0,10000,1/3/2024,2024-03-01,2025-11-09 07:06:39.639615,data/lms_loan_daily.csv,2024-03-01
CUS_0x86fe_2023_06_01,CUS_0x86fe,1/6/2023,10,9,10000,1000,1000,0,1000,1/3/2024,2024-03-01,2025-11-09 07:06:39.639615,data/lms_loan_daily.csv,2024-03-01
CUS_0x870c_2023_05_01,CUS_0x870c,1/5/2023,10,10,10000,1000,1000,0,0,1/3/2024,2024-03-01,2025-11-09 07:06:39.639615,data/lms_loan_daily.csv,2024-03-01
CUS_0x870d_2023_07_01,CUS_0x870d,1/7/2023,10,8,10000,1000,0,5000,7000,1/3/2024,2024-03-01,2025-11-09 07:06:39.639615,data/lms_loan_daily.csv,2024-03-01
CUS_0x870e_2023_07_01,CUS_0x870e,1/7/2023,10,8,10000,1000,0,8000,10000,1/3/2024,2024-03-01,2025-11-09 07:06:39.639615,data/lms_loan_daily.csv,2024-03-01
CUS_0x8711_2024_02_01,CUS_0x8711,1/2/2024,10,1,10000,1000,1000,0,9000,1/3/2024,2024-03-01,2025-11-09 07:06:39.639615,data/lms_loan_daily.csv,2024-03-01
CUS_0x8715_2023_06_01,CUS_0x8715,1/6/2023,10,9,10000,1000,1000,0,1000,1/3/2024,2024-03-01,2025-11-09 07:06:39.639615,data/lms_loan_daily.csv,2024-03-01
CUS_0x8718_2023_10_01,CUS_0x8718,1/10/2023,10,5,10000,1000,1000,0,5000,1/3/2024,2024-03-01,2025-11-09 07:06:39.639615,data/lms_loan_daily.csv,2024-03-01
CUS_0x8725_2024_02_01,CUS_0x8725,1/2/2024,10,1,10000,1000,1000,0,9000,1/3/2024,2024-03-01,2025-11-09 07:06:39.639615,data/lms_loan_daily.csv,2024-03-01
CUS_0x872b_2024_02_01,CUS_0x872b,1/2/2024,10,1,10000,1000,1000,0,9000,1/3/2024,2024-03-01,2025-11-09 07:06:39.639615,data/lms_loan_daily.csv,2024-03-01
CUS_0x872d_2024_02_01,CUS_0x872d,1/2/2024,10,1,10000,1000,0,1000,10000,1/3/2024,2024-03-01,2025-11-09 07:06:39.639615,data/lms_loan_daily.csv,2024-03-01
CUS_0x872e_2023_08_01,CUS_0x872e,1/8/2023,10,7,10000,1000,1000,0,3000,1/3/2024,2024-03-01,2025-11-09 07:06:39.639615,data/lms_loan_daily.csv,2024-03-01
CUS_0x8749_2023_06_01,CUS_0x8749,1/6/2023,10,9,10000,1000,1000,0,1000,1/3/2024,2024-03-01,2025-11-09 07:06:39.639615,data/lms_loan_daily.csv,2024-03-01
CUS_0x8752_2023_10_01,CUS_0x8752,1/10/2023,10,5,10000,1000,1000,0,5000,1/3/2024,2024-03-01,2025-11-09 07:06:39.639615,data/lms_loan_daily.csv,2024-03-01
CUS_0x8763_2023_11_01,CUS_0x8763,1/11/2023,10,4,10000,1000,1000,0,6000,1/3/2024,2024-03-01,2025-11-09 07:06:39.639615,data/lms_loan_daily.csv,2024-03-01
CUS_0x8766_2023_12_01,CUS_0x8766,1/12/2023,10,3,10000,1000,1000,0,7000,1/3/2024,2024-03-01,2025-11-09 07:06:39.639615,data/lms_loan_daily.csv,2024-03-01
CUS_0x8771_2023_11_01,CUS_0x8771,1/11/2023,10,4,10000,1000,1000,0,6000,1/3/2024,2024-03-01,2025-11-09 07:06:39.639615,data/lms_loan_daily.csv,2024-03-01
CUS_0x8773_2023_11_01,CUS_0x8773,1/11/2023,10,4,10000,1000,1000,0,6000,1/3/2024,2024-03-01,2025-11-09 07:06:39.639615,data/lms_loan_daily.csv,2024-03-01
CUS_0x8783_2023_07_01,CUS_0x8783,1/7/2023,10,8,10000,1000,1000,0,2000,1/3/2024,2024-03-01,2025-11-09 07:06:39.639615,data/lms_loan_daily.csv,2024-03-01
CUS_0x878c_2023_10_01,CUS_0x878c,1/10/2023,10,5,10000,1000,0,2000,7000,1/3/2024,2024-03-01,2025-11-09 07:06:39.639615,data/lms_loan_daily.csv,2024-03-01
CUS_0x8793_2023_10_01,CUS_0x8793,1/10/2023,10,5,10000,1000,1000,0,5000,1/3/2024,2024-03-01,2025-11-09 07:06:39.639615,data/lms_loan_daily.csv,2024-03-01
CUS_0x879d_2024_01_01,CUS_0x879d,1/1/2024,10,2,10000,1000,1000,0,8000,1/3/2024,2024-03-01,2025-11-09 07:06:39.639615,data/lms_loan_daily.csv,2024-03-01
CUS_0x87a_2023_05_01,CUS_0x87a,1/5/2023,10,10,10000,1000,1000,0,0,1/3/2024,2024-03-01,2025-11-09 07:06:39.639615,data/lms_loan_daily.csv,2024-03-01
CUS_0x87a2_2023_05_01,CUS_0x87a2,1/5/2023,10,10,10000,1000,1000,0,0,1/3/2024,2024-03-01,2025-11-09 07:06:39.639615,data/lms_loan_daily.csv,2024-03-01
CUS_0x87a4_2023_12_01,CUS_0x87a4,1/12/2023,10,3,10000,1000,1000,0,7000,1/3/2024,2024-03-01,2025-11-09 07:06:39.639615,data/lms_loan_daily.csv,2024-03-01
CUS_0x87b6_2023_07_01,CUS_0x87b6,1/7/2023,10,8,10000,1000,1000,0,2000,1/3/2024,2024-03-01,2025-11-09 07:06:39.639615,data/lms_loan_daily.csv,2024-03-01
CUS_0x87b8_2023_09_01,CUS_0x87b8,1/9/2023,10,6,10000,1000,1000,0,4000,1/3/2024,2024-03-01,2025-11-09 07:06:39.639615,data/lms_loan_daily.csv,2024-03-01
CUS_0x87ba_2023_05_01,CUS_0x87ba,1/5/2023,10,10,10000,1000,0,6000,6000,1/3/2024,2024-03-01,2025-11-09 07:06:39.639615,data/lms_loan_daily.csv,2024-03-01
CUS_0x87be_2023_11_01,CUS_0x87be,1/11/2023,10,4,10000,1000,2000,0,6000,1/3/2024,2024-03-01,2025-11-09 07:06:39.639615,data/lms_loan_daily.csv,2024-03-01
CUS_0x87cb_2023_05_01,CUS_0x87cb,1/5/2023,10,10,10000,1000,0,9000,9000,1/3/2024,2024-03-01,2025-11-09 07:06:39.639615,data/lms_loan_daily.csv,2024-03-01
CUS_0x87db_2023_10_01,CUS_0x87db,1/10/2023,10,5,10000,1000,1000,0,5000,1/3/2024,2024-03-01,2025-11-09 07:06:39.639615,data/lms_loan_daily.csv,2024-03-01
CUS_0x87e6_2024_03_01,CUS_0x87e6,1/3/2024,10,0,10000,0,0,0,10000,1/3/2024,2024-03-01,2025-11-09 07:06:39.639615,data/lms_loan_daily.csv,2024-03-01
CUS_0x87e7_2023_06_01,CUS_0x87e7,1/6/2023,10,9,10000,1000,0,7000,8000,1/3/2024,2024-03-01,2025-11-09 07:06:39.639615,data/lms_loan_daily.csv,2024-03-01
CUS_0x87f_2024_03_01,CUS_0x87f,1/3/2024,10,0,10000,0,0,0,10000,1/3/2024,2024-03-01,2025-11-09 07:06:39.639615,data/lms_loan_daily.csv,2024-03-01
CUS_0x87f0_2023_09_01,CUS_0x87f0,1/9/2023,10,6,10000,1000,1000,0,4000,1/3/2024,2024-03-01,2025-11-09 07:06:39.639615,data/lms_loan_daily.csv,2024-03-01
CUS_0x87fe_2023_06_01,CUS_0x87fe,1/6/2023,10,9,10000,1000,1000,0,1000,1/3/2024,2024-03-01,2025-11-09 07:06:39.639615,data/lms_loan_daily.csv,2024-03-01
CUS_0x8804_2023_12_01,CUS_0x8804,1/12/2023,10,3,10000,1000,0,3000,10000,1/3/2024,2024-03-01,2025-11-09 07:06:39.639615,data/lms_loan_daily.csv,2024-03-01
CUS_0x880b_2023_10_01,CUS_0x880b,1/10/2023,10,5,10000,1000,0,3000,8000,1/3/2024,2024-03-01,2025-11-09 07:06:39.639615,data/lms_loan_daily.csv,2024-03-01
CUS_0x8812_2023_06_01,CUS_0x8812,1/6/2023,10,9,10000,1000,0,6000,7000,1/3/2024,2024-03-01,2025-11-09 07:06:39.639615,data/lms_loan_daily.csv,2024-03-01
CUS_0x8814_2024_03_01,CUS_0x8814,1/3/2024,10,0,10000,0,0,0,10000,1/3/2024,2024-03-01,2025-11-09 07:06:39.639615,data/lms_loan_daily.csv,2024-03-01
CUS_0x8816_2023_09_01,CUS_0x8816,1/9/2023,10,6,10000,1000,1000,0,4000,1/3/2024,2024-03-01,2025-11-09 07:06:39.639615,data/lms_loan_daily.csv,2024-03-01
CUS_0x881c_2023_12_01,CUS_0x881c,1/12/2023,10,3,10000,1000,0,2000,9000,1/3/2024,2024-03-01,2025-11-09 07:06:39.639615,data/lms_loan_daily.csv,2024-03-01
CUS_0x881e_2023_06_01,CUS_0x881e,1/6/2023,10,9,10000,1000,0,6000,7000,1/3/2024,2024-03-01,2025-11-09 07:06:39.639615,data/lms_loan_daily.csv,2024-03-01
CUS_0x8822_2023_12_01,CUS_0x8822,1/12/2023,10,3,10000,1000,1000,0,7000,1/3/2024,2024-03-01,2025-11-09 07:06:39.639615,data/lms_loan_daily.csv,2024-03-01
CUS_0x884_2023_06_01,CUS_0x884,1/6/2023,10,9,10000,1000,1000,0,1000,1/3/2024,2024-03-01,2025-11-09 07:06:39.639615,data/lms_loan_daily.csv,2024-03-01
CUS_0x8841_2023_07_01,CUS_0x8841,1/7/2023,10,8,10000,1000,1000,0,2000,1/3/2024,2024-03-01,2025-11-09 07:06:39.639615,data/lms_loan_daily.csv,2024-03-01
CUS_0x8843_2023_05_01,CUS_0x8843,1/5/2023,10,10,10000,1000,1000,0,0,1/3/2024,2024-03-01,2025-11-09 07:06:39.639615,data/lms_loan_daily.csv,2024-03-01
CUS_0x8844_2023_05_01,CUS_0x8844,1/5/2023,10,10,10000,1000,1000,0,0,1/3/2024,2024-03-01,2025-11-09 07:06:39.639615,data/lms_loan_daily.csv,2024-03-01
CUS_0x8848_2024_03_01,CUS_0x8848,1/3/2024,10,0,10000,0,0,0,10000,1/3/2024,2024-03-01,2025-11-09 07:06:39.639615,data/lms_loan_daily.csv,2024-03-01
CUS_0x884a_2023_09_01,CUS_0x884a,1/9/2023,10,6,10000,1000,1000,0,4000,1/3/2024,2024-03-01,2025-11-09 07:06:39.639615,data/lms_loan_daily.csv,2024-03-01
CUS_0x8852_2023_07_01,CUS_0x8852,1/7/2023,10,8,10000,1000,1000,0,2000,1/3/2024,2024-03-01,2025-11-09 07:06:39.639615,data/lms_loan_daily.csv,2024-03-01
CUS_0x8853_2024_02_01,CUS_0x8853,1/2/2024,10,1,10000,1000,1000,0,9000,1/3/2024,2024-03-01,2025-11-09 07:06:39.639615,data/lms_loan_daily.csv,2024-03-01
CUS_0x885f_2023_05_01,CUS_0x885f,1/5/2023,10,10,10000,1000,1000,0,0,1/3/2024,2024-03-01,2025-11-09 07:06:39.639615,data/lms_loan_daily.csv,2024-03-01
CUS_0x887c_2024_02_01,CUS_0x887c,1/2/2024,10,1,10000,1000,1000,0,9000,1/3/2024,2024-03-01,2025-11-09 07:06:39.639615,data/lms_loan_daily.csv,2024-03-01
CUS_0x8880_2023_09_01,CUS_0x8880,1/9/2023,10,6,10000,1000,1000,0,4000,1/3/2024,2024-03-01,2025-11-09 07:06:39.639615,data/lms_loan_daily.csv,2024-03-01
CUS_0x8888_2023_09_01,CUS_0x8888,1/9/2023,10,6,10000,1000,1000,0,4000,1/3/2024,2024-03-01,2025-11-09 07:06:39.639615,data/lms_loan_daily.csv,2024-03-01
CUS_0x88a_2023_06_01,CUS_0x88a,1/6/2023,10,9,10000,1000,1000,0,1000,1/3/2024,2024-03-01,2025-11-09 07:06:39.639615,data/lms_loan_daily.csv,2024-03-01
CUS_0x88a0_2023_09_01,CUS_0x88a0,1/9/2023,10,6,10000,1000,1000,0,4000,1/3/2024,2024-03-01,2025-11-09 07:06:39.639615,data/lms_loan_daily.csv,2024-03-01
CUS_0x88a6_2024_02_01,CUS_0x88a6,1/2/2024,10,1,10000,1000,1000,0,9000,1/3/2024,2024-03-01,2025-11-09 07:06:39.639615,data/lms_loan_daily.csv,2024-03-01
CUS_0x88b8_2023_05_01,CUS_0x88b8,1/5/2023,10,10,10000,1000,1000,0,0,1/3/2024,2024-03-01,2025-11-09 07:06:39.639615,data/lms_loan_daily.csv,2024-03-01
CUS_0x88c1_2024_01_01,CUS_0x88c1,1/1/2024,10,2,10000,1000,1000,0,8000,1/3/2024,2024-03-01,2025-11-09 07:06:39.639615,data/lms_loan_daily.csv,2024-03-01
CUS_0x88c3_2023_08_01,CUS_0x88c3,1/8/2023,10,7,10000,1000,1000,0,3000,1/3/2024,2024-03-01,2025-11-09 07:06:39.639615,data/lms_loan_daily.csv,2024-03-01
CUS_0x88c7_2024_01_01,CUS_0x88c7,1/1/2024,10,2,10000,1000,1000,0,8000,1/3/2024,2024-03-01,2025-11-09 07:06:39.639615,data/lms_loan_daily.csv,2024-03-01
CUS_0x88e2_2023_07_01,CUS_0x88e2,1/7/2023,10,8,10000,1000,0,4000,6000,1/3/2024,2024-03-01,2025-11-09 07:06:39.639615,data/lms_loan_daily.csv,2024-03-01
CUS_0x88e3_2023_05_01,CUS_0x88e3,1/5/2023,10,10,10000,1000,1000,0,0,1/3/2024,2024-03-01,2025-11-09 07:06:39.639615,data/lms_loan_daily.csv,2024-03-01
CUS_0x88e5_2023_09_01,CUS_0x88e5,1/9/2023,10,6,10000,1000,1000,0,4000,1/3/2024,2024-03-01,2025-11-09 07:06:39.639615,data/lms_loan_daily.csv,2024-03-01
CUS_0x88fa_2024_01_01,CUS_0x88fa,1/1/2024,10,2,10000,1000,1000,0,8000,1/3/2024,2024-03-01,2025-11-09 07:06:39.639615,data/lms_loan_daily.csv,2024-03-01
CUS_0x88fd_2024_03_01,CUS_0x88fd,1/3/2024,10,0,10000,0,0,0,10000,1/3/2024,2024-03-01,2025-11-09 07:06:39.639615,data/lms_loan_daily.csv,2024-03-01
CUS_0x8907_2023_11_01,CUS_0x8907,1/11/2023,10,4,10000,1000,1000,0,6000,1/3/2024,2024-03-01,2025-11-09 07:06:39.639615,data/lms_loan_daily.csv,2024-03-01
CUS_0x8908_2023_05_01,CUS_0x8908,1/5/2023,10,10,10000,1000,1000,0,0,1/3/2024,2024-03-01,2025-11-09 07:06:39.639615,data/lms_loan_daily.csv,2024-03-01
CUS_0x8916_2024_03_01,CUS_0x8916,1/3/2024,10,0,10000,0,0,0,10000,1/3/2024,2024-03-01,2025-11-09 07:06:39.639615,data/lms_loan_daily.csv,2024-03-01
CUS_0x8925_2023_05_01,CUS_0x8925,1/5/2023,10,10,10000,1000,1000,0,0,1/3/2024,2024-03-01,2025-11-09 07:06:39.639615,data/lms_loan_daily.csv,2024-03-01
CUS_0x8927_2023_12_01,CUS_0x8927,1/12/2023,10,3,10000,1000,1000,0,7000,1/3/2024,2024-03-01,2025-11-09 07:06:39.639615,data/lms_loan_daily.csv,2024-03-01
CUS_0x8945_2023_06_01,CUS_0x8945,1/6/2023,10,9,10000,1000,0,6000,7000,1/3/2024,2024-03-01,2025-11-09 07:06:39.639615,data/lms_loan_daily.csv,2024-03-01
CUS_0x8957_2023_09_01,CUS_0x8957,1/9/2023,10,6,10000,1000,1000,0,4000,1/3/2024,2024-03-01,2025-11-09 07:06:39.639615,data/lms_loan_daily.csv,2024-03-01
CUS_0x8959_2023_05_01,CUS_0x8959,1/5/2023,10,10,10000,1000,1000,0,0,1/3/2024,2024-03-01,2025-11-09 07:06:39.639615,data/lms_loan_daily.csv,2024-03-01
CUS_0x895d_2023_05_01,CUS_0x895d,1/5/2023,10,10,10000,1000,1000,0,0,1/3/2024,2024-03-01,2025-11-09 07:06:39.639615,data/lms_loan_daily.csv,2024-03-01
CUS_0x8962_2023_11_01,CUS_0x8962,1/11/2023,10,4,10000,1000,1000,0,6000,1/3/2024,2024-03-01,2025-11-09 07:06:39.639615,data/lms_loan_daily.csv,2024-03-01
CUS_0x896f_2023_11_01,CUS_0x896f,1/11/2023,10,4,10000,1000,3000,0,6000,1/3/2024,2024-03-01,2025-11-09 07:06:39.639615,data/lms_loan_daily.csv,2024-03-01
CUS_0x8974_2023_10_01,CUS_0x8974,1/10/2023,10,5,10000,1000,1000,0,5000,1/3/2024,2024-03-01,2025-11-09 07:06:39.639615,data/lms_loan_daily.csv,2024-03-01
CUS_0x897e_2023_05_01,CUS_0x897e,1/5/2023,10,10,10000,1000,1000,0,0,1/3/2024,2024-03-01,2025-11-09 07:06:39.639615,data/lms_loan_daily.csv,2024-03-01
CUS_0x897f_2023_11_01,CUS_0x897f,1/11/2023,10,4,10000,1000,1000,0,6000,1/3/2024,2024-03-01,2025-11-09 07:06:39.639615,data/lms_loan_daily.csv,2024-03-01
CUS_0x8980_2024_02_01,CUS_0x8980,1/2/2024,10,1,10000,1000,0,1000,10000,1/3/2024,2024-03-01,2025-11-09 07:06:39.639615,data/lms_loan_daily.csv,2024-03-01
CUS_0x8984_2024_03_01,CUS_0x8984,1/3/2024,10,0,10000,0,0,0,10000,1/3/2024,2024-03-01,2025-11-09 07:06:39.639615,data/lms_loan_daily.csv,2024-03-01
CUS_0x8990_2023_12_01,CUS_0x8990,1/12/2023,10,3,10000,1000,1000,0,7000,1/3/2024,2024-03-01,2025-11-09 07:06:39.639615,data/lms_loan_daily.csv,2024-03-01
CUS_0x8991_2024_01_01,CUS_0x8991,1/1/2024,10,2,10000,1000,1000,0,8000,1/3/2024,2024-03-01,2025-11-09 07:06:39.639615,data/lms_loan_daily.csv,2024-03-01
CUS_0x89a6_2023_12_01,CUS_0x89a6,1/12/2023,10,3,10000,1000,1000,0,7000,1/3/2024,2024-03-01,2025-11-09 07:06:39.639615,data/lms_loan_daily.csv,2024-03-01
CUS_0x89b9_2023_10_01,CUS_0x89b9,1/10/2023,10,5,10000,1000,1000,0,5000,1/3/2024,2024-03-01,2025-11-09 07:06:39.639615,data/lms_loan_daily.csv,2024-03-01
CUS_0x89ba_2023_08_01,CUS_0x89ba,1/8/2023,10,7,10000,1000,1000,0,3000,1/3/2024,2024-03-01,2025-11-09 07:06:39.639615,data/lms_loan_daily.csv,2024-03-01
CUS_0x89bd_2023_12_01,CUS_0x89bd,1/12/2023,10,3,10000,1000,0,1000,8000,1/3/2024,2024-03-01,2025-11-09 07:06:39.639615,data/lms_loan_daily.csv,2024-03-01
CUS_0x89be_2023_08_01,CUS_0x89be,1/8/2023,10,7,10000,1000,0,4000,7000,1/3/2024,2024-03-01,2025-11-09 07:06:39.639615,data/lms_loan_daily.csv,2024-03-01
CUS_0x89c8_2024_03_01,CUS_0x89c8,1/3/2024,10,0,10000,0,0,0,10000,1/3/2024,2024-03-01,2025-11-09 07:06:39.639615,data/lms_loan_daily.csv,2024-03-01
CUS_0x89cb_2023_12_01,CUS_0x89cb,1/12/2023,10,3,10000,1000,1000,0,7000,1/3/2024,2024-03-01,2025-11-09 07:06:39.639615,data/lms_loan_daily.csv,2024-03-01
CUS_0x89d2_2023_08_01,CUS_0x89d2,1/8/2023,10,7,10000,1000,1000,0,3000,1/3/2024,2024-03-01,2025-11-09 07:06:39.639615,data/lms_loan_daily.csv,2024-03-01
CUS_0x89e_2023_12_01,CUS_0x89e,1/12/2023,10,3,10000,1000,1000,0,7000,1/3/2024,2024-03-01,2025-11-09 07:06:39.639615,data/lms_loan_daily.csv,2024-03-01
CUS_0x89e3_2023_11_01,CUS_0x89e3,1/11/2023,10,4,10000,1000,1000,0,6000,1/3/2024,2024-03-01,2025-11-09 07:06:39.639615,data/lms_loan_daily.csv,2024-03-01
CUS_0x89ec_2023_05_01,CUS_0x89ec,1/5/2023,10,10,10000,1000,0,8000,8000,1/3/2024,2024-03-01,2025-11-09 07:06:39.639615,data/lms_loan_daily.csv,2024-03-01
CUS_0x8a0d_2024_01_01,CUS_0x8a0d,1/1/2024,10,2,10000,1000,1000,0,8000,1/3/2024,2024-03-01,2025-11-09 07:06:39.639615,data/lms_loan_daily.csv,2024-03-01
CUS_0x8a1_2023_11_01,CUS_0x8a1,1/11/2023,10,4,10000,1000,0,1000,7000,1/3/2024,2024-03-01,2025-11-09 07:06:39.639615,data/lms_loan_daily.csv,2024-03-01
CUS_0x8a20_2023_05_01,CUS_0x8a20,1/5/2023,10,10,10000,1000,1000,0,0,1/3/2024,2024-03-01,2025-11-09 07:06:39.639615,data/lms_loan_daily.csv,2024-03-01
CUS_0x8a29_2024_01_01,CUS_0x8a29,1/1/2024,10,2,10000,1000,1000,0,8000,1/3/2024,2024-03-01,2025-11-09 07:06:39.639615,data/lms_loan_daily.csv,2024-03-01
CUS_0x8a2b_2023_10_01,CUS_0x8a2b,1/10/2023,10,5,10000,1000,1000,0,5000,1/3/2024,2024-03-01,2025-11-09 07:06:39.639615,data/lms_loan_daily.csv,2024-03-01
CUS_0x8a31_2023_05_01,CUS_0x8a31,1/5/2023,10,10,10000,1000,0,8000,8000,1/3/2024,2024-03-01,2025-11-09 07:06:39.639615,data/lms_loan_daily.csv,2024-03-01
CUS_0x8a39_2023_11_01,CUS_0x8a39,1/11/2023,10,4,10000,1000,1000,0,6000,1/3/2024,2024-03-01,2025-11-09 07:06:39.639615,data/lms_loan_daily.csv,2024-03-01
CUS_0x8a45_2023_11_01,CUS_0x8a45,1/11/2023,10,4,10000,1000,1000,0,6000,1/3/2024,2024-03-01,2025-11-09 07:06:39.639615,data/lms_loan_daily.csv,2024-03-01
CUS_0x8a47_2024_02_01,CUS_0x8a47,1/2/2024,10,1,10000,1000,1000,0,9000,1/3/2024,2024-03-01,2025-11-09 07:06:39.639615,data/lms_loan_daily.csv,2024-03-01
CUS_0x8a4b_2023_06_01,CUS_0x8a4b,1/6/2023,10,9,10000,1000,1000,0,1000,1/3/2024,2024-03-01,2025-11-09 07:06:39.639615,data/lms_loan_daily.csv,2024-03-01
CUS_0x8a5_2023_05_01,CUS_0x8a5,1/5/2023,10,10,10000,1000,1000,0,0,1/3/2024,2024-03-01,2025-11-09 07:06:39.639615,data/lms_loan_daily.csv,2024-03-01
CUS_0x8a5c_2024_02_01,CUS_0x8a5c,1/2/2024,10,1,10000,1000,1000,0,9000,1/3/2024,2024-03-01,2025-11-09 07:06:39.639615,data/lms_loan_daily.csv,2024-03-01
CUS_0x8a62_2024_01_01,CUS_0x8a62,1/1/2024,10,2,10000,1000,1000,0,8000,1/3/2024,2024-03-01,2025-11-09 07:06:39.639615,data/lms_loan_daily.csv,2024-03-01
CUS_0x8a64_2023_11_01,CUS_0x8a64,1/11/2023,10,4,10000,1000,2000,0,6000,1/3/2024,2024-03-01,2025-11-09 07:06:39.639615,data/lms_loan_daily.csv,2024-03-01
CUS_0x8a68_2024_01_01,CUS_0x8a68,1/1/2024,10,2,10000,1000,0,1000,9000,1/3/2024,2024-03-01,2025-11-09 07:06:39.639615,data/lms_loan_daily.csv,2024-03-01
CUS_0x8a73_2023_05_01,CUS_0x8a73,1/5/2023,10,10,10000,1000,1000,0,0,1/3/2024,2024-03-01,2025-11-09 07:06:39.639615,data/lms_loan_daily.csv,2024-03-01
CUS_0x8a78_2023_07_01,CUS_0x8a78,1/7/2023,10,8,10000,1000,1000,0,2000,1/3/2024,2024-03-01,2025-11-09 07:06:39.639615,data/lms_loan_daily.csv,2024-03-01
CUS_0x8a84_2024_02_01,CUS_0x8a84,1/2/2024,10,1,10000,1000,1000,0,9000,1/3/2024,2024-03-01,2025-11-09 07:06:39.639615,data/lms_loan_daily.csv,2024-03-01
CUS_0x8a8b_2024_03_01,CUS_0x8a8b,1/3/2024,10,0,10000,0,0,0,10000,1/3/2024,2024-03-01,2025-11-09 07:06:39.639615,data/lms_loan_daily.csv,2024-03-01
CUS_0x8ac0_2024_03_01,CUS_0x8ac0,1/3/2024,10,0,10000,0,0,0,10000,1/3/2024,2024-03-01,2025-11-09 07:06:39.639615,data/lms_loan_daily.csv,2024-03-01
CUS_0x8ac5_2024_02_01,CUS_0x8ac5,1/2/2024,10,1,10000,1000,1000,0,9000,1/3/2024,2024-03-01,2025-11-09 07:06:39.639615,data/lms_loan_daily.csv,2024-03-01
CUS_0x8ac8_2023_09_01,CUS_0x8ac8,1/9/2023,10,6,10000,1000,1000,0,4000,1/3/2024,2024-03-01,2025-11-09 07:06:39.639615,data/lms_loan_daily.csv,2024-03-01
CUS_0x8acd_2024_01_01,CUS_0x8acd,1/1/2024,10,2,10000,1000,1000,0,8000,1/3/2024,2024-03-01,2025-11-09 07:06:39.639615,data/lms_loan_daily.csv,2024-03-01
CUS_0x8acf_2023_05_01,CUS_0x8acf,1/5/2023,10,10,10000,1000,1000,0,0,1/3/2024,2024-03-01,2025-11-09 07:06:39.639615,data/lms_loan_daily.csv,2024-03-01
CUS_0x8ad9_2023_07_01,CUS_0x8ad9,1/7/2023,10,8,10000,1000,0,5000,7000,1/3/2024,2024-03-01,2025-11-09 07:06:39.639615,data/lms_loan_daily.csv,2024-03-01
CUS_0x8ae0_2023_06_01,CUS_0x8ae0,1/6/2023,10,9,10000,1000,0,5000,6000,1/3/2024,2024-03-01,2025-11-09 07:06:39.639615,data/lms_loan_daily.csv,2024-03-01
CUS_0x8ae5_2023_11_01,CUS_0x8ae5,1/11/2023,10,4,10000,1000,1000,0,6000,1/3/2024,2024-03-01,2025-11-09 07:06:39.639615,data/lms_loan_daily.csv,2024-03-01
CUS_0x8af0_2023_12_01,CUS_0x8af0,1/12/2023,10,3,10000,1000,0,1000,8000,1/3/2024,2024-03-01,2025-11-09 07:06:39.639615,data/lms_loan_daily.csv,2024-03-01
CUS_0x8af4_2023_06_01,CUS_0x8af4,1/6/2023,10,9,10000,1000,0,6000,7000,1/3/2024,2024-03-01,2025-11-09 07:06:39.639615,data/lms_loan_daily.csv,2024-03-01
CUS_0x8b09_2024_01_01,CUS_0x8b09,1/1/2024,10,2,10000,1000,1000,0,8000,1/3/2024,2024-03-01,2025-11-09 07:06:39.639615,data/lms_loan_daily.csv,2024-03-01
CUS_0x8b0c_2023_06_01,CUS_0x8b0c,1/6/2023,10,9,10000,1000,0,7000,8000,1/3/2024,2024-03-01,2025-11-09 07:06:39.639615,data/lms_loan_daily.csv,2024-03-01
CUS_0x8b11_2023_12_01,CUS_0x8b11,1/12/2023,10,3,10000,1000,1000,0,7000,1/3/2024,2024-03-01,2025-11-09 07:06:39.639615,data/lms_loan_daily.csv,2024-03-01
CUS_0x8b1f_2023_09_01,CUS_0x8b1f,1/9/2023,10,6,10000,1000,1000,0,4000,1/3/2024,2024-03-01,2025-11-09 07:06:39.639615,data/lms_loan_daily.csv,2024-03-01
CUS_0x8b26_2023_09_01,CUS_0x8b26,1/9/2023,10,6,10000,1000,0,5000,9000,1/3/2024,2024-03-01,2025-11-09 07:06:39.639615,data/lms_loan_daily.csv,2024-03-01
CUS_0x8b29_2023_07_01,CUS_0x8b29,1/7/2023,10,8,10000,1000,1000,0,2000,1/3/2024,2024-03-01,2025-11-09 07:06:39.639615,data/lms_loan_daily.csv,2024-03-01
CUS_0x8b2c_2023_11_01,CUS_0x8b2c,1/11/2023,10,4,10000,1000,0,1000,7000,1/3/2024,2024-03-01,2025-11-09 07:06:39.639615,data/lms_loan_daily.csv,2024-03-01
CUS_0x8b3_2023_08_01,CUS_0x8b3,1/8/2023,10,7,10000,1000,1000,0,3000,1/3/2024,2024-03-01,2025-11-09 07:06:39.639615,data/lms_loan_daily.csv,2024-03-01
CUS_0x8b3e_2024_03_01,CUS_0x8b3e,1/3/2024,10,0,10000,0,0,0,10000,1/3/2024,2024-03-01,2025-11-09 07:06:39.639615,data/lms_loan_daily.csv,2024-03-01
CUS_0x8b4_2023_09_01,CUS_0x8b4,1/9/2023,10,6,10000,1000,1000,0,4000,1/3/2024,2024-03-01,2025-11-09 07:06:39.639615,data/lms_loan_daily.csv,2024-03-01
CUS_0x8b44_2023_08_01,CUS_0x8b44,1/8/2023,10,7,10000,1000,0,7000,10000,1/3/2024,2024-03-01,2025-11-09 07:06:39.639615,data/lms_loan_daily.csv,2024-03-01
CUS_0x8b5f_2023_07_01,CUS_0x8b5f,1/7/2023,10,8,10000,1000,1000,0,2000,1/3/2024,2024-03-01,2025-11-09 07:06:39.639615,data/lms_loan_daily.csv,2024-03-01
CUS_0x8b6c_2024_03_01,CUS_0x8b6c,1/3/2024,10,0,10000,0,0,0,10000,1/3/2024,2024-03-01,2025-11-09 07:06:39.639615,data/lms_loan_daily.csv,2024-03-01
CUS_0x8b6f_2023_06_01,CUS_0x8b6f,1/6/2023,10,9,10000,1000,1000,0,1000,1/3/2024,2024-03-01,2025-11-09 07:06:39.639615,data/lms_loan_daily.csv,2024-03-01
CUS_0x8b74_2024_01_01,CUS_0x8b74,1/1/2024,10,2,10000,1000,1000,0,8000,1/3/2024,2024-03-01,2025-11-09 07:06:39.639615,data/lms_loan_daily.csv,2024-03-01
CUS_0x8b78_2023_08_01,CUS_0x8b78,1/8/2023,10,7,10000,1000,1000,0,3000,1/3/2024,2024-03-01,2025-11-09 07:06:39.639615,data/lms_loan_daily.csv,2024-03-01
CUS_0x8b7c_2023_09_01,CUS_0x8b7c,1/9/2023,10,6,10000,1000,1000,0,4000,1/3/2024,2024-03-01,2025-11-09 07:06:39.639615,data/lms_loan_daily.csv,2024-03-01
CUS_0x8b8_2024_02_01,CUS_0x8b8,1/2/2024,10,1,10000,1000,1000,0,9000,1/3/2024,2024-03-01,2025-11-09 07:06:39.639615,data/lms_loan_daily.csv,2024-03-01
CUS_0x8b8e_2023_06_01,CUS_0x8b8e,1/6/2023,10,9,10000,1000,1000,0,1000,1/3/2024,2024-03-01,2025-11-09 07:06:39.639615,data/lms_loan_daily.csv,2024-03-01
CUS_0x8b90_2023_09_01,CUS_0x8b90,1/9/2023,10,6,10000,1000,1000,0,4000,1/3/2024,2024-03-01,2025-11-09 07:06:39.639615,data/lms_loan_daily.csv,2024-03-01
CUS_0x8b91_2023_10_01,CUS_0x8b91,1/10/2023,10,5,10000,1000,1000,0,5000,1/3/2024,2024-03-01,2025-11-09 07:06:39.639615,data/lms_loan_daily.csv,2024-03-01
CUS_0x8b96_2024_03_01,CUS_0x8b96,1/3/2024,10,0,10000,0,0,0,10000,1/3/2024,2024-03-01,2025-11-09 07:06:39.639615,data/lms_loan_daily.csv,2024-03-01
CUS_0x8b99_2023_06_01,CUS_0x8b99,1/6/2023,10,9,10000,1000,1000,0,1000,1/3/2024,2024-03-01,2025-11-09 07:06:39.639615,data/lms_loan_daily.csv,2024-03-01
CUS_0x8b9a_2023_11_01,CUS_0x8b9a,1/11/2023,10,4,10000,1000,1000,0,6000,1/3/2024,2024-03-01,2025-11-09 07:06:39.639615,data/lms_loan_daily.csv,2024-03-01
CUS_0x8ba3_2023_05_01,CUS_0x8ba3,1/5/2023,10,10,10000,1000,0,7000,7000,1/3/2024,2024-03-01,2025-11-09 07:06:39.639615,data/lms_loan_daily.csv,2024-03-01
CUS_0x8ba4_2023_05_01,CUS_0x8ba4,1/5/2023,10,10,10000,1000,0,6000,6000,1/3/2024,2024-03-01,2025-11-09 07:06:39.639615,data/lms_loan_daily.csv,2024-03-01
CUS_0x8bb3_2023_08_01,CUS_0x8bb3,1/8/2023,10,7,10000,1000,1000,0,3000,1/3/2024,2024-03-01,2025-11-09 07:06:39.639615,data/lms_loan_daily.csv,2024-03-01
CUS_0x8bb9_2023_08_01,CUS_0x8bb9,1/8/2023,10,7,10000,1000,1000,0,3000,1/3/2024,2024-03-01,2025-11-09 07:06:39.639615,data/lms_loan_daily.csv,2024-03-01
CUS_0x8bbd_2024_01_01,CUS_0x8bbd,1/1/2024,10,2,10000,1000,1000,0,8000,1/3/2024,2024-03-01,2025-11-09 07:06:39.639615,data/lms_loan_daily.csv,2024-03-01
CUS_0x8bc6_2023_09_01,CUS_0x8bc6,1/9/2023,10,6,10000,1000,0,5000,9000,1/3/2024,2024-03-01,2025-11-09 07:06:39.639615,data/lms_loan_daily.csv,2024-03-01
CUS_0x8bcc_2023_05_01,CUS_0x8bcc,1/5/2023,10,10,10000,1000,1000,0,0,1/3/2024,2024-03-01,2025-11-09 07:06:39.639615,data/lms_loan_daily.csv,2024-03-01
CUS_0x8bce_2023_11_01,CUS_0x8bce,1/11/2023,10,4,10000,1000,1000,0,6000,1/3/2024,2024-03-01,2025-11-09 07:06:39.639615,data/lms_loan_daily.csv,2024-03-01
CUS_0x8bd2_2023_10_01,CUS_0x8bd2,1/10/2023,10,5,10000,1000,1000,0,5000,1/3/2024,2024-03-01,2025-11-09 07:06:39.639615,data/lms_loan_daily.csv,2024-03-01
CUS_0x8bd3_2023_10_01,CUS_0x8bd3,1/10/2023,10,5,10000,1000,0,2000,7000,1/3/2024,2024-03-01,2025-11-09 07:06:39.639615,data/lms_loan_daily.csv,2024-03-01
CUS_0x8bd6_2023_07_01,CUS_0x8bd6,1/7/2023,10,8,10000,1000,0,5000,7000,1/3/2024,2024-03-01,2025-11-09 07:06:39.639615,data/lms_loan_daily.csv,2024-03-01
CUS_0x8bda_2023_10_01,CUS_0x8bda,1/10/2023,10,5,10000,1000,1000,0,5000,1/3/2024,2024-03-01,2025-11-09 07:06:39.639615,data/lms_loan_daily.csv,2024-03-01
CUS_0x8bf2_2023_09_01,CUS_0x8bf2,1/9/2023,10,6,10000,1000,0,4000,8000,1/3/2024,2024-03-01,2025-11-09 07:06:39.639615,data/lms_loan_daily.csv,2024-03-01
CUS_0x8bf3_2024_03_01,CUS_0x8bf3,1/3/2024,10,0,10000,0,0,0,10000,1/3/2024,2024-03-01,2025-11-09 07:06:39.639615,data/lms_loan_daily.csv,2024-03-01
CUS_0x8bfe_2023_05_01,CUS_0x8bfe,1/5/2023,10,10,10000,1000,0,8000,8000,1/3/2024,2024-03-01,2025-11-09 07:06:39.639615,data/lms_loan_daily.csv,2024-03-01
CUS_0x8c03_2024_02_01,CUS_0x8c03,1/2/2024,10,1,10000,1000,1000,0,9000,1/3/2024,2024-03-01,2025-11-09 07:06:39.639615,data/lms_loan_daily.csv,2024-03-01
CUS_0x8c1_2023_06_01,CUS_0x8c1,1/6/2023,10,9,10000,1000,1000,0,1000,1/3/2024,2024-03-01,2025-11-09 07:06:39.639615,data/lms_loan_daily.csv,2024-03-01
CUS_0x8c1d_2023_11_01,CUS_0x8c1d,1/11/2023,10,4,10000,1000,4000,0,6000,1/3/2024,2024-03-01,2025-11-09 07:06:39.639615,data/lms_loan_daily.csv,2024-03-01
CUS_0x8c2d_2024_02_01,CUS_0x8c2d,1/2/2024,10,1,10000,1000,1000,0,9000,1/3/2024,2024-03-01,2025-11-09 07:06:39.639615,data/lms_loan_daily.csv,2024-03-01
CUS_0x8c3_2024_01_01,CUS_0x8c3,1/1/2024,10,2,10000,1000,0,1000,9000,1/3/2024,2024-03-01,2025-11-09 07:06:39.639615,data/lms_loan_daily.csv,2024-03-01
CUS_0x8c36_2024_03_01,CUS_0x8c36,1/3/2024,10,0,10000,0,0,0,10000,1/3/2024,2024-03-01,2025-11-09 07:06:39.639615,data/lms_loan_daily.csv,2024-03-01
CUS_0x8c47_2023_12_01,CUS_0x8c47,1/12/2023,10,3,10000,1000,0,3000,10000,1/3/2024,2024-03-01,2025-11-09 07:06:39.639615,data/lms_loan_daily.csv,2024-03-01
CUS_0x8c52_2023_06_01,CUS_0x8c52,1/6/2023,10,9,10000,1000,1000,0,1000,1/3/2024,2024-03-01,2025-11-09 07:06:39.639615,data/lms_loan_daily.csv,2024-03-01
CUS_0x8c5a_2023_07_01,CUS_0x8c5a,1/7/2023,10,8,10000,1000,0,5000,7000,1/3/2024,2024-03-01,2025-11-09 07:06:39.639615,data/lms_loan_daily.csv,2024-03-01
CUS_0x8c69_2024_01_01,CUS_0x8c69,1/1/2024,10,2,10000,1000,1000,0,8000,1/3/2024,2024-03-01,2025-11-09 07:06:39.639615,data/lms_loan_daily.csv,2024-03-01
CUS_0x8c76_2024_02_01,CUS_0x8c76,1/2/2024,10,1,10000,1000,1000,0,9000,1/3/2024,2024-03-01,2025-11-09 07:06:39.639615,data/lms_loan_daily.csv,2024-03-01
CUS_0x8c77_2024_01_01,CUS_0x8c77,1/1/2024,10,2,10000,1000,1000,0,8000,1/3/2024,2024-03-01,2025-11-09 07:06:39.639615,data/lms_loan_daily.csv,2024-03-01
CUS_0x8c7b_2023_12_01,CUS_0x8c7b,1/12/2023,10,3,10000,1000,0,1000,8000,1/3/2024,2024-03-01,2025-11-09 07:06:39.639615,data/lms_loan_daily.csv,2024-03-01
CUS_0x8c7c_2023_10_01,CUS_0x8c7c,1/10/2023,10,5,10000,1000,1000,0,5000,1/3/2024,2024-03-01,2025-11-09 07:06:39.639615,data/lms_loan_daily.csv,2024-03-01
CUS_0x8c88_2024_01_01,CUS_0x8c88,1/1/2024,10,2,10000,1000,1000,0,8000,1/3/2024,2024-03-01,2025-11-09 07:06:39.639615,data/lms_loan_daily.csv,2024-03-01
CUS_0x8c8a_2023_09_01,CUS_0x8c8a,1/9/2023,10,6,10000,1000,0,3000,7000,1/3/2024,2024-03-01,2025-11-09 07:06:39.639615,data/lms_loan_daily.csv,2024-03-01
CUS_0x8c8d_2023_08_01,CUS_0x8c8d,1/8/2023,10,7,10000,1000,0,6000,9000,1/3/2024,2024-03-01,2025-11-09 07:06:39.639615,data/lms_loan_daily.csv,2024-03-01
CUS_0x8c90_2023_09_01,CUS_0x8c90,1/9/2023,10,6,10000,1000,1000,0,4000,1/3/2024,2024-03-01,2025-11-09 07:06:39.639615,data/lms_loan_daily.csv,2024-03-01
CUS_0x8ca_2023_08_01,CUS_0x8ca,1/8/2023,10,7,10000,1000,1000,0,3000,1/3/2024,2024-03-01,2025-11-09 07:06:39.639615,data/lms_loan_daily.csv,2024-03-01
CUS_0x8ca7_2024_03_01,CUS_0x8ca7,1/3/2024,10,0,10000,0,0,0,10000,1/3/2024,2024-03-01,2025-11-09 07:06:39.639615,data/lms_loan_daily.csv,2024-03-01
CUS_0x8cc1_2023_06_01,CUS_0x8cc1,1/6/2023,10,9,10000,1000,0,5000,6000,1/3/2024,2024-03-01,2025-11-09 07:06:39.639615,data/lms_loan_daily.csv,2024-03-01
CUS_0x8cc5_2024_01_01,CUS_0x8cc5,1/1/2024,10,2,10000,1000,1000,0,8000,1/3/2024,2024-03-01,2025-11-09 07:06:39.639615,data/lms_loan_daily.csv,2024-03-01
CUS_0x8cc9_2023_09_01,CUS_0x8cc9,1/9/2023,10,6,10000,1000,1000,0,4000,1/3/2024,2024-03-01,2025-11-09 07:06:39.639615,data/lms_loan_daily.csv,2024-03-01
CUS_0x8cce_2023_05_01,CUS_0x8cce,1/5/2023,10,10,10000,1000,1000,0,0,1/3/2024,2024-03-01,2025-11-09 07:06:39.639615,data/lms_loan_daily.csv,2024-03-01
CUS_0x8cd_2023_05_01,CUS_0x8cd,1/5/2023,10,10,10000,1000,1000,0,0,1/3/2024,2024-03-01,2025-11-09 07:06:39.639615,data/lms_loan_daily.csv,2024-03-01
CUS_0x8cd0_2023_05_01,CUS_0x8cd0,1/5/2023,10,10,10000,1000,0,8000,8000,1/3/2024,2024-03-01,2025-11-09 07:06:39.639615,data/lms_loan_daily.csv,2024-03-01
CUS_0x8cd2_2023_08_01,CUS_0x8cd2,1/8/2023,10,7,10000,1000,1000,0,3000,1/3/2024,2024-03-01,2025-11-09 07:06:39.639615,data/lms_loan_daily.csv,2024-03-01
CUS_0x8cd4_2024_02_01,CUS_0x8cd4,1/2/2024,10,1,10000,1000,1000,0,9000,1/3/2024,2024-03-01,2025-11-09 07:06:39.639615,data/lms_loan_daily.csv,2024-03-01
CUS_0x8cdf_2023_09_01,CUS_0x8cdf,1/9/2023,10,6,10000,1000,1000,0,4000,1/3/2024,2024-03-01,2025-11-09 07:06:39.639615,data/lms_loan_daily.csv,2024-03-01
CUS_0x8ce_2023_07_01,CUS_0x8ce,1/7/2023,10,8,10000,1000,1000,0,2000,1/3/2024,2024-03-01,2025-11-09 07:06:39.639615,data/lms_loan_daily.csv,2024-03-01
CUS_0x8ce4_2023_09_01,CUS_0x8ce4,1/9/2023,10,6,10000,1000,0,4000,8000,1/3/2024,2024-03-01,2025-11-09 07:06:39.639615,data/lms_loan_daily.csv,2024-03-01
CUS_0x8cf6_2023_08_01,CUS_0x8cf6,1/8/2023,10,7,10000,1000,1000,0,3000,1/3/2024,2024-03-01,2025-11-09 07:06:39.639615,data/lms_loan_daily.csv,2024-03-01
CUS_0x8cf9_2023_12_01,CUS_0x8cf9,1/12/2023,10,3,10000,1000,1000,0,7000,1/3/2024,2024-03-01,2025-11-09 07:06:39.639615,data/lms_loan_daily.csv,2024-03-01
CUS_0x8cff_2023_06_01,CUS_0x8cff,1/6/2023,10,9,10000,1000,0,7000,8000,1/3/2024,2024-03-01,2025-11-09 07:06:39.639615,data/lms_loan_daily.csv,2024-03-01
CUS_0x8d02_2023_05_01,CUS_0x8d02,1/5/2023,10,10,10000,1000,0,7000,7000,1/3/2024,2024-03-01,2025-11-09 07:06:39.639615,data/lms_loan_daily.csv,2024-03-01
CUS_0x8d04_2023_09_01,CUS_0x8d04,1/9/2023,10,6,10000,1000,1000,0,4000,1/3/2024,2024-03-01,2025-11-09 07:06:39.639615,data/lms_loan_daily.csv,2024-03-01
CUS_0x8d0f_2023_08_01,CUS_0x8d0f,1/8/2023,10,7,10000,1000,1000,0,3000,1/3/2024,2024-03-01,2025-11-09 07:06:39.639615,data/lms_loan_daily.csv,2024-03-01
CUS_0x8d12_2023_12_01,CUS_0x8d12,1/12/2023,10,3,10000,1000,1000,0,7000,1/3/2024,2024-03-01,2025-11-09 07:06:39.639615,data/lms_loan_daily.csv,2024-03-01
CUS_0x8d16_2024_01_01,CUS_0x8d16,1/1/2024,10,2,10000,1000,1000,0,8000,1/3/2024,2024-03-01,2025-11-09 07:06:39.639615,data/lms_loan_daily.csv,2024-03-01
CUS_0x8d17_2023_09_01,CUS_0x8d17,1/9/2023,10,6,10000,1000,1000,0,4000,1/3/2024,2024-03-01,2025-11-09 07:06:39.639615,data/lms_loan_daily.csv,2024-03-01
CUS_0x8d19_2024_03_01,CUS_0x8d19,1/3/2024,10,0,10000,0,0,0,10000,1/3/2024,2024-03-01,2025-11-09 07:06:39.639615,data/lms_loan_daily.csv,2024-03-01
CUS_0x8d2b_2023_09_01,CUS_0x8d2b,1/9/2023,10,6,10000,1000,0,5000,9000,1/3/2024,2024-03-01,2025-11-09 07:06:39.639615,data/lms_loan_daily.csv,2024-03-01
CUS_0x8d38_2023_09_01,CUS_0x8d38,1/9/2023,10,6,10000,1000,1000,0,4000,1/3/2024,2024-03-01,2025-11-09 07:06:39.639615,data/lms_loan_daily.csv,2024-03-01
CUS_0x8d60_2023_09_01,CUS_0x8d60,1/9/2023,10,6,10000,1000,0,3000,7000,1/3/2024,2024-03-01,2025-11-09 07:06:39.639615,data/lms_loan_daily.csv,2024-03-01
CUS_0x8d74_2023_09_01,CUS_0x8d74,1/9/2023,10,6,10000,1000,1000,0,4000,1/3/2024,2024-03-01,2025-11-09 07:06:39.639615,data/lms_loan_daily.csv,2024-03-01
CUS_0x8d7b_2023_12_01,CUS_0x8d7b,1/12/2023,10,3,10000,1000,1000,0,7000,1/3/2024,2024-03-01,2025-11-09 07:06:39.639615,data/lms_loan_daily.csv,2024-03-01
CUS_0x8d84_2023_10_01,CUS_0x8d84,1/10/2023,10,5,10000,1000,0,2000,7000,1/3/2024,2024-03-01,2025-11-09 07:06:39.639615,data/lms_loan_daily.csv,2024-03-01
CUS_0x8d91_2023_12_01,CUS_0x8d91,1/12/2023,10,3,10000,1000,0,1000,8000,1/3/2024,2024-03-01,2025-11-09 07:06:39.639615,data/lms_loan_daily.csv,2024-03-01
CUS_0x8d96_2023_11_01,CUS_0x8d96,1/11/2023,10,4,10000,1000,0,2000,8000,1/3/2024,2024-03-01,2025-11-09 07:06:39.639615,data/lms_loan_daily.csv,2024-03-01
CUS_0x8d9a_2023_12_01,CUS_0x8d9a,1/12/2023,10,3,10000,1000,1000,0,7000,1/3/2024,2024-03-01,2025-11-09 07:06:39.639615,data/lms_loan_daily.csv,2024-03-01
CUS_0x8da1_2024_02_01,CUS_0x8da1,1/2/2024,10,1,10000,1000,1000,0,9000,1/3/2024,2024-03-01,2025-11-09 07:06:39.639615,data/lms_loan_daily.csv,2024-03-01
CUS_0x8da2_2024_01_01,CUS_0x8da2,1/1/2024,10,2,10000,1000,1000,0,8000,1/3/2024,2024-03-01,2025-11-09 07:06:39.639615,data/lms_loan_daily.csv,2024-03-01
CUS_0x8da5_2023_10_01,CUS_0x8da5,1/10/2023,10,5,10000,1000,1000,0,5000,1/3/2024,2024-03-01,2025-11-09 07:06:39.639615,data/lms_loan_daily.csv,2024-03-01
CUS_0x8da8_2024_03_01,CUS_0x8da8,1/3/2024,10,0,10000,0,0,0,10000,1/3/2024,2024-03-01,2025-11-09 07:06:39.639615,data/lms_loan_daily.csv,2024-03-01
CUS_0x8da9_2023_09_01,CUS_0x8da9,1/9/2023,10,6,10000,1000,1000,0,4000,1/3/2024,2024-03-01,2025-11-09 07:06:39.639615,data/lms_loan_daily.csv,2024-03-01
CUS_0x8dbe_2023_12_01,CUS_0x8dbe,1/12/2023,10,3,10000,1000,1000,0,7000,1/3/2024,2024-03-01,2025-11-09 07:06:39.639615,data/lms_loan_daily.csv,2024-03-01
CUS_0x8dc0_2023_05_01,CUS_0x8dc0,1/5/2023,10,10,10000,1000,0,7000,7000,1/3/2024,2024-03-01,2025-11-09 07:06:39.639615,data/lms_loan_daily.csv,2024-03-01
CUS_0x8dc4_2023_12_01,CUS_0x8dc4,1/12/2023,10,3,10000,1000,0,1000,8000,1/3/2024,2024-03-01,2025-11-09 07:06:39.639615,data/lms_loan_daily.csv,2024-03-01
CUS_0x8dfa_2023_05_01,CUS_0x8dfa,1/5/2023,10,10,10000,1000,0,6000,6000,1/3/2024,2024-03-01,2025-11-09 07:06:39.639615,data/lms_loan_daily.csv,2024-03-01
CUS_0x8dfe_2024_03_01,CUS_0x8dfe,1/3/2024,10,0,10000,0,0,0,10000,1/3/2024,2024-03-01,2025-11-09 07:06:39.639615,data/lms_loan_daily.csv,2024-03-01
CUS_0x8e1a_2023_10_01,CUS_0x8e1a,1/10/2023,10,5,10000,1000,1000,0,5000,1/3/2024,2024-03-01,2025-11-09 07:06:39.639615,data/lms_loan_daily.csv,2024-03-01
CUS_0x8e28_2023_11_01,CUS_0x8e28,1/11/2023,10,4,10000,1000,1000,0,6000,1/3/2024,2024-03-01,2025-11-09 07:06:39.639615,data/lms_loan_daily.csv,2024-03-01
CUS_0x8e3_2024_02_01,CUS_0x8e3,1/2/2024,10,1,10000,1000,1000,0,9000,1/3/2024,2024-03-01,2025-11-09 07:06:39.639615,data/lms_loan_daily.csv,2024-03-01
CUS_0x8e38_2024_01_01,CUS_0x8e38,1/1/2024,10,2,10000,1000,1000,0,8000,1/3/2024,2024-03-01,2025-11-09 07:06:39.639615,data/lms_loan_daily.csv,2024-03-01
CUS_0x8e48_2024_03_01,CUS_0x8e48,1/3/2024,10,0,10000,0,0,0,10000,1/3/2024,2024-03-01,2025-11-09 07:06:39.639615,data/lms_loan_daily.csv,2024-03-01
CUS_0x8e4e_2024_02_01,CUS_0x8e4e,1/2/2024,10,1,10000,1000,1000,0,9000,1/3/2024,2024-03-01,2025-11-09 07:06:39.639615,data/lms_loan_daily.csv,2024-03-01
CUS_0x8e53_2023_09_01,CUS_0x8e53,1/9/2023,10,6,10000,1000,0,2000,6000,1/3/2024,2024-03-01,2025-11-09 07:06:39.639615,data/lms_loan_daily.csv,2024-03-01
CUS_0x8e5f_2024_01_01,CUS_0x8e5f,1/1/2024,10,2,10000,1000,1000,0,8000,1/3/2024,2024-03-01,2025-11-09 07:06:39.639615,data/lms_loan_daily.csv,2024-03-01
CUS_0x8e65_2024_01_01,CUS_0x8e65,1/1/2024,10,2,10000,1000,1000,0,8000,1/3/2024,2024-03-01,2025-11-09 07:06:39.639615,data/lms_loan_daily.csv,2024-03-01
CUS_0x8e70_2024_02_01,CUS_0x8e70,1/2/2024,10,1,10000,1000,1000,0,9000,1/3/2024,2024-03-01,2025-11-09 07:06:39.639615,data/lms_loan_daily.csv,2024-03-01
CUS_0x8e71_2023_12_01,CUS_0x8e71,1/12/2023,10,3,10000,1000,1000,0,7000,1/3/2024,2024-03-01,2025-11-09 07:06:39.639615,data/lms_loan_daily.csv,2024-03-01
CUS_0x8e75_2023_11_01,CUS_0x8e75,1/11/2023,10,4,10000,1000,0,1000,7000,1/3/2024,2024-03-01,2025-11-09 07:06:39.639615,data/lms_loan_daily.csv,2024-03-01
CUS_0x8e7d_2023_11_01,CUS_0x8e7d,1/11/2023,10,4,10000,1000,1000,0,6000,1/3/2024,2024-03-01,2025-11-09 07:06:39.639615,data/lms_loan_daily.csv,2024-03-01
CUS_0x8e7f_2023_09_01,CUS_0x8e7f,1/9/2023,10,6,10000,1000,1000,0,4000,1/3/2024,2024-03-01,2025-11-09 07:06:39.639615,data/lms_loan_daily.csv,2024-03-01
CUS_0x8e8_2024_03_01,CUS_0x8e8,1/3/2024,10,0,10000,0,0,0,10000,1/3/2024,2024-03-01,2025-11-09 07:06:39.639615,data/lms_loan_daily.csv,2024-03-01
CUS_0x8e80_2023_06_01,CUS_0x8e80,1/6/2023,10,9,10000,1000,1000,0,1000,1/3/2024,2024-03-01,2025-11-09 07:06:39.639615,data/lms_loan_daily.csv,2024-03-01
CUS_0x8e8b_2024_02_01,CUS_0x8e8b,1/2/2024,10,1,10000,1000,1000,0,9000,1/3/2024,2024-03-01,2025-11-09 07:06:39.639615,data/lms_loan_daily.csv,2024-03-01
CUS_0x8e94_2023_11_01,CUS_0x8e94,1/11/2023,10,4,10000,1000,1000,0,6000,1/3/2024,2024-03-01,2025-11-09 07:06:39.639615,data/lms_loan_daily.csv,2024-03-01
CUS_0x8e96_2023_06_01,CUS_0x8e96,1/6/2023,10,9,10000,1000,0,6000,7000,1/3/2024,2024-03-01,2025-11-09 07:06:39.639615,data/lms_loan_daily.csv,2024-03-01
CUS_0x8ea_2024_03_01,CUS_0x8ea,1/3/2024,10,0,10000,0,0,0,10000,1/3/2024,2024-03-01,2025-11-09 07:06:39.639615,data/lms_loan_daily.csv,2024-03-01
CUS_0x8ea5_2024_02_01,CUS_0x8ea5,1/2/2024,10,1,10000,1000,1000,0,9000,1/3/2024,2024-03-01,2025-11-09 07:06:39.639615,data/lms_loan_daily.csv,2024-03-01
CUS_0x8ea8_2023_06_01,CUS_0x8ea8,1/6/2023,10,9,10000,1000,1000,0,1000,1/3/2024,2024-03-01,2025-11-09 07:06:39.639615,data/lms_loan_daily.csv,2024-03-01
CUS_0x8eaa_2023_09_01,CUS_0x8eaa,1/9/2023,10,6,10000,1000,0,4000,8000,1/3/2024,2024-03-01,2025-11-09 07:06:39.639615,data/lms_loan_daily.csv,2024-03-01
CUS_0x8eb2_2024_02_01,CUS_0x8eb2,1/2/2024,10,1,10000,1000,1000,0,9000,1/3/2024,2024-03-01,2025-11-09 07:06:39.639615,data/lms_loan_daily.csv,2024-03-01
CUS_0x8ebd_2024_03_01,CUS_0x8ebd,1/3/2024,10,0,10000,0,0,0,10000,1/3/2024,2024-03-01,2025-11-09 07:06:39.639615,data/lms_loan_daily.csv,2024-03-01
CUS_0x8ec5_2024_02_01,CUS_0x8ec5,1/2/2024,10,1,10000,1000,1000,0,9000,1/3/2024,2024-03-01,2025-11-09 07:06:39.639615,data/lms_loan_daily.csv,2024-03-01
CUS_0x8ecf_2023_05_01,CUS_0x8ecf,1/5/2023,10,10,10000,1000,0,9000,9000,1/3/2024,2024-03-01,2025-11-09 07:06:39.639615,data/lms_loan_daily.csv,2024-03-01
CUS_0x8ed4_2023_07_01,CUS_0x8ed4,1/7/2023,10,8,10000,1000,1000,0,2000,1/3/2024,2024-03-01,2025-11-09 07:06:39.639615,data/lms_loan_daily.csv,2024-03-01
CUS_0x8ed5_2024_03_01,CUS_0x8ed5,1/3/2024,10,0,10000,0,0,0,10000,1/3/2024,2024-03-01,2025-11-09 07:06:39.639615,data/lms_loan_daily.csv,2024-03-01
CUS_0x8ede_2023_08_01,CUS_0x8ede,1/8/2023,10,7,10000,1000,0,4000,7000,1/3/2024,2024-03-01,2025-11-09 07:06:39.639615,data/lms_loan_daily.csv,2024-03-01
CUS_0x8ee1_2023_12_01,CUS_0x8ee1,1/12/2023,10,3,10000,1000,1000,0,7000,1/3/2024,2024-03-01,2025-11-09 07:06:39.639615,data/lms_loan_daily.csv,2024-03-01
CUS_0x8ee3_2023_12_01,CUS_0x8ee3,1/12/2023,10,3,10000,1000,1000,0,7000,1/3/2024,2024-03-01,2025-11-09 07:06:39.639615,data/lms_loan_daily.csv,2024-03-01
CUS_0x8efa_2024_03_01,CUS_0x8efa,1/3/2024,10,0,10000,0,0,0,10000,1/3/2024,2024-03-01,2025-11-09 07:06:39.639615,data/lms_loan_daily.csv,2024-03-01
CUS_0x8f0c_2023_05_01,CUS_0x8f0c,1/5/2023,10,10,10000,1000,1000,0,0,1/3/2024,2024-03-01,2025-11-09 07:06:39.639615,data/lms_loan_daily.csv,2024-03-01
CUS_0x8f17_2024_03_01,CUS_0x8f17,1/3/2024,10,0,10000,0,0,0,10000,1/3/2024,2024-03-01,2025-11-09 07:06:39.639615,data/lms_loan_daily.csv,2024-03-01
CUS_0x8f19_2023_10_01,CUS_0x8f19,1/10/2023,10,5,10000,1000,0,2000,7000,1/3/2024,2024-03-01,2025-11-09 07:06:39.639615,data/lms_loan_daily.csv,2024-03-01
CUS_0x8f20_2023_12_01,CUS_0x8f20,1/12/2023,10,3,10000,1000,1000,0,7000,1/3/2024,2024-03-01,2025-11-09 07:06:39.639615,data/lms_loan_daily.csv,2024-03-01
CUS_0x8f23_2023_08_01,CUS_0x8f23,1/8/2023,10,7,10000,1000,1000,0,3000,1/3/2024,2024-03-01,2025-11-09 07:06:39.639615,data/lms_loan_daily.csv,2024-03-01
CUS_0x8f25_2023_07_01,CUS_0x8f25,1/7/2023,10,8,10000,1000,0,5000,7000,1/3/2024,2024-03-01,2025-11-09 07:06:39.639615,data/lms_loan_daily.csv,2024-03-01
CUS_0x8f3a_2024_02_01,CUS_0x8f3a,1/2/2024,10,1,10000,1000,1000,0,9000,1/3/2024,2024-03-01,2025-11-09 07:06:39.639615,data/lms_loan_daily.csv,2024-03-01
CUS_0x8f4_2023_06_01,CUS_0x8f4,1/6/2023,10,9,10000,1000,1000,0,1000,1/3/2024,2024-03-01,2025-11-09 07:06:39.639615,data/lms_loan_daily.csv,2024-03-01
CUS_0x8f45_2023_07_01,CUS_0x8f45,1/7/2023,10,8,10000,1000,1000,0,2000,1/3/2024,2024-03-01,2025-11-09 07:06:39.639615,data/lms_loan_daily.csv,2024-03-01
CUS_0x8f4f_2023_12_01,CUS_0x8f4f,1/12/2023,10,3,10000,1000,0,2000,9000,1/3/2024,2024-03-01,2025-11-09 07:06:39.639615,data/lms_loan_daily.csv,2024-03-01
CUS_0x8f59_2023_09_01,CUS_0x8f59,1/9/2023,10,6,10000,1000,0,3000,7000,1/3/2024,2024-03-01,2025-11-09 07:06:39.639615,data/lms_loan_daily.csv,2024-03-01
CUS_0x8f63_2023_06_01,CUS_0x8f63,1/6/2023,10,9,10000,1000,1000,0,1000,1/3/2024,2024-03-01,2025-11-09 07:06:39.639615,data/lms_loan_daily.csv,2024-03-01
CUS_0x8f65_2023_08_01,CUS_0x8f65,1/8/2023,10,7,10000,1000,1000,0,3000,1/3/2024,2024-03-01,2025-11-09 07:06:39.639615,data/lms_loan_daily.csv,2024-03-01
CUS_0x8f6f_2023_06_01,CUS_0x8f6f,1/6/2023,10,9,10000,1000,1000,0,1000,1/3/2024,2024-03-01,2025-11-09 07:06:39.639615,data/lms_loan_daily.csv,2024-03-01
CUS_0x8f70_2024_01_01,CUS_0x8f70,1/1/2024,10,2,10000,1000,1000,0,8000,1/3/2024,2024-03-01,2025-11-09 07:06:39.639615,data/lms_loan_daily.csv,2024-03-01
CUS_0x8f84_2023_11_01,CUS_0x8f84,1/11/2023,10,4,10000,1000,1000,0,6000,1/3/2024,2024-03-01,2025-11-09 07:06:39.639615,data/lms_loan_daily.csv,2024-03-01
CUS_0x8f86_2023_10_01,CUS_0x8f86,1/10/2023,10,5,10000,1000,0,2000,7000,1/3/2024,2024-03-01,2025-11-09 07:06:39.639615,data/lms_loan_daily.csv,2024-03-01
CUS_0x8f8f_2023_06_01,CUS_0x8f8f,1/6/2023,10,9,10000,1000,1000,0,1000,1/3/2024,2024-03-01,2025-11-09 07:06:39.639615,data/lms_loan_daily.csv,2024-03-01
CUS_0x8f9a_2023_09_01,CUS_0x8f9a,1/9/2023,10,6,10000,1000,1000,0,4000,1/3/2024,2024-03-01,2025-11-09 07:06:39.639615,data/lms_loan_daily.csv,2024-03-01
CUS_0x8f9e_2023_06_01,CUS_0x8f9e,1/6/2023,10,9,10000,1000,1000,0,1000,1/3/2024,2024-03-01,2025-11-09 07:06:39.639615,data/lms_loan_daily.csv,2024-03-01
CUS_0x8fa_2023_07_01,CUS_0x8fa,1/7/2023,10,8,10000,1000,1000,0,2000,1/3/2024,2024-03-01,2025-11-09 07:06:39.639615,data/lms_loan_daily.csv,2024-03-01
CUS_0x8fa0_2023_05_01,CUS_0x8fa0,1/5/2023,10,10,10000,1000,1000,0,0,1/3/2024,2024-03-01,2025-11-09 07:06:39.639615,data/lms_loan_daily.csv,2024-03-01
CUS_0x8fa7_2023_09_01,CUS_0x8fa7,1/9/2023,10,6,10000,1000,1000,0,4000,1/3/2024,2024-03-01,2025-11-09 07:06:39.639615,data/lms_loan_daily.csv,2024-03-01
CUS_0x8fa9_2023_12_01,CUS_0x8fa9,1/12/2023,10,3,10000,1000,0,1000,8000,1/3/2024,2024-03-01,2025-11-09 07:06:39.639615,data/lms_loan_daily.csv,2024-03-01
CUS_0x8fac_2023_09_01,CUS_0x8fac,1/9/2023,10,6,10000,1000,1000,0,4000,1/3/2024,2024-03-01,2025-11-09 07:06:39.639615,data/lms_loan_daily.csv,2024-03-01
CUS_0x8fd9_2023_10_01,CUS_0x8fd9,1/10/2023,10,5,10000,1000,0,2000,7000,1/3/2024,2024-03-01,2025-11-09 07:06:39.639615,data/lms_loan_daily.csv,2024-03-01
CUS_0x8fdd_2023_07_01,CUS_0x8fdd,1/7/2023,10,8,10000,1000,1000,0,2000,1/3/2024,2024-03-01,2025-11-09 07:06:39.639615,data/lms_loan_daily.csv,2024-03-01
CUS_0x8fdf_2023_05_01,CUS_0x8fdf,1/5/2023,10,10,10000,1000,1000,0,0,1/3/2024,2024-03-01,2025-11-09 07:06:39.639615,data/lms_loan_daily.csv,2024-03-01
CUS_0x8fe6_2024_01_01,CUS_0x8fe6,1/1/2024,10,2,10000,1000,1000,0,8000,1/3/2024,2024-03-01,2025-11-09 07:06:39.639615,data/lms_loan_daily.csv,2024-03-01
CUS_0x8fea_2023_05_01,CUS_0x8fea,1/5/2023,10,10,10000,1000,1000,0,0,1/3/2024,2024-03-01,2025-11-09 07:06:39.639615,data/lms_loan_daily.csv,2024-03-01
CUS_0x8fee_2023_12_01,CUS_0x8fee,1/12/2023,10,3,10000,1000,1000,0,7000,1/3/2024,2024-03-01,2025-11-09 07:06:39.639615,data/lms_loan_daily.csv,2024-03-01
CUS_0x8ff4_2024_01_01,CUS_0x8ff4,1/1/2024,10,2,10000,1000,1000,0,8000,1/3/2024,2024-03-01,2025-11-09 07:06:39.639615,data/lms_loan_daily.csv,2024-03-01
CUS_0x9002_2024_02_01,CUS_0x9002,1/2/2024,10,1,10000,1000,1000,0,9000,1/3/2024,2024-03-01,2025-11-09 07:06:39.639615,data/lms_loan_daily.csv,2024-03-01
CUS_0x9027_2023_10_01,CUS_0x9027,1/10/2023,10,5,10000,1000,1000,0,5000,1/3/2024,2024-03-01,2025-11-09 07:06:39.639615,data/lms_loan_daily.csv,2024-03-01
CUS_0x902d_2023_09_01,CUS_0x902d,1/9/2023,10,6,10000,1000,1000,0,4000,1/3/2024,2024-03-01,2025-11-09 07:06:39.639615,data/lms_loan_daily.csv,2024-03-01
CUS_0x9038_2023_10_01,CUS_0x9038,1/10/2023,10,5,10000,1000,1000,0,5000,1/3/2024,2024-03-01,2025-11-09 07:06:39.639615,data/lms_loan_daily.csv,2024-03-01
CUS_0x903b_2023_11_01,CUS_0x903b,1/11/2023,10,4,10000,1000,1000,0,6000,1/3/2024,2024-03-01,2025-11-09 07:06:39.639615,data/lms_loan_daily.csv,2024-03-01
CUS_0x903f_2023_05_01,CUS_0x903f,1/5/2023,10,10,10000,1000,1000,0,0,1/3/2024,2024-03-01,2025-11-09 07:06:39.639615,data/lms_loan_daily.csv,2024-03-01
CUS_0x904_2023_09_01,CUS_0x904,1/9/2023,10,6,10000,1000,0,3000,7000,1/3/2024,2024-03-01,2025-11-09 07:06:39.639615,data/lms_loan_daily.csv,2024-03-01
CUS_0x9046_2024_03_01,CUS_0x9046,1/3/2024,10,0,10000,0,0,0,10000,1/3/2024,2024-03-01,2025-11-09 07:06:39.639615,data/lms_loan_daily.csv,2024-03-01
CUS_0x905_2024_01_01,CUS_0x905,1/1/2024,10,2,10000,1000,1000,0,8000,1/3/2024,2024-03-01,2025-11-09 07:06:39.639615,data/lms_loan_daily.csv,2024-03-01
CUS_0x9051_2023_08_01,CUS_0x9051,1/8/2023,10,7,10000,1000,1000,0,3000,1/3/2024,2024-03-01,2025-11-09 07:06:39.639615,data/lms_loan_daily.csv,2024-03-01
CUS_0x9053_2024_02_01,CUS_0x9053,1/2/2024,10,1,10000,1000,1000,0,9000,1/3/2024,2024-03-01,2025-11-09 07:06:39.639615,data/lms_loan_daily.csv,2024-03-01
CUS_0x905e_2023_05_01,CUS_0x905e,1/5/2023,10,10,10000,1000,1000,0,0,1/3/2024,2024-03-01,2025-11-09 07:06:39.639615,data/lms_loan_daily.csv,2024-03-01
CUS_0x9066_2023_08_01,CUS_0x9066,1/8/2023,10,7,10000,1000,1000,0,3000,1/3/2024,2024-03-01,2025-11-09 07:06:39.639615,data/lms_loan_daily.csv,2024-03-01
CUS_0x906a_2023_09_01,CUS_0x906a,1/9/2023,10,6,10000,1000,1000,0,4000,1/3/2024,2024-03-01,2025-11-09 07:06:39.639615,data/lms_loan_daily.csv,2024-03-01
CUS_0x906b_2024_03_01,CUS_0x906b,1/3/2024,10,0,10000,0,0,0,10000,1/3/2024,2024-03-01,2025-11-09 07:06:39.639615,data/lms_loan_daily.csv,2024-03-01
CUS_0x906e_2024_03_01,CUS_0x906e,1/3/2024,10,0,10000,0,0,0,10000,1/3/2024,2024-03-01,2025-11-09 07:06:39.639615,data/lms_loan_daily.csv,2024-03-01
CUS_0x9073_2023_11_01,CUS_0x9073,1/11/2023,10,4,10000,1000,1000,0,6000,1/3/2024,2024-03-01,2025-11-09 07:06:39.639615,data/lms_loan_daily.csv,2024-03-01
CUS_0x9074_2023_10_01,CUS_0x9074,1/10/2023,10,5,10000,1000,1000,0,5000,1/3/2024,2024-03-01,2025-11-09 07:06:39.639615,data/lms_loan_daily.csv,2024-03-01
CUS_0x9076_2023_10_01,CUS_0x9076,1/10/2023,10,5,10000,1000,1000,0,5000,1/3/2024,2024-03-01,2025-11-09 07:06:39.639615,data/lms_loan_daily.csv,2024-03-01
CUS_0x9079_2023_11_01,CUS_0x9079,1/11/2023,10,4,10000,1000,1000,0,6000,1/3/2024,2024-03-01,2025-11-09 07:06:39.639615,data/lms_loan_daily.csv,2024-03-01
CUS_0x907c_2023_08_01,CUS_0x907c,1/8/2023,10,7,10000,1000,1000,0,3000,1/3/2024,2024-03-01,2025-11-09 07:06:39.639615,data/lms_loan_daily.csv,2024-03-01
CUS_0x908_2023_07_01,CUS_0x908,1/7/2023,10,8,10000,1000,0,6000,8000,1/3/2024,2024-03-01,2025-11-09 07:06:39.639615,data/lms_loan_daily.csv,2024-03-01
CUS_0x9081_2024_02_01,CUS_0x9081,1/2/2024,10,1,10000,1000,1000,0,9000,1/3/2024,2024-03-01,2025-11-09 07:06:39.639615,data/lms_loan_daily.csv,2024-03-01
CUS_0x9087_2023_05_01,CUS_0x9087,1/5/2023,10,10,10000,1000,1000,0,0,1/3/2024,2024-03-01,2025-11-09 07:06:39.639615,data/lms_loan_daily.csv,2024-03-01
CUS_0x9095_2023_10_01,CUS_0x9095,1/10/2023,10,5,10000,1000,0,3000,8000,1/3/2024,2024-03-01,2025-11-09 07:06:39.639615,data/lms_loan_daily.csv,2024-03-01
CUS_0x909a_2024_02_01,CUS_0x909a,1/2/2024,10,1,10000,1000,1000,0,9000,1/3/2024,2024-03-01,2025-11-09 07:06:39.639615,data/lms_loan_daily.csv,2024-03-01
CUS_0x909d_2023_12_01,CUS_0x909d,1/12/2023,10,3,10000,1000,1000,0,7000,1/3/2024,2024-03-01,2025-11-09 07:06:39.639615,data/lms_loan_daily.csv,2024-03-01
CUS_0x90a1_2023_05_01,CUS_0x90a1,1/5/2023,10,10,10000,1000,1000,0,0,1/3/2024,2024-03-01,2025-11-09 07:06:39.639615,data/lms_loan_daily.csv,2024-03-01
CUS_0x90be_2023_07_01,CUS_0x90be,1/7/2023,10,8,10000,1000,1000,0,2000,1/3/2024,2024-03-01,2025-11-09 07:06:39.639615,data/lms_loan_daily.csv,2024-03-01
CUS_0x90cf_2023_07_01,CUS_0x90cf,1/7/2023,10,8,10000,1000,1000,0,2000,1/3/2024,2024-03-01,2025-11-09 07:06:39.639615,data/lms_loan_daily.csv,2024-03-01
CUS_0x90d7_2023_09_01,CUS_0x90d7,1/9/2023,10,6,10000,1000,1000,0,4000,1/3/2024,2024-03-01,2025-11-09 07:06:39.639615,data/lms_loan_daily.csv,2024-03-01
CUS_0x90e7_2024_02_01,CUS_0x90e7,1/2/2024,10,1,10000,1000,1000,0,9000,1/3/2024,2024-03-01,2025-11-09 07:06:39.639615,data/lms_loan_daily.csv,2024-03-01
CUS_0x90f_2024_01_01,CUS_0x90f,1/1/2024,10,2,10000,1000,1000,0,8000,1/3/2024,2024-03-01,2025-11-09 07:06:39.639615,data/lms_loan_daily.csv,2024-03-01
CUS_0x910a_2023_09_01,CUS_0x910a,1/9/2023,10,6,10000,1000,1000,0,4000,1/3/2024,2024-03-01,2025-11-09 07:06:39.639615,data/lms_loan_daily.csv,2024-03-01
CUS_0x9122_2023_06_01,CUS_0x9122,1/6/2023,10,9,10000,1000,1000,0,1000,1/3/2024,2024-03-01,2025-11-09 07:06:39.639615,data/lms_loan_daily.csv,2024-03-01
CUS_0x9126_2024_03_01,CUS_0x9126,1/3/2024,10,0,10000,0,0,0,10000,1/3/2024,2024-03-01,2025-11-09 07:06:39.639615,data/lms_loan_daily.csv,2024-03-01
CUS_0x9138_2023_07_01,CUS_0x9138,1/7/2023,10,8,10000,1000,1000,0,2000,1/3/2024,2024-03-01,2025-11-09 07:06:39.639615,data/lms_loan_daily.csv,2024-03-01
CUS_0x913a_2023_06_01,CUS_0x913a,1/6/2023,10,9,10000,1000,1000,0,1000,1/3/2024,2024-03-01,2025-11-09 07:06:39.639615,data/lms_loan_daily.csv,2024-03-01
CUS_0x913e_2023_06_01,CUS_0x913e,1/6/2023,10,9,10000,1000,1000,0,1000,1/3/2024,2024-03-01,2025-11-09 07:06:39.639615,data/lms_loan_daily.csv,2024-03-01
CUS_0x9146_2024_03_01,CUS_0x9146,1/3/2024,10,0,10000,0,0,0,10000,1/3/2024,2024-03-01,2025-11-09 07:06:39.639615,data/lms_loan_daily.csv,2024-03-01
CUS_0x915_2023_08_01,CUS_0x915,1/8/2023,10,7,10000,1000,1000,0,3000,1/3/2024,2024-03-01,2025-11-09 07:06:39.639615,data/lms_loan_daily.csv,2024-03-01
CUS_0x9151_2023_10_01,CUS_0x9151,1/10/2023,10,5,10000,1000,1000,0,5000,1/3/2024,2024-03-01,2025-11-09 07:06:39.639615,data/lms_loan_daily.csv,2024-03-01
CUS_0x9153_2024_03_01,CUS_0x9153,1/3/2024,10,0,10000,0,0,0,10000,1/3/2024,2024-03-01,2025-11-09 07:06:39.639615,data/lms_loan_daily.csv,2024-03-01
CUS_0x915a_2024_03_01,CUS_0x915a,1/3/2024,10,0,10000,0,0,0,10000,1/3/2024,2024-03-01,2025-11-09 07:06:39.639615,data/lms_loan_daily.csv,2024-03-01
CUS_0x9165_2023_12_01,CUS_0x9165,1/12/2023,10,3,10000,1000,1000,0,7000,1/3/2024,2024-03-01,2025-11-09 07:06:39.639615,data/lms_loan_daily.csv,2024-03-01
CUS_0x9167_2023_10_01,CUS_0x9167,1/10/2023,10,5,10000,1000,1000,0,5000,1/3/2024,2024-03-01,2025-11-09 07:06:39.639615,data/lms_loan_daily.csv,2024-03-01
CUS_0x9173_2023_12_01,CUS_0x9173,1/12/2023,10,3,10000,1000,1000,0,7000,1/3/2024,2024-03-01,2025-11-09 07:06:39.639615,data/lms_loan_daily.csv,2024-03-01
CUS_0x9175_2024_01_01,CUS_0x9175,1/1/2024,10,2,10000,1000,1000,0,8000,1/3/2024,2024-03-01,2025-11-09 07:06:39.639615,data/lms_loan_daily.csv,2024-03-01
CUS_0x9176_2023_07_01,CUS_0x9176,1/7/2023,10,8,10000,1000,1000,0,2000,1/3/2024,2024-03-01,2025-11-09 07:06:39.639615,data/lms_loan_daily.csv,2024-03-01
CUS_0x917b_2024_02_01,CUS_0x917b,1/2/2024,10,1,10000,1000,1000,0,9000,1/3/2024,2024-03-01,2025-11-09 07:06:39.639615,data/lms_loan_daily.csv,2024-03-01
CUS_0x917d_2023_07_01,CUS_0x917d,1/7/2023,10,8,10000,1000,1000,0,2000,1/3/2024,2024-03-01,2025-11-09 07:06:39.639615,data/lms_loan_daily.csv,2024-03-01
CUS_0x9185_2023_09_01,CUS_0x9185,1/9/2023,10,6,10000,1000,1000,0,4000,1/3/2024,2024-03-01,2025-11-09 07:06:39.639615,data/lms_loan_daily.csv,2024-03-01
CUS_0x9189_2023_05_01,CUS_0x9189,1/5/2023,10,10,10000,1000,0,9000,9000,1/3/2024,2024-03-01,2025-11-09 07:06:39.639615,data/lms_loan_daily.csv,2024-03-01
CUS_0x918d_2024_02_01,CUS_0x918d,1/2/2024,10,1,10000,1000,1000,0,9000,1/3/2024,2024-03-01,2025-11-09 07:06:39.639615,data/lms_loan_daily.csv,2024-03-01
CUS_0x9192_2023_12_01,CUS_0x9192,1/12/2023,10,3,10000,1000,1000,0,7000,1/3/2024,2024-03-01,2025-11-09 07:06:39.639615,data/lms_loan_daily.csv,2024-03-01
CUS_0x919b_2023_06_01,CUS_0x919b,1/6/2023,10,9,10000,1000,0,6000,7000,1/3/2024,2024-03-01,2025-11-09 07:06:39.639615,data/lms_loan_daily.csv,2024-03-01
CUS_0x91ac_2023_11_01,CUS_0x91ac,1/11/2023,10,4,10000,1000,0,2000,8000,1/3/2024,2024-03-01,2025-11-09 07:06:39.639615,data/lms_loan_daily.csv,2024-03-01
CUS_0x91c4_2023_05_01,CUS_0x91c4,1/5/2023,10,10,10000,1000,1000,0,0,1/3/2024,2024-03-01,2025-11-09 07:06:39.639615,data/lms_loan_daily.csv,2024-03-01
CUS_0x91c8_2023_09_01,CUS_0x91c8,1/9/2023,10,6,10000,1000,1000,0,4000,1/3/2024,2024-03-01,2025-11-09 07:06:39.639615,data/lms_loan_daily.csv,2024-03-01
CUS_0x91da_2024_01_01,CUS_0x91da,1/1/2024,10,2,10000,1000,1000,0,8000,1/3/2024,2024-03-01,2025-11-09 07:06:39.639615,data/lms_loan_daily.csv,2024-03-01
CUS_0x91dd_2023_12_01,CUS_0x91dd,1/12/2023,10,3,10000,1000,1000,0,7000,1/3/2024,2024-03-01,2025-11-09 07:06:39.639615,data/lms_loan_daily.csv,2024-03-01
CUS_0x91ee_2024_03_01,CUS_0x91ee,1/3/2024,10,0,10000,0,0,0,10000,1/3/2024,2024-03-01,2025-11-09 07:06:39.639615,data/lms_loan_daily.csv,2024-03-01
CUS_0x91f6_2024_03_01,CUS_0x91f6,1/3/2024,10,0,10000,0,0,0,10000,1/3/2024,2024-03-01,2025-11-09 07:06:39.639615,data/lms_loan_daily.csv,2024-03-01
CUS_0x91fe_2023_12_01,CUS_0x91fe,1/12/2023,10,3,10000,1000,1000,0,7000,1/3/2024,2024-03-01,2025-11-09 07:06:39.639615,data/lms_loan_daily.csv,2024-03-01
CUS_0x9200_2024_03_01,CUS_0x9200,1/3/2024,10,0,10000,0,0,0,10000,1/3/2024,2024-03-01,2025-11-09 07:06:39.639615,data/lms_loan_daily.csv,2024-03-01
CUS_0x9214_2023_12_01,CUS_0x9214,1/12/2023,10,3,10000,1000,0,2000,9000,1/3/2024,2024-03-01,2025-11-09 07:06:39.639615,data/lms_loan_daily.csv,2024-03-01
CUS_0x9228_2023_09_01,CUS_0x9228,1/9/2023,10,6,10000,1000,1000,0,4000,1/3/2024,2024-03-01,2025-11-09 07:06:39.639615,data/lms_loan_daily.csv,2024-03-01
CUS_0x9233_2024_03_01,CUS_0x9233,1/3/2024,10,0,10000,0,0,0,10000,1/3/2024,2024-03-01,2025-11-09 07:06:39.639615,data/lms_loan_daily.csv,2024-03-01
CUS_0x924e_2023_10_01,CUS_0x924e,1/10/2023,10,5,10000,1000,1000,0,5000,1/3/2024,2024-03-01,2025-11-09 07:06:39.639615,data/lms_loan_daily.csv,2024-03-01
CUS_0x925c_2023_08_01,CUS_0x925c,1/8/2023,10,7,10000,1000,1000,0,3000,1/3/2024,2024-03-01,2025-11-09 07:06:39.639615,data/lms_loan_daily.csv,2024-03-01
CUS_0x925d_2024_01_01,CUS_0x925d,1/1/2024,10,2,10000,1000,0,1000,9000,1/3/2024,2024-03-01,2025-11-09 07:06:39.639615,data/lms_loan_daily.csv,2024-03-01
CUS_0x9263_2024_02_01,CUS_0x9263,1/2/2024,10,1,10000,1000,1000,0,9000,1/3/2024,2024-03-01,2025-11-09 07:06:39.639615,data/lms_loan_daily.csv,2024-03-01
CUS_0x9268_2023_06_01,CUS_0x9268,1/6/2023,10,9,10000,1000,1000,0,1000,1/3/2024,2024-03-01,2025-11-09 07:06:39.639615,data/lms_loan_daily.csv,2024-03-01
CUS_0x926b_2023_11_01,CUS_0x926b,1/11/2023,10,4,10000,1000,1000,0,6000,1/3/2024,2024-03-01,2025-11-09 07:06:39.639615,data/lms_loan_daily.csv,2024-03-01
CUS_0x9274_2023_05_01,CUS_0x9274,1/5/2023,10,10,10000,1000,1000,0,0,1/3/2024,2024-03-01,2025-11-09 07:06:39.639615,data/lms_loan_daily.csv,2024-03-01
CUS_0x9275_2023_05_01,CUS_0x9275,1/5/2023,10,10,10000,1000,1000,0,0,1/3/2024,2024-03-01,2025-11-09 07:06:39.639615,data/lms_loan_daily.csv,2024-03-01
CUS_0x927d_2023_06_01,CUS_0x927d,1/6/2023,10,9,10000,1000,1000,0,1000,1/3/2024,2024-03-01,2025-11-09 07:06:39.639615,data/lms_loan_daily.csv,2024-03-01
CUS_0x9281_2023_12_01,CUS_0x9281,1/12/2023,10,3,10000,1000,0,1000,8000,1/3/2024,2024-03-01,2025-11-09 07:06:39.639615,data/lms_loan_daily.csv,2024-03-01
CUS_0x9296_2023_05_01,CUS_0x9296,1/5/2023,10,10,10000,1000,1000,0,0,1/3/2024,2024-03-01,2025-11-09 07:06:39.639615,data/lms_loan_daily.csv,2024-03-01
CUS_0x9297_2023_05_01,CUS_0x9297,1/5/2023,10,10,10000,1000,1000,0,0,1/3/2024,2024-03-01,2025-11-09 07:06:39.639615,data/lms_loan_daily.csv,2024-03-01
CUS_0x929d_2024_03_01,CUS_0x929d,1/3/2024,10,0,10000,0,0,0,10000,1/3/2024,2024-03-01,2025-11-09 07:06:39.639615,data/lms_loan_daily.csv,2024-03-01
CUS_0x92b6_2024_01_01,CUS_0x92b6,1/1/2024,10,2,10000,1000,2000,0,8000,1/3/2024,2024-03-01,2025-11-09 07:06:39.639615,data/lms_loan_daily.csv,2024-03-01
CUS_0x92c6_2023_06_01,CUS_0x92c6,1/6/2023,10,9,10000,1000,1000,0,1000,1/3/2024,2024-03-01,2025-11-09 07:06:39.639615,data/lms_loan_daily.csv,2024-03-01
CUS_0x92cf_2024_01_01,CUS_0x92cf,1/1/2024,10,2,10000,1000,1000,0,8000,1/3/2024,2024-03-01,2025-11-09 07:06:39.639615,data/lms_loan_daily.csv,2024-03-01
CUS_0x92d2_2023_09_01,CUS_0x92d2,1/9/2023,10,6,10000,1000,1000,0,4000,1/3/2024,2024-03-01,2025-11-09 07:06:39.639615,data/lms_loan_daily.csv,2024-03-01
CUS_0x92d5_2023_09_01,CUS_0x92d5,1/9/2023,10,6,10000,1000,1000,0,4000,1/3/2024,2024-03-01,2025-11-09 07:06:39.639615,data/lms_loan_daily.csv,2024-03-01
CUS_0x92df_2023_12_01,CUS_0x92df,1/12/2023,10,3,10000,1000,1000,0,7000,1/3/2024,2024-03-01,2025-11-09 07:06:39.639615,data/lms_loan_daily.csv,2024-03-01
CUS_0x92ec_2023_06_01,CUS_0x92ec,1/6/2023,10,9,10000,1000,1000,0,1000,1/3/2024,2024-03-01,2025-11-09 07:06:39.639615,data/lms_loan_daily.csv,2024-03-01
CUS_0x92f_2024_03_01,CUS_0x92f,1/3/2024,10,0,10000,0,0,0,10000,1/3/2024,2024-03-01,2025-11-09 07:06:39.639615,data/lms_loan_daily.csv,2024-03-01
CUS_0x92f8_2023_06_01,CUS_0x92f8,1/6/2023,10,9,10000,1000,1000,0,1000,1/3/2024,2024-03-01,2025-11-09 07:06:39.639615,data/lms_loan_daily.csv,2024-03-01
CUS_0x92f9_2023_11_01,CUS_0x92f9,1/11/2023,10,4,10000,1000,1000,0,6000,1/3/2024,2024-03-01,2025-11-09 07:06:39.639615,data/lms_loan_daily.csv,2024-03-01
CUS_0x92ff_2024_01_01,CUS_0x92ff,1/1/2024,10,2,10000,1000,1000,0,8000,1/3/2024,2024-03-01,2025-11-09 07:06:39.639615,data/lms_loan_daily.csv,2024-03-01
CUS_0x9319_2023_07_01,CUS_0x9319,1/7/2023,10,8,10000,1000,1000,0,2000,1/3/2024,2024-03-01,2025-11-09 07:06:39.639615,data/lms_loan_daily.csv,2024-03-01
CUS_0x932_2023_10_01,CUS_0x932,1/10/2023,10,5,10000,1000,1000,0,5000,1/3/2024,2024-03-01,2025-11-09 07:06:39.639615,data/lms_loan_daily.csv,2024-03-01
CUS_0x9322_2024_01_01,CUS_0x9322,1/1/2024,10,2,10000,1000,1000,0,8000,1/3/2024,2024-03-01,2025-11-09 07:06:39.639615,data/lms_loan_daily.csv,2024-03-01
CUS_0x9334_2024_03_01,CUS_0x9334,1/3/2024,10,0,10000,0,0,0,10000,1/3/2024,2024-03-01,2025-11-09 07:06:39.639615,data/lms_loan_daily.csv,2024-03-01
CUS_0x9336_2024_03_01,CUS_0x9336,1/3/2024,10,0,10000,0,0,0,10000,1/3/2024,2024-03-01,2025-11-09 07:06:39.639615,data/lms_loan_daily.csv,2024-03-01
CUS_0x9339_2024_03_01,CUS_0x9339,1/3/2024,10,0,10000,0,0,0,10000,1/3/2024,2024-03-01,2025-11-09 07:06:39.639615,data/lms_loan_daily.csv,2024-03-01
CUS_0x9340_2024_01_01,CUS_0x9340,1/1/2024,10,2,10000,1000,1000,0,8000,1/3/2024,2024-03-01,2025-11-09 07:06:39.639615,data/lms_loan_daily.csv,2024-03-01
CUS_0x9348_2023_10_01,CUS_0x9348,1/10/2023,10,5,10000,1000,1000,0,5000,1/3/2024,2024-03-01,2025-11-09 07:06:39.639615,data/lms_loan_daily.csv,2024-03-01
CUS_0x9352_2023_10_01,CUS_0x9352,1/10/2023,10,5,10000,1000,1000,0,5000,1/3/2024,2024-03-01,2025-11-09 07:06:39.639615,data/lms_loan_daily.csv,2024-03-01
CUS_0x9378_2024_01_01,CUS_0x9378,1/1/2024,10,2,10000,1000,2000,0,8000,1/3/2024,2024-03-01,2025-11-09 07:06:39.639615,data/lms_loan_daily.csv,2024-03-01
CUS_0x9379_2024_03_01,CUS_0x9379,1/3/2024,10,0,10000,0,0,0,10000,1/3/2024,2024-03-01,2025-11-09 07:06:39.639615,data/lms_loan_daily.csv,2024-03-01
CUS_0x938_2024_02_01,CUS_0x938,1/2/2024,10,1,10000,1000,1000,0,9000,1/3/2024,2024-03-01,2025-11-09 07:06:39.639615,data/lms_loan_daily.csv,2024-03-01
CUS_0x9381_2024_03_01,CUS_0x9381,1/3/2024,10,0,10000,0,0,0,10000,1/3/2024,2024-03-01,2025-11-09 07:06:39.639615,data/lms_loan_daily.csv,2024-03-01
CUS_0x9382_2024_01_01,CUS_0x9382,1/1/2024,10,2,10000,1000,0,1000,9000,1/3/2024,2024-03-01,2025-11-09 07:06:39.639615,data/lms_loan_daily.csv,2024-03-01
CUS_0x9386_2023_06_01,CUS_0x9386,1/6/2023,10,9,10000,1000,1000,0,1000,1/3/2024,2024-03-01,2025-11-09 07:06:39.639615,data/lms_loan_daily.csv,2024-03-01
CUS_0x938f_2024_01_01,CUS_0x938f,1/1/2024,10,2,10000,1000,1000,0,8000,1/3/2024,2024-03-01,2025-11-09 07:06:39.639615,data/lms_loan_daily.csv,2024-03-01
CUS_0x9398_2023_06_01,CUS_0x9398,1/6/2023,10,9,10000,1000,1000,0,1000,1/3/2024,2024-03-01,2025-11-09 07:06:39.639615,data/lms_loan_daily.csv,2024-03-01
CUS_0x93ad_2024_02_01,CUS_0x93ad,1/2/2024,10,1,10000,1000,1000,0,9000,1/3/2024,2024-03-01,2025-11-09 07:06:39.639615,data/lms_loan_daily.csv,2024-03-01
CUS_0x93af_2023_06_01,CUS_0x93af,1/6/2023,10,9,10000,1000,0,6000,7000,1/3/2024,2024-03-01,2025-11-09 07:06:39.639615,data/lms_loan_daily.csv,2024-03-01
CUS_0x93ba_2024_01_01,CUS_0x93ba,1/1/2024,10,2,10000,1000,1000,0,8000,1/3/2024,2024-03-01,2025-11-09 07:06:39.639615,data/lms_loan_daily.csv,2024-03-01
CUS_0x93bb_2023_05_01,CUS_0x93bb,1/5/2023,10,10,10000,1000,0,7000,7000,1/3/2024,2024-03-01,2025-11-09 07:06:39.639615,data/lms_loan_daily.csv,2024-03-01
CUS_0x93c8_2023_08_01,CUS_0x93c8,1/8/2023,10,7,10000,1000,0,4000,7000,1/3/2024,2024-03-01,2025-11-09 07:06:39.639615,data/lms_loan_daily.csv,2024-03-01
CUS_0x93d0_2023_11_01,CUS_0x93d0,1/11/2023,10,4,10000,1000,1000,0,6000,1/3/2024,2024-03-01,2025-11-09 07:06:39.639615,data/lms_loan_daily.csv,2024-03-01
CUS_0x93d2_2023_05_01,CUS_0x93d2,1/5/2023,10,10,10000,1000,0,7000,7000,1/3/2024,2024-03-01,2025-11-09 07:06:39.639615,data/lms_loan_daily.csv,2024-03-01
CUS_0x93e_2023_10_01,CUS_0x93e,1/10/2023,10,5,10000,1000,1000,0,5000,1/3/2024,2024-03-01,2025-11-09 07:06:39.639615,data/lms_loan_daily.csv,2024-03-01
CUS_0x93f4_2023_07_01,CUS_0x93f4,1/7/2023,10,8,10000,1000,0,6000,8000,1/3/2024,2024-03-01,2025-11-09 07:06:39.639615,data/lms_loan_daily.csv,2024-03-01
CUS_0x940d_2023_10_01,CUS_0x940d,1/10/2023,10,5,10000,1000,1000,0,5000,1/3/2024,2024-03-01,2025-11-09 07:06:39.639615,data/lms_loan_daily.csv,2024-03-01
CUS_0x9412_2023_10_01,CUS_0x9412,1/10/2023,10,5,10000,1000,0,2000,7000,1/3/2024,2024-03-01,2025-11-09 07:06:39.639615,data/lms_loan_daily.csv,2024-03-01
CUS_0x9414_2023_09_01,CUS_0x9414,1/9/2023,10,6,10000,1000,0,6000,10000,1/3/2024,2024-03-01,2025-11-09 07:06:39.639615,data/lms_loan_daily.csv,2024-03-01
CUS_0x9423_2023_12_01,CUS_0x9423,1/12/2023,10,3,10000,1000,1000,0,7000,1/3/2024,2024-03-01,2025-11-09 07:06:39.639615,data/lms_loan_daily.csv,2024-03-01
CUS_0x9425_2024_03_01,CUS_0x9425,1/3/2024,10,0,10000,0,0,0,10000,1/3/2024,2024-03-01,2025-11-09 07:06:39.639615,data/lms_loan_daily.csv,2024-03-01
CUS_0x942a_2023_07_01,CUS_0x942a,1/7/2023,10,8,10000,1000,1000,0,2000,1/3/2024,2024-03-01,2025-11-09 07:06:39.639615,data/lms_loan_daily.csv,2024-03-01
CUS_0x9434_2023_05_01,CUS_0x9434,1/5/2023,10,10,10000,1000,1000,0,0,1/3/2024,2024-03-01,2025-11-09 07:06:39.639615,data/lms_loan_daily.csv,2024-03-01
CUS_0x9448_2023_10_01,CUS_0x9448,1/10/2023,10,5,10000,1000,1000,0,5000,1/3/2024,2024-03-01,2025-11-09 07:06:39.639615,data/lms_loan_daily.csv,2024-03-01
CUS_0x9449_2023_09_01,CUS_0x9449,1/9/2023,10,6,10000,1000,0,6000,10000,1/3/2024,2024-03-01,2025-11-09 07:06:39.639615,data/lms_loan_daily.csv,2024-03-01
CUS_0x944c_2024_02_01,CUS_0x944c,1/2/2024,10,1,10000,1000,1000,0,9000,1/3/2024,2024-03-01,2025-11-09 07:06:39.639615,data/lms_loan_daily.csv,2024-03-01
CUS_0x944e_2023_10_01,CUS_0x944e,1/10/2023,10,5,10000,1000,1000,0,5000,1/3/2024,2024-03-01,2025-11-09 07:06:39.639615,data/lms_loan_daily.csv,2024-03-01
CUS_0x945f_2023_07_01,CUS_0x945f,1/7/2023,10,8,10000,1000,1000,0,2000,1/3/2024,2024-03-01,2025-11-09 07:06:39.639615,data/lms_loan_daily.csv,2024-03-01
CUS_0x946d_2023_07_01,CUS_0x946d,1/7/2023,10,8,10000,1000,0,6000,8000,1/3/2024,2024-03-01,2025-11-09 07:06:39.639615,data/lms_loan_daily.csv,2024-03-01
CUS_0x9476_2024_01_01,CUS_0x9476,1/1/2024,10,2,10000,1000,2000,0,8000,1/3/2024,2024-03-01,2025-11-09 07:06:39.639615,data/lms_loan_daily.csv,2024-03-01
CUS_0x947b_2023_06_01,CUS_0x947b,1/6/2023,10,9,10000,1000,1000,0,1000,1/3/2024,2024-03-01,2025-11-09 07:06:39.639615,data/lms_loan_daily.csv,2024-03-01
CUS_0x9485_2024_03_01,CUS_0x9485,1/3/2024,10,0,10000,0,0,0,10000,1/3/2024,2024-03-01,2025-11-09 07:06:39.639615,data/lms_loan_daily.csv,2024-03-01
CUS_0x9486_2023_10_01,CUS_0x9486,1/10/2023,10,5,10000,1000,0,3000,8000,1/3/2024,2024-03-01,2025-11-09 07:06:39.639615,data/lms_loan_daily.csv,2024-03-01
CUS_0x949_2023_11_01,CUS_0x949,1/11/2023,10,4,10000,1000,1000,0,6000,1/3/2024,2024-03-01,2025-11-09 07:06:39.639615,data/lms_loan_daily.csv,2024-03-01
CUS_0x9491_2023_08_01,CUS_0x9491,1/8/2023,10,7,10000,1000,0,4000,7000,1/3/2024,2024-03-01,2025-11-09 07:06:39.639615,data/lms_loan_daily.csv,2024-03-01
CUS_0x9493_2024_01_01,CUS_0x9493,1/1/2024,10,2,10000,1000,1000,0,8000,1/3/2024,2024-03-01,2025-11-09 07:06:39.639615,data/lms_loan_daily.csv,2024-03-01
CUS_0x9495_2023_07_01,CUS_0x9495,1/7/2023,10,8,10000,1000,0,4000,6000,1/3/2024,2024-03-01,2025-11-09 07:06:39.639615,data/lms_loan_daily.csv,2024-03-01
CUS_0x94a6_2023_08_01,CUS_0x94a6,1/8/2023,10,7,10000,1000,0,3000,6000,1/3/2024,2024-03-01,2025-11-09 07:06:39.639615,data/lms_loan_daily.csv,2024-03-01
CUS_0x94aa_2023_12_01,CUS_0x94aa,1/12/2023,10,3,10000,1000,1000,0,7000,1/3/2024,2024-03-01,2025-11-09 07:06:39.639615,data/lms_loan_daily.csv,2024-03-01
CUS_0x94ac_2023_06_01,CUS_0x94ac,1/6/2023,10,9,10000,1000,1000,0,1000,1/3/2024,2024-03-01,2025-11-09 07:06:39.639615,data/lms_loan_daily.csv,2024-03-01
CUS_0x94c5_2023_10_01,CUS_0x94c5,1/10/2023,10,5,10000,1000,1000,0,5000,1/3/2024,2024-03-01,2025-11-09 07:06:39.639615,data/lms_loan_daily.csv,2024-03-01
CUS_0x94d2_2024_02_01,CUS_0x94d2,1/2/2024,10,1,10000,1000,1000,0,9000,1/3/2024,2024-03-01,2025-11-09 07:06:39.639615,data/lms_loan_daily.csv,2024-03-01
CUS_0x94e1_2023_06_01,CUS_0x94e1,1/6/2023,10,9,10000,1000,1000,0,1000,1/3/2024,2024-03-01,2025-11-09 07:06:39.639615,data/lms_loan_daily.csv,2024-03-01
CUS_0x94e2_2024_03_01,CUS_0x94e2,1/3/2024,10,0,10000,0,0,0,10000,1/3/2024,2024-03-01,2025-11-09 07:06:39.639615,data/lms_loan_daily.csv,2024-03-01
CUS_0x94e8_2023_07_01,CUS_0x94e8,1/7/2023,10,8,10000,1000,1000,0,2000,1/3/2024,2024-03-01,2025-11-09 07:06:39.639615,data/lms_loan_daily.csv,2024-03-01
CUS_0x94f4_2024_03_01,CUS_0x94f4,1/3/2024,10,0,10000,0,0,0,10000,1/3/2024,2024-03-01,2025-11-09 07:06:39.639615,data/lms_loan_daily.csv,2024-03-01
CUS_0x94f6_2023_07_01,CUS_0x94f6,1/7/2023,10,8,10000,1000,1000,0,2000,1/3/2024,2024-03-01,2025-11-09 07:06:39.639615,data/lms_loan_daily.csv,2024-03-01
CUS_0x9501_2024_01_01,CUS_0x9501,1/1/2024,10,2,10000,1000,1000,0,8000,1/3/2024,2024-03-01,2025-11-09 07:06:39.639615,data/lms_loan_daily.csv,2024-03-01
CUS_0x9506_2023_09_01,CUS_0x9506,1/9/2023,10,6,10000,1000,1000,0,4000,1/3/2024,2024-03-01,2025-11-09 07:06:39.639615,data/lms_loan_daily.csv,2024-03-01
CUS_0x951b_2024_01_01,CUS_0x951b,1/1/2024,10,2,10000,1000,1000,0,8000,1/3/2024,2024-03-01,2025-11-09 07:06:39.639615,data/lms_loan_daily.csv,2024-03-01
CUS_0x9520_2023_06_01,CUS_0x9520,1/6/2023,10,9,10000,1000,1000,0,1000,1/3/2024,2024-03-01,2025-11-09 07:06:39.639615,data/lms_loan_daily.csv,2024-03-01
CUS_0x9525_2024_03_01,CUS_0x9525,1/3/2024,10,0,10000,0,0,0,10000,1/3/2024,2024-03-01,2025-11-09 07:06:39.639615,data/lms_loan_daily.csv,2024-03-01
CUS_0x9529_2024_03_01,CUS_0x9529,1/3/2024,10,0,10000,0,0,0,10000,1/3/2024,2024-03-01,2025-11-09 07:06:39.639615,data/lms_loan_daily.csv,2024-03-01
CUS_0x9534_2023_05_01,CUS_0x9534,1/5/2023,10,10,10000,1000,1000,0,0,1/3/2024,2024-03-01,2025-11-09 07:06:39.639615,data/lms_loan_daily.csv,2024-03-01
CUS_0x9535_2024_02_01,CUS_0x9535,1/2/2024,10,1,10000,1000,1000,0,9000,1/3/2024,2024-03-01,2025-11-09 07:06:39.639615,data/lms_loan_daily.csv,2024-03-01
CUS_0x9536_2023_06_01,CUS_0x9536,1/6/2023,10,9,10000,1000,1000,0,1000,1/3/2024,2024-03-01,2025-11-09 07:06:39.639615,data/lms_loan_daily.csv,2024-03-01
CUS_0x9538_2024_01_01,CUS_0x9538,1/1/2024,10,2,10000,1000,1000,0,8000,1/3/2024,2024-03-01,2025-11-09 07:06:39.639615,data/lms_loan_daily.csv,2024-03-01
CUS_0x953d_2024_02_01,CUS_0x953d,1/2/2024,10,1,10000,1000,1000,0,9000,1/3/2024,2024-03-01,2025-11-09 07:06:39.639615,data/lms_loan_daily.csv,2024-03-01
CUS_0x9550_2024_01_01,CUS_0x9550,1/1/2024,10,2,10000,1000,1000,0,8000,1/3/2024,2024-03-01,2025-11-09 07:06:39.639615,data/lms_loan_daily.csv,2024-03-01
CUS_0x9553_2023_06_01,CUS_0x9553,1/6/2023,10,9,10000,1000,1000,0,1000,1/3/2024,2024-03-01,2025-11-09 07:06:39.639615,data/lms_loan_daily.csv,2024-03-01
CUS_0x955b_2023_11_01,CUS_0x955b,1/11/2023,10,4,10000,1000,1000,0,6000,1/3/2024,2024-03-01,2025-11-09 07:06:39.639615,data/lms_loan_daily.csv,2024-03-01
CUS_0x955d_2023_06_01,CUS_0x955d,1/6/2023,10,9,10000,1000,0,7000,8000,1/3/2024,2024-03-01,2025-11-09 07:06:39.639615,data/lms_loan_daily.csv,2024-03-01
CUS_0x9567_2024_01_01,CUS_0x9567,1/1/2024,10,2,10000,1000,1000,0,8000,1/3/2024,2024-03-01,2025-11-09 07:06:39.639615,data/lms_loan_daily.csv,2024-03-01
CUS_0x956b_2023_06_01,CUS_0x956b,1/6/2023,10,9,10000,1000,0,6000,7000,1/3/2024,2024-03-01,2025-11-09 07:06:39.639615,data/lms_loan_daily.csv,2024-03-01
CUS_0x956d_2023_08_01,CUS_0x956d,1/8/2023,10,7,10000,1000,1000,0,3000,1/3/2024,2024-03-01,2025-11-09 07:06:39.639615,data/lms_loan_daily.csv,2024-03-01
CUS_0x956f_2024_03_01,CUS_0x956f,1/3/2024,10,0,10000,0,0,0,10000,1/3/2024,2024-03-01,2025-11-09 07:06:39.639615,data/lms_loan_daily.csv,2024-03-01
CUS_0x9570_2023_08_01,CUS_0x9570,1/8/2023,10,7,10000,1000,1000,0,3000,1/3/2024,2024-03-01,2025-11-09 07:06:39.639615,data/lms_loan_daily.csv,2024-03-01
CUS_0x9574_2023_11_01,CUS_0x9574,1/11/2023,10,4,10000,1000,0,3000,9000,1/3/2024,2024-03-01,2025-11-09 07:06:39.639615,data/lms_loan_daily.csv,2024-03-01
CUS_0x957e_2024_03_01,CUS_0x957e,1/3/2024,10,0,10000,0,0,0,10000,1/3/2024,2024-03-01,2025-11-09 07:06:39.639615,data/lms_loan_daily.csv,2024-03-01
CUS_0x9586_2023_08_01,CUS_0x9586,1/8/2023,10,7,10000,1000,1000,0,3000,1/3/2024,2024-03-01,2025-11-09 07:06:39.639615,data/lms_loan_daily.csv,2024-03-01
CUS_0x958b_2023_06_01,CUS_0x958b,1/6/2023,10,9,10000,1000,0,7000,8000,1/3/2024,2024-03-01,2025-11-09 07:06:39.639615,data/lms_loan_daily.csv,2024-03-01
CUS_0x958e_2023_10_01,CUS_0x958e,1/10/2023,10,5,10000,1000,1000,0,5000,1/3/2024,2024-03-01,2025-11-09 07:06:39.639615,data/lms_loan_daily.csv,2024-03-01
CUS_0x9593_2024_01_01,CUS_0x9593,1/1/2024,10,2,10000,1000,1000,0,8000,1/3/2024,2024-03-01,2025-11-09 07:06:39.639615,data/lms_loan_daily.csv,2024-03-01
CUS_0x9595_2023_12_01,CUS_0x9595,1/12/2023,10,3,10000,1000,1000,0,7000,1/3/2024,2024-03-01,2025-11-09 07:06:39.639615,data/lms_loan_daily.csv,2024-03-01
CUS_0x95a1_2023_06_01,CUS_0x95a1,1/6/2023,10,9,10000,1000,1000,0,1000,1/3/2024,2024-03-01,2025-11-09 07:06:39.639615,data/lms_loan_daily.csv,2024-03-01
CUS_0x95a9_2024_02_01,CUS_0x95a9,1/2/2024,10,1,10000,1000,1000,0,9000,1/3/2024,2024-03-01,2025-11-09 07:06:39.639615,data/lms_loan_daily.csv,2024-03-01
CUS_0x95b6_2024_01_01,CUS_0x95b6,1/1/2024,10,2,10000,1000,1000,0,8000,1/3/2024,2024-03-01,2025-11-09 07:06:39.639615,data/lms_loan_daily.csv,2024-03-01
CUS_0x95d0_2023_06_01,CUS_0x95d0,1/6/2023,10,9,10000,1000,1000,0,1000,1/3/2024,2024-03-01,2025-11-09 07:06:39.639615,data/lms_loan_daily.csv,2024-03-01
CUS_0x95d2_2024_01_01,CUS_0x95d2,1/1/2024,10,2,10000,1000,1000,0,8000,1/3/2024,2024-03-01,2025-11-09 07:06:39.639615,data/lms_loan_daily.csv,2024-03-01
CUS_0x95e7_2023_10_01,CUS_0x95e7,1/10/2023,10,5,10000,1000,0,1000,6000,1/3/2024,2024-03-01,2025-11-09 07:06:39.639615,data/lms_loan_daily.csv,2024-03-01
CUS_0x95eb_2023_10_01,CUS_0x95eb,1/10/2023,10,5,10000,1000,1000,0,5000,1/3/2024,2024-03-01,2025-11-09 07:06:39.639615,data/lms_loan_daily.csv,2024-03-01
CUS_0x95ec_2023_11_01,CUS_0x95ec,1/11/2023,10,4,10000,1000,1000,0,6000,1/3/2024,2024-03-01,2025-11-09 07:06:39.639615,data/lms_loan_daily.csv,2024-03-01
CUS_0x95ef_2023_05_01,CUS_0x95ef,1/5/2023,10,10,10000,1000,0,7000,7000,1/3/2024,2024-03-01,2025-11-09 07:06:39.639615,data/lms_loan_daily.csv,2024-03-01
CUS_0x95f0_2023_05_01,CUS_0x95f0,1/5/2023,10,10,10000,1000,1000,0,0,1/3/2024,2024-03-01,2025-11-09 07:06:39.639615,data/lms_loan_daily.csv,2024-03-01
CUS_0x960e_2023_07_01,CUS_0x960e,1/7/2023,10,8,10000,1000,0,6000,8000,1/3/2024,2024-03-01,2025-11-09 07:06:39.639615,data/lms_loan_daily.csv,2024-03-01
CUS_0x960f_2023_12_01,CUS_0x960f,1/12/2023,10,3,10000,1000,1000,0,7000,1/3/2024,2024-03-01,2025-11-09 07:06:39.639615,data/lms_loan_daily.csv,2024-03-01
CUS_0x9619_2023_07_01,CUS_0x9619,1/7/2023,10,8,10000,1000,1000,0,2000,1/3/2024,2024-03-01,2025-11-09 07:06:39.639615,data/lms_loan_daily.csv,2024-03-01
CUS_0x961b_2023_11_01,CUS_0x961b,1/11/2023,10,4,10000,1000,1000,0,6000,1/3/2024,2024-03-01,2025-11-09 07:06:39.639615,data/lms_loan_daily.csv,2024-03-01
CUS_0x961d_2023_12_01,CUS_0x961d,1/12/2023,10,3,10000,1000,0,1000,8000,1/3/2024,2024-03-01,2025-11-09 07:06:39.639615,data/lms_loan_daily.csv,2024-03-01
CUS_0x9620_2024_03_01,CUS_0x9620,1/3/2024,10,0,10000,0,0,0,10000,1/3/2024,2024-03-01,2025-11-09 07:06:39.639615,data/lms_loan_daily.csv,2024-03-01
CUS_0x9636_2024_02_01,CUS_0x9636,1/2/2024,10,1,10000,1000,1000,0,9000,1/3/2024,2024-03-01,2025-11-09 07:06:39.639615,data/lms_loan_daily.csv,2024-03-01
CUS_0x963e_2023_10_01,CUS_0x963e,1/10/2023,10,5,10000,1000,1000,0,5000,1/3/2024,2024-03-01,2025-11-09 07:06:39.639615,data/lms_loan_daily.csv,2024-03-01
CUS_0x9650_2023_09_01,CUS_0x9650,1/9/2023,10,6,10000,1000,1000,0,4000,1/3/2024,2024-03-01,2025-11-09 07:06:39.639615,data/lms_loan_daily.csv,2024-03-01
CUS_0x965a_2024_02_01,CUS_0x965a,1/2/2024,10,1,10000,1000,1000,0,9000,1/3/2024,2024-03-01,2025-11-09 07:06:39.639615,data/lms_loan_daily.csv,2024-03-01
CUS_0x965e_2023_12_01,CUS_0x965e,1/12/2023,10,3,10000,1000,1000,0,7000,1/3/2024,2024-03-01,2025-11-09 07:06:39.639615,data/lms_loan_daily.csv,2024-03-01
CUS_0x9661_2024_03_01,CUS_0x9661,1/3/2024,10,0,10000,0,0,0,10000,1/3/2024,2024-03-01,2025-11-09 07:06:39.639615,data/lms_loan_daily.csv,2024-03-01
CUS_0x9680_2023_06_01,CUS_0x9680,1/6/2023,10,9,10000,1000,1000,0,1000,1/3/2024,2024-03-01,2025-11-09 07:06:39.639615,data/lms_loan_daily.csv,2024-03-01
CUS_0x968a_2024_02_01,CUS_0x968a,1/2/2024,10,1,10000,1000,1000,0,9000,1/3/2024,2024-03-01,2025-11-09 07:06:39.639615,data/lms_loan_daily.csv,2024-03-01
CUS_0x9694_2023_08_01,CUS_0x9694,1/8/2023,10,7,10000,1000,1000,0,3000,1/3/2024,2024-03-01,2025-11-09 07:06:39.639615,data/lms_loan_daily.csv,2024-03-01
CUS_0x96a6_2023_10_01,CUS_0x96a6,1/10/2023,10,5,10000,1000,1000,0,5000,1/3/2024,2024-03-01,2025-11-09 07:06:39.639615,data/lms_loan_daily.csv,2024-03-01
CUS_0x96b1_2023_11_01,CUS_0x96b1,1/11/2023,10,4,10000,1000,1000,0,6000,1/3/2024,2024-03-01,2025-11-09 07:06:39.639615,data/lms_loan_daily.csv,2024-03-01
CUS_0x96b4_2023_08_01,CUS_0x96b4,1/8/2023,10,7,10000,1000,0,4000,7000,1/3/2024,2024-03-01,2025-11-09 07:06:39.639615,data/lms_loan_daily.csv,2024-03-01
CUS_0x96b5_2023_12_01,CUS_0x96b5,1/12/2023,10,3,10000,1000,1000,0,7000,1/3/2024,2024-03-01,2025-11-09 07:06:39.639615,data/lms_loan_daily.csv,2024-03-01
CUS_0x96c_2023_06_01,CUS_0x96c,1/6/2023,10,9,10000,1000,1000,0,1000,1/3/2024,2024-03-01,2025-11-09 07:06:39.639615,data/lms_loan_daily.csv,2024-03-01
CUS_0x96c3_2024_03_01,CUS_0x96c3,1/3/2024,10,0,10000,0,0,0,10000,1/3/2024,2024-03-01,2025-11-09 07:06:39.639615,data/lms_loan_daily.csv,2024-03-01
CUS_0x96c8_2023_11_01,CUS_0x96c8,1/11/2023,10,4,10000,1000,2000,0,6000,1/3/2024,2024-03-01,2025-11-09 07:06:39.639615,data/lms_loan_daily.csv,2024-03-01
CUS_0x96cd_2023_08_01,CUS_0x96cd,1/8/2023,10,7,10000,1000,0,6000,9000,1/3/2024,2024-03-01,2025-11-09 07:06:39.639615,data/lms_loan_daily.csv,2024-03-01
CUS_0x96d9_2024_03_01,CUS_0x96d9,1/3/2024,10,0,10000,0,0,0,10000,1/3/2024,2024-03-01,2025-11-09 07:06:39.639615,data/lms_loan_daily.csv,2024-03-01
CUS_0x96da_2023_10_01,CUS_0x96da,1/10/2023,10,5,10000,1000,1000,0,5000,1/3/2024,2024-03-01,2025-11-09 07:06:39.639615,data/lms_loan_daily.csv,2024-03-01
CUS_0x96de_2023_06_01,CUS_0x96de,1/6/2023,10,9,10000,1000,1000,0,1000,1/3/2024,2024-03-01,2025-11-09 07:06:39.639615,data/lms_loan_daily.csv,2024-03-01
CUS_0x96e8_2024_02_01,CUS_0x96e8,1/2/2024,10,1,10000,1000,1000,0,9000,1/3/2024,2024-03-01,2025-11-09 07:06:39.639615,data/lms_loan_daily.csv,2024-03-01
CUS_0x96f7_2023_06_01,CUS_0x96f7,1/6/2023,10,9,10000,1000,1000,0,1000,1/3/2024,2024-03-01,2025-11-09 07:06:39.639615,data/lms_loan_daily.csv,2024-03-01
CUS_0x9708_2023_07_01,CUS_0x9708,1/7/2023,10,8,10000,1000,1000,0,2000,1/3/2024,2024-03-01,2025-11-09 07:06:39.639615,data/lms_loan_daily.csv,2024-03-01
CUS_0x970b_2023_05_01,CUS_0x970b,1/5/2023,10,10,10000,1000,1000,0,0,1/3/2024,2024-03-01,2025-11-09 07:06:39.639615,data/lms_loan_daily.csv,2024-03-01
CUS_0x971a_2023_08_01,CUS_0x971a,1/8/2023,10,7,10000,1000,0,5000,8000,1/3/2024,2024-03-01,2025-11-09 07:06:39.639615,data/lms_loan_daily.csv,2024-03-01
CUS_0x971f_2023_08_01,CUS_0x971f,1/8/2023,10,7,10000,1000,0,5000,8000,1/3/2024,2024-03-01,2025-11-09 07:06:39.639615,data/lms_loan_daily.csv,2024-03-01
CUS_0x972f_2023_11_01,CUS_0x972f,1/11/2023,10,4,10000,1000,1000,0,6000,1/3/2024,2024-03-01,2025-11-09 07:06:39.639615,data/lms_loan_daily.csv,2024-03-01
CUS_0x9730_2024_01_01,CUS_0x9730,1/1/2024,10,2,10000,1000,1000,0,8000,1/3/2024,2024-03-01,2025-11-09 07:06:39.639615,data/lms_loan_daily.csv,2024-03-01
CUS_0x9737_2023_11_01,CUS_0x9737,1/11/2023,10,4,10000,1000,1000,0,6000,1/3/2024,2024-03-01,2025-11-09 07:06:39.639615,data/lms_loan_daily.csv,2024-03-01
CUS_0x973e_2023_05_01,CUS_0x973e,1/5/2023,10,10,10000,1000,0,7000,7000,1/3/2024,2024-03-01,2025-11-09 07:06:39.639615,data/lms_loan_daily.csv,2024-03-01
CUS_0x974_2023_06_01,CUS_0x974,1/6/2023,10,9,10000,1000,1000,0,1000,1/3/2024,2024-03-01,2025-11-09 07:06:39.639615,data/lms_loan_daily.csv,2024-03-01
CUS_0x9741_2023_12_01,CUS_0x9741,1/12/2023,10,3,10000,1000,1000,0,7000,1/3/2024,2024-03-01,2025-11-09 07:06:39.639615,data/lms_loan_daily.csv,2024-03-01
CUS_0x974a_2023_06_01,CUS_0x974a,1/6/2023,10,9,10000,1000,0,7000,8000,1/3/2024,2024-03-01,2025-11-09 07:06:39.639615,data/lms_loan_daily.csv,2024-03-01
CUS_0x9754_2023_10_01,CUS_0x9754,1/10/2023,10,5,10000,1000,1000,0,5000,1/3/2024,2024-03-01,2025-11-09 07:06:39.639615,data/lms_loan_daily.csv,2024-03-01
CUS_0x975d_2023_10_01,CUS_0x975d,1/10/2023,10,5,10000,1000,0,1000,6000,1/3/2024,2024-03-01,2025-11-09 07:06:39.639615,data/lms_loan_daily.csv,2024-03-01
CUS_0x9761_2023_12_01,CUS_0x9761,1/12/2023,10,3,10000,1000,1000,0,7000,1/3/2024,2024-03-01,2025-11-09 07:06:39.639615,data/lms_loan_daily.csv,2024-03-01
CUS_0x9769_2024_01_01,CUS_0x9769,1/1/2024,10,2,10000,1000,1000,0,8000,1/3/2024,2024-03-01,2025-11-09 07:06:39.639615,data/lms_loan_daily.csv,2024-03-01
CUS_0x9772_2024_02_01,CUS_0x9772,1/2/2024,10,1,10000,1000,1000,0,9000,1/3/2024,2024-03-01,2025-11-09 07:06:39.639615,data/lms_loan_daily.csv,2024-03-01
CUS_0x9778_2024_01_01,CUS_0x9778,1/1/2024,10,2,10000,1000,1000,0,8000,1/3/2024,2024-03-01,2025-11-09 07:06:39.639615,data/lms_loan_daily.csv,2024-03-01
CUS_0x978_2023_09_01,CUS_0x978,1/9/2023,10,6,10000,1000,1000,0,4000,1/3/2024,2024-03-01,2025-11-09 07:06:39.639615,data/lms_loan_daily.csv,2024-03-01
CUS_0x9783_2024_03_01,CUS_0x9783,1/3/2024,10,0,10000,0,0,0,10000,1/3/2024,2024-03-01,2025-11-09 07:06:39.639615,data/lms_loan_daily.csv,2024-03-01
CUS_0x97a_2023_10_01,CUS_0x97a,1/10/2023,10,5,10000,1000,1000,0,5000,1/3/2024,2024-03-01,2025-11-09 07:06:39.639615,data/lms_loan_daily.csv,2024-03-01
CUS_0x97a2_2023_06_01,CUS_0x97a2,1/6/2023,10,9,10000,1000,0,6000,7000,1/3/2024,2024-03-01,2025-11-09 07:06:39.639615,data/lms_loan_daily.csv,2024-03-01
CUS_0x97a4_2023_11_01,CUS_0x97a4,1/11/2023,10,4,10000,1000,0,2000,8000,1/3/2024,2024-03-01,2025-11-09 07:06:39.639615,data/lms_loan_daily.csv,2024-03-01
CUS_0x97d_2023_06_01,CUS_0x97d,1/6/2023,10,9,10000,1000,0,7000,8000,1/3/2024,2024-03-01,2025-11-09 07:06:39.639615,data/lms_loan_daily.csv,2024-03-01
CUS_0x97d1_2023_10_01,CUS_0x97d1,1/10/2023,10,5,10000,1000,0,1000,6000,1/3/2024,2024-03-01,2025-11-09 07:06:39.639615,data/lms_loan_daily.csv,2024-03-01
CUS_0x97da_2023_10_01,CUS_0x97da,1/10/2023,10,5,10000,1000,0,3000,8000,1/3/2024,2024-03-01,2025-11-09 07:06:39.639615,data/lms_loan_daily.csv,2024-03-01
CUS_0x97e1_2023_10_01,CUS_0x97e1,1/10/2023,10,5,10000,1000,0,1000,6000,1/3/2024,2024-03-01,2025-11-09 07:06:39.639615,data/lms_loan_daily.csv,2024-03-01
CUS_0x97ec_2024_02_01,CUS_0x97ec,1/2/2024,10,1,10000,1000,1000,0,9000,1/3/2024,2024-03-01,2025-11-09 07:06:39.639615,data/lms_loan_daily.csv,2024-03-01
CUS_0x9803_2023_08_01,CUS_0x9803,1/8/2023,10,7,10000,1000,0,3000,6000,1/3/2024,2024-03-01,2025-11-09 07:06:39.639615,data/lms_loan_daily.csv,2024-03-01
CUS_0x980b_2023_05_01,CUS_0x980b,1/5/2023,10,10,10000,1000,1000,0,0,1/3/2024,2024-03-01,2025-11-09 07:06:39.639615,data/lms_loan_daily.csv,2024-03-01
CUS_0x981_2023_07_01,CUS_0x981,1/7/2023,10,8,10000,1000,1000,0,2000,1/3/2024,2024-03-01,2025-11-09 07:06:39.639615,data/lms_loan_daily.csv,2024-03-01
CUS_0x9815_2023_12_01,CUS_0x9815,1/12/2023,10,3,10000,1000,0,1000,8000,1/3/2024,2024-03-01,2025-11-09 07:06:39.639615,data/lms_loan_daily.csv,2024-03-01
CUS_0x9819_2023_05_01,CUS_0x9819,1/5/2023,10,10,10000,1000,1000,0,0,1/3/2024,2024-03-01,2025-11-09 07:06:39.639615,data/lms_loan_daily.csv,2024-03-01
CUS_0x981c_2024_02_01,CUS_0x981c,1/2/2024,10,1,10000,1000,1000,0,9000,1/3/2024,2024-03-01,2025-11-09 07:06:39.639615,data/lms_loan_daily.csv,2024-03-01
CUS_0x981d_2023_05_01,CUS_0x981d,1/5/2023,10,10,10000,1000,0,7000,7000,1/3/2024,2024-03-01,2025-11-09 07:06:39.639615,data/lms_loan_daily.csv,2024-03-01
CUS_0x9828_2023_10_01,CUS_0x9828,1/10/2023,10,5,10000,1000,0,2000,7000,1/3/2024,2024-03-01,2025-11-09 07:06:39.639615,data/lms_loan_daily.csv,2024-03-01
CUS_0x982a_2024_03_01,CUS_0x982a,1/3/2024,10,0,10000,0,0,0,10000,1/3/2024,2024-03-01,2025-11-09 07:06:39.639615,data/lms_loan_daily.csv,2024-03-01
CUS_0x982e_2023_05_01,CUS_0x982e,1/5/2023,10,10,10000,1000,1000,0,0,1/3/2024,2024-03-01,2025-11-09 07:06:39.639615,data/lms_loan_daily.csv,2024-03-01
CUS_0x983a_2024_03_01,CUS_0x983a,1/3/2024,10,0,10000,0,0,0,10000,1/3/2024,2024-03-01,2025-11-09 07:06:39.639615,data/lms_loan_daily.csv,2024-03-01
CUS_0x983b_2024_02_01,CUS_0x983b,1/2/2024,10,1,10000,1000,1000,0,9000,1/3/2024,2024-03-01,2025-11-09 07:06:39.639615,data/lms_loan_daily.csv,2024-03-01
CUS_0x985e_2023_06_01,CUS_0x985e,1/6/2023,10,9,10000,1000,1000,0,1000,1/3/2024,2024-03-01,2025-11-09 07:06:39.639615,data/lms_loan_daily.csv,2024-03-01
CUS_0x9860_2023_10_01,CUS_0x9860,1/10/2023,10,5,10000,1000,0,2000,7000,1/3/2024,2024-03-01,2025-11-09 07:06:39.639615,data/lms_loan_daily.csv,2024-03-01
CUS_0x9867_2023_06_01,CUS_0x9867,1/6/2023,10,9,10000,1000,1000,0,1000,1/3/2024,2024-03-01,2025-11-09 07:06:39.639615,data/lms_loan_daily.csv,2024-03-01
CUS_0x9871_2024_03_01,CUS_0x9871,1/3/2024,10,0,10000,0,0,0,10000,1/3/2024,2024-03-01,2025-11-09 07:06:39.639615,data/lms_loan_daily.csv,2024-03-01
CUS_0x987a_2023_08_01,CUS_0x987a,1/8/2023,10,7,10000,1000,1000,0,3000,1/3/2024,2024-03-01,2025-11-09 07:06:39.639615,data/lms_loan_daily.csv,2024-03-01
CUS_0x987b_2024_02_01,CUS_0x987b,1/2/2024,10,1,10000,1000,1000,0,9000,1/3/2024,2024-03-01,2025-11-09 07:06:39.639615,data/lms_loan_daily.csv,2024-03-01
CUS_0x987d_2024_03_01,CUS_0x987d,1/3/2024,10,0,10000,0,0,0,10000,1/3/2024,2024-03-01,2025-11-09 07:06:39.639615,data/lms_loan_daily.csv,2024-03-01
CUS_0x9884_2023_09_01,CUS_0x9884,1/9/2023,10,6,10000,1000,1000,0,4000,1/3/2024,2024-03-01,2025-11-09 07:06:39.639615,data/lms_loan_daily.csv,2024-03-01
CUS_0x9886_2024_01_01,CUS_0x9886,1/1/2024,10,2,10000,1000,1000,0,8000,1/3/2024,2024-03-01,2025-11-09 07:06:39.639615,data/lms_loan_daily.csv,2024-03-01
CUS_0x9891_2023_11_01,CUS_0x9891,1/11/2023,10,4,10000,1000,1000,0,6000,1/3/2024,2024-03-01,2025-11-09 07:06:39.639615,data/lms_loan_daily.csv,2024-03-01
CUS_0x9893_2024_02_01,CUS_0x9893,1/2/2024,10,1,10000,1000,1000,0,9000,1/3/2024,2024-03-01,2025-11-09 07:06:39.639615,data/lms_loan_daily.csv,2024-03-01
CUS_0x9894_2024_02_01,CUS_0x9894,1/2/2024,10,1,10000,1000,1000,0,9000,1/3/2024,2024-03-01,2025-11-09 07:06:39.639615,data/lms_loan_daily.csv,2024-03-01
CUS_0x98a_2023_07_01,CUS_0x98a,1/7/2023,10,8,10000,1000,0,6000,8000,1/3/2024,2024-03-01,2025-11-09 07:06:39.639615,data/lms_loan_daily.csv,2024-03-01
CUS_0x98c2_2023_06_01,CUS_0x98c2,1/6/2023,10,9,10000,1000,1000,0,1000,1/3/2024,2024-03-01,2025-11-09 07:06:39.639615,data/lms_loan_daily.csv,2024-03-01
CUS_0x98c3_2024_02_01,CUS_0x98c3,1/2/2024,10,1,10000,1000,1000,0,9000,1/3/2024,2024-03-01,2025-11-09 07:06:39.639615,data/lms_loan_daily.csv,2024-03-01
CUS_0x98e3_2023_06_01,CUS_0x98e3,1/6/2023,10,9,10000,1000,1000,0,1000,1/3/2024,2024-03-01,2025-11-09 07:06:39.639615,data/lms_loan_daily.csv,2024-03-01
CUS_0x98e4_2023_09_01,CUS_0x98e4,1/9/2023,10,6,10000,1000,0,3000,7000,1/3/2024,2024-03-01,2025-11-09 07:06:39.639615,data/lms_loan_daily.csv,2024-03-01
CUS_0x98e7_2023_10_01,CUS_0x98e7,1/10/2023,10,5,10000,1000,0,1000,6000,1/3/2024,2024-03-01,2025-11-09 07:06:39.639615,data/lms_loan_daily.csv,2024-03-01
CUS_0x98f5_2023_12_01,CUS_0x98f5,1/12/2023,10,3,10000,1000,0,1000,8000,1/3/2024,2024-03-01,2025-11-09 07:06:39.639615,data/lms_loan_daily.csv,2024-03-01
CUS_0x98f6_2024_01_01,CUS_0x98f6,1/1/2024,10,2,10000,1000,2000,0,8000,1/3/2024,2024-03-01,2025-11-09 07:06:39.639615,data/lms_loan_daily.csv,2024-03-01
CUS_0x9902_2023_05_01,CUS_0x9902,1/5/2023,10,10,10000,1000,1000,0,0,1/3/2024,2024-03-01,2025-11-09 07:06:39.639615,data/lms_loan_daily.csv,2024-03-01
CUS_0x9903_2023_06_01,CUS_0x9903,1/6/2023,10,9,10000,1000,1000,0,1000,1/3/2024,2024-03-01,2025-11-09 07:06:39.639615,data/lms_loan_daily.csv,2024-03-01
CUS_0x9906_2024_01_01,CUS_0x9906,1/1/2024,10,2,10000,1000,1000,0,8000,1/3/2024,2024-03-01,2025-11-09 07:06:39.639615,data/lms_loan_daily.csv,2024-03-01
CUS_0x990e_2024_02_01,CUS_0x990e,1/2/2024,10,1,10000,1000,1000,0,9000,1/3/2024,2024-03-01,2025-11-09 07:06:39.639615,data/lms_loan_daily.csv,2024-03-01
CUS_0x9919_2023_05_01,CUS_0x9919,1/5/2023,10,10,10000,1000,0,6000,6000,1/3/2024,2024-03-01,2025-11-09 07:06:39.639615,data/lms_loan_daily.csv,2024-03-01
CUS_0x991d_2024_01_01,CUS_0x991d,1/1/2024,10,2,10000,1000,1000,0,8000,1/3/2024,2024-03-01,2025-11-09 07:06:39.639615,data/lms_loan_daily.csv,2024-03-01
CUS_0x991f_2024_03_01,CUS_0x991f,1/3/2024,10,0,10000,0,0,0,10000,1/3/2024,2024-03-01,2025-11-09 07:06:39.639615,data/lms_loan_daily.csv,2024-03-01
CUS_0x992b_2024_03_01,CUS_0x992b,1/3/2024,10,0,10000,0,0,0,10000,1/3/2024,2024-03-01,2025-11-09 07:06:39.639615,data/lms_loan_daily.csv,2024-03-01
CUS_0x9931_2023_05_01,CUS_0x9931,1/5/2023,10,10,10000,1000,1000,0,0,1/3/2024,2024-03-01,2025-11-09 07:06:39.639615,data/lms_loan_daily.csv,2024-03-01
CUS_0x9934_2023_08_01,CUS_0x9934,1/8/2023,10,7,10000,1000,1000,0,3000,1/3/2024,2024-03-01,2025-11-09 07:06:39.639615,data/lms_loan_daily.csv,2024-03-01
CUS_0x9939_2023_06_01,CUS_0x9939,1/6/2023,10,9,10000,1000,1000,0,1000,1/3/2024,2024-03-01,2025-11-09 07:06:39.639615,data/lms_loan_daily.csv,2024-03-01
CUS_0x9941_2024_03_01,CUS_0x9941,1/3/2024,10,0,10000,0,0,0,10000,1/3/2024,2024-03-01,2025-11-09 07:06:39.639615,data/lms_loan_daily.csv,2024-03-01
CUS_0x9942_2024_01_01,CUS_0x9942,1/1/2024,10,2,10000,1000,1000,0,8000,1/3/2024,2024-03-01,2025-11-09 07:06:39.639615,data/lms_loan_daily.csv,2024-03-01
CUS_0x994c_2024_01_01,CUS_0x994c,1/1/2024,10,2,10000,1000,1000,0,8000,1/3/2024,2024-03-01,2025-11-09 07:06:39.639615,data/lms_loan_daily.csv,2024-03-01
CUS_0x995_2023_05_01,CUS_0x995,1/5/2023,10,10,10000,1000,1000,0,0,1/3/2024,2024-03-01,2025-11-09 07:06:39.639615,data/lms_loan_daily.csv,2024-03-01
CUS_0x995b_2023_10_01,CUS_0x995b,1/10/2023,10,5,10000,1000,1000,0,5000,1/3/2024,2024-03-01,2025-11-09 07:06:39.639615,data/lms_loan_daily.csv,2024-03-01
CUS_0x9967_2023_09_01,CUS_0x9967,1/9/2023,10,6,10000,1000,1000,0,4000,1/3/2024,2024-03-01,2025-11-09 07:06:39.639615,data/lms_loan_daily.csv,2024-03-01
CUS_0x997_2023_12_01,CUS_0x997,1/12/2023,10,3,10000,1000,1000,0,7000,1/3/2024,2024-03-01,2025-11-09 07:06:39.639615,data/lms_loan_daily.csv,2024-03-01
CUS_0x9970_2023_10_01,CUS_0x9970,1/10/2023,10,5,10000,1000,1000,0,5000,1/3/2024,2024-03-01,2025-11-09 07:06:39.639615,data/lms_loan_daily.csv,2024-03-01
CUS_0x9974_2024_02_01,CUS_0x9974,1/2/2024,10,1,10000,1000,1000,0,9000,1/3/2024,2024-03-01,2025-11-09 07:06:39.639615,data/lms_loan_daily.csv,2024-03-01
CUS_0x997a_2023_07_01,CUS_0x997a,1/7/2023,10,8,10000,1000,1000,0,2000,1/3/2024,2024-03-01,2025-11-09 07:06:39.639615,data/lms_loan_daily.csv,2024-03-01
CUS_0x9983_2024_03_01,CUS_0x9983,1/3/2024,10,0,10000,0,0,0,10000,1/3/2024,2024-03-01,2025-11-09 07:06:39.639615,data/lms_loan_daily.csv,2024-03-01
CUS_0x998f_2023_09_01,CUS_0x998f,1/9/2023,10,6,10000,1000,1000,0,4000,1/3/2024,2024-03-01,2025-11-09 07:06:39.639615,data/lms_loan_daily.csv,2024-03-01
CUS_0x999f_2024_01_01,CUS_0x999f,1/1/2024,10,2,10000,1000,0,1000,9000,1/3/2024,2024-03-01,2025-11-09 07:06:39.639615,data/lms_loan_daily.csv,2024-03-01
CUS_0x99a_2023_05_01,CUS_0x99a,1/5/2023,10,10,10000,1000,0,9000,9000,1/3/2024,2024-03-01,2025-11-09 07:06:39.639615,data/lms_loan_daily.csv,2024-03-01
CUS_0x99a9_2023_11_01,CUS_0x99a9,1/11/2023,10,4,10000,1000,1000,0,6000,1/3/2024,2024-03-01,2025-11-09 07:06:39.639615,data/lms_loan_daily.csv,2024-03-01
CUS_0x99b_2024_02_01,CUS_0x99b,1/2/2024,10,1,10000,1000,1000,0,9000,1/3/2024,2024-03-01,2025-11-09 07:06:39.639615,data/lms_loan_daily.csv,2024-03-01
CUS_0x99b4_2024_02_01,CUS_0x99b4,1/2/2024,10,1,10000,1000,1000,0,9000,1/3/2024,2024-03-01,2025-11-09 07:06:39.639615,data/lms_loan_daily.csv,2024-03-01
CUS_0x99b9_2024_02_01,CUS_0x99b9,1/2/2024,10,1,10000,1000,1000,0,9000,1/3/2024,2024-03-01,2025-11-09 07:06:39.639615,data/lms_loan_daily.csv,2024-03-01
CUS_0x99ba_2023_11_01,CUS_0x99ba,1/11/2023,10,4,10000,1000,1000,0,6000,1/3/2024,2024-03-01,2025-11-09 07:06:39.639615,data/lms_loan_daily.csv,2024-03-01
CUS_0x99bc_2023_11_01,CUS_0x99bc,1/11/2023,10,4,10000,1000,0,2000,8000,1/3/2024,2024-03-01,2025-11-09 07:06:39.639615,data/lms_loan_daily.csv,2024-03-01
CUS_0x99be_2023_12_01,CUS_0x99be,1/12/2023,10,3,10000,1000,1000,0,7000,1/3/2024,2024-03-01,2025-11-09 07:06:39.639615,data/lms_loan_daily.csv,2024-03-01
CUS_0x99c6_2023_10_01,CUS_0x99c6,1/10/2023,10,5,10000,1000,1000,0,5000,1/3/2024,2024-03-01,2025-11-09 07:06:39.639615,data/lms_loan_daily.csv,2024-03-01
CUS_0x99c9_2024_03_01,CUS_0x99c9,1/3/2024,10,0,10000,0,0,0,10000,1/3/2024,2024-03-01,2025-11-09 07:06:39.639615,data/lms_loan_daily.csv,2024-03-01
CUS_0x99ca_2023_11_01,CUS_0x99ca,1/11/2023,10,4,10000,1000,1000,0,6000,1/3/2024,2024-03-01,2025-11-09 07:06:39.639615,data/lms_loan_daily.csv,2024-03-01
CUS_0x99d9_2023_07_01,CUS_0x99d9,1/7/2023,10,8,10000,1000,1000,0,2000,1/3/2024,2024-03-01,2025-11-09 07:06:39.639615,data/lms_loan_daily.csv,2024-03-01
CUS_0x99dc_2023_12_01,CUS_0x99dc,1/12/2023,10,3,10000,1000,0,1000,8000,1/3/2024,2024-03-01,2025-11-09 07:06:39.639615,data/lms_loan_daily.csv,2024-03-01
CUS_0x99e9_2024_02_01,CUS_0x99e9,1/2/2024,10,1,10000,1000,1000,0,9000,1/3/2024,2024-03-01,2025-11-09 07:06:39.639615,data/lms_loan_daily.csv,2024-03-01
CUS_0x99ec_2024_02_01,CUS_0x99ec,1/2/2024,10,1,10000,1000,1000,0,9000,1/3/2024,2024-03-01,2025-11-09 07:06:39.639615,data/lms_loan_daily.csv,2024-03-01
CUS_0x99f1_2023_05_01,CUS_0x99f1,1/5/2023,10,10,10000,1000,1000,0,0,1/3/2024,2024-03-01,2025-11-09 07:06:39.639615,data/lms_loan_daily.csv,2024-03-01
CUS_0x9a06_2023_08_01,CUS_0x9a06,1/8/2023,10,7,10000,1000,1000,0,3000,1/3/2024,2024-03-01,2025-11-09 07:06:39.639615,data/lms_loan_daily.csv,2024-03-01
CUS_0x9a0c_2024_01_01,CUS_0x9a0c,1/1/2024,10,2,10000,1000,1000,0,8000,1/3/2024,2024-03-01,2025-11-09 07:06:39.639615,data/lms_loan_daily.csv,2024-03-01
CUS_0x9a0f_2023_07_01,CUS_0x9a0f,1/7/2023,10,8,10000,1000,0,5000,7000,1/3/2024,2024-03-01,2025-11-09 07:06:39.639615,data/lms_loan_daily.csv,2024-03-01
CUS_0x9a1_2024_02_01,CUS_0x9a1,1/2/2024,10,1,10000,1000,1000,0,9000,1/3/2024,2024-03-01,2025-11-09 07:06:39.639615,data/lms_loan_daily.csv,2024-03-01
CUS_0x9a18_2024_03_01,CUS_0x9a18,1/3/2024,10,0,10000,0,0,0,10000,1/3/2024,2024-03-01,2025-11-09 07:06:39.639615,data/lms_loan_daily.csv,2024-03-01
CUS_0x9a26_2024_01_01,CUS_0x9a26,1/1/2024,10,2,10000,1000,1000,0,8000,1/3/2024,2024-03-01,2025-11-09 07:06:39.639615,data/lms_loan_daily.csv,2024-03-01
CUS_0x9a30_2024_03_01,CUS_0x9a30,1/3/2024,10,0,10000,0,0,0,10000,1/3/2024,2024-03-01,2025-11-09 07:06:39.639615,data/lms_loan_daily.csv,2024-03-01
CUS_0x9a3c_2024_03_01,CUS_0x9a3c,1/3/2024,10,0,10000,0,0,0,10000,1/3/2024,2024-03-01,2025-11-09 07:06:39.639615,data/lms_loan_daily.csv,2024-03-01
CUS_0x9a43_2024_02_01,CUS_0x9a43,1/2/2024,10,1,10000,1000,0,1000,10000,1/3/2024,2024-03-01,2025-11-09 07:06:39.639615,data/lms_loan_daily.csv,2024-03-01
CUS_0x9a4b_2023_08_01,CUS_0x9a4b,1/8/2023,10,7,10000,1000,1000,0,3000,1/3/2024,2024-03-01,2025-11-09 07:06:39.639615,data/lms_loan_daily.csv,2024-03-01
CUS_0x9a51_2023_10_01,CUS_0x9a51,1/10/2023,10,5,10000,1000,1000,0,5000,1/3/2024,2024-03-01,2025-11-09 07:06:39.639615,data/lms_loan_daily.csv,2024-03-01
CUS_0x9a58_2023_09_01,CUS_0x9a58,1/9/2023,10,6,10000,1000,1000,0,4000,1/3/2024,2024-03-01,2025-11-09 07:06:39.639615,data/lms_loan_daily.csv,2024-03-01
CUS_0x9a6b_2023_12_01,CUS_0x9a6b,1/12/2023,10,3,10000,1000,1000,0,7000,1/3/2024,2024-03-01,2025-11-09 07:06:39.639615,data/lms_loan_daily.csv,2024-03-01
CUS_0x9a7_2024_01_01,CUS_0x9a7,1/1/2024,10,2,10000,1000,1000,0,8000,1/3/2024,2024-03-01,2025-11-09 07:06:39.639615,data/lms_loan_daily.csv,2024-03-01
CUS_0x9a70_2024_03_01,CUS_0x9a70,1/3/2024,10,0,10000,0,0,0,10000,1/3/2024,2024-03-01,2025-11-09 07:06:39.639615,data/lms_loan_daily.csv,2024-03-01
CUS_0x9a7a_2023_08_01,CUS_0x9a7a,1/8/2023,10,7,10000,1000,1000,0,3000,1/3/2024,2024-03-01,2025-11-09 07:06:39.639615,data/lms_loan_daily.csv,2024-03-01
CUS_0x9a8d_2024_01_01,CUS_0x9a8d,1/1/2024,10,2,10000,1000,1000,0,8000,1/3/2024,2024-03-01,2025-11-09 07:06:39.639615,data/lms_loan_daily.csv,2024-03-01
CUS_0x9a9_2023_08_01,CUS_0x9a9,1/8/2023,10,7,10000,1000,1000,0,3000,1/3/2024,2024-03-01,2025-11-09 07:06:39.639615,data/lms_loan_daily.csv,2024-03-01
CUS_0x9a92_2023_05_01,CUS_0x9a92,1/5/2023,10,10,10000,1000,1000,0,0,1/3/2024,2024-03-01,2025-11-09 07:06:39.639615,data/lms_loan_daily.csv,2024-03-01
CUS_0x9aa1_2024_03_01,CUS_0x9aa1,1/3/2024,10,0,10000,0,0,0,10000,1/3/2024,2024-03-01,2025-11-09 07:06:39.639615,data/lms_loan_daily.csv,2024-03-01
CUS_0x9ab9_2023_08_01,CUS_0x9ab9,1/8/2023,10,7,10000,1000,1000,0,3000,1/3/2024,2024-03-01,2025-11-09 07:06:39.639615,data/lms_loan_daily.csv,2024-03-01
CUS_0x9abb_2023_09_01,CUS_0x9abb,1/9/2023,10,6,10000,1000,0,2000,6000,1/3/2024,2024-03-01,2025-11-09 07:06:39.639615,data/lms_loan_daily.csv,2024-03-01
CUS_0x9ad_2023_06_01,CUS_0x9ad,1/6/2023,10,9,10000,1000,1000,0,1000,1/3/2024,2024-03-01,2025-11-09 07:06:39.639615,data/lms_loan_daily.csv,2024-03-01
CUS_0x9adc_2023_12_01,CUS_0x9adc,1/12/2023,10,3,10000,1000,1000,0,7000,1/3/2024,2024-03-01,2025-11-09 07:06:39.639615,data/lms_loan_daily.csv,2024-03-01
CUS_0x9ae_2023_11_01,CUS_0x9ae,1/11/2023,10,4,10000,1000,0,1000,7000,1/3/2024,2024-03-01,2025-11-09 07:06:39.639615,data/lms_loan_daily.csv,2024-03-01
CUS_0x9ae6_2024_02_01,CUS_0x9ae6,1/2/2024,10,1,10000,1000,0,1000,10000,1/3/2024,2024-03-01,2025-11-09 07:06:39.639615,data/lms_loan_daily.csv,2024-03-01
CUS_0x9ae8_2023_10_01,CUS_0x9ae8,1/10/2023,10,5,10000,1000,1000,0,5000,1/3/2024,2024-03-01,2025-11-09 07:06:39.639615,data/lms_loan_daily.csv,2024-03-01
CUS_0x9aef_2023_10_01,CUS_0x9aef,1/10/2023,10,5,10000,1000,1000,0,5000,1/3/2024,2024-03-01,2025-11-09 07:06:39.639615,data/lms_loan_daily.csv,2024-03-01
CUS_0x9afb_2023_12_01,CUS_0x9afb,1/12/2023,10,3,10000,1000,0,1000,8000,1/3/2024,2024-03-01,2025-11-09 07:06:39.639615,data/lms_loan_daily.csv,2024-03-01
CUS_0x9b0f_2023_05_01,CUS_0x9b0f,1/5/2023,10,10,10000,1000,1000,0,0,1/3/2024,2024-03-01,2025-11-09 07:06:39.639615,data/lms_loan_daily.csv,2024-03-01
CUS_0x9b12_2023_06_01,CUS_0x9b12,1/6/2023,10,9,10000,1000,0,8000,9000,1/3/2024,2024-03-01,2025-11-09 07:06:39.639615,data/lms_loan_daily.csv,2024-03-01
CUS_0x9b1f_2024_01_01,CUS_0x9b1f,1/1/2024,10,2,10000,1000,1000,0,8000,1/3/2024,2024-03-01,2025-11-09 07:06:39.639615,data/lms_loan_daily.csv,2024-03-01
CUS_0x9b3c_2023_09_01,CUS_0x9b3c,1/9/2023,10,6,10000,1000,1000,0,4000,1/3/2024,2024-03-01,2025-11-09 07:06:39.639615,data/lms_loan_daily.csv,2024-03-01
CUS_0x9b46_2023_05_01,CUS_0x9b46,1/5/2023,10,10,10000,1000,1000,0,0,1/3/2024,2024-03-01,2025-11-09 07:06:39.639615,data/lms_loan_daily.csv,2024-03-01
CUS_0x9b4b_2023_09_01,CUS_0x9b4b,1/9/2023,10,6,10000,1000,1000,0,4000,1/3/2024,2024-03-01,2025-11-09 07:06:39.639615,data/lms_loan_daily.csv,2024-03-01
CUS_0x9b4c_2024_02_01,CUS_0x9b4c,1/2/2024,10,1,10000,1000,1000,0,9000,1/3/2024,2024-03-01,2025-11-09 07:06:39.639615,data/lms_loan_daily.csv,2024-03-01
CUS_0x9b58_2024_01_01,CUS_0x9b58,1/1/2024,10,2,10000,1000,0,2000,10000,1/3/2024,2024-03-01,2025-11-09 07:06:39.639615,data/lms_loan_daily.csv,2024-03-01
CUS_0x9b5a_2023_05_01,CUS_0x9b5a,1/5/2023,10,10,10000,1000,1000,0,0,1/3/2024,2024-03-01,2025-11-09 07:06:39.639615,data/lms_loan_daily.csv,2024-03-01
CUS_0x9b5c_2024_01_01,CUS_0x9b5c,1/1/2024,10,2,10000,1000,1000,0,8000,1/3/2024,2024-03-01,2025-11-09 07:06:39.639615,data/lms_loan_daily.csv,2024-03-01
CUS_0x9b60_2023_11_01,CUS_0x9b60,1/11/2023,10,4,10000,1000,1000,0,6000,1/3/2024,2024-03-01,2025-11-09 07:06:39.639615,data/lms_loan_daily.csv,2024-03-01
CUS_0x9b63_2023_08_01,CUS_0x9b63,1/8/2023,10,7,10000,1000,0,5000,8000,1/3/2024,2024-03-01,2025-11-09 07:06:39.639615,data/lms_loan_daily.csv,2024-03-01
CUS_0x9b7d_2023_07_01,CUS_0x9b7d,1/7/2023,10,8,10000,1000,1000,0,2000,1/3/2024,2024-03-01,2025-11-09 07:06:39.639615,data/lms_loan_daily.csv,2024-03-01
CUS_0x9b80_2023_08_01,CUS_0x9b80,1/8/2023,10,7,10000,1000,1000,0,3000,1/3/2024,2024-03-01,2025-11-09 07:06:39.639615,data/lms_loan_daily.csv,2024-03-01
CUS_0x9b81_2024_02_01,CUS_0x9b81,1/2/2024,10,1,10000,1000,1000,0,9000,1/3/2024,2024-03-01,2025-11-09 07:06:39.639615,data/lms_loan_daily.csv,2024-03-01
CUS_0x9b94_2023_07_01,CUS_0x9b94,1/7/2023,10,8,10000,1000,1000,0,2000,1/3/2024,2024-03-01,2025-11-09 07:06:39.639615,data/lms_loan_daily.csv,2024-03-01
CUS_0x9b9e_2023_10_01,CUS_0x9b9e,1/10/2023,10,5,10000,1000,1000,0,5000,1/3/2024,2024-03-01,2025-11-09 07:06:39.639615,data/lms_loan_daily.csv,2024-03-01
CUS_0x9ba5_2023_10_01,CUS_0x9ba5,1/10/2023,10,5,10000,1000,1000,0,5000,1/3/2024,2024-03-01,2025-11-09 07:06:39.639615,data/lms_loan_daily.csv,2024-03-01
CUS_0x9bb0_2023_09_01,CUS_0x9bb0,1/9/2023,10,6,10000,1000,1000,0,4000,1/3/2024,2024-03-01,2025-11-09 07:06:39.639615,data/lms_loan_daily.csv,2024-03-01
CUS_0x9bb1_2023_08_01,CUS_0x9bb1,1/8/2023,10,7,10000,1000,1000,0,3000,1/3/2024,2024-03-01,2025-11-09 07:06:39.639615,data/lms_loan_daily.csv,2024-03-01
CUS_0x9bb7_2023_07_01,CUS_0x9bb7,1/7/2023,10,8,10000,1000,1000,0,2000,1/3/2024,2024-03-01,2025-11-09 07:06:39.639615,data/lms_loan_daily.csv,2024-03-01
CUS_0x9bb9_2023_06_01,CUS_0x9bb9,1/6/2023,10,9,10000,1000,0,8000,9000,1/3/2024,2024-03-01,2025-11-09 07:06:39.639615,data/lms_loan_daily.csv,2024-03-01
CUS_0x9bbd_2023_12_01,CUS_0x9bbd,1/12/2023,10,3,10000,1000,1000,0,7000,1/3/2024,2024-03-01,2025-11-09 07:06:39.639615,data/lms_loan_daily.csv,2024-03-01
CUS_0x9bc1_2023_10_01,CUS_0x9bc1,1/10/2023,10,5,10000,1000,1000,0,5000,1/3/2024,2024-03-01,2025-11-09 07:06:39.639615,data/lms_loan_daily.csv,2024-03-01
CUS_0x9bc4_2023_07_01,CUS_0x9bc4,1/7/2023,10,8,10000,1000,0,6000,8000,1/3/2024,2024-03-01,2025-11-09 07:06:39.639615,data/lms_loan_daily.csv,2024-03-01
CUS_0x9be9_2023_05_01,CUS_0x9be9,1/5/2023,10,10,10000,1000,0,8000,8000,1/3/2024,2024-03-01,2025-11-09 07:06:39.639615,data/lms_loan_daily.csv,2024-03-01
CUS_0x9bf4_2023_11_01,CUS_0x9bf4,1/11/2023,10,4,10000,1000,1000,0,6000,1/3/2024,2024-03-01,2025-11-09 07:06:39.639615,data/lms_loan_daily.csv,2024-03-01
CUS_0x9bf9_2023_05_01,CUS_0x9bf9,1/5/2023,10,10,10000,1000,1000,0,0,1/3/2024,2024-03-01,2025-11-09 07:06:39.639615,data/lms_loan_daily.csv,2024-03-01
CUS_0x9bfa_2023_11_01,CUS_0x9bfa,1/11/2023,10,4,10000,1000,1000,0,6000,1/3/2024,2024-03-01,2025-11-09 07:06:39.639615,data/lms_loan_daily.csv,2024-03-01
CUS_0x9c03_2023_11_01,CUS_0x9c03,1/11/2023,10,4,10000,1000,0,2000,8000,1/3/2024,2024-03-01,2025-11-09 07:06:39.639615,data/lms_loan_daily.csv,2024-03-01
CUS_0x9c08_2023_09_01,CUS_0x9c08,1/9/2023,10,6,10000,1000,1000,0,4000,1/3/2024,2024-03-01,2025-11-09 07:06:39.639615,data/lms_loan_daily.csv,2024-03-01
CUS_0x9c09_2023_10_01,CUS_0x9c09,1/10/2023,10,5,10000,1000,1000,0,5000,1/3/2024,2024-03-01,2025-11-09 07:06:39.639615,data/lms_loan_daily.csv,2024-03-01
CUS_0x9c14_2023_07_01,CUS_0x9c14,1/7/2023,10,8,10000,1000,1000,0,2000,1/3/2024,2024-03-01,2025-11-09 07:06:39.639615,data/lms_loan_daily.csv,2024-03-01
CUS_0x9c19_2023_11_01,CUS_0x9c19,1/11/2023,10,4,10000,1000,0,3000,9000,1/3/2024,2024-03-01,2025-11-09 07:06:39.639615,data/lms_loan_daily.csv,2024-03-01
CUS_0x9c1f_2024_02_01,CUS_0x9c1f,1/2/2024,10,1,10000,1000,1000,0,9000,1/3/2024,2024-03-01,2025-11-09 07:06:39.639615,data/lms_loan_daily.csv,2024-03-01
CUS_0x9c28_2023_05_01,CUS_0x9c28,1/5/2023,10,10,10000,1000,0,6000,6000,1/3/2024,2024-03-01,2025-11-09 07:06:39.639615,data/lms_loan_daily.csv,2024-03-01
CUS_0x9c30_2023_05_01,CUS_0x9c30,1/5/2023,10,10,10000,1000,1000,0,0,1/3/2024,2024-03-01,2025-11-09 07:06:39.639615,data/lms_loan_daily.csv,2024-03-01
CUS_0x9c34_2023_12_01,CUS_0x9c34,1/12/2023,10,3,10000,1000,0,2000,9000,1/3/2024,2024-03-01,2025-11-09 07:06:39.639615,data/lms_loan_daily.csv,2024-03-01
CUS_0x9c3a_2023_09_01,CUS_0x9c3a,1/9/2023,10,6,10000,1000,1000,0,4000,1/3/2024,2024-03-01,2025-11-09 07:06:39.639615,data/lms_loan_daily.csv,2024-03-01
CUS_0x9c4b_2024_01_01,CUS_0x9c4b,1/1/2024,10,2,10000,1000,1000,0,8000,1/3/2024,2024-03-01,2025-11-09 07:06:39.639615,data/lms_loan_daily.csv,2024-03-01
CUS_0x9c4f_2024_03_01,CUS_0x9c4f,1/3/2024,10,0,10000,0,0,0,10000,1/3/2024,2024-03-01,2025-11-09 07:06:39.639615,data/lms_loan_daily.csv,2024-03-01
CUS_0x9c55_2024_02_01,CUS_0x9c55,1/2/2024,10,1,10000,1000,1000,0,9000,1/3/2024,2024-03-01,2025-11-09 07:06:39.639615,data/lms_loan_daily.csv,2024-03-01
CUS_0x9c5b_2023_08_01,CUS_0x9c5b,1/8/2023,10,7,10000,1000,0,4000,7000,1/3/2024,2024-03-01,2025-11-09 07:06:39.639615,data/lms_loan_daily.csv,2024-03-01
CUS_0x9c63_2024_01_01,CUS_0x9c63,1/1/2024,10,2,10000,1000,1000,0,8000,1/3/2024,2024-03-01,2025-11-09 07:06:39.639615,data/lms_loan_daily.csv,2024-03-01
CUS_0x9c79_2023_11_01,CUS_0x9c79,1/11/2023,10,4,10000,1000,1000,0,6000,1/3/2024,2024-03-01,2025-11-09 07:06:39.639615,data/lms_loan_daily.csv,2024-03-01
CUS_0x9c82_2023_07_01,CUS_0x9c82,1/7/2023,10,8,10000,1000,1000,0,2000,1/3/2024,2024-03-01,2025-11-09 07:06:39.639615,data/lms_loan_daily.csv,2024-03-01
CUS_0x9c85_2023_09_01,CUS_0x9c85,1/9/2023,10,6,10000,1000,1000,0,4000,1/3/2024,2024-03-01,2025-11-09 07:06:39.639615,data/lms_loan_daily.csv,2024-03-01
CUS_0x9c9c_2024_03_01,CUS_0x9c9c,1/3/2024,10,0,10000,0,0,0,10000,1/3/2024,2024-03-01,2025-11-09 07:06:39.639615,data/lms_loan_daily.csv,2024-03-01
CUS_0x9ca_2024_02_01,CUS_0x9ca,1/2/2024,10,1,10000,1000,1000,0,9000,1/3/2024,2024-03-01,2025-11-09 07:06:39.639615,data/lms_loan_daily.csv,2024-03-01
CUS_0x9caf_2024_01_01,CUS_0x9caf,1/1/2024,10,2,10000,1000,1000,0,8000,1/3/2024,2024-03-01,2025-11-09 07:06:39.639615,data/lms_loan_daily.csv,2024-03-01
CUS_0x9cb8_2024_02_01,CUS_0x9cb8,1/2/2024,10,1,10000,1000,1000,0,9000,1/3/2024,2024-03-01,2025-11-09 07:06:39.639615,data/lms_loan_daily.csv,2024-03-01
CUS_0x9cc_2023_09_01,CUS_0x9cc,1/9/2023,10,6,10000,1000,0,3000,7000,1/3/2024,2024-03-01,2025-11-09 07:06:39.639615,data/lms_loan_daily.csv,2024-03-01
CUS_0x9cc4_2023_05_01,CUS_0x9cc4,1/5/2023,10,10,10000,1000,1000,0,0,1/3/2024,2024-03-01,2025-11-09 07:06:39.639615,data/lms_loan_daily.csv,2024-03-01
CUS_0x9cd7_2023_09_01,CUS_0x9cd7,1/9/2023,10,6,10000,1000,0,2000,6000,1/3/2024,2024-03-01,2025-11-09 07:06:39.639615,data/lms_loan_daily.csv,2024-03-01
CUS_0x9cdb_2023_11_01,CUS_0x9cdb,1/11/2023,10,4,10000,1000,1000,0,6000,1/3/2024,2024-03-01,2025-11-09 07:06:39.639615,data/lms_loan_daily.csv,2024-03-01
CUS_0x9cdf_2023_12_01,CUS_0x9cdf,1/12/2023,10,3,10000,1000,1000,0,7000,1/3/2024,2024-03-01,2025-11-09 07:06:39.639615,data/lms_loan_daily.csv,2024-03-01
CUS_0x9ce2_2023_09_01,CUS_0x9ce2,1/9/2023,10,6,10000,1000,1000,0,4000,1/3/2024,2024-03-01,2025-11-09 07:06:39.639615,data/lms_loan_daily.csv,2024-03-01
CUS_0x9ce4_2023_08_01,CUS_0x9ce4,1/8/2023,10,7,10000,1000,0,5000,8000,1/3/2024,2024-03-01,2025-11-09 07:06:39.639615,data/lms_loan_daily.csv,2024-03-01
CUS_0x9ce8_2023_05_01,CUS_0x9ce8,1/5/2023,10,10,10000,1000,0,6000,6000,1/3/2024,2024-03-01,2025-11-09 07:06:39.639615,data/lms_loan_daily.csv,2024-03-01
CUS_0x9ce9_2023_12_01,CUS_0x9ce9,1/12/2023,10,3,10000,1000,1000,0,7000,1/3/2024,2024-03-01,2025-11-09 07:06:39.639615,data/lms_loan_daily.csv,2024-03-01
CUS_0x9d04_2024_01_01,CUS_0x9d04,1/1/2024,10,2,10000,1000,1000,0,8000,1/3/2024,2024-03-01,2025-11-09 07:06:39.639615,data/lms_loan_daily.csv,2024-03-01
CUS_0x9d09_2024_01_01,CUS_0x9d09,1/1/2024,10,2,10000,1000,1000,0,8000,1/3/2024,2024-03-01,2025-11-09 07:06:39.639615,data/lms_loan_daily.csv,2024-03-01
CUS_0x9d1a_2024_03_01,CUS_0x9d1a,1/3/2024,10,0,10000,0,0,0,10000,1/3/2024,2024-03-01,2025-11-09 07:06:39.639615,data/lms_loan_daily.csv,2024-03-01
CUS_0x9d2f_2024_03_01,CUS_0x9d2f,1/3/2024,10,0,10000,0,0,0,10000,1/3/2024,2024-03-01,2025-11-09 07:06:39.639615,data/lms_loan_daily.csv,2024-03-01
CUS_0x9d3_2023_11_01,CUS_0x9d3,1/11/2023,10,4,10000,1000,1000,0,6000,1/3/2024,2024-03-01,2025-11-09 07:06:39.639615,data/lms_loan_daily.csv,2024-03-01
CUS_0x9d36_2023_07_01,CUS_0x9d36,1/7/2023,10,8,10000,1000,1000,0,2000,1/3/2024,2024-03-01,2025-11-09 07:06:39.639615,data/lms_loan_daily.csv,2024-03-01
CUS_0x9d60_2024_03_01,CUS_0x9d60,1/3/2024,10,0,10000,0,0,0,10000,1/3/2024,2024-03-01,2025-11-09 07:06:39.639615,data/lms_loan_daily.csv,2024-03-01
CUS_0x9d62_2024_03_01,CUS_0x9d62,1/3/2024,10,0,10000,0,0,0,10000,1/3/2024,2024-03-01,2025-11-09 07:06:39.639615,data/lms_loan_daily.csv,2024-03-01
CUS_0x9d72_2023_07_01,CUS_0x9d72,1/7/2023,10,8,10000,1000,1000,0,2000,1/3/2024,2024-03-01,2025-11-09 07:06:39.639615,data/lms_loan_daily.csv,2024-03-01
CUS_0x9d73_2023_10_01,CUS_0x9d73,1/10/2023,10,5,10000,1000,1000,0,5000,1/3/2024,2024-03-01,2025-11-09 07:06:39.639615,data/lms_loan_daily.csv,2024-03-01
CUS_0x9d77_2023_06_01,CUS_0x9d77,1/6/2023,10,9,10000,1000,1000,0,1000,1/3/2024,2024-03-01,2025-11-09 07:06:39.639615,data/lms_loan_daily.csv,2024-03-01
CUS_0x9d78_2023_06_01,CUS_0x9d78,1/6/2023,10,9,10000,1000,1000,0,1000,1/3/2024,2024-03-01,2025-11-09 07:06:39.639615,data/lms_loan_daily.csv,2024-03-01
CUS_0x9d7d_2023_07_01,CUS_0x9d7d,1/7/2023,10,8,10000,1000,0,5000,7000,1/3/2024,2024-03-01,2025-11-09 07:06:39.639615,data/lms_loan_daily.csv,2024-03-01
CUS_0x9d86_2023_05_01,CUS_0x9d86,1/5/2023,10,10,10000,1000,1000,0,0,1/3/2024,2024-03-01,2025-11-09 07:06:39.639615,data/lms_loan_daily.csv,2024-03-01
CUS_0x9d87_2023_08_01,CUS_0x9d87,1/8/2023,10,7,10000,1000,0,3000,6000,1/3/2024,2024-03-01,2025-11-09 07:06:39.639615,data/lms_loan_daily.csv,2024-03-01
CUS_0x9d89_2023_12_01,CUS_0x9d89,1/12/2023,10,3,10000,1000,1000,0,7000,1/3/2024,2024-03-01,2025-11-09 07:06:39.639615,data/lms_loan_daily.csv,2024-03-01
CUS_0x9d91_2023_09_01,CUS_0x9d91,1/9/2023,10,6,10000,1000,1000,0,4000,1/3/2024,2024-03-01,2025-11-09 07:06:39.639615,data/lms_loan_daily.csv,2024-03-01
CUS_0x9d9a_2023_07_01,CUS_0x9d9a,1/7/2023,10,8,10000,1000,1000,0,2000,1/3/2024,2024-03-01,2025-11-09 07:06:39.639615,data/lms_loan_daily.csv,2024-03-01
CUS_0x9da0_2024_03_01,CUS_0x9da0,1/3/2024,10,0,10000,0,0,0,10000,1/3/2024,2024-03-01,2025-11-09 07:06:39.639615,data/lms_loan_daily.csv,2024-03-01
CUS_0x9da2_2023_07_01,CUS_0x9da2,1/7/2023,10,8,10000,1000,0,6000,8000,1/3/2024,2024-03-01,2025-11-09 07:06:39.639615,data/lms_loan_daily.csv,2024-03-01
CUS_0x9daa_2023_06_01,CUS_0x9daa,1/6/2023,10,9,10000,1000,1000,0,1000,1/3/2024,2024-03-01,2025-11-09 07:06:39.639615,data/lms_loan_daily.csv,2024-03-01
CUS_0x9db8_2023_06_01,CUS_0x9db8,1/6/2023,10,9,10000,1000,1000,0,1000,1/3/2024,2024-03-01,2025-11-09 07:06:39.639615,data/lms_loan_daily.csv,2024-03-01
CUS_0x9dbc_2024_03_01,CUS_0x9dbc,1/3/2024,10,0,10000,0,0,0,10000,1/3/2024,2024-03-01,2025-11-09 07:06:39.639615,data/lms_loan_daily.csv,2024-03-01
CUS_0x9dbe_2023_07_01,CUS_0x9dbe,1/7/2023,10,8,10000,1000,1000,0,2000,1/3/2024,2024-03-01,2025-11-09 07:06:39.639615,data/lms_loan_daily.csv,2024-03-01
CUS_0x9dc1_2023_12_01,CUS_0x9dc1,1/12/2023,10,3,10000,1000,1000,0,7000,1/3/2024,2024-03-01,2025-11-09 07:06:39.639615,data/lms_loan_daily.csv,2024-03-01
CUS_0x9dc2_2023_11_01,CUS_0x9dc2,1/11/2023,10,4,10000,1000,1000,0,6000,1/3/2024,2024-03-01,2025-11-09 07:06:39.639615,data/lms_loan_daily.csv,2024-03-01
CUS_0x9dd7_2024_03_01,CUS_0x9dd7,1/3/2024,10,0,10000,0,0,0,10000,1/3/2024,2024-03-01,2025-11-09 07:06:39.639615,data/lms_loan_daily.csv,2024-03-01
CUS_0x9ddd_2023_07_01,CUS_0x9ddd,1/7/2023,10,8,10000,1000,1000,0,2000,1/3/2024,2024-03-01,2025-11-09 07:06:39.639615,data/lms_loan_daily.csv,2024-03-01
CUS_0x9de2_2023_12_01,CUS_0x9de2,1/12/2023,10,3,10000,1000,1000,0,7000,1/3/2024,2024-03-01,2025-11-09 07:06:39.639615,data/lms_loan_daily.csv,2024-03-01
CUS_0x9dec_2023_09_01,CUS_0x9dec,1/9/2023,10,6,10000,1000,1000,0,4000,1/3/2024,2024-03-01,2025-11-09 07:06:39.639615,data/lms_loan_daily.csv,2024-03-01
CUS_0x9df0_2023_10_01,CUS_0x9df0,1/10/2023,10,5,10000,1000,1000,0,5000,1/3/2024,2024-03-01,2025-11-09 07:06:39.639615,data/lms_loan_daily.csv,2024-03-01
CUS_0x9df6_2023_05_01,CUS_0x9df6,1/5/2023,10,10,10000,1000,1000,0,0,1/3/2024,2024-03-01,2025-11-09 07:06:39.639615,data/lms_loan_daily.csv,2024-03-01
CUS_0x9df7_2023_09_01,CUS_0x9df7,1/9/2023,10,6,10000,1000,1000,0,4000,1/3/2024,2024-03-01,2025-11-09 07:06:39.639615,data/lms_loan_daily.csv,2024-03-01
CUS_0x9df8_2023_09_01,CUS_0x9df8,1/9/2023,10,6,10000,1000,1000,0,4000,1/3/2024,2024-03-01,2025-11-09 07:06:39.639615,data/lms_loan_daily.csv,2024-03-01
CUS_0x9dfc_2023_06_01,CUS_0x9dfc,1/6/2023,10,9,10000,1000,1000,0,1000,1/3/2024,2024-03-01,2025-11-09 07:06:39.639615,data/lms_loan_daily.csv,2024-03-01
CUS_0x9e04_2024_01_01,CUS_0x9e04,1/1/2024,10,2,10000,1000,2000,0,8000,1/3/2024,2024-03-01,2025-11-09 07:06:39.639615,data/lms_loan_daily.csv,2024-03-01
CUS_0x9e05_2024_01_01,CUS_0x9e05,1/1/2024,10,2,10000,1000,1000,0,8000,1/3/2024,2024-03-01,2025-11-09 07:06:39.639615,data/lms_loan_daily.csv,2024-03-01
CUS_0x9e11_2024_01_01,CUS_0x9e11,1/1/2024,10,2,10000,1000,1000,0,8000,1/3/2024,2024-03-01,2025-11-09 07:06:39.639615,data/lms_loan_daily.csv,2024-03-01
CUS_0x9e13_2023_08_01,CUS_0x9e13,1/8/2023,10,7,10000,1000,1000,0,3000,1/3/2024,2024-03-01,2025-11-09 07:06:39.639615,data/lms_loan_daily.csv,2024-03-01
CUS_0x9e1a_2023_09_01,CUS_0x9e1a,1/9/2023,10,6,10000,1000,1000,0,4000,1/3/2024,2024-03-01,2025-11-09 07:06:39.639615,data/lms_loan_daily.csv,2024-03-01
CUS_0x9e24_2023_07_01,CUS_0x9e24,1/7/2023,10,8,10000,1000,1000,0,2000,1/3/2024,2024-03-01,2025-11-09 07:06:39.639615,data/lms_loan_daily.csv,2024-03-01
CUS_0x9e26_2023_12_01,CUS_0x9e26,1/12/2023,10,3,10000,1000,0,2000,9000,1/3/2024,2024-03-01,2025-11-09 07:06:39.639615,data/lms_loan_daily.csv,2024-03-01
CUS_0x9e39_2024_03_01,CUS_0x9e39,1/3/2024,10,0,10000,0,0,0,10000,1/3/2024,2024-03-01,2025-11-09 07:06:39.639615,data/lms_loan_daily.csv,2024-03-01
CUS_0x9e3b_2023_06_01,CUS_0x9e3b,1/6/2023,10,9,10000,1000,1000,0,1000,1/3/2024,2024-03-01,2025-11-09 07:06:39.639615,data/lms_loan_daily.csv,2024-03-01
CUS_0x9e3c_2023_05_01,CUS_0x9e3c,1/5/2023,10,10,10000,1000,1000,0,0,1/3/2024,2024-03-01,2025-11-09 07:06:39.639615,data/lms_loan_daily.csv,2024-03-01
CUS_0x9e41_2024_02_01,CUS_0x9e41,1/2/2024,10,1,10000,1000,1000,0,9000,1/3/2024,2024-03-01,2025-11-09 07:06:39.639615,data/lms_loan_daily.csv,2024-03-01
CUS_0x9e50_2024_01_01,CUS_0x9e50,1/1/2024,10,2,10000,1000,1000,0,8000,1/3/2024,2024-03-01,2025-11-09 07:06:39.639615,data/lms_loan_daily.csv,2024-03-01
CUS_0x9e51_2024_01_01,CUS_0x9e51,1/1/2024,10,2,10000,1000,1000,0,8000,1/3/2024,2024-03-01,2025-11-09 07:06:39.639615,data/lms_loan_daily.csv,2024-03-01
CUS_0x9e5e_2023_07_01,CUS_0x9e5e,1/7/2023,10,8,10000,1000,0,6000,8000,1/3/2024,2024-03-01,2025-11-09 07:06:39.639615,data/lms_loan_daily.csv,2024-03-01
CUS_0x9e5f_2023_08_01,CUS_0x9e5f,1/8/2023,10,7,10000,1000,0,5000,8000,1/3/2024,2024-03-01,2025-11-09 07:06:39.639615,data/lms_loan_daily.csv,2024-03-01
CUS_0x9e76_2023_09_01,CUS_0x9e76,1/9/2023,10,6,10000,1000,1000,0,4000,1/3/2024,2024-03-01,2025-11-09 07:06:39.639615,data/lms_loan_daily.csv,2024-03-01
CUS_0x9e7e_2024_02_01,CUS_0x9e7e,1/2/2024,10,1,10000,1000,1000,0,9000,1/3/2024,2024-03-01,2025-11-09 07:06:39.639615,data/lms_loan_daily.csv,2024-03-01
CUS_0x9e82_2023_08_01,CUS_0x9e82,1/8/2023,10,7,10000,1000,1000,0,3000,1/3/2024,2024-03-01,2025-11-09 07:06:39.639615,data/lms_loan_daily.csv,2024-03-01
CUS_0x9e8c_2023_09_01,CUS_0x9e8c,1/9/2023,10,6,10000,1000,0,4000,8000,1/3/2024,2024-03-01,2025-11-09 07:06:39.639615,data/lms_loan_daily.csv,2024-03-01
CUS_0x9e8d_2023_11_01,CUS_0x9e8d,1/11/2023,10,4,10000,1000,1000,0,6000,1/3/2024,2024-03-01,2025-11-09 07:06:39.639615,data/lms_loan_daily.csv,2024-03-01
CUS_0x9e8f_2024_01_01,CUS_0x9e8f,1/1/2024,10,2,10000,1000,1000,0,8000,1/3/2024,2024-03-01,2025-11-09 07:06:39.639615,data/lms_loan_daily.csv,2024-03-01
CUS_0x9e95_2023_10_01,CUS_0x9e95,1/10/2023,10,5,10000,1000,1000,0,5000,1/3/2024,2024-03-01,2025-11-09 07:06:39.639615,data/lms_loan_daily.csv,2024-03-01
CUS_0x9e9d_2023_06_01,CUS_0x9e9d,1/6/2023,10,9,10000,1000,0,6000,7000,1/3/2024,2024-03-01,2025-11-09 07:06:39.639615,data/lms_loan_daily.csv,2024-03-01
CUS_0x9eb2_2023_09_01,CUS_0x9eb2,1/9/2023,10,6,10000,1000,1000,0,4000,1/3/2024,2024-03-01,2025-11-09 07:06:39.639615,data/lms_loan_daily.csv,2024-03-01
CUS_0x9ebf_2023_07_01,CUS_0x9ebf,1/7/2023,10,8,10000,1000,0,7000,9000,1/3/2024,2024-03-01,2025-11-09 07:06:39.639615,data/lms_loan_daily.csv,2024-03-01
CUS_0x9ec2_2023_09_01,CUS_0x9ec2,1/9/2023,10,6,10000,1000,1000,0,4000,1/3/2024,2024-03-01,2025-11-09 07:06:39.639615,data/lms_loan_daily.csv,2024-03-01
CUS_0x9ecd_2023_07_01,CUS_0x9ecd,1/7/2023,10,8,10000,1000,1000,0,2000,1/3/2024,2024-03-01,2025-11-09 07:06:39.639615,data/lms_loan_daily.csv,2024-03-01
CUS_0x9ed1_2023_11_01,CUS_0x9ed1,1/11/2023,10,4,10000,1000,1000,0,6000,1/3/2024,2024-03-01,2025-11-09 07:06:39.639615,data/lms_loan_daily.csv,2024-03-01
CUS_0x9ed9_2024_02_01,CUS_0x9ed9,1/2/2024,10,1,10000,1000,1000,0,9000,1/3/2024,2024-03-01,2025-11-09 07:06:39.639615,data/lms_loan_daily.csv,2024-03-01
CUS_0x9ee4_2023_09_01,CUS_0x9ee4,1/9/2023,10,6,10000,1000,1000,0,4000,1/3/2024,2024-03-01,2025-11-09 07:06:39.639615,data/lms_loan_daily.csv,2024-03-01
CUS_0x9eec_2023_10_01,CUS_0x9eec,1/10/2023,10,5,10000,1000,1000,0,5000,1/3/2024,2024-03-01,2025-11-09 07:06:39.639615,data/lms_loan_daily.csv,2024-03-01
CUS_0x9f04_2023_08_01,CUS_0x9f04,1/8/2023,10,7,10000,1000,1000,0,3000,1/3/2024,2024-03-01,2025-11-09 07:06:39.639615,data/lms_loan_daily.csv,2024-03-01
CUS_0x9f1f_2023_07_01,CUS_0x9f1f,1/7/2023,10,8,10000,1000,1000,0,2000,1/3/2024,2024-03-01,2025-11-09 07:06:39.639615,data/lms_loan_daily.csv,2024-03-01
CUS_0x9f25_2023_12_01,CUS_0x9f25,1/12/2023,10,3,10000,1000,1000,0,7000,1/3/2024,2024-03-01,2025-11-09 07:06:39.639615,data/lms_loan_daily.csv,2024-03-01
CUS_0x9f27_2024_03_01,CUS_0x9f27,1/3/2024,10,0,10000,0,0,0,10000,1/3/2024,2024-03-01,2025-11-09 07:06:39.639615,data/lms_loan_daily.csv,2024-03-01
CUS_0x9f2f_2023_07_01,CUS_0x9f2f,1/7/2023,10,8,10000,1000,0,4000,6000,1/3/2024,2024-03-01,2025-11-09 07:06:39.639615,data/lms_loan_daily.csv,2024-03-01
CUS_0x9f3_2023_05_01,CUS_0x9f3,1/5/2023,10,10,10000,1000,1000,0,0,1/3/2024,2024-03-01,2025-11-09 07:06:39.639615,data/lms_loan_daily.csv,2024-03-01
CUS_0x9f40_2023_11_01,CUS_0x9f40,1/11/2023,10,4,10000,1000,1000,0,6000,1/3/2024,2024-03-01,2025-11-09 07:06:39.639615,data/lms_loan_daily.csv,2024-03-01
CUS_0x9f43_2024_03_01,CUS_0x9f43,1/3/2024,10,0,10000,0,0,0,10000,1/3/2024,2024-03-01,2025-11-09 07:06:39.639615,data/lms_loan_daily.csv,2024-03-01
CUS_0x9f5_2023_11_01,CUS_0x9f5,1/11/2023,10,4,10000,1000,1000,0,6000,1/3/2024,2024-03-01,2025-11-09 07:06:39.639615,data/lms_loan_daily.csv,2024-03-01
CUS_0x9f51_2024_03_01,CUS_0x9f51,1/3/2024,10,0,10000,0,0,0,10000,1/3/2024,2024-03-01,2025-11-09 07:06:39.639615,data/lms_loan_daily.csv,2024-03-01
CUS_0x9f52_2023_08_01,CUS_0x9f52,1/8/2023,10,7,10000,1000,0,3000,6000,1/3/2024,2024-03-01,2025-11-09 07:06:39.639615,data/lms_loan_daily.csv,2024-03-01
CUS_0x9f5c_2024_01_01,CUS_0x9f5c,1/1/2024,10,2,10000,1000,0,1000,9000,1/3/2024,2024-03-01,2025-11-09 07:06:39.639615,data/lms_loan_daily.csv,2024-03-01
CUS_0x9f5e_2023_05_01,CUS_0x9f5e,1/5/2023,10,10,10000,1000,0,6000,6000,1/3/2024,2024-03-01,2025-11-09 07:06:39.639615,data/lms_loan_daily.csv,2024-03-01
CUS_0x9f70_2023_06_01,CUS_0x9f70,1/6/2023,10,9,10000,1000,1000,0,1000,1/3/2024,2024-03-01,2025-11-09 07:06:39.639615,data/lms_loan_daily.csv,2024-03-01
CUS_0x9f7a_2023_11_01,CUS_0x9f7a,1/11/2023,10,4,10000,1000,1000,0,6000,1/3/2024,2024-03-01,2025-11-09 07:06:39.639615,data/lms_loan_daily.csv,2024-03-01
CUS_0x9f7e_2023_06_01,CUS_0x9f7e,1/6/2023,10,9,10000,1000,1000,0,1000,1/3/2024,2024-03-01,2025-11-09 07:06:39.639615,data/lms_loan_daily.csv,2024-03-01
CUS_0x9f8d_2023_09_01,CUS_0x9f8d,1/9/2023,10,6,10000,1000,1000,0,4000,1/3/2024,2024-03-01,2025-11-09 07:06:39.639615,data/lms_loan_daily.csv,2024-03-01
CUS_0x9f9_2023_06_01,CUS_0x9f9,1/6/2023,10,9,10000,1000,1000,0,1000,1/3/2024,2024-03-01,2025-11-09 07:06:39.639615,data/lms_loan_daily.csv,2024-03-01
CUS_0x9fab_2023_05_01,CUS_0x9fab,1/5/2023,10,10,10000,1000,1000,0,0,1/3/2024,2024-03-01,2025-11-09 07:06:39.639615,data/lms_loan_daily.csv,2024-03-01
CUS_0x9fca_2023_08_01,CUS_0x9fca,1/8/2023,10,7,10000,1000,1000,0,3000,1/3/2024,2024-03-01,2025-11-09 07:06:39.639615,data/lms_loan_daily.csv,2024-03-01
CUS_0x9fce_2023_07_01,CUS_0x9fce,1/7/2023,10,8,10000,1000,0,6000,8000,1/3/2024,2024-03-01,2025-11-09 07:06:39.639615,data/lms_loan_daily.csv,2024-03-01
CUS_0x9fe6_2024_01_01,CUS_0x9fe6,1/1/2024,10,2,10000,1000,1000,0,8000,1/3/2024,2024-03-01,2025-11-09 07:06:39.639615,data/lms_loan_daily.csv,2024-03-01
CUS_0x9ff3_2024_03_01,CUS_0x9ff3,1/3/2024,10,0,10000,0,0,0,10000,1/3/2024,2024-03-01,2025-11-09 07:06:39.639615,data/lms_loan_daily.csv,2024-03-01
CUS_0x9ff5_2023_07_01,CUS_0x9ff5,1/7/2023,10,8,10000,1000,1000,0,2000,1/3/2024,2024-03-01,2025-11-09 07:06:39.639615,data/lms_loan_daily.csv,2024-03-01
CUS_0xa005_2023_05_01,CUS_0xa005,1/5/2023,10,10,10000,1000,1000,0,0,1/3/2024,2024-03-01,2025-11-09 07:06:39.639615,data/lms_loan_daily.csv,2024-03-01
CUS_0xa008_2023_07_01,CUS_0xa008,1/7/2023,10,8,10000,1000,1000,0,2000,1/3/2024,2024-03-01,2025-11-09 07:06:39.639615,data/lms_loan_daily.csv,2024-03-01
CUS_0xa011_2023_09_01,CUS_0xa011,1/9/2023,10,6,10000,1000,0,4000,8000,1/3/2024,2024-03-01,2025-11-09 07:06:39.639615,data/lms_loan_daily.csv,2024-03-01
CUS_0xa01f_2023_06_01,CUS_0xa01f,1/6/2023,10,9,10000,1000,1000,0,1000,1/3/2024,2024-03-01,2025-11-09 07:06:39.639615,data/lms_loan_daily.csv,2024-03-01
CUS_0xa024_2023_06_01,CUS_0xa024,1/6/2023,10,9,10000,1000,1000,0,1000,1/3/2024,2024-03-01,2025-11-09 07:06:39.639615,data/lms_loan_daily.csv,2024-03-01
CUS_0xa037_2024_03_01,CUS_0xa037,1/3/2024,10,0,10000,0,0,0,10000,1/3/2024,2024-03-01,2025-11-09 07:06:39.639615,data/lms_loan_daily.csv,2024-03-01
CUS_0xa03a_2023_12_01,CUS_0xa03a,1/12/2023,10,3,10000,1000,1000,0,7000,1/3/2024,2024-03-01,2025-11-09 07:06:39.639615,data/lms_loan_daily.csv,2024-03-01
CUS_0xa03c_2023_05_01,CUS_0xa03c,1/5/2023,10,10,10000,1000,1000,0,0,1/3/2024,2024-03-01,2025-11-09 07:06:39.639615,data/lms_loan_daily.csv,2024-03-01
CUS_0xa040_2023_12_01,CUS_0xa040,1/12/2023,10,3,10000,1000,1000,0,7000,1/3/2024,2024-03-01,2025-11-09 07:06:39.639615,data/lms_loan_daily.csv,2024-03-01
CUS_0xa041_2023_08_01,CUS_0xa041,1/8/2023,10,7,10000,1000,1000,0,3000,1/3/2024,2024-03-01,2025-11-09 07:06:39.639615,data/lms_loan_daily.csv,2024-03-01
CUS_0xa049_2023_07_01,CUS_0xa049,1/7/2023,10,8,10000,1000,1000,0,2000,1/3/2024,2024-03-01,2025-11-09 07:06:39.639615,data/lms_loan_daily.csv,2024-03-01
CUS_0xa04f_2023_05_01,CUS_0xa04f,1/5/2023,10,10,10000,1000,0,9000,9000,1/3/2024,2024-03-01,2025-11-09 07:06:39.639615,data/lms_loan_daily.csv,2024-03-01
CUS_0xa053_2024_01_01,CUS_0xa053,1/1/2024,10,2,10000,1000,1000,0,8000,1/3/2024,2024-03-01,2025-11-09 07:06:39.639615,data/lms_loan_daily.csv,2024-03-01
CUS_0xa055_2023_06_01,CUS_0xa055,1/6/2023,10,9,10000,1000,1000,0,1000,1/3/2024,2024-03-01,2025-11-09 07:06:39.639615,data/lms_loan_daily.csv,2024-03-01
CUS_0xa058_2023_11_01,CUS_0xa058,1/11/2023,10,4,10000,1000,0,3000,9000,1/3/2024,2024-03-01,2025-11-09 07:06:39.639615,data/lms_loan_daily.csv,2024-03-01
CUS_0xa05a_2023_07_01,CUS_0xa05a,1/7/2023,10,8,10000,1000,0,7000,9000,1/3/2024,2024-03-01,2025-11-09 07:06:39.639615,data/lms_loan_daily.csv,2024-03-01
CUS_0xa05d_2023_12_01,CUS_0xa05d,1/12/2023,10,3,10000,1000,1000,0,7000,1/3/2024,2024-03-01,2025-11-09 07:06:39.639615,data/lms_loan_daily.csv,2024-03-01
CUS_0xa05f_2023_07_01,CUS_0xa05f,1/7/2023,10,8,10000,1000,0,6000,8000,1/3/2024,2024-03-01,2025-11-09 07:06:39.639615,data/lms_loan_daily.csv,2024-03-01
CUS_0xa06_2024_03_01,CUS_0xa06,1/3/2024,10,0,10000,0,0,0,10000,1/3/2024,2024-03-01,2025-11-09 07:06:39.639615,data/lms_loan_daily.csv,2024-03-01
CUS_0xa061_2023_08_01,CUS_0xa061,1/8/2023,10,7,10000,1000,1000,0,3000,1/3/2024,2024-03-01,2025-11-09 07:06:39.639615,data/lms_loan_daily.csv,2024-03-01
CUS_0xa062_2024_03_01,CUS_0xa062,1/3/2024,10,0,10000,0,0,0,10000,1/3/2024,2024-03-01,2025-11-09 07:06:39.639615,data/lms_loan_daily.csv,2024-03-01
CUS_0xa078_2024_03_01,CUS_0xa078,1/3/2024,10,0,10000,0,0,0,10000,1/3/2024,2024-03-01,2025-11-09 07:06:39.639615,data/lms_loan_daily.csv,2024-03-01
CUS_0xa080_2023_12_01,CUS_0xa080,1/12/2023,10,3,10000,1000,1000,0,7000,1/3/2024,2024-03-01,2025-11-09 07:06:39.639615,data/lms_loan_daily.csv,2024-03-01
CUS_0xa08b_2023_12_01,CUS_0xa08b,1/12/2023,10,3,10000,1000,1000,0,7000,1/3/2024,2024-03-01,2025-11-09 07:06:39.639615,data/lms_loan_daily.csv,2024-03-01
CUS_0xa08c_2023_07_01,CUS_0xa08c,1/7/2023,10,8,10000,1000,1000,0,2000,1/3/2024,2024-03-01,2025-11-09 07:06:39.639615,data/lms_loan_daily.csv,2024-03-01
CUS_0xa090_2024_02_01,CUS_0xa090,1/2/2024,10,1,10000,1000,1000,0,9000,1/3/2024,2024-03-01,2025-11-09 07:06:39.639615,data/lms_loan_daily.csv,2024-03-01
CUS_0xa0a5_2023_06_01,CUS_0xa0a5,1/6/2023,10,9,10000,1000,1000,0,1000,1/3/2024,2024-03-01,2025-11-09 07:06:39.639615,data/lms_loan_daily.csv,2024-03-01
CUS_0xa0a6_2023_10_01,CUS_0xa0a6,1/10/2023,10,5,10000,1000,1000,0,5000,1/3/2024,2024-03-01,2025-11-09 07:06:39.639615,data/lms_loan_daily.csv,2024-03-01
CUS_0xa0d_2023_12_01,CUS_0xa0d,1/12/2023,10,3,10000,1000,1000,0,7000,1/3/2024,2024-03-01,2025-11-09 07:06:39.639615,data/lms_loan_daily.csv,2024-03-01
CUS_0xa0eb_2023_06_01,CUS_0xa0eb,1/6/2023,10,9,10000,1000,0,6000,7000,1/3/2024,2024-03-01,2025-11-09 07:06:39.639615,data/lms_loan_daily.csv,2024-03-01
CUS_0xa0ee_2023_05_01,CUS_0xa0ee,1/5/2023,10,10,10000,1000,0,6000,6000,1/3/2024,2024-03-01,2025-11-09 07:06:39.639615,data/lms_loan_daily.csv,2024-03-01
CUS_0xa0f3_2023_07_01,CUS_0xa0f3,1/7/2023,10,8,10000,1000,1000,0,2000,1/3/2024,2024-03-01,2025-11-09 07:06:39.639615,data/lms_loan_daily.csv,2024-03-01
CUS_0xa0f4_2023_05_01,CUS_0xa0f4,1/5/2023,10,10,10000,1000,1000,0,0,1/3/2024,2024-03-01,2025-11-09 07:06:39.639615,data/lms_loan_daily.csv,2024-03-01
CUS_0xa106_2023_10_01,CUS_0xa106,1/10/2023,10,5,10000,1000,1000,0,5000,1/3/2024,2024-03-01,2025-11-09 07:06:39.639615,data/lms_loan_daily.csv,2024-03-01
CUS_0xa11c_2023_05_01,CUS_0xa11c,1/5/2023,10,10,10000,1000,0,8000,8000,1/3/2024,2024-03-01,2025-11-09 07:06:39.639615,data/lms_loan_daily.csv,2024-03-01
CUS_0xa12_2023_05_01,CUS_0xa12,1/5/2023,10,10,10000,1000,0,8000,8000,1/3/2024,2024-03-01,2025-11-09 07:06:39.639615,data/lms_loan_daily.csv,2024-03-01
CUS_0xa123_2024_01_01,CUS_0xa123,1/1/2024,10,2,10000,1000,1000,0,8000,1/3/2024,2024-03-01,2025-11-09 07:06:39.639615,data/lms_loan_daily.csv,2024-03-01
CUS_0xa12e_2023_09_01,CUS_0xa12e,1/9/2023,10,6,10000,1000,1000,0,4000,1/3/2024,2024-03-01,2025-11-09 07:06:39.639615,data/lms_loan_daily.csv,2024-03-01
CUS_0xa130_2024_02_01,CUS_0xa130,1/2/2024,10,1,10000,1000,1000,0,9000,1/3/2024,2024-03-01,2025-11-09 07:06:39.639615,data/lms_loan_daily.csv,2024-03-01
CUS_0xa13f_2024_02_01,CUS_0xa13f,1/2/2024,10,1,10000,1000,1000,0,9000,1/3/2024,2024-03-01,2025-11-09 07:06:39.639615,data/lms_loan_daily.csv,2024-03-01
CUS_0xa153_2023_07_01,CUS_0xa153,1/7/2023,10,8,10000,1000,1000,0,2000,1/3/2024,2024-03-01,2025-11-09 07:06:39.639615,data/lms_loan_daily.csv,2024-03-01
CUS_0xa156_2024_02_01,CUS_0xa156,1/2/2024,10,1,10000,1000,1000,0,9000,1/3/2024,2024-03-01,2025-11-09 07:06:39.639615,data/lms_loan_daily.csv,2024-03-01
CUS_0xa15a_2024_03_01,CUS_0xa15a,1/3/2024,10,0,10000,0,0,0,10000,1/3/2024,2024-03-01,2025-11-09 07:06:39.639615,data/lms_loan_daily.csv,2024-03-01
CUS_0xa163_2023_07_01,CUS_0xa163,1/7/2023,10,8,10000,1000,1000,0,2000,1/3/2024,2024-03-01,2025-11-09 07:06:39.639615,data/lms_loan_daily.csv,2024-03-01
CUS_0xa17a_2023_09_01,CUS_0xa17a,1/9/2023,10,6,10000,1000,1000,0,4000,1/3/2024,2024-03-01,2025-11-09 07:06:39.639615,data/lms_loan_daily.csv,2024-03-01
CUS_0xa18f_2023_10_01,CUS_0xa18f,1/10/2023,10,5,10000,1000,0,3000,8000,1/3/2024,2024-03-01,2025-11-09 07:06:39.639615,data/lms_loan_daily.csv,2024-03-01
CUS_0xa19_2023_10_01,CUS_0xa19,1/10/2023,10,5,10000,1000,1000,0,5000,1/3/2024,2024-03-01,2025-11-09 07:06:39.639615,data/lms_loan_daily.csv,2024-03-01
CUS_0xa1a0_2023_11_01,CUS_0xa1a0,1/11/2023,10,4,10000,1000,1000,0,6000,1/3/2024,2024-03-01,2025-11-09 07:06:39.639615,data/lms_loan_daily.csv,2024-03-01
CUS_0xa1ab_2023_05_01,CUS_0xa1ab,1/5/2023,10,10,10000,1000,1000,0,0,1/3/2024,2024-03-01,2025-11-09 07:06:39.639615,data/lms_loan_daily.csv,2024-03-01
CUS_0xa1b_2023_12_01,CUS_0xa1b,1/12/2023,10,3,10000,1000,1000,0,7000,1/3/2024,2024-03-01,2025-11-09 07:06:39.639615,data/lms_loan_daily.csv,2024-03-01
CUS_0xa1b1_2024_02_01,CUS_0xa1b1,1/2/2024,10,1,10000,1000,1000,0,9000,1/3/2024,2024-03-01,2025-11-09 07:06:39.639615,data/lms_loan_daily.csv,2024-03-01
CUS_0xa1bc_2024_02_01,CUS_0xa1bc,1/2/2024,10,1,10000,1000,0,1000,10000,1/3/2024,2024-03-01,2025-11-09 07:06:39.639615,data/lms_loan_daily.csv,2024-03-01
CUS_0xa1bd_2023_12_01,CUS_0xa1bd,1/12/2023,10,3,10000,1000,0,2000,9000,1/3/2024,2024-03-01,2025-11-09 07:06:39.639615,data/lms_loan_daily.csv,2024-03-01
CUS_0xa1be_2023_08_01,CUS_0xa1be,1/8/2023,10,7,10000,1000,0,5000,8000,1/3/2024,2024-03-01,2025-11-09 07:06:39.639615,data/lms_loan_daily.csv,2024-03-01
CUS_0xa1c1_2023_08_01,CUS_0xa1c1,1/8/2023,10,7,10000,1000,0,5000,8000,1/3/2024,2024-03-01,2025-11-09 07:06:39.639615,data/lms_loan_daily.csv,2024-03-01
CUS_0xa1cb_2023_08_01,CUS_0xa1cb,1/8/2023,10,7,10000,1000,0,4000,7000,1/3/2024,2024-03-01,2025-11-09 07:06:39.639615,data/lms_loan_daily.csv,2024-03-01
CUS_0xa1cc_2024_03_01,CUS_0xa1cc,1/3/2024,10,0,10000,0,0,0,10000,1/3/2024,2024-03-01,2025-11-09 07:06:39.639615,data/lms_loan_daily.csv,2024-03-01
CUS_0xa1df_2023_09_01,CUS_0xa1df,1/9/2023,10,6,10000,1000,1000,0,4000,1/3/2024,2024-03-01,2025-11-09 07:06:39.639615,data/lms_loan_daily.csv,2024-03-01
CUS_0xa1ea_2023_09_01,CUS_0xa1ea,1/9/2023,10,6,10000,1000,1000,0,4000,1/3/2024,2024-03-01,2025-11-09 07:06:39.639615,data/lms_loan_daily.csv,2024-03-01
CUS_0xa1f1_2023_12_01,CUS_0xa1f1,1/12/2023,10,3,10000,1000,1000,0,7000,1/3/2024,2024-03-01,2025-11-09 07:06:39.639615,data/lms_loan_daily.csv,2024-03-01
CUS_0xa1f4_2023_09_01,CUS_0xa1f4,1/9/2023,10,6,10000,1000,1000,0,4000,1/3/2024,2024-03-01,2025-11-09 07:06:39.639615,data/lms_loan_daily.csv,2024-03-01
CUS_0xa1fc_2023_08_01,CUS_0xa1fc,1/8/2023,10,7,10000,1000,0,5000,8000,1/3/2024,2024-03-01,2025-11-09 07:06:39.639615,data/lms_loan_daily.csv,2024-03-01
CUS_0xa201_2023_06_01,CUS_0xa201,1/6/2023,10,9,10000,1000,1000,0,1000,1/3/2024,2024-03-01,2025-11-09 07:06:39.639615,data/lms_loan_daily.csv,2024-03-01
CUS_0xa20b_2024_03_01,CUS_0xa20b,1/3/2024,10,0,10000,0,0,0,10000,1/3/2024,2024-03-01,2025-11-09 07:06:39.639615,data/lms_loan_daily.csv,2024-03-01
CUS_0xa213_2023_09_01,CUS_0xa213,1/9/2023,10,6,10000,1000,0,2000,6000,1/3/2024,2024-03-01,2025-11-09 07:06:39.639615,data/lms_loan_daily.csv,2024-03-01
CUS_0xa219_2023_11_01,CUS_0xa219,1/11/2023,10,4,10000,1000,1000,0,6000,1/3/2024,2024-03-01,2025-11-09 07:06:39.639615,data/lms_loan_daily.csv,2024-03-01
CUS_0xa21c_2024_03_01,CUS_0xa21c,1/3/2024,10,0,10000,0,0,0,10000,1/3/2024,2024-03-01,2025-11-09 07:06:39.639615,data/lms_loan_daily.csv,2024-03-01
CUS_0xa223_2023_08_01,CUS_0xa223,1/8/2023,10,7,10000,1000,1000,0,3000,1/3/2024,2024-03-01,2025-11-09 07:06:39.639615,data/lms_loan_daily.csv,2024-03-01
CUS_0xa226_2023_10_01,CUS_0xa226,1/10/2023,10,5,10000,1000,1000,0,5000,1/3/2024,2024-03-01,2025-11-09 07:06:39.639615,data/lms_loan_daily.csv,2024-03-01
CUS_0xa235_2023_07_01,CUS_0xa235,1/7/2023,10,8,10000,1000,0,7000,9000,1/3/2024,2024-03-01,2025-11-09 07:06:39.639615,data/lms_loan_daily.csv,2024-03-01
CUS_0xa23e_2023_12_01,CUS_0xa23e,1/12/2023,10,3,10000,1000,1000,0,7000,1/3/2024,2024-03-01,2025-11-09 07:06:39.639615,data/lms_loan_daily.csv,2024-03-01
CUS_0xa24a_2023_06_01,CUS_0xa24a,1/6/2023,10,9,10000,1000,1000,0,1000,1/3/2024,2024-03-01,2025-11-09 07:06:39.639615,data/lms_loan_daily.csv,2024-03-01
CUS_0xa250_2023_11_01,CUS_0xa250,1/11/2023,10,4,10000,1000,1000,0,6000,1/3/2024,2024-03-01,2025-11-09 07:06:39.639615,data/lms_loan_daily.csv,2024-03-01
CUS_0xa255_2023_09_01,CUS_0xa255,1/9/2023,10,6,10000,1000,1000,0,4000,1/3/2024,2024-03-01,2025-11-09 07:06:39.639615,data/lms_loan_daily.csv,2024-03-01
CUS_0xa25a_2023_07_01,CUS_0xa25a,1/7/2023,10,8,10000,1000,0,4000,6000,1/3/2024,2024-03-01,2025-11-09 07:06:39.639615,data/lms_loan_daily.csv,2024-03-01
CUS_0xa26_2024_02_01,CUS_0xa26,1/2/2024,10,1,10000,1000,1000,0,9000,1/3/2024,2024-03-01,2025-11-09 07:06:39.639615,data/lms_loan_daily.csv,2024-03-01
CUS_0xa27a_2024_03_01,CUS_0xa27a,1/3/2024,10,0,10000,0,0,0,10000,1/3/2024,2024-03-01,2025-11-09 07:06:39.639615,data/lms_loan_daily.csv,2024-03-01
CUS_0xa282_2023_12_01,CUS_0xa282,1/12/2023,10,3,10000,1000,1000,0,7000,1/3/2024,2024-03-01,2025-11-09 07:06:39.639615,data/lms_loan_daily.csv,2024-03-01
CUS_0xa287_2024_01_01,CUS_0xa287,1/1/2024,10,2,10000,1000,1000,0,8000,1/3/2024,2024-03-01,2025-11-09 07:06:39.639615,data/lms_loan_daily.csv,2024-03-01
CUS_0xa293_2023_08_01,CUS_0xa293,1/8/2023,10,7,10000,1000,1000,0,3000,1/3/2024,2024-03-01,2025-11-09 07:06:39.639615,data/lms_loan_daily.csv,2024-03-01
CUS_0xa294_2024_03_01,CUS_0xa294,1/3/2024,10,0,10000,0,0,0,10000,1/3/2024,2024-03-01,2025-11-09 07:06:39.639615,data/lms_loan_daily.csv,2024-03-01
CUS_0xa299_2023_05_01,CUS_0xa299,1/5/2023,10,10,10000,1000,1000,0,0,1/3/2024,2024-03-01,2025-11-09 07:06:39.639615,data/lms_loan_daily.csv,2024-03-01
CUS_0xa29a_2023_05_01,CUS_0xa29a,1/5/2023,10,10,10000,1000,1000,0,0,1/3/2024,2024-03-01,2025-11-09 07:06:39.639615,data/lms_loan_daily.csv,2024-03-01
CUS_0xa2a2_2023_08_01,CUS_0xa2a2,1/8/2023,10,7,10000,1000,1000,0,3000,1/3/2024,2024-03-01,2025-11-09 07:06:39.639615,data/lms_loan_daily.csv,2024-03-01
CUS_0xa2a3_2024_01_01,CUS_0xa2a3,1/1/2024,10,2,10000,1000,1000,0,8000,1/3/2024,2024-03-01,2025-11-09 07:06:39.639615,data/lms_loan_daily.csv,2024-03-01
CUS_0xa2a7_2023_06_01,CUS_0xa2a7,1/6/2023,10,9,10000,1000,0,8000,9000,1/3/2024,2024-03-01,2025-11-09 07:06:39.639615,data/lms_loan_daily.csv,2024-03-01
CUS_0xa2ac_2023_12_01,CUS_0xa2ac,1/12/2023,10,3,10000,1000,0,1000,8000,1/3/2024,2024-03-01,2025-11-09 07:06:39.639615,data/lms_loan_daily.csv,2024-03-01
CUS_0xa2b_2023_12_01,CUS_0xa2b,1/12/2023,10,3,10000,1000,1000,0,7000,1/3/2024,2024-03-01,2025-11-09 07:06:39.639615,data/lms_loan_daily.csv,2024-03-01
CUS_0xa2b2_2024_03_01,CUS_0xa2b2,1/3/2024,10,0,10000,0,0,0,10000,1/3/2024,2024-03-01,2025-11-09 07:06:39.639615,data/lms_loan_daily.csv,2024-03-01
CUS_0xa2b9_2024_03_01,CUS_0xa2b9,1/3/2024,10,0,10000,0,0,0,10000,1/3/2024,2024-03-01,2025-11-09 07:06:39.639615,data/lms_loan_daily.csv,2024-03-01
CUS_0xa2ca_2023_10_01,CUS_0xa2ca,1/10/2023,10,5,10000,1000,1000,0,5000,1/3/2024,2024-03-01,2025-11-09 07:06:39.639615,data/lms_loan_daily.csv,2024-03-01
CUS_0xa2d2_2023_07_01,CUS_0xa2d2,1/7/2023,10,8,10000,1000,1000,0,2000,1/3/2024,2024-03-01,2025-11-09 07:06:39.639615,data/lms_loan_daily.csv,2024-03-01
CUS_0xa2d5_2024_02_01,CUS_0xa2d5,1/2/2024,10,1,10000,1000,1000,0,9000,1/3/2024,2024-03-01,2025-11-09 07:06:39.639615,data/lms_loan_daily.csv,2024-03-01
CUS_0xa2de_2023_05_01,CUS_0xa2de,1/5/2023,10,10,10000,1000,1000,0,0,1/3/2024,2024-03-01,2025-11-09 07:06:39.639615,data/lms_loan_daily.csv,2024-03-01
CUS_0xa2e5_2023_06_01,CUS_0xa2e5,1/6/2023,10,9,10000,1000,1000,0,1000,1/3/2024,2024-03-01,2025-11-09 07:06:39.639615,data/lms_loan_daily.csv,2024-03-01
CUS_0xa2f4_2024_03_01,CUS_0xa2f4,1/3/2024,10,0,10000,0,0,0,10000,1/3/2024,2024-03-01,2025-11-09 07:06:39.639615,data/lms_loan_daily.csv,2024-03-01
CUS_0xa2f5_2023_10_01,CUS_0xa2f5,1/10/2023,10,5,10000,1000,1000,0,5000,1/3/2024,2024-03-01,2025-11-09 07:06:39.639615,data/lms_loan_daily.csv,2024-03-01
CUS_0xa2f8_2023_06_01,CUS_0xa2f8,1/6/2023,10,9,10000,1000,1000,0,1000,1/3/2024,2024-03-01,2025-11-09 07:06:39.639615,data/lms_loan_daily.csv,2024-03-01
CUS_0xa300_2023_05_01,CUS_0xa300,1/5/2023,10,10,10000,1000,1000,0,0,1/3/2024,2024-03-01,2025-11-09 07:06:39.639615,data/lms_loan_daily.csv,2024-03-01
CUS_0xa301_2023_12_01,CUS_0xa301,1/12/2023,10,3,10000,1000,1000,0,7000,1/3/2024,2024-03-01,2025-11-09 07:06:39.639615,data/lms_loan_daily.csv,2024-03-01
CUS_0xa30f_2023_11_01,CUS_0xa30f,1/11/2023,10,4,10000,1000,1000,0,6000,1/3/2024,2024-03-01,2025-11-09 07:06:39.639615,data/lms_loan_daily.csv,2024-03-01
CUS_0xa31_2023_11_01,CUS_0xa31,1/11/2023,10,4,10000,1000,1000,0,6000,1/3/2024,2024-03-01,2025-11-09 07:06:39.639615,data/lms_loan_daily.csv,2024-03-01
CUS_0xa31b_2023_06_01,CUS_0xa31b,1/6/2023,10,9,10000,1000,1000,0,1000,1/3/2024,2024-03-01,2025-11-09 07:06:39.639615,data/lms_loan_daily.csv,2024-03-01
CUS_0xa326_2023_05_01,CUS_0xa326,1/5/2023,10,10,10000,1000,1000,0,0,1/3/2024,2024-03-01,2025-11-09 07:06:39.639615,data/lms_loan_daily.csv,2024-03-01
CUS_0xa328_2023_06_01,CUS_0xa328,1/6/2023,10,9,10000,1000,0,5000,6000,1/3/2024,2024-03-01,2025-11-09 07:06:39.639615,data/lms_loan_daily.csv,2024-03-01
CUS_0xa329_2023_08_01,CUS_0xa329,1/8/2023,10,7,10000,1000,1000,0,3000,1/3/2024,2024-03-01,2025-11-09 07:06:39.639615,data/lms_loan_daily.csv,2024-03-01
CUS_0xa335_2023_10_01,CUS_0xa335,1/10/2023,10,5,10000,1000,0,2000,7000,1/3/2024,2024-03-01,2025-11-09 07:06:39.639615,data/lms_loan_daily.csv,2024-03-01
CUS_0xa336_2024_03_01,CUS_0xa336,1/3/2024,10,0,10000,0,0,0,10000,1/3/2024,2024-03-01,2025-11-09 07:06:39.639615,data/lms_loan_daily.csv,2024-03-01
CUS_0xa342_2023_05_01,CUS_0xa342,1/5/2023,10,10,10000,1000,1000,0,0,1/3/2024,2024-03-01,2025-11-09 07:06:39.639615,data/lms_loan_daily.csv,2024-03-01
CUS_0xa347_2023_07_01,CUS_0xa347,1/7/2023,10,8,10000,1000,0,5000,7000,1/3/2024,2024-03-01,2025-11-09 07:06:39.639615,data/lms_loan_daily.csv,2024-03-01
CUS_0xa350_2023_12_01,CUS_0xa350,1/12/2023,10,3,10000,1000,1000,0,7000,1/3/2024,2024-03-01,2025-11-09 07:06:39.639615,data/lms_loan_daily.csv,2024-03-01
CUS_0xa352_2023_11_01,CUS_0xa352,1/11/2023,10,4,10000,1000,0,2000,8000,1/3/2024,2024-03-01,2025-11-09 07:06:39.639615,data/lms_loan_daily.csv,2024-03-01
CUS_0xa362_2023_09_01,CUS_0xa362,1/9/2023,10,6,10000,1000,1000,0,4000,1/3/2024,2024-03-01,2025-11-09 07:06:39.639615,data/lms_loan_daily.csv,2024-03-01
CUS_0xa36d_2024_02_01,CUS_0xa36d,1/2/2024,10,1,10000,1000,1000,0,9000,1/3/2024,2024-03-01,2025-11-09 07:06:39.639615,data/lms_loan_daily.csv,2024-03-01
CUS_0xa36e_2023_12_01,CUS_0xa36e,1/12/2023,10,3,10000,1000,1000,0,7000,1/3/2024,2024-03-01,2025-11-09 07:06:39.639615,data/lms_loan_daily.csv,2024-03-01
CUS_0xa37_2023_05_01,CUS_0xa37,1/5/2023,10,10,10000,1000,0,7000,7000,1/3/2024,2024-03-01,2025-11-09 07:06:39.639615,data/lms_loan_daily.csv,2024-03-01
CUS_0xa396_2023_07_01,CUS_0xa396,1/7/2023,10,8,10000,1000,1000,0,2000,1/3/2024,2024-03-01,2025-11-09 07:06:39.639615,data/lms_loan_daily.csv,2024-03-01
CUS_0xa39c_2023_07_01,CUS_0xa39c,1/7/2023,10,8,10000,1000,0,4000,6000,1/3/2024,2024-03-01,2025-11-09 07:06:39.639615,data/lms_loan_daily.csv,2024-03-01
CUS_0xa39e_2024_02_01,CUS_0xa39e,1/2/2024,10,1,10000,1000,1000,0,9000,1/3/2024,2024-03-01,2025-11-09 07:06:39.639615,data/lms_loan_daily.csv,2024-03-01
CUS_0xa3a1_2023_09_01,CUS_0xa3a1,1/9/2023,10,6,10000,1000,1000,0,4000,1/3/2024,2024-03-01,2025-11-09 07:06:39.639615,data/lms_loan_daily.csv,2024-03-01
CUS_0xa3aa_2023_11_01,CUS_0xa3aa,1/11/2023,10,4,10000,1000,1000,0,6000,1/3/2024,2024-03-01,2025-11-09 07:06:39.639615,data/lms_loan_daily.csv,2024-03-01
CUS_0xa3bf_2023_12_01,CUS_0xa3bf,1/12/2023,10,3,10000,1000,1000,0,7000,1/3/2024,2024-03-01,2025-11-09 07:06:39.639615,data/lms_loan_daily.csv,2024-03-01
CUS_0xa3db_2024_01_01,CUS_0xa3db,1/1/2024,10,2,10000,1000,1000,0,8000,1/3/2024,2024-03-01,2025-11-09 07:06:39.639615,data/lms_loan_daily.csv,2024-03-01
CUS_0xa3e4_2023_07_01,CUS_0xa3e4,1/7/2023,10,8,10000,1000,1000,0,2000,1/3/2024,2024-03-01,2025-11-09 07:06:39.639615,data/lms_loan_daily.csv,2024-03-01
CUS_0xa3ff_2023_09_01,CUS_0xa3ff,1/9/2023,10,6,10000,1000,1000,0,4000,1/3/2024,2024-03-01,2025-11-09 07:06:39.639615,data/lms_loan_daily.csv,2024-03-01
CUS_0xa405_2023_06_01,CUS_0xa405,1/6/2023,10,9,10000,1000,1000,0,1000,1/3/2024,2024-03-01,2025-11-09 07:06:39.639615,data/lms_loan_daily.csv,2024-03-01
CUS_0xa40b_2023_08_01,CUS_0xa40b,1/8/2023,10,7,10000,1000,1000,0,3000,1/3/2024,2024-03-01,2025-11-09 07:06:39.639615,data/lms_loan_daily.csv,2024-03-01
CUS_0xa41f_2023_06_01,CUS_0xa41f,1/6/2023,10,9,10000,1000,1000,0,1000,1/3/2024,2024-03-01,2025-11-09 07:06:39.639615,data/lms_loan_daily.csv,2024-03-01
CUS_0xa424_2023_08_01,CUS_0xa424,1/8/2023,10,7,10000,1000,1000,0,3000,1/3/2024,2024-03-01,2025-11-09 07:06:39.639615,data/lms_loan_daily.csv,2024-03-01
CUS_0xa42a_2023_08_01,CUS_0xa42a,1/8/2023,10,7,10000,1000,0,4000,7000,1/3/2024,2024-03-01,2025-11-09 07:06:39.639615,data/lms_loan_daily.csv,2024-03-01
CUS_0xa42f_2023_05_01,CUS_0xa42f,1/5/2023,10,10,10000,1000,0,7000,7000,1/3/2024,2024-03-01,2025-11-09 07:06:39.639615,data/lms_loan_daily.csv,2024-03-01
CUS_0xa439_2023_10_01,CUS_0xa439,1/10/2023,10,5,10000,1000,1000,0,5000,1/3/2024,2024-03-01,2025-11-09 07:06:39.639615,data/lms_loan_daily.csv,2024-03-01
CUS_0xa447_2023_10_01,CUS_0xa447,1/10/2023,10,5,10000,1000,1000,0,5000,1/3/2024,2024-03-01,2025-11-09 07:06:39.639615,data/lms_loan_daily.csv,2024-03-01
CUS_0xa465_2023_12_01,CUS_0xa465,1/12/2023,10,3,10000,1000,1000,0,7000,1/3/2024,2024-03-01,2025-11-09 07:06:39.639615,data/lms_loan_daily.csv,2024-03-01
CUS_0xa46f_2023_12_01,CUS_0xa46f,1/12/2023,10,3,10000,1000,1000,0,7000,1/3/2024,2024-03-01,2025-11-09 07:06:39.639615,data/lms_loan_daily.csv,2024-03-01
CUS_0xa47_2023_12_01,CUS_0xa47,1/12/2023,10,3,10000,1000,2000,0,7000,1/3/2024,2024-03-01,2025-11-09 07:06:39.639615,data/lms_loan_daily.csv,2024-03-01
CUS_0xa478_2024_01_01,CUS_0xa478,1/1/2024,10,2,10000,1000,1000,0,8000,1/3/2024,2024-03-01,2025-11-09 07:06:39.639615,data/lms_loan_daily.csv,2024-03-01
CUS_0xa47c_2023_08_01,CUS_0xa47c,1/8/2023,10,7,10000,1000,0,6000,9000,1/3/2024,2024-03-01,2025-11-09 07:06:39.639615,data/lms_loan_daily.csv,2024-03-01
CUS_0xa499_2023_06_01,CUS_0xa499,1/6/2023,10,9,10000,1000,1000,0,1000,1/3/2024,2024-03-01,2025-11-09 07:06:39.639615,data/lms_loan_daily.csv,2024-03-01
CUS_0xa49c_2023_11_01,CUS_0xa49c,1/11/2023,10,4,10000,1000,1000,0,6000,1/3/2024,2024-03-01,2025-11-09 07:06:39.639615,data/lms_loan_daily.csv,2024-03-01
CUS_0xa4a9_2024_01_01,CUS_0xa4a9,1/1/2024,10,2,10000,1000,0,1000,9000,1/3/2024,2024-03-01,2025-11-09 07:06:39.639615,data/lms_loan_daily.csv,2024-03-01
CUS_0xa4ad_2024_03_01,CUS_0xa4ad,1/3/2024,10,0,10000,0,0,0,10000,1/3/2024,2024-03-01,2025-11-09 07:06:39.639615,data/lms_loan_daily.csv,2024-03-01
CUS_0xa4ae_2023_09_01,CUS_0xa4ae,1/9/2023,10,6,10000,1000,1000,0,4000,1/3/2024,2024-03-01,2025-11-09 07:06:39.639615,data/lms_loan_daily.csv,2024-03-01
CUS_0xa4b6_2023_10_01,CUS_0xa4b6,1/10/2023,10,5,10000,1000,1000,0,5000,1/3/2024,2024-03-01,2025-11-09 07:06:39.639615,data/lms_loan_daily.csv,2024-03-01
CUS_0xa4b7_2024_01_01,CUS_0xa4b7,1/1/2024,10,2,10000,1000,1000,0,8000,1/3/2024,2024-03-01,2025-11-09 07:06:39.639615,data/lms_loan_daily.csv,2024-03-01
CUS_0xa4bd_2023_08_01,CUS_0xa4bd,1/8/2023,10,7,10000,1000,1000,0,3000,1/3/2024,2024-03-01,2025-11-09 07:06:39.639615,data/lms_loan_daily.csv,2024-03-01
CUS_0xa4c6_2023_08_01,CUS_0xa4c6,1/8/2023,10,7,10000,1000,1000,0,3000,1/3/2024,2024-03-01,2025-11-09 07:06:39.639615,data/lms_loan_daily.csv,2024-03-01
CUS_0xa4db_2024_01_01,CUS_0xa4db,1/1/2024,10,2,10000,1000,0,1000,9000,1/3/2024,2024-03-01,2025-11-09 07:06:39.639615,data/lms_loan_daily.csv,2024-03-01
CUS_0xa4dc_2024_02_01,CUS_0xa4dc,1/2/2024,10,1,10000,1000,1000,0,9000,1/3/2024,2024-03-01,2025-11-09 07:06:39.639615,data/lms_loan_daily.csv,2024-03-01
CUS_0xa4f2_2023_12_01,CUS_0xa4f2,1/12/2023,10,3,10000,1000,1000,0,7000,1/3/2024,2024-03-01,2025-11-09 07:06:39.639615,data/lms_loan_daily.csv,2024-03-01
CUS_0xa4f3_2023_11_01,CUS_0xa4f3,1/11/2023,10,4,10000,1000,0,4000,10000,1/3/2024,2024-03-01,2025-11-09 07:06:39.639615,data/lms_loan_daily.csv,2024-03-01
CUS_0xa4f9_2023_10_01,CUS_0xa4f9,1/10/2023,10,5,10000,1000,1000,0,5000,1/3/2024,2024-03-01,2025-11-09 07:06:39.639615,data/lms_loan_daily.csv,2024-03-01
CUS_0xa505_2023_08_01,CUS_0xa505,1/8/2023,10,7,10000,1000,1000,0,3000,1/3/2024,2024-03-01,2025-11-09 07:06:39.639615,data/lms_loan_daily.csv,2024-03-01
CUS_0xa509_2023_11_01,CUS_0xa509,1/11/2023,10,4,10000,1000,1000,0,6000,1/3/2024,2024-03-01,2025-11-09 07:06:39.639615,data/lms_loan_daily.csv,2024-03-01
CUS_0xa50e_2023_07_01,CUS_0xa50e,1/7/2023,10,8,10000,1000,0,5000,7000,1/3/2024,2024-03-01,2025-11-09 07:06:39.639615,data/lms_loan_daily.csv,2024-03-01
CUS_0xa514_2023_08_01,CUS_0xa514,1/8/2023,10,7,10000,1000,0,4000,7000,1/3/2024,2024-03-01,2025-11-09 07:06:39.639615,data/lms_loan_daily.csv,2024-03-01
CUS_0xa520_2023_06_01,CUS_0xa520,1/6/2023,10,9,10000,1000,1000,0,1000,1/3/2024,2024-03-01,2025-11-09 07:06:39.639615,data/lms_loan_daily.csv,2024-03-01
CUS_0xa530_2023_12_01,CUS_0xa530,1/12/2023,10,3,10000,1000,0,3000,10000,1/3/2024,2024-03-01,2025-11-09 07:06:39.639615,data/lms_loan_daily.csv,2024-03-01
CUS_0xa547_2024_03_01,CUS_0xa547,1/3/2024,10,0,10000,0,0,0,10000,1/3/2024,2024-03-01,2025-11-09 07:06:39.639615,data/lms_loan_daily.csv,2024-03-01
CUS_0xa54b_2023_12_01,CUS_0xa54b,1/12/2023,10,3,10000,1000,1000,0,7000,1/3/2024,2024-03-01,2025-11-09 07:06:39.639615,data/lms_loan_daily.csv,2024-03-01
CUS_0xa560_2024_02_01,CUS_0xa560,1/2/2024,10,1,10000,1000,1000,0,9000,1/3/2024,2024-03-01,2025-11-09 07:06:39.639615,data/lms_loan_daily.csv,2024-03-01
CUS_0xa56a_2023_08_01,CUS_0xa56a,1/8/2023,10,7,10000,1000,1000,0,3000,1/3/2024,2024-03-01,2025-11-09 07:06:39.639615,data/lms_loan_daily.csv,2024-03-01
CUS_0xa570_2024_02_01,CUS_0xa570,1/2/2024,10,1,10000,1000,1000,0,9000,1/3/2024,2024-03-01,2025-11-09 07:06:39.639615,data/lms_loan_daily.csv,2024-03-01
CUS_0xa585_2023_12_01,CUS_0xa585,1/12/2023,10,3,10000,1000,2000,0,7000,1/3/2024,2024-03-01,2025-11-09 07:06:39.639615,data/lms_loan_daily.csv,2024-03-01
CUS_0xa587_2023_11_01,CUS_0xa587,1/11/2023,10,4,10000,1000,0,2000,8000,1/3/2024,2024-03-01,2025-11-09 07:06:39.639615,data/lms_loan_daily.csv,2024-03-01
CUS_0xa5ac_2023_05_01,CUS_0xa5ac,1/5/2023,10,10,10000,1000,1000,0,0,1/3/2024,2024-03-01,2025-11-09 07:06:39.639615,data/lms_loan_daily.csv,2024-03-01
CUS_0xa5b6_2023_05_01,CUS_0xa5b6,1/5/2023,10,10,10000,1000,1000,0,0,1/3/2024,2024-03-01,2025-11-09 07:06:39.639615,data/lms_loan_daily.csv,2024-03-01
CUS_0xa5be_2023_05_01,CUS_0xa5be,1/5/2023,10,10,10000,1000,1000,0,0,1/3/2024,2024-03-01,2025-11-09 07:06:39.639615,data/lms_loan_daily.csv,2024-03-01
CUS_0xa5c2_2024_03_01,CUS_0xa5c2,1/3/2024,10,0,10000,0,0,0,10000,1/3/2024,2024-03-01,2025-11-09 07:06:39.639615,data/lms_loan_daily.csv,2024-03-01
CUS_0xa5d1_2023_07_01,CUS_0xa5d1,1/7/2023,10,8,10000,1000,1000,0,2000,1/3/2024,2024-03-01,2025-11-09 07:06:39.639615,data/lms_loan_daily.csv,2024-03-01
CUS_0xa5dd_2024_01_01,CUS_0xa5dd,1/1/2024,10,2,10000,1000,1000,0,8000,1/3/2024,2024-03-01,2025-11-09 07:06:39.639615,data/lms_loan_daily.csv,2024-03-01
CUS_0xa5e7_2023_09_01,CUS_0xa5e7,1/9/2023,10,6,10000,1000,1000,0,4000,1/3/2024,2024-03-01,2025-11-09 07:06:39.639615,data/lms_loan_daily.csv,2024-03-01
CUS_0xa5ee_2023_05_01,CUS_0xa5ee,1/5/2023,10,10,10000,1000,1000,0,0,1/3/2024,2024-03-01,2025-11-09 07:06:39.639615,data/lms_loan_daily.csv,2024-03-01
CUS_0xa5f_2023_07_01,CUS_0xa5f,1/7/2023,10,8,10000,1000,1000,0,2000,1/3/2024,2024-03-01,2025-11-09 07:06:39.639615,data/lms_loan_daily.csv,2024-03-01
CUS_0xa60e_2023_07_01,CUS_0xa60e,1/7/2023,10,8,10000,1000,1000,0,2000,1/3/2024,2024-03-01,2025-11-09 07:06:39.639615,data/lms_loan_daily.csv,2024-03-01
CUS_0xa618_2023_11_01,CUS_0xa618,1/11/2023,10,4,10000,1000,1000,0,6000,1/3/2024,2024-03-01,2025-11-09 07:06:39.639615,data/lms_loan_daily.csv,2024-03-01
CUS_0xa61a_2024_01_01,CUS_0xa61a,1/1/2024,10,2,10000,1000,1000,0,8000,1/3/2024,2024-03-01,2025-11-09 07:06:39.639615,data/lms_loan_daily.csv,2024-03-01
CUS_0xa624_2024_03_01,CUS_0xa624,1/3/2024,10,0,10000,0,0,0,10000,1/3/2024,2024-03-01,2025-11-09 07:06:39.639615,data/lms_loan_daily.csv,2024-03-01
CUS_0xa630_2023_10_01,CUS_0xa630,1/10/2023,10,5,10000,1000,1000,0,5000,1/3/2024,2024-03-01,2025-11-09 07:06:39.639615,data/lms_loan_daily.csv,2024-03-01
CUS_0xa648_2023_12_01,CUS_0xa648,1/12/2023,10,3,10000,1000,1000,0,7000,1/3/2024,2024-03-01,2025-11-09 07:06:39.639615,data/lms_loan_daily.csv,2024-03-01
CUS_0xa64d_2024_03_01,CUS_0xa64d,1/3/2024,10,0,10000,0,0,0,10000,1/3/2024,2024-03-01,2025-11-09 07:06:39.639615,data/lms_loan_daily.csv,2024-03-01
CUS_0xa65f_2023_11_01,CUS_0xa65f,1/11/2023,10,4,10000,1000,1000,0,6000,1/3/2024,2024-03-01,2025-11-09 07:06:39.639615,data/lms_loan_daily.csv,2024-03-01
CUS_0xa66_2023_06_01,CUS_0xa66,1/6/2023,10,9,10000,1000,1000,0,1000,1/3/2024,2024-03-01,2025-11-09 07:06:39.639615,data/lms_loan_daily.csv,2024-03-01
CUS_0xa660_2024_02_01,CUS_0xa660,1/2/2024,10,1,10000,1000,1000,0,9000,1/3/2024,2024-03-01,2025-11-09 07:06:39.639615,data/lms_loan_daily.csv,2024-03-01
CUS_0xa66a_2024_03_01,CUS_0xa66a,1/3/2024,10,0,10000,0,0,0,10000,1/3/2024,2024-03-01,2025-11-09 07:06:39.639615,data/lms_loan_daily.csv,2024-03-01
CUS_0xa66b_2023_05_01,CUS_0xa66b,1/5/2023,10,10,10000,1000,1000,0,0,1/3/2024,2024-03-01,2025-11-09 07:06:39.639615,data/lms_loan_daily.csv,2024-03-01
CUS_0xa66c_2023_12_01,CUS_0xa66c,1/12/2023,10,3,10000,1000,1000,0,7000,1/3/2024,2024-03-01,2025-11-09 07:06:39.639615,data/lms_loan_daily.csv,2024-03-01
CUS_0xa66d_2023_09_01,CUS_0xa66d,1/9/2023,10,6,10000,1000,1000,0,4000,1/3/2024,2024-03-01,2025-11-09 07:06:39.639615,data/lms_loan_daily.csv,2024-03-01
CUS_0xa672_2023_11_01,CUS_0xa672,1/11/2023,10,4,10000,1000,1000,0,6000,1/3/2024,2024-03-01,2025-11-09 07:06:39.639615,data/lms_loan_daily.csv,2024-03-01
CUS_0xa67d_2023_11_01,CUS_0xa67d,1/11/2023,10,4,10000,1000,1000,0,6000,1/3/2024,2024-03-01,2025-11-09 07:06:39.639615,data/lms_loan_daily.csv,2024-03-01
CUS_0xa685_2023_05_01,CUS_0xa685,1/5/2023,10,10,10000,1000,1000,0,0,1/3/2024,2024-03-01,2025-11-09 07:06:39.639615,data/lms_loan_daily.csv,2024-03-01
CUS_0xa68e_2024_02_01,CUS_0xa68e,1/2/2024,10,1,10000,1000,1000,0,9000,1/3/2024,2024-03-01,2025-11-09 07:06:39.639615,data/lms_loan_daily.csv,2024-03-01
CUS_0xa692_2024_02_01,CUS_0xa692,1/2/2024,10,1,10000,1000,1000,0,9000,1/3/2024,2024-03-01,2025-11-09 07:06:39.639615,data/lms_loan_daily.csv,2024-03-01
CUS_0xa696_2023_05_01,CUS_0xa696,1/5/2023,10,10,10000,1000,1000,0,0,1/3/2024,2024-03-01,2025-11-09 07:06:39.639615,data/lms_loan_daily.csv,2024-03-01
CUS_0xa69f_2024_02_01,CUS_0xa69f,1/2/2024,10,1,10000,1000,1000,0,9000,1/3/2024,2024-03-01,2025-11-09 07:06:39.639615,data/lms_loan_daily.csv,2024-03-01
CUS_0xa6c6_2023_06_01,CUS_0xa6c6,1/6/2023,10,9,10000,1000,0,7000,8000,1/3/2024,2024-03-01,2025-11-09 07:06:39.639615,data/lms_loan_daily.csv,2024-03-01
CUS_0xa6d1_2023_11_01,CUS_0xa6d1,1/11/2023,10,4,10000,1000,1000,0,6000,1/3/2024,2024-03-01,2025-11-09 07:06:39.639615,data/lms_loan_daily.csv,2024-03-01
CUS_0xa6d4_2024_02_01,CUS_0xa6d4,1/2/2024,10,1,10000,1000,1000,0,9000,1/3/2024,2024-03-01,2025-11-09 07:06:39.639615,data/lms_loan_daily.csv,2024-03-01
CUS_0xa6d5_2023_10_01,CUS_0xa6d5,1/10/2023,10,5,10000,1000,1000,0,5000,1/3/2024,2024-03-01,2025-11-09 07:06:39.639615,data/lms_loan_daily.csv,2024-03-01
CUS_0xa6db_2023_10_01,CUS_0xa6db,1/10/2023,10,5,10000,1000,1000,0,5000,1/3/2024,2024-03-01,2025-11-09 07:06:39.639615,data/lms_loan_daily.csv,2024-03-01
CUS_0xa6e4_2024_03_01,CUS_0xa6e4,1/3/2024,10,0,10000,0,0,0,10000,1/3/2024,2024-03-01,2025-11-09 07:06:39.639615,data/lms_loan_daily.csv,2024-03-01
CUS_0xa6e8_2023_08_01,CUS_0xa6e8,1/8/2023,10,7,10000,1000,1000,0,3000,1/3/2024,2024-03-01,2025-11-09 07:06:39.639615,data/lms_loan_daily.csv,2024-03-01
CUS_0xa6f1_2024_01_01,CUS_0xa6f1,1/1/2024,10,2,10000,1000,1000,0,8000,1/3/2024,2024-03-01,2025-11-09 07:06:39.639615,data/lms_loan_daily.csv,2024-03-01
CUS_0xa6f4_2023_05_01,CUS_0xa6f4,1/5/2023,10,10,10000,1000,1000,0,0,1/3/2024,2024-03-01,2025-11-09 07:06:39.639615,data/lms_loan_daily.csv,2024-03-01
CUS_0xa6f6_2023_10_01,CUS_0xa6f6,1/10/2023,10,5,10000,1000,1000,0,5000,1/3/2024,2024-03-01,2025-11-09 07:06:39.639615,data/lms_loan_daily.csv,2024-03-01
CUS_0xa6f9_2023_10_01,CUS_0xa6f9,1/10/2023,10,5,10000,1000,1000,0,5000,1/3/2024,2024-03-01,2025-11-09 07:06:39.639615,data/lms_loan_daily.csv,2024-03-01
CUS_0xa71a_2023_06_01,CUS_0xa71a,1/6/2023,10,9,10000,1000,1000,0,1000,1/3/2024,2024-03-01,2025-11-09 07:06:39.639615,data/lms_loan_daily.csv,2024-03-01
CUS_0xa729_2023_11_01,CUS_0xa729,1/11/2023,10,4,10000,1000,0,3000,9000,1/3/2024,2024-03-01,2025-11-09 07:06:39.639615,data/lms_loan_daily.csv,2024-03-01
CUS_0xa72c_2024_03_01,CUS_0xa72c,1/3/2024,10,0,10000,0,0,0,10000,1/3/2024,2024-03-01,2025-11-09 07:06:39.639615,data/lms_loan_daily.csv,2024-03-01
CUS_0xa73b_2024_02_01,CUS_0xa73b,1/2/2024,10,1,10000,1000,1000,0,9000,1/3/2024,2024-03-01,2025-11-09 07:06:39.639615,data/lms_loan_daily.csv,2024-03-01
CUS_0xa741_2023_12_01,CUS_0xa741,1/12/2023,10,3,10000,1000,1000,0,7000,1/3/2024,2024-03-01,2025-11-09 07:06:39.639615,data/lms_loan_daily.csv,2024-03-01
CUS_0xa751_2023_06_01,CUS_0xa751,1/6/2023,10,9,10000,1000,1000,0,1000,1/3/2024,2024-03-01,2025-11-09 07:06:39.639615,data/lms_loan_daily.csv,2024-03-01
CUS_0xa75c_2024_03_01,CUS_0xa75c,1/3/2024,10,0,10000,0,0,0,10000,1/3/2024,2024-03-01,2025-11-09 07:06:39.639615,data/lms_loan_daily.csv,2024-03-01
CUS_0xa762_2023_05_01,CUS_0xa762,1/5/2023,10,10,10000,1000,1000,0,0,1/3/2024,2024-03-01,2025-11-09 07:06:39.639615,data/lms_loan_daily.csv,2024-03-01
CUS_0xa766_2023_12_01,CUS_0xa766,1/12/2023,10,3,10000,1000,1000,0,7000,1/3/2024,2024-03-01,2025-11-09 07:06:39.639615,data/lms_loan_daily.csv,2024-03-01
CUS_0xa772_2024_03_01,CUS_0xa772,1/3/2024,10,0,10000,0,0,0,10000,1/3/2024,2024-03-01,2025-11-09 07:06:39.639615,data/lms_loan_daily.csv,2024-03-01
CUS_0xa773_2023_12_01,CUS_0xa773,1/12/2023,10,3,10000,1000,0,1000,8000,1/3/2024,2024-03-01,2025-11-09 07:06:39.639615,data/lms_loan_daily.csv,2024-03-01
CUS_0xa778_2023_09_01,CUS_0xa778,1/9/2023,10,6,10000,1000,0,3000,7000,1/3/2024,2024-03-01,2025-11-09 07:06:39.639615,data/lms_loan_daily.csv,2024-03-01
CUS_0xa77e_2023_05_01,CUS_0xa77e,1/5/2023,10,10,10000,1000,1000,0,0,1/3/2024,2024-03-01,2025-11-09 07:06:39.639615,data/lms_loan_daily.csv,2024-03-01
CUS_0xa77f_2024_02_01,CUS_0xa77f,1/2/2024,10,1,10000,1000,1000,0,9000,1/3/2024,2024-03-01,2025-11-09 07:06:39.639615,data/lms_loan_daily.csv,2024-03-01
CUS_0xa781_2023_12_01,CUS_0xa781,1/12/2023,10,3,10000,1000,1000,0,7000,1/3/2024,2024-03-01,2025-11-09 07:06:39.639615,data/lms_loan_daily.csv,2024-03-01
CUS_0xa788_2023_11_01,CUS_0xa788,1/11/2023,10,4,10000,1000,0,2000,8000,1/3/2024,2024-03-01,2025-11-09 07:06:39.639615,data/lms_loan_daily.csv,2024-03-01
CUS_0xa78f_2024_03_01,CUS_0xa78f,1/3/2024,10,0,10000,0,0,0,10000,1/3/2024,2024-03-01,2025-11-09 07:06:39.639615,data/lms_loan_daily.csv,2024-03-01
CUS_0xa798_2024_03_01,CUS_0xa798,1/3/2024,10,0,10000,0,0,0,10000,1/3/2024,2024-03-01,2025-11-09 07:06:39.639615,data/lms_loan_daily.csv,2024-03-01
CUS_0xa79d_2023_09_01,CUS_0xa79d,1/9/2023,10,6,10000,1000,0,5000,9000,1/3/2024,2024-03-01,2025-11-09 07:06:39.639615,data/lms_loan_daily.csv,2024-03-01
CUS_0xa7a3_2023_11_01,CUS_0xa7a3,1/11/2023,10,4,10000,1000,0,3000,9000,1/3/2024,2024-03-01,2025-11-09 07:06:39.639615,data/lms_loan_daily.csv,2024-03-01
CUS_0xa7aa_2023_08_01,CUS_0xa7aa,1/8/2023,10,7,10000,1000,1000,0,3000,1/3/2024,2024-03-01,2025-11-09 07:06:39.639615,data/lms_loan_daily.csv,2024-03-01
CUS_0xa7ab_2023_06_01,CUS_0xa7ab,1/6/2023,10,9,10000,1000,1000,0,1000,1/3/2024,2024-03-01,2025-11-09 07:06:39.639615,data/lms_loan_daily.csv,2024-03-01
CUS_0xa7ae_2023_11_01,CUS_0xa7ae,1/11/2023,10,4,10000,1000,1000,0,6000,1/3/2024,2024-03-01,2025-11-09 07:06:39.639615,data/lms_loan_daily.csv,2024-03-01
CUS_0xa7b5_2023_09_01,CUS_0xa7b5,1/9/2023,10,6,10000,1000,0,5000,9000,1/3/2024,2024-03-01,2025-11-09 07:06:39.639615,data/lms_loan_daily.csv,2024-03-01
CUS_0xa7b6_2023_06_01,CUS_0xa7b6,1/6/2023,10,9,10000,1000,1000,0,1000,1/3/2024,2024-03-01,2025-11-09 07:06:39.639615,data/lms_loan_daily.csv,2024-03-01
CUS_0xa7be_2023_11_01,CUS_0xa7be,1/11/2023,10,4,10000,1000,1000,0,6000,1/3/2024,2024-03-01,2025-11-09 07:06:39.639615,data/lms_loan_daily.csv,2024-03-01
CUS_0xa7c3_2024_02_01,CUS_0xa7c3,1/2/2024,10,1,10000,1000,1000,0,9000,1/3/2024,2024-03-01,2025-11-09 07:06:39.639615,data/lms_loan_daily.csv,2024-03-01
CUS_0xa7cd_2023_06_01,CUS_0xa7cd,1/6/2023,10,9,10000,1000,0,8000,9000,1/3/2024,2024-03-01,2025-11-09 07:06:39.639615,data/lms_loan_daily.csv,2024-03-01
CUS_0xa7d0_2023_10_01,CUS_0xa7d0,1/10/2023,10,5,10000,1000,1000,0,5000,1/3/2024,2024-03-01,2025-11-09 07:06:39.639615,data/lms_loan_daily.csv,2024-03-01
CUS_0xa7d4_2023_11_01,CUS_0xa7d4,1/11/2023,10,4,10000,1000,0,2000,8000,1/3/2024,2024-03-01,2025-11-09 07:06:39.639615,data/lms_loan_daily.csv,2024-03-01
CUS_0xa7e9_2023_11_01,CUS_0xa7e9,1/11/2023,10,4,10000,1000,1000,0,6000,1/3/2024,2024-03-01,2025-11-09 07:06:39.639615,data/lms_loan_daily.csv,2024-03-01
CUS_0xa7ea_2023_05_01,CUS_0xa7ea,1/5/2023,10,10,10000,1000,1000,0,0,1/3/2024,2024-03-01,2025-11-09 07:06:39.639615,data/lms_loan_daily.csv,2024-03-01
CUS_0xa7f8_2024_02_01,CUS_0xa7f8,1/2/2024,10,1,10000,1000,1000,0,9000,1/3/2024,2024-03-01,2025-11-09 07:06:39.639615,data/lms_loan_daily.csv,2024-03-01
CUS_0xa80_2023_09_01,CUS_0xa80,1/9/2023,10,6,10000,1000,1000,0,4000,1/3/2024,2024-03-01,2025-11-09 07:06:39.639615,data/lms_loan_daily.csv,2024-03-01
CUS_0xa80c_2024_02_01,CUS_0xa80c,1/2/2024,10,1,10000,1000,1000,0,9000,1/3/2024,2024-03-01,2025-11-09 07:06:39.639615,data/lms_loan_daily.csv,2024-03-01
CUS_0xa814_2023_10_01,CUS_0xa814,1/10/2023,10,5,10000,1000,1000,0,5000,1/3/2024,2024-03-01,2025-11-09 07:06:39.639615,data/lms_loan_daily.csv,2024-03-01
CUS_0xa822_2023_08_01,CUS_0xa822,1/8/2023,10,7,10000,1000,1000,0,3000,1/3/2024,2024-03-01,2025-11-09 07:06:39.639615,data/lms_loan_daily.csv,2024-03-01
CUS_0xa82c_2023_10_01,CUS_0xa82c,1/10/2023,10,5,10000,1000,1000,0,5000,1/3/2024,2024-03-01,2025-11-09 07:06:39.639615,data/lms_loan_daily.csv,2024-03-01
CUS_0xa835_2024_03_01,CUS_0xa835,1/3/2024,10,0,10000,0,0,0,10000,1/3/2024,2024-03-01,2025-11-09 07:06:39.639615,data/lms_loan_daily.csv,2024-03-01
CUS_0xa83a_2023_08_01,CUS_0xa83a,1/8/2023,10,7,10000,1000,0,6000,9000,1/3/2024,2024-03-01,2025-11-09 07:06:39.639615,data/lms_loan_daily.csv,2024-03-01
CUS_0xa83c_2024_01_01,CUS_0xa83c,1/1/2024,10,2,10000,1000,1000,0,8000,1/3/2024,2024-03-01,2025-11-09 07:06:39.639615,data/lms_loan_daily.csv,2024-03-01
CUS_0xa843_2023_06_01,CUS_0xa843,1/6/2023,10,9,10000,1000,1000,0,1000,1/3/2024,2024-03-01,2025-11-09 07:06:39.639615,data/lms_loan_daily.csv,2024-03-01
CUS_0xa84b_2024_03_01,CUS_0xa84b,1/3/2024,10,0,10000,0,0,0,10000,1/3/2024,2024-03-01,2025-11-09 07:06:39.639615,data/lms_loan_daily.csv,2024-03-01
CUS_0xa865_2023_06_01,CUS_0xa865,1/6/2023,10,9,10000,1000,1000,0,1000,1/3/2024,2024-03-01,2025-11-09 07:06:39.639615,data/lms_loan_daily.csv,2024-03-01
CUS_0xa86b_2023_06_01,CUS_0xa86b,1/6/2023,10,9,10000,1000,1000,0,1000,1/3/2024,2024-03-01,2025-11-09 07:06:39.639615,data/lms_loan_daily.csv,2024-03-01
CUS_0xa872_2023_11_01,CUS_0xa872,1/11/2023,10,4,10000,1000,1000,0,6000,1/3/2024,2024-03-01,2025-11-09 07:06:39.639615,data/lms_loan_daily.csv,2024-03-01
CUS_0xa877_2023_09_01,CUS_0xa877,1/9/2023,10,6,10000,1000,1000,0,4000,1/3/2024,2024-03-01,2025-11-09 07:06:39.639615,data/lms_loan_daily.csv,2024-03-01
CUS_0xa878_2023_07_01,CUS_0xa878,1/7/2023,10,8,10000,1000,0,5000,7000,1/3/2024,2024-03-01,2025-11-09 07:06:39.639615,data/lms_loan_daily.csv,2024-03-01
CUS_0xa87f_2024_02_01,CUS_0xa87f,1/2/2024,10,1,10000,1000,1000,0,9000,1/3/2024,2024-03-01,2025-11-09 07:06:39.639615,data/lms_loan_daily.csv,2024-03-01
CUS_0xa88_2023_06_01,CUS_0xa88,1/6/2023,10,9,10000,1000,1000,0,1000,1/3/2024,2024-03-01,2025-11-09 07:06:39.639615,data/lms_loan_daily.csv,2024-03-01
CUS_0xa897_2023_08_01,CUS_0xa897,1/8/2023,10,7,10000,1000,0,5000,8000,1/3/2024,2024-03-01,2025-11-09 07:06:39.639615,data/lms_loan_daily.csv,2024-03-01
CUS_0xa8a_2023_12_01,CUS_0xa8a,1/12/2023,10,3,10000,1000,0,1000,8000,1/3/2024,2024-03-01,2025-11-09 07:06:39.639615,data/lms_loan_daily.csv,2024-03-01
CUS_0xa8ab_2024_01_01,CUS_0xa8ab,1/1/2024,10,2,10000,1000,1000,0,8000,1/3/2024,2024-03-01,2025-11-09 07:06:39.639615,data/lms_loan_daily.csv,2024-03-01
CUS_0xa8b1_2024_03_01,CUS_0xa8b1,1/3/2024,10,0,10000,0,0,0,10000,1/3/2024,2024-03-01,2025-11-09 07:06:39.639615,data/lms_loan_daily.csv,2024-03-01
CUS_0xa8c_2023_10_01,CUS_0xa8c,1/10/2023,10,5,10000,1000,1000,0,5000,1/3/2024,2024-03-01,2025-11-09 07:06:39.639615,data/lms_loan_daily.csv,2024-03-01
CUS_0xa8d1_2023_08_01,CUS_0xa8d1,1/8/2023,10,7,10000,1000,1000,0,3000,1/3/2024,2024-03-01,2025-11-09 07:06:39.639615,data/lms_loan_daily.csv,2024-03-01
CUS_0xa8d6_2024_02_01,CUS_0xa8d6,1/2/2024,10,1,10000,1000,1000,0,9000,1/3/2024,2024-03-01,2025-11-09 07:06:39.639615,data/lms_loan_daily.csv,2024-03-01
CUS_0xa8d8_2023_08_01,CUS_0xa8d8,1/8/2023,10,7,10000,1000,0,4000,7000,1/3/2024,2024-03-01,2025-11-09 07:06:39.639615,data/lms_loan_daily.csv,2024-03-01
CUS_0xa8e6_2024_03_01,CUS_0xa8e6,1/3/2024,10,0,10000,0,0,0,10000,1/3/2024,2024-03-01,2025-11-09 07:06:39.639615,data/lms_loan_daily.csv,2024-03-01
CUS_0xa8ec_2024_03_01,CUS_0xa8ec,1/3/2024,10,0,10000,0,0,0,10000,1/3/2024,2024-03-01,2025-11-09 07:06:39.639615,data/lms_loan_daily.csv,2024-03-01
CUS_0xa8ed_2023_10_01,CUS_0xa8ed,1/10/2023,10,5,10000,1000,0,4000,9000,1/3/2024,2024-03-01,2025-11-09 07:06:39.639615,data/lms_loan_daily.csv,2024-03-01
CUS_0xa90_2023_11_01,CUS_0xa90,1/11/2023,10,4,10000,1000,1000,0,6000,1/3/2024,2024-03-01,2025-11-09 07:06:39.639615,data/lms_loan_daily.csv,2024-03-01
CUS_0xa90c_2024_02_01,CUS_0xa90c,1/2/2024,10,1,10000,1000,1000,0,9000,1/3/2024,2024-03-01,2025-11-09 07:06:39.639615,data/lms_loan_daily.csv,2024-03-01
CUS_0xa922_2024_02_01,CUS_0xa922,1/2/2024,10,1,10000,1000,1000,0,9000,1/3/2024,2024-03-01,2025-11-09 07:06:39.639615,data/lms_loan_daily.csv,2024-03-01
CUS_0xa934_2023_09_01,CUS_0xa934,1/9/2023,10,6,10000,1000,1000,0,4000,1/3/2024,2024-03-01,2025-11-09 07:06:39.639615,data/lms_loan_daily.csv,2024-03-01
CUS_0xa93b_2023_06_01,CUS_0xa93b,1/6/2023,10,9,10000,1000,1000,0,1000,1/3/2024,2024-03-01,2025-11-09 07:06:39.639615,data/lms_loan_daily.csv,2024-03-01
CUS_0xa93f_2024_02_01,CUS_0xa93f,1/2/2024,10,1,10000,1000,1000,0,9000,1/3/2024,2024-03-01,2025-11-09 07:06:39.639615,data/lms_loan_daily.csv,2024-03-01
CUS_0xa940_2023_10_01,CUS_0xa940,1/10/2023,10,5,10000,1000,1000,0,5000,1/3/2024,2024-03-01,2025-11-09 07:06:39.639615,data/lms_loan_daily.csv,2024-03-01
CUS_0xa94f_2023_11_01,CUS_0xa94f,1/11/2023,10,4,10000,1000,1000,0,6000,1/3/2024,2024-03-01,2025-11-09 07:06:39.639615,data/lms_loan_daily.csv,2024-03-01
CUS_0xa95a_2023_08_01,CUS_0xa95a,1/8/2023,10,7,10000,1000,1000,0,3000,1/3/2024,2024-03-01,2025-11-09 07:06:39.639615,data/lms_loan_daily.csv,2024-03-01
CUS_0xa95d_2023_10_01,CUS_0xa95d,1/10/2023,10,5,10000,1000,1000,0,5000,1/3/2024,2024-03-01,2025-11-09 07:06:39.639615,data/lms_loan_daily.csv,2024-03-01
CUS_0xa964_2023_12_01,CUS_0xa964,1/12/2023,10,3,10000,1000,1000,0,7000,1/3/2024,2024-03-01,2025-11-09 07:06:39.639615,data/lms_loan_daily.csv,2024-03-01
CUS_0xa96d_2023_08_01,CUS_0xa96d,1/8/2023,10,7,10000,1000,0,6000,9000,1/3/2024,2024-03-01,2025-11-09 07:06:39.639615,data/lms_loan_daily.csv,2024-03-01
CUS_0xa972_2023_08_01,CUS_0xa972,1/8/2023,10,7,10000,1000,1000,0,3000,1/3/2024,2024-03-01,2025-11-09 07:06:39.639615,data/lms_loan_daily.csv,2024-03-01
CUS_0xa98a_2023_11_01,CUS_0xa98a,1/11/2023,10,4,10000,1000,1000,0,6000,1/3/2024,2024-03-01,2025-11-09 07:06:39.639615,data/lms_loan_daily.csv,2024-03-01
CUS_0xa990_2023_08_01,CUS_0xa990,1/8/2023,10,7,10000,1000,0,3000,6000,1/3/2024,2024-03-01,2025-11-09 07:06:39.639615,data/lms_loan_daily.csv,2024-03-01
CUS_0xa995_2023_08_01,CUS_0xa995,1/8/2023,10,7,10000,1000,1000,0,3000,1/3/2024,2024-03-01,2025-11-09 07:06:39.639615,data/lms_loan_daily.csv,2024-03-01
CUS_0xa99a_2023_08_01,CUS_0xa99a,1/8/2023,10,7,10000,1000,1000,0,3000,1/3/2024,2024-03-01,2025-11-09 07:06:39.639615,data/lms_loan_daily.csv,2024-03-01
CUS_0xa9a2_2023_12_01,CUS_0xa9a2,1/12/2023,10,3,10000,1000,1000,0,7000,1/3/2024,2024-03-01,2025-11-09 07:06:39.639615,data/lms_loan_daily.csv,2024-03-01
CUS_0xa9ad_2023_11_01,CUS_0xa9ad,1/11/2023,10,4,10000,1000,1000,0,6000,1/3/2024,2024-03-01,2025-11-09 07:06:39.639615,data/lms_loan_daily.csv,2024-03-01
CUS_0xa9b1_2024_03_01,CUS_0xa9b1,1/3/2024,10,0,10000,0,0,0,10000,1/3/2024,2024-03-01,2025-11-09 07:06:39.639615,data/lms_loan_daily.csv,2024-03-01
CUS_0xa9c2_2024_02_01,CUS_0xa9c2,1/2/2024,10,1,10000,1000,1000,0,9000,1/3/2024,2024-03-01,2025-11-09 07:06:39.639615,data/lms_loan_daily.csv,2024-03-01
CUS_0xa9ca_2024_01_01,CUS_0xa9ca,1/1/2024,10,2,10000,1000,0,2000,10000,1/3/2024,2024-03-01,2025-11-09 07:06:39.639615,data/lms_loan_daily.csv,2024-03-01
CUS_0xa9cc_2024_01_01,CUS_0xa9cc,1/1/2024,10,2,10000,1000,1000,0,8000,1/3/2024,2024-03-01,2025-11-09 07:06:39.639615,data/lms_loan_daily.csv,2024-03-01
CUS_0xa9d1_2023_10_01,CUS_0xa9d1,1/10/2023,10,5,10000,1000,0,2000,7000,1/3/2024,2024-03-01,2025-11-09 07:06:39.639615,data/lms_loan_daily.csv,2024-03-01
CUS_0xa9d6_2023_08_01,CUS_0xa9d6,1/8/2023,10,7,10000,1000,0,4000,7000,1/3/2024,2024-03-01,2025-11-09 07:06:39.639615,data/lms_loan_daily.csv,2024-03-01
CUS_0xa9d9_2023_07_01,CUS_0xa9d9,1/7/2023,10,8,10000,1000,0,7000,9000,1/3/2024,2024-03-01,2025-11-09 07:06:39.639615,data/lms_loan_daily.csv,2024-03-01
CUS_0xa9e3_2023_08_01,CUS_0xa9e3,1/8/2023,10,7,10000,1000,0,5000,8000,1/3/2024,2024-03-01,2025-11-09 07:06:39.639615,data/lms_loan_daily.csv,2024-03-01
CUS_0xa9e7_2023_08_01,CUS_0xa9e7,1/8/2023,10,7,10000,1000,1000,0,3000,1/3/2024,2024-03-01,2025-11-09 07:06:39.639615,data/lms_loan_daily.csv,2024-03-01
CUS_0xa9f5_2023_05_01,CUS_0xa9f5,1/5/2023,10,10,10000,1000,0,8000,8000,1/3/2024,2024-03-01,2025-11-09 07:06:39.639615,data/lms_loan_daily.csv,2024-03-01
CUS_0xaa0a_2023_09_01,CUS_0xaa0a,1/9/2023,10,6,10000,1000,1000,0,4000,1/3/2024,2024-03-01,2025-11-09 07:06:39.639615,data/lms_loan_daily.csv,2024-03-01
CUS_0xaa15_2023_05_01,CUS_0xaa15,1/5/2023,10,10,10000,1000,1000,0,0,1/3/2024,2024-03-01,2025-11-09 07:06:39.639615,data/lms_loan_daily.csv,2024-03-01
CUS_0xaa3b_2023_09_01,CUS_0xaa3b,1/9/2023,10,6,10000,1000,1000,0,4000,1/3/2024,2024-03-01,2025-11-09 07:06:39.639615,data/lms_loan_daily.csv,2024-03-01
CUS_0xaa5_2024_02_01,CUS_0xaa5,1/2/2024,10,1,10000,1000,1000,0,9000,1/3/2024,2024-03-01,2025-11-09 07:06:39.639615,data/lms_loan_daily.csv,2024-03-01
CUS_0xaa52_2023_05_01,CUS_0xaa52,1/5/2023,10,10,10000,1000,1000,0,0,1/3/2024,2024-03-01,2025-11-09 07:06:39.639615,data/lms_loan_daily.csv,2024-03-01
CUS_0xaa5a_2023_11_01,CUS_0xaa5a,1/11/2023,10,4,10000,1000,1000,0,6000,1/3/2024,2024-03-01,2025-11-09 07:06:39.639615,data/lms_loan_daily.csv,2024-03-01
CUS_0xaa5b_2023_05_01,CUS_0xaa5b,1/5/2023,10,10,10000,1000,0,8000,8000,1/3/2024,2024-03-01,2025-11-09 07:06:39.639615,data/lms_loan_daily.csv,2024-03-01
CUS_0xaa68_2024_02_01,CUS_0xaa68,1/2/2024,10,1,10000,1000,1000,0,9000,1/3/2024,2024-03-01,2025-11-09 07:06:39.639615,data/lms_loan_daily.csv,2024-03-01
CUS_0xaa74_2023_09_01,CUS_0xaa74,1/9/2023,10,6,10000,1000,0,2000,6000,1/3/2024,2024-03-01,2025-11-09 07:06:39.639615,data/lms_loan_daily.csv,2024-03-01
CUS_0xaa7c_2023_09_01,CUS_0xaa7c,1/9/2023,10,6,10000,1000,0,2000,6000,1/3/2024,2024-03-01,2025-11-09 07:06:39.639615,data/lms_loan_daily.csv,2024-03-01
CUS_0xaa80_2023_12_01,CUS_0xaa80,1/12/2023,10,3,10000,1000,1000,0,7000,1/3/2024,2024-03-01,2025-11-09 07:06:39.639615,data/lms_loan_daily.csv,2024-03-01
CUS_0xaa83_2024_01_01,CUS_0xaa83,1/1/2024,10,2,10000,1000,1000,0,8000,1/3/2024,2024-03-01,2025-11-09 07:06:39.639615,data/lms_loan_daily.csv,2024-03-01
CUS_0xaa85_2023_05_01,CUS_0xaa85,1/5/2023,10,10,10000,1000,1000,0,0,1/3/2024,2024-03-01,2025-11-09 07:06:39.639615,data/lms_loan_daily.csv,2024-03-01
CUS_0xaa87_2023_08_01,CUS_0xaa87,1/8/2023,10,7,10000,1000,1000,0,3000,1/3/2024,2024-03-01,2025-11-09 07:06:39.639615,data/lms_loan_daily.csv,2024-03-01
CUS_0xaa8c_2023_06_01,CUS_0xaa8c,1/6/2023,10,9,10000,1000,1000,0,1000,1/3/2024,2024-03-01,2025-11-09 07:06:39.639615,data/lms_loan_daily.csv,2024-03-01
CUS_0xaa8d_2024_03_01,CUS_0xaa8d,1/3/2024,10,0,10000,0,0,0,10000,1/3/2024,2024-03-01,2025-11-09 07:06:39.639615,data/lms_loan_daily.csv,2024-03-01
CUS_0xaaaf_2023_06_01,CUS_0xaaaf,1/6/2023,10,9,10000,1000,1000,0,1000,1/3/2024,2024-03-01,2025-11-09 07:06:39.639615,data/lms_loan_daily.csv,2024-03-01
CUS_0xaac3_2023_05_01,CUS_0xaac3,1/5/2023,10,10,10000,1000,1000,0,0,1/3/2024,2024-03-01,2025-11-09 07:06:39.639615,data/lms_loan_daily.csv,2024-03-01
CUS_0xaac6_2024_03_01,CUS_0xaac6,1/3/2024,10,0,10000,0,0,0,10000,1/3/2024,2024-03-01,2025-11-09 07:06:39.639615,data/lms_loan_daily.csv,2024-03-01
CUS_0xaad9_2023_10_01,CUS_0xaad9,1/10/2023,10,5,10000,1000,1000,0,5000,1/3/2024,2024-03-01,2025-11-09 07:06:39.639615,data/lms_loan_daily.csv,2024-03-01
CUS_0xaadf_2023_10_01,CUS_0xaadf,1/10/2023,10,5,10000,1000,1000,0,5000,1/3/2024,2024-03-01,2025-11-09 07:06:39.639615,data/lms_loan_daily.csv,2024-03-01
CUS_0xaaf8_2023_08_01,CUS_0xaaf8,1/8/2023,10,7,10000,1000,1000,0,3000,1/3/2024,2024-03-01,2025-11-09 07:06:39.639615,data/lms_loan_daily.csv,2024-03-01
CUS_0xab07_2024_02_01,CUS_0xab07,1/2/2024,10,1,10000,1000,0,1000,10000,1/3/2024,2024-03-01,2025-11-09 07:06:39.639615,data/lms_loan_daily.csv,2024-03-01
CUS_0xab0e_2024_03_01,CUS_0xab0e,1/3/2024,10,0,10000,0,0,0,10000,1/3/2024,2024-03-01,2025-11-09 07:06:39.639615,data/lms_loan_daily.csv,2024-03-01
CUS_0xab17_2023_05_01,CUS_0xab17,1/5/2023,10,10,10000,1000,1000,0,0,1/3/2024,2024-03-01,2025-11-09 07:06:39.639615,data/lms_loan_daily.csv,2024-03-01
CUS_0xab1c_2024_01_01,CUS_0xab1c,1/1/2024,10,2,10000,1000,1000,0,8000,1/3/2024,2024-03-01,2025-11-09 07:06:39.639615,data/lms_loan_daily.csv,2024-03-01
CUS_0xab1f_2024_03_01,CUS_0xab1f,1/3/2024,10,0,10000,0,0,0,10000,1/3/2024,2024-03-01,2025-11-09 07:06:39.639615,data/lms_loan_daily.csv,2024-03-01
CUS_0xab2_2023_05_01,CUS_0xab2,1/5/2023,10,10,10000,1000,1000,0,0,1/3/2024,2024-03-01,2025-11-09 07:06:39.639615,data/lms_loan_daily.csv,2024-03-01
CUS_0xab2f_2024_03_01,CUS_0xab2f,1/3/2024,10,0,10000,0,0,0,10000,1/3/2024,2024-03-01,2025-11-09 07:06:39.639615,data/lms_loan_daily.csv,2024-03-01
CUS_0xab37_2024_03_01,CUS_0xab37,1/3/2024,10,0,10000,0,0,0,10000,1/3/2024,2024-03-01,2025-11-09 07:06:39.639615,data/lms_loan_daily.csv,2024-03-01
CUS_0xab3a_2023_10_01,CUS_0xab3a,1/10/2023,10,5,10000,1000,1000,0,5000,1/3/2024,2024-03-01,2025-11-09 07:06:39.639615,data/lms_loan_daily.csv,2024-03-01
CUS_0xab44_2024_02_01,CUS_0xab44,1/2/2024,10,1,10000,1000,1000,0,9000,1/3/2024,2024-03-01,2025-11-09 07:06:39.639615,data/lms_loan_daily.csv,2024-03-01
CUS_0xab61_2023_09_01,CUS_0xab61,1/9/2023,10,6,10000,1000,1000,0,4000,1/3/2024,2024-03-01,2025-11-09 07:06:39.639615,data/lms_loan_daily.csv,2024-03-01
CUS_0xab76_2023_07_01,CUS_0xab76,1/7/2023,10,8,10000,1000,1000,0,2000,1/3/2024,2024-03-01,2025-11-09 07:06:39.639615,data/lms_loan_daily.csv,2024-03-01
CUS_0xab77_2024_01_01,CUS_0xab77,1/1/2024,10,2,10000,1000,1000,0,8000,1/3/2024,2024-03-01,2025-11-09 07:06:39.639615,data/lms_loan_daily.csv,2024-03-01
CUS_0xab80_2023_06_01,CUS_0xab80,1/6/2023,10,9,10000,1000,1000,0,1000,1/3/2024,2024-03-01,2025-11-09 07:06:39.639615,data/lms_loan_daily.csv,2024-03-01
CUS_0xab83_2024_02_01,CUS_0xab83,1/2/2024,10,1,10000,1000,1000,0,9000,1/3/2024,2024-03-01,2025-11-09 07:06:39.639615,data/lms_loan_daily.csv,2024-03-01
CUS_0xab92_2023_05_01,CUS_0xab92,1/5/2023,10,10,10000,1000,0,8000,8000,1/3/2024,2024-03-01,2025-11-09 07:06:39.639615,data/lms_loan_daily.csv,2024-03-01
CUS_0xab9c_2023_12_01,CUS_0xab9c,1/12/2023,10,3,10000,1000,1000,0,7000,1/3/2024,2024-03-01,2025-11-09 07:06:39.639615,data/lms_loan_daily.csv,2024-03-01
CUS_0xab9e_2023_10_01,CUS_0xab9e,1/10/2023,10,5,10000,1000,1000,0,5000,1/3/2024,2024-03-01,2025-11-09 07:06:39.639615,data/lms_loan_daily.csv,2024-03-01
CUS_0xaba4_2024_02_01,CUS_0xaba4,1/2/2024,10,1,10000,1000,1000,0,9000,1/3/2024,2024-03-01,2025-11-09 07:06:39.639615,data/lms_loan_daily.csv,2024-03-01
CUS_0xabaf_2023_11_01,CUS_0xabaf,1/11/2023,10,4,10000,1000,1000,0,6000,1/3/2024,2024-03-01,2025-11-09 07:06:39.639615,data/lms_loan_daily.csv,2024-03-01
CUS_0xabb5_2023_10_01,CUS_0xabb5,1/10/2023,10,5,10000,1000,1000,0,5000,1/3/2024,2024-03-01,2025-11-09 07:06:39.639615,data/lms_loan_daily.csv,2024-03-01
CUS_0xabc1_2023_07_01,CUS_0xabc1,1/7/2023,10,8,10000,1000,1000,0,2000,1/3/2024,2024-03-01,2025-11-09 07:06:39.639615,data/lms_loan_daily.csv,2024-03-01
CUS_0xabc9_2024_02_01,CUS_0xabc9,1/2/2024,10,1,10000,1000,1000,0,9000,1/3/2024,2024-03-01,2025-11-09 07:06:39.639615,data/lms_loan_daily.csv,2024-03-01
CUS_0xabd_2023_11_01,CUS_0xabd,1/11/2023,10,4,10000,1000,1000,0,6000,1/3/2024,2024-03-01,2025-11-09 07:06:39.639615,data/lms_loan_daily.csv,2024-03-01
CUS_0xabd9_2023_12_01,CUS_0xabd9,1/12/2023,10,3,10000,1000,1000,0,7000,1/3/2024,2024-03-01,2025-11-09 07:06:39.639615,data/lms_loan_daily.csv,2024-03-01
CUS_0xabef_2023_07_01,CUS_0xabef,1/7/2023,10,8,10000,1000,1000,0,2000,1/3/2024,2024-03-01,2025-11-09 07:06:39.639615,data/lms_loan_daily.csv,2024-03-01
CUS_0xac04_2024_02_01,CUS_0xac04,1/2/2024,10,1,10000,1000,1000,0,9000,1/3/2024,2024-03-01,2025-11-09 07:06:39.639615,data/lms_loan_daily.csv,2024-03-01
CUS_0xac08_2023_09_01,CUS_0xac08,1/9/2023,10,6,10000,1000,0,2000,6000,1/3/2024,2024-03-01,2025-11-09 07:06:39.639615,data/lms_loan_daily.csv,2024-03-01
CUS_0xac0d_2023_06_01,CUS_0xac0d,1/6/2023,10,9,10000,1000,0,6000,7000,1/3/2024,2024-03-01,2025-11-09 07:06:39.639615,data/lms_loan_daily.csv,2024-03-01
CUS_0xac1_2023_11_01,CUS_0xac1,1/11/2023,10,4,10000,1000,1000,0,6000,1/3/2024,2024-03-01,2025-11-09 07:06:39.639615,data/lms_loan_daily.csv,2024-03-01
CUS_0xac16_2023_07_01,CUS_0xac16,1/7/2023,10,8,10000,1000,1000,0,2000,1/3/2024,2024-03-01,2025-11-09 07:06:39.639615,data/lms_loan_daily.csv,2024-03-01
CUS_0xac19_2024_03_01,CUS_0xac19,1/3/2024,10,0,10000,0,0,0,10000,1/3/2024,2024-03-01,2025-11-09 07:06:39.639615,data/lms_loan_daily.csv,2024-03-01
CUS_0xac2b_2024_02_01,CUS_0xac2b,1/2/2024,10,1,10000,1000,1000,0,9000,1/3/2024,2024-03-01,2025-11-09 07:06:39.639615,data/lms_loan_daily.csv,2024-03-01
CUS_0xac2d_2023_12_01,CUS_0xac2d,1/12/2023,10,3,10000,1000,1000,0,7000,1/3/2024,2024-03-01,2025-11-09 07:06:39.639615,data/lms_loan_daily.csv,2024-03-01
CUS_0xac39_2023_05_01,CUS_0xac39,1/5/2023,10,10,10000,1000,1000,0,0,1/3/2024,2024-03-01,2025-11-09 07:06:39.639615,data/lms_loan_daily.csv,2024-03-01
CUS_0xac3b_2023_10_01,CUS_0xac3b,1/10/2023,10,5,10000,1000,1000,0,5000,1/3/2024,2024-03-01,2025-11-09 07:06:39.639615,data/lms_loan_daily.csv,2024-03-01
CUS_0xac41_2023_05_01,CUS_0xac41,1/5/2023,10,10,10000,1000,0,7000,7000,1/3/2024,2024-03-01,2025-11-09 07:06:39.639615,data/lms_loan_daily.csv,2024-03-01
CUS_0xac4a_2023_12_01,CUS_0xac4a,1/12/2023,10,3,10000,1000,1000,0,7000,1/3/2024,2024-03-01,2025-11-09 07:06:39.639615,data/lms_loan_daily.csv,2024-03-01
CUS_0xac54_2023_10_01,CUS_0xac54,1/10/2023,10,5,10000,1000,1000,0,5000,1/3/2024,2024-03-01,2025-11-09 07:06:39.639615,data/lms_loan_daily.csv,2024-03-01
CUS_0xac56_2024_03_01,CUS_0xac56,1/3/2024,10,0,10000,0,0,0,10000,1/3/2024,2024-03-01,2025-11-09 07:06:39.639615,data/lms_loan_daily.csv,2024-03-01
CUS_0xac5a_2023_11_01,CUS_0xac5a,1/11/2023,10,4,10000,1000,1000,0,6000,1/3/2024,2024-03-01,2025-11-09 07:06:39.639615,data/lms_loan_daily.csv,2024-03-01
CUS_0xac60_2024_03_01,CUS_0xac60,1/3/2024,10,0,10000,0,0,0,10000,1/3/2024,2024-03-01,2025-11-09 07:06:39.639615,data/lms_loan_daily.csv,2024-03-01
CUS_0xac67_2023_07_01,CUS_0xac67,1/7/2023,10,8,10000,1000,0,7000,9000,1/3/2024,2024-03-01,2025-11-09 07:06:39.639615,data/lms_loan_daily.csv,2024-03-01
CUS_0xac7b_2024_03_01,CUS_0xac7b,1/3/2024,10,0,10000,0,0,0,10000,1/3/2024,2024-03-01,2025-11-09 07:06:39.639615,data/lms_loan_daily.csv,2024-03-01
CUS_0xac81_2024_03_01,CUS_0xac81,1/3/2024,10,0,10000,0,0,0,10000,1/3/2024,2024-03-01,2025-11-09 07:06:39.639615,data/lms_loan_daily.csv,2024-03-01
CUS_0xac86_2023_05_01,CUS_0xac86,1/5/2023,10,10,10000,1000,1000,0,0,1/3/2024,2024-03-01,2025-11-09 07:06:39.639615,data/lms_loan_daily.csv,2024-03-01
CUS_0xac93_2024_01_01,CUS_0xac93,1/1/2024,10,2,10000,1000,0,2000,10000,1/3/2024,2024-03-01,2025-11-09 07:06:39.639615,data/lms_loan_daily.csv,2024-03-01
CUS_0xaca6_2024_03_01,CUS_0xaca6,1/3/2024,10,0,10000,0,0,0,10000,1/3/2024,2024-03-01,2025-11-09 07:06:39.639615,data/lms_loan_daily.csv,2024-03-01
CUS_0xacb0_2024_02_01,CUS_0xacb0,1/2/2024,10,1,10000,1000,1000,0,9000,1/3/2024,2024-03-01,2025-11-09 07:06:39.639615,data/lms_loan_daily.csv,2024-03-01
CUS_0xacb2_2023_12_01,CUS_0xacb2,1/12/2023,10,3,10000,1000,0,1000,8000,1/3/2024,2024-03-01,2025-11-09 07:06:39.639615,data/lms_loan_daily.csv,2024-03-01
CUS_0xacc6_2023_08_01,CUS_0xacc6,1/8/2023,10,7,10000,1000,1000,0,3000,1/3/2024,2024-03-01,2025-11-09 07:06:39.639615,data/lms_loan_daily.csv,2024-03-01
CUS_0xacd_2023_07_01,CUS_0xacd,1/7/2023,10,8,10000,1000,0,4000,6000,1/3/2024,2024-03-01,2025-11-09 07:06:39.639615,data/lms_loan_daily.csv,2024-03-01
CUS_0xacd6_2023_07_01,CUS_0xacd6,1/7/2023,10,8,10000,1000,1000,0,2000,1/3/2024,2024-03-01,2025-11-09 07:06:39.639615,data/lms_loan_daily.csv,2024-03-01
CUS_0xacd7_2023_07_01,CUS_0xacd7,1/7/2023,10,8,10000,1000,0,6000,8000,1/3/2024,2024-03-01,2025-11-09 07:06:39.639615,data/lms_loan_daily.csv,2024-03-01
CUS_0xace2_2023_11_01,CUS_0xace2,1/11/2023,10,4,10000,1000,1000,0,6000,1/3/2024,2024-03-01,2025-11-09 07:06:39.639615,data/lms_loan_daily.csv,2024-03-01
CUS_0xacec_2023_12_01,CUS_0xacec,1/12/2023,10,3,10000,1000,1000,0,7000,1/3/2024,2024-03-01,2025-11-09 07:06:39.639615,data/lms_loan_daily.csv,2024-03-01
CUS_0xacf_2023_06_01,CUS_0xacf,1/6/2023,10,9,10000,1000,1000,0,1000,1/3/2024,2024-03-01,2025-11-09 07:06:39.639615,data/lms_loan_daily.csv,2024-03-01
CUS_0xacf1_2024_03_01,CUS_0xacf1,1/3/2024,10,0,10000,0,0,0,10000,1/3/2024,2024-03-01,2025-11-09 07:06:39.639615,data/lms_loan_daily.csv,2024-03-01
CUS_0xacfc_2023_07_01,CUS_0xacfc,1/7/2023,10,8,10000,1000,1000,0,2000,1/3/2024,2024-03-01,2025-11-09 07:06:39.639615,data/lms_loan_daily.csv,2024-03-01
CUS_0xad0b_2024_01_01,CUS_0xad0b,1/1/2024,10,2,10000,1000,1000,0,8000,1/3/2024,2024-03-01,2025-11-09 07:06:39.639615,data/lms_loan_daily.csv,2024-03-01
CUS_0xad0e_2023_12_01,CUS_0xad0e,1/12/2023,10,3,10000,1000,0,1000,8000,1/3/2024,2024-03-01,2025-11-09 07:06:39.639615,data/lms_loan_daily.csv,2024-03-01
CUS_0xad11_2023_12_01,CUS_0xad11,1/12/2023,10,3,10000,1000,1000,0,7000,1/3/2024,2024-03-01,2025-11-09 07:06:39.639615,data/lms_loan_daily.csv,2024-03-01
CUS_0xad12_2024_01_01,CUS_0xad12,1/1/2024,10,2,10000,1000,0,1000,9000,1/3/2024,2024-03-01,2025-11-09 07:06:39.639615,data/lms_loan_daily.csv,2024-03-01
CUS_0xad19_2023_06_01,CUS_0xad19,1/6/2023,10,9,10000,1000,1000,0,1000,1/3/2024,2024-03-01,2025-11-09 07:06:39.639615,data/lms_loan_daily.csv,2024-03-01
CUS_0xad1e_2024_01_01,CUS_0xad1e,1/1/2024,10,2,10000,1000,1000,0,8000,1/3/2024,2024-03-01,2025-11-09 07:06:39.639615,data/lms_loan_daily.csv,2024-03-01
CUS_0xad30_2023_08_01,CUS_0xad30,1/8/2023,10,7,10000,1000,0,5000,8000,1/3/2024,2024-03-01,2025-11-09 07:06:39.639615,data/lms_loan_daily.csv,2024-03-01
CUS_0xad38_2023_05_01,CUS_0xad38,1/5/2023,10,10,10000,1000,0,6000,6000,1/3/2024,2024-03-01,2025-11-09 07:06:39.639615,data/lms_loan_daily.csv,2024-03-01
CUS_0xad3c_2023_11_01,CUS_0xad3c,1/11/2023,10,4,10000,1000,1000,0,6000,1/3/2024,2024-03-01,2025-11-09 07:06:39.639615,data/lms_loan_daily.csv,2024-03-01
CUS_0xad3d_2023_05_01,CUS_0xad3d,1/5/2023,10,10,10000,1000,1000,0,0,1/3/2024,2024-03-01,2025-11-09 07:06:39.639615,data/lms_loan_daily.csv,2024-03-01
CUS_0xad3f_2023_12_01,CUS_0xad3f,1/12/2023,10,3,10000,1000,1000,0,7000,1/3/2024,2024-03-01,2025-11-09 07:06:39.639615,data/lms_loan_daily.csv,2024-03-01
CUS_0xad4f_2023_12_01,CUS_0xad4f,1/12/2023,10,3,10000,1000,0,1000,8000,1/3/2024,2024-03-01,2025-11-09 07:06:39.639615,data/lms_loan_daily.csv,2024-03-01
CUS_0xad50_2024_01_01,CUS_0xad50,1/1/2024,10,2,10000,1000,2000,0,8000,1/3/2024,2024-03-01,2025-11-09 07:06:39.639615,data/lms_loan_daily.csv,2024-03-01
CUS_0xad55_2024_02_01,CUS_0xad55,1/2/2024,10,1,10000,1000,1000,0,9000,1/3/2024,2024-03-01,2025-11-09 07:06:39.639615,data/lms_loan_daily.csv,2024-03-01
CUS_0xad5e_2024_02_01,CUS_0xad5e,1/2/2024,10,1,10000,1000,1000,0,9000,1/3/2024,2024-03-01,2025-11-09 07:06:39.639615,data/lms_loan_daily.csv,2024-03-01
CUS_0xad7d_2024_02_01,CUS_0xad7d,1/2/2024,10,1,10000,1000,1000,0,9000,1/3/2024,2024-03-01,2025-11-09 07:06:39.639615,data/lms_loan_daily.csv,2024-03-01
CUS_0xad94_2023_09_01,CUS_0xad94,1/9/2023,10,6,10000,1000,0,2000,6000,1/3/2024,2024-03-01,2025-11-09 07:06:39.639615,data/lms_loan_daily.csv,2024-03-01
CUS_0xad97_2023_12_01,CUS_0xad97,1/12/2023,10,3,10000,1000,0,2000,9000,1/3/2024,2024-03-01,2025-11-09 07:06:39.639615,data/lms_loan_daily.csv,2024-03-01
CUS_0xada1_2023_08_01,CUS_0xada1,1/8/2023,10,7,10000,1000,1000,0,3000,1/3/2024,2024-03-01,2025-11-09 07:06:39.639615,data/lms_loan_daily.csv,2024-03-01
CUS_0xada3_2023_12_01,CUS_0xada3,1/12/2023,10,3,10000,1000,1000,0,7000,1/3/2024,2024-03-01,2025-11-09 07:06:39.639615,data/lms_loan_daily.csv,2024-03-01
CUS_0xadab_2024_03_01,CUS_0xadab,1/3/2024,10,0,10000,0,0,0,10000,1/3/2024,2024-03-01,2025-11-09 07:06:39.639615,data/lms_loan_daily.csv,2024-03-01
CUS_0xadc8_2023_09_01,CUS_0xadc8,1/9/2023,10,6,10000,1000,1000,0,4000,1/3/2024,2024-03-01,2025-11-09 07:06:39.639615,data/lms_loan_daily.csv,2024-03-01
CUS_0xadd7_2024_03_01,CUS_0xadd7,1/3/2024,10,0,10000,0,0,0,10000,1/3/2024,2024-03-01,2025-11-09 07:06:39.639615,data/lms_loan_daily.csv,2024-03-01
CUS_0xade3_2023_08_01,CUS_0xade3,1/8/2023,10,7,10000,1000,1000,0,3000,1/3/2024,2024-03-01,2025-11-09 07:06:39.639615,data/lms_loan_daily.csv,2024-03-01
CUS_0xadee_2023_07_01,CUS_0xadee,1/7/2023,10,8,10000,1000,1000,0,2000,1/3/2024,2024-03-01,2025-11-09 07:06:39.639615,data/lms_loan_daily.csv,2024-03-01
CUS_0xadef_2023_09_01,CUS_0xadef,1/9/2023,10,6,10000,1000,1000,0,4000,1/3/2024,2024-03-01,2025-11-09 07:06:39.639615,data/lms_loan_daily.csv,2024-03-01
CUS_0xadf5_2023_12_01,CUS_0xadf5,1/12/2023,10,3,10000,1000,1000,0,7000,1/3/2024,2024-03-01,2025-11-09 07:06:39.639615,data/lms_loan_daily.csv,2024-03-01
CUS_0xae0_2024_03_01,CUS_0xae0,1/3/2024,10,0,10000,0,0,0,10000,1/3/2024,2024-03-01,2025-11-09 07:06:39.639615,data/lms_loan_daily.csv,2024-03-01
CUS_0xae07_2023_06_01,CUS_0xae07,1/6/2023,10,9,10000,1000,1000,0,1000,1/3/2024,2024-03-01,2025-11-09 07:06:39.639615,data/lms_loan_daily.csv,2024-03-01
CUS_0xae0a_2023_06_01,CUS_0xae0a,1/6/2023,10,9,10000,1000,1000,0,1000,1/3/2024,2024-03-01,2025-11-09 07:06:39.639615,data/lms_loan_daily.csv,2024-03-01
CUS_0xae0b_2024_03_01,CUS_0xae0b,1/3/2024,10,0,10000,0,0,0,10000,1/3/2024,2024-03-01,2025-11-09 07:06:39.639615,data/lms_loan_daily.csv,2024-03-01
CUS_0xae15_2024_03_01,CUS_0xae15,1/3/2024,10,0,10000,0,0,0,10000,1/3/2024,2024-03-01,2025-11-09 07:06:39.639615,data/lms_loan_daily.csv,2024-03-01
CUS_0xae17_2023_11_01,CUS_0xae17,1/11/2023,10,4,10000,1000,1000,0,6000,1/3/2024,2024-03-01,2025-11-09 07:06:39.639615,data/lms_loan_daily.csv,2024-03-01
CUS_0xae25_2023_09_01,CUS_0xae25,1/9/2023,10,6,10000,1000,1000,0,4000,1/3/2024,2024-03-01,2025-11-09 07:06:39.639615,data/lms_loan_daily.csv,2024-03-01
CUS_0xae34_2023_05_01,CUS_0xae34,1/5/2023,10,10,10000,1000,1000,0,0,1/3/2024,2024-03-01,2025-11-09 07:06:39.639615,data/lms_loan_daily.csv,2024-03-01
CUS_0xae42_2023_12_01,CUS_0xae42,1/12/2023,10,3,10000,1000,1000,0,7000,1/3/2024,2024-03-01,2025-11-09 07:06:39.639615,data/lms_loan_daily.csv,2024-03-01
CUS_0xae4f_2023_12_01,CUS_0xae4f,1/12/2023,10,3,10000,1000,0,1000,8000,1/3/2024,2024-03-01,2025-11-09 07:06:39.639615,data/lms_loan_daily.csv,2024-03-01
CUS_0xae52_2024_02_01,CUS_0xae52,1/2/2024,10,1,10000,1000,1000,0,9000,1/3/2024,2024-03-01,2025-11-09 07:06:39.639615,data/lms_loan_daily.csv,2024-03-01
CUS_0xae54_2023_06_01,CUS_0xae54,1/6/2023,10,9,10000,1000,1000,0,1000,1/3/2024,2024-03-01,2025-11-09 07:06:39.639615,data/lms_loan_daily.csv,2024-03-01
CUS_0xae61_2023_08_01,CUS_0xae61,1/8/2023,10,7,10000,1000,1000,0,3000,1/3/2024,2024-03-01,2025-11-09 07:06:39.639615,data/lms_loan_daily.csv,2024-03-01
CUS_0xae62_2023_08_01,CUS_0xae62,1/8/2023,10,7,10000,1000,1000,0,3000,1/3/2024,2024-03-01,2025-11-09 07:06:39.639615,data/lms_loan_daily.csv,2024-03-01
CUS_0xae6c_2023_07_01,CUS_0xae6c,1/7/2023,10,8,10000,1000,1000,0,2000,1/3/2024,2024-03-01,2025-11-09 07:06:39.639615,data/lms_loan_daily.csv,2024-03-01
CUS_0xae79_2023_05_01,CUS_0xae79,1/5/2023,10,10,10000,1000,1000,0,0,1/3/2024,2024-03-01,2025-11-09 07:06:39.639615,data/lms_loan_daily.csv,2024-03-01
CUS_0xae82_2023_07_01,CUS_0xae82,1/7/2023,10,8,10000,1000,1000,0,2000,1/3/2024,2024-03-01,2025-11-09 07:06:39.639615,data/lms_loan_daily.csv,2024-03-01
CUS_0xae93_2023_10_01,CUS_0xae93,1/10/2023,10,5,10000,1000,0,2000,7000,1/3/2024,2024-03-01,2025-11-09 07:06:39.639615,data/lms_loan_daily.csv,2024-03-01
CUS_0xae98_2024_01_01,CUS_0xae98,1/1/2024,10,2,10000,1000,1000,0,8000,1/3/2024,2024-03-01,2025-11-09 07:06:39.639615,data/lms_loan_daily.csv,2024-03-01
CUS_0xaea6_2024_03_01,CUS_0xaea6,1/3/2024,10,0,10000,0,0,0,10000,1/3/2024,2024-03-01,2025-11-09 07:06:39.639615,data/lms_loan_daily.csv,2024-03-01
CUS_0xaea9_2024_03_01,CUS_0xaea9,1/3/2024,10,0,10000,0,0,0,10000,1/3/2024,2024-03-01,2025-11-09 07:06:39.639615,data/lms_loan_daily.csv,2024-03-01
CUS_0xaeb1_2024_03_01,CUS_0xaeb1,1/3/2024,10,0,10000,0,0,0,10000,1/3/2024,2024-03-01,2025-11-09 07:06:39.639615,data/lms_loan_daily.csv,2024-03-01
CUS_0xaeb2_2024_02_01,CUS_0xaeb2,1/2/2024,10,1,10000,1000,0,1000,10000,1/3/2024,2024-03-01,2025-11-09 07:06:39.639615,data/lms_loan_daily.csv,2024-03-01
CUS_0xaeb8_2023_09_01,CUS_0xaeb8,1/9/2023,10,6,10000,1000,1000,0,4000,1/3/2024,2024-03-01,2025-11-09 07:06:39.639615,data/lms_loan_daily.csv,2024-03-01
CUS_0xaec_2023_06_01,CUS_0xaec,1/6/2023,10,9,10000,1000,1000,0,1000,1/3/2024,2024-03-01,2025-11-09 07:06:39.639615,data/lms_loan_daily.csv,2024-03-01
CUS_0xaecd_2024_03_01,CUS_0xaecd,1/3/2024,10,0,10000,0,0,0,10000,1/3/2024,2024-03-01,2025-11-09 07:06:39.639615,data/lms_loan_daily.csv,2024-03-01
CUS_0xaed6_2023_06_01,CUS_0xaed6,1/6/2023,10,9,10000,1000,1000,0,1000,1/3/2024,2024-03-01,2025-11-09 07:06:39.639615,data/lms_loan_daily.csv,2024-03-01
CUS_0xaeda_2024_03_01,CUS_0xaeda,1/3/2024,10,0,10000,0,0,0,10000,1/3/2024,2024-03-01,2025-11-09 07:06:39.639615,data/lms_loan_daily.csv,2024-03-01
CUS_0xaeec_2023_09_01,CUS_0xaeec,1/9/2023,10,6,10000,1000,0,2000,6000,1/3/2024,2024-03-01,2025-11-09 07:06:39.639615,data/lms_loan_daily.csv,2024-03-01
CUS_0xaf0a_2023_07_01,CUS_0xaf0a,1/7/2023,10,8,10000,1000,1000,0,2000,1/3/2024,2024-03-01,2025-11-09 07:06:39.639615,data/lms_loan_daily.csv,2024-03-01
CUS_0xaf0d_2024_02_01,CUS_0xaf0d,1/2/2024,10,1,10000,1000,1000,0,9000,1/3/2024,2024-03-01,2025-11-09 07:06:39.639615,data/lms_loan_daily.csv,2024-03-01
CUS_0xaf18_2023_11_01,CUS_0xaf18,1/11/2023,10,4,10000,1000,0,1000,7000,1/3/2024,2024-03-01,2025-11-09 07:06:39.639615,data/lms_loan_daily.csv,2024-03-01
CUS_0xaf1b_2023_10_01,CUS_0xaf1b,1/10/2023,10,5,10000,1000,0,2000,7000,1/3/2024,2024-03-01,2025-11-09 07:06:39.639615,data/lms_loan_daily.csv,2024-03-01
CUS_0xaf3_2023_11_01,CUS_0xaf3,1/11/2023,10,4,10000,1000,1000,0,6000,1/3/2024,2024-03-01,2025-11-09 07:06:39.639615,data/lms_loan_daily.csv,2024-03-01
CUS_0xaf3a_2023_07_01,CUS_0xaf3a,1/7/2023,10,8,10000,1000,0,5000,7000,1/3/2024,2024-03-01,2025-11-09 07:06:39.639615,data/lms_loan_daily.csv,2024-03-01
CUS_0xaf3b_2023_06_01,CUS_0xaf3b,1/6/2023,10,9,10000,1000,1000,0,1000,1/3/2024,2024-03-01,2025-11-09 07:06:39.639615,data/lms_loan_daily.csv,2024-03-01
CUS_0xaf4a_2023_08_01,CUS_0xaf4a,1/8/2023,10,7,10000,1000,1000,0,3000,1/3/2024,2024-03-01,2025-11-09 07:06:39.639615,data/lms_loan_daily.csv,2024-03-01
CUS_0xaf4c_2024_01_01,CUS_0xaf4c,1/1/2024,10,2,10000,1000,1000,0,8000,1/3/2024,2024-03-01,2025-11-09 07:06:39.639615,data/lms_loan_daily.csv,2024-03-01
CUS_0xaf5c_2024_01_01,CUS_0xaf5c,1/1/2024,10,2,10000,1000,1000,0,8000,1/3/2024,2024-03-01,2025-11-09 07:06:39.639615,data/lms_loan_daily.csv,2024-03-01
CUS_0xaf63_2024_02_01,CUS_0xaf63,1/2/2024,10,1,10000,1000,1000,0,9000,1/3/2024,2024-03-01,2025-11-09 07:06:39.639615,data/lms_loan_daily.csv,2024-03-01
CUS_0xaf7d_2023_06_01,CUS_0xaf7d,1/6/2023,10,9,10000,1000,1000,0,1000,1/3/2024,2024-03-01,2025-11-09 07:06:39.639615,data/lms_loan_daily.csv,2024-03-01
CUS_0xaf81_2023_10_01,CUS_0xaf81,1/10/2023,10,5,10000,1000,0,1000,6000,1/3/2024,2024-03-01,2025-11-09 07:06:39.639615,data/lms_loan_daily.csv,2024-03-01
CUS_0xaf88_2024_02_01,CUS_0xaf88,1/2/2024,10,1,10000,1000,1000,0,9000,1/3/2024,2024-03-01,2025-11-09 07:06:39.639615,data/lms_loan_daily.csv,2024-03-01
CUS_0xaf8d_2024_01_01,CUS_0xaf8d,1/1/2024,10,2,10000,1000,1000,0,8000,1/3/2024,2024-03-01,2025-11-09 07:06:39.639615,data/lms_loan_daily.csv,2024-03-01
CUS_0xaf93_2024_03_01,CUS_0xaf93,1/3/2024,10,0,10000,0,0,0,10000,1/3/2024,2024-03-01,2025-11-09 07:06:39.639615,data/lms_loan_daily.csv,2024-03-01
CUS_0xaf95_2023_08_01,CUS_0xaf95,1/8/2023,10,7,10000,1000,1000,0,3000,1/3/2024,2024-03-01,2025-11-09 07:06:39.639615,data/lms_loan_daily.csv,2024-03-01
CUS_0xaf96_2023_08_01,CUS_0xaf96,1/8/2023,10,7,10000,1000,1000,0,3000,1/3/2024,2024-03-01,2025-11-09 07:06:39.639615,data/lms_loan_daily.csv,2024-03-01
CUS_0xaf9c_2024_03_01,CUS_0xaf9c,1/3/2024,10,0,10000,0,0,0,10000,1/3/2024,2024-03-01,2025-11-09 07:06:39.639615,data/lms_loan_daily.csv,2024-03-01
CUS_0xafb_2023_11_01,CUS_0xafb,1/11/2023,10,4,10000,1000,1000,0,6000,1/3/2024,2024-03-01,2025-11-09 07:06:39.639615,data/lms_loan_daily.csv,2024-03-01
CUS_0xafb6_2024_03_01,CUS_0xafb6,1/3/2024,10,0,10000,0,0,0,10000,1/3/2024,2024-03-01,2025-11-09 07:06:39.639615,data/lms_loan_daily.csv,2024-03-01
CUS_0xafc0_2023_07_01,CUS_0xafc0,1/7/2023,10,8,10000,1000,1000,0,2000,1/3/2024,2024-03-01,2025-11-09 07:06:39.639615,data/lms_loan_daily.csv,2024-03-01
CUS_0xafc3_2023_10_01,CUS_0xafc3,1/10/2023,10,5,10000,1000,1000,0,5000,1/3/2024,2024-03-01,2025-11-09 07:06:39.639615,data/lms_loan_daily.csv,2024-03-01
CUS_0xafce_2023_10_01,CUS_0xafce,1/10/2023,10,5,10000,1000,1000,0,5000,1/3/2024,2024-03-01,2025-11-09 07:06:39.639615,data/lms_loan_daily.csv,2024-03-01
CUS_0xafd5_2023_06_01,CUS_0xafd5,1/6/2023,10,9,10000,1000,1000,0,1000,1/3/2024,2024-03-01,2025-11-09 07:06:39.639615,data/lms_loan_daily.csv,2024-03-01
CUS_0xafeb_2024_03_01,CUS_0xafeb,1/3/2024,10,0,10000,0,0,0,10000,1/3/2024,2024-03-01,2025-11-09 07:06:39.639615,data/lms_loan_daily.csv,2024-03-01
CUS_0xafed_2023_07_01,CUS_0xafed,1/7/2023,10,8,10000,1000,1000,0,2000,1/3/2024,2024-03-01,2025-11-09 07:06:39.639615,data/lms_loan_daily.csv,2024-03-01
CUS_0xaff6_2023_09_01,CUS_0xaff6,1/9/2023,10,6,10000,1000,1000,0,4000,1/3/2024,2024-03-01,2025-11-09 07:06:39.639615,data/lms_loan_daily.csv,2024-03-01
CUS_0xaff7_2023_07_01,CUS_0xaff7,1/7/2023,10,8,10000,1000,1000,0,2000,1/3/2024,2024-03-01,2025-11-09 07:06:39.639615,data/lms_loan_daily.csv,2024-03-01
CUS_0xaff8_2023_11_01,CUS_0xaff8,1/11/2023,10,4,10000,1000,1000,0,6000,1/3/2024,2024-03-01,2025-11-09 07:06:39.639615,data/lms_loan_daily.csv,2024-03-01
CUS_0xb004_2023_10_01,CUS_0xb004,1/10/2023,10,5,10000,1000,1000,0,5000,1/3/2024,2024-03-01,2025-11-09 07:06:39.639615,data/lms_loan_daily.csv,2024-03-01
CUS_0xb005_2023_08_01,CUS_0xb005,1/8/2023,10,7,10000,1000,1000,0,3000,1/3/2024,2024-03-01,2025-11-09 07:06:39.639615,data/lms_loan_daily.csv,2024-03-01
CUS_0xb013_2023_10_01,CUS_0xb013,1/10/2023,10,5,10000,1000,1000,0,5000,1/3/2024,2024-03-01,2025-11-09 07:06:39.639615,data/lms_loan_daily.csv,2024-03-01
CUS_0xb014_2023_10_01,CUS_0xb014,1/10/2023,10,5,10000,1000,1000,0,5000,1/3/2024,2024-03-01,2025-11-09 07:06:39.639615,data/lms_loan_daily.csv,2024-03-01
CUS_0xb018_2023_07_01,CUS_0xb018,1/7/2023,10,8,10000,1000,1000,0,2000,1/3/2024,2024-03-01,2025-11-09 07:06:39.639615,data/lms_loan_daily.csv,2024-03-01
CUS_0xb01f_2024_02_01,CUS_0xb01f,1/2/2024,10,1,10000,1000,1000,0,9000,1/3/2024,2024-03-01,2025-11-09 07:06:39.639615,data/lms_loan_daily.csv,2024-03-01
CUS_0xb021_2023_10_01,CUS_0xb021,1/10/2023,10,5,10000,1000,0,1000,6000,1/3/2024,2024-03-01,2025-11-09 07:06:39.639615,data/lms_loan_daily.csv,2024-03-01
CUS_0xb024_2023_12_01,CUS_0xb024,1/12/2023,10,3,10000,1000,1000,0,7000,1/3/2024,2024-03-01,2025-11-09 07:06:39.639615,data/lms_loan_daily.csv,2024-03-01
CUS_0xb030_2023_06_01,CUS_0xb030,1/6/2023,10,9,10000,1000,1000,0,1000,1/3/2024,2024-03-01,2025-11-09 07:06:39.639615,data/lms_loan_daily.csv,2024-03-01
CUS_0xb037_2023_10_01,CUS_0xb037,1/10/2023,10,5,10000,1000,1000,0,5000,1/3/2024,2024-03-01,2025-11-09 07:06:39.639615,data/lms_loan_daily.csv,2024-03-01
CUS_0xb03b_2023_10_01,CUS_0xb03b,1/10/2023,10,5,10000,1000,0,3000,8000,1/3/2024,2024-03-01,2025-11-09 07:06:39.639615,data/lms_loan_daily.csv,2024-03-01
CUS_0xb042_2023_08_01,CUS_0xb042,1/8/2023,10,7,10000,1000,0,4000,7000,1/3/2024,2024-03-01,2025-11-09 07:06:39.639615,data/lms_loan_daily.csv,2024-03-01
CUS_0xb04b_2023_07_01,CUS_0xb04b,1/7/2023,10,8,10000,1000,0,6000,8000,1/3/2024,2024-03-01,2025-11-09 07:06:39.639615,data/lms_loan_daily.csv,2024-03-01
CUS_0xb05b_2024_02_01,CUS_0xb05b,1/2/2024,10,1,10000,1000,1000,0,9000,1/3/2024,2024-03-01,2025-11-09 07:06:39.639615,data/lms_loan_daily.csv,2024-03-01
CUS_0xb066_2023_12_01,CUS_0xb066,1/12/2023,10,3,10000,1000,1000,0,7000,1/3/2024,2024-03-01,2025-11-09 07:06:39.639615,data/lms_loan_daily.csv,2024-03-01
CUS_0xb06d_2024_01_01,CUS_0xb06d,1/1/2024,10,2,10000,1000,0,1000,9000,1/3/2024,2024-03-01,2025-11-09 07:06:39.639615,data/lms_loan_daily.csv,2024-03-01
CUS_0xb079_2023_10_01,CUS_0xb079,1/10/2023,10,5,10000,1000,0,2000,7000,1/3/2024,2024-03-01,2025-11-09 07:06:39.639615,data/lms_loan_daily.csv,2024-03-01
CUS_0xb091_2023_10_01,CUS_0xb091,1/10/2023,10,5,10000,1000,0,5000,10000,1/3/2024,2024-03-01,2025-11-09 07:06:39.639615,data/lms_loan_daily.csv,2024-03-01
CUS_0xb096_2023_11_01,CUS_0xb096,1/11/2023,10,4,10000,1000,1000,0,6000,1/3/2024,2024-03-01,2025-11-09 07:06:39.639615,data/lms_loan_daily.csv,2024-03-01
CUS_0xb0a3_2023_06_01,CUS_0xb0a3,1/6/2023,10,9,10000,1000,1000,0,1000,1/3/2024,2024-03-01,2025-11-09 07:06:39.639615,data/lms_loan_daily.csv,2024-03-01
CUS_0xb0ca_2024_02_01,CUS_0xb0ca,1/2/2024,10,1,10000,1000,1000,0,9000,1/3/2024,2024-03-01,2025-11-09 07:06:39.639615,data/lms_loan_daily.csv,2024-03-01
CUS_0xb0e_2023_06_01,CUS_0xb0e,1/6/2023,10,9,10000,1000,0,5000,6000,1/3/2024,2024-03-01,2025-11-09 07:06:39.639615,data/lms_loan_daily.csv,2024-03-01
CUS_0xb0e5_2023_08_01,CUS_0xb0e5,1/8/2023,10,7,10000,1000,1000,0,3000,1/3/2024,2024-03-01,2025-11-09 07:06:39.639615,data/lms_loan_daily.csv,2024-03-01
CUS_0xb0e8_2023_05_01,CUS_0xb0e8,1/5/2023,10,10,10000,1000,1000,0,0,1/3/2024,2024-03-01,2025-11-09 07:06:39.639615,data/lms_loan_daily.csv,2024-03-01
CUS_0xb0fd_2024_02_01,CUS_0xb0fd,1/2/2024,10,1,10000,1000,0,1000,10000,1/3/2024,2024-03-01,2025-11-09 07:06:39.639615,data/lms_loan_daily.csv,2024-03-01
CUS_0xb101_2023_08_01,CUS_0xb101,1/8/2023,10,7,10000,1000,1000,0,3000,1/3/2024,2024-03-01,2025-11-09 07:06:39.639615,data/lms_loan_daily.csv,2024-03-01
CUS_0xb102_2023_11_01,CUS_0xb102,1/11/2023,10,4,10000,1000,1000,0,6000,1/3/2024,2024-03-01,2025-11-09 07:06:39.639615,data/lms_loan_daily.csv,2024-03-01
CUS_0xb107_2024_02_01,CUS_0xb107,1/2/2024,10,1,10000,1000,1000,0,9000,1/3/2024,2024-03-01,2025-11-09 07:06:39.639615,data/lms_loan_daily.csv,2024-03-01
CUS_0xb115_2023_05_01,CUS_0xb115,1/5/2023,10,10,10000,1000,1000,0,0,1/3/2024,2024-03-01,2025-11-09 07:06:39.639615,data/lms_loan_daily.csv,2024-03-01
CUS_0xb122_2023_10_01,CUS_0xb122,1/10/2023,10,5,10000,1000,1000,0,5000,1/3/2024,2024-03-01,2025-11-09 07:06:39.639615,data/lms_loan_daily.csv,2024-03-01
CUS_0xb123_2024_01_01,CUS_0xb123,1/1/2024,10,2,10000,1000,1000,0,8000,1/3/2024,2024-03-01,2025-11-09 07:06:39.639615,data/lms_loan_daily.csv,2024-03-01
CUS_0xb131_2023_10_01,CUS_0xb131,1/10/2023,10,5,10000,1000,0,3000,8000,1/3/2024,2024-03-01,2025-11-09 07:06:39.639615,data/lms_loan_daily.csv,2024-03-01
CUS_0xb132_2023_11_01,CUS_0xb132,1/11/2023,10,4,10000,1000,0,2000,8000,1/3/2024,2024-03-01,2025-11-09 07:06:39.639615,data/lms_loan_daily.csv,2024-03-01
CUS_0xb13d_2024_01_01,CUS_0xb13d,1/1/2024,10,2,10000,1000,1000,0,8000,1/3/2024,2024-03-01,2025-11-09 07:06:39.639615,data/lms_loan_daily.csv,2024-03-01
CUS_0xb13e_2023_10_01,CUS_0xb13e,1/10/2023,10,5,10000,1000,1000,0,5000,1/3/2024,2024-03-01,2025-11-09 07:06:39.639615,data/lms_loan_daily.csv,2024-03-01
CUS_0xb14_2024_02_01,CUS_0xb14,1/2/2024,10,1,10000,1000,1000,0,9000,1/3/2024,2024-03-01,2025-11-09 07:06:39.639615,data/lms_loan_daily.csv,2024-03-01
CUS_0xb143_2023_05_01,CUS_0xb143,1/5/2023,10,10,10000,1000,0,6000,6000,1/3/2024,2024-03-01,2025-11-09 07:06:39.639615,data/lms_loan_daily.csv,2024-03-01
CUS_0xb14c_2023_05_01,CUS_0xb14c,1/5/2023,10,10,10000,1000,1000,0,0,1/3/2024,2024-03-01,2025-11-09 07:06:39.639615,data/lms_loan_daily.csv,2024-03-01
CUS_0xb14d_2023_12_01,CUS_0xb14d,1/12/2023,10,3,10000,1000,1000,0,7000,1/3/2024,2024-03-01,2025-11-09 07:06:39.639615,data/lms_loan_daily.csv,2024-03-01
CUS_0xb152_2024_01_01,CUS_0xb152,1/1/2024,10,2,10000,1000,1000,0,8000,1/3/2024,2024-03-01,2025-11-09 07:06:39.639615,data/lms_loan_daily.csv,2024-03-01
CUS_0xb15c_2023_06_01,CUS_0xb15c,1/6/2023,10,9,10000,1000,0,5000,6000,1/3/2024,2024-03-01,2025-11-09 07:06:39.639615,data/lms_loan_daily.csv,2024-03-01
CUS_0xb15e_2023_12_01,CUS_0xb15e,1/12/2023,10,3,10000,1000,1000,0,7000,1/3/2024,2024-03-01,2025-11-09 07:06:39.639615,data/lms_loan_daily.csv,2024-03-01
CUS_0xb16_2024_01_01,CUS_0xb16,1/1/2024,10,2,10000,1000,1000,0,8000,1/3/2024,2024-03-01,2025-11-09 07:06:39.639615,data/lms_loan_daily.csv,2024-03-01
CUS_0xb160_2023_12_01,CUS_0xb160,1/12/2023,10,3,10000,1000,1000,0,7000,1/3/2024,2024-03-01,2025-11-09 07:06:39.639615,data/lms_loan_daily.csv,2024-03-01
CUS_0xb168_2023_06_01,CUS_0xb168,1/6/2023,10,9,10000,1000,1000,0,1000,1/3/2024,2024-03-01,2025-11-09 07:06:39.639615,data/lms_loan_daily.csv,2024-03-01
CUS_0xb16c_2023_10_01,CUS_0xb16c,1/10/2023,10,5,10000,1000,1000,0,5000,1/3/2024,2024-03-01,2025-11-09 07:06:39.639615,data/lms_loan_daily.csv,2024-03-01
CUS_0xb171_2024_01_01,CUS_0xb171,1/1/2024,10,2,10000,1000,1000,0,8000,1/3/2024,2024-03-01,2025-11-09 07:06:39.639615,data/lms_loan_daily.csv,2024-03-01
CUS_0xb172_2024_03_01,CUS_0xb172,1/3/2024,10,0,10000,0,0,0,10000,1/3/2024,2024-03-01,2025-11-09 07:06:39.639615,data/lms_loan_daily.csv,2024-03-01
CUS_0xb173_2023_06_01,CUS_0xb173,1/6/2023,10,9,10000,1000,0,7000,8000,1/3/2024,2024-03-01,2025-11-09 07:06:39.639615,data/lms_loan_daily.csv,2024-03-01
CUS_0xb17a_2023_11_01,CUS_0xb17a,1/11/2023,10,4,10000,1000,1000,0,6000,1/3/2024,2024-03-01,2025-11-09 07:06:39.639615,data/lms_loan_daily.csv,2024-03-01
CUS_0xb17e_2023_06_01,CUS_0xb17e,1/6/2023,10,9,10000,1000,0,7000,8000,1/3/2024,2024-03-01,2025-11-09 07:06:39.639615,data/lms_loan_daily.csv,2024-03-01
CUS_0xb183_2023_07_01,CUS_0xb183,1/7/2023,10,8,10000,1000,1000,0,2000,1/3/2024,2024-03-01,2025-11-09 07:06:39.639615,data/lms_loan_daily.csv,2024-03-01
CUS_0xb18d_2023_11_01,CUS_0xb18d,1/11/2023,10,4,10000,1000,1000,0,6000,1/3/2024,2024-03-01,2025-11-09 07:06:39.639615,data/lms_loan_daily.csv,2024-03-01
CUS_0xb196_2023_06_01,CUS_0xb196,1/6/2023,10,9,10000,1000,1000,0,1000,1/3/2024,2024-03-01,2025-11-09 07:06:39.639615,data/lms_loan_daily.csv,2024-03-01
CUS_0xb19c_2023_11_01,CUS_0xb19c,1/11/2023,10,4,10000,1000,1000,0,6000,1/3/2024,2024-03-01,2025-11-09 07:06:39.639615,data/lms_loan_daily.csv,2024-03-01
CUS_0xb1a2_2023_06_01,CUS_0xb1a2,1/6/2023,10,9,10000,1000,1000,0,1000,1/3/2024,2024-03-01,2025-11-09 07:06:39.639615,data/lms_loan_daily.csv,2024-03-01
CUS_0xb1bc_2023_05_01,CUS_0xb1bc,1/5/2023,10,10,10000,1000,0,9000,9000,1/3/2024,2024-03-01,2025-11-09 07:06:39.639615,data/lms_loan_daily.csv,2024-03-01
CUS_0xb1c2_2023_12_01,CUS_0xb1c2,1/12/2023,10,3,10000,1000,0,3000,10000,1/3/2024,2024-03-01,2025-11-09 07:06:39.639615,data/lms_loan_daily.csv,2024-03-01
CUS_0xb1cc_2024_03_01,CUS_0xb1cc,1/3/2024,10,0,10000,0,0,0,10000,1/3/2024,2024-03-01,2025-11-09 07:06:39.639615,data/lms_loan_daily.csv,2024-03-01
CUS_0xb1da_2023_10_01,CUS_0xb1da,1/10/2023,10,5,10000,1000,1000,0,5000,1/3/2024,2024-03-01,2025-11-09 07:06:39.639615,data/lms_loan_daily.csv,2024-03-01
CUS_0xb1dd_2023_05_01,CUS_0xb1dd,1/5/2023,10,10,10000,1000,1000,0,0,1/3/2024,2024-03-01,2025-11-09 07:06:39.639615,data/lms_loan_daily.csv,2024-03-01
CUS_0xb1e1_2024_01_01,CUS_0xb1e1,1/1/2024,10,2,10000,1000,1000,0,8000,1/3/2024,2024-03-01,2025-11-09 07:06:39.639615,data/lms_loan_daily.csv,2024-03-01
CUS_0xb1e7_2023_12_01,CUS_0xb1e7,1/12/2023,10,3,10000,1000,2000,0,7000,1/3/2024,2024-03-01,2025-11-09 07:06:39.639615,data/lms_loan_daily.csv,2024-03-01
CUS_0xb1e8_2023_06_01,CUS_0xb1e8,1/6/2023,10,9,10000,1000,1000,0,1000,1/3/2024,2024-03-01,2025-11-09 07:06:39.639615,data/lms_loan_daily.csv,2024-03-01
CUS_0xb1f8_2024_02_01,CUS_0xb1f8,1/2/2024,10,1,10000,1000,1000,0,9000,1/3/2024,2024-03-01,2025-11-09 07:06:39.639615,data/lms_loan_daily.csv,2024-03-01
CUS_0xb201_2023_06_01,CUS_0xb201,1/6/2023,10,9,10000,1000,1000,0,1000,1/3/2024,2024-03-01,2025-11-09 07:06:39.639615,data/lms_loan_daily.csv,2024-03-01
CUS_0xb203_2023_05_01,CUS_0xb203,1/5/2023,10,10,10000,1000,0,7000,7000,1/3/2024,2024-03-01,2025-11-09 07:06:39.639615,data/lms_loan_daily.csv,2024-03-01
CUS_0xb20f_2023_10_01,CUS_0xb20f,1/10/2023,10,5,10000,1000,1000,0,5000,1/3/2024,2024-03-01,2025-11-09 07:06:39.639615,data/lms_loan_daily.csv,2024-03-01
CUS_0xb213_2023_09_01,CUS_0xb213,1/9/2023,10,6,10000,1000,0,3000,7000,1/3/2024,2024-03-01,2025-11-09 07:06:39.639615,data/lms_loan_daily.csv,2024-03-01
CUS_0xb218_2024_01_01,CUS_0xb218,1/1/2024,10,2,10000,1000,1000,0,8000,1/3/2024,2024-03-01,2025-11-09 07:06:39.639615,data/lms_loan_daily.csv,2024-03-01
CUS_0xb22_2023_10_01,CUS_0xb22,1/10/2023,10,5,10000,1000,1000,0,5000,1/3/2024,2024-03-01,2025-11-09 07:06:39.639615,data/lms_loan_daily.csv,2024-03-01
CUS_0xb222_2024_03_01,CUS_0xb222,1/3/2024,10,0,10000,0,0,0,10000,1/3/2024,2024-03-01,2025-11-09 07:06:39.639615,data/lms_loan_daily.csv,2024-03-01
CUS_0xb226_2024_01_01,CUS_0xb226,1/1/2024,10,2,10000,1000,1000,0,8000,1/3/2024,2024-03-01,2025-11-09 07:06:39.639615,data/lms_loan_daily.csv,2024-03-01
CUS_0xb227_2024_01_01,CUS_0xb227,1/1/2024,10,2,10000,1000,1000,0,8000,1/3/2024,2024-03-01,2025-11-09 07:06:39.639615,data/lms_loan_daily.csv,2024-03-01
CUS_0xb229_2023_08_01,CUS_0xb229,1/8/2023,10,7,10000,1000,1000,0,3000,1/3/2024,2024-03-01,2025-11-09 07:06:39.639615,data/lms_loan_daily.csv,2024-03-01
CUS_0xb22f_2023_06_01,CUS_0xb22f,1/6/2023,10,9,10000,1000,0,6000,7000,1/3/2024,2024-03-01,2025-11-09 07:06:39.639615,data/lms_loan_daily.csv,2024-03-01
CUS_0xb239_2023_07_01,CUS_0xb239,1/7/2023,10,8,10000,1000,1000,0,2000,1/3/2024,2024-03-01,2025-11-09 07:06:39.639615,data/lms_loan_daily.csv,2024-03-01
CUS_0xb23c_2024_03_01,CUS_0xb23c,1/3/2024,10,0,10000,0,0,0,10000,1/3/2024,2024-03-01,2025-11-09 07:06:39.639615,data/lms_loan_daily.csv,2024-03-01
CUS_0xb240_2023_06_01,CUS_0xb240,1/6/2023,10,9,10000,1000,1000,0,1000,1/3/2024,2024-03-01,2025-11-09 07:06:39.639615,data/lms_loan_daily.csv,2024-03-01
CUS_0xb24c_2023_11_01,CUS_0xb24c,1/11/2023,10,4,10000,1000,0,1000,7000,1/3/2024,2024-03-01,2025-11-09 07:06:39.639615,data/lms_loan_daily.csv,2024-03-01
CUS_0xb24d_2023_09_01,CUS_0xb24d,1/9/2023,10,6,10000,1000,1000,0,4000,1/3/2024,2024-03-01,2025-11-09 07:06:39.639615,data/lms_loan_daily.csv,2024-03-01
CUS_0xb250_2023_05_01,CUS_0xb250,1/5/2023,10,10,10000,1000,0,7000,7000,1/3/2024,2024-03-01,2025-11-09 07:06:39.639615,data/lms_loan_daily.csv,2024-03-01
CUS_0xb25a_2024_02_01,CUS_0xb25a,1/2/2024,10,1,10000,1000,1000,0,9000,1/3/2024,2024-03-01,2025-11-09 07:06:39.639615,data/lms_loan_daily.csv,2024-03-01
CUS_0xb26_2024_03_01,CUS_0xb26,1/3/2024,10,0,10000,0,0,0,10000,1/3/2024,2024-03-01,2025-11-09 07:06:39.639615,data/lms_loan_daily.csv,2024-03-01
CUS_0xb282_2023_05_01,CUS_0xb282,1/5/2023,10,10,10000,1000,1000,0,0,1/3/2024,2024-03-01,2025-11-09 07:06:39.639615,data/lms_loan_daily.csv,2024-03-01
CUS_0xb288_2024_03_01,CUS_0xb288,1/3/2024,10,0,10000,0,0,0,10000,1/3/2024,2024-03-01,2025-11-09 07:06:39.639615,data/lms_loan_daily.csv,2024-03-01
CUS_0xb293_2023_05_01,CUS_0xb293,1/5/2023,10,10,10000,1000,0,6000,6000,1/3/2024,2024-03-01,2025-11-09 07:06:39.639615,data/lms_loan_daily.csv,2024-03-01
CUS_0xb29a_2023_06_01,CUS_0xb29a,1/6/2023,10,9,10000,1000,0,5000,6000,1/3/2024,2024-03-01,2025-11-09 07:06:39.639615,data/lms_loan_daily.csv,2024-03-01
CUS_0xb2a1_2023_10_01,CUS_0xb2a1,1/10/2023,10,5,10000,1000,1000,0,5000,1/3/2024,2024-03-01,2025-11-09 07:06:39.639615,data/lms_loan_daily.csv,2024-03-01
CUS_0xb2a3_2023_08_01,CUS_0xb2a3,1/8/2023,10,7,10000,1000,0,4000,7000,1/3/2024,2024-03-01,2025-11-09 07:06:39.639615,data/lms_loan_daily.csv,2024-03-01
CUS_0xb2a4_2024_03_01,CUS_0xb2a4,1/3/2024,10,0,10000,0,0,0,10000,1/3/2024,2024-03-01,2025-11-09 07:06:39.639615,data/lms_loan_daily.csv,2024-03-01
CUS_0xb2b5_2023_07_01,CUS_0xb2b5,1/7/2023,10,8,10000,1000,1000,0,2000,1/3/2024,2024-03-01,2025-11-09 07:06:39.639615,data/lms_loan_daily.csv,2024-03-01
CUS_0xb2bf_2023_10_01,CUS_0xb2bf,1/10/2023,10,5,10000,1000,1000,0,5000,1/3/2024,2024-03-01,2025-11-09 07:06:39.639615,data/lms_loan_daily.csv,2024-03-01
CUS_0xb2d2_2023_12_01,CUS_0xb2d2,1/12/2023,10,3,10000,1000,1000,0,7000,1/3/2024,2024-03-01,2025-11-09 07:06:39.639615,data/lms_loan_daily.csv,2024-03-01
CUS_0xb2d3_2023_11_01,CUS_0xb2d3,1/11/2023,10,4,10000,1000,0,2000,8000,1/3/2024,2024-03-01,2025-11-09 07:06:39.639615,data/lms_loan_daily.csv,2024-03-01
CUS_0xb2d5_2024_02_01,CUS_0xb2d5,1/2/2024,10,1,10000,1000,1000,0,9000,1/3/2024,2024-03-01,2025-11-09 07:06:39.639615,data/lms_loan_daily.csv,2024-03-01
CUS_0xb2f7_2024_03_01,CUS_0xb2f7,1/3/2024,10,0,10000,0,0,0,10000,1/3/2024,2024-03-01,2025-11-09 07:06:39.639615,data/lms_loan_daily.csv,2024-03-01
CUS_0xb300_2023_07_01,CUS_0xb300,1/7/2023,10,8,10000,1000,1000,0,2000,1/3/2024,2024-03-01,2025-11-09 07:06:39.639615,data/lms_loan_daily.csv,2024-03-01
CUS_0xb303_2024_02_01,CUS_0xb303,1/2/2024,10,1,10000,1000,0,1000,10000,1/3/2024,2024-03-01,2025-11-09 07:06:39.639615,data/lms_loan_daily.csv,2024-03-01
CUS_0xb312_2024_01_01,CUS_0xb312,1/1/2024,10,2,10000,1000,1000,0,8000,1/3/2024,2024-03-01,2025-11-09 07:06:39.639615,data/lms_loan_daily.csv,2024-03-01
CUS_0xb322_2023_09_01,CUS_0xb322,1/9/2023,10,6,10000,1000,1000,0,4000,1/3/2024,2024-03-01,2025-11-09 07:06:39.639615,data/lms_loan_daily.csv,2024-03-01
CUS_0xb329_2023_11_01,CUS_0xb329,1/11/2023,10,4,10000,1000,1000,0,6000,1/3/2024,2024-03-01,2025-11-09 07:06:39.639615,data/lms_loan_daily.csv,2024-03-01
CUS_0xb333_2023_10_01,CUS_0xb333,1/10/2023,10,5,10000,1000,0,2000,7000,1/3/2024,2024-03-01,2025-11-09 07:06:39.639615,data/lms_loan_daily.csv,2024-03-01
CUS_0xb339_2023_10_01,CUS_0xb339,1/10/2023,10,5,10000,1000,0,2000,7000,1/3/2024,2024-03-01,2025-11-09 07:06:39.639615,data/lms_loan_daily.csv,2024-03-01
CUS_0xb362_2023_06_01,CUS_0xb362,1/6/2023,10,9,10000,1000,1000,0,1000,1/3/2024,2024-03-01,2025-11-09 07:06:39.639615,data/lms_loan_daily.csv,2024-03-01
CUS_0xb374_2023_06_01,CUS_0xb374,1/6/2023,10,9,10000,1000,0,5000,6000,1/3/2024,2024-03-01,2025-11-09 07:06:39.639615,data/lms_loan_daily.csv,2024-03-01
CUS_0xb37a_2024_03_01,CUS_0xb37a,1/3/2024,10,0,10000,0,0,0,10000,1/3/2024,2024-03-01,2025-11-09 07:06:39.639615,data/lms_loan_daily.csv,2024-03-01
CUS_0xb380_2023_07_01,CUS_0xb380,1/7/2023,10,8,10000,1000,0,6000,8000,1/3/2024,2024-03-01,2025-11-09 07:06:39.639615,data/lms_loan_daily.csv,2024-03-01
CUS_0xb38b_2023_11_01,CUS_0xb38b,1/11/2023,10,4,10000,1000,1000,0,6000,1/3/2024,2024-03-01,2025-11-09 07:06:39.639615,data/lms_loan_daily.csv,2024-03-01
CUS_0xb38f_2023_06_01,CUS_0xb38f,1/6/2023,10,9,10000,1000,1000,0,1000,1/3/2024,2024-03-01,2025-11-09 07:06:39.639615,data/lms_loan_daily.csv,2024-03-01
CUS_0xb395_2023_06_01,CUS_0xb395,1/6/2023,10,9,10000,1000,1000,0,1000,1/3/2024,2024-03-01,2025-11-09 07:06:39.639615,data/lms_loan_daily.csv,2024-03-01
CUS_0xb3b_2023_10_01,CUS_0xb3b,1/10/2023,10,5,10000,1000,0,3000,8000,1/3/2024,2024-03-01,2025-11-09 07:06:39.639615,data/lms_loan_daily.csv,2024-03-01
CUS_0xb3b0_2023_05_01,CUS_0xb3b0,1/5/2023,10,10,10000,1000,1000,0,0,1/3/2024,2024-03-01,2025-11-09 07:06:39.639615,data/lms_loan_daily.csv,2024-03-01
CUS_0xb3b3_2024_03_01,CUS_0xb3b3,1/3/2024,10,0,10000,0,0,0,10000,1/3/2024,2024-03-01,2025-11-09 07:06:39.639615,data/lms_loan_daily.csv,2024-03-01
CUS_0xb3bd_2023_11_01,CUS_0xb3bd,1/11/2023,10,4,10000,1000,1000,0,6000,1/3/2024,2024-03-01,2025-11-09 07:06:39.639615,data/lms_loan_daily.csv,2024-03-01
CUS_0xb3c2_2024_01_01,CUS_0xb3c2,1/1/2024,10,2,10000,1000,1000,0,8000,1/3/2024,2024-03-01,2025-11-09 07:06:39.639615,data/lms_loan_daily.csv,2024-03-01
CUS_0xb3cb_2023_08_01,CUS_0xb3cb,1/8/2023,10,7,10000,1000,1000,0,3000,1/3/2024,2024-03-01,2025-11-09 07:06:39.639615,data/lms_loan_daily.csv,2024-03-01
CUS_0xb3f2_2023_12_01,CUS_0xb3f2,1/12/2023,10,3,10000,1000,1000,0,7000,1/3/2024,2024-03-01,2025-11-09 07:06:39.639615,data/lms_loan_daily.csv,2024-03-01
CUS_0xb407_2024_01_01,CUS_0xb407,1/1/2024,10,2,10000,1000,1000,0,8000,1/3/2024,2024-03-01,2025-11-09 07:06:39.639615,data/lms_loan_daily.csv,2024-03-01
CUS_0xb40d_2024_03_01,CUS_0xb40d,1/3/2024,10,0,10000,0,0,0,10000,1/3/2024,2024-03-01,2025-11-09 07:06:39.639615,data/lms_loan_daily.csv,2024-03-01
CUS_0xb426_2024_03_01,CUS_0xb426,1/3/2024,10,0,10000,0,0,0,10000,1/3/2024,2024-03-01,2025-11-09 07:06:39.639615,data/lms_loan_daily.csv,2024-03-01
CUS_0xb436_2024_02_01,CUS_0xb436,1/2/2024,10,1,10000,1000,1000,0,9000,1/3/2024,2024-03-01,2025-11-09 07:06:39.639615,data/lms_loan_daily.csv,2024-03-01
CUS_0xb443_2023_10_01,CUS_0xb443,1/10/2023,10,5,10000,1000,1000,0,5000,1/3/2024,2024-03-01,2025-11-09 07:06:39.639615,data/lms_loan_daily.csv,2024-03-01
CUS_0xb446_2023_09_01,CUS_0xb446,1/9/2023,10,6,10000,1000,0,4000,8000,1/3/2024,2024-03-01,2025-11-09 07:06:39.639615,data/lms_loan_daily.csv,2024-03-01
CUS_0xb450_2023_10_01,CUS_0xb450,1/10/2023,10,5,10000,1000,1000,0,5000,1/3/2024,2024-03-01,2025-11-09 07:06:39.639615,data/lms_loan_daily.csv,2024-03-01
CUS_0xb460_2023_12_01,CUS_0xb460,1/12/2023,10,3,10000,1000,1000,0,7000,1/3/2024,2024-03-01,2025-11-09 07:06:39.639615,data/lms_loan_daily.csv,2024-03-01
CUS_0xb461_2023_06_01,CUS_0xb461,1/6/2023,10,9,10000,1000,0,8000,9000,1/3/2024,2024-03-01,2025-11-09 07:06:39.639615,data/lms_loan_daily.csv,2024-03-01
CUS_0xb46b_2023_05_01,CUS_0xb46b,1/5/2023,10,10,10000,1000,0,8000,8000,1/3/2024,2024-03-01,2025-11-09 07:06:39.639615,data/lms_loan_daily.csv,2024-03-01
CUS_0xb473_2023_07_01,CUS_0xb473,1/7/2023,10,8,10000,1000,1000,0,2000,1/3/2024,2024-03-01,2025-11-09 07:06:39.639615,data/lms_loan_daily.csv,2024-03-01
CUS_0xb47f_2023_10_01,CUS_0xb47f,1/10/2023,10,5,10000,1000,1000,0,5000,1/3/2024,2024-03-01,2025-11-09 07:06:39.639615,data/lms_loan_daily.csv,2024-03-01
CUS_0xb481_2024_03_01,CUS_0xb481,1/3/2024,10,0,10000,0,0,0,10000,1/3/2024,2024-03-01,2025-11-09 07:06:39.639615,data/lms_loan_daily.csv,2024-03-01
CUS_0xb482_2023_11_01,CUS_0xb482,1/11/2023,10,4,10000,1000,1000,0,6000,1/3/2024,2024-03-01,2025-11-09 07:06:39.639615,data/lms_loan_daily.csv,2024-03-01
CUS_0xb483_2023_07_01,CUS_0xb483,1/7/2023,10,8,10000,1000,1000,0,2000,1/3/2024,2024-03-01,2025-11-09 07:06:39.639615,data/lms_loan_daily.csv,2024-03-01
CUS_0xb48d_2024_01_01,CUS_0xb48d,1/1/2024,10,2,10000,1000,1000,0,8000,1/3/2024,2024-03-01,2025-11-09 07:06:39.639615,data/lms_loan_daily.csv,2024-03-01
CUS_0xb49_2023_11_01,CUS_0xb49,1/11/2023,10,4,10000,1000,1000,0,6000,1/3/2024,2024-03-01,2025-11-09 07:06:39.639615,data/lms_loan_daily.csv,2024-03-01
CUS_0xb498_2024_03_01,CUS_0xb498,1/3/2024,10,0,10000,0,0,0,10000,1/3/2024,2024-03-01,2025-11-09 07:06:39.639615,data/lms_loan_daily.csv,2024-03-01
CUS_0xb49d_2023_09_01,CUS_0xb49d,1/9/2023,10,6,10000,1000,1000,0,4000,1/3/2024,2024-03-01,2025-11-09 07:06:39.639615,data/lms_loan_daily.csv,2024-03-01
CUS_0xb4b4_2023_10_01,CUS_0xb4b4,1/10/2023,10,5,10000,1000,0,1000,6000,1/3/2024,2024-03-01,2025-11-09 07:06:39.639615,data/lms_loan_daily.csv,2024-03-01
CUS_0xb4b7_2024_02_01,CUS_0xb4b7,1/2/2024,10,1,10000,1000,1000,0,9000,1/3/2024,2024-03-01,2025-11-09 07:06:39.639615,data/lms_loan_daily.csv,2024-03-01
CUS_0xb4be_2024_03_01,CUS_0xb4be,1/3/2024,10,0,10000,0,0,0,10000,1/3/2024,2024-03-01,2025-11-09 07:06:39.639615,data/lms_loan_daily.csv,2024-03-01
CUS_0xb4c4_2023_08_01,CUS_0xb4c4,1/8/2023,10,7,10000,1000,1000,0,3000,1/3/2024,2024-03-01,2025-11-09 07:06:39.639615,data/lms_loan_daily.csv,2024-03-01
CUS_0xb4c5_2023_11_01,CUS_0xb4c5,1/11/2023,10,4,10000,1000,1000,0,6000,1/3/2024,2024-03-01,2025-11-09 07:06:39.639615,data/lms_loan_daily.csv,2024-03-01
CUS_0xb4ca_2023_10_01,CUS_0xb4ca,1/10/2023,10,5,10000,1000,0,2000,7000,1/3/2024,2024-03-01,2025-11-09 07:06:39.639615,data/lms_loan_daily.csv,2024-03-01
CUS_0xb4d6_2023_11_01,CUS_0xb4d6,1/11/2023,10,4,10000,1000,1000,0,6000,1/3/2024,2024-03-01,2025-11-09 07:06:39.639615,data/lms_loan_daily.csv,2024-03-01
CUS_0xb4e2_2023_05_01,CUS_0xb4e2,1/5/2023,10,10,10000,1000,0,9000,9000,1/3/2024,2024-03-01,2025-11-09 07:06:39.639615,data/lms_loan_daily.csv,2024-03-01
CUS_0xb4ee_2024_02_01,CUS_0xb4ee,1/2/2024,10,1,10000,1000,1000,0,9000,1/3/2024,2024-03-01,2025-11-09 07:06:39.639615,data/lms_loan_daily.csv,2024-03-01
CUS_0xb4f_2024_02_01,CUS_0xb4f,1/2/2024,10,1,10000,1000,1000,0,9000,1/3/2024,2024-03-01,2025-11-09 07:06:39.639615,data/lms_loan_daily.csv,2024-03-01
CUS_0xb4fd_2023_05_01,CUS_0xb4fd,1/5/2023,10,10,10000,1000,1000,0,0,1/3/2024,2024-03-01,2025-11-09 07:06:39.639615,data/lms_loan_daily.csv,2024-03-01
CUS_0xb503_2023_06_01,CUS_0xb503,1/6/2023,10,9,10000,1000,1000,0,1000,1/3/2024,2024-03-01,2025-11-09 07:06:39.639615,data/lms_loan_daily.csv,2024-03-01
CUS_0xb512_2023_08_01,CUS_0xb512,1/8/2023,10,7,10000,1000,1000,0,3000,1/3/2024,2024-03-01,2025-11-09 07:06:39.639615,data/lms_loan_daily.csv,2024-03-01
CUS_0xb513_2024_03_01,CUS_0xb513,1/3/2024,10,0,10000,0,0,0,10000,1/3/2024,2024-03-01,2025-11-09 07:06:39.639615,data/lms_loan_daily.csv,2024-03-01
CUS_0xb517_2023_07_01,CUS_0xb517,1/7/2023,10,8,10000,1000,1000,0,2000,1/3/2024,2024-03-01,2025-11-09 07:06:39.639615,data/lms_loan_daily.csv,2024-03-01
CUS_0xb51a_2023_07_01,CUS_0xb51a,1/7/2023,10,8,10000,1000,1000,0,2000,1/3/2024,2024-03-01,2025-11-09 07:06:39.639615,data/lms_loan_daily.csv,2024-03-01
CUS_0xb51d_2024_03_01,CUS_0xb51d,1/3/2024,10,0,10000,0,0,0,10000,1/3/2024,2024-03-01,2025-11-09 07:06:39.639615,data/lms_loan_daily.csv,2024-03-01
CUS_0xb521_2023_07_01,CUS_0xb521,1/7/2023,10,8,10000,1000,0,6000,8000,1/3/2024,2024-03-01,2025-11-09 07:06:39.639615,data/lms_loan_daily.csv,2024-03-01
CUS_0xb529_2023_09_01,CUS_0xb529,1/9/2023,10,6,10000,1000,0,3000,7000,1/3/2024,2024-03-01,2025-11-09 07:06:39.639615,data/lms_loan_daily.csv,2024-03-01
CUS_0xb52f_2023_06_01,CUS_0xb52f,1/6/2023,10,9,10000,1000,1000,0,1000,1/3/2024,2024-03-01,2025-11-09 07:06:39.639615,data/lms_loan_daily.csv,2024-03-01
CUS_0xb53d_2024_02_01,CUS_0xb53d,1/2/2024,10,1,10000,1000,1000,0,9000,1/3/2024,2024-03-01,2025-11-09 07:06:39.639615,data/lms_loan_daily.csv,2024-03-01
CUS_0xb53e_2024_02_01,CUS_0xb53e,1/2/2024,10,1,10000,1000,1000,0,9000,1/3/2024,2024-03-01,2025-11-09 07:06:39.639615,data/lms_loan_daily.csv,2024-03-01
CUS_0xb551_2023_08_01,CUS_0xb551,1/8/2023,10,7,10000,1000,1000,0,3000,1/3/2024,2024-03-01,2025-11-09 07:06:39.639615,data/lms_loan_daily.csv,2024-03-01
CUS_0xb556_2024_01_01,CUS_0xb556,1/1/2024,10,2,10000,1000,1000,0,8000,1/3/2024,2024-03-01,2025-11-09 07:06:39.639615,data/lms_loan_daily.csv,2024-03-01
CUS_0xb55e_2023_10_01,CUS_0xb55e,1/10/2023,10,5,10000,1000,1000,0,5000,1/3/2024,2024-03-01,2025-11-09 07:06:39.639615,data/lms_loan_daily.csv,2024-03-01
CUS_0xb56b_2024_02_01,CUS_0xb56b,1/2/2024,10,1,10000,1000,1000,0,9000,1/3/2024,2024-03-01,2025-11-09 07:06:39.639615,data/lms_loan_daily.csv,2024-03-01
CUS_0xb583_2023_05_01,CUS_0xb583,1/5/2023,10,10,10000,1000,1000,0,0,1/3/2024,2024-03-01,2025-11-09 07:06:39.639615,data/lms_loan_daily.csv,2024-03-01
CUS_0xb586_2023_07_01,CUS_0xb586,1/7/2023,10,8,10000,1000,1000,0,2000,1/3/2024,2024-03-01,2025-11-09 07:06:39.639615,data/lms_loan_daily.csv,2024-03-01
CUS_0xb593_2023_08_01,CUS_0xb593,1/8/2023,10,7,10000,1000,0,4000,7000,1/3/2024,2024-03-01,2025-11-09 07:06:39.639615,data/lms_loan_daily.csv,2024-03-01
CUS_0xb59a_2023_10_01,CUS_0xb59a,1/10/2023,10,5,10000,1000,1000,0,5000,1/3/2024,2024-03-01,2025-11-09 07:06:39.639615,data/lms_loan_daily.csv,2024-03-01
CUS_0xb59b_2023_05_01,CUS_0xb59b,1/5/2023,10,10,10000,1000,1000,0,0,1/3/2024,2024-03-01,2025-11-09 07:06:39.639615,data/lms_loan_daily.csv,2024-03-01
CUS_0xb5a_2024_03_01,CUS_0xb5a,1/3/2024,10,0,10000,0,0,0,10000,1/3/2024,2024-03-01,2025-11-09 07:06:39.639615,data/lms_loan_daily.csv,2024-03-01
CUS_0xb5ae_2023_08_01,CUS_0xb5ae,1/8/2023,10,7,10000,1000,1000,0,3000,1/3/2024,2024-03-01,2025-11-09 07:06:39.639615,data/lms_loan_daily.csv,2024-03-01
CUS_0xb5af_2023_10_01,CUS_0xb5af,1/10/2023,10,5,10000,1000,1000,0,5000,1/3/2024,2024-03-01,2025-11-09 07:06:39.639615,data/lms_loan_daily.csv,2024-03-01
CUS_0xb5b5_2023_06_01,CUS_0xb5b5,1/6/2023,10,9,10000,1000,0,6000,7000,1/3/2024,2024-03-01,2025-11-09 07:06:39.639615,data/lms_loan_daily.csv,2024-03-01
CUS_0xb5b9_2023_05_01,CUS_0xb5b9,1/5/2023,10,10,10000,1000,1000,0,0,1/3/2024,2024-03-01,2025-11-09 07:06:39.639615,data/lms_loan_daily.csv,2024-03-01
CUS_0xb5bb_2024_03_01,CUS_0xb5bb,1/3/2024,10,0,10000,0,0,0,10000,1/3/2024,2024-03-01,2025-11-09 07:06:39.639615,data/lms_loan_daily.csv,2024-03-01
CUS_0xb5bd_2023_10_01,CUS_0xb5bd,1/10/2023,10,5,10000,1000,0,3000,8000,1/3/2024,2024-03-01,2025-11-09 07:06:39.639615,data/lms_loan_daily.csv,2024-03-01
CUS_0xb5be_2023_06_01,CUS_0xb5be,1/6/2023,10,9,10000,1000,1000,0,1000,1/3/2024,2024-03-01,2025-11-09 07:06:39.639615,data/lms_loan_daily.csv,2024-03-01
CUS_0xb5c0_2023_08_01,CUS_0xb5c0,1/8/2023,10,7,10000,1000,1000,0,3000,1/3/2024,2024-03-01,2025-11-09 07:06:39.639615,data/lms_loan_daily.csv,2024-03-01
CUS_0xb5c6_2024_02_01,CUS_0xb5c6,1/2/2024,10,1,10000,1000,1000,0,9000,1/3/2024,2024-03-01,2025-11-09 07:06:39.639615,data/lms_loan_daily.csv,2024-03-01
CUS_0xb5d4_2023_08_01,CUS_0xb5d4,1/8/2023,10,7,10000,1000,1000,0,3000,1/3/2024,2024-03-01,2025-11-09 07:06:39.639615,data/lms_loan_daily.csv,2024-03-01
CUS_0xb5da_2024_03_01,CUS_0xb5da,1/3/2024,10,0,10000,0,0,0,10000,1/3/2024,2024-03-01,2025-11-09 07:06:39.639615,data/lms_loan_daily.csv,2024-03-01
CUS_0xb5dd_2023_08_01,CUS_0xb5dd,1/8/2023,10,7,10000,1000,1000,0,3000,1/3/2024,2024-03-01,2025-11-09 07:06:39.639615,data/lms_loan_daily.csv,2024-03-01
CUS_0xb5e3_2023_06_01,CUS_0xb5e3,1/6/2023,10,9,10000,1000,1000,0,1000,1/3/2024,2024-03-01,2025-11-09 07:06:39.639615,data/lms_loan_daily.csv,2024-03-01
CUS_0xb5e4_2024_02_01,CUS_0xb5e4,1/2/2024,10,1,10000,1000,1000,0,9000,1/3/2024,2024-03-01,2025-11-09 07:06:39.639615,data/lms_loan_daily.csv,2024-03-01
CUS_0xb5f3_2023_11_01,CUS_0xb5f3,1/11/2023,10,4,10000,1000,0,3000,9000,1/3/2024,2024-03-01,2025-11-09 07:06:39.639615,data/lms_loan_daily.csv,2024-03-01
CUS_0xb607_2023_12_01,CUS_0xb607,1/12/2023,10,3,10000,1000,1000,0,7000,1/3/2024,2024-03-01,2025-11-09 07:06:39.639615,data/lms_loan_daily.csv,2024-03-01
CUS_0xb60f_2024_03_01,CUS_0xb60f,1/3/2024,10,0,10000,0,0,0,10000,1/3/2024,2024-03-01,2025-11-09 07:06:39.639615,data/lms_loan_daily.csv,2024-03-01
CUS_0xb614_2024_02_01,CUS_0xb614,1/2/2024,10,1,10000,1000,1000,0,9000,1/3/2024,2024-03-01,2025-11-09 07:06:39.639615,data/lms_loan_daily.csv,2024-03-01
CUS_0xb61d_2023_10_01,CUS_0xb61d,1/10/2023,10,5,10000,1000,1000,0,5000,1/3/2024,2024-03-01,2025-11-09 07:06:39.639615,data/lms_loan_daily.csv,2024-03-01
CUS_0xb631_2023_07_01,CUS_0xb631,1/7/2023,10,8,10000,1000,1000,0,2000,1/3/2024,2024-03-01,2025-11-09 07:06:39.639615,data/lms_loan_daily.csv,2024-03-01
CUS_0xb637_2023_12_01,CUS_0xb637,1/12/2023,10,3,10000,1000,1000,0,7000,1/3/2024,2024-03-01,2025-11-09 07:06:39.639615,data/lms_loan_daily.csv,2024-03-01
CUS_0xb638_2023_09_01,CUS_0xb638,1/9/2023,10,6,10000,1000,1000,0,4000,1/3/2024,2024-03-01,2025-11-09 07:06:39.639615,data/lms_loan_daily.csv,2024-03-01
CUS_0xb646_2024_03_01,CUS_0xb646,1/3/2024,10,0,10000,0,0,0,10000,1/3/2024,2024-03-01,2025-11-09 07:06:39.639615,data/lms_loan_daily.csv,2024-03-01
CUS_0xb648_2023_12_01,CUS_0xb648,1/12/2023,10,3,10000,1000,1000,0,7000,1/3/2024,2024-03-01,2025-11-09 07:06:39.639615,data/lms_loan_daily.csv,2024-03-01
CUS_0xb650_2023_07_01,CUS_0xb650,1/7/2023,10,8,10000,1000,0,5000,7000,1/3/2024,2024-03-01,2025-11-09 07:06:39.639615,data/lms_loan_daily.csv,2024-03-01
CUS_0xb658_2023_12_01,CUS_0xb658,1/12/2023,10,3,10000,1000,1000,0,7000,1/3/2024,2024-03-01,2025-11-09 07:06:39.639615,data/lms_loan_daily.csv,2024-03-01
CUS_0xb66f_2024_03_01,CUS_0xb66f,1/3/2024,10,0,10000,0,0,0,10000,1/3/2024,2024-03-01,2025-11-09 07:06:39.639615,data/lms_loan_daily.csv,2024-03-01
CUS_0xb676_2024_03_01,CUS_0xb676,1/3/2024,10,0,10000,0,0,0,10000,1/3/2024,2024-03-01,2025-11-09 07:06:39.639615,data/lms_loan_daily.csv,2024-03-01
CUS_0xb67f_2023_07_01,CUS_0xb67f,1/7/2023,10,8,10000,1000,1000,0,2000,1/3/2024,2024-03-01,2025-11-09 07:06:39.639615,data/lms_loan_daily.csv,2024-03-01
CUS_0xb681_2024_03_01,CUS_0xb681,1/3/2024,10,0,10000,0,0,0,10000,1/3/2024,2024-03-01,2025-11-09 07:06:39.639615,data/lms_loan_daily.csv,2024-03-01
CUS_0xb68e_2023_12_01,CUS_0xb68e,1/12/2023,10,3,10000,1000,1000,0,7000,1/3/2024,2024-03-01,2025-11-09 07:06:39.639615,data/lms_loan_daily.csv,2024-03-01
CUS_0xb68f_2023_08_01,CUS_0xb68f,1/8/2023,10,7,10000,1000,0,3000,6000,1/3/2024,2024-03-01,2025-11-09 07:06:39.639615,data/lms_loan_daily.csv,2024-03-01
CUS_0xb699_2023_06_01,CUS_0xb699,1/6/2023,10,9,10000,1000,1000,0,1000,1/3/2024,2024-03-01,2025-11-09 07:06:39.639615,data/lms_loan_daily.csv,2024-03-01
CUS_0xb69a_2024_03_01,CUS_0xb69a,1/3/2024,10,0,10000,0,0,0,10000,1/3/2024,2024-03-01,2025-11-09 07:06:39.639615,data/lms_loan_daily.csv,2024-03-01
CUS_0xb6a5_2023_06_01,CUS_0xb6a5,1/6/2023,10,9,10000,1000,1000,0,1000,1/3/2024,2024-03-01,2025-11-09 07:06:39.639615,data/lms_loan_daily.csv,2024-03-01
CUS_0xb6b7_2023_09_01,CUS_0xb6b7,1/9/2023,10,6,10000,1000,1000,0,4000,1/3/2024,2024-03-01,2025-11-09 07:06:39.639615,data/lms_loan_daily.csv,2024-03-01
CUS_0xb6bc_2023_07_01,CUS_0xb6bc,1/7/2023,10,8,10000,1000,0,4000,6000,1/3/2024,2024-03-01,2025-11-09 07:06:39.639615,data/lms_loan_daily.csv,2024-03-01
CUS_0xb6be_2023_08_01,CUS_0xb6be,1/8/2023,10,7,10000,1000,0,5000,8000,1/3/2024,2024-03-01,2025-11-09 07:06:39.639615,data/lms_loan_daily.csv,2024-03-01
CUS_0xb6cd_2023_09_01,CUS_0xb6cd,1/9/2023,10,6,10000,1000,1000,0,4000,1/3/2024,2024-03-01,2025-11-09 07:06:39.639615,data/lms_loan_daily.csv,2024-03-01
CUS_0xb6d0_2024_03_01,CUS_0xb6d0,1/3/2024,10,0,10000,0,0,0,10000,1/3/2024,2024-03-01,2025-11-09 07:06:39.639615,data/lms_loan_daily.csv,2024-03-01
CUS_0xb6d2_2023_07_01,CUS_0xb6d2,1/7/2023,10,8,10000,1000,0,5000,7000,1/3/2024,2024-03-01,2025-11-09 07:06:39.639615,data/lms_loan_daily.csv,2024-03-01
CUS_0xb6dd_2023_11_01,CUS_0xb6dd,1/11/2023,10,4,10000,1000,0,1000,7000,1/3/2024,2024-03-01,2025-11-09 07:06:39.639615,data/lms_loan_daily.csv,2024-03-01
CUS_0xb6e0_2024_02_01,CUS_0xb6e0,1/2/2024,10,1,10000,1000,1000,0,9000,1/3/2024,2024-03-01,2025-11-09 07:06:39.639615,data/lms_loan_daily.csv,2024-03-01
CUS_0xb6e6_2023_10_01,CUS_0xb6e6,1/10/2023,10,5,10000,1000,1000,0,5000,1/3/2024,2024-03-01,2025-11-09 07:06:39.639615,data/lms_loan_daily.csv,2024-03-01
CUS_0xb6e7_2024_03_01,CUS_0xb6e7,1/3/2024,10,0,10000,0,0,0,10000,1/3/2024,2024-03-01,2025-11-09 07:06:39.639615,data/lms_loan_daily.csv,2024-03-01
CUS_0xb6eb_2023_12_01,CUS_0xb6eb,1/12/2023,10,3,10000,1000,0,1000,8000,1/3/2024,2024-03-01,2025-11-09 07:06:39.639615,data/lms_loan_daily.csv,2024-03-01
CUS_0xb6f8_2024_01_01,CUS_0xb6f8,1/1/2024,10,2,10000,1000,1000,0,8000,1/3/2024,2024-03-01,2025-11-09 07:06:39.639615,data/lms_loan_daily.csv,2024-03-01
CUS_0xb70f_2023_05_01,CUS_0xb70f,1/5/2023,10,10,10000,1000,1000,0,0,1/3/2024,2024-03-01,2025-11-09 07:06:39.639615,data/lms_loan_daily.csv,2024-03-01
CUS_0xb725_2023_10_01,CUS_0xb725,1/10/2023,10,5,10000,1000,0,1000,6000,1/3/2024,2024-03-01,2025-11-09 07:06:39.639615,data/lms_loan_daily.csv,2024-03-01
CUS_0xb734_2023_11_01,CUS_0xb734,1/11/2023,10,4,10000,1000,1000,0,6000,1/3/2024,2024-03-01,2025-11-09 07:06:39.639615,data/lms_loan_daily.csv,2024-03-01
CUS_0xb736_2023_10_01,CUS_0xb736,1/10/2023,10,5,10000,1000,1000,0,5000,1/3/2024,2024-03-01,2025-11-09 07:06:39.639615,data/lms_loan_daily.csv,2024-03-01
CUS_0xb743_2023_11_01,CUS_0xb743,1/11/2023,10,4,10000,1000,1000,0,6000,1/3/2024,2024-03-01,2025-11-09 07:06:39.639615,data/lms_loan_daily.csv,2024-03-01
CUS_0xb744_2023_05_01,CUS_0xb744,1/5/2023,10,10,10000,1000,1000,0,0,1/3/2024,2024-03-01,2025-11-09 07:06:39.639615,data/lms_loan_daily.csv,2024-03-01
CUS_0xb747_2023_09_01,CUS_0xb747,1/9/2023,10,6,10000,1000,1000,0,4000,1/3/2024,2024-03-01,2025-11-09 07:06:39.639615,data/lms_loan_daily.csv,2024-03-01
CUS_0xb756_2023_12_01,CUS_0xb756,1/12/2023,10,3,10000,1000,1000,0,7000,1/3/2024,2024-03-01,2025-11-09 07:06:39.639615,data/lms_loan_daily.csv,2024-03-01
CUS_0xb761_2023_11_01,CUS_0xb761,1/11/2023,10,4,10000,1000,1000,0,6000,1/3/2024,2024-03-01,2025-11-09 07:06:39.639615,data/lms_loan_daily.csv,2024-03-01
CUS_0xb76e_2023_08_01,CUS_0xb76e,1/8/2023,10,7,10000,1000,1000,0,3000,1/3/2024,2024-03-01,2025-11-09 07:06:39.639615,data/lms_loan_daily.csv,2024-03-01
CUS_0xb76f_2023_10_01,CUS_0xb76f,1/10/2023,10,5,10000,1000,1000,0,5000,1/3/2024,2024-03-01,2025-11-09 07:06:39.639615,data/lms_loan_daily.csv,2024-03-01
CUS_0xb772_2023_10_01,CUS_0xb772,1/10/2023,10,5,10000,1000,1000,0,5000,1/3/2024,2024-03-01,2025-11-09 07:06:39.639615,data/lms_loan_daily.csv,2024-03-01
CUS_0xb788_2023_09_01,CUS_0xb788,1/9/2023,10,6,10000,1000,1000,0,4000,1/3/2024,2024-03-01,2025-11-09 07:06:39.639615,data/lms_loan_daily.csv,2024-03-01
CUS_0xb78e_2023_11_01,CUS_0xb78e,1/11/2023,10,4,10000,1000,0,2000,8000,1/3/2024,2024-03-01,2025-11-09 07:06:39.639615,data/lms_loan_daily.csv,2024-03-01
CUS_0xb794_2024_03_01,CUS_0xb794,1/3/2024,10,0,10000,0,0,0,10000,1/3/2024,2024-03-01,2025-11-09 07:06:39.639615,data/lms_loan_daily.csv,2024-03-01
CUS_0xb79c_2023_10_01,CUS_0xb79c,1/10/2023,10,5,10000,1000,1000,0,5000,1/3/2024,2024-03-01,2025-11-09 07:06:39.639615,data/lms_loan_daily.csv,2024-03-01
CUS_0xb7a1_2024_01_01,CUS_0xb7a1,1/1/2024,10,2,10000,1000,1000,0,8000,1/3/2024,2024-03-01,2025-11-09 07:06:39.639615,data/lms_loan_daily.csv,2024-03-01
CUS_0xb7a5_2023_10_01,CUS_0xb7a5,1/10/2023,10,5,10000,1000,1000,0,5000,1/3/2024,2024-03-01,2025-11-09 07:06:39.639615,data/lms_loan_daily.csv,2024-03-01
CUS_0xb7a7_2023_09_01,CUS_0xb7a7,1/9/2023,10,6,10000,1000,1000,0,4000,1/3/2024,2024-03-01,2025-11-09 07:06:39.639615,data/lms_loan_daily.csv,2024-03-01
CUS_0xb7bb_2023_10_01,CUS_0xb7bb,1/10/2023,10,5,10000,1000,1000,0,5000,1/3/2024,2024-03-01,2025-11-09 07:06:39.639615,data/lms_loan_daily.csv,2024-03-01
CUS_0xb7c_2023_07_01,CUS_0xb7c,1/7/2023,10,8,10000,1000,0,5000,7000,1/3/2024,2024-03-01,2025-11-09 07:06:39.639615,data/lms_loan_daily.csv,2024-03-01
CUS_0xb7c3_2023_06_01,CUS_0xb7c3,1/6/2023,10,9,10000,1000,1000,0,1000,1/3/2024,2024-03-01,2025-11-09 07:06:39.639615,data/lms_loan_daily.csv,2024-03-01
CUS_0xb7c4_2023_12_01,CUS_0xb7c4,1/12/2023,10,3,10000,1000,0,1000,8000,1/3/2024,2024-03-01,2025-11-09 07:06:39.639615,data/lms_loan_daily.csv,2024-03-01
CUS_0xb7c7_2024_01_01,CUS_0xb7c7,1/1/2024,10,2,10000,1000,2000,0,8000,1/3/2024,2024-03-01,2025-11-09 07:06:39.639615,data/lms_loan_daily.csv,2024-03-01
CUS_0xb7cf_2023_09_01,CUS_0xb7cf,1/9/2023,10,6,10000,1000,1000,0,4000,1/3/2024,2024-03-01,2025-11-09 07:06:39.639615,data/lms_loan_daily.csv,2024-03-01
CUS_0xb7d0_2023_12_01,CUS_0xb7d0,1/12/2023,10,3,10000,1000,1000,0,7000,1/3/2024,2024-03-01,2025-11-09 07:06:39.639615,data/lms_loan_daily.csv,2024-03-01
CUS_0xb7d4_2024_01_01,CUS_0xb7d4,1/1/2024,10,2,10000,1000,1000,0,8000,1/3/2024,2024-03-01,2025-11-09 07:06:39.639615,data/lms_loan_daily.csv,2024-03-01
CUS_0xb7de_2023_09_01,CUS_0xb7de,1/9/2023,10,6,10000,1000,1000,0,4000,1/3/2024,2024-03-01,2025-11-09 07:06:39.639615,data/lms_loan_daily.csv,2024-03-01
CUS_0xb7e2_2023_06_01,CUS_0xb7e2,1/6/2023,10,9,10000,1000,1000,0,1000,1/3/2024,2024-03-01,2025-11-09 07:06:39.639615,data/lms_loan_daily.csv,2024-03-01
CUS_0xb7eb_2023_11_01,CUS_0xb7eb,1/11/2023,10,4,10000,1000,1000,0,6000,1/3/2024,2024-03-01,2025-11-09 07:06:39.639615,data/lms_loan_daily.csv,2024-03-01
CUS_0xb7fb_2024_01_01,CUS_0xb7fb,1/1/2024,10,2,10000,1000,2000,0,8000,1/3/2024,2024-03-01,2025-11-09 07:06:39.639615,data/lms_loan_daily.csv,2024-03-01
CUS_0xb801_2023_07_01,CUS_0xb801,1/7/2023,10,8,10000,1000,1000,0,2000,1/3/2024,2024-03-01,2025-11-09 07:06:39.639615,data/lms_loan_daily.csv,2024-03-01
CUS_0xb805_2024_02_01,CUS_0xb805,1/2/2024,10,1,10000,1000,1000,0,9000,1/3/2024,2024-03-01,2025-11-09 07:06:39.639615,data/lms_loan_daily.csv,2024-03-01
CUS_0xb808_2024_02_01,CUS_0xb808,1/2/2024,10,1,10000,1000,1000,0,9000,1/3/2024,2024-03-01,2025-11-09 07:06:39.639615,data/lms_loan_daily.csv,2024-03-01
CUS_0xb80c_2023_09_01,CUS_0xb80c,1/9/2023,10,6,10000,1000,1000,0,4000,1/3/2024,2024-03-01,2025-11-09 07:06:39.639615,data/lms_loan_daily.csv,2024-03-01
CUS_0xb80d_2023_09_01,CUS_0xb80d,1/9/2023,10,6,10000,1000,0,5000,9000,1/3/2024,2024-03-01,2025-11-09 07:06:39.639615,data/lms_loan_daily.csv,2024-03-01
CUS_0xb811_2023_11_01,CUS_0xb811,1/11/2023,10,4,10000,1000,1000,0,6000,1/3/2024,2024-03-01,2025-11-09 07:06:39.639615,data/lms_loan_daily.csv,2024-03-01
CUS_0xb814_2023_06_01,CUS_0xb814,1/6/2023,10,9,10000,1000,1000,0,1000,1/3/2024,2024-03-01,2025-11-09 07:06:39.639615,data/lms_loan_daily.csv,2024-03-01
CUS_0xb82_2023_05_01,CUS_0xb82,1/5/2023,10,10,10000,1000,0,8000,8000,1/3/2024,2024-03-01,2025-11-09 07:06:39.639615,data/lms_loan_daily.csv,2024-03-01
CUS_0xb828_2023_11_01,CUS_0xb828,1/11/2023,10,4,10000,1000,0,1000,7000,1/3/2024,2024-03-01,2025-11-09 07:06:39.639615,data/lms_loan_daily.csv,2024-03-01
CUS_0xb82b_2024_01_01,CUS_0xb82b,1/1/2024,10,2,10000,1000,1000,0,8000,1/3/2024,2024-03-01,2025-11-09 07:06:39.639615,data/lms_loan_daily.csv,2024-03-01
CUS_0xb832_2023_10_01,CUS_0xb832,1/10/2023,10,5,10000,1000,0,3000,8000,1/3/2024,2024-03-01,2025-11-09 07:06:39.639615,data/lms_loan_daily.csv,2024-03-01
CUS_0xb837_2024_03_01,CUS_0xb837,1/3/2024,10,0,10000,0,0,0,10000,1/3/2024,2024-03-01,2025-11-09 07:06:39.639615,data/lms_loan_daily.csv,2024-03-01
CUS_0xb83d_2023_12_01,CUS_0xb83d,1/12/2023,10,3,10000,1000,1000,0,7000,1/3/2024,2024-03-01,2025-11-09 07:06:39.639615,data/lms_loan_daily.csv,2024-03-01
CUS_0xb83e_2023_07_01,CUS_0xb83e,1/7/2023,10,8,10000,1000,1000,0,2000,1/3/2024,2024-03-01,2025-11-09 07:06:39.639615,data/lms_loan_daily.csv,2024-03-01
CUS_0xb843_2023_07_01,CUS_0xb843,1/7/2023,10,8,10000,1000,1000,0,2000,1/3/2024,2024-03-01,2025-11-09 07:06:39.639615,data/lms_loan_daily.csv,2024-03-01
CUS_0xb85c_2023_11_01,CUS_0xb85c,1/11/2023,10,4,10000,1000,0,1000,7000,1/3/2024,2024-03-01,2025-11-09 07:06:39.639615,data/lms_loan_daily.csv,2024-03-01
CUS_0xb863_2023_10_01,CUS_0xb863,1/10/2023,10,5,10000,1000,1000,0,5000,1/3/2024,2024-03-01,2025-11-09 07:06:39.639615,data/lms_loan_daily.csv,2024-03-01
CUS_0xb867_2023_10_01,CUS_0xb867,1/10/2023,10,5,10000,1000,1000,0,5000,1/3/2024,2024-03-01,2025-11-09 07:06:39.639615,data/lms_loan_daily.csv,2024-03-01
CUS_0xb873_2023_11_01,CUS_0xb873,1/11/2023,10,4,10000,1000,0,3000,9000,1/3/2024,2024-03-01,2025-11-09 07:06:39.639615,data/lms_loan_daily.csv,2024-03-01
CUS_0xb87a_2024_02_01,CUS_0xb87a,1/2/2024,10,1,10000,1000,1000,0,9000,1/3/2024,2024-03-01,2025-11-09 07:06:39.639615,data/lms_loan_daily.csv,2024-03-01
CUS_0xb87d_2023_08_01,CUS_0xb87d,1/8/2023,10,7,10000,1000,1000,0,3000,1/3/2024,2024-03-01,2025-11-09 07:06:39.639615,data/lms_loan_daily.csv,2024-03-01
CUS_0xb882_2023_10_01,CUS_0xb882,1/10/2023,10,5,10000,1000,1000,0,5000,1/3/2024,2024-03-01,2025-11-09 07:06:39.639615,data/lms_loan_daily.csv,2024-03-01
CUS_0xb888_2023_06_01,CUS_0xb888,1/6/2023,10,9,10000,1000,0,6000,7000,1/3/2024,2024-03-01,2025-11-09 07:06:39.639615,data/lms_loan_daily.csv,2024-03-01
CUS_0xb88a_2023_10_01,CUS_0xb88a,1/10/2023,10,5,10000,1000,1000,0,5000,1/3/2024,2024-03-01,2025-11-09 07:06:39.639615,data/lms_loan_daily.csv,2024-03-01
CUS_0xb89_2023_12_01,CUS_0xb89,1/12/2023,10,3,10000,1000,1000,0,7000,1/3/2024,2024-03-01,2025-11-09 07:06:39.639615,data/lms_loan_daily.csv,2024-03-01
CUS_0xb8a1_2023_12_01,CUS_0xb8a1,1/12/2023,10,3,10000,1000,0,1000,8000,1/3/2024,2024-03-01,2025-11-09 07:06:39.639615,data/lms_loan_daily.csv,2024-03-01
CUS_0xb8a7_2023_11_01,CUS_0xb8a7,1/11/2023,10,4,10000,1000,1000,0,6000,1/3/2024,2024-03-01,2025-11-09 07:06:39.639615,data/lms_loan_daily.csv,2024-03-01
CUS_0xb8b6_2023_06_01,CUS_0xb8b6,1/6/2023,10,9,10000,1000,1000,0,1000,1/3/2024,2024-03-01,2025-11-09 07:06:39.639615,data/lms_loan_daily.csv,2024-03-01
CUS_0xb8c_2024_03_01,CUS_0xb8c,1/3/2024,10,0,10000,0,0,0,10000,1/3/2024,2024-03-01,2025-11-09 07:06:39.639615,data/lms_loan_daily.csv,2024-03-01
CUS_0xb8c2_2023_10_01,CUS_0xb8c2,1/10/2023,10,5,10000,1000,1000,0,5000,1/3/2024,2024-03-01,2025-11-09 07:06:39.639615,data/lms_loan_daily.csv,2024-03-01
CUS_0xb8e5_2024_03_01,CUS_0xb8e5,1/3/2024,10,0,10000,0,0,0,10000,1/3/2024,2024-03-01,2025-11-09 07:06:39.639615,data/lms_loan_daily.csv,2024-03-01
CUS_0xb8e9_2023_10_01,CUS_0xb8e9,1/10/2023,10,5,10000,1000,1000,0,5000,1/3/2024,2024-03-01,2025-11-09 07:06:39.639615,data/lms_loan_daily.csv,2024-03-01
CUS_0xb8ea_2024_01_01,CUS_0xb8ea,1/1/2024,10,2,10000,1000,1000,0,8000,1/3/2024,2024-03-01,2025-11-09 07:06:39.639615,data/lms_loan_daily.csv,2024-03-01
CUS_0xb8f4_2023_06_01,CUS_0xb8f4,1/6/2023,10,9,10000,1000,1000,0,1000,1/3/2024,2024-03-01,2025-11-09 07:06:39.639615,data/lms_loan_daily.csv,2024-03-01
CUS_0xb8f6_2023_06_01,CUS_0xb8f6,1/6/2023,10,9,10000,1000,1000,0,1000,1/3/2024,2024-03-01,2025-11-09 07:06:39.639615,data/lms_loan_daily.csv,2024-03-01
CUS_0xb903_2023_07_01,CUS_0xb903,1/7/2023,10,8,10000,1000,1000,0,2000,1/3/2024,2024-03-01,2025-11-09 07:06:39.639615,data/lms_loan_daily.csv,2024-03-01
CUS_0xb90d_2023_09_01,CUS_0xb90d,1/9/2023,10,6,10000,1000,1000,0,4000,1/3/2024,2024-03-01,2025-11-09 07:06:39.639615,data/lms_loan_daily.csv,2024-03-01
CUS_0xb910_2024_03_01,CUS_0xb910,1/3/2024,10,0,10000,0,0,0,10000,1/3/2024,2024-03-01,2025-11-09 07:06:39.639615,data/lms_loan_daily.csv,2024-03-01
CUS_0xb912_2023_09_01,CUS_0xb912,1/9/2023,10,6,10000,1000,1000,0,4000,1/3/2024,2024-03-01,2025-11-09 07:06:39.639615,data/lms_loan_daily.csv,2024-03-01
CUS_0xb918_2024_02_01,CUS_0xb918,1/2/2024,10,1,10000,1000,0,1000,10000,1/3/2024,2024-03-01,2025-11-09 07:06:39.639615,data/lms_loan_daily.csv,2024-03-01
CUS_0xb928_2023_11_01,CUS_0xb928,1/11/2023,10,4,10000,1000,1000,0,6000,1/3/2024,2024-03-01,2025-11-09 07:06:39.639615,data/lms_loan_daily.csv,2024-03-01
CUS_0xb92b_2024_03_01,CUS_0xb92b,1/3/2024,10,0,10000,0,0,0,10000,1/3/2024,2024-03-01,2025-11-09 07:06:39.639615,data/lms_loan_daily.csv,2024-03-01
CUS_0xb92e_2024_02_01,CUS_0xb92e,1/2/2024,10,1,10000,1000,1000,0,9000,1/3/2024,2024-03-01,2025-11-09 07:06:39.639615,data/lms_loan_daily.csv,2024-03-01
CUS_0xb932_2023_10_01,CUS_0xb932,1/10/2023,10,5,10000,1000,1000,0,5000,1/3/2024,2024-03-01,2025-11-09 07:06:39.639615,data/lms_loan_daily.csv,2024-03-01
CUS_0xb948_2023_08_01,CUS_0xb948,1/8/2023,10,7,10000,1000,1000,0,3000,1/3/2024,2024-03-01,2025-11-09 07:06:39.639615,data/lms_loan_daily.csv,2024-03-01
CUS_0xb949_2023_08_01,CUS_0xb949,1/8/2023,10,7,10000,1000,1000,0,3000,1/3/2024,2024-03-01,2025-11-09 07:06:39.639615,data/lms_loan_daily.csv,2024-03-01
CUS_0xb966_2023_09_01,CUS_0xb966,1/9/2023,10,6,10000,1000,0,3000,7000,1/3/2024,2024-03-01,2025-11-09 07:06:39.639615,data/lms_loan_daily.csv,2024-03-01
CUS_0xb967_2024_02_01,CUS_0xb967,1/2/2024,10,1,10000,1000,1000,0,9000,1/3/2024,2024-03-01,2025-11-09 07:06:39.639615,data/lms_loan_daily.csv,2024-03-01
CUS_0xb96c_2023_08_01,CUS_0xb96c,1/8/2023,10,7,10000,1000,1000,0,3000,1/3/2024,2024-03-01,2025-11-09 07:06:39.639615,data/lms_loan_daily.csv,2024-03-01
CUS_0xb970_2023_11_01,CUS_0xb970,1/11/2023,10,4,10000,1000,1000,0,6000,1/3/2024,2024-03-01,2025-11-09 07:06:39.639615,data/lms_loan_daily.csv,2024-03-01
CUS_0xb971_2023_08_01,CUS_0xb971,1/8/2023,10,7,10000,1000,1000,0,3000,1/3/2024,2024-03-01,2025-11-09 07:06:39.639615,data/lms_loan_daily.csv,2024-03-01
CUS_0xb982_2024_02_01,CUS_0xb982,1/2/2024,10,1,10000,1000,1000,0,9000,1/3/2024,2024-03-01,2025-11-09 07:06:39.639615,data/lms_loan_daily.csv,2024-03-01
CUS_0xb986_2023_10_01,CUS_0xb986,1/10/2023,10,5,10000,1000,1000,0,5000,1/3/2024,2024-03-01,2025-11-09 07:06:39.639615,data/lms_loan_daily.csv,2024-03-01
CUS_0xb98d_2023_12_01,CUS_0xb98d,1/12/2023,10,3,10000,1000,1000,0,7000,1/3/2024,2024-03-01,2025-11-09 07:06:39.639615,data/lms_loan_daily.csv,2024-03-01
CUS_0xb98f_2024_01_01,CUS_0xb98f,1/1/2024,10,2,10000,1000,1000,0,8000,1/3/2024,2024-03-01,2025-11-09 07:06:39.639615,data/lms_loan_daily.csv,2024-03-01
CUS_0xb99c_2024_01_01,CUS_0xb99c,1/1/2024,10,2,10000,1000,1000,0,8000,1/3/2024,2024-03-01,2025-11-09 07:06:39.639615,data/lms_loan_daily.csv,2024-03-01
CUS_0xb9a2_2023_07_01,CUS_0xb9a2,1/7/2023,10,8,10000,1000,1000,0,2000,1/3/2024,2024-03-01,2025-11-09 07:06:39.639615,data/lms_loan_daily.csv,2024-03-01
CUS_0xb9bb_2023_09_01,CUS_0xb9bb,1/9/2023,10,6,10000,1000,0,4000,8000,1/3/2024,2024-03-01,2025-11-09 07:06:39.639615,data/lms_loan_daily.csv,2024-03-01
CUS_0xb9bd_2023_11_01,CUS_0xb9bd,1/11/2023,10,4,10000,1000,1000,0,6000,1/3/2024,2024-03-01,2025-11-09 07:06:39.639615,data/lms_loan_daily.csv,2024-03-01
CUS_0xb9c7_2023_11_01,CUS_0xb9c7,1/11/2023,10,4,10000,1000,0,1000,7000,1/3/2024,2024-03-01,2025-11-09 07:06:39.639615,data/lms_loan_daily.csv,2024-03-01
CUS_0xb9c8_2024_02_01,CUS_0xb9c8,1/2/2024,10,1,10000,1000,1000,0,9000,1/3/2024,2024-03-01,2025-11-09 07:06:39.639615,data/lms_loan_daily.csv,2024-03-01
CUS_0xb9cd_2024_02_01,CUS_0xb9cd,1/2/2024,10,1,10000,1000,1000,0,9000,1/3/2024,2024-03-01,2025-11-09 07:06:39.639615,data/lms_loan_daily.csv,2024-03-01
CUS_0xb9d_2023_11_01,CUS_0xb9d,1/11/2023,10,4,10000,1000,1000,0,6000,1/3/2024,2024-03-01,2025-11-09 07:06:39.639615,data/lms_loan_daily.csv,2024-03-01
CUS_0xb9d2_2023_12_01,CUS_0xb9d2,1/12/2023,10,3,10000,1000,1000,0,7000,1/3/2024,2024-03-01,2025-11-09 07:06:39.639615,data/lms_loan_daily.csv,2024-03-01
CUS_0xb9d5_2023_11_01,CUS_0xb9d5,1/11/2023,10,4,10000,1000,1000,0,6000,1/3/2024,2024-03-01,2025-11-09 07:06:39.639615,data/lms_loan_daily.csv,2024-03-01
CUS_0xb9d8_2023_11_01,CUS_0xb9d8,1/11/2023,10,4,10000,1000,1000,0,6000,1/3/2024,2024-03-01,2025-11-09 07:06:39.639615,data/lms_loan_daily.csv,2024-03-01
CUS_0xb9e0_2023_07_01,CUS_0xb9e0,1/7/2023,10,8,10000,1000,0,5000,7000,1/3/2024,2024-03-01,2025-11-09 07:06:39.639615,data/lms_loan_daily.csv,2024-03-01
CUS_0xb9e5_2023_10_01,CUS_0xb9e5,1/10/2023,10,5,10000,1000,1000,0,5000,1/3/2024,2024-03-01,2025-11-09 07:06:39.639615,data/lms_loan_daily.csv,2024-03-01
CUS_0xb9e6_2023_08_01,CUS_0xb9e6,1/8/2023,10,7,10000,1000,1000,0,3000,1/3/2024,2024-03-01,2025-11-09 07:06:39.639615,data/lms_loan_daily.csv,2024-03-01
CUS_0xb9ea_2023_05_01,CUS_0xb9ea,1/5/2023,10,10,10000,1000,1000,0,0,1/3/2024,2024-03-01,2025-11-09 07:06:39.639615,data/lms_loan_daily.csv,2024-03-01
CUS_0xb9ec_2024_03_01,CUS_0xb9ec,1/3/2024,10,0,10000,0,0,0,10000,1/3/2024,2024-03-01,2025-11-09 07:06:39.639615,data/lms_loan_daily.csv,2024-03-01
CUS_0xb9f_2024_03_01,CUS_0xb9f,1/3/2024,10,0,10000,0,0,0,10000,1/3/2024,2024-03-01,2025-11-09 07:06:39.639615,data/lms_loan_daily.csv,2024-03-01
CUS_0xba01_2023_10_01,CUS_0xba01,1/10/2023,10,5,10000,1000,1000,0,5000,1/3/2024,2024-03-01,2025-11-09 07:06:39.639615,data/lms_loan_daily.csv,2024-03-01
CUS_0xba06_2024_03_01,CUS_0xba06,1/3/2024,10,0,10000,0,0,0,10000,1/3/2024,2024-03-01,2025-11-09 07:06:39.639615,data/lms_loan_daily.csv,2024-03-01
CUS_0xba0b_2023_06_01,CUS_0xba0b,1/6/2023,10,9,10000,1000,1000,0,1000,1/3/2024,2024-03-01,2025-11-09 07:06:39.639615,data/lms_loan_daily.csv,2024-03-01
CUS_0xba16_2023_06_01,CUS_0xba16,1/6/2023,10,9,10000,1000,1000,0,1000,1/3/2024,2024-03-01,2025-11-09 07:06:39.639615,data/lms_loan_daily.csv,2024-03-01
CUS_0xba18_2023_11_01,CUS_0xba18,1/11/2023,10,4,10000,1000,1000,0,6000,1/3/2024,2024-03-01,2025-11-09 07:06:39.639615,data/lms_loan_daily.csv,2024-03-01
CUS_0xba1c_2023_11_01,CUS_0xba1c,1/11/2023,10,4,10000,1000,0,2000,8000,1/3/2024,2024-03-01,2025-11-09 07:06:39.639615,data/lms_loan_daily.csv,2024-03-01
CUS_0xba1d_2023_08_01,CUS_0xba1d,1/8/2023,10,7,10000,1000,0,4000,7000,1/3/2024,2024-03-01,2025-11-09 07:06:39.639615,data/lms_loan_daily.csv,2024-03-01
CUS_0xba20_2023_07_01,CUS_0xba20,1/7/2023,10,8,10000,1000,0,5000,7000,1/3/2024,2024-03-01,2025-11-09 07:06:39.639615,data/lms_loan_daily.csv,2024-03-01
CUS_0xba5_2023_12_01,CUS_0xba5,1/12/2023,10,3,10000,1000,1000,0,7000,1/3/2024,2024-03-01,2025-11-09 07:06:39.639615,data/lms_loan_daily.csv,2024-03-01
CUS_0xba52_2023_09_01,CUS_0xba52,1/9/2023,10,6,10000,1000,0,4000,8000,1/3/2024,2024-03-01,2025-11-09 07:06:39.639615,data/lms_loan_daily.csv,2024-03-01
CUS_0xba6_2023_08_01,CUS_0xba6,1/8/2023,10,7,10000,1000,1000,0,3000,1/3/2024,2024-03-01,2025-11-09 07:06:39.639615,data/lms_loan_daily.csv,2024-03-01
CUS_0xba63_2023_10_01,CUS_0xba63,1/10/2023,10,5,10000,1000,1000,0,5000,1/3/2024,2024-03-01,2025-11-09 07:06:39.639615,data/lms_loan_daily.csv,2024-03-01
CUS_0xba68_2023_12_01,CUS_0xba68,1/12/2023,10,3,10000,1000,0,3000,10000,1/3/2024,2024-03-01,2025-11-09 07:06:39.639615,data/lms_loan_daily.csv,2024-03-01
CUS_0xba6c_2023_12_01,CUS_0xba6c,1/12/2023,10,3,10000,1000,0,1000,8000,1/3/2024,2024-03-01,2025-11-09 07:06:39.639615,data/lms_loan_daily.csv,2024-03-01
CUS_0xba7e_2023_06_01,CUS_0xba7e,1/6/2023,10,9,10000,1000,0,5000,6000,1/3/2024,2024-03-01,2025-11-09 07:06:39.639615,data/lms_loan_daily.csv,2024-03-01
CUS_0xba93_2023_06_01,CUS_0xba93,1/6/2023,10,9,10000,1000,1000,0,1000,1/3/2024,2024-03-01,2025-11-09 07:06:39.639615,data/lms_loan_daily.csv,2024-03-01
CUS_0xba94_2023_07_01,CUS_0xba94,1/7/2023,10,8,10000,1000,1000,0,2000,1/3/2024,2024-03-01,2025-11-09 07:06:39.639615,data/lms_loan_daily.csv,2024-03-01
CUS_0xba96_2023_12_01,CUS_0xba96,1/12/2023,10,3,10000,1000,1000,0,7000,1/3/2024,2024-03-01,2025-11-09 07:06:39.639615,data/lms_loan_daily.csv,2024-03-01
CUS_0xba97_2024_03_01,CUS_0xba97,1/3/2024,10,0,10000,0,0,0,10000,1/3/2024,2024-03-01,2025-11-09 07:06:39.639615,data/lms_loan_daily.csv,2024-03-01
CUS_0xba9f_2024_02_01,CUS_0xba9f,1/2/2024,10,1,10000,1000,1000,0,9000,1/3/2024,2024-03-01,2025-11-09 07:06:39.639615,data/lms_loan_daily.csv,2024-03-01
CUS_0xbaa6_2023_06_01,CUS_0xbaa6,1/6/2023,10,9,10000,1000,1000,0,1000,1/3/2024,2024-03-01,2025-11-09 07:06:39.639615,data/lms_loan_daily.csv,2024-03-01
CUS_0xbaa8_2023_05_01,CUS_0xbaa8,1/5/2023,10,10,10000,1000,1000,0,0,1/3/2024,2024-03-01,2025-11-09 07:06:39.639615,data/lms_loan_daily.csv,2024-03-01
CUS_0xbab8_2023_11_01,CUS_0xbab8,1/11/2023,10,4,10000,1000,0,1000,7000,1/3/2024,2024-03-01,2025-11-09 07:06:39.639615,data/lms_loan_daily.csv,2024-03-01
CUS_0xbabc_2024_02_01,CUS_0xbabc,1/2/2024,10,1,10000,1000,1000,0,9000,1/3/2024,2024-03-01,2025-11-09 07:06:39.639615,data/lms_loan_daily.csv,2024-03-01
CUS_0xbabe_2023_07_01,CUS_0xbabe,1/7/2023,10,8,10000,1000,0,4000,6000,1/3/2024,2024-03-01,2025-11-09 07:06:39.639615,data/lms_loan_daily.csv,2024-03-01
CUS_0xbace_2023_07_01,CUS_0xbace,1/7/2023,10,8,10000,1000,1000,0,2000,1/3/2024,2024-03-01,2025-11-09 07:06:39.639615,data/lms_loan_daily.csv,2024-03-01
CUS_0xbae6_2023_09_01,CUS_0xbae6,1/9/2023,10,6,10000,1000,1000,0,4000,1/3/2024,2024-03-01,2025-11-09 07:06:39.639615,data/lms_loan_daily.csv,2024-03-01
CUS_0xbae9_2024_01_01,CUS_0xbae9,1/1/2024,10,2,10000,1000,1000,0,8000,1/3/2024,2024-03-01,2025-11-09 07:06:39.639615,data/lms_loan_daily.csv,2024-03-01
CUS_0xbaee_2023_06_01,CUS_0xbaee,1/6/2023,10,9,10000,1000,1000,0,1000,1/3/2024,2024-03-01,2025-11-09 07:06:39.639615,data/lms_loan_daily.csv,2024-03-01
CUS_0xbaf6_2023_07_01,CUS_0xbaf6,1/7/2023,10,8,10000,1000,1000,0,2000,1/3/2024,2024-03-01,2025-11-09 07:06:39.639615,data/lms_loan_daily.csv,2024-03-01
CUS_0xbafb_2023_07_01,CUS_0xbafb,1/7/2023,10,8,10000,1000,1000,0,2000,1/3/2024,2024-03-01,2025-11-09 07:06:39.639615,data/lms_loan_daily.csv,2024-03-01
CUS_0xbb02_2023_08_01,CUS_0xbb02,1/8/2023,10,7,10000,1000,0,5000,8000,1/3/2024,2024-03-01,2025-11-09 07:06:39.639615,data/lms_loan_daily.csv,2024-03-01
CUS_0xbb0b_2023_10_01,CUS_0xbb0b,1/10/2023,10,5,10000,1000,1000,0,5000,1/3/2024,2024-03-01,2025-11-09 07:06:39.639615,data/lms_loan_daily.csv,2024-03-01
CUS_0xbb0c_2023_09_01,CUS_0xbb0c,1/9/2023,10,6,10000,1000,1000,0,4000,1/3/2024,2024-03-01,2025-11-09 07:06:39.639615,data/lms_loan_daily.csv,2024-03-01
CUS_0xbb18_2023_07_01,CUS_0xbb18,1/7/2023,10,8,10000,1000,1000,0,2000,1/3/2024,2024-03-01,2025-11-09 07:06:39.639615,data/lms_loan_daily.csv,2024-03-01
CUS_0xbb1b_2024_02_01,CUS_0xbb1b,1/2/2024,10,1,10000,1000,1000,0,9000,1/3/2024,2024-03-01,2025-11-09 07:06:39.639615,data/lms_loan_daily.csv,2024-03-01
CUS_0xbb2_2023_09_01,CUS_0xbb2,1/9/2023,10,6,10000,1000,0,3000,7000,1/3/2024,2024-03-01,2025-11-09 07:06:39.639615,data/lms_loan_daily.csv,2024-03-01
CUS_0xbb21_2023_06_01,CUS_0xbb21,1/6/2023,10,9,10000,1000,1000,0,1000,1/3/2024,2024-03-01,2025-11-09 07:06:39.639615,data/lms_loan_daily.csv,2024-03-01
CUS_0xbb23_2023_11_01,CUS_0xbb23,1/11/2023,10,4,10000,1000,0,2000,8000,1/3/2024,2024-03-01,2025-11-09 07:06:39.639615,data/lms_loan_daily.csv,2024-03-01
CUS_0xbb26_2024_02_01,CUS_0xbb26,1/2/2024,10,1,10000,1000,1000,0,9000,1/3/2024,2024-03-01,2025-11-09 07:06:39.639615,data/lms_loan_daily.csv,2024-03-01
CUS_0xbb33_2024_02_01,CUS_0xbb33,1/2/2024,10,1,10000,1000,1000,0,9000,1/3/2024,2024-03-01,2025-11-09 07:06:39.639615,data/lms_loan_daily.csv,2024-03-01
CUS_0xbb43_2024_03_01,CUS_0xbb43,1/3/2024,10,0,10000,0,0,0,10000,1/3/2024,2024-03-01,2025-11-09 07:06:39.639615,data/lms_loan_daily.csv,2024-03-01
CUS_0xbb4e_2023_08_01,CUS_0xbb4e,1/8/2023,10,7,10000,1000,1000,0,3000,1/3/2024,2024-03-01,2025-11-09 07:06:39.639615,data/lms_loan_daily.csv,2024-03-01
CUS_0xbb55_2023_07_01,CUS_0xbb55,1/7/2023,10,8,10000,1000,0,7000,9000,1/3/2024,2024-03-01,2025-11-09 07:06:39.639615,data/lms_loan_daily.csv,2024-03-01
CUS_0xbb69_2024_02_01,CUS_0xbb69,1/2/2024,10,1,10000,1000,1000,0,9000,1/3/2024,2024-03-01,2025-11-09 07:06:39.639615,data/lms_loan_daily.csv,2024-03-01
CUS_0xbb6a_2023_05_01,CUS_0xbb6a,1/5/2023,10,10,10000,1000,0,9000,9000,1/3/2024,2024-03-01,2025-11-09 07:06:39.639615,data/lms_loan_daily.csv,2024-03-01
CUS_0xbb6c_2023_12_01,CUS_0xbb6c,1/12/2023,10,3,10000,1000,0,1000,8000,1/3/2024,2024-03-01,2025-11-09 07:06:39.639615,data/lms_loan_daily.csv,2024-03-01
CUS_0xbb7e_2023_06_01,CUS_0xbb7e,1/6/2023,10,9,10000,1000,1000,0,1000,1/3/2024,2024-03-01,2025-11-09 07:06:39.639615,data/lms_loan_daily.csv,2024-03-01
CUS_0xbb88_2024_03_01,CUS_0xbb88,1/3/2024,10,0,10000,0,0,0,10000,1/3/2024,2024-03-01,2025-11-09 07:06:39.639615,data/lms_loan_daily.csv,2024-03-01
CUS_0xbb94_2023_05_01,CUS_0xbb94,1/5/2023,10,10,10000,1000,0,7000,7000,1/3/2024,2024-03-01,2025-11-09 07:06:39.639615,data/lms_loan_daily.csv,2024-03-01
CUS_0xbba_2023_07_01,CUS_0xbba,1/7/2023,10,8,10000,1000,1000,0,2000,1/3/2024,2024-03-01,2025-11-09 07:06:39.639615,data/lms_loan_daily.csv,2024-03-01
CUS_0xbba9_2023_07_01,CUS_0xbba9,1/7/2023,10,8,10000,1000,0,6000,8000,1/3/2024,2024-03-01,2025-11-09 07:06:39.639615,data/lms_loan_daily.csv,2024-03-01
CUS_0xbbaa_2023_08_01,CUS_0xbbaa,1/8/2023,10,7,10000,1000,1000,0,3000,1/3/2024,2024-03-01,2025-11-09 07:06:39.639615,data/lms_loan_daily.csv,2024-03-01
CUS_0xbbdd_2023_10_01,CUS_0xbbdd,1/10/2023,10,5,10000,1000,1000,0,5000,1/3/2024,2024-03-01,2025-11-09 07:06:39.639615,data/lms_loan_daily.csv,2024-03-01
CUS_0xbbf6_2023_10_01,CUS_0xbbf6,1/10/2023,10,5,10000,1000,0,2000,7000,1/3/2024,2024-03-01,2025-11-09 07:06:39.639615,data/lms_loan_daily.csv,2024-03-01
CUS_0xbc05_2023_05_01,CUS_0xbc05,1/5/2023,10,10,10000,1000,0,6000,6000,1/3/2024,2024-03-01,2025-11-09 07:06:39.639615,data/lms_loan_daily.csv,2024-03-01
CUS_0xbc06_2023_12_01,CUS_0xbc06,1/12/2023,10,3,10000,1000,0,1000,8000,1/3/2024,2024-03-01,2025-11-09 07:06:39.639615,data/lms_loan_daily.csv,2024-03-01
CUS_0xbc0b_2024_01_01,CUS_0xbc0b,1/1/2024,10,2,10000,1000,0,1000,9000,1/3/2024,2024-03-01,2025-11-09 07:06:39.639615,data/lms_loan_daily.csv,2024-03-01
CUS_0xbc14_2023_07_01,CUS_0xbc14,1/7/2023,10,8,10000,1000,0,6000,8000,1/3/2024,2024-03-01,2025-11-09 07:06:39.639615,data/lms_loan_daily.csv,2024-03-01
CUS_0xbc1c_2024_03_01,CUS_0xbc1c,1/3/2024,10,0,10000,0,0,0,10000,1/3/2024,2024-03-01,2025-11-09 07:06:39.639615,data/lms_loan_daily.csv,2024-03-01
CUS_0xbc38_2024_03_01,CUS_0xbc38,1/3/2024,10,0,10000,0,0,0,10000,1/3/2024,2024-03-01,2025-11-09 07:06:39.639615,data/lms_loan_daily.csv,2024-03-01
CUS_0xbc4c_2023_10_01,CUS_0xbc4c,1/10/2023,10,5,10000,1000,1000,0,5000,1/3/2024,2024-03-01,2025-11-09 07:06:39.639615,data/lms_loan_daily.csv,2024-03-01
CUS_0xbc51_2023_10_01,CUS_0xbc51,1/10/2023,10,5,10000,1000,1000,0,5000,1/3/2024,2024-03-01,2025-11-09 07:06:39.639615,data/lms_loan_daily.csv,2024-03-01
CUS_0xbc57_2023_09_01,CUS_0xbc57,1/9/2023,10,6,10000,1000,1000,0,4000,1/3/2024,2024-03-01,2025-11-09 07:06:39.639615,data/lms_loan_daily.csv,2024-03-01
CUS_0xbc5e_2023_10_01,CUS_0xbc5e,1/10/2023,10,5,10000,1000,1000,0,5000,1/3/2024,2024-03-01,2025-11-09 07:06:39.639615,data/lms_loan_daily.csv,2024-03-01
CUS_0xbc6a_2023_08_01,CUS_0xbc6a,1/8/2023,10,7,10000,1000,1000,0,3000,1/3/2024,2024-03-01,2025-11-09 07:06:39.639615,data/lms_loan_daily.csv,2024-03-01
CUS_0xbc88_2023_11_01,CUS_0xbc88,1/11/2023,10,4,10000,1000,1000,0,6000,1/3/2024,2024-03-01,2025-11-09 07:06:39.639615,data/lms_loan_daily.csv,2024-03-01
CUS_0xbca1_2023_07_01,CUS_0xbca1,1/7/2023,10,8,10000,1000,1000,0,2000,1/3/2024,2024-03-01,2025-11-09 07:06:39.639615,data/lms_loan_daily.csv,2024-03-01
CUS_0xbca3_2023_09_01,CUS_0xbca3,1/9/2023,10,6,10000,1000,1000,0,4000,1/3/2024,2024-03-01,2025-11-09 07:06:39.639615,data/lms_loan_daily.csv,2024-03-01
CUS_0xbcbc_2023_09_01,CUS_0xbcbc,1/9/2023,10,6,10000,1000,1000,0,4000,1/3/2024,2024-03-01,2025-11-09 07:06:39.639615,data/lms_loan_daily.csv,2024-03-01
CUS_0xbcca_2023_05_01,CUS_0xbcca,1/5/2023,10,10,10000,1000,1000,0,0,1/3/2024,2024-03-01,2025-11-09 07:06:39.639615,data/lms_loan_daily.csv,2024-03-01
CUS_0xbcd8_2024_01_01,CUS_0xbcd8,1/1/2024,10,2,10000,1000,1000,0,8000,1/3/2024,2024-03-01,2025-11-09 07:06:39.639615,data/lms_loan_daily.csv,2024-03-01
CUS_0xbcda_2023_08_01,CUS_0xbcda,1/8/2023,10,7,10000,1000,1000,0,3000,1/3/2024,2024-03-01,2025-11-09 07:06:39.639615,data/lms_loan_daily.csv,2024-03-01
CUS_0xbce_2023_09_01,CUS_0xbce,1/9/2023,10,6,10000,1000,0,3000,7000,1/3/2024,2024-03-01,2025-11-09 07:06:39.639615,data/lms_loan_daily.csv,2024-03-01
CUS_0xbce0_2023_06_01,CUS_0xbce0,1/6/2023,10,9,10000,1000,1000,0,1000,1/3/2024,2024-03-01,2025-11-09 07:06:39.639615,data/lms_loan_daily.csv,2024-03-01
CUS_0xbce2_2023_08_01,CUS_0xbce2,1/8/2023,10,7,10000,1000,1000,0,3000,1/3/2024,2024-03-01,2025-11-09 07:06:39.639615,data/lms_loan_daily.csv,2024-03-01
CUS_0xbcf7_2023_05_01,CUS_0xbcf7,1/5/2023,10,10,10000,1000,0,7000,7000,1/3/2024,2024-03-01,2025-11-09 07:06:39.639615,data/lms_loan_daily.csv,2024-03-01
CUS_0xbcfa_2023_11_01,CUS_0xbcfa,1/11/2023,10,4,10000,1000,0,1000,7000,1/3/2024,2024-03-01,2025-11-09 07:06:39.639615,data/lms_loan_daily.csv,2024-03-01
CUS_0xbcfe_2023_06_01,CUS_0xbcfe,1/6/2023,10,9,10000,1000,1000,0,1000,1/3/2024,2024-03-01,2025-11-09 07:06:39.639615,data/lms_loan_daily.csv,2024-03-01
CUS_0xbd06_2024_02_01,CUS_0xbd06,1/2/2024,10,1,10000,1000,1000,0,9000,1/3/2024,2024-03-01,2025-11-09 07:06:39.639615,data/lms_loan_daily.csv,2024-03-01
CUS_0xbd08_2023_06_01,CUS_0xbd08,1/6/2023,10,9,10000,1000,0,5000,6000,1/3/2024,2024-03-01,2025-11-09 07:06:39.639615,data/lms_loan_daily.csv,2024-03-01
CUS_0xbd11_2023_06_01,CUS_0xbd11,1/6/2023,10,9,10000,1000,0,6000,7000,1/3/2024,2024-03-01,2025-11-09 07:06:39.639615,data/lms_loan_daily.csv,2024-03-01
CUS_0xbd1e_2023_05_01,CUS_0xbd1e,1/5/2023,10,10,10000,1000,1000,0,0,1/3/2024,2024-03-01,2025-11-09 07:06:39.639615,data/lms_loan_daily.csv,2024-03-01
CUS_0xbd23_2023_12_01,CUS_0xbd23,1/12/2023,10,3,10000,1000,1000,0,7000,1/3/2024,2024-03-01,2025-11-09 07:06:39.639615,data/lms_loan_daily.csv,2024-03-01
CUS_0xbd29_2023_05_01,CUS_0xbd29,1/5/2023,10,10,10000,1000,1000,0,0,1/3/2024,2024-03-01,2025-11-09 07:06:39.639615,data/lms_loan_daily.csv,2024-03-01
CUS_0xbd2d_2024_01_01,CUS_0xbd2d,1/1/2024,10,2,10000,1000,1000,0,8000,1/3/2024,2024-03-01,2025-11-09 07:06:39.639615,data/lms_loan_daily.csv,2024-03-01
CUS_0xbd37_2024_02_01,CUS_0xbd37,1/2/2024,10,1,10000,1000,1000,0,9000,1/3/2024,2024-03-01,2025-11-09 07:06:39.639615,data/lms_loan_daily.csv,2024-03-01
CUS_0xbd3d_2024_02_01,CUS_0xbd3d,1/2/2024,10,1,10000,1000,1000,0,9000,1/3/2024,2024-03-01,2025-11-09 07:06:39.639615,data/lms_loan_daily.csv,2024-03-01
CUS_0xbd4_2024_02_01,CUS_0xbd4,1/2/2024,10,1,10000,1000,1000,0,9000,1/3/2024,2024-03-01,2025-11-09 07:06:39.639615,data/lms_loan_daily.csv,2024-03-01
CUS_0xbd45_2024_03_01,CUS_0xbd45,1/3/2024,10,0,10000,0,0,0,10000,1/3/2024,2024-03-01,2025-11-09 07:06:39.639615,data/lms_loan_daily.csv,2024-03-01
CUS_0xbd57_2024_01_01,CUS_0xbd57,1/1/2024,10,2,10000,1000,1000,0,8000,1/3/2024,2024-03-01,2025-11-09 07:06:39.639615,data/lms_loan_daily.csv,2024-03-01
CUS_0xbd59_2023_06_01,CUS_0xbd59,1/6/2023,10,9,10000,1000,1000,0,1000,1/3/2024,2024-03-01,2025-11-09 07:06:39.639615,data/lms_loan_daily.csv,2024-03-01
CUS_0xbd75_2023_07_01,CUS_0xbd75,1/7/2023,10,8,10000,1000,1000,0,2000,1/3/2024,2024-03-01,2025-11-09 07:06:39.639615,data/lms_loan_daily.csv,2024-03-01
CUS_0xbd7c_2024_03_01,CUS_0xbd7c,1/3/2024,10,0,10000,0,0,0,10000,1/3/2024,2024-03-01,2025-11-09 07:06:39.639615,data/lms_loan_daily.csv,2024-03-01
CUS_0xbd85_2023_08_01,CUS_0xbd85,1/8/2023,10,7,10000,1000,1000,0,3000,1/3/2024,2024-03-01,2025-11-09 07:06:39.639615,data/lms_loan_daily.csv,2024-03-01
CUS_0xbd89_2023_12_01,CUS_0xbd89,1/12/2023,10,3,10000,1000,1000,0,7000,1/3/2024,2024-03-01,2025-11-09 07:06:39.639615,data/lms_loan_daily.csv,2024-03-01
CUS_0xbd8c_2023_10_01,CUS_0xbd8c,1/10/2023,10,5,10000,1000,1000,0,5000,1/3/2024,2024-03-01,2025-11-09 07:06:39.639615,data/lms_loan_daily.csv,2024-03-01
CUS_0xbd98_2023_09_01,CUS_0xbd98,1/9/2023,10,6,10000,1000,1000,0,4000,1/3/2024,2024-03-01,2025-11-09 07:06:39.639615,data/lms_loan_daily.csv,2024-03-01
CUS_0xbda_2024_01_01,CUS_0xbda,1/1/2024,10,2,10000,1000,1000,0,8000,1/3/2024,2024-03-01,2025-11-09 07:06:39.639615,data/lms_loan_daily.csv,2024-03-01
CUS_0xbda2_2023_05_01,CUS_0xbda2,1/5/2023,10,10,10000,1000,1000,0,0,1/3/2024,2024-03-01,2025-11-09 07:06:39.639615,data/lms_loan_daily.csv,2024-03-01
CUS_0xbda9_2024_03_01,CUS_0xbda9,1/3/2024,10,0,10000,0,0,0,10000,1/3/2024,2024-03-01,2025-11-09 07:06:39.639615,data/lms_loan_daily.csv,2024-03-01
CUS_0xbdb4_2024_01_01,CUS_0xbdb4,1/1/2024,10,2,10000,1000,0,1000,9000,1/3/2024,2024-03-01,2025-11-09 07:06:39.639615,data/lms_loan_daily.csv,2024-03-01
CUS_0xbdca_2024_03_01,CUS_0xbdca,1/3/2024,10,0,10000,0,0,0,10000,1/3/2024,2024-03-01,2025-11-09 07:06:39.639615,data/lms_loan_daily.csv,2024-03-01
CUS_0xbdcd_2023_07_01,CUS_0xbdcd,1/7/2023,10,8,10000,1000,1000,0,2000,1/3/2024,2024-03-01,2025-11-09 07:06:39.639615,data/lms_loan_daily.csv,2024-03-01
CUS_0xbdcf_2023_06_01,CUS_0xbdcf,1/6/2023,10,9,10000,1000,1000,0,1000,1/3/2024,2024-03-01,2025-11-09 07:06:39.639615,data/lms_loan_daily.csv,2024-03-01
CUS_0xbde6_2024_02_01,CUS_0xbde6,1/2/2024,10,1,10000,1000,1000,0,9000,1/3/2024,2024-03-01,2025-11-09 07:06:39.639615,data/lms_loan_daily.csv,2024-03-01
CUS_0xbdf_2023_05_01,CUS_0xbdf,1/5/2023,10,10,10000,1000,1000,0,0,1/3/2024,2024-03-01,2025-11-09 07:06:39.639615,data/lms_loan_daily.csv,2024-03-01
CUS_0xbdf9_2024_01_01,CUS_0xbdf9,1/1/2024,10,2,10000,1000,1000,0,8000,1/3/2024,2024-03-01,2025-11-09 07:06:39.639615,data/lms_loan_daily.csv,2024-03-01
CUS_0xbdfe_2023_11_01,CUS_0xbdfe,1/11/2023,10,4,10000,1000,1000,0,6000,1/3/2024,2024-03-01,2025-11-09 07:06:39.639615,data/lms_loan_daily.csv,2024-03-01
CUS_0xbe14_2023_08_01,CUS_0xbe14,1/8/2023,10,7,10000,1000,1000,0,3000,1/3/2024,2024-03-01,2025-11-09 07:06:39.639615,data/lms_loan_daily.csv,2024-03-01
CUS_0xbe2_2023_07_01,CUS_0xbe2,1/7/2023,10,8,10000,1000,1000,0,2000,1/3/2024,2024-03-01,2025-11-09 07:06:39.639615,data/lms_loan_daily.csv,2024-03-01
CUS_0xbe20_2023_05_01,CUS_0xbe20,1/5/2023,10,10,10000,1000,1000,0,0,1/3/2024,2024-03-01,2025-11-09 07:06:39.639615,data/lms_loan_daily.csv,2024-03-01
CUS_0xbe22_2023_07_01,CUS_0xbe22,1/7/2023,10,8,10000,1000,1000,0,2000,1/3/2024,2024-03-01,2025-11-09 07:06:39.639615,data/lms_loan_daily.csv,2024-03-01
CUS_0xbe25_2023_07_01,CUS_0xbe25,1/7/2023,10,8,10000,1000,1000,0,2000,1/3/2024,2024-03-01,2025-11-09 07:06:39.639615,data/lms_loan_daily.csv,2024-03-01
CUS_0xbe3_2023_07_01,CUS_0xbe3,1/7/2023,10,8,10000,1000,1000,0,2000,1/3/2024,2024-03-01,2025-11-09 07:06:39.639615,data/lms_loan_daily.csv,2024-03-01
CUS_0xbe32_2023_11_01,CUS_0xbe32,1/11/2023,10,4,10000,1000,1000,0,6000,1/3/2024,2024-03-01,2025-11-09 07:06:39.639615,data/lms_loan_daily.csv,2024-03-01
CUS_0xbe3b_2023_09_01,CUS_0xbe3b,1/9/2023,10,6,10000,1000,0,4000,8000,1/3/2024,2024-03-01,2025-11-09 07:06:39.639615,data/lms_loan_daily.csv,2024-03-01
CUS_0xbe4b_2023_07_01,CUS_0xbe4b,1/7/2023,10,8,10000,1000,1000,0,2000,1/3/2024,2024-03-01,2025-11-09 07:06:39.639615,data/lms_loan_daily.csv,2024-03-01
CUS_0xbe54_2023_08_01,CUS_0xbe54,1/8/2023,10,7,10000,1000,1000,0,3000,1/3/2024,2024-03-01,2025-11-09 07:06:39.639615,data/lms_loan_daily.csv,2024-03-01
CUS_0xbe64_2023_05_01,CUS_0xbe64,1/5/2023,10,10,10000,1000,1000,0,0,1/3/2024,2024-03-01,2025-11-09 07:06:39.639615,data/lms_loan_daily.csv,2024-03-01
CUS_0xbe65_2023_06_01,CUS_0xbe65,1/6/2023,10,9,10000,1000,1000,0,1000,1/3/2024,2024-03-01,2025-11-09 07:06:39.639615,data/lms_loan_daily.csv,2024-03-01
CUS_0xbe6f_2023_11_01,CUS_0xbe6f,1/11/2023,10,4,10000,1000,0,2000,8000,1/3/2024,2024-03-01,2025-11-09 07:06:39.639615,data/lms_loan_daily.csv,2024-03-01
CUS_0xbe7_2023_05_01,CUS_0xbe7,1/5/2023,10,10,10000,1000,0,8000,8000,1/3/2024,2024-03-01,2025-11-09 07:06:39.639615,data/lms_loan_daily.csv,2024-03-01
CUS_0xbe70_2023_05_01,CUS_0xbe70,1/5/2023,10,10,10000,1000,0,7000,7000,1/3/2024,2024-03-01,2025-11-09 07:06:39.639615,data/lms_loan_daily.csv,2024-03-01
CUS_0xbe82_2023_09_01,CUS_0xbe82,1/9/2023,10,6,10000,1000,1000,0,4000,1/3/2024,2024-03-01,2025-11-09 07:06:39.639615,data/lms_loan_daily.csv,2024-03-01
CUS_0xbe89_2023_12_01,CUS_0xbe89,1/12/2023,10,3,10000,1000,1000,0,7000,1/3/2024,2024-03-01,2025-11-09 07:06:39.639615,data/lms_loan_daily.csv,2024-03-01
CUS_0xbeb0_2023_08_01,CUS_0xbeb0,1/8/2023,10,7,10000,1000,0,5000,8000,1/3/2024,2024-03-01,2025-11-09 07:06:39.639615,data/lms_loan_daily.csv,2024-03-01
CUS_0xbec2_2023_10_01,CUS_0xbec2,1/10/2023,10,5,10000,1000,1000,0,5000,1/3/2024,2024-03-01,2025-11-09 07:06:39.639615,data/lms_loan_daily.csv,2024-03-01
CUS_0xbecb_2023_08_01,CUS_0xbecb,1/8/2023,10,7,10000,1000,0,6000,9000,1/3/2024,2024-03-01,2025-11-09 07:06:39.639615,data/lms_loan_daily.csv,2024-03-01
CUS_0xbed_2024_02_01,CUS_0xbed,1/2/2024,10,1,10000,1000,1000,0,9000,1/3/2024,2024-03-01,2025-11-09 07:06:39.639615,data/lms_loan_daily.csv,2024-03-01
CUS_0xbed8_2024_03_01,CUS_0xbed8,1/3/2024,10,0,10000,0,0,0,10000,1/3/2024,2024-03-01,2025-11-09 07:06:39.639615,data/lms_loan_daily.csv,2024-03-01
CUS_0xbedd_2023_11_01,CUS_0xbedd,1/11/2023,10,4,10000,1000,1000,0,6000,1/3/2024,2024-03-01,2025-11-09 07:06:39.639615,data/lms_loan_daily.csv,2024-03-01
CUS_0xbede_2024_02_01,CUS_0xbede,1/2/2024,10,1,10000,1000,1000,0,9000,1/3/2024,2024-03-01,2025-11-09 07:06:39.639615,data/lms_loan_daily.csv,2024-03-01
CUS_0xbee4_2024_03_01,CUS_0xbee4,1/3/2024,10,0,10000,0,0,0,10000,1/3/2024,2024-03-01,2025-11-09 07:06:39.639615,data/lms_loan_daily.csv,2024-03-01
CUS_0xbeec_2023_08_01,CUS_0xbeec,1/8/2023,10,7,10000,1000,1000,0,3000,1/3/2024,2024-03-01,2025-11-09 07:06:39.639615,data/lms_loan_daily.csv,2024-03-01
CUS_0xbeef_2023_12_01,CUS_0xbeef,1/12/2023,10,3,10000,1000,1000,0,7000,1/3/2024,2024-03-01,2025-11-09 07:06:39.639615,data/lms_loan_daily.csv,2024-03-01
CUS_0xbef3_2023_11_01,CUS_0xbef3,1/11/2023,10,4,10000,1000,1000,0,6000,1/3/2024,2024-03-01,2025-11-09 07:06:39.639615,data/lms_loan_daily.csv,2024-03-01
CUS_0xbef7_2023_08_01,CUS_0xbef7,1/8/2023,10,7,10000,1000,0,7000,10000,1/3/2024,2024-03-01,2025-11-09 07:06:39.639615,data/lms_loan_daily.csv,2024-03-01
CUS_0xbefe_2023_11_01,CUS_0xbefe,1/11/2023,10,4,10000,1000,1000,0,6000,1/3/2024,2024-03-01,2025-11-09 07:06:39.639615,data/lms_loan_daily.csv,2024-03-01
CUS_0xbf03_2023_05_01,CUS_0xbf03,1/5/2023,10,10,10000,1000,1000,0,0,1/3/2024,2024-03-01,2025-11-09 07:06:39.639615,data/lms_loan_daily.csv,2024-03-01
CUS_0xbf07_2023_09_01,CUS_0xbf07,1/9/2023,10,6,10000,1000,1000,0,4000,1/3/2024,2024-03-01,2025-11-09 07:06:39.639615,data/lms_loan_daily.csv,2024-03-01
CUS_0xbf09_2024_03_01,CUS_0xbf09,1/3/2024,10,0,10000,0,0,0,10000,1/3/2024,2024-03-01,2025-11-09 07:06:39.639615,data/lms_loan_daily.csv,2024-03-01
CUS_0xbf0b_2023_11_01,CUS_0xbf0b,1/11/2023,10,4,10000,1000,1000,0,6000,1/3/2024,2024-03-01,2025-11-09 07:06:39.639615,data/lms_loan_daily.csv,2024-03-01
CUS_0xbf18_2023_05_01,CUS_0xbf18,1/5/2023,10,10,10000,1000,1000,0,0,1/3/2024,2024-03-01,2025-11-09 07:06:39.639615,data/lms_loan_daily.csv,2024-03-01
CUS_0xbf19_2023_10_01,CUS_0xbf19,1/10/2023,10,5,10000,1000,1000,0,5000,1/3/2024,2024-03-01,2025-11-09 07:06:39.639615,data/lms_loan_daily.csv,2024-03-01
CUS_0xbf1d_2023_12_01,CUS_0xbf1d,1/12/2023,10,3,10000,1000,1000,0,7000,1/3/2024,2024-03-01,2025-11-09 07:06:39.639615,data/lms_loan_daily.csv,2024-03-01
CUS_0xbf4c_2023_10_01,CUS_0xbf4c,1/10/2023,10,5,10000,1000,1000,0,5000,1/3/2024,2024-03-01,2025-11-09 07:06:39.639615,data/lms_loan_daily.csv,2024-03-01
CUS_0xbf53_2024_03_01,CUS_0xbf53,1/3/2024,10,0,10000,0,0,0,10000,1/3/2024,2024-03-01,2025-11-09 07:06:39.639615,data/lms_loan_daily.csv,2024-03-01
CUS_0xbf5c_2023_10_01,CUS_0xbf5c,1/10/2023,10,5,10000,1000,1000,0,5000,1/3/2024,2024-03-01,2025-11-09 07:06:39.639615,data/lms_loan_daily.csv,2024-03-01
CUS_0xbf64_2024_01_01,CUS_0xbf64,1/1/2024,10,2,10000,1000,1000,0,8000,1/3/2024,2024-03-01,2025-11-09 07:06:39.639615,data/lms_loan_daily.csv,2024-03-01
CUS_0xbf8_2023_07_01,CUS_0xbf8,1/7/2023,10,8,10000,1000,1000,0,2000,1/3/2024,2024-03-01,2025-11-09 07:06:39.639615,data/lms_loan_daily.csv,2024-03-01
CUS_0xbf8f_2023_12_01,CUS_0xbf8f,1/12/2023,10,3,10000,1000,1000,0,7000,1/3/2024,2024-03-01,2025-11-09 07:06:39.639615,data/lms_loan_daily.csv,2024-03-01
CUS_0xbf9c_2024_01_01,CUS_0xbf9c,1/1/2024,10,2,10000,1000,1000,0,8000,1/3/2024,2024-03-01,2025-11-09 07:06:39.639615,data/lms_loan_daily.csv,2024-03-01
CUS_0xbfa1_2023_06_01,CUS_0xbfa1,1/6/2023,10,9,10000,1000,1000,0,1000,1/3/2024,2024-03-01,2025-11-09 07:06:39.639615,data/lms_loan_daily.csv,2024-03-01
CUS_0xbfa7_2024_02_01,CUS_0xbfa7,1/2/2024,10,1,10000,1000,1000,0,9000,1/3/2024,2024-03-01,2025-11-09 07:06:39.639615,data/lms_loan_daily.csv,2024-03-01
CUS_0xbfa9_2023_06_01,CUS_0xbfa9,1/6/2023,10,9,10000,1000,0,7000,8000,1/3/2024,2024-03-01,2025-11-09 07:06:39.639615,data/lms_loan_daily.csv,2024-03-01
CUS_0xbfb4_2023_09_01,CUS_0xbfb4,1/9/2023,10,6,10000,1000,1000,0,4000,1/3/2024,2024-03-01,2025-11-09 07:06:39.639615,data/lms_loan_daily.csv,2024-03-01
CUS_0xbfb5_2023_05_01,CUS_0xbfb5,1/5/2023,10,10,10000,1000,1000,0,0,1/3/2024,2024-03-01,2025-11-09 07:06:39.639615,data/lms_loan_daily.csv,2024-03-01
CUS_0xbfb6_2023_09_01,CUS_0xbfb6,1/9/2023,10,6,10000,1000,1000,0,4000,1/3/2024,2024-03-01,2025-11-09 07:06:39.639615,data/lms_loan_daily.csv,2024-03-01
CUS_0xbfbc_2023_06_01,CUS_0xbfbc,1/6/2023,10,9,10000,1000,1000,0,1000,1/3/2024,2024-03-01,2025-11-09 07:06:39.639615,data/lms_loan_daily.csv,2024-03-01
CUS_0xbfcb_2024_02_01,CUS_0xbfcb,1/2/2024,10,1,10000,1000,1000,0,9000,1/3/2024,2024-03-01,2025-11-09 07:06:39.639615,data/lms_loan_daily.csv,2024-03-01
CUS_0xbfd5_2023_08_01,CUS_0xbfd5,1/8/2023,10,7,10000,1000,1000,0,3000,1/3/2024,2024-03-01,2025-11-09 07:06:39.639615,data/lms_loan_daily.csv,2024-03-01
CUS_0xbfdb_2024_03_01,CUS_0xbfdb,1/3/2024,10,0,10000,0,0,0,10000,1/3/2024,2024-03-01,2025-11-09 07:06:39.639615,data/lms_loan_daily.csv,2024-03-01
CUS_0xbfe0_2023_09_01,CUS_0xbfe0,1/9/2023,10,6,10000,1000,0,3000,7000,1/3/2024,2024-03-01,2025-11-09 07:06:39.639615,data/lms_loan_daily.csv,2024-03-01
CUS_0xbfea_2023_09_01,CUS_0xbfea,1/9/2023,10,6,10000,1000,1000,0,4000,1/3/2024,2024-03-01,2025-11-09 07:06:39.639615,data/lms_loan_daily.csv,2024-03-01
CUS_0xbfeb_2023_05_01,CUS_0xbfeb,1/5/2023,10,10,10000,1000,0,9000,9000,1/3/2024,2024-03-01,2025-11-09 07:06:39.639615,data/lms_loan_daily.csv,2024-03-01
CUS_0xc007_2023_07_01,CUS_0xc007,1/7/2023,10,8,10000,1000,1000,0,2000,1/3/2024,2024-03-01,2025-11-09 07:06:39.639615,data/lms_loan_daily.csv,2024-03-01
CUS_0xc00a_2023_07_01,CUS_0xc00a,1/7/2023,10,8,10000,1000,1000,0,2000,1/3/2024,2024-03-01,2025-11-09 07:06:39.639615,data/lms_loan_daily.csv,2024-03-01
CUS_0xc01a_2023_11_01,CUS_0xc01a,1/11/2023,10,4,10000,1000,1000,0,6000,1/3/2024,2024-03-01,2025-11-09 07:06:39.639615,data/lms_loan_daily.csv,2024-03-01
CUS_0xc02f_2023_06_01,CUS_0xc02f,1/6/2023,10,9,10000,1000,1000,0,1000,1/3/2024,2024-03-01,2025-11-09 07:06:39.639615,data/lms_loan_daily.csv,2024-03-01
CUS_0xc03f_2023_11_01,CUS_0xc03f,1/11/2023,10,4,10000,1000,1000,0,6000,1/3/2024,2024-03-01,2025-11-09 07:06:39.639615,data/lms_loan_daily.csv,2024-03-01
CUS_0xc044_2023_07_01,CUS_0xc044,1/7/2023,10,8,10000,1000,1000,0,2000,1/3/2024,2024-03-01,2025-11-09 07:06:39.639615,data/lms_loan_daily.csv,2024-03-01
CUS_0xc045_2024_03_01,CUS_0xc045,1/3/2024,10,0,10000,0,0,0,10000,1/3/2024,2024-03-01,2025-11-09 07:06:39.639615,data/lms_loan_daily.csv,2024-03-01
CUS_0xc049_2023_09_01,CUS_0xc049,1/9/2023,10,6,10000,1000,1000,0,4000,1/3/2024,2024-03-01,2025-11-09 07:06:39.639615,data/lms_loan_daily.csv,2024-03-01
CUS_0xc04f_2024_02_01,CUS_0xc04f,1/2/2024,10,1,10000,1000,1000,0,9000,1/3/2024,2024-03-01,2025-11-09 07:06:39.639615,data/lms_loan_daily.csv,2024-03-01
CUS_0xc05d_2023_09_01,CUS_0xc05d,1/9/2023,10,6,10000,1000,0,3000,7000,1/3/2024,2024-03-01,2025-11-09 07:06:39.639615,data/lms_loan_daily.csv,2024-03-01
CUS_0xc062_2023_06_01,CUS_0xc062,1/6/2023,10,9,10000,1000,1000,0,1000,1/3/2024,2024-03-01,2025-11-09 07:06:39.639615,data/lms_loan_daily.csv,2024-03-01
CUS_0xc075_2023_09_01,CUS_0xc075,1/9/2023,10,6,10000,1000,0,3000,7000,1/3/2024,2024-03-01,2025-11-09 07:06:39.639615,data/lms_loan_daily.csv,2024-03-01
CUS_0xc090_2024_01_01,CUS_0xc090,1/1/2024,10,2,10000,1000,1000,0,8000,1/3/2024,2024-03-01,2025-11-09 07:06:39.639615,data/lms_loan_daily.csv,2024-03-01
CUS_0xc096_2023_10_01,CUS_0xc096,1/10/2023,10,5,10000,1000,1000,0,5000,1/3/2024,2024-03-01,2025-11-09 07:06:39.639615,data/lms_loan_daily.csv,2024-03-01
CUS_0xc09f_2024_01_01,CUS_0xc09f,1/1/2024,10,2,10000,1000,1000,0,8000,1/3/2024,2024-03-01,2025-11-09 07:06:39.639615,data/lms_loan_daily.csv,2024-03-01
CUS_0xc0a4_2024_02_01,CUS_0xc0a4,1/2/2024,10,1,10000,1000,1000,0,9000,1/3/2024,2024-03-01,2025-11-09 07:06:39.639615,data/lms_loan_daily.csv,2024-03-01
CUS_0xc0b7_2023_06_01,CUS_0xc0b7,1/6/2023,10,9,10000,1000,1000,0,1000,1/3/2024,2024-03-01,2025-11-09 07:06:39.639615,data/lms_loan_daily.csv,2024-03-01
CUS_0xc0c7_2023_09_01,CUS_0xc0c7,1/9/2023,10,6,10000,1000,1000,0,4000,1/3/2024,2024-03-01,2025-11-09 07:06:39.639615,data/lms_loan_daily.csv,2024-03-01
CUS_0xc0c8_2023_05_01,CUS_0xc0c8,1/5/2023,10,10,10000,1000,1000,0,0,1/3/2024,2024-03-01,2025-11-09 07:06:39.639615,data/lms_loan_daily.csv,2024-03-01
CUS_0xc0cd_2024_01_01,CUS_0xc0cd,1/1/2024,10,2,10000,1000,0,1000,9000,1/3/2024,2024-03-01,2025-11-09 07:06:39.639615,data/lms_loan_daily.csv,2024-03-01
CUS_0xc0e2_2023_09_01,CUS_0xc0e2,1/9/2023,10,6,10000,1000,1000,0,4000,1/3/2024,2024-03-01,2025-11-09 07:06:39.639615,data/lms_loan_daily.csv,2024-03-01
CUS_0xc0f3_2024_02_01,CUS_0xc0f3,1/2/2024,10,1,10000,1000,1000,0,9000,1/3/2024,2024-03-01,2025-11-09 07:06:39.639615,data/lms_loan_daily.csv,2024-03-01
CUS_0xc0f8_2023_11_01,CUS_0xc0f8,1/11/2023,10,4,10000,1000,1000,0,6000,1/3/2024,2024-03-01,2025-11-09 07:06:39.639615,data/lms_loan_daily.csv,2024-03-01
CUS_0xc106_2023_11_01,CUS_0xc106,1/11/2023,10,4,10000,1000,1000,0,6000,1/3/2024,2024-03-01,2025-11-09 07:06:39.639615,data/lms_loan_daily.csv,2024-03-01
CUS_0xc11e_2023_12_01,CUS_0xc11e,1/12/2023,10,3,10000,1000,1000,0,7000,1/3/2024,2024-03-01,2025-11-09 07:06:39.639615,data/lms_loan_daily.csv,2024-03-01
CUS_0xc122_2023_09_01,CUS_0xc122,1/9/2023,10,6,10000,1000,0,4000,8000,1/3/2024,2024-03-01,2025-11-09 07:06:39.639615,data/lms_loan_daily.csv,2024-03-01
CUS_0xc131_2024_01_01,CUS_0xc131,1/1/2024,10,2,10000,1000,1000,0,8000,1/3/2024,2024-03-01,2025-11-09 07:06:39.639615,data/lms_loan_daily.csv,2024-03-01
CUS_0xc134_2024_01_01,CUS_0xc134,1/1/2024,10,2,10000,1000,1000,0,8000,1/3/2024,2024-03-01,2025-11-09 07:06:39.639615,data/lms_loan_daily.csv,2024-03-01
CUS_0xc140_2024_02_01,CUS_0xc140,1/2/2024,10,1,10000,1000,1000,0,9000,1/3/2024,2024-03-01,2025-11-09 07:06:39.639615,data/lms_loan_daily.csv,2024-03-01
CUS_0xc143_2024_02_01,CUS_0xc143,1/2/2024,10,1,10000,1000,1000,0,9000,1/3/2024,2024-03-01,2025-11-09 07:06:39.639615,data/lms_loan_daily.csv,2024-03-01
CUS_0xc156_2024_02_01,CUS_0xc156,1/2/2024,10,1,10000,1000,1000,0,9000,1/3/2024,2024-03-01,2025-11-09 07:06:39.639615,data/lms_loan_daily.csv,2024-03-01
CUS_0xc163_2024_03_01,CUS_0xc163,1/3/2024,10,0,10000,0,0,0,10000,1/3/2024,2024-03-01,2025-11-09 07:06:39.639615,data/lms_loan_daily.csv,2024-03-01
CUS_0xc166_2023_12_01,CUS_0xc166,1/12/2023,10,3,10000,1000,1000,0,7000,1/3/2024,2024-03-01,2025-11-09 07:06:39.639615,data/lms_loan_daily.csv,2024-03-01
CUS_0xc16d_2023_05_01,CUS_0xc16d,1/5/2023,10,10,10000,1000,1000,0,0,1/3/2024,2024-03-01,2025-11-09 07:06:39.639615,data/lms_loan_daily.csv,2024-03-01
CUS_0xc173_2023_06_01,CUS_0xc173,1/6/2023,10,9,10000,1000,1000,0,1000,1/3/2024,2024-03-01,2025-11-09 07:06:39.639615,data/lms_loan_daily.csv,2024-03-01
CUS_0xc17f_2023_08_01,CUS_0xc17f,1/8/2023,10,7,10000,1000,1000,0,3000,1/3/2024,2024-03-01,2025-11-09 07:06:39.639615,data/lms_loan_daily.csv,2024-03-01
CUS_0xc181_2023_12_01,CUS_0xc181,1/12/2023,10,3,10000,1000,1000,0,7000,1/3/2024,2024-03-01,2025-11-09 07:06:39.639615,data/lms_loan_daily.csv,2024-03-01
CUS_0xc18e_2023_10_01,CUS_0xc18e,1/10/2023,10,5,10000,1000,1000,0,5000,1/3/2024,2024-03-01,2025-11-09 07:06:39.639615,data/lms_loan_daily.csv,2024-03-01
CUS_0xc18f_2023_12_01,CUS_0xc18f,1/12/2023,10,3,10000,1000,1000,0,7000,1/3/2024,2024-03-01,2025-11-09 07:06:39.639615,data/lms_loan_daily.csv,2024-03-01
CUS_0xc192_2024_03_01,CUS_0xc192,1/3/2024,10,0,10000,0,0,0,10000,1/3/2024,2024-03-01,2025-11-09 07:06:39.639615,data/lms_loan_daily.csv,2024-03-01
CUS_0xc1a6_2023_08_01,CUS_0xc1a6,1/8/2023,10,7,10000,1000,1000,0,3000,1/3/2024,2024-03-01,2025-11-09 07:06:39.639615,data/lms_loan_daily.csv,2024-03-01
CUS_0xc1a7_2024_02_01,CUS_0xc1a7,1/2/2024,10,1,10000,1000,1000,0,9000,1/3/2024,2024-03-01,2025-11-09 07:06:39.639615,data/lms_loan_daily.csv,2024-03-01
CUS_0xc1b8_2023_07_01,CUS_0xc1b8,1/7/2023,10,8,10000,1000,0,5000,7000,1/3/2024,2024-03-01,2025-11-09 07:06:39.639615,data/lms_loan_daily.csv,2024-03-01
CUS_0xc1b9_2024_01_01,CUS_0xc1b9,1/1/2024,10,2,10000,1000,1000,0,8000,1/3/2024,2024-03-01,2025-11-09 07:06:39.639615,data/lms_loan_daily.csv,2024-03-01
CUS_0xc1bb_2023_06_01,CUS_0xc1bb,1/6/2023,10,9,10000,1000,1000,0,1000,1/3/2024,2024-03-01,2025-11-09 07:06:39.639615,data/lms_loan_daily.csv,2024-03-01
CUS_0xc1c_2024_03_01,CUS_0xc1c,1/3/2024,10,0,10000,0,0,0,10000,1/3/2024,2024-03-01,2025-11-09 07:06:39.639615,data/lms_loan_daily.csv,2024-03-01
CUS_0xc1c6_2024_03_01,CUS_0xc1c6,1/3/2024,10,0,10000,0,0,0,10000,1/3/2024,2024-03-01,2025-11-09 07:06:39.639615,data/lms_loan_daily.csv,2024-03-01
CUS_0xc1c9_2023_06_01,CUS_0xc1c9,1/6/2023,10,9,10000,1000,1000,0,1000,1/3/2024,2024-03-01,2025-11-09 07:06:39.639615,data/lms_loan_daily.csv,2024-03-01
CUS_0xc1cc_2023_07_01,CUS_0xc1cc,1/7/2023,10,8,10000,1000,1000,0,2000,1/3/2024,2024-03-01,2025-11-09 07:06:39.639615,data/lms_loan_daily.csv,2024-03-01
CUS_0xc1ce_2024_01_01,CUS_0xc1ce,1/1/2024,10,2,10000,1000,1000,0,8000,1/3/2024,2024-03-01,2025-11-09 07:06:39.639615,data/lms_loan_daily.csv,2024-03-01
CUS_0xc1dc_2023_12_01,CUS_0xc1dc,1/12/2023,10,3,10000,1000,1000,0,7000,1/3/2024,2024-03-01,2025-11-09 07:06:39.639615,data/lms_loan_daily.csv,2024-03-01
CUS_0xc1ec_2023_09_01,CUS_0xc1ec,1/9/2023,10,6,10000,1000,1000,0,4000,1/3/2024,2024-03-01,2025-11-09 07:06:39.639615,data/lms_loan_daily.csv,2024-03-01
CUS_0xc1f_2023_10_01,CUS_0xc1f,1/10/2023,10,5,10000,1000,0,3000,8000,1/3/2024,2024-03-01,2025-11-09 07:06:39.639615,data/lms_loan_daily.csv,2024-03-01
CUS_0xc1fe_2023_09_01,CUS_0xc1fe,1/9/2023,10,6,10000,1000,0,5000,9000,1/3/2024,2024-03-01,2025-11-09 07:06:39.639615,data/lms_loan_daily.csv,2024-03-01
CUS_0xc203_2023_10_01,CUS_0xc203,1/10/2023,10,5,10000,1000,1000,0,5000,1/3/2024,2024-03-01,2025-11-09 07:06:39.639615,data/lms_loan_daily.csv,2024-03-01
CUS_0xc208_2024_01_01,CUS_0xc208,1/1/2024,10,2,10000,1000,1000,0,8000,1/3/2024,2024-03-01,2025-11-09 07:06:39.639615,data/lms_loan_daily.csv,2024-03-01
CUS_0xc216_2023_11_01,CUS_0xc216,1/11/2023,10,4,10000,1000,0,3000,9000,1/3/2024,2024-03-01,2025-11-09 07:06:39.639615,data/lms_loan_daily.csv,2024-03-01
CUS_0xc222_2024_01_01,CUS_0xc222,1/1/2024,10,2,10000,1000,1000,0,8000,1/3/2024,2024-03-01,2025-11-09 07:06:39.639615,data/lms_loan_daily.csv,2024-03-01
CUS_0xc22f_2023_08_01,CUS_0xc22f,1/8/2023,10,7,10000,1000,1000,0,3000,1/3/2024,2024-03-01,2025-11-09 07:06:39.639615,data/lms_loan_daily.csv,2024-03-01
CUS_0xc23d_2023_11_01,CUS_0xc23d,1/11/2023,10,4,10000,1000,1000,0,6000,1/3/2024,2024-03-01,2025-11-09 07:06:39.639615,data/lms_loan_daily.csv,2024-03-01
CUS_0xc242_2023_09_01,CUS_0xc242,1/9/2023,10,6,10000,1000,1000,0,4000,1/3/2024,2024-03-01,2025-11-09 07:06:39.639615,data/lms_loan_daily.csv,2024-03-01
CUS_0xc247_2024_02_01,CUS_0xc247,1/2/2024,10,1,10000,1000,1000,0,9000,1/3/2024,2024-03-01,2025-11-09 07:06:39.639615,data/lms_loan_daily.csv,2024-03-01
CUS_0xc24c_2024_01_01,CUS_0xc24c,1/1/2024,10,2,10000,1000,1000,0,8000,1/3/2024,2024-03-01,2025-11-09 07:06:39.639615,data/lms_loan_daily.csv,2024-03-01
CUS_0xc258_2024_03_01,CUS_0xc258,1/3/2024,10,0,10000,0,0,0,10000,1/3/2024,2024-03-01,2025-11-09 07:06:39.639615,data/lms_loan_daily.csv,2024-03-01
CUS_0xc26e_2023_09_01,CUS_0xc26e,1/9/2023,10,6,10000,1000,1000,0,4000,1/3/2024,2024-03-01,2025-11-09 07:06:39.639615,data/lms_loan_daily.csv,2024-03-01
CUS_0xc27_2024_02_01,CUS_0xc27,1/2/2024,10,1,10000,1000,1000,0,9000,1/3/2024,2024-03-01,2025-11-09 07:06:39.639615,data/lms_loan_daily.csv,2024-03-01
CUS_0xc271_2023_08_01,CUS_0xc271,1/8/2023,10,7,10000,1000,1000,0,3000,1/3/2024,2024-03-01,2025-11-09 07:06:39.639615,data/lms_loan_daily.csv,2024-03-01
CUS_0xc272_2023_08_01,CUS_0xc272,1/8/2023,10,7,10000,1000,0,4000,7000,1/3/2024,2024-03-01,2025-11-09 07:06:39.639615,data/lms_loan_daily.csv,2024-03-01
CUS_0xc28c_2023_10_01,CUS_0xc28c,1/10/2023,10,5,10000,1000,0,3000,8000,1/3/2024,2024-03-01,2025-11-09 07:06:39.639615,data/lms_loan_daily.csv,2024-03-01
CUS_0xc29a_2023_05_01,CUS_0xc29a,1/5/2023,10,10,10000,1000,0,6000,6000,1/3/2024,2024-03-01,2025-11-09 07:06:39.639615,data/lms_loan_daily.csv,2024-03-01
CUS_0xc2a1_2023_06_01,CUS_0xc2a1,1/6/2023,10,9,10000,1000,0,7000,8000,1/3/2024,2024-03-01,2025-11-09 07:06:39.639615,data/lms_loan_daily.csv,2024-03-01
CUS_0xc2a4_2023_11_01,CUS_0xc2a4,1/11/2023,10,4,10000,1000,1000,0,6000,1/3/2024,2024-03-01,2025-11-09 07:06:39.639615,data/lms_loan_daily.csv,2024-03-01
CUS_0xc2a6_2023_09_01,CUS_0xc2a6,1/9/2023,10,6,10000,1000,1000,0,4000,1/3/2024,2024-03-01,2025-11-09 07:06:39.639615,data/lms_loan_daily.csv,2024-03-01
CUS_0xc2b7_2023_09_01,CUS_0xc2b7,1/9/2023,10,6,10000,1000,0,3000,7000,1/3/2024,2024-03-01,2025-11-09 07:06:39.639615,data/lms_loan_daily.csv,2024-03-01
CUS_0xc2ba_2023_07_01,CUS_0xc2ba,1/7/2023,10,8,10000,1000,1000,0,2000,1/3/2024,2024-03-01,2025-11-09 07:06:39.639615,data/lms_loan_daily.csv,2024-03-01
CUS_0xc2c0_2023_06_01,CUS_0xc2c0,1/6/2023,10,9,10000,1000,1000,0,1000,1/3/2024,2024-03-01,2025-11-09 07:06:39.639615,data/lms_loan_daily.csv,2024-03-01
CUS_0xc2c5_2024_03_01,CUS_0xc2c5,1/3/2024,10,0,10000,0,0,0,10000,1/3/2024,2024-03-01,2025-11-09 07:06:39.639615,data/lms_loan_daily.csv,2024-03-01
CUS_0xc2cb_2023_09_01,CUS_0xc2cb,1/9/2023,10,6,10000,1000,1000,0,4000,1/3/2024,2024-03-01,2025-11-09 07:06:39.639615,data/lms_loan_daily.csv,2024-03-01
CUS_0xc2dc_2023_09_01,CUS_0xc2dc,1/9/2023,10,6,10000,1000,1000,0,4000,1/3/2024,2024-03-01,2025-11-09 07:06:39.639615,data/lms_loan_daily.csv,2024-03-01
CUS_0xc2dd_2024_01_01,CUS_0xc2dd,1/1/2024,10,2,10000,1000,1000,0,8000,1/3/2024,2024-03-01,2025-11-09 07:06:39.639615,data/lms_loan_daily.csv,2024-03-01
CUS_0xc2f5_2023_05_01,CUS_0xc2f5,1/5/2023,10,10,10000,1000,1000,0,0,1/3/2024,2024-03-01,2025-11-09 07:06:39.639615,data/lms_loan_daily.csv,2024-03-01
CUS_0xc30b_2023_10_01,CUS_0xc30b,1/10/2023,10,5,10000,1000,1000,0,5000,1/3/2024,2024-03-01,2025-11-09 07:06:39.639615,data/lms_loan_daily.csv,2024-03-01
CUS_0xc30f_2023_05_01,CUS_0xc30f,1/5/2023,10,10,10000,1000,1000,0,0,1/3/2024,2024-03-01,2025-11-09 07:06:39.639615,data/lms_loan_daily.csv,2024-03-01
CUS_0xc317_2024_02_01,CUS_0xc317,1/2/2024,10,1,10000,1000,1000,0,9000,1/3/2024,2024-03-01,2025-11-09 07:06:39.639615,data/lms_loan_daily.csv,2024-03-01
CUS_0xc319_2023_05_01,CUS_0xc319,1/5/2023,10,10,10000,1000,0,7000,7000,1/3/2024,2024-03-01,2025-11-09 07:06:39.639615,data/lms_loan_daily.csv,2024-03-01
CUS_0xc323_2023_06_01,CUS_0xc323,1/6/2023,10,9,10000,1000,0,5000,6000,1/3/2024,2024-03-01,2025-11-09 07:06:39.639615,data/lms_loan_daily.csv,2024-03-01
CUS_0xc331_2023_12_01,CUS_0xc331,1/12/2023,10,3,10000,1000,0,2000,9000,1/3/2024,2024-03-01,2025-11-09 07:06:39.639615,data/lms_loan_daily.csv,2024-03-01
CUS_0xc341_2023_10_01,CUS_0xc341,1/10/2023,10,5,10000,1000,1000,0,5000,1/3/2024,2024-03-01,2025-11-09 07:06:39.639615,data/lms_loan_daily.csv,2024-03-01
CUS_0xc345_2023_07_01,CUS_0xc345,1/7/2023,10,8,10000,1000,1000,0,2000,1/3/2024,2024-03-01,2025-11-09 07:06:39.639615,data/lms_loan_daily.csv,2024-03-01
CUS_0xc346_2024_01_01,CUS_0xc346,1/1/2024,10,2,10000,1000,0,1000,9000,1/3/2024,2024-03-01,2025-11-09 07:06:39.639615,data/lms_loan_daily.csv,2024-03-01
CUS_0xc349_2024_01_01,CUS_0xc349,1/1/2024,10,2,10000,1000,1000,0,8000,1/3/2024,2024-03-01,2025-11-09 07:06:39.639615,data/lms_loan_daily.csv,2024-03-01
CUS_0xc356_2023_06_01,CUS_0xc356,1/6/2023,10,9,10000,1000,0,7000,8000,1/3/2024,2024-03-01,2025-11-09 07:06:39.639615,data/lms_loan_daily.csv,2024-03-01
CUS_0xc362_2023_07_01,CUS_0xc362,1/7/2023,10,8,10000,1000,0,5000,7000,1/3/2024,2024-03-01,2025-11-09 07:06:39.639615,data/lms_loan_daily.csv,2024-03-01
CUS_0xc365_2023_05_01,CUS_0xc365,1/5/2023,10,10,10000,1000,1000,0,0,1/3/2024,2024-03-01,2025-11-09 07:06:39.639615,data/lms_loan_daily.csv,2024-03-01
CUS_0xc36d_2023_10_01,CUS_0xc36d,1/10/2023,10,5,10000,1000,1000,0,5000,1/3/2024,2024-03-01,2025-11-09 07:06:39.639615,data/lms_loan_daily.csv,2024-03-01
CUS_0xc37_2023_06_01,CUS_0xc37,1/6/2023,10,9,10000,1000,1000,0,1000,1/3/2024,2024-03-01,2025-11-09 07:06:39.639615,data/lms_loan_daily.csv,2024-03-01
CUS_0xc37b_2024_03_01,CUS_0xc37b,1/3/2024,10,0,10000,0,0,0,10000,1/3/2024,2024-03-01,2025-11-09 07:06:39.639615,data/lms_loan_daily.csv,2024-03-01
CUS_0xc38f_2023_06_01,CUS_0xc38f,1/6/2023,10,9,10000,1000,0,6000,7000,1/3/2024,2024-03-01,2025-11-09 07:06:39.639615,data/lms_loan_daily.csv,2024-03-01
CUS_0xc393_2024_01_01,CUS_0xc393,1/1/2024,10,2,10000,1000,1000,0,8000,1/3/2024,2024-03-01,2025-11-09 07:06:39.639615,data/lms_loan_daily.csv,2024-03-01
CUS_0xc39d_2024_03_01,CUS_0xc39d,1/3/2024,10,0,10000,0,0,0,10000,1/3/2024,2024-03-01,2025-11-09 07:06:39.639615,data/lms_loan_daily.csv,2024-03-01
CUS_0xc39e_2023_07_01,CUS_0xc39e,1/7/2023,10,8,10000,1000,1000,0,2000,1/3/2024,2024-03-01,2025-11-09 07:06:39.639615,data/lms_loan_daily.csv,2024-03-01
CUS_0xc3ae_2023_11_01,CUS_0xc3ae,1/11/2023,10,4,10000,1000,1000,0,6000,1/3/2024,2024-03-01,2025-11-09 07:06:39.639615,data/lms_loan_daily.csv,2024-03-01
CUS_0xc3b7_2023_07_01,CUS_0xc3b7,1/7/2023,10,8,10000,1000,0,5000,7000,1/3/2024,2024-03-01,2025-11-09 07:06:39.639615,data/lms_loan_daily.csv,2024-03-01
CUS_0xc3b9_2023_09_01,CUS_0xc3b9,1/9/2023,10,6,10000,1000,1000,0,4000,1/3/2024,2024-03-01,2025-11-09 07:06:39.639615,data/lms_loan_daily.csv,2024-03-01
CUS_0xc3c7_2023_06_01,CUS_0xc3c7,1/6/2023,10,9,10000,1000,1000,0,1000,1/3/2024,2024-03-01,2025-11-09 07:06:39.639615,data/lms_loan_daily.csv,2024-03-01
CUS_0xc3cc_2023_12_01,CUS_0xc3cc,1/12/2023,10,3,10000,1000,1000,0,7000,1/3/2024,2024-03-01,2025-11-09 07:06:39.639615,data/lms_loan_daily.csv,2024-03-01
CUS_0xc3cf_2023_11_01,CUS_0xc3cf,1/11/2023,10,4,10000,1000,1000,0,6000,1/3/2024,2024-03-01,2025-11-09 07:06:39.639615,data/lms_loan_daily.csv,2024-03-01
CUS_0xc3d5_2024_01_01,CUS_0xc3d5,1/1/2024,10,2,10000,1000,1000,0,8000,1/3/2024,2024-03-01,2025-11-09 07:06:39.639615,data/lms_loan_daily.csv,2024-03-01
CUS_0xc3d6_2024_01_01,CUS_0xc3d6,1/1/2024,10,2,10000,1000,1000,0,8000,1/3/2024,2024-03-01,2025-11-09 07:06:39.639615,data/lms_loan_daily.csv,2024-03-01
CUS_0xc3df_2024_02_01,CUS_0xc3df,1/2/2024,10,1,10000,1000,0,1000,10000,1/3/2024,2024-03-01,2025-11-09 07:06:39.639615,data/lms_loan_daily.csv,2024-03-01
CUS_0xc40f_2023_07_01,CUS_0xc40f,1/7/2023,10,8,10000,1000,0,6000,8000,1/3/2024,2024-03-01,2025-11-09 07:06:39.639615,data/lms_loan_daily.csv,2024-03-01
CUS_0xc41_2023_09_01,CUS_0xc41,1/9/2023,10,6,10000,1000,1000,0,4000,1/3/2024,2024-03-01,2025-11-09 07:06:39.639615,data/lms_loan_daily.csv,2024-03-01
CUS_0xc420_2023_08_01,CUS_0xc420,1/8/2023,10,7,10000,1000,1000,0,3000,1/3/2024,2024-03-01,2025-11-09 07:06:39.639615,data/lms_loan_daily.csv,2024-03-01
CUS_0xc44a_2023_08_01,CUS_0xc44a,1/8/2023,10,7,10000,1000,1000,0,3000,1/3/2024,2024-03-01,2025-11-09 07:06:39.639615,data/lms_loan_daily.csv,2024-03-01
CUS_0xc45d_2023_08_01,CUS_0xc45d,1/8/2023,10,7,10000,1000,1000,0,3000,1/3/2024,2024-03-01,2025-11-09 07:06:39.639615,data/lms_loan_daily.csv,2024-03-01
CUS_0xc475_2023_05_01,CUS_0xc475,1/5/2023,10,10,10000,1000,1000,0,0,1/3/2024,2024-03-01,2025-11-09 07:06:39.639615,data/lms_loan_daily.csv,2024-03-01
CUS_0xc47b_2023_07_01,CUS_0xc47b,1/7/2023,10,8,10000,1000,0,5000,7000,1/3/2024,2024-03-01,2025-11-09 07:06:39.639615,data/lms_loan_daily.csv,2024-03-01
CUS_0xc47c_2023_10_01,CUS_0xc47c,1/10/2023,10,5,10000,1000,1000,0,5000,1/3/2024,2024-03-01,2025-11-09 07:06:39.639615,data/lms_loan_daily.csv,2024-03-01
CUS_0xc48a_2023_07_01,CUS_0xc48a,1/7/2023,10,8,10000,1000,1000,0,2000,1/3/2024,2024-03-01,2025-11-09 07:06:39.639615,data/lms_loan_daily.csv,2024-03-01
CUS_0xc48b_2023_12_01,CUS_0xc48b,1/12/2023,10,3,10000,1000,1000,0,7000,1/3/2024,2024-03-01,2025-11-09 07:06:39.639615,data/lms_loan_daily.csv,2024-03-01
CUS_0xc49c_2024_01_01,CUS_0xc49c,1/1/2024,10,2,10000,1000,1000,0,8000,1/3/2024,2024-03-01,2025-11-09 07:06:39.639615,data/lms_loan_daily.csv,2024-03-01
CUS_0xc4a7_2024_03_01,CUS_0xc4a7,1/3/2024,10,0,10000,0,0,0,10000,1/3/2024,2024-03-01,2025-11-09 07:06:39.639615,data/lms_loan_daily.csv,2024-03-01
CUS_0xc4ad_2023_11_01,CUS_0xc4ad,1/11/2023,10,4,10000,1000,0,3000,9000,1/3/2024,2024-03-01,2025-11-09 07:06:39.639615,data/lms_loan_daily.csv,2024-03-01
CUS_0xc4b0_2023_07_01,CUS_0xc4b0,1/7/2023,10,8,10000,1000,1000,0,2000,1/3/2024,2024-03-01,2025-11-09 07:06:39.639615,data/lms_loan_daily.csv,2024-03-01
CUS_0xc4b2_2023_08_01,CUS_0xc4b2,1/8/2023,10,7,10000,1000,1000,0,3000,1/3/2024,2024-03-01,2025-11-09 07:06:39.639615,data/lms_loan_daily.csv,2024-03-01
CUS_0xc4b3_2023_05_01,CUS_0xc4b3,1/5/2023,10,10,10000,1000,1000,0,0,1/3/2024,2024-03-01,2025-11-09 07:06:39.639615,data/lms_loan_daily.csv,2024-03-01
CUS_0xc4b6_2023_10_01,CUS_0xc4b6,1/10/2023,10,5,10000,1000,1000,0,5000,1/3/2024,2024-03-01,2025-11-09 07:06:39.639615,data/lms_loan_daily.csv,2024-03-01
CUS_0xc4c9_2024_01_01,CUS_0xc4c9,1/1/2024,10,2,10000,1000,1000,0,8000,1/3/2024,2024-03-01,2025-11-09 07:06:39.639615,data/lms_loan_daily.csv,2024-03-01
CUS_0xc4dd_2023_09_01,CUS_0xc4dd,1/9/2023,10,6,10000,1000,1000,0,4000,1/3/2024,2024-03-01,2025-11-09 07:06:39.639615,data/lms_loan_daily.csv,2024-03-01
CUS_0xc4e_2024_02_01,CUS_0xc4e,1/2/2024,10,1,10000,1000,1000,0,9000,1/3/2024,2024-03-01,2025-11-09 07:06:39.639615,data/lms_loan_daily.csv,2024-03-01
CUS_0xc4e7_2023_10_01,CUS_0xc4e7,1/10/2023,10,5,10000,1000,1000,0,5000,1/3/2024,2024-03-01,2025-11-09 07:06:39.639615,data/lms_loan_daily.csv,2024-03-01
CUS_0xc4f4_2024_03_01,CUS_0xc4f4,1/3/2024,10,0,10000,0,0,0,10000,1/3/2024,2024-03-01,2025-11-09 07:06:39.639615,data/lms_loan_daily.csv,2024-03-01
CUS_0xc4f5_2023_11_01,CUS_0xc4f5,1/11/2023,10,4,10000,1000,0,1000,7000,1/3/2024,2024-03-01,2025-11-09 07:06:39.639615,data/lms_loan_daily.csv,2024-03-01
CUS_0xc501_2024_01_01,CUS_0xc501,1/1/2024,10,2,10000,1000,1000,0,8000,1/3/2024,2024-03-01,2025-11-09 07:06:39.639615,data/lms_loan_daily.csv,2024-03-01
CUS_0xc506_2023_10_01,CUS_0xc506,1/10/2023,10,5,10000,1000,1000,0,5000,1/3/2024,2024-03-01,2025-11-09 07:06:39.639615,data/lms_loan_daily.csv,2024-03-01
CUS_0xc507_2024_02_01,CUS_0xc507,1/2/2024,10,1,10000,1000,1000,0,9000,1/3/2024,2024-03-01,2025-11-09 07:06:39.639615,data/lms_loan_daily.csv,2024-03-01
CUS_0xc50f_2024_01_01,CUS_0xc50f,1/1/2024,10,2,10000,1000,1000,0,8000,1/3/2024,2024-03-01,2025-11-09 07:06:39.639615,data/lms_loan_daily.csv,2024-03-01
CUS_0xc515_2023_05_01,CUS_0xc515,1/5/2023,10,10,10000,1000,0,7000,7000,1/3/2024,2024-03-01,2025-11-09 07:06:39.639615,data/lms_loan_daily.csv,2024-03-01
CUS_0xc516_2023_07_01,CUS_0xc516,1/7/2023,10,8,10000,1000,1000,0,2000,1/3/2024,2024-03-01,2025-11-09 07:06:39.639615,data/lms_loan_daily.csv,2024-03-01
CUS_0xc517_2024_01_01,CUS_0xc517,1/1/2024,10,2,10000,1000,1000,0,8000,1/3/2024,2024-03-01,2025-11-09 07:06:39.639615,data/lms_loan_daily.csv,2024-03-01
CUS_0xc51c_2023_10_01,CUS_0xc51c,1/10/2023,10,5,10000,1000,1000,0,5000,1/3/2024,2024-03-01,2025-11-09 07:06:39.639615,data/lms_loan_daily.csv,2024-03-01
CUS_0xc524_2023_05_01,CUS_0xc524,1/5/2023,10,10,10000,1000,1000,0,0,1/3/2024,2024-03-01,2025-11-09 07:06:39.639615,data/lms_loan_daily.csv,2024-03-01
CUS_0xc526_2023_05_01,CUS_0xc526,1/5/2023,10,10,10000,1000,1000,0,0,1/3/2024,2024-03-01,2025-11-09 07:06:39.639615,data/lms_loan_daily.csv,2024-03-01
CUS_0xc52a_2023_05_01,CUS_0xc52a,1/5/2023,10,10,10000,1000,0,7000,7000,1/3/2024,2024-03-01,2025-11-09 07:06:39.639615,data/lms_loan_daily.csv,2024-03-01
CUS_0xc52c_2023_12_01,CUS_0xc52c,1/12/2023,10,3,10000,1000,1000,0,7000,1/3/2024,2024-03-01,2025-11-09 07:06:39.639615,data/lms_loan_daily.csv,2024-03-01
CUS_0xc53f_2024_01_01,CUS_0xc53f,1/1/2024,10,2,10000,1000,0,1000,9000,1/3/2024,2024-03-01,2025-11-09 07:06:39.639615,data/lms_loan_daily.csv,2024-03-01
CUS_0xc54a_2023_10_01,CUS_0xc54a,1/10/2023,10,5,10000,1000,1000,0,5000,1/3/2024,2024-03-01,2025-11-09 07:06:39.639615,data/lms_loan_daily.csv,2024-03-01
CUS_0xc555_2024_02_01,CUS_0xc555,1/2/2024,10,1,10000,1000,1000,0,9000,1/3/2024,2024-03-01,2025-11-09 07:06:39.639615,data/lms_loan_daily.csv,2024-03-01
CUS_0xc55a_2023_08_01,CUS_0xc55a,1/8/2023,10,7,10000,1000,1000,0,3000,1/3/2024,2024-03-01,2025-11-09 07:06:39.639615,data/lms_loan_daily.csv,2024-03-01
CUS_0xc55b_2023_07_01,CUS_0xc55b,1/7/2023,10,8,10000,1000,0,4000,6000,1/3/2024,2024-03-01,2025-11-09 07:06:39.639615,data/lms_loan_daily.csv,2024-03-01
CUS_0xc56b_2023_06_01,CUS_0xc56b,1/6/2023,10,9,10000,1000,0,6000,7000,1/3/2024,2024-03-01,2025-11-09 07:06:39.639615,data/lms_loan_daily.csv,2024-03-01
CUS_0xc56c_2023_10_01,CUS_0xc56c,1/10/2023,10,5,10000,1000,1000,0,5000,1/3/2024,2024-03-01,2025-11-09 07:06:39.639615,data/lms_loan_daily.csv,2024-03-01
CUS_0xc57e_2024_01_01,CUS_0xc57e,1/1/2024,10,2,10000,1000,1000,0,8000,1/3/2024,2024-03-01,2025-11-09 07:06:39.639615,data/lms_loan_daily.csv,2024-03-01
CUS_0xc586_2024_03_01,CUS_0xc586,1/3/2024,10,0,10000,0,0,0,10000,1/3/2024,2024-03-01,2025-11-09 07:06:39.639615,data/lms_loan_daily.csv,2024-03-01
CUS_0xc594_2023_11_01,CUS_0xc594,1/11/2023,10,4,10000,1000,1000,0,6000,1/3/2024,2024-03-01,2025-11-09 07:06:39.639615,data/lms_loan_daily.csv,2024-03-01
CUS_0xc59e_2024_03_01,CUS_0xc59e,1/3/2024,10,0,10000,0,0,0,10000,1/3/2024,2024-03-01,2025-11-09 07:06:39.639615,data/lms_loan_daily.csv,2024-03-01
CUS_0xc59f_2023_06_01,CUS_0xc59f,1/6/2023,10,9,10000,1000,1000,0,1000,1/3/2024,2024-03-01,2025-11-09 07:06:39.639615,data/lms_loan_daily.csv,2024-03-01
CUS_0xc5a3_2023_11_01,CUS_0xc5a3,1/11/2023,10,4,10000,1000,1000,0,6000,1/3/2024,2024-03-01,2025-11-09 07:06:39.639615,data/lms_loan_daily.csv,2024-03-01
CUS_0xc5a4_2023_07_01,CUS_0xc5a4,1/7/2023,10,8,10000,1000,0,6000,8000,1/3/2024,2024-03-01,2025-11-09 07:06:39.639615,data/lms_loan_daily.csv,2024-03-01
CUS_0xc5a5_2024_02_01,CUS_0xc5a5,1/2/2024,10,1,10000,1000,1000,0,9000,1/3/2024,2024-03-01,2025-11-09 07:06:39.639615,data/lms_loan_daily.csv,2024-03-01
CUS_0xc5b0_2023_05_01,CUS_0xc5b0,1/5/2023,10,10,10000,1000,1000,0,0,1/3/2024,2024-03-01,2025-11-09 07:06:39.639615,data/lms_loan_daily.csv,2024-03-01
CUS_0xc5c9_2024_01_01,CUS_0xc5c9,1/1/2024,10,2,10000,1000,1000,0,8000,1/3/2024,2024-03-01,2025-11-09 07:06:39.639615,data/lms_loan_daily.csv,2024-03-01
CUS_0xc5cc_2024_01_01,CUS_0xc5cc,1/1/2024,10,2,10000,1000,1000,0,8000,1/3/2024,2024-03-01,2025-11-09 07:06:39.639615,data/lms_loan_daily.csv,2024-03-01
CUS_0xc5d6_2023_08_01,CUS_0xc5d6,1/8/2023,10,7,10000,1000,0,4000,7000,1/3/2024,2024-03-01,2025-11-09 07:06:39.639615,data/lms_loan_daily.csv,2024-03-01
CUS_0xc5da_2023_09_01,CUS_0xc5da,1/9/2023,10,6,10000,1000,1000,0,4000,1/3/2024,2024-03-01,2025-11-09 07:06:39.639615,data/lms_loan_daily.csv,2024-03-01
CUS_0xc5f4_2024_01_01,CUS_0xc5f4,1/1/2024,10,2,10000,1000,1000,0,8000,1/3/2024,2024-03-01,2025-11-09 07:06:39.639615,data/lms_loan_daily.csv,2024-03-01
CUS_0xc5f8_2023_08_01,CUS_0xc5f8,1/8/2023,10,7,10000,1000,1000,0,3000,1/3/2024,2024-03-01,2025-11-09 07:06:39.639615,data/lms_loan_daily.csv,2024-03-01
CUS_0xc5f9_2023_12_01,CUS_0xc5f9,1/12/2023,10,3,10000,1000,1000,0,7000,1/3/2024,2024-03-01,2025-11-09 07:06:39.639615,data/lms_loan_daily.csv,2024-03-01
CUS_0xc600_2023_10_01,CUS_0xc600,1/10/2023,10,5,10000,1000,0,2000,7000,1/3/2024,2024-03-01,2025-11-09 07:06:39.639615,data/lms_loan_daily.csv,2024-03-01
CUS_0xc610_2023_09_01,CUS_0xc610,1/9/2023,10,6,10000,1000,0,5000,9000,1/3/2024,2024-03-01,2025-11-09 07:06:39.639615,data/lms_loan_daily.csv,2024-03-01
CUS_0xc61e_2023_08_01,CUS_0xc61e,1/8/2023,10,7,10000,1000,1000,0,3000,1/3/2024,2024-03-01,2025-11-09 07:06:39.639615,data/lms_loan_daily.csv,2024-03-01
CUS_0xc62a_2023_05_01,CUS_0xc62a,1/5/2023,10,10,10000,1000,0,7000,7000,1/3/2024,2024-03-01,2025-11-09 07:06:39.639615,data/lms_loan_daily.csv,2024-03-01
CUS_0xc62c_2023_07_01,CUS_0xc62c,1/7/2023,10,8,10000,1000,1000,0,2000,1/3/2024,2024-03-01,2025-11-09 07:06:39.639615,data/lms_loan_daily.csv,2024-03-01
CUS_0xc632_2024_02_01,CUS_0xc632,1/2/2024,10,1,10000,1000,1000,0,9000,1/3/2024,2024-03-01,2025-11-09 07:06:39.639615,data/lms_loan_daily.csv,2024-03-01
CUS_0xc633_2024_01_01,CUS_0xc633,1/1/2024,10,2,10000,1000,1000,0,8000,1/3/2024,2024-03-01,2025-11-09 07:06:39.639615,data/lms_loan_daily.csv,2024-03-01
CUS_0xc636_2023_10_01,CUS_0xc636,1/10/2023,10,5,10000,1000,1000,0,5000,1/3/2024,2024-03-01,2025-11-09 07:06:39.639615,data/lms_loan_daily.csv,2024-03-01
CUS_0xc63a_2024_02_01,CUS_0xc63a,1/2/2024,10,1,10000,1000,1000,0,9000,1/3/2024,2024-03-01,2025-11-09 07:06:39.639615,data/lms_loan_daily.csv,2024-03-01
CUS_0xc648_2023_05_01,CUS_0xc648,1/5/2023,10,10,10000,1000,1000,0,0,1/3/2024,2024-03-01,2025-11-09 07:06:39.639615,data/lms_loan_daily.csv,2024-03-01
CUS_0xc65_2023_05_01,CUS_0xc65,1/5/2023,10,10,10000,1000,1000,0,0,1/3/2024,2024-03-01,2025-11-09 07:06:39.639615,data/lms_loan_daily.csv,2024-03-01
CUS_0xc651_2023_07_01,CUS_0xc651,1/7/2023,10,8,10000,1000,1000,0,2000,1/3/2024,2024-03-01,2025-11-09 07:06:39.639615,data/lms_loan_daily.csv,2024-03-01
CUS_0xc653_2023_10_01,CUS_0xc653,1/10/2023,10,5,10000,1000,1000,0,5000,1/3/2024,2024-03-01,2025-11-09 07:06:39.639615,data/lms_loan_daily.csv,2024-03-01
CUS_0xc65a_2023_06_01,CUS_0xc65a,1/6/2023,10,9,10000,1000,1000,0,1000,1/3/2024,2024-03-01,2025-11-09 07:06:39.639615,data/lms_loan_daily.csv,2024-03-01
CUS_0xc664_2023_12_01,CUS_0xc664,1/12/2023,10,3,10000,1000,0,3000,10000,1/3/2024,2024-03-01,2025-11-09 07:06:39.639615,data/lms_loan_daily.csv,2024-03-01
CUS_0xc669_2023_11_01,CUS_0xc669,1/11/2023,10,4,10000,1000,1000,0,6000,1/3/2024,2024-03-01,2025-11-09 07:06:39.639615,data/lms_loan_daily.csv,2024-03-01
CUS_0xc67b_2024_02_01,CUS_0xc67b,1/2/2024,10,1,10000,1000,1000,0,9000,1/3/2024,2024-03-01,2025-11-09 07:06:39.639615,data/lms_loan_daily.csv,2024-03-01
CUS_0xc680_2023_12_01,CUS_0xc680,1/12/2023,10,3,10000,1000,0,2000,9000,1/3/2024,2024-03-01,2025-11-09 07:06:39.639615,data/lms_loan_daily.csv,2024-03-01
CUS_0xc68d_2024_01_01,CUS_0xc68d,1/1/2024,10,2,10000,1000,1000,0,8000,1/3/2024,2024-03-01,2025-11-09 07:06:39.639615,data/lms_loan_daily.csv,2024-03-01
CUS_0xc692_2023_07_01,CUS_0xc692,1/7/2023,10,8,10000,1000,0,5000,7000,1/3/2024,2024-03-01,2025-11-09 07:06:39.639615,data/lms_loan_daily.csv,2024-03-01
CUS_0xc6ac_2023_09_01,CUS_0xc6ac,1/9/2023,10,6,10000,1000,1000,0,4000,1/3/2024,2024-03-01,2025-11-09 07:06:39.639615,data/lms_loan_daily.csv,2024-03-01
CUS_0xc6be_2023_05_01,CUS_0xc6be,1/5/2023,10,10,10000,1000,1000,0,0,1/3/2024,2024-03-01,2025-11-09 07:06:39.639615,data/lms_loan_daily.csv,2024-03-01
CUS_0xc6c3_2023_10_01,CUS_0xc6c3,1/10/2023,10,5,10000,1000,0,4000,9000,1/3/2024,2024-03-01,2025-11-09 07:06:39.639615,data/lms_loan_daily.csv,2024-03-01
CUS_0xc6c7_2023_09_01,CUS_0xc6c7,1/9/2023,10,6,10000,1000,1000,0,4000,1/3/2024,2024-03-01,2025-11-09 07:06:39.639615,data/lms_loan_daily.csv,2024-03-01
CUS_0xc6cb_2023_08_01,CUS_0xc6cb,1/8/2023,10,7,10000,1000,1000,0,3000,1/3/2024,2024-03-01,2025-11-09 07:06:39.639615,data/lms_loan_daily.csv,2024-03-01
CUS_0xc6cc_2023_10_01,CUS_0xc6cc,1/10/2023,10,5,10000,1000,0,2000,7000,1/3/2024,2024-03-01,2025-11-09 07:06:39.639615,data/lms_loan_daily.csv,2024-03-01
CUS_0xc6d8_2024_01_01,CUS_0xc6d8,1/1/2024,10,2,10000,1000,1000,0,8000,1/3/2024,2024-03-01,2025-11-09 07:06:39.639615,data/lms_loan_daily.csv,2024-03-01
CUS_0xc6dd_2023_06_01,CUS_0xc6dd,1/6/2023,10,9,10000,1000,1000,0,1000,1/3/2024,2024-03-01,2025-11-09 07:06:39.639615,data/lms_loan_daily.csv,2024-03-01
CUS_0xc6f2_2023_07_01,CUS_0xc6f2,1/7/2023,10,8,10000,1000,1000,0,2000,1/3/2024,2024-03-01,2025-11-09 07:06:39.639615,data/lms_loan_daily.csv,2024-03-01
CUS_0xc6fa_2024_03_01,CUS_0xc6fa,1/3/2024,10,0,10000,0,0,0,10000,1/3/2024,2024-03-01,2025-11-09 07:06:39.639615,data/lms_loan_daily.csv,2024-03-01
CUS_0xc704_2023_05_01,CUS_0xc704,1/5/2023,10,10,10000,1000,1000,0,0,1/3/2024,2024-03-01,2025-11-09 07:06:39.639615,data/lms_loan_daily.csv,2024-03-01
CUS_0xc70e_2023_12_01,CUS_0xc70e,1/12/2023,10,3,10000,1000,1000,0,7000,1/3/2024,2024-03-01,2025-11-09 07:06:39.639615,data/lms_loan_daily.csv,2024-03-01
CUS_0xc715_2023_07_01,CUS_0xc715,1/7/2023,10,8,10000,1000,0,6000,8000,1/3/2024,2024-03-01,2025-11-09 07:06:39.639615,data/lms_loan_daily.csv,2024-03-01
CUS_0xc71f_2023_10_01,CUS_0xc71f,1/10/2023,10,5,10000,1000,0,2000,7000,1/3/2024,2024-03-01,2025-11-09 07:06:39.639615,data/lms_loan_daily.csv,2024-03-01
CUS_0xc726_2023_06_01,CUS_0xc726,1/6/2023,10,9,10000,1000,1000,0,1000,1/3/2024,2024-03-01,2025-11-09 07:06:39.639615,data/lms_loan_daily.csv,2024-03-01
CUS_0xc727_2023_11_01,CUS_0xc727,1/11/2023,10,4,10000,1000,0,1000,7000,1/3/2024,2024-03-01,2025-11-09 07:06:39.639615,data/lms_loan_daily.csv,2024-03-01
CUS_0xc730_2024_03_01,CUS_0xc730,1/3/2024,10,0,10000,0,0,0,10000,1/3/2024,2024-03-01,2025-11-09 07:06:39.639615,data/lms_loan_daily.csv,2024-03-01
CUS_0xc74_2023_11_01,CUS_0xc74,1/11/2023,10,4,10000,1000,1000,0,6000,1/3/2024,2024-03-01,2025-11-09 07:06:39.639615,data/lms_loan_daily.csv,2024-03-01
CUS_0xc76_2024_02_01,CUS_0xc76,1/2/2024,10,1,10000,1000,1000,0,9000,1/3/2024,2024-03-01,2025-11-09 07:06:39.639615,data/lms_loan_daily.csv,2024-03-01
CUS_0xc78_2024_02_01,CUS_0xc78,1/2/2024,10,1,10000,1000,1000,0,9000,1/3/2024,2024-03-01,2025-11-09 07:06:39.639615,data/lms_loan_daily.csv,2024-03-01
CUS_0xc88_2024_02_01,CUS_0xc88,1/2/2024,10,1,10000,1000,1000,0,9000,1/3/2024,2024-03-01,2025-11-09 07:06:39.639615,data/lms_loan_daily.csv,2024-03-01
CUS_0xc9f_2023_12_01,CUS_0xc9f,1/12/2023,10,3,10000,1000,1000,0,7000,1/3/2024,2024-03-01,2025-11-09 07:06:39.639615,data/lms_loan_daily.csv,2024-03-01
CUS_0xcad_2023_06_01,CUS_0xcad,1/6/2023,10,9,10000,1000,1000,0,1000,1/3/2024,2024-03-01,2025-11-09 07:06:39.639615,data/lms_loan_daily.csv,2024-03-01
CUS_0xcb3_2023_07_01,CUS_0xcb3,1/7/2023,10,8,10000,1000,1000,0,2000,1/3/2024,2024-03-01,2025-11-09 07:06:39.639615,data/lms_loan_daily.csv,2024-03-01
CUS_0xccc_2023_06_01,CUS_0xccc,1/6/2023,10,9,10000,1000,1000,0,1000,1/3/2024,2024-03-01,2025-11-09 07:06:39.639615,data/lms_loan_daily.csv,2024-03-01
CUS_0xccf_2023_07_01,CUS_0xccf,1/7/2023,10,8,10000,1000,0,8000,10000,1/3/2024,2024-03-01,2025-11-09 07:06:39.639615,data/lms_loan_daily.csv,2024-03-01
CUS_0xce1_2024_02_01,CUS_0xce1,1/2/2024,10,1,10000,1000,1000,0,9000,1/3/2024,2024-03-01,2025-11-09 07:06:39.639615,data/lms_loan_daily.csv,2024-03-01
CUS_0xce2_2024_03_01,CUS_0xce2,1/3/2024,10,0,10000,0,0,0,10000,1/3/2024,2024-03-01,2025-11-09 07:06:39.639615,data/lms_loan_daily.csv,2024-03-01
CUS_0xd05_2024_03_01,CUS_0xd05,1/3/2024,10,0,10000,0,0,0,10000,1/3/2024,2024-03-01,2025-11-09 07:06:39.639615,data/lms_loan_daily.csv,2024-03-01
CUS_0xd0c_2023_08_01,CUS_0xd0c,1/8/2023,10,7,10000,1000,0,4000,7000,1/3/2024,2024-03-01,2025-11-09 07:06:39.639615,data/lms_loan_daily.csv,2024-03-01
CUS_0xd19_2023_09_01,CUS_0xd19,1/9/2023,10,6,10000,1000,1000,0,4000,1/3/2024,2024-03-01,2025-11-09 07:06:39.639615,data/lms_loan_daily.csv,2024-03-01
CUS_0xd22_2023_06_01,CUS_0xd22,1/6/2023,10,9,10000,1000,1000,0,1000,1/3/2024,2024-03-01,2025-11-09 07:06:39.639615,data/lms_loan_daily.csv,2024-03-01
CUS_0xd25_2023_07_01,CUS_0xd25,1/7/2023,10,8,10000,1000,1000,0,2000,1/3/2024,2024-03-01,2025-11-09 07:06:39.639615,data/lms_loan_daily.csv,2024-03-01
CUS_0xd35_2023_05_01,CUS_0xd35,1/5/2023,10,10,10000,1000,1000,0,0,1/3/2024,2024-03-01,2025-11-09 07:06:39.639615,data/lms_loan_daily.csv,2024-03-01
CUS_0xd39_2023_07_01,CUS_0xd39,1/7/2023,10,8,10000,1000,1000,0,2000,1/3/2024,2024-03-01,2025-11-09 07:06:39.639615,data/lms_loan_daily.csv,2024-03-01
CUS_0xd40_2023_11_01,CUS_0xd40,1/11/2023,10,4,10000,1000,1000,0,6000,1/3/2024,2024-03-01,2025-11-09 07:06:39.639615,data/lms_loan_daily.csv,2024-03-01
CUS_0xd46_2023_10_01,CUS_0xd46,1/10/2023,10,5,10000,1000,1000,0,5000,1/3/2024,2024-03-01,2025-11-09 07:06:39.639615,data/lms_loan_daily.csv,2024-03-01
CUS_0xd51_2023_06_01,CUS_0xd51,1/6/2023,10,9,10000,1000,1000,0,1000,1/3/2024,2024-03-01,2025-11-09 07:06:39.639615,data/lms_loan_daily.csv,2024-03-01
CUS_0xd61_2023_12_01,CUS_0xd61,1/12/2023,10,3,10000,1000,1000,0,7000,1/3/2024,2024-03-01,2025-11-09 07:06:39.639615,data/lms_loan_daily.csv,2024-03-01
CUS_0xd70_2023_09_01,CUS_0xd70,1/9/2023,10,6,10000,1000,1000,0,4000,1/3/2024,2024-03-01,2025-11-09 07:06:39.639615,data/lms_loan_daily.csv,2024-03-01
CUS_0xd7d_2023_08_01,CUS_0xd7d,1/8/2023,10,7,10000,1000,0,5000,8000,1/3/2024,2024-03-01,2025-11-09 07:06:39.639615,data/lms_loan_daily.csv,2024-03-01
CUS_0xd83_2023_06_01,CUS_0xd83,1/6/2023,10,9,10000,1000,1000,0,1000,1/3/2024,2024-03-01,2025-11-09 07:06:39.639615,data/lms_loan_daily.csv,2024-03-01
CUS_0xd8e_2023_05_01,CUS_0xd8e,1/5/2023,10,10,10000,1000,1000,0,0,1/3/2024,2024-03-01,2025-11-09 07:06:39.639615,data/lms_loan_daily.csv,2024-03-01
CUS_0xd91_2023_09_01,CUS_0xd91,1/9/2023,10,6,10000,1000,1000,0,4000,1/3/2024,2024-03-01,2025-11-09 07:06:39.639615,data/lms_loan_daily.csv,2024-03-01
CUS_0xda6_2023_06_01,CUS_0xda6,1/6/2023,10,9,10000,1000,1000,0,1000,1/3/2024,2024-03-01,2025-11-09 07:06:39.639615,data/lms_loan_daily.csv,2024-03-01
CUS_0xdac_2023_06_01,CUS_0xdac,1/6/2023,10,9,10000,1000,1000,0,1000,1/3/2024,2024-03-01,2025-11-09 07:06:39.639615,data/lms_loan_daily.csv,2024-03-01
CUS_0xdc2_2023_10_01,CUS_0xdc2,1/10/2023,10,5,10000,1000,1000,0,5000,1/3/2024,2024-03-01,2025-11-09 07:06:39.639615,data/lms_loan_daily.csv,2024-03-01
CUS_0xdc8_2023_10_01,CUS_0xdc8,1/10/2023,10,5,10000,1000,1000,0,5000,1/3/2024,2024-03-01,2025-11-09 07:06:39.639615,data/lms_loan_daily.csv,2024-03-01
CUS_0xdca_2023_06_01,CUS_0xdca,1/6/2023,10,9,10000,1000,0,5000,6000,1/3/2024,2024-03-01,2025-11-09 07:06:39.639615,data/lms_loan_daily.csv,2024-03-01
CUS_0xdd9_2024_03_01,CUS_0xdd9,1/3/2024,10,0,10000,0,0,0,10000,1/3/2024,2024-03-01,2025-11-09 07:06:39.639615,data/lms_loan_daily.csv,2024-03-01
CUS_0xddf_2023_11_01,CUS_0xddf,1/11/2023,10,4,10000,1000,1000,0,6000,1/3/2024,2024-03-01,2025-11-09 07:06:39.639615,data/lms_loan_daily.csv,2024-03-01
CUS_0xde6_2023_06_01,CUS_0xde6,1/6/2023,10,9,10000,1000,1000,0,1000,1/3/2024,2024-03-01,2025-11-09 07:06:39.639615,data/lms_loan_daily.csv,2024-03-01
CUS_0xde7_2023_12_01,CUS_0xde7,1/12/2023,10,3,10000,1000,1000,0,7000,1/3/2024,2024-03-01,2025-11-09 07:06:39.639615,data/lms_loan_daily.csv,2024-03-01
CUS_0xdf5_2023_05_01,CUS_0xdf5,1/5/2023,10,10,10000,1000,1000,0,0,1/3/2024,2024-03-01,2025-11-09 07:06:39.639615,data/lms_loan_daily.csv,2024-03-01
CUS_0xdf6_2023_09_01,CUS_0xdf6,1/9/2023,10,6,10000,1000,1000,0,4000,1/3/2024,2024-03-01,2025-11-09 07:06:39.639615,data/lms_loan_daily.csv,2024-03-01
CUS_0xe05_2023_07_01,CUS_0xe05,1/7/2023,10,8,10000,1000,0,6000,8000,1/3/2024,2024-03-01,2025-11-09 07:06:39.639615,data/lms_loan_daily.csv,2024-03-01
CUS_0xe09_2024_03_01,CUS_0xe09,1/3/2024,10,0,10000,0,0,0,10000,1/3/2024,2024-03-01,2025-11-09 07:06:39.639615,data/lms_loan_daily.csv,2024-03-01
CUS_0xe10_2023_11_01,CUS_0xe10,1/11/2023,10,4,10000,1000,1000,0,6000,1/3/2024,2024-03-01,2025-11-09 07:06:39.639615,data/lms_loan_daily.csv,2024-03-01
CUS_0xe23_2023_09_01,CUS_0xe23,1/9/2023,10,6,10000,1000,1000,0,4000,1/3/2024,2024-03-01,2025-11-09 07:06:39.639615,data/lms_loan_daily.csv,2024-03-01
CUS_0xe2a_2023_07_01,CUS_0xe2a,1/7/2023,10,8,10000,1000,1000,0,2000,1/3/2024,2024-03-01,2025-11-09 07:06:39.639615,data/lms_loan_daily.csv,2024-03-01
CUS_0xe2c_2023_06_01,CUS_0xe2c,1/6/2023,10,9,10000,1000,1000,0,1000,1/3/2024,2024-03-01,2025-11-09 07:06:39.639615,data/lms_loan_daily.csv,2024-03-01
CUS_0xe2f_2023_05_01,CUS_0xe2f,1/5/2023,10,10,10000,1000,1000,0,0,1/3/2024,2024-03-01,2025-11-09 07:06:39.639615,data/lms_loan_daily.csv,2024-03-01
CUS_0xe32_2023_12_01,CUS_0xe32,1/12/2023,10,3,10000,1000,1000,0,7000,1/3/2024,2024-03-01,2025-11-09 07:06:39.639615,data/lms_loan_daily.csv,2024-03-01
CUS_0xe34_2023_07_01,CUS_0xe34,1/7/2023,10,8,10000,1000,1000,0,2000,1/3/2024,2024-03-01,2025-11-09 07:06:39.639615,data/lms_loan_daily.csv,2024-03-01
CUS_0xe36_2023_05_01,CUS_0xe36,1/5/2023,10,10,10000,1000,1000,0,0,1/3/2024,2024-03-01,2025-11-09 07:06:39.639615,data/lms_loan_daily.csv,2024-03-01
CUS_0xe3f_2024_02_01,CUS_0xe3f,1/2/2024,10,1,10000,1000,1000,0,9000,1/3/2024,2024-03-01,2025-11-09 07:06:39.639615,data/lms_loan_daily.csv,2024-03-01
CUS_0xe42_2023_12_01,CUS_0xe42,1/12/2023,10,3,10000,1000,0,1000,8000,1/3/2024,2024-03-01,2025-11-09 07:06:39.639615,data/lms_loan_daily.csv,2024-03-01
CUS_0xe47_2024_02_01,CUS_0xe47,1/2/2024,10,1,10000,1000,1000,0,9000,1/3/2024,2024-03-01,2025-11-09 07:06:39.639615,data/lms_loan_daily.csv,2024-03-01
CUS_0xe4e_2023_09_01,CUS_0xe4e,1/9/2023,10,6,10000,1000,1000,0,4000,1/3/2024,2024-03-01,2025-11-09 07:06:39.639615,data/lms_loan_daily.csv,2024-03-01
CUS_0xe4f_2023_06_01,CUS_0xe4f,1/6/2023,10,9,10000,1000,1000,0,1000,1/3/2024,2024-03-01,2025-11-09 07:06:39.639615,data/lms_loan_daily.csv,2024-03-01
CUS_0xe57_2023_11_01,CUS_0xe57,1/11/2023,10,4,10000,1000,0,2000,8000,1/3/2024,2024-03-01,2025-11-09 07:06:39.639615,data/lms_loan_daily.csv,2024-03-01
CUS_0xe60_2023_07_01,CUS_0xe60,1/7/2023,10,8,10000,1000,1000,0,2000,1/3/2024,2024-03-01,2025-11-09 07:06:39.639615,data/lms_loan_daily.csv,2024-03-01
CUS_0xe75_2023_08_01,CUS_0xe75,1/8/2023,10,7,10000,1000,1000,0,3000,1/3/2024,2024-03-01,2025-11-09 07:06:39.639615,data/lms_loan_daily.csv,2024-03-01
CUS_0xe7e_2023_10_01,CUS_0xe7e,1/10/2023,10,5,10000,1000,0,1000,6000,1/3/2024,2024-03-01,2025-11-09 07:06:39.639615,data/lms_loan_daily.csv,2024-03-01
CUS_0xe8d_2024_01_01,CUS_0xe8d,1/1/2024,10,2,10000,1000,2000,0,8000,1/3/2024,2024-03-01,2025-11-09 07:06:39.639615,data/lms_loan_daily.csv,2024-03-01
CUS_0xe94_2024_03_01,CUS_0xe94,1/3/2024,10,0,10000,0,0,0,10000,1/3/2024,2024-03-01,2025-11-09 07:06:39.639615,data/lms_loan_daily.csv,2024-03-01
CUS_0xeb0_2023_07_01,CUS_0xeb0,1/7/2023,10,8,10000,1000,1000,0,2000,1/3/2024,2024-03-01,2025-11-09 07:06:39.639615,data/lms_loan_daily.csv,2024-03-01
CUS_0xeb6_2023_08_01,CUS_0xeb6,1/8/2023,10,7,10000,1000,0,6000,9000,1/3/2024,2024-03-01,2025-11-09 07:06:39.639615,data/lms_loan_daily.csv,2024-03-01
CUS_0xebd_2023_07_01,CUS_0xebd,1/7/2023,10,8,10000,1000,0,5000,7000,1/3/2024,2024-03-01,2025-11-09 07:06:39.639615,data/lms_loan_daily.csv,2024-03-01
CUS_0xebe_2023_06_01,CUS_0xebe,1/6/2023,10,9,10000,1000,1000,0,1000,1/3/2024,2024-03-01,2025-11-09 07:06:39.639615,data/lms_loan_daily.csv,2024-03-01
CUS_0xec4_2024_02_01,CUS_0xec4,1/2/2024,10,1,10000,1000,1000,0,9000,1/3/2024,2024-03-01,2025-11-09 07:06:39.639615,data/lms_loan_daily.csv,2024-03-01
CUS_0xeda_2023_11_01,CUS_0xeda,1/11/2023,10,4,10000,1000,0,3000,9000,1/3/2024,2024-03-01,2025-11-09 07:06:39.639615,data/lms_loan_daily.csv,2024-03-01
CUS_0xedb_2023_10_01,CUS_0xedb,1/10/2023,10,5,10000,1000,0,1000,6000,1/3/2024,2024-03-01,2025-11-09 07:06:39.639615,data/lms_loan_daily.csv,2024-03-01
CUS_0xedd_2023_09_01,CUS_0xedd,1/9/2023,10,6,10000,1000,1000,0,4000,1/3/2024,2024-03-01,2025-11-09 07:06:39.639615,data/lms_loan_daily.csv,2024-03-01
CUS_0xedf_2023_12_01,CUS_0xedf,1/12/2023,10,3,10000,1000,0,1000,8000,1/3/2024,2024-03-01,2025-11-09 07:06:39.639615,data/lms_loan_daily.csv,2024-03-01
CUS_0xf01_2023_05_01,CUS_0xf01,1/5/2023,10,10,10000,1000,0,9000,9000,1/3/2024,2024-03-01,2025-11-09 07:06:39.639615,data/lms_loan_daily.csv,2024-03-01
CUS_0xf19_2023_11_01,CUS_0xf19,1/11/2023,10,4,10000,1000,1000,0,6000,1/3/2024,2024-03-01,2025-11-09 07:06:39.639615,data/lms_loan_daily.csv,2024-03-01
CUS_0xf2e_2023_07_01,CUS_0xf2e,1/7/2023,10,8,10000,1000,1000,0,2000,1/3/2024,2024-03-01,2025-11-09 07:06:39.639615,data/lms_loan_daily.csv,2024-03-01
CUS_0xf30_2023_06_01,CUS_0xf30,1/6/2023,10,9,10000,1000,1000,0,1000,1/3/2024,2024-03-01,2025-11-09 07:06:39.639615,data/lms_loan_daily.csv,2024-03-01
CUS_0xf3e_2023_11_01,CUS_0xf3e,1/11/2023,10,4,10000,1000,0,1000,7000,1/3/2024,2024-03-01,2025-11-09 07:06:39.639615,data/lms_loan_daily.csv,2024-03-01
CUS_0xf45_2023_05_01,CUS_0xf45,1/5/2023,10,10,10000,1000,0,9000,9000,1/3/2024,2024-03-01,2025-11-09 07:06:39.639615,data/lms_loan_daily.csv,2024-03-01
CUS_0xf50_2023_11_01,CUS_0xf50,1/11/2023,10,4,10000,1000,1000,0,6000,1/3/2024,2024-03-01,2025-11-09 07:06:39.639615,data/lms_loan_daily.csv,2024-03-01
CUS_0xf59_2023_06_01,CUS_0xf59,1/6/2023,10,9,10000,1000,1000,0,1000,1/3/2024,2024-03-01,2025-11-09 07:06:39.639615,data/lms_loan_daily.csv,2024-03-01
CUS_0xf5d_2023_07_01,CUS_0xf5d,1/7/2023,10,8,10000,1000,0,5000,7000,1/3/2024,2024-03-01,2025-11-09 07:06:39.639615,data/lms_loan_daily.csv,2024-03-01
CUS_0xf6c_2024_02_01,CUS_0xf6c,1/2/2024,10,1,10000,1000,1000,0,9000,1/3/2024,2024-03-01,2025-11-09 07:06:39.639615,data/lms_loan_daily.csv,2024-03-01
CUS_0xf79_2023_08_01,CUS_0xf79,1/8/2023,10,7,10000,1000,1000,0,3000,1/3/2024,2024-03-01,2025-11-09 07:06:39.639615,data/lms_loan_daily.csv,2024-03-01
CUS_0xf84_2024_03_01,CUS_0xf84,1/3/2024,10,0,10000,0,0,0,10000,1/3/2024,2024-03-01,2025-11-09 07:06:39.639615,data/lms_loan_daily.csv,2024-03-01
CUS_0xf8f_2023_07_01,CUS_0xf8f,1/7/2023,10,8,10000,1000,0,5000,7000,1/3/2024,2024-03-01,2025-11-09 07:06:39.639615,data/lms_loan_daily.csv,2024-03-01
CUS_0xf9e_2024_01_01,CUS_0xf9e,1/1/2024,10,2,10000,1000,1000,0,8000,1/3/2024,2024-03-01,2025-11-09 07:06:39.639615,data/lms_loan_daily.csv,2024-03-01
CUS_0xf9f_2023_05_01,CUS_0xf9f,1/5/2023,10,10,10000,1000,1000,0,0,1/3/2024,2024-03-01,2025-11-09 07:06:39.639615,data/lms_loan_daily.csv,2024-03-01
CUS_0xfa4_2024_02_01,CUS_0xfa4,1/2/2024,10,1,10000,1000,0,1000,10000,1/3/2024,2024-03-01,2025-11-09 07:06:39.639615,data/lms_loan_daily.csv,2024-03-01
CUS_0xfaa_2023_07_01,CUS_0xfaa,1/7/2023,10,8,10000,1000,1000,0,2000,1/3/2024,2024-03-01,2025-11-09 07:06:39.639615,data/lms_loan_daily.csv,2024-03-01
CUS_0xfb4_2023_12_01,CUS_0xfb4,1/12/2023,10,3,10000,1000,1000,0,7000,1/3/2024,2024-03-01,2025-11-09 07:06:39.639615,data/lms_loan_daily.csv,2024-03-01
CUS_0xfb8_2023_07_01,CUS_0xfb8,1/7/2023,10,8,10000,1000,1000,0,2000,1/3/2024,2024-03-01,2025-11-09 07:06:39.639615,data/lms_loan_daily.csv,2024-03-01
CUS_0xfbd_2023_06_01,CUS_0xfbd,1/6/2023,10,9,10000,1000,0,8000,9000,1/3/2024,2024-03-01,2025-11-09 07:06:39.639615,data/lms_loan_daily.csv,2024-03-01
CUS_0xfdd_2023_10_01,CUS_0xfdd,1/10/2023,10,5,10000,1000,1000,0,5000,1/3/2024,2024-03-01,2025-11-09 07:06:39.639615,data/lms_loan_daily.csv,2024-03-01
CUS_0xfe4_2023_09_01,CUS_0xfe4,1/9/2023,10,6,10000,1000,1000,0,4000,1/3/2024,2024-03-01,2025-11-09 07:06:39.639615,data/lms_loan_daily.csv,2024-03-01
CUS_0xfe5_2023_06_01,CUS_0xfe5,1/6/2023,10,9,10000,1000,1000,0,1000,1/3/2024,2024-03-01,2025-11-09 07:06:39.639615,data/lms_loan_daily.csv,2024-03-01
CUS_0xfea_2023_10_01,CUS_0xfea,1/10/2023,10,5,10000,1000,1000,0,5000,1/3/2024,2024-03-01,2025-11-09 07:06:39.639615,data/lms_loan_daily.csv,2024-03-01
CUS_0xffc_2024_01_01,CUS_0xffc,1/1/2024,10,2,10000,1000,0,1000,9000,1/3/2024,2024-03-01,2025-11-09 07:06:39.639615,data/lms_loan_daily.csv,2024-03-01
CUS_0xffd_2024_03_01,CUS_0xffd,1/3/2024,10,0,10000,0,0,0,10000,1/3/2024,2024-03-01,2025-11-09 07:06:39.639615,data/lms_loan_daily.csv,2024-03-01
