loan_id,Customer_ID,loan_start_date,tenure,installment_num,loan_amt,due_amt,paid_amt,overdue_amt,balance,snapshot_date,normalized_snapshot_date,bronze_ingestion_timestamp,bronze_source_file,bronze_processing_date
CUS_0x100b_2024_03_01,CUS_0x100b,1/3/2024,10,7,10000,1000,1000,0,3000,1/10/2024,2024-10-01,2025-11-09 07:30:19.821879,data/lms_loan_daily.csv,2024-10-01
CUS_0x1013_2023_12_01,CUS_0x1013,1/12/2023,10,10,10000,1000,1000,0,0,1/10/2024,2024-10-01,2025-11-09 07:30:19.821879,data/lms_loan_daily.csv,2024-10-01
CUS_0x102d_2024_01_01,CUS_0x102d,1/1/2024,10,9,10000,1000,1000,0,1000,1/10/2024,2024-10-01,2025-11-09 07:30:19.821879,data/lms_loan_daily.csv,2024-10-01
CUS_0x102e_2024_04_01,CUS_0x102e,1/4/2024,10,6,10000,1000,0,4000,8000,1/10/2024,2024-10-01,2025-11-09 07:30:19.821879,data/lms_loan_daily.csv,2024-10-01
CUS_0x1038_2024_10_01,CUS_0x1038,1/10/2024,10,0,10000,0,0,0,10000,1/10/2024,2024-10-01,2025-11-09 07:30:19.821879,data/lms_loan_daily.csv,2024-10-01
CUS_0x1048_2024_02_01,CUS_0x1048,1/2/2024,10,8,10000,1000,0,7000,9000,1/10/2024,2024-10-01,2025-11-09 07:30:19.821879,data/lms_loan_daily.csv,2024-10-01
CUS_0x104a_2023_12_01,CUS_0x104a,1/12/2023,10,10,10000,1000,1000,0,0,1/10/2024,2024-10-01,2025-11-09 07:30:19.821879,data/lms_loan_daily.csv,2024-10-01
CUS_0x104f_2024_10_01,CUS_0x104f,1/10/2024,10,0,10000,0,0,0,10000,1/10/2024,2024-10-01,2025-11-09 07:30:19.821879,data/lms_loan_daily.csv,2024-10-01
CUS_0x1051_2024_01_01,CUS_0x1051,1/1/2024,10,9,10000,1000,1000,0,1000,1/10/2024,2024-10-01,2025-11-09 07:30:19.821879,data/lms_loan_daily.csv,2024-10-01
CUS_0x1063_2023_12_01,CUS_0x1063,1/12/2023,10,10,10000,1000,1000,0,0,1/10/2024,2024-10-01,2025-11-09 07:30:19.821879,data/lms_loan_daily.csv,2024-10-01
CUS_0x1075_2024_05_01,CUS_0x1075,1/5/2024,10,5,10000,1000,0,1000,6000,1/10/2024,2024-10-01,2025-11-09 07:30:19.821879,data/lms_loan_daily.csv,2024-10-01
CUS_0x1087_2024_09_01,CUS_0x1087,1/9/2024,10,1,10000,1000,1000,0,9000,1/10/2024,2024-10-01,2025-11-09 07:30:19.821879,data/lms_loan_daily.csv,2024-10-01
CUS_0x1096_2024_03_01,CUS_0x1096,1/3/2024,10,7,10000,1000,0,4000,7000,1/10/2024,2024-10-01,2025-11-09 07:30:19.821879,data/lms_loan_daily.csv,2024-10-01
CUS_0x109d_2024_04_01,CUS_0x109d,1/4/2024,10,6,10000,1000,1000,0,4000,1/10/2024,2024-10-01,2025-11-09 07:30:19.821879,data/lms_loan_daily.csv,2024-10-01
CUS_0x10a9_2024_10_01,CUS_0x10a9,1/10/2024,10,0,10000,0,0,0,10000,1/10/2024,2024-10-01,2025-11-09 07:30:19.821879,data/lms_loan_daily.csv,2024-10-01
CUS_0x10ac_2024_08_01,CUS_0x10ac,1/8/2024,10,2,10000,1000,1000,0,8000,1/10/2024,2024-10-01,2025-11-09 07:30:19.821879,data/lms_loan_daily.csv,2024-10-01
CUS_0x10c0_2024_02_01,CUS_0x10c0,1/2/2024,10,8,10000,1000,0,8000,10000,1/10/2024,2024-10-01,2025-11-09 07:30:19.821879,data/lms_loan_daily.csv,2024-10-01
CUS_0x10c5_2024_08_01,CUS_0x10c5,1/8/2024,10,2,10000,1000,0,2000,10000,1/10/2024,2024-10-01,2025-11-09 07:30:19.821879,data/lms_loan_daily.csv,2024-10-01
CUS_0x10d7_2023_12_01,CUS_0x10d7,1/12/2023,10,10,10000,1000,0,7000,7000,1/10/2024,2024-10-01,2025-11-09 07:30:19.821879,data/lms_loan_daily.csv,2024-10-01
CUS_0x10dd_2024_06_01,CUS_0x10dd,1/6/2024,10,4,10000,1000,1000,0,6000,1/10/2024,2024-10-01,2025-11-09 07:30:19.821879,data/lms_loan_daily.csv,2024-10-01
CUS_0x10fd_2023_12_01,CUS_0x10fd,1/12/2023,10,10,10000,1000,0,7000,7000,1/10/2024,2024-10-01,2025-11-09 07:30:19.821879,data/lms_loan_daily.csv,2024-10-01
CUS_0x1108_2024_07_01,CUS_0x1108,1/7/2024,10,3,10000,1000,1000,0,7000,1/10/2024,2024-10-01,2025-11-09 07:30:19.821879,data/lms_loan_daily.csv,2024-10-01
CUS_0x1109_2024_06_01,CUS_0x1109,1/6/2024,10,4,10000,1000,0,1000,7000,1/10/2024,2024-10-01,2025-11-09 07:30:19.821879,data/lms_loan_daily.csv,2024-10-01
CUS_0x111b_2024_10_01,CUS_0x111b,1/10/2024,10,0,10000,0,0,0,10000,1/10/2024,2024-10-01,2025-11-09 07:30:19.821879,data/lms_loan_daily.csv,2024-10-01
CUS_0x111c_2024_03_01,CUS_0x111c,1/3/2024,10,7,10000,1000,0,5000,8000,1/10/2024,2024-10-01,2025-11-09 07:30:19.821879,data/lms_loan_daily.csv,2024-10-01
CUS_0x1123_2024_10_01,CUS_0x1123,1/10/2024,10,0,10000,0,0,0,10000,1/10/2024,2024-10-01,2025-11-09 07:30:19.821879,data/lms_loan_daily.csv,2024-10-01
CUS_0x112d_2024_03_01,CUS_0x112d,1/3/2024,10,7,10000,1000,0,3000,6000,1/10/2024,2024-10-01,2025-11-09 07:30:19.821879,data/lms_loan_daily.csv,2024-10-01
CUS_0x112e_2024_04_01,CUS_0x112e,1/4/2024,10,6,10000,1000,1000,0,4000,1/10/2024,2024-10-01,2025-11-09 07:30:19.821879,data/lms_loan_daily.csv,2024-10-01
CUS_0x1138_2024_09_01,CUS_0x1138,1/9/2024,10,1,10000,1000,1000,0,9000,1/10/2024,2024-10-01,2025-11-09 07:30:19.821879,data/lms_loan_daily.csv,2024-10-01
CUS_0x1139_2023_12_01,CUS_0x1139,1/12/2023,10,10,10000,1000,1000,0,0,1/10/2024,2024-10-01,2025-11-09 07:30:19.821879,data/lms_loan_daily.csv,2024-10-01
CUS_0x1145_2024_08_01,CUS_0x1145,1/8/2024,10,2,10000,1000,1000,0,8000,1/10/2024,2024-10-01,2025-11-09 07:30:19.821879,data/lms_loan_daily.csv,2024-10-01
CUS_0x1151_2024_10_01,CUS_0x1151,1/10/2024,10,0,10000,0,0,0,10000,1/10/2024,2024-10-01,2025-11-09 07:30:19.821879,data/lms_loan_daily.csv,2024-10-01
CUS_0x115c_2024_02_01,CUS_0x115c,1/2/2024,10,8,10000,1000,1000,0,2000,1/10/2024,2024-10-01,2025-11-09 07:30:19.821879,data/lms_loan_daily.csv,2024-10-01
CUS_0x1183_2024_04_01,CUS_0x1183,1/4/2024,10,6,10000,1000,1000,0,4000,1/10/2024,2024-10-01,2025-11-09 07:30:19.821879,data/lms_loan_daily.csv,2024-10-01
CUS_0x1185_2024_05_01,CUS_0x1185,1/5/2024,10,5,10000,1000,1000,0,5000,1/10/2024,2024-10-01,2025-11-09 07:30:19.821879,data/lms_loan_daily.csv,2024-10-01
CUS_0x1190_2024_05_01,CUS_0x1190,1/5/2024,10,5,10000,1000,1000,0,5000,1/10/2024,2024-10-01,2025-11-09 07:30:19.821879,data/lms_loan_daily.csv,2024-10-01
CUS_0x1193_2024_10_01,CUS_0x1193,1/10/2024,10,0,10000,0,0,0,10000,1/10/2024,2024-10-01,2025-11-09 07:30:19.821879,data/lms_loan_daily.csv,2024-10-01
CUS_0x11ac_2024_08_01,CUS_0x11ac,1/8/2024,10,2,10000,1000,1000,0,8000,1/10/2024,2024-10-01,2025-11-09 07:30:19.821879,data/lms_loan_daily.csv,2024-10-01
CUS_0x1204_2024_03_01,CUS_0x1204,1/3/2024,10,7,10000,1000,0,3000,6000,1/10/2024,2024-10-01,2025-11-09 07:30:19.821879,data/lms_loan_daily.csv,2024-10-01
CUS_0x1207_2023_12_01,CUS_0x1207,1/12/2023,10,10,10000,1000,0,7000,7000,1/10/2024,2024-10-01,2025-11-09 07:30:19.821879,data/lms_loan_daily.csv,2024-10-01
CUS_0x121b_2024_09_01,CUS_0x121b,1/9/2024,10,1,10000,1000,1000,0,9000,1/10/2024,2024-10-01,2025-11-09 07:30:19.821879,data/lms_loan_daily.csv,2024-10-01
CUS_0x1220_2024_04_01,CUS_0x1220,1/4/2024,10,6,10000,1000,1000,0,4000,1/10/2024,2024-10-01,2025-11-09 07:30:19.821879,data/lms_loan_daily.csv,2024-10-01
CUS_0x1226_2024_04_01,CUS_0x1226,1/4/2024,10,6,10000,1000,1000,0,4000,1/10/2024,2024-10-01,2025-11-09 07:30:19.821879,data/lms_loan_daily.csv,2024-10-01
CUS_0x122c_2024_08_01,CUS_0x122c,1/8/2024,10,2,10000,1000,1000,0,8000,1/10/2024,2024-10-01,2025-11-09 07:30:19.821879,data/lms_loan_daily.csv,2024-10-01
CUS_0x122f_2024_05_01,CUS_0x122f,1/5/2024,10,5,10000,1000,0,3000,8000,1/10/2024,2024-10-01,2025-11-09 07:30:19.821879,data/lms_loan_daily.csv,2024-10-01
CUS_0x1232_2024_09_01,CUS_0x1232,1/9/2024,10,1,10000,1000,1000,0,9000,1/10/2024,2024-10-01,2025-11-09 07:30:19.821879,data/lms_loan_daily.csv,2024-10-01
CUS_0x1233_2024_05_01,CUS_0x1233,1/5/2024,10,5,10000,1000,1000,0,5000,1/10/2024,2024-10-01,2025-11-09 07:30:19.821879,data/lms_loan_daily.csv,2024-10-01
CUS_0x1236_2024_05_01,CUS_0x1236,1/5/2024,10,5,10000,1000,1000,0,5000,1/10/2024,2024-10-01,2025-11-09 07:30:19.821879,data/lms_loan_daily.csv,2024-10-01
CUS_0x1249_2024_05_01,CUS_0x1249,1/5/2024,10,5,10000,1000,1000,0,5000,1/10/2024,2024-10-01,2025-11-09 07:30:19.821879,data/lms_loan_daily.csv,2024-10-01
CUS_0x1250_2023_12_01,CUS_0x1250,1/12/2023,10,10,10000,1000,1000,0,0,1/10/2024,2024-10-01,2025-11-09 07:30:19.821879,data/lms_loan_daily.csv,2024-10-01
CUS_0x125c_2024_05_01,CUS_0x125c,1/5/2024,10,5,10000,1000,0,2000,7000,1/10/2024,2024-10-01,2025-11-09 07:30:19.821879,data/lms_loan_daily.csv,2024-10-01
CUS_0x1269_2024_01_01,CUS_0x1269,1/1/2024,10,9,10000,1000,1000,0,1000,1/10/2024,2024-10-01,2025-11-09 07:30:19.821879,data/lms_loan_daily.csv,2024-10-01
CUS_0x1274_2024_08_01,CUS_0x1274,1/8/2024,10,2,10000,1000,1000,0,8000,1/10/2024,2024-10-01,2025-11-09 07:30:19.821879,data/lms_loan_daily.csv,2024-10-01
CUS_0x1277_2024_10_01,CUS_0x1277,1/10/2024,10,0,10000,0,0,0,10000,1/10/2024,2024-10-01,2025-11-09 07:30:19.821879,data/lms_loan_daily.csv,2024-10-01
CUS_0x1278_2024_10_01,CUS_0x1278,1/10/2024,10,0,10000,0,0,0,10000,1/10/2024,2024-10-01,2025-11-09 07:30:19.821879,data/lms_loan_daily.csv,2024-10-01
CUS_0x1286_2024_06_01,CUS_0x1286,1/6/2024,10,4,10000,1000,1000,0,6000,1/10/2024,2024-10-01,2025-11-09 07:30:19.821879,data/lms_loan_daily.csv,2024-10-01
CUS_0x1288_2024_08_01,CUS_0x1288,1/8/2024,10,2,10000,1000,0,1000,9000,1/10/2024,2024-10-01,2025-11-09 07:30:19.821879,data/lms_loan_daily.csv,2024-10-01
CUS_0x128f_2024_05_01,CUS_0x128f,1/5/2024,10,5,10000,1000,1000,0,5000,1/10/2024,2024-10-01,2025-11-09 07:30:19.821879,data/lms_loan_daily.csv,2024-10-01
CUS_0x1290_2024_01_01,CUS_0x1290,1/1/2024,10,9,10000,1000,1000,0,1000,1/10/2024,2024-10-01,2025-11-09 07:30:19.821879,data/lms_loan_daily.csv,2024-10-01
CUS_0x12a8_2024_06_01,CUS_0x12a8,1/6/2024,10,4,10000,1000,1000,0,6000,1/10/2024,2024-10-01,2025-11-09 07:30:19.821879,data/lms_loan_daily.csv,2024-10-01
CUS_0x12af_2024_03_01,CUS_0x12af,1/3/2024,10,7,10000,1000,1000,0,3000,1/10/2024,2024-10-01,2025-11-09 07:30:19.821879,data/lms_loan_daily.csv,2024-10-01
CUS_0x12b6_2024_02_01,CUS_0x12b6,1/2/2024,10,8,10000,1000,1000,0,2000,1/10/2024,2024-10-01,2025-11-09 07:30:19.821879,data/lms_loan_daily.csv,2024-10-01
CUS_0x12b8_2024_02_01,CUS_0x12b8,1/2/2024,10,8,10000,1000,0,7000,9000,1/10/2024,2024-10-01,2025-11-09 07:30:19.821879,data/lms_loan_daily.csv,2024-10-01
CUS_0x12cb_2024_03_01,CUS_0x12cb,1/3/2024,10,7,10000,1000,0,4000,7000,1/10/2024,2024-10-01,2025-11-09 07:30:19.821879,data/lms_loan_daily.csv,2024-10-01
CUS_0x12cc_2024_08_01,CUS_0x12cc,1/8/2024,10,2,10000,1000,1000,0,8000,1/10/2024,2024-10-01,2025-11-09 07:30:19.821879,data/lms_loan_daily.csv,2024-10-01
CUS_0x12d1_2024_01_01,CUS_0x12d1,1/1/2024,10,9,10000,1000,1000,0,1000,1/10/2024,2024-10-01,2025-11-09 07:30:19.821879,data/lms_loan_daily.csv,2024-10-01
CUS_0x12d5_2024_01_01,CUS_0x12d5,1/1/2024,10,9,10000,1000,1000,0,1000,1/10/2024,2024-10-01,2025-11-09 07:30:19.821879,data/lms_loan_daily.csv,2024-10-01
CUS_0x12ef_2024_02_01,CUS_0x12ef,1/2/2024,10,8,10000,1000,1000,0,2000,1/10/2024,2024-10-01,2025-11-09 07:30:19.821879,data/lms_loan_daily.csv,2024-10-01
CUS_0x12f2_2023_12_01,CUS_0x12f2,1/12/2023,10,10,10000,1000,0,6000,6000,1/10/2024,2024-10-01,2025-11-09 07:30:19.821879,data/lms_loan_daily.csv,2024-10-01
CUS_0x12fc_2024_03_01,CUS_0x12fc,1/3/2024,10,7,10000,1000,1000,0,3000,1/10/2024,2024-10-01,2025-11-09 07:30:19.821879,data/lms_loan_daily.csv,2024-10-01
CUS_0x1309_2024_06_01,CUS_0x1309,1/6/2024,10,4,10000,1000,1000,0,6000,1/10/2024,2024-10-01,2025-11-09 07:30:19.821879,data/lms_loan_daily.csv,2024-10-01
CUS_0x131f_2024_05_01,CUS_0x131f,1/5/2024,10,5,10000,1000,0,2000,7000,1/10/2024,2024-10-01,2025-11-09 07:30:19.821879,data/lms_loan_daily.csv,2024-10-01
CUS_0x132f_2024_10_01,CUS_0x132f,1/10/2024,10,0,10000,0,0,0,10000,1/10/2024,2024-10-01,2025-11-09 07:30:19.821879,data/lms_loan_daily.csv,2024-10-01
CUS_0x1338_2024_08_01,CUS_0x1338,1/8/2024,10,2,10000,1000,1000,0,8000,1/10/2024,2024-10-01,2025-11-09 07:30:19.821879,data/lms_loan_daily.csv,2024-10-01
CUS_0x133b_2024_05_01,CUS_0x133b,1/5/2024,10,5,10000,1000,1000,0,5000,1/10/2024,2024-10-01,2025-11-09 07:30:19.821879,data/lms_loan_daily.csv,2024-10-01
CUS_0x133e_2024_01_01,CUS_0x133e,1/1/2024,10,9,10000,1000,1000,0,1000,1/10/2024,2024-10-01,2025-11-09 07:30:19.821879,data/lms_loan_daily.csv,2024-10-01
CUS_0x1343_2024_04_01,CUS_0x1343,1/4/2024,10,6,10000,1000,1000,0,4000,1/10/2024,2024-10-01,2025-11-09 07:30:19.821879,data/lms_loan_daily.csv,2024-10-01
CUS_0x1348_2023_12_01,CUS_0x1348,1/12/2023,10,10,10000,1000,1000,0,0,1/10/2024,2024-10-01,2025-11-09 07:30:19.821879,data/lms_loan_daily.csv,2024-10-01
CUS_0x134d_2024_02_01,CUS_0x134d,1/2/2024,10,8,10000,1000,1000,0,2000,1/10/2024,2024-10-01,2025-11-09 07:30:19.821879,data/lms_loan_daily.csv,2024-10-01
CUS_0x1355_2023_12_01,CUS_0x1355,1/12/2023,10,10,10000,1000,0,9000,9000,1/10/2024,2024-10-01,2025-11-09 07:30:19.821879,data/lms_loan_daily.csv,2024-10-01
CUS_0x1370_2024_08_01,CUS_0x1370,1/8/2024,10,2,10000,1000,0,1000,9000,1/10/2024,2024-10-01,2025-11-09 07:30:19.821879,data/lms_loan_daily.csv,2024-10-01
CUS_0x1378_2024_08_01,CUS_0x1378,1/8/2024,10,2,10000,1000,1000,0,8000,1/10/2024,2024-10-01,2025-11-09 07:30:19.821879,data/lms_loan_daily.csv,2024-10-01
CUS_0x1382_2024_05_01,CUS_0x1382,1/5/2024,10,5,10000,1000,1000,0,5000,1/10/2024,2024-10-01,2025-11-09 07:30:19.821879,data/lms_loan_daily.csv,2024-10-01
CUS_0x1383_2024_01_01,CUS_0x1383,1/1/2024,10,9,10000,1000,1000,0,1000,1/10/2024,2024-10-01,2025-11-09 07:30:19.821879,data/lms_loan_daily.csv,2024-10-01
CUS_0x138b_2023_12_01,CUS_0x138b,1/12/2023,10,10,10000,1000,0,7000,7000,1/10/2024,2024-10-01,2025-11-09 07:30:19.821879,data/lms_loan_daily.csv,2024-10-01
CUS_0x139b_2024_08_01,CUS_0x139b,1/8/2024,10,2,10000,1000,1000,0,8000,1/10/2024,2024-10-01,2025-11-09 07:30:19.821879,data/lms_loan_daily.csv,2024-10-01
CUS_0x13a9_2024_08_01,CUS_0x13a9,1/8/2024,10,2,10000,1000,1000,0,8000,1/10/2024,2024-10-01,2025-11-09 07:30:19.821879,data/lms_loan_daily.csv,2024-10-01
CUS_0x13b5_2024_07_01,CUS_0x13b5,1/7/2024,10,3,10000,1000,1000,0,7000,1/10/2024,2024-10-01,2025-11-09 07:30:19.821879,data/lms_loan_daily.csv,2024-10-01
CUS_0x13b8_2024_07_01,CUS_0x13b8,1/7/2024,10,3,10000,1000,1000,0,7000,1/10/2024,2024-10-01,2025-11-09 07:30:19.821879,data/lms_loan_daily.csv,2024-10-01
CUS_0x13c2_2024_02_01,CUS_0x13c2,1/2/2024,10,8,10000,1000,1000,0,2000,1/10/2024,2024-10-01,2025-11-09 07:30:19.821879,data/lms_loan_daily.csv,2024-10-01
CUS_0x13c7_2024_04_01,CUS_0x13c7,1/4/2024,10,6,10000,1000,0,3000,7000,1/10/2024,2024-10-01,2025-11-09 07:30:19.821879,data/lms_loan_daily.csv,2024-10-01
CUS_0x13ce_2024_08_01,CUS_0x13ce,1/8/2024,10,2,10000,1000,1000,0,8000,1/10/2024,2024-10-01,2025-11-09 07:30:19.821879,data/lms_loan_daily.csv,2024-10-01
CUS_0x13d5_2024_04_01,CUS_0x13d5,1/4/2024,10,6,10000,1000,1000,0,4000,1/10/2024,2024-10-01,2025-11-09 07:30:19.821879,data/lms_loan_daily.csv,2024-10-01
CUS_0x13db_2023_12_01,CUS_0x13db,1/12/2023,10,10,10000,1000,1000,0,0,1/10/2024,2024-10-01,2025-11-09 07:30:19.821879,data/lms_loan_daily.csv,2024-10-01
CUS_0x13e3_2023_12_01,CUS_0x13e3,1/12/2023,10,10,10000,1000,1000,0,0,1/10/2024,2024-10-01,2025-11-09 07:30:19.821879,data/lms_loan_daily.csv,2024-10-01
CUS_0x13f8_2024_06_01,CUS_0x13f8,1/6/2024,10,4,10000,1000,1000,0,6000,1/10/2024,2024-10-01,2025-11-09 07:30:19.821879,data/lms_loan_daily.csv,2024-10-01
CUS_0x13fa_2024_10_01,CUS_0x13fa,1/10/2024,10,0,10000,0,0,0,10000,1/10/2024,2024-10-01,2025-11-09 07:30:19.821879,data/lms_loan_daily.csv,2024-10-01
CUS_0x140e_2024_09_01,CUS_0x140e,1/9/2024,10,1,10000,1000,1000,0,9000,1/10/2024,2024-10-01,2025-11-09 07:30:19.821879,data/lms_loan_daily.csv,2024-10-01
CUS_0x1410_2024_10_01,CUS_0x1410,1/10/2024,10,0,10000,0,0,0,10000,1/10/2024,2024-10-01,2025-11-09 07:30:19.821879,data/lms_loan_daily.csv,2024-10-01
CUS_0x1414_2024_02_01,CUS_0x1414,1/2/2024,10,8,10000,1000,1000,0,2000,1/10/2024,2024-10-01,2025-11-09 07:30:19.821879,data/lms_loan_daily.csv,2024-10-01
CUS_0x1422_2024_04_01,CUS_0x1422,1/4/2024,10,6,10000,1000,0,4000,8000,1/10/2024,2024-10-01,2025-11-09 07:30:19.821879,data/lms_loan_daily.csv,2024-10-01
CUS_0x1425_2024_09_01,CUS_0x1425,1/9/2024,10,1,10000,1000,1000,0,9000,1/10/2024,2024-10-01,2025-11-09 07:30:19.821879,data/lms_loan_daily.csv,2024-10-01
CUS_0x1436_2024_10_01,CUS_0x1436,1/10/2024,10,0,10000,0,0,0,10000,1/10/2024,2024-10-01,2025-11-09 07:30:19.821879,data/lms_loan_daily.csv,2024-10-01
CUS_0x1439_2023_12_01,CUS_0x1439,1/12/2023,10,10,10000,1000,1000,0,0,1/10/2024,2024-10-01,2025-11-09 07:30:19.821879,data/lms_loan_daily.csv,2024-10-01
CUS_0x143c_2024_01_01,CUS_0x143c,1/1/2024,10,9,10000,1000,1000,0,1000,1/10/2024,2024-10-01,2025-11-09 07:30:19.821879,data/lms_loan_daily.csv,2024-10-01
CUS_0x1441_2023_12_01,CUS_0x1441,1/12/2023,10,10,10000,1000,1000,0,0,1/10/2024,2024-10-01,2025-11-09 07:30:19.821879,data/lms_loan_daily.csv,2024-10-01
CUS_0x1447_2024_10_01,CUS_0x1447,1/10/2024,10,0,10000,0,0,0,10000,1/10/2024,2024-10-01,2025-11-09 07:30:19.821879,data/lms_loan_daily.csv,2024-10-01
CUS_0x144c_2024_03_01,CUS_0x144c,1/3/2024,10,7,10000,1000,1000,0,3000,1/10/2024,2024-10-01,2025-11-09 07:30:19.821879,data/lms_loan_daily.csv,2024-10-01
CUS_0x144f_2024_07_01,CUS_0x144f,1/7/2024,10,3,10000,1000,0,2000,9000,1/10/2024,2024-10-01,2025-11-09 07:30:19.821879,data/lms_loan_daily.csv,2024-10-01
CUS_0x146a_2024_09_01,CUS_0x146a,1/9/2024,10,1,10000,1000,1000,0,9000,1/10/2024,2024-10-01,2025-11-09 07:30:19.821879,data/lms_loan_daily.csv,2024-10-01
CUS_0x1470_2024_02_01,CUS_0x1470,1/2/2024,10,8,10000,1000,1000,0,2000,1/10/2024,2024-10-01,2025-11-09 07:30:19.821879,data/lms_loan_daily.csv,2024-10-01
CUS_0x1472_2024_06_01,CUS_0x1472,1/6/2024,10,4,10000,1000,1000,0,6000,1/10/2024,2024-10-01,2025-11-09 07:30:19.821879,data/lms_loan_daily.csv,2024-10-01
CUS_0x147a_2024_08_01,CUS_0x147a,1/8/2024,10,2,10000,1000,1000,0,8000,1/10/2024,2024-10-01,2025-11-09 07:30:19.821879,data/lms_loan_daily.csv,2024-10-01
CUS_0x1488_2023_12_01,CUS_0x1488,1/12/2023,10,10,10000,1000,1000,0,0,1/10/2024,2024-10-01,2025-11-09 07:30:19.821879,data/lms_loan_daily.csv,2024-10-01
CUS_0x148e_2024_05_01,CUS_0x148e,1/5/2024,10,5,10000,1000,1000,0,5000,1/10/2024,2024-10-01,2025-11-09 07:30:19.821879,data/lms_loan_daily.csv,2024-10-01
CUS_0x14c2_2024_09_01,CUS_0x14c2,1/9/2024,10,1,10000,1000,1000,0,9000,1/10/2024,2024-10-01,2025-11-09 07:30:19.821879,data/lms_loan_daily.csv,2024-10-01
CUS_0x14ce_2024_04_01,CUS_0x14ce,1/4/2024,10,6,10000,1000,1000,0,4000,1/10/2024,2024-10-01,2025-11-09 07:30:19.821879,data/lms_loan_daily.csv,2024-10-01
CUS_0x14d0_2024_01_01,CUS_0x14d0,1/1/2024,10,9,10000,1000,1000,0,1000,1/10/2024,2024-10-01,2025-11-09 07:30:19.821879,data/lms_loan_daily.csv,2024-10-01
CUS_0x14d3_2023_12_01,CUS_0x14d3,1/12/2023,10,10,10000,1000,1000,0,0,1/10/2024,2024-10-01,2025-11-09 07:30:19.821879,data/lms_loan_daily.csv,2024-10-01
CUS_0x14d9_2024_10_01,CUS_0x14d9,1/10/2024,10,0,10000,0,0,0,10000,1/10/2024,2024-10-01,2025-11-09 07:30:19.821879,data/lms_loan_daily.csv,2024-10-01
CUS_0x14ec_2024_07_01,CUS_0x14ec,1/7/2024,10,3,10000,1000,0,2000,9000,1/10/2024,2024-10-01,2025-11-09 07:30:19.821879,data/lms_loan_daily.csv,2024-10-01
CUS_0x14f1_2024_09_01,CUS_0x14f1,1/9/2024,10,1,10000,1000,1000,0,9000,1/10/2024,2024-10-01,2025-11-09 07:30:19.821879,data/lms_loan_daily.csv,2024-10-01
CUS_0x14f6_2024_09_01,CUS_0x14f6,1/9/2024,10,1,10000,1000,1000,0,9000,1/10/2024,2024-10-01,2025-11-09 07:30:19.821879,data/lms_loan_daily.csv,2024-10-01
CUS_0x150b_2024_05_01,CUS_0x150b,1/5/2024,10,5,10000,1000,1000,0,5000,1/10/2024,2024-10-01,2025-11-09 07:30:19.821879,data/lms_loan_daily.csv,2024-10-01
CUS_0x150d_2024_01_01,CUS_0x150d,1/1/2024,10,9,10000,1000,0,7000,8000,1/10/2024,2024-10-01,2025-11-09 07:30:19.821879,data/lms_loan_daily.csv,2024-10-01
CUS_0x1510_2024_08_01,CUS_0x1510,1/8/2024,10,2,10000,1000,1000,0,8000,1/10/2024,2024-10-01,2025-11-09 07:30:19.821879,data/lms_loan_daily.csv,2024-10-01
CUS_0x1528_2024_04_01,CUS_0x1528,1/4/2024,10,6,10000,1000,1000,0,4000,1/10/2024,2024-10-01,2025-11-09 07:30:19.821879,data/lms_loan_daily.csv,2024-10-01
CUS_0x1534_2024_04_01,CUS_0x1534,1/4/2024,10,6,10000,1000,0,4000,8000,1/10/2024,2024-10-01,2025-11-09 07:30:19.821879,data/lms_loan_daily.csv,2024-10-01
CUS_0x1540_2024_10_01,CUS_0x1540,1/10/2024,10,0,10000,0,0,0,10000,1/10/2024,2024-10-01,2025-11-09 07:30:19.821879,data/lms_loan_daily.csv,2024-10-01
CUS_0x1546_2024_03_01,CUS_0x1546,1/3/2024,10,7,10000,1000,1000,0,3000,1/10/2024,2024-10-01,2025-11-09 07:30:19.821879,data/lms_loan_daily.csv,2024-10-01
CUS_0x1550_2024_01_01,CUS_0x1550,1/1/2024,10,9,10000,1000,1000,0,1000,1/10/2024,2024-10-01,2025-11-09 07:30:19.821879,data/lms_loan_daily.csv,2024-10-01
CUS_0x155b_2024_10_01,CUS_0x155b,1/10/2024,10,0,10000,0,0,0,10000,1/10/2024,2024-10-01,2025-11-09 07:30:19.821879,data/lms_loan_daily.csv,2024-10-01
CUS_0x1572_2024_08_01,CUS_0x1572,1/8/2024,10,2,10000,1000,1000,0,8000,1/10/2024,2024-10-01,2025-11-09 07:30:19.821879,data/lms_loan_daily.csv,2024-10-01
CUS_0x157d_2024_10_01,CUS_0x157d,1/10/2024,10,0,10000,0,0,0,10000,1/10/2024,2024-10-01,2025-11-09 07:30:19.821879,data/lms_loan_daily.csv,2024-10-01
CUS_0x1589_2024_01_01,CUS_0x1589,1/1/2024,10,9,10000,1000,1000,0,1000,1/10/2024,2024-10-01,2025-11-09 07:30:19.821879,data/lms_loan_daily.csv,2024-10-01
CUS_0x1591_2024_03_01,CUS_0x1591,1/3/2024,10,7,10000,1000,1000,0,3000,1/10/2024,2024-10-01,2025-11-09 07:30:19.821879,data/lms_loan_daily.csv,2024-10-01
CUS_0x1595_2024_07_01,CUS_0x1595,1/7/2024,10,3,10000,1000,1000,0,7000,1/10/2024,2024-10-01,2025-11-09 07:30:19.821879,data/lms_loan_daily.csv,2024-10-01
CUS_0x159b_2024_08_01,CUS_0x159b,1/8/2024,10,2,10000,1000,1000,0,8000,1/10/2024,2024-10-01,2025-11-09 07:30:19.821879,data/lms_loan_daily.csv,2024-10-01
CUS_0x15a3_2024_06_01,CUS_0x15a3,1/6/2024,10,4,10000,1000,1000,0,6000,1/10/2024,2024-10-01,2025-11-09 07:30:19.821879,data/lms_loan_daily.csv,2024-10-01
CUS_0x15a7_2024_05_01,CUS_0x15a7,1/5/2024,10,5,10000,1000,0,4000,9000,1/10/2024,2024-10-01,2025-11-09 07:30:19.821879,data/lms_loan_daily.csv,2024-10-01
CUS_0x15b4_2024_05_01,CUS_0x15b4,1/5/2024,10,5,10000,1000,1000,0,5000,1/10/2024,2024-10-01,2025-11-09 07:30:19.821879,data/lms_loan_daily.csv,2024-10-01
CUS_0x15cc_2024_02_01,CUS_0x15cc,1/2/2024,10,8,10000,1000,0,5000,7000,1/10/2024,2024-10-01,2025-11-09 07:30:19.821879,data/lms_loan_daily.csv,2024-10-01
CUS_0x15d5_2024_03_01,CUS_0x15d5,1/3/2024,10,7,10000,1000,0,4000,7000,1/10/2024,2024-10-01,2025-11-09 07:30:19.821879,data/lms_loan_daily.csv,2024-10-01
CUS_0x15d9_2024_03_01,CUS_0x15d9,1/3/2024,10,7,10000,1000,0,3000,6000,1/10/2024,2024-10-01,2025-11-09 07:30:19.821879,data/lms_loan_daily.csv,2024-10-01
CUS_0x15da_2024_02_01,CUS_0x15da,1/2/2024,10,8,10000,1000,1000,0,2000,1/10/2024,2024-10-01,2025-11-09 07:30:19.821879,data/lms_loan_daily.csv,2024-10-01
CUS_0x15dd_2024_05_01,CUS_0x15dd,1/5/2024,10,5,10000,1000,1000,0,5000,1/10/2024,2024-10-01,2025-11-09 07:30:19.821879,data/lms_loan_daily.csv,2024-10-01
CUS_0x15ec_2024_07_01,CUS_0x15ec,1/7/2024,10,3,10000,1000,1000,0,7000,1/10/2024,2024-10-01,2025-11-09 07:30:19.821879,data/lms_loan_daily.csv,2024-10-01
CUS_0x15f1_2024_08_01,CUS_0x15f1,1/8/2024,10,2,10000,1000,1000,0,8000,1/10/2024,2024-10-01,2025-11-09 07:30:19.821879,data/lms_loan_daily.csv,2024-10-01
CUS_0x15f4_2024_06_01,CUS_0x15f4,1/6/2024,10,4,10000,1000,1000,0,6000,1/10/2024,2024-10-01,2025-11-09 07:30:19.821879,data/lms_loan_daily.csv,2024-10-01
CUS_0x15f7_2024_02_01,CUS_0x15f7,1/2/2024,10,8,10000,1000,0,5000,7000,1/10/2024,2024-10-01,2025-11-09 07:30:19.821879,data/lms_loan_daily.csv,2024-10-01
CUS_0x15f8_2024_06_01,CUS_0x15f8,1/6/2024,10,4,10000,1000,1000,0,6000,1/10/2024,2024-10-01,2025-11-09 07:30:19.821879,data/lms_loan_daily.csv,2024-10-01
CUS_0x1600_2024_10_01,CUS_0x1600,1/10/2024,10,0,10000,0,0,0,10000,1/10/2024,2024-10-01,2025-11-09 07:30:19.821879,data/lms_loan_daily.csv,2024-10-01
CUS_0x1607_2024_10_01,CUS_0x1607,1/10/2024,10,0,10000,0,0,0,10000,1/10/2024,2024-10-01,2025-11-09 07:30:19.821879,data/lms_loan_daily.csv,2024-10-01
CUS_0x1612_2024_10_01,CUS_0x1612,1/10/2024,10,0,10000,0,0,0,10000,1/10/2024,2024-10-01,2025-11-09 07:30:19.821879,data/lms_loan_daily.csv,2024-10-01
CUS_0x161b_2024_09_01,CUS_0x161b,1/9/2024,10,1,10000,1000,1000,0,9000,1/10/2024,2024-10-01,2025-11-09 07:30:19.821879,data/lms_loan_daily.csv,2024-10-01
CUS_0x1621_2024_08_01,CUS_0x1621,1/8/2024,10,2,10000,1000,1000,0,8000,1/10/2024,2024-10-01,2025-11-09 07:30:19.821879,data/lms_loan_daily.csv,2024-10-01
CUS_0x1628_2024_04_01,CUS_0x1628,1/4/2024,10,6,10000,1000,0,2000,6000,1/10/2024,2024-10-01,2025-11-09 07:30:19.821879,data/lms_loan_daily.csv,2024-10-01
CUS_0x162f_2024_05_01,CUS_0x162f,1/5/2024,10,5,10000,1000,1000,0,5000,1/10/2024,2024-10-01,2025-11-09 07:30:19.821879,data/lms_loan_daily.csv,2024-10-01
CUS_0x1631_2024_05_01,CUS_0x1631,1/5/2024,10,5,10000,1000,1000,0,5000,1/10/2024,2024-10-01,2025-11-09 07:30:19.821879,data/lms_loan_daily.csv,2024-10-01
CUS_0x1638_2024_08_01,CUS_0x1638,1/8/2024,10,2,10000,1000,1000,0,8000,1/10/2024,2024-10-01,2025-11-09 07:30:19.821879,data/lms_loan_daily.csv,2024-10-01
CUS_0x1640_2024_06_01,CUS_0x1640,1/6/2024,10,4,10000,1000,2000,0,6000,1/10/2024,2024-10-01,2025-11-09 07:30:19.821879,data/lms_loan_daily.csv,2024-10-01
CUS_0x165a_2024_09_01,CUS_0x165a,1/9/2024,10,1,10000,1000,1000,0,9000,1/10/2024,2024-10-01,2025-11-09 07:30:19.821879,data/lms_loan_daily.csv,2024-10-01
CUS_0x165b_2024_08_01,CUS_0x165b,1/8/2024,10,2,10000,1000,1000,0,8000,1/10/2024,2024-10-01,2025-11-09 07:30:19.821879,data/lms_loan_daily.csv,2024-10-01
CUS_0x1663_2024_10_01,CUS_0x1663,1/10/2024,10,0,10000,0,0,0,10000,1/10/2024,2024-10-01,2025-11-09 07:30:19.821879,data/lms_loan_daily.csv,2024-10-01
CUS_0x1668_2024_01_01,CUS_0x1668,1/1/2024,10,9,10000,1000,1000,0,1000,1/10/2024,2024-10-01,2025-11-09 07:30:19.821879,data/lms_loan_daily.csv,2024-10-01
CUS_0x1673_2024_10_01,CUS_0x1673,1/10/2024,10,0,10000,0,0,0,10000,1/10/2024,2024-10-01,2025-11-09 07:30:19.821879,data/lms_loan_daily.csv,2024-10-01
CUS_0x167a_2024_01_01,CUS_0x167a,1/1/2024,10,9,10000,1000,1000,0,1000,1/10/2024,2024-10-01,2025-11-09 07:30:19.821879,data/lms_loan_daily.csv,2024-10-01
CUS_0x1680_2024_10_01,CUS_0x1680,1/10/2024,10,0,10000,0,0,0,10000,1/10/2024,2024-10-01,2025-11-09 07:30:19.821879,data/lms_loan_daily.csv,2024-10-01
CUS_0x1688_2024_01_01,CUS_0x1688,1/1/2024,10,9,10000,1000,1000,0,1000,1/10/2024,2024-10-01,2025-11-09 07:30:19.821879,data/lms_loan_daily.csv,2024-10-01
CUS_0x1691_2024_09_01,CUS_0x1691,1/9/2024,10,1,10000,1000,1000,0,9000,1/10/2024,2024-10-01,2025-11-09 07:30:19.821879,data/lms_loan_daily.csv,2024-10-01
CUS_0x1695_2024_03_01,CUS_0x1695,1/3/2024,10,7,10000,1000,1000,0,3000,1/10/2024,2024-10-01,2025-11-09 07:30:19.821879,data/lms_loan_daily.csv,2024-10-01
CUS_0x1699_2024_06_01,CUS_0x1699,1/6/2024,10,4,10000,1000,0,2000,8000,1/10/2024,2024-10-01,2025-11-09 07:30:19.821879,data/lms_loan_daily.csv,2024-10-01
CUS_0x16a6_2023_12_01,CUS_0x16a6,1/12/2023,10,10,10000,1000,1000,0,0,1/10/2024,2024-10-01,2025-11-09 07:30:19.821879,data/lms_loan_daily.csv,2024-10-01
CUS_0x16b1_2024_06_01,CUS_0x16b1,1/6/2024,10,4,10000,1000,1000,0,6000,1/10/2024,2024-10-01,2025-11-09 07:30:19.821879,data/lms_loan_daily.csv,2024-10-01
CUS_0x16b4_2024_03_01,CUS_0x16b4,1/3/2024,10,7,10000,1000,1000,0,3000,1/10/2024,2024-10-01,2025-11-09 07:30:19.821879,data/lms_loan_daily.csv,2024-10-01
CUS_0x16b6_2024_09_01,CUS_0x16b6,1/9/2024,10,1,10000,1000,1000,0,9000,1/10/2024,2024-10-01,2025-11-09 07:30:19.821879,data/lms_loan_daily.csv,2024-10-01
CUS_0x16be_2024_10_01,CUS_0x16be,1/10/2024,10,0,10000,0,0,0,10000,1/10/2024,2024-10-01,2025-11-09 07:30:19.821879,data/lms_loan_daily.csv,2024-10-01
CUS_0x16c4_2024_06_01,CUS_0x16c4,1/6/2024,10,4,10000,1000,1000,0,6000,1/10/2024,2024-10-01,2025-11-09 07:30:19.821879,data/lms_loan_daily.csv,2024-10-01
CUS_0x16cf_2024_04_01,CUS_0x16cf,1/4/2024,10,6,10000,1000,1000,0,4000,1/10/2024,2024-10-01,2025-11-09 07:30:19.821879,data/lms_loan_daily.csv,2024-10-01
CUS_0x16d4_2024_04_01,CUS_0x16d4,1/4/2024,10,6,10000,1000,1000,0,4000,1/10/2024,2024-10-01,2025-11-09 07:30:19.821879,data/lms_loan_daily.csv,2024-10-01
CUS_0x16d5_2024_06_01,CUS_0x16d5,1/6/2024,10,4,10000,1000,1000,0,6000,1/10/2024,2024-10-01,2025-11-09 07:30:19.821879,data/lms_loan_daily.csv,2024-10-01
CUS_0x16ee_2024_09_01,CUS_0x16ee,1/9/2024,10,1,10000,1000,1000,0,9000,1/10/2024,2024-10-01,2025-11-09 07:30:19.821879,data/lms_loan_daily.csv,2024-10-01
CUS_0x16f5_2024_10_01,CUS_0x16f5,1/10/2024,10,0,10000,0,0,0,10000,1/10/2024,2024-10-01,2025-11-09 07:30:19.821879,data/lms_loan_daily.csv,2024-10-01
CUS_0x16fd_2024_07_01,CUS_0x16fd,1/7/2024,10,3,10000,1000,0,1000,8000,1/10/2024,2024-10-01,2025-11-09 07:30:19.821879,data/lms_loan_daily.csv,2024-10-01
CUS_0x1713_2024_03_01,CUS_0x1713,1/3/2024,10,7,10000,1000,0,6000,9000,1/10/2024,2024-10-01,2025-11-09 07:30:19.821879,data/lms_loan_daily.csv,2024-10-01
CUS_0x1718_2024_01_01,CUS_0x1718,1/1/2024,10,9,10000,1000,0,9000,10000,1/10/2024,2024-10-01,2025-11-09 07:30:19.821879,data/lms_loan_daily.csv,2024-10-01
CUS_0x172d_2024_06_01,CUS_0x172d,1/6/2024,10,4,10000,1000,3000,0,6000,1/10/2024,2024-10-01,2025-11-09 07:30:19.821879,data/lms_loan_daily.csv,2024-10-01
CUS_0x1739_2024_02_01,CUS_0x1739,1/2/2024,10,8,10000,1000,0,5000,7000,1/10/2024,2024-10-01,2025-11-09 07:30:19.821879,data/lms_loan_daily.csv,2024-10-01
CUS_0x1743_2024_06_01,CUS_0x1743,1/6/2024,10,4,10000,1000,0,2000,8000,1/10/2024,2024-10-01,2025-11-09 07:30:19.821879,data/lms_loan_daily.csv,2024-10-01
CUS_0x1750_2024_09_01,CUS_0x1750,1/9/2024,10,1,10000,1000,1000,0,9000,1/10/2024,2024-10-01,2025-11-09 07:30:19.821879,data/lms_loan_daily.csv,2024-10-01
CUS_0x1758_2024_01_01,CUS_0x1758,1/1/2024,10,9,10000,1000,1000,0,1000,1/10/2024,2024-10-01,2025-11-09 07:30:19.821879,data/lms_loan_daily.csv,2024-10-01
CUS_0x1764_2024_01_01,CUS_0x1764,1/1/2024,10,9,10000,1000,1000,0,1000,1/10/2024,2024-10-01,2025-11-09 07:30:19.821879,data/lms_loan_daily.csv,2024-10-01
CUS_0x1768_2024_09_01,CUS_0x1768,1/9/2024,10,1,10000,1000,1000,0,9000,1/10/2024,2024-10-01,2025-11-09 07:30:19.821879,data/lms_loan_daily.csv,2024-10-01
CUS_0x176b_2024_10_01,CUS_0x176b,1/10/2024,10,0,10000,0,0,0,10000,1/10/2024,2024-10-01,2025-11-09 07:30:19.821879,data/lms_loan_daily.csv,2024-10-01
CUS_0x178b_2024_02_01,CUS_0x178b,1/2/2024,10,8,10000,1000,1000,0,2000,1/10/2024,2024-10-01,2025-11-09 07:30:19.821879,data/lms_loan_daily.csv,2024-10-01
CUS_0x17b5_2024_10_01,CUS_0x17b5,1/10/2024,10,0,10000,0,0,0,10000,1/10/2024,2024-10-01,2025-11-09 07:30:19.821879,data/lms_loan_daily.csv,2024-10-01
CUS_0x17d3_2023_12_01,CUS_0x17d3,1/12/2023,10,10,10000,1000,0,7000,7000,1/10/2024,2024-10-01,2025-11-09 07:30:19.821879,data/lms_loan_daily.csv,2024-10-01
CUS_0x17e3_2024_01_01,CUS_0x17e3,1/1/2024,10,9,10000,1000,0,7000,8000,1/10/2024,2024-10-01,2025-11-09 07:30:19.821879,data/lms_loan_daily.csv,2024-10-01
CUS_0x17e5_2024_05_01,CUS_0x17e5,1/5/2024,10,5,10000,1000,0,3000,8000,1/10/2024,2024-10-01,2025-11-09 07:30:19.821879,data/lms_loan_daily.csv,2024-10-01
CUS_0x17e9_2024_06_01,CUS_0x17e9,1/6/2024,10,4,10000,1000,1000,0,6000,1/10/2024,2024-10-01,2025-11-09 07:30:19.821879,data/lms_loan_daily.csv,2024-10-01
CUS_0x17ec_2024_02_01,CUS_0x17ec,1/2/2024,10,8,10000,1000,1000,0,2000,1/10/2024,2024-10-01,2025-11-09 07:30:19.821879,data/lms_loan_daily.csv,2024-10-01
CUS_0x17f3_2024_06_01,CUS_0x17f3,1/6/2024,10,4,10000,1000,1000,0,6000,1/10/2024,2024-10-01,2025-11-09 07:30:19.821879,data/lms_loan_daily.csv,2024-10-01
CUS_0x17fb_2024_04_01,CUS_0x17fb,1/4/2024,10,6,10000,1000,1000,0,4000,1/10/2024,2024-10-01,2025-11-09 07:30:19.821879,data/lms_loan_daily.csv,2024-10-01
CUS_0x17fc_2024_09_01,CUS_0x17fc,1/9/2024,10,1,10000,1000,1000,0,9000,1/10/2024,2024-10-01,2025-11-09 07:30:19.821879,data/lms_loan_daily.csv,2024-10-01
CUS_0x17ff_2024_10_01,CUS_0x17ff,1/10/2024,10,0,10000,0,0,0,10000,1/10/2024,2024-10-01,2025-11-09 07:30:19.821879,data/lms_loan_daily.csv,2024-10-01
CUS_0x180f_2024_06_01,CUS_0x180f,1/6/2024,10,4,10000,1000,1000,0,6000,1/10/2024,2024-10-01,2025-11-09 07:30:19.821879,data/lms_loan_daily.csv,2024-10-01
CUS_0x1820_2024_10_01,CUS_0x1820,1/10/2024,10,0,10000,0,0,0,10000,1/10/2024,2024-10-01,2025-11-09 07:30:19.821879,data/lms_loan_daily.csv,2024-10-01
CUS_0x1821_2024_09_01,CUS_0x1821,1/9/2024,10,1,10000,1000,1000,0,9000,1/10/2024,2024-10-01,2025-11-09 07:30:19.821879,data/lms_loan_daily.csv,2024-10-01
CUS_0x183d_2024_07_01,CUS_0x183d,1/7/2024,10,3,10000,1000,1000,0,7000,1/10/2024,2024-10-01,2025-11-09 07:30:19.821879,data/lms_loan_daily.csv,2024-10-01
CUS_0x183e_2024_07_01,CUS_0x183e,1/7/2024,10,3,10000,1000,1000,0,7000,1/10/2024,2024-10-01,2025-11-09 07:30:19.821879,data/lms_loan_daily.csv,2024-10-01
CUS_0x1871_2024_03_01,CUS_0x1871,1/3/2024,10,7,10000,1000,1000,0,3000,1/10/2024,2024-10-01,2025-11-09 07:30:19.821879,data/lms_loan_daily.csv,2024-10-01
CUS_0x187e_2023_12_01,CUS_0x187e,1/12/2023,10,10,10000,1000,0,8000,8000,1/10/2024,2024-10-01,2025-11-09 07:30:19.821879,data/lms_loan_daily.csv,2024-10-01
CUS_0x1883_2024_09_01,CUS_0x1883,1/9/2024,10,1,10000,1000,1000,0,9000,1/10/2024,2024-10-01,2025-11-09 07:30:19.821879,data/lms_loan_daily.csv,2024-10-01
CUS_0x1884_2024_09_01,CUS_0x1884,1/9/2024,10,1,10000,1000,1000,0,9000,1/10/2024,2024-10-01,2025-11-09 07:30:19.821879,data/lms_loan_daily.csv,2024-10-01
CUS_0x1890_2024_08_01,CUS_0x1890,1/8/2024,10,2,10000,1000,0,1000,9000,1/10/2024,2024-10-01,2025-11-09 07:30:19.821879,data/lms_loan_daily.csv,2024-10-01
CUS_0x189e_2023_12_01,CUS_0x189e,1/12/2023,10,10,10000,1000,1000,0,0,1/10/2024,2024-10-01,2025-11-09 07:30:19.821879,data/lms_loan_daily.csv,2024-10-01
CUS_0x18a2_2024_09_01,CUS_0x18a2,1/9/2024,10,1,10000,1000,0,1000,10000,1/10/2024,2024-10-01,2025-11-09 07:30:19.821879,data/lms_loan_daily.csv,2024-10-01
CUS_0x18ab_2024_06_01,CUS_0x18ab,1/6/2024,10,4,10000,1000,1000,0,6000,1/10/2024,2024-10-01,2025-11-09 07:30:19.821879,data/lms_loan_daily.csv,2024-10-01
CUS_0x18cb_2024_01_01,CUS_0x18cb,1/1/2024,10,9,10000,1000,0,7000,8000,1/10/2024,2024-10-01,2025-11-09 07:30:19.821879,data/lms_loan_daily.csv,2024-10-01
CUS_0x18d8_2024_03_01,CUS_0x18d8,1/3/2024,10,7,10000,1000,0,6000,9000,1/10/2024,2024-10-01,2025-11-09 07:30:19.821879,data/lms_loan_daily.csv,2024-10-01
CUS_0x18e1_2024_10_01,CUS_0x18e1,1/10/2024,10,0,10000,0,0,0,10000,1/10/2024,2024-10-01,2025-11-09 07:30:19.821879,data/lms_loan_daily.csv,2024-10-01
CUS_0x18e5_2024_03_01,CUS_0x18e5,1/3/2024,10,7,10000,1000,0,4000,7000,1/10/2024,2024-10-01,2025-11-09 07:30:19.821879,data/lms_loan_daily.csv,2024-10-01
CUS_0x18e8_2024_06_01,CUS_0x18e8,1/6/2024,10,4,10000,1000,1000,0,6000,1/10/2024,2024-10-01,2025-11-09 07:30:19.821879,data/lms_loan_daily.csv,2024-10-01
CUS_0x18ef_2024_04_01,CUS_0x18ef,1/4/2024,10,6,10000,1000,1000,0,4000,1/10/2024,2024-10-01,2025-11-09 07:30:19.821879,data/lms_loan_daily.csv,2024-10-01
CUS_0x18f3_2024_10_01,CUS_0x18f3,1/10/2024,10,0,10000,0,0,0,10000,1/10/2024,2024-10-01,2025-11-09 07:30:19.821879,data/lms_loan_daily.csv,2024-10-01
CUS_0x18f4_2024_02_01,CUS_0x18f4,1/2/2024,10,8,10000,1000,1000,0,2000,1/10/2024,2024-10-01,2025-11-09 07:30:19.821879,data/lms_loan_daily.csv,2024-10-01
CUS_0x18f5_2024_08_01,CUS_0x18f5,1/8/2024,10,2,10000,1000,1000,0,8000,1/10/2024,2024-10-01,2025-11-09 07:30:19.821879,data/lms_loan_daily.csv,2024-10-01
CUS_0x18f7_2024_04_01,CUS_0x18f7,1/4/2024,10,6,10000,1000,1000,0,4000,1/10/2024,2024-10-01,2025-11-09 07:30:19.821879,data/lms_loan_daily.csv,2024-10-01
CUS_0x1900_2024_08_01,CUS_0x1900,1/8/2024,10,2,10000,1000,1000,0,8000,1/10/2024,2024-10-01,2025-11-09 07:30:19.821879,data/lms_loan_daily.csv,2024-10-01
CUS_0x1914_2024_02_01,CUS_0x1914,1/2/2024,10,8,10000,1000,0,6000,8000,1/10/2024,2024-10-01,2025-11-09 07:30:19.821879,data/lms_loan_daily.csv,2024-10-01
CUS_0x1915_2023_12_01,CUS_0x1915,1/12/2023,10,10,10000,1000,1000,0,0,1/10/2024,2024-10-01,2025-11-09 07:30:19.821879,data/lms_loan_daily.csv,2024-10-01
CUS_0x1916_2023_12_01,CUS_0x1916,1/12/2023,10,10,10000,1000,1000,0,0,1/10/2024,2024-10-01,2025-11-09 07:30:19.821879,data/lms_loan_daily.csv,2024-10-01
CUS_0x1931_2024_03_01,CUS_0x1931,1/3/2024,10,7,10000,1000,0,5000,8000,1/10/2024,2024-10-01,2025-11-09 07:30:19.821879,data/lms_loan_daily.csv,2024-10-01
CUS_0x1935_2024_02_01,CUS_0x1935,1/2/2024,10,8,10000,1000,1000,0,2000,1/10/2024,2024-10-01,2025-11-09 07:30:19.821879,data/lms_loan_daily.csv,2024-10-01
CUS_0x193c_2024_04_01,CUS_0x193c,1/4/2024,10,6,10000,1000,0,3000,7000,1/10/2024,2024-10-01,2025-11-09 07:30:19.821879,data/lms_loan_daily.csv,2024-10-01
CUS_0x1942_2024_01_01,CUS_0x1942,1/1/2024,10,9,10000,1000,0,7000,8000,1/10/2024,2024-10-01,2025-11-09 07:30:19.821879,data/lms_loan_daily.csv,2024-10-01
CUS_0x1947_2024_08_01,CUS_0x1947,1/8/2024,10,2,10000,1000,1000,0,8000,1/10/2024,2024-10-01,2025-11-09 07:30:19.821879,data/lms_loan_daily.csv,2024-10-01
CUS_0x194b_2024_02_01,CUS_0x194b,1/2/2024,10,8,10000,1000,0,6000,8000,1/10/2024,2024-10-01,2025-11-09 07:30:19.821879,data/lms_loan_daily.csv,2024-10-01
CUS_0x194f_2024_08_01,CUS_0x194f,1/8/2024,10,2,10000,1000,1000,0,8000,1/10/2024,2024-10-01,2025-11-09 07:30:19.821879,data/lms_loan_daily.csv,2024-10-01
CUS_0x1956_2023_12_01,CUS_0x1956,1/12/2023,10,10,10000,1000,1000,0,0,1/10/2024,2024-10-01,2025-11-09 07:30:19.821879,data/lms_loan_daily.csv,2024-10-01
CUS_0x195b_2024_10_01,CUS_0x195b,1/10/2024,10,0,10000,0,0,0,10000,1/10/2024,2024-10-01,2025-11-09 07:30:19.821879,data/lms_loan_daily.csv,2024-10-01
CUS_0x1968_2024_04_01,CUS_0x1968,1/4/2024,10,6,10000,1000,0,4000,8000,1/10/2024,2024-10-01,2025-11-09 07:30:19.821879,data/lms_loan_daily.csv,2024-10-01
CUS_0x1971_2023_12_01,CUS_0x1971,1/12/2023,10,10,10000,1000,1000,0,0,1/10/2024,2024-10-01,2025-11-09 07:30:19.821879,data/lms_loan_daily.csv,2024-10-01
CUS_0x198e_2024_01_01,CUS_0x198e,1/1/2024,10,9,10000,1000,0,6000,7000,1/10/2024,2024-10-01,2025-11-09 07:30:19.821879,data/lms_loan_daily.csv,2024-10-01
CUS_0x1999_2024_04_01,CUS_0x1999,1/4/2024,10,6,10000,1000,1000,0,4000,1/10/2024,2024-10-01,2025-11-09 07:30:19.821879,data/lms_loan_daily.csv,2024-10-01
CUS_0x19a5_2024_08_01,CUS_0x19a5,1/8/2024,10,2,10000,1000,1000,0,8000,1/10/2024,2024-10-01,2025-11-09 07:30:19.821879,data/lms_loan_daily.csv,2024-10-01
CUS_0x19a7_2024_01_01,CUS_0x19a7,1/1/2024,10,9,10000,1000,0,5000,6000,1/10/2024,2024-10-01,2025-11-09 07:30:19.821879,data/lms_loan_daily.csv,2024-10-01
CUS_0x19a9_2024_09_01,CUS_0x19a9,1/9/2024,10,1,10000,1000,1000,0,9000,1/10/2024,2024-10-01,2025-11-09 07:30:19.821879,data/lms_loan_daily.csv,2024-10-01
CUS_0x19b0_2024_03_01,CUS_0x19b0,1/3/2024,10,7,10000,1000,1000,0,3000,1/10/2024,2024-10-01,2025-11-09 07:30:19.821879,data/lms_loan_daily.csv,2024-10-01
CUS_0x19b2_2024_03_01,CUS_0x19b2,1/3/2024,10,7,10000,1000,1000,0,3000,1/10/2024,2024-10-01,2025-11-09 07:30:19.821879,data/lms_loan_daily.csv,2024-10-01
CUS_0x19b5_2024_01_01,CUS_0x19b5,1/1/2024,10,9,10000,1000,0,8000,9000,1/10/2024,2024-10-01,2025-11-09 07:30:19.821879,data/lms_loan_daily.csv,2024-10-01
CUS_0x19c1_2024_05_01,CUS_0x19c1,1/5/2024,10,5,10000,1000,0,4000,9000,1/10/2024,2024-10-01,2025-11-09 07:30:19.821879,data/lms_loan_daily.csv,2024-10-01
CUS_0x19c9_2024_03_01,CUS_0x19c9,1/3/2024,10,7,10000,1000,1000,0,3000,1/10/2024,2024-10-01,2025-11-09 07:30:19.821879,data/lms_loan_daily.csv,2024-10-01
CUS_0x19cc_2024_03_01,CUS_0x19cc,1/3/2024,10,7,10000,1000,1000,0,3000,1/10/2024,2024-10-01,2025-11-09 07:30:19.821879,data/lms_loan_daily.csv,2024-10-01
CUS_0x19f3_2024_03_01,CUS_0x19f3,1/3/2024,10,7,10000,1000,1000,0,3000,1/10/2024,2024-10-01,2025-11-09 07:30:19.821879,data/lms_loan_daily.csv,2024-10-01
CUS_0x19fc_2024_02_01,CUS_0x19fc,1/2/2024,10,8,10000,1000,1000,0,2000,1/10/2024,2024-10-01,2025-11-09 07:30:19.821879,data/lms_loan_daily.csv,2024-10-01
CUS_0x1a03_2024_04_01,CUS_0x1a03,1/4/2024,10,6,10000,1000,1000,0,4000,1/10/2024,2024-10-01,2025-11-09 07:30:19.821879,data/lms_loan_daily.csv,2024-10-01
CUS_0x1a06_2024_08_01,CUS_0x1a06,1/8/2024,10,2,10000,1000,1000,0,8000,1/10/2024,2024-10-01,2025-11-09 07:30:19.821879,data/lms_loan_daily.csv,2024-10-01
CUS_0x1a22_2024_05_01,CUS_0x1a22,1/5/2024,10,5,10000,1000,1000,0,5000,1/10/2024,2024-10-01,2025-11-09 07:30:19.821879,data/lms_loan_daily.csv,2024-10-01
CUS_0x1a3b_2024_08_01,CUS_0x1a3b,1/8/2024,10,2,10000,1000,1000,0,8000,1/10/2024,2024-10-01,2025-11-09 07:30:19.821879,data/lms_loan_daily.csv,2024-10-01
CUS_0x1a4b_2024_06_01,CUS_0x1a4b,1/6/2024,10,4,10000,1000,1000,0,6000,1/10/2024,2024-10-01,2025-11-09 07:30:19.821879,data/lms_loan_daily.csv,2024-10-01
CUS_0x1a4d_2023_12_01,CUS_0x1a4d,1/12/2023,10,10,10000,1000,1000,0,0,1/10/2024,2024-10-01,2025-11-09 07:30:19.821879,data/lms_loan_daily.csv,2024-10-01
CUS_0x1a53_2024_04_01,CUS_0x1a53,1/4/2024,10,6,10000,1000,1000,0,4000,1/10/2024,2024-10-01,2025-11-09 07:30:19.821879,data/lms_loan_daily.csv,2024-10-01
CUS_0x1a56_2024_07_01,CUS_0x1a56,1/7/2024,10,3,10000,1000,1000,0,7000,1/10/2024,2024-10-01,2025-11-09 07:30:19.821879,data/lms_loan_daily.csv,2024-10-01
CUS_0x1a57_2024_08_01,CUS_0x1a57,1/8/2024,10,2,10000,1000,0,1000,9000,1/10/2024,2024-10-01,2025-11-09 07:30:19.821879,data/lms_loan_daily.csv,2024-10-01
CUS_0x1a59_2023_12_01,CUS_0x1a59,1/12/2023,10,10,10000,1000,1000,0,0,1/10/2024,2024-10-01,2025-11-09 07:30:19.821879,data/lms_loan_daily.csv,2024-10-01
CUS_0x1a5a_2024_04_01,CUS_0x1a5a,1/4/2024,10,6,10000,1000,1000,0,4000,1/10/2024,2024-10-01,2025-11-09 07:30:19.821879,data/lms_loan_daily.csv,2024-10-01
CUS_0x1a5c_2024_05_01,CUS_0x1a5c,1/5/2024,10,5,10000,1000,1000,0,5000,1/10/2024,2024-10-01,2025-11-09 07:30:19.821879,data/lms_loan_daily.csv,2024-10-01
CUS_0x1a71_2024_09_01,CUS_0x1a71,1/9/2024,10,1,10000,1000,1000,0,9000,1/10/2024,2024-10-01,2025-11-09 07:30:19.821879,data/lms_loan_daily.csv,2024-10-01
CUS_0x1a85_2024_04_01,CUS_0x1a85,1/4/2024,10,6,10000,1000,0,2000,6000,1/10/2024,2024-10-01,2025-11-09 07:30:19.821879,data/lms_loan_daily.csv,2024-10-01
CUS_0x1a96_2024_08_01,CUS_0x1a96,1/8/2024,10,2,10000,1000,1000,0,8000,1/10/2024,2024-10-01,2025-11-09 07:30:19.821879,data/lms_loan_daily.csv,2024-10-01
CUS_0x1a9f_2024_06_01,CUS_0x1a9f,1/6/2024,10,4,10000,1000,0,2000,8000,1/10/2024,2024-10-01,2025-11-09 07:30:19.821879,data/lms_loan_daily.csv,2024-10-01
CUS_0x1abe_2024_07_01,CUS_0x1abe,1/7/2024,10,3,10000,1000,0,1000,8000,1/10/2024,2024-10-01,2025-11-09 07:30:19.821879,data/lms_loan_daily.csv,2024-10-01
CUS_0x1ac0_2024_03_01,CUS_0x1ac0,1/3/2024,10,7,10000,1000,1000,0,3000,1/10/2024,2024-10-01,2025-11-09 07:30:19.821879,data/lms_loan_daily.csv,2024-10-01
CUS_0x1ac9_2024_03_01,CUS_0x1ac9,1/3/2024,10,7,10000,1000,1000,0,3000,1/10/2024,2024-10-01,2025-11-09 07:30:19.821879,data/lms_loan_daily.csv,2024-10-01
CUS_0x1ad3_2024_08_01,CUS_0x1ad3,1/8/2024,10,2,10000,1000,1000,0,8000,1/10/2024,2024-10-01,2025-11-09 07:30:19.821879,data/lms_loan_daily.csv,2024-10-01
CUS_0x1ad6_2024_10_01,CUS_0x1ad6,1/10/2024,10,0,10000,0,0,0,10000,1/10/2024,2024-10-01,2025-11-09 07:30:19.821879,data/lms_loan_daily.csv,2024-10-01
CUS_0x1ad9_2024_09_01,CUS_0x1ad9,1/9/2024,10,1,10000,1000,1000,0,9000,1/10/2024,2024-10-01,2025-11-09 07:30:19.821879,data/lms_loan_daily.csv,2024-10-01
CUS_0x1ae8_2024_10_01,CUS_0x1ae8,1/10/2024,10,0,10000,0,0,0,10000,1/10/2024,2024-10-01,2025-11-09 07:30:19.821879,data/lms_loan_daily.csv,2024-10-01
CUS_0x1af1_2023_12_01,CUS_0x1af1,1/12/2023,10,10,10000,1000,0,7000,7000,1/10/2024,2024-10-01,2025-11-09 07:30:19.821879,data/lms_loan_daily.csv,2024-10-01
CUS_0x1b02_2024_07_01,CUS_0x1b02,1/7/2024,10,3,10000,1000,1000,0,7000,1/10/2024,2024-10-01,2025-11-09 07:30:19.821879,data/lms_loan_daily.csv,2024-10-01
CUS_0x1b09_2024_01_01,CUS_0x1b09,1/1/2024,10,9,10000,1000,1000,0,1000,1/10/2024,2024-10-01,2025-11-09 07:30:19.821879,data/lms_loan_daily.csv,2024-10-01
CUS_0x1b0a_2024_06_01,CUS_0x1b0a,1/6/2024,10,4,10000,1000,1000,0,6000,1/10/2024,2024-10-01,2025-11-09 07:30:19.821879,data/lms_loan_daily.csv,2024-10-01
CUS_0x1b0b_2024_03_01,CUS_0x1b0b,1/3/2024,10,7,10000,1000,0,4000,7000,1/10/2024,2024-10-01,2025-11-09 07:30:19.821879,data/lms_loan_daily.csv,2024-10-01
CUS_0x1b21_2024_03_01,CUS_0x1b21,1/3/2024,10,7,10000,1000,1000,0,3000,1/10/2024,2024-10-01,2025-11-09 07:30:19.821879,data/lms_loan_daily.csv,2024-10-01
CUS_0x1b29_2023_12_01,CUS_0x1b29,1/12/2023,10,10,10000,1000,1000,0,0,1/10/2024,2024-10-01,2025-11-09 07:30:19.821879,data/lms_loan_daily.csv,2024-10-01
CUS_0x1b2a_2024_09_01,CUS_0x1b2a,1/9/2024,10,1,10000,1000,1000,0,9000,1/10/2024,2024-10-01,2025-11-09 07:30:19.821879,data/lms_loan_daily.csv,2024-10-01
CUS_0x1b3a_2024_02_01,CUS_0x1b3a,1/2/2024,10,8,10000,1000,1000,0,2000,1/10/2024,2024-10-01,2025-11-09 07:30:19.821879,data/lms_loan_daily.csv,2024-10-01
CUS_0x1b3b_2024_09_01,CUS_0x1b3b,1/9/2024,10,1,10000,1000,1000,0,9000,1/10/2024,2024-10-01,2025-11-09 07:30:19.821879,data/lms_loan_daily.csv,2024-10-01
CUS_0x1b41_2024_07_01,CUS_0x1b41,1/7/2024,10,3,10000,1000,1000,0,7000,1/10/2024,2024-10-01,2025-11-09 07:30:19.821879,data/lms_loan_daily.csv,2024-10-01
CUS_0x1b55_2024_05_01,CUS_0x1b55,1/5/2024,10,5,10000,1000,1000,0,5000,1/10/2024,2024-10-01,2025-11-09 07:30:19.821879,data/lms_loan_daily.csv,2024-10-01
CUS_0x1b62_2024_05_01,CUS_0x1b62,1/5/2024,10,5,10000,1000,1000,0,5000,1/10/2024,2024-10-01,2025-11-09 07:30:19.821879,data/lms_loan_daily.csv,2024-10-01
CUS_0x1b85_2024_07_01,CUS_0x1b85,1/7/2024,10,3,10000,1000,1000,0,7000,1/10/2024,2024-10-01,2025-11-09 07:30:19.821879,data/lms_loan_daily.csv,2024-10-01
CUS_0x1b88_2024_06_01,CUS_0x1b88,1/6/2024,10,4,10000,1000,0,1000,7000,1/10/2024,2024-10-01,2025-11-09 07:30:19.821879,data/lms_loan_daily.csv,2024-10-01
CUS_0x1b8a_2024_06_01,CUS_0x1b8a,1/6/2024,10,4,10000,1000,1000,0,6000,1/10/2024,2024-10-01,2025-11-09 07:30:19.821879,data/lms_loan_daily.csv,2024-10-01
CUS_0x1b97_2024_03_01,CUS_0x1b97,1/3/2024,10,7,10000,1000,1000,0,3000,1/10/2024,2024-10-01,2025-11-09 07:30:19.821879,data/lms_loan_daily.csv,2024-10-01
CUS_0x1b9c_2024_10_01,CUS_0x1b9c,1/10/2024,10,0,10000,0,0,0,10000,1/10/2024,2024-10-01,2025-11-09 07:30:19.821879,data/lms_loan_daily.csv,2024-10-01
CUS_0x1ba2_2024_04_01,CUS_0x1ba2,1/4/2024,10,6,10000,1000,1000,0,4000,1/10/2024,2024-10-01,2025-11-09 07:30:19.821879,data/lms_loan_daily.csv,2024-10-01
CUS_0x1bb0_2024_02_01,CUS_0x1bb0,1/2/2024,10,8,10000,1000,1000,0,2000,1/10/2024,2024-10-01,2025-11-09 07:30:19.821879,data/lms_loan_daily.csv,2024-10-01
CUS_0x1bb6_2024_09_01,CUS_0x1bb6,1/9/2024,10,1,10000,1000,1000,0,9000,1/10/2024,2024-10-01,2025-11-09 07:30:19.821879,data/lms_loan_daily.csv,2024-10-01
CUS_0x1bb7_2024_07_01,CUS_0x1bb7,1/7/2024,10,3,10000,1000,0,2000,9000,1/10/2024,2024-10-01,2025-11-09 07:30:19.821879,data/lms_loan_daily.csv,2024-10-01
CUS_0x1bbf_2024_02_01,CUS_0x1bbf,1/2/2024,10,8,10000,1000,0,5000,7000,1/10/2024,2024-10-01,2025-11-09 07:30:19.821879,data/lms_loan_daily.csv,2024-10-01
CUS_0x1bef_2024_02_01,CUS_0x1bef,1/2/2024,10,8,10000,1000,1000,0,2000,1/10/2024,2024-10-01,2025-11-09 07:30:19.821879,data/lms_loan_daily.csv,2024-10-01
CUS_0x1bfd_2024_08_01,CUS_0x1bfd,1/8/2024,10,2,10000,1000,0,1000,9000,1/10/2024,2024-10-01,2025-11-09 07:30:19.821879,data/lms_loan_daily.csv,2024-10-01
CUS_0x1bff_2024_01_01,CUS_0x1bff,1/1/2024,10,9,10000,1000,1000,0,1000,1/10/2024,2024-10-01,2025-11-09 07:30:19.821879,data/lms_loan_daily.csv,2024-10-01
CUS_0x1c06_2024_10_01,CUS_0x1c06,1/10/2024,10,0,10000,0,0,0,10000,1/10/2024,2024-10-01,2025-11-09 07:30:19.821879,data/lms_loan_daily.csv,2024-10-01
CUS_0x1c12_2024_01_01,CUS_0x1c12,1/1/2024,10,9,10000,1000,1000,0,1000,1/10/2024,2024-10-01,2025-11-09 07:30:19.821879,data/lms_loan_daily.csv,2024-10-01
CUS_0x1c1f_2024_01_01,CUS_0x1c1f,1/1/2024,10,9,10000,1000,0,8000,9000,1/10/2024,2024-10-01,2025-11-09 07:30:19.821879,data/lms_loan_daily.csv,2024-10-01
CUS_0x1c24_2024_02_01,CUS_0x1c24,1/2/2024,10,8,10000,1000,1000,0,2000,1/10/2024,2024-10-01,2025-11-09 07:30:19.821879,data/lms_loan_daily.csv,2024-10-01
CUS_0x1c26_2024_04_01,CUS_0x1c26,1/4/2024,10,6,10000,1000,0,4000,8000,1/10/2024,2024-10-01,2025-11-09 07:30:19.821879,data/lms_loan_daily.csv,2024-10-01
CUS_0x1c2a_2024_08_01,CUS_0x1c2a,1/8/2024,10,2,10000,1000,1000,0,8000,1/10/2024,2024-10-01,2025-11-09 07:30:19.821879,data/lms_loan_daily.csv,2024-10-01
CUS_0x1c31_2024_02_01,CUS_0x1c31,1/2/2024,10,8,10000,1000,0,6000,8000,1/10/2024,2024-10-01,2025-11-09 07:30:19.821879,data/lms_loan_daily.csv,2024-10-01
CUS_0x1c3a_2024_08_01,CUS_0x1c3a,1/8/2024,10,2,10000,1000,1000,0,8000,1/10/2024,2024-10-01,2025-11-09 07:30:19.821879,data/lms_loan_daily.csv,2024-10-01
CUS_0x1c58_2024_10_01,CUS_0x1c58,1/10/2024,10,0,10000,0,0,0,10000,1/10/2024,2024-10-01,2025-11-09 07:30:19.821879,data/lms_loan_daily.csv,2024-10-01
CUS_0x1c7a_2024_09_01,CUS_0x1c7a,1/9/2024,10,1,10000,1000,1000,0,9000,1/10/2024,2024-10-01,2025-11-09 07:30:19.821879,data/lms_loan_daily.csv,2024-10-01
CUS_0x1c7e_2024_01_01,CUS_0x1c7e,1/1/2024,10,9,10000,1000,1000,0,1000,1/10/2024,2024-10-01,2025-11-09 07:30:19.821879,data/lms_loan_daily.csv,2024-10-01
CUS_0x1c82_2024_07_01,CUS_0x1c82,1/7/2024,10,3,10000,1000,1000,0,7000,1/10/2024,2024-10-01,2025-11-09 07:30:19.821879,data/lms_loan_daily.csv,2024-10-01
CUS_0x1c98_2024_04_01,CUS_0x1c98,1/4/2024,10,6,10000,1000,1000,0,4000,1/10/2024,2024-10-01,2025-11-09 07:30:19.821879,data/lms_loan_daily.csv,2024-10-01
CUS_0x1cab_2023_12_01,CUS_0x1cab,1/12/2023,10,10,10000,1000,0,7000,7000,1/10/2024,2024-10-01,2025-11-09 07:30:19.821879,data/lms_loan_daily.csv,2024-10-01
CUS_0x1cb8_2024_05_01,CUS_0x1cb8,1/5/2024,10,5,10000,1000,1000,0,5000,1/10/2024,2024-10-01,2025-11-09 07:30:19.821879,data/lms_loan_daily.csv,2024-10-01
CUS_0x1cc3_2024_04_01,CUS_0x1cc3,1/4/2024,10,6,10000,1000,0,4000,8000,1/10/2024,2024-10-01,2025-11-09 07:30:19.821879,data/lms_loan_daily.csv,2024-10-01
CUS_0x1cc4_2024_01_01,CUS_0x1cc4,1/1/2024,10,9,10000,1000,1000,0,1000,1/10/2024,2024-10-01,2025-11-09 07:30:19.821879,data/lms_loan_daily.csv,2024-10-01
CUS_0x1cce_2024_01_01,CUS_0x1cce,1/1/2024,10,9,10000,1000,0,7000,8000,1/10/2024,2024-10-01,2025-11-09 07:30:19.821879,data/lms_loan_daily.csv,2024-10-01
CUS_0x1cd5_2024_07_01,CUS_0x1cd5,1/7/2024,10,3,10000,1000,1000,0,7000,1/10/2024,2024-10-01,2025-11-09 07:30:19.821879,data/lms_loan_daily.csv,2024-10-01
CUS_0x1cd7_2024_09_01,CUS_0x1cd7,1/9/2024,10,1,10000,1000,1000,0,9000,1/10/2024,2024-10-01,2025-11-09 07:30:19.821879,data/lms_loan_daily.csv,2024-10-01
CUS_0x1ce6_2024_05_01,CUS_0x1ce6,1/5/2024,10,5,10000,1000,0,2000,7000,1/10/2024,2024-10-01,2025-11-09 07:30:19.821879,data/lms_loan_daily.csv,2024-10-01
CUS_0x1cee_2023_12_01,CUS_0x1cee,1/12/2023,10,10,10000,1000,1000,0,0,1/10/2024,2024-10-01,2025-11-09 07:30:19.821879,data/lms_loan_daily.csv,2024-10-01
CUS_0x1cfd_2023_12_01,CUS_0x1cfd,1/12/2023,10,10,10000,1000,1000,0,0,1/10/2024,2024-10-01,2025-11-09 07:30:19.821879,data/lms_loan_daily.csv,2024-10-01
CUS_0x1d13_2024_09_01,CUS_0x1d13,1/9/2024,10,1,10000,1000,1000,0,9000,1/10/2024,2024-10-01,2025-11-09 07:30:19.821879,data/lms_loan_daily.csv,2024-10-01
CUS_0x1d15_2024_04_01,CUS_0x1d15,1/4/2024,10,6,10000,1000,1000,0,4000,1/10/2024,2024-10-01,2025-11-09 07:30:19.821879,data/lms_loan_daily.csv,2024-10-01
CUS_0x1d1b_2024_01_01,CUS_0x1d1b,1/1/2024,10,9,10000,1000,0,7000,8000,1/10/2024,2024-10-01,2025-11-09 07:30:19.821879,data/lms_loan_daily.csv,2024-10-01
CUS_0x1d28_2024_05_01,CUS_0x1d28,1/5/2024,10,5,10000,1000,0,5000,10000,1/10/2024,2024-10-01,2025-11-09 07:30:19.821879,data/lms_loan_daily.csv,2024-10-01
CUS_0x1d2b_2024_09_01,CUS_0x1d2b,1/9/2024,10,1,10000,1000,1000,0,9000,1/10/2024,2024-10-01,2025-11-09 07:30:19.821879,data/lms_loan_daily.csv,2024-10-01
CUS_0x1d2c_2024_04_01,CUS_0x1d2c,1/4/2024,10,6,10000,1000,1000,0,4000,1/10/2024,2024-10-01,2025-11-09 07:30:19.821879,data/lms_loan_daily.csv,2024-10-01
CUS_0x1d33_2024_01_01,CUS_0x1d33,1/1/2024,10,9,10000,1000,0,6000,7000,1/10/2024,2024-10-01,2025-11-09 07:30:19.821879,data/lms_loan_daily.csv,2024-10-01
CUS_0x1d3d_2024_02_01,CUS_0x1d3d,1/2/2024,10,8,10000,1000,0,6000,8000,1/10/2024,2024-10-01,2025-11-09 07:30:19.821879,data/lms_loan_daily.csv,2024-10-01
CUS_0x1d4e_2024_04_01,CUS_0x1d4e,1/4/2024,10,6,10000,1000,1000,0,4000,1/10/2024,2024-10-01,2025-11-09 07:30:19.821879,data/lms_loan_daily.csv,2024-10-01
CUS_0x1d51_2024_06_01,CUS_0x1d51,1/6/2024,10,4,10000,1000,1000,0,6000,1/10/2024,2024-10-01,2025-11-09 07:30:19.821879,data/lms_loan_daily.csv,2024-10-01
CUS_0x1d58_2024_08_01,CUS_0x1d58,1/8/2024,10,2,10000,1000,1000,0,8000,1/10/2024,2024-10-01,2025-11-09 07:30:19.821879,data/lms_loan_daily.csv,2024-10-01
CUS_0x1d70_2024_09_01,CUS_0x1d70,1/9/2024,10,1,10000,1000,0,1000,10000,1/10/2024,2024-10-01,2025-11-09 07:30:19.821879,data/lms_loan_daily.csv,2024-10-01
CUS_0x1d85_2024_03_01,CUS_0x1d85,1/3/2024,10,7,10000,1000,1000,0,3000,1/10/2024,2024-10-01,2025-11-09 07:30:19.821879,data/lms_loan_daily.csv,2024-10-01
CUS_0x1d8d_2024_09_01,CUS_0x1d8d,1/9/2024,10,1,10000,1000,1000,0,9000,1/10/2024,2024-10-01,2025-11-09 07:30:19.821879,data/lms_loan_daily.csv,2024-10-01
CUS_0x1d9a_2024_01_01,CUS_0x1d9a,1/1/2024,10,9,10000,1000,1000,0,1000,1/10/2024,2024-10-01,2025-11-09 07:30:19.821879,data/lms_loan_daily.csv,2024-10-01
CUS_0x1dab_2024_05_01,CUS_0x1dab,1/5/2024,10,5,10000,1000,0,1000,6000,1/10/2024,2024-10-01,2025-11-09 07:30:19.821879,data/lms_loan_daily.csv,2024-10-01
CUS_0x1dac_2024_05_01,CUS_0x1dac,1/5/2024,10,5,10000,1000,0,4000,9000,1/10/2024,2024-10-01,2025-11-09 07:30:19.821879,data/lms_loan_daily.csv,2024-10-01
CUS_0x1dbb_2024_07_01,CUS_0x1dbb,1/7/2024,10,3,10000,1000,0,2000,9000,1/10/2024,2024-10-01,2025-11-09 07:30:19.821879,data/lms_loan_daily.csv,2024-10-01
CUS_0x1dc4_2024_05_01,CUS_0x1dc4,1/5/2024,10,5,10000,1000,0,2000,7000,1/10/2024,2024-10-01,2025-11-09 07:30:19.821879,data/lms_loan_daily.csv,2024-10-01
CUS_0x1dd3_2024_07_01,CUS_0x1dd3,1/7/2024,10,3,10000,1000,1000,0,7000,1/10/2024,2024-10-01,2025-11-09 07:30:19.821879,data/lms_loan_daily.csv,2024-10-01
CUS_0x1dd4_2024_04_01,CUS_0x1dd4,1/4/2024,10,6,10000,1000,1000,0,4000,1/10/2024,2024-10-01,2025-11-09 07:30:19.821879,data/lms_loan_daily.csv,2024-10-01
CUS_0x1dda_2023_12_01,CUS_0x1dda,1/12/2023,10,10,10000,1000,1000,0,0,1/10/2024,2024-10-01,2025-11-09 07:30:19.821879,data/lms_loan_daily.csv,2024-10-01
CUS_0x1de5_2023_12_01,CUS_0x1de5,1/12/2023,10,10,10000,1000,0,9000,9000,1/10/2024,2024-10-01,2025-11-09 07:30:19.821879,data/lms_loan_daily.csv,2024-10-01
CUS_0x1dfd_2024_10_01,CUS_0x1dfd,1/10/2024,10,0,10000,0,0,0,10000,1/10/2024,2024-10-01,2025-11-09 07:30:19.821879,data/lms_loan_daily.csv,2024-10-01
CUS_0x1e16_2024_08_01,CUS_0x1e16,1/8/2024,10,2,10000,1000,1000,0,8000,1/10/2024,2024-10-01,2025-11-09 07:30:19.821879,data/lms_loan_daily.csv,2024-10-01
CUS_0x1e2d_2024_01_01,CUS_0x1e2d,1/1/2024,10,9,10000,1000,1000,0,1000,1/10/2024,2024-10-01,2025-11-09 07:30:19.821879,data/lms_loan_daily.csv,2024-10-01
CUS_0x1e3e_2023_12_01,CUS_0x1e3e,1/12/2023,10,10,10000,1000,1000,0,0,1/10/2024,2024-10-01,2025-11-09 07:30:19.821879,data/lms_loan_daily.csv,2024-10-01
CUS_0x1e3f_2024_08_01,CUS_0x1e3f,1/8/2024,10,2,10000,1000,1000,0,8000,1/10/2024,2024-10-01,2025-11-09 07:30:19.821879,data/lms_loan_daily.csv,2024-10-01
CUS_0x1e50_2024_02_01,CUS_0x1e50,1/2/2024,10,8,10000,1000,1000,0,2000,1/10/2024,2024-10-01,2025-11-09 07:30:19.821879,data/lms_loan_daily.csv,2024-10-01
CUS_0x1e62_2024_08_01,CUS_0x1e62,1/8/2024,10,2,10000,1000,1000,0,8000,1/10/2024,2024-10-01,2025-11-09 07:30:19.821879,data/lms_loan_daily.csv,2024-10-01
CUS_0x1e63_2024_03_01,CUS_0x1e63,1/3/2024,10,7,10000,1000,0,4000,7000,1/10/2024,2024-10-01,2025-11-09 07:30:19.821879,data/lms_loan_daily.csv,2024-10-01
CUS_0x1e72_2024_01_01,CUS_0x1e72,1/1/2024,10,9,10000,1000,1000,0,1000,1/10/2024,2024-10-01,2025-11-09 07:30:19.821879,data/lms_loan_daily.csv,2024-10-01
CUS_0x1e76_2024_05_01,CUS_0x1e76,1/5/2024,10,5,10000,1000,1000,0,5000,1/10/2024,2024-10-01,2025-11-09 07:30:19.821879,data/lms_loan_daily.csv,2024-10-01
CUS_0x1e84_2024_05_01,CUS_0x1e84,1/5/2024,10,5,10000,1000,1000,0,5000,1/10/2024,2024-10-01,2025-11-09 07:30:19.821879,data/lms_loan_daily.csv,2024-10-01
CUS_0x1e87_2023_12_01,CUS_0x1e87,1/12/2023,10,10,10000,1000,1000,0,0,1/10/2024,2024-10-01,2025-11-09 07:30:19.821879,data/lms_loan_daily.csv,2024-10-01
CUS_0x1e8c_2023_12_01,CUS_0x1e8c,1/12/2023,10,10,10000,1000,0,7000,7000,1/10/2024,2024-10-01,2025-11-09 07:30:19.821879,data/lms_loan_daily.csv,2024-10-01
CUS_0x1e8d_2024_07_01,CUS_0x1e8d,1/7/2024,10,3,10000,1000,1000,0,7000,1/10/2024,2024-10-01,2025-11-09 07:30:19.821879,data/lms_loan_daily.csv,2024-10-01
CUS_0x1e98_2024_09_01,CUS_0x1e98,1/9/2024,10,1,10000,1000,1000,0,9000,1/10/2024,2024-10-01,2025-11-09 07:30:19.821879,data/lms_loan_daily.csv,2024-10-01
CUS_0x1e9c_2023_12_01,CUS_0x1e9c,1/12/2023,10,10,10000,1000,1000,0,0,1/10/2024,2024-10-01,2025-11-09 07:30:19.821879,data/lms_loan_daily.csv,2024-10-01
CUS_0x1ea5_2024_10_01,CUS_0x1ea5,1/10/2024,10,0,10000,0,0,0,10000,1/10/2024,2024-10-01,2025-11-09 07:30:19.821879,data/lms_loan_daily.csv,2024-10-01
CUS_0x1ea8_2024_05_01,CUS_0x1ea8,1/5/2024,10,5,10000,1000,1000,0,5000,1/10/2024,2024-10-01,2025-11-09 07:30:19.821879,data/lms_loan_daily.csv,2024-10-01
CUS_0x1eae_2024_07_01,CUS_0x1eae,1/7/2024,10,3,10000,1000,1000,0,7000,1/10/2024,2024-10-01,2025-11-09 07:30:19.821879,data/lms_loan_daily.csv,2024-10-01
CUS_0x1ebb_2024_03_01,CUS_0x1ebb,1/3/2024,10,7,10000,1000,1000,0,3000,1/10/2024,2024-10-01,2025-11-09 07:30:19.821879,data/lms_loan_daily.csv,2024-10-01
CUS_0x1ebc_2024_07_01,CUS_0x1ebc,1/7/2024,10,3,10000,1000,1000,0,7000,1/10/2024,2024-10-01,2025-11-09 07:30:19.821879,data/lms_loan_daily.csv,2024-10-01
CUS_0x1ebe_2024_10_01,CUS_0x1ebe,1/10/2024,10,0,10000,0,0,0,10000,1/10/2024,2024-10-01,2025-11-09 07:30:19.821879,data/lms_loan_daily.csv,2024-10-01
CUS_0x1ebf_2024_09_01,CUS_0x1ebf,1/9/2024,10,1,10000,1000,1000,0,9000,1/10/2024,2024-10-01,2025-11-09 07:30:19.821879,data/lms_loan_daily.csv,2024-10-01
CUS_0x1ec9_2024_04_01,CUS_0x1ec9,1/4/2024,10,6,10000,1000,0,6000,10000,1/10/2024,2024-10-01,2025-11-09 07:30:19.821879,data/lms_loan_daily.csv,2024-10-01
CUS_0x1ed2_2024_04_01,CUS_0x1ed2,1/4/2024,10,6,10000,1000,0,2000,6000,1/10/2024,2024-10-01,2025-11-09 07:30:19.821879,data/lms_loan_daily.csv,2024-10-01
CUS_0x1ed3_2023_12_01,CUS_0x1ed3,1/12/2023,10,10,10000,1000,1000,0,0,1/10/2024,2024-10-01,2025-11-09 07:30:19.821879,data/lms_loan_daily.csv,2024-10-01
CUS_0x1ed5_2024_04_01,CUS_0x1ed5,1/4/2024,10,6,10000,1000,0,5000,9000,1/10/2024,2024-10-01,2025-11-09 07:30:19.821879,data/lms_loan_daily.csv,2024-10-01
CUS_0x1ed6_2024_08_01,CUS_0x1ed6,1/8/2024,10,2,10000,1000,1000,0,8000,1/10/2024,2024-10-01,2025-11-09 07:30:19.821879,data/lms_loan_daily.csv,2024-10-01
CUS_0x1edc_2024_04_01,CUS_0x1edc,1/4/2024,10,6,10000,1000,1000,0,4000,1/10/2024,2024-10-01,2025-11-09 07:30:19.821879,data/lms_loan_daily.csv,2024-10-01
CUS_0x1edd_2024_10_01,CUS_0x1edd,1/10/2024,10,0,10000,0,0,0,10000,1/10/2024,2024-10-01,2025-11-09 07:30:19.821879,data/lms_loan_daily.csv,2024-10-01
CUS_0x1eea_2024_09_01,CUS_0x1eea,1/9/2024,10,1,10000,1000,1000,0,9000,1/10/2024,2024-10-01,2025-11-09 07:30:19.821879,data/lms_loan_daily.csv,2024-10-01
CUS_0x1eee_2024_01_01,CUS_0x1eee,1/1/2024,10,9,10000,1000,1000,0,1000,1/10/2024,2024-10-01,2025-11-09 07:30:19.821879,data/lms_loan_daily.csv,2024-10-01
CUS_0x1ef9_2024_02_01,CUS_0x1ef9,1/2/2024,10,8,10000,1000,1000,0,2000,1/10/2024,2024-10-01,2025-11-09 07:30:19.821879,data/lms_loan_daily.csv,2024-10-01
CUS_0x1efa_2024_10_01,CUS_0x1efa,1/10/2024,10,0,10000,0,0,0,10000,1/10/2024,2024-10-01,2025-11-09 07:30:19.821879,data/lms_loan_daily.csv,2024-10-01
CUS_0x1efd_2024_01_01,CUS_0x1efd,1/1/2024,10,9,10000,1000,1000,0,1000,1/10/2024,2024-10-01,2025-11-09 07:30:19.821879,data/lms_loan_daily.csv,2024-10-01
CUS_0x1f00_2024_06_01,CUS_0x1f00,1/6/2024,10,4,10000,1000,1000,0,6000,1/10/2024,2024-10-01,2025-11-09 07:30:19.821879,data/lms_loan_daily.csv,2024-10-01
CUS_0x1f19_2024_10_01,CUS_0x1f19,1/10/2024,10,0,10000,0,0,0,10000,1/10/2024,2024-10-01,2025-11-09 07:30:19.821879,data/lms_loan_daily.csv,2024-10-01
CUS_0x1f33_2024_06_01,CUS_0x1f33,1/6/2024,10,4,10000,1000,1000,0,6000,1/10/2024,2024-10-01,2025-11-09 07:30:19.821879,data/lms_loan_daily.csv,2024-10-01
CUS_0x1f34_2024_10_01,CUS_0x1f34,1/10/2024,10,0,10000,0,0,0,10000,1/10/2024,2024-10-01,2025-11-09 07:30:19.821879,data/lms_loan_daily.csv,2024-10-01
CUS_0x1f42_2024_10_01,CUS_0x1f42,1/10/2024,10,0,10000,0,0,0,10000,1/10/2024,2024-10-01,2025-11-09 07:30:19.821879,data/lms_loan_daily.csv,2024-10-01
CUS_0x1f43_2024_01_01,CUS_0x1f43,1/1/2024,10,9,10000,1000,1000,0,1000,1/10/2024,2024-10-01,2025-11-09 07:30:19.821879,data/lms_loan_daily.csv,2024-10-01
CUS_0x1f46_2024_05_01,CUS_0x1f46,1/5/2024,10,5,10000,1000,1000,0,5000,1/10/2024,2024-10-01,2025-11-09 07:30:19.821879,data/lms_loan_daily.csv,2024-10-01
CUS_0x1f4a_2024_09_01,CUS_0x1f4a,1/9/2024,10,1,10000,1000,1000,0,9000,1/10/2024,2024-10-01,2025-11-09 07:30:19.821879,data/lms_loan_daily.csv,2024-10-01
CUS_0x1f4f_2024_02_01,CUS_0x1f4f,1/2/2024,10,8,10000,1000,1000,0,2000,1/10/2024,2024-10-01,2025-11-09 07:30:19.821879,data/lms_loan_daily.csv,2024-10-01
CUS_0x1f61_2024_08_01,CUS_0x1f61,1/8/2024,10,2,10000,1000,0,1000,9000,1/10/2024,2024-10-01,2025-11-09 07:30:19.821879,data/lms_loan_daily.csv,2024-10-01
CUS_0x1f64_2024_05_01,CUS_0x1f64,1/5/2024,10,5,10000,1000,1000,0,5000,1/10/2024,2024-10-01,2025-11-09 07:30:19.821879,data/lms_loan_daily.csv,2024-10-01
CUS_0x1f70_2024_05_01,CUS_0x1f70,1/5/2024,10,5,10000,1000,1000,0,5000,1/10/2024,2024-10-01,2025-11-09 07:30:19.821879,data/lms_loan_daily.csv,2024-10-01
CUS_0x1f74_2024_01_01,CUS_0x1f74,1/1/2024,10,9,10000,1000,1000,0,1000,1/10/2024,2024-10-01,2025-11-09 07:30:19.821879,data/lms_loan_daily.csv,2024-10-01
CUS_0x1f7d_2024_10_01,CUS_0x1f7d,1/10/2024,10,0,10000,0,0,0,10000,1/10/2024,2024-10-01,2025-11-09 07:30:19.821879,data/lms_loan_daily.csv,2024-10-01
CUS_0x1f88_2023_12_01,CUS_0x1f88,1/12/2023,10,10,10000,1000,1000,0,0,1/10/2024,2024-10-01,2025-11-09 07:30:19.821879,data/lms_loan_daily.csv,2024-10-01
CUS_0x1f91_2024_02_01,CUS_0x1f91,1/2/2024,10,8,10000,1000,1000,0,2000,1/10/2024,2024-10-01,2025-11-09 07:30:19.821879,data/lms_loan_daily.csv,2024-10-01
CUS_0x1f97_2024_10_01,CUS_0x1f97,1/10/2024,10,0,10000,0,0,0,10000,1/10/2024,2024-10-01,2025-11-09 07:30:19.821879,data/lms_loan_daily.csv,2024-10-01
CUS_0x1f9c_2024_04_01,CUS_0x1f9c,1/4/2024,10,6,10000,1000,1000,0,4000,1/10/2024,2024-10-01,2025-11-09 07:30:19.821879,data/lms_loan_daily.csv,2024-10-01
CUS_0x1fa5_2024_02_01,CUS_0x1fa5,1/2/2024,10,8,10000,1000,1000,0,2000,1/10/2024,2024-10-01,2025-11-09 07:30:19.821879,data/lms_loan_daily.csv,2024-10-01
CUS_0x1fae_2023_12_01,CUS_0x1fae,1/12/2023,10,10,10000,1000,1000,0,0,1/10/2024,2024-10-01,2025-11-09 07:30:19.821879,data/lms_loan_daily.csv,2024-10-01
CUS_0x1fbd_2024_04_01,CUS_0x1fbd,1/4/2024,10,6,10000,1000,1000,0,4000,1/10/2024,2024-10-01,2025-11-09 07:30:19.821879,data/lms_loan_daily.csv,2024-10-01
CUS_0x1fbe_2024_05_01,CUS_0x1fbe,1/5/2024,10,5,10000,1000,1000,0,5000,1/10/2024,2024-10-01,2025-11-09 07:30:19.821879,data/lms_loan_daily.csv,2024-10-01
CUS_0x1fc1_2024_07_01,CUS_0x1fc1,1/7/2024,10,3,10000,1000,1000,0,7000,1/10/2024,2024-10-01,2025-11-09 07:30:19.821879,data/lms_loan_daily.csv,2024-10-01
CUS_0x1fcb_2024_10_01,CUS_0x1fcb,1/10/2024,10,0,10000,0,0,0,10000,1/10/2024,2024-10-01,2025-11-09 07:30:19.821879,data/lms_loan_daily.csv,2024-10-01
CUS_0x1fcc_2024_02_01,CUS_0x1fcc,1/2/2024,10,8,10000,1000,1000,0,2000,1/10/2024,2024-10-01,2025-11-09 07:30:19.821879,data/lms_loan_daily.csv,2024-10-01
CUS_0x1fd1_2024_05_01,CUS_0x1fd1,1/5/2024,10,5,10000,1000,0,4000,9000,1/10/2024,2024-10-01,2025-11-09 07:30:19.821879,data/lms_loan_daily.csv,2024-10-01
CUS_0x1fdc_2024_10_01,CUS_0x1fdc,1/10/2024,10,0,10000,0,0,0,10000,1/10/2024,2024-10-01,2025-11-09 07:30:19.821879,data/lms_loan_daily.csv,2024-10-01
CUS_0x1feb_2024_01_01,CUS_0x1feb,1/1/2024,10,9,10000,1000,1000,0,1000,1/10/2024,2024-10-01,2025-11-09 07:30:19.821879,data/lms_loan_daily.csv,2024-10-01
CUS_0x1fec_2024_10_01,CUS_0x1fec,1/10/2024,10,0,10000,0,0,0,10000,1/10/2024,2024-10-01,2025-11-09 07:30:19.821879,data/lms_loan_daily.csv,2024-10-01
CUS_0x1ffb_2023_12_01,CUS_0x1ffb,1/12/2023,10,10,10000,1000,0,8000,8000,1/10/2024,2024-10-01,2025-11-09 07:30:19.821879,data/lms_loan_daily.csv,2024-10-01
CUS_0x2000_2023_12_01,CUS_0x2000,1/12/2023,10,10,10000,1000,0,7000,7000,1/10/2024,2024-10-01,2025-11-09 07:30:19.821879,data/lms_loan_daily.csv,2024-10-01
CUS_0x2004_2024_05_01,CUS_0x2004,1/5/2024,10,5,10000,1000,1000,0,5000,1/10/2024,2024-10-01,2025-11-09 07:30:19.821879,data/lms_loan_daily.csv,2024-10-01
CUS_0x2005_2024_01_01,CUS_0x2005,1/1/2024,10,9,10000,1000,1000,0,1000,1/10/2024,2024-10-01,2025-11-09 07:30:19.821879,data/lms_loan_daily.csv,2024-10-01
CUS_0x2009_2024_05_01,CUS_0x2009,1/5/2024,10,5,10000,1000,1000,0,5000,1/10/2024,2024-10-01,2025-11-09 07:30:19.821879,data/lms_loan_daily.csv,2024-10-01
CUS_0x2010_2024_06_01,CUS_0x2010,1/6/2024,10,4,10000,1000,1000,0,6000,1/10/2024,2024-10-01,2025-11-09 07:30:19.821879,data/lms_loan_daily.csv,2024-10-01
CUS_0x2031_2024_07_01,CUS_0x2031,1/7/2024,10,3,10000,1000,1000,0,7000,1/10/2024,2024-10-01,2025-11-09 07:30:19.821879,data/lms_loan_daily.csv,2024-10-01
CUS_0x2032_2024_02_01,CUS_0x2032,1/2/2024,10,8,10000,1000,0,4000,6000,1/10/2024,2024-10-01,2025-11-09 07:30:19.821879,data/lms_loan_daily.csv,2024-10-01
CUS_0x2040_2024_05_01,CUS_0x2040,1/5/2024,10,5,10000,1000,0,3000,8000,1/10/2024,2024-10-01,2025-11-09 07:30:19.821879,data/lms_loan_daily.csv,2024-10-01
CUS_0x2059_2024_01_01,CUS_0x2059,1/1/2024,10,9,10000,1000,1000,0,1000,1/10/2024,2024-10-01,2025-11-09 07:30:19.821879,data/lms_loan_daily.csv,2024-10-01
CUS_0x2080_2024_06_01,CUS_0x2080,1/6/2024,10,4,10000,1000,1000,0,6000,1/10/2024,2024-10-01,2025-11-09 07:30:19.821879,data/lms_loan_daily.csv,2024-10-01
CUS_0x2095_2024_01_01,CUS_0x2095,1/1/2024,10,9,10000,1000,1000,0,1000,1/10/2024,2024-10-01,2025-11-09 07:30:19.821879,data/lms_loan_daily.csv,2024-10-01
CUS_0x20a1_2024_05_01,CUS_0x20a1,1/5/2024,10,5,10000,1000,1000,0,5000,1/10/2024,2024-10-01,2025-11-09 07:30:19.821879,data/lms_loan_daily.csv,2024-10-01
CUS_0x20a3_2024_07_01,CUS_0x20a3,1/7/2024,10,3,10000,1000,1000,0,7000,1/10/2024,2024-10-01,2025-11-09 07:30:19.821879,data/lms_loan_daily.csv,2024-10-01
CUS_0x20b2_2024_03_01,CUS_0x20b2,1/3/2024,10,7,10000,1000,1000,0,3000,1/10/2024,2024-10-01,2025-11-09 07:30:19.821879,data/lms_loan_daily.csv,2024-10-01
CUS_0x20b5_2024_10_01,CUS_0x20b5,1/10/2024,10,0,10000,0,0,0,10000,1/10/2024,2024-10-01,2025-11-09 07:30:19.821879,data/lms_loan_daily.csv,2024-10-01
CUS_0x20b8_2024_10_01,CUS_0x20b8,1/10/2024,10,0,10000,0,0,0,10000,1/10/2024,2024-10-01,2025-11-09 07:30:19.821879,data/lms_loan_daily.csv,2024-10-01
CUS_0x20c4_2024_02_01,CUS_0x20c4,1/2/2024,10,8,10000,1000,0,5000,7000,1/10/2024,2024-10-01,2025-11-09 07:30:19.821879,data/lms_loan_daily.csv,2024-10-01
CUS_0x20c8_2024_06_01,CUS_0x20c8,1/6/2024,10,4,10000,1000,1000,0,6000,1/10/2024,2024-10-01,2025-11-09 07:30:19.821879,data/lms_loan_daily.csv,2024-10-01
CUS_0x20db_2024_04_01,CUS_0x20db,1/4/2024,10,6,10000,1000,1000,0,4000,1/10/2024,2024-10-01,2025-11-09 07:30:19.821879,data/lms_loan_daily.csv,2024-10-01
CUS_0x20f3_2024_03_01,CUS_0x20f3,1/3/2024,10,7,10000,1000,0,3000,6000,1/10/2024,2024-10-01,2025-11-09 07:30:19.821879,data/lms_loan_daily.csv,2024-10-01
CUS_0x20f8_2023_12_01,CUS_0x20f8,1/12/2023,10,10,10000,1000,1000,0,0,1/10/2024,2024-10-01,2025-11-09 07:30:19.821879,data/lms_loan_daily.csv,2024-10-01
CUS_0x20fa_2024_08_01,CUS_0x20fa,1/8/2024,10,2,10000,1000,1000,0,8000,1/10/2024,2024-10-01,2025-11-09 07:30:19.821879,data/lms_loan_daily.csv,2024-10-01
CUS_0x20ff_2024_01_01,CUS_0x20ff,1/1/2024,10,9,10000,1000,0,7000,8000,1/10/2024,2024-10-01,2025-11-09 07:30:19.821879,data/lms_loan_daily.csv,2024-10-01
CUS_0x2102_2024_04_01,CUS_0x2102,1/4/2024,10,6,10000,1000,1000,0,4000,1/10/2024,2024-10-01,2025-11-09 07:30:19.821879,data/lms_loan_daily.csv,2024-10-01
CUS_0x211a_2024_01_01,CUS_0x211a,1/1/2024,10,9,10000,1000,1000,0,1000,1/10/2024,2024-10-01,2025-11-09 07:30:19.821879,data/lms_loan_daily.csv,2024-10-01
CUS_0x211c_2024_09_01,CUS_0x211c,1/9/2024,10,1,10000,1000,1000,0,9000,1/10/2024,2024-10-01,2025-11-09 07:30:19.821879,data/lms_loan_daily.csv,2024-10-01
CUS_0x211f_2024_01_01,CUS_0x211f,1/1/2024,10,9,10000,1000,1000,0,1000,1/10/2024,2024-10-01,2025-11-09 07:30:19.821879,data/lms_loan_daily.csv,2024-10-01
CUS_0x2127_2024_02_01,CUS_0x2127,1/2/2024,10,8,10000,1000,1000,0,2000,1/10/2024,2024-10-01,2025-11-09 07:30:19.821879,data/lms_loan_daily.csv,2024-10-01
CUS_0x2141_2024_06_01,CUS_0x2141,1/6/2024,10,4,10000,1000,2000,0,6000,1/10/2024,2024-10-01,2025-11-09 07:30:19.821879,data/lms_loan_daily.csv,2024-10-01
CUS_0x2142_2023_12_01,CUS_0x2142,1/12/2023,10,10,10000,1000,1000,0,0,1/10/2024,2024-10-01,2025-11-09 07:30:19.821879,data/lms_loan_daily.csv,2024-10-01
CUS_0x214c_2024_01_01,CUS_0x214c,1/1/2024,10,9,10000,1000,1000,0,1000,1/10/2024,2024-10-01,2025-11-09 07:30:19.821879,data/lms_loan_daily.csv,2024-10-01
CUS_0x2170_2024_02_01,CUS_0x2170,1/2/2024,10,8,10000,1000,1000,0,2000,1/10/2024,2024-10-01,2025-11-09 07:30:19.821879,data/lms_loan_daily.csv,2024-10-01
CUS_0x2176_2024_03_01,CUS_0x2176,1/3/2024,10,7,10000,1000,1000,0,3000,1/10/2024,2024-10-01,2025-11-09 07:30:19.821879,data/lms_loan_daily.csv,2024-10-01
CUS_0x2189_2024_01_01,CUS_0x2189,1/1/2024,10,9,10000,1000,1000,0,1000,1/10/2024,2024-10-01,2025-11-09 07:30:19.821879,data/lms_loan_daily.csv,2024-10-01
CUS_0x218e_2024_05_01,CUS_0x218e,1/5/2024,10,5,10000,1000,0,2000,7000,1/10/2024,2024-10-01,2025-11-09 07:30:19.821879,data/lms_loan_daily.csv,2024-10-01
CUS_0x2194_2024_08_01,CUS_0x2194,1/8/2024,10,2,10000,1000,1000,0,8000,1/10/2024,2024-10-01,2025-11-09 07:30:19.821879,data/lms_loan_daily.csv,2024-10-01
CUS_0x219a_2024_10_01,CUS_0x219a,1/10/2024,10,0,10000,0,0,0,10000,1/10/2024,2024-10-01,2025-11-09 07:30:19.821879,data/lms_loan_daily.csv,2024-10-01
CUS_0x219b_2023_12_01,CUS_0x219b,1/12/2023,10,10,10000,1000,0,7000,7000,1/10/2024,2024-10-01,2025-11-09 07:30:19.821879,data/lms_loan_daily.csv,2024-10-01
CUS_0x21b1_2024_09_01,CUS_0x21b1,1/9/2024,10,1,10000,1000,1000,0,9000,1/10/2024,2024-10-01,2025-11-09 07:30:19.821879,data/lms_loan_daily.csv,2024-10-01
CUS_0x21b7_2024_07_01,CUS_0x21b7,1/7/2024,10,3,10000,1000,0,3000,10000,1/10/2024,2024-10-01,2025-11-09 07:30:19.821879,data/lms_loan_daily.csv,2024-10-01
CUS_0x21bb_2024_04_01,CUS_0x21bb,1/4/2024,10,6,10000,1000,1000,0,4000,1/10/2024,2024-10-01,2025-11-09 07:30:19.821879,data/lms_loan_daily.csv,2024-10-01
CUS_0x21c0_2024_09_01,CUS_0x21c0,1/9/2024,10,1,10000,1000,1000,0,9000,1/10/2024,2024-10-01,2025-11-09 07:30:19.821879,data/lms_loan_daily.csv,2024-10-01
CUS_0x21c1_2024_04_01,CUS_0x21c1,1/4/2024,10,6,10000,1000,1000,0,4000,1/10/2024,2024-10-01,2025-11-09 07:30:19.821879,data/lms_loan_daily.csv,2024-10-01
CUS_0x21c8_2024_05_01,CUS_0x21c8,1/5/2024,10,5,10000,1000,1000,0,5000,1/10/2024,2024-10-01,2025-11-09 07:30:19.821879,data/lms_loan_daily.csv,2024-10-01
CUS_0x21ce_2023_12_01,CUS_0x21ce,1/12/2023,10,10,10000,1000,1000,0,0,1/10/2024,2024-10-01,2025-11-09 07:30:19.821879,data/lms_loan_daily.csv,2024-10-01
CUS_0x21df_2024_09_01,CUS_0x21df,1/9/2024,10,1,10000,1000,1000,0,9000,1/10/2024,2024-10-01,2025-11-09 07:30:19.821879,data/lms_loan_daily.csv,2024-10-01
CUS_0x21e9_2024_04_01,CUS_0x21e9,1/4/2024,10,6,10000,1000,0,3000,7000,1/10/2024,2024-10-01,2025-11-09 07:30:19.821879,data/lms_loan_daily.csv,2024-10-01
CUS_0x21f2_2024_06_01,CUS_0x21f2,1/6/2024,10,4,10000,1000,1000,0,6000,1/10/2024,2024-10-01,2025-11-09 07:30:19.821879,data/lms_loan_daily.csv,2024-10-01
CUS_0x21f4_2024_03_01,CUS_0x21f4,1/3/2024,10,7,10000,1000,0,3000,6000,1/10/2024,2024-10-01,2025-11-09 07:30:19.821879,data/lms_loan_daily.csv,2024-10-01
CUS_0x21f9_2023_12_01,CUS_0x21f9,1/12/2023,10,10,10000,1000,1000,0,0,1/10/2024,2024-10-01,2025-11-09 07:30:19.821879,data/lms_loan_daily.csv,2024-10-01
CUS_0x2200_2024_08_01,CUS_0x2200,1/8/2024,10,2,10000,1000,0,1000,9000,1/10/2024,2024-10-01,2025-11-09 07:30:19.821879,data/lms_loan_daily.csv,2024-10-01
CUS_0x2205_2024_05_01,CUS_0x2205,1/5/2024,10,5,10000,1000,0,3000,8000,1/10/2024,2024-10-01,2025-11-09 07:30:19.821879,data/lms_loan_daily.csv,2024-10-01
CUS_0x2208_2024_10_01,CUS_0x2208,1/10/2024,10,0,10000,0,0,0,10000,1/10/2024,2024-10-01,2025-11-09 07:30:19.821879,data/lms_loan_daily.csv,2024-10-01
CUS_0x2212_2024_08_01,CUS_0x2212,1/8/2024,10,2,10000,1000,1000,0,8000,1/10/2024,2024-10-01,2025-11-09 07:30:19.821879,data/lms_loan_daily.csv,2024-10-01
CUS_0x2219_2024_09_01,CUS_0x2219,1/9/2024,10,1,10000,1000,1000,0,9000,1/10/2024,2024-10-01,2025-11-09 07:30:19.821879,data/lms_loan_daily.csv,2024-10-01
CUS_0x2226_2024_02_01,CUS_0x2226,1/2/2024,10,8,10000,1000,1000,0,2000,1/10/2024,2024-10-01,2025-11-09 07:30:19.821879,data/lms_loan_daily.csv,2024-10-01
CUS_0x224a_2024_03_01,CUS_0x224a,1/3/2024,10,7,10000,1000,1000,0,3000,1/10/2024,2024-10-01,2025-11-09 07:30:19.821879,data/lms_loan_daily.csv,2024-10-01
CUS_0x2258_2024_04_01,CUS_0x2258,1/4/2024,10,6,10000,1000,1000,0,4000,1/10/2024,2024-10-01,2025-11-09 07:30:19.821879,data/lms_loan_daily.csv,2024-10-01
CUS_0x225a_2024_08_01,CUS_0x225a,1/8/2024,10,2,10000,1000,1000,0,8000,1/10/2024,2024-10-01,2025-11-09 07:30:19.821879,data/lms_loan_daily.csv,2024-10-01
CUS_0x2267_2024_03_01,CUS_0x2267,1/3/2024,10,7,10000,1000,0,6000,9000,1/10/2024,2024-10-01,2025-11-09 07:30:19.821879,data/lms_loan_daily.csv,2024-10-01
CUS_0x2270_2024_03_01,CUS_0x2270,1/3/2024,10,7,10000,1000,0,4000,7000,1/10/2024,2024-10-01,2025-11-09 07:30:19.821879,data/lms_loan_daily.csv,2024-10-01
CUS_0x228c_2024_04_01,CUS_0x228c,1/4/2024,10,6,10000,1000,1000,0,4000,1/10/2024,2024-10-01,2025-11-09 07:30:19.821879,data/lms_loan_daily.csv,2024-10-01
CUS_0x22a1_2024_10_01,CUS_0x22a1,1/10/2024,10,0,10000,0,0,0,10000,1/10/2024,2024-10-01,2025-11-09 07:30:19.821879,data/lms_loan_daily.csv,2024-10-01
CUS_0x22b1_2024_08_01,CUS_0x22b1,1/8/2024,10,2,10000,1000,1000,0,8000,1/10/2024,2024-10-01,2025-11-09 07:30:19.821879,data/lms_loan_daily.csv,2024-10-01
CUS_0x22b7_2024_05_01,CUS_0x22b7,1/5/2024,10,5,10000,1000,1000,0,5000,1/10/2024,2024-10-01,2025-11-09 07:30:19.821879,data/lms_loan_daily.csv,2024-10-01
CUS_0x22b9_2024_07_01,CUS_0x22b9,1/7/2024,10,3,10000,1000,0,1000,8000,1/10/2024,2024-10-01,2025-11-09 07:30:19.821879,data/lms_loan_daily.csv,2024-10-01
CUS_0x22ba_2024_07_01,CUS_0x22ba,1/7/2024,10,3,10000,1000,1000,0,7000,1/10/2024,2024-10-01,2025-11-09 07:30:19.821879,data/lms_loan_daily.csv,2024-10-01
CUS_0x22cf_2024_09_01,CUS_0x22cf,1/9/2024,10,1,10000,1000,1000,0,9000,1/10/2024,2024-10-01,2025-11-09 07:30:19.821879,data/lms_loan_daily.csv,2024-10-01
CUS_0x22d0_2024_04_01,CUS_0x22d0,1/4/2024,10,6,10000,1000,1000,0,4000,1/10/2024,2024-10-01,2025-11-09 07:30:19.821879,data/lms_loan_daily.csv,2024-10-01
CUS_0x22d4_2024_10_01,CUS_0x22d4,1/10/2024,10,0,10000,0,0,0,10000,1/10/2024,2024-10-01,2025-11-09 07:30:19.821879,data/lms_loan_daily.csv,2024-10-01
CUS_0x22d6_2024_08_01,CUS_0x22d6,1/8/2024,10,2,10000,1000,1000,0,8000,1/10/2024,2024-10-01,2025-11-09 07:30:19.821879,data/lms_loan_daily.csv,2024-10-01
CUS_0x22e5_2024_05_01,CUS_0x22e5,1/5/2024,10,5,10000,1000,1000,0,5000,1/10/2024,2024-10-01,2025-11-09 07:30:19.821879,data/lms_loan_daily.csv,2024-10-01
CUS_0x22f8_2024_04_01,CUS_0x22f8,1/4/2024,10,6,10000,1000,1000,0,4000,1/10/2024,2024-10-01,2025-11-09 07:30:19.821879,data/lms_loan_daily.csv,2024-10-01
CUS_0x2306_2024_05_01,CUS_0x2306,1/5/2024,10,5,10000,1000,1000,0,5000,1/10/2024,2024-10-01,2025-11-09 07:30:19.821879,data/lms_loan_daily.csv,2024-10-01
CUS_0x2308_2024_03_01,CUS_0x2308,1/3/2024,10,7,10000,1000,1000,0,3000,1/10/2024,2024-10-01,2025-11-09 07:30:19.821879,data/lms_loan_daily.csv,2024-10-01
CUS_0x230a_2024_05_01,CUS_0x230a,1/5/2024,10,5,10000,1000,1000,0,5000,1/10/2024,2024-10-01,2025-11-09 07:30:19.821879,data/lms_loan_daily.csv,2024-10-01
CUS_0x230c_2024_02_01,CUS_0x230c,1/2/2024,10,8,10000,1000,0,6000,8000,1/10/2024,2024-10-01,2025-11-09 07:30:19.821879,data/lms_loan_daily.csv,2024-10-01
CUS_0x2311_2024_01_01,CUS_0x2311,1/1/2024,10,9,10000,1000,1000,0,1000,1/10/2024,2024-10-01,2025-11-09 07:30:19.821879,data/lms_loan_daily.csv,2024-10-01
CUS_0x2314_2023_12_01,CUS_0x2314,1/12/2023,10,10,10000,1000,1000,0,0,1/10/2024,2024-10-01,2025-11-09 07:30:19.821879,data/lms_loan_daily.csv,2024-10-01
CUS_0x231f_2024_02_01,CUS_0x231f,1/2/2024,10,8,10000,1000,1000,0,2000,1/10/2024,2024-10-01,2025-11-09 07:30:19.821879,data/lms_loan_daily.csv,2024-10-01
CUS_0x232d_2024_10_01,CUS_0x232d,1/10/2024,10,0,10000,0,0,0,10000,1/10/2024,2024-10-01,2025-11-09 07:30:19.821879,data/lms_loan_daily.csv,2024-10-01
CUS_0x2346_2024_03_01,CUS_0x2346,1/3/2024,10,7,10000,1000,1000,0,3000,1/10/2024,2024-10-01,2025-11-09 07:30:19.821879,data/lms_loan_daily.csv,2024-10-01
CUS_0x234a_2024_04_01,CUS_0x234a,1/4/2024,10,6,10000,1000,1000,0,4000,1/10/2024,2024-10-01,2025-11-09 07:30:19.821879,data/lms_loan_daily.csv,2024-10-01
CUS_0x2353_2024_06_01,CUS_0x2353,1/6/2024,10,4,10000,1000,0,1000,7000,1/10/2024,2024-10-01,2025-11-09 07:30:19.821879,data/lms_loan_daily.csv,2024-10-01
CUS_0x2358_2024_02_01,CUS_0x2358,1/2/2024,10,8,10000,1000,1000,0,2000,1/10/2024,2024-10-01,2025-11-09 07:30:19.821879,data/lms_loan_daily.csv,2024-10-01
CUS_0x235a_2024_04_01,CUS_0x235a,1/4/2024,10,6,10000,1000,1000,0,4000,1/10/2024,2024-10-01,2025-11-09 07:30:19.821879,data/lms_loan_daily.csv,2024-10-01
CUS_0x235c_2024_07_01,CUS_0x235c,1/7/2024,10,3,10000,1000,1000,0,7000,1/10/2024,2024-10-01,2025-11-09 07:30:19.821879,data/lms_loan_daily.csv,2024-10-01
CUS_0x2365_2024_02_01,CUS_0x2365,1/2/2024,10,8,10000,1000,0,6000,8000,1/10/2024,2024-10-01,2025-11-09 07:30:19.821879,data/lms_loan_daily.csv,2024-10-01
CUS_0x2378_2023_12_01,CUS_0x2378,1/12/2023,10,10,10000,1000,0,8000,8000,1/10/2024,2024-10-01,2025-11-09 07:30:19.821879,data/lms_loan_daily.csv,2024-10-01
CUS_0x237b_2024_01_01,CUS_0x237b,1/1/2024,10,9,10000,1000,0,5000,6000,1/10/2024,2024-10-01,2025-11-09 07:30:19.821879,data/lms_loan_daily.csv,2024-10-01
CUS_0x237d_2024_02_01,CUS_0x237d,1/2/2024,10,8,10000,1000,1000,0,2000,1/10/2024,2024-10-01,2025-11-09 07:30:19.821879,data/lms_loan_daily.csv,2024-10-01
CUS_0x238c_2024_06_01,CUS_0x238c,1/6/2024,10,4,10000,1000,1000,0,6000,1/10/2024,2024-10-01,2025-11-09 07:30:19.821879,data/lms_loan_daily.csv,2024-10-01
CUS_0x2390_2023_12_01,CUS_0x2390,1/12/2023,10,10,10000,1000,1000,0,0,1/10/2024,2024-10-01,2025-11-09 07:30:19.821879,data/lms_loan_daily.csv,2024-10-01
CUS_0x239e_2024_01_01,CUS_0x239e,1/1/2024,10,9,10000,1000,1000,0,1000,1/10/2024,2024-10-01,2025-11-09 07:30:19.821879,data/lms_loan_daily.csv,2024-10-01
CUS_0x23a1_2024_03_01,CUS_0x23a1,1/3/2024,10,7,10000,1000,1000,0,3000,1/10/2024,2024-10-01,2025-11-09 07:30:19.821879,data/lms_loan_daily.csv,2024-10-01
CUS_0x23a4_2024_06_01,CUS_0x23a4,1/6/2024,10,4,10000,1000,0,2000,8000,1/10/2024,2024-10-01,2025-11-09 07:30:19.821879,data/lms_loan_daily.csv,2024-10-01
CUS_0x23a5_2024_10_01,CUS_0x23a5,1/10/2024,10,0,10000,0,0,0,10000,1/10/2024,2024-10-01,2025-11-09 07:30:19.821879,data/lms_loan_daily.csv,2024-10-01
CUS_0x23ad_2024_06_01,CUS_0x23ad,1/6/2024,10,4,10000,1000,1000,0,6000,1/10/2024,2024-10-01,2025-11-09 07:30:19.821879,data/lms_loan_daily.csv,2024-10-01
CUS_0x23b4_2024_09_01,CUS_0x23b4,1/9/2024,10,1,10000,1000,0,1000,10000,1/10/2024,2024-10-01,2025-11-09 07:30:19.821879,data/lms_loan_daily.csv,2024-10-01
CUS_0x23c8_2024_04_01,CUS_0x23c8,1/4/2024,10,6,10000,1000,1000,0,4000,1/10/2024,2024-10-01,2025-11-09 07:30:19.821879,data/lms_loan_daily.csv,2024-10-01
CUS_0x23cc_2024_10_01,CUS_0x23cc,1/10/2024,10,0,10000,0,0,0,10000,1/10/2024,2024-10-01,2025-11-09 07:30:19.821879,data/lms_loan_daily.csv,2024-10-01
CUS_0x23d6_2024_03_01,CUS_0x23d6,1/3/2024,10,7,10000,1000,1000,0,3000,1/10/2024,2024-10-01,2025-11-09 07:30:19.821879,data/lms_loan_daily.csv,2024-10-01
CUS_0x23d8_2024_02_01,CUS_0x23d8,1/2/2024,10,8,10000,1000,1000,0,2000,1/10/2024,2024-10-01,2025-11-09 07:30:19.821879,data/lms_loan_daily.csv,2024-10-01
CUS_0x23dd_2024_04_01,CUS_0x23dd,1/4/2024,10,6,10000,1000,1000,0,4000,1/10/2024,2024-10-01,2025-11-09 07:30:19.821879,data/lms_loan_daily.csv,2024-10-01
CUS_0x23e5_2024_05_01,CUS_0x23e5,1/5/2024,10,5,10000,1000,1000,0,5000,1/10/2024,2024-10-01,2025-11-09 07:30:19.821879,data/lms_loan_daily.csv,2024-10-01
CUS_0x23f3_2024_04_01,CUS_0x23f3,1/4/2024,10,6,10000,1000,0,2000,6000,1/10/2024,2024-10-01,2025-11-09 07:30:19.821879,data/lms_loan_daily.csv,2024-10-01
CUS_0x23ff_2024_06_01,CUS_0x23ff,1/6/2024,10,4,10000,1000,1000,0,6000,1/10/2024,2024-10-01,2025-11-09 07:30:19.821879,data/lms_loan_daily.csv,2024-10-01
CUS_0x240c_2024_06_01,CUS_0x240c,1/6/2024,10,4,10000,1000,0,1000,7000,1/10/2024,2024-10-01,2025-11-09 07:30:19.821879,data/lms_loan_daily.csv,2024-10-01
CUS_0x240d_2024_04_01,CUS_0x240d,1/4/2024,10,6,10000,1000,1000,0,4000,1/10/2024,2024-10-01,2025-11-09 07:30:19.821879,data/lms_loan_daily.csv,2024-10-01
CUS_0x240e_2024_05_01,CUS_0x240e,1/5/2024,10,5,10000,1000,1000,0,5000,1/10/2024,2024-10-01,2025-11-09 07:30:19.821879,data/lms_loan_daily.csv,2024-10-01
CUS_0x2413_2024_10_01,CUS_0x2413,1/10/2024,10,0,10000,0,0,0,10000,1/10/2024,2024-10-01,2025-11-09 07:30:19.821879,data/lms_loan_daily.csv,2024-10-01
CUS_0x2416_2024_01_01,CUS_0x2416,1/1/2024,10,9,10000,1000,1000,0,1000,1/10/2024,2024-10-01,2025-11-09 07:30:19.821879,data/lms_loan_daily.csv,2024-10-01
CUS_0x2418_2024_09_01,CUS_0x2418,1/9/2024,10,1,10000,1000,1000,0,9000,1/10/2024,2024-10-01,2025-11-09 07:30:19.821879,data/lms_loan_daily.csv,2024-10-01
CUS_0x241d_2024_08_01,CUS_0x241d,1/8/2024,10,2,10000,1000,1000,0,8000,1/10/2024,2024-10-01,2025-11-09 07:30:19.821879,data/lms_loan_daily.csv,2024-10-01
CUS_0x2425_2024_03_01,CUS_0x2425,1/3/2024,10,7,10000,1000,1000,0,3000,1/10/2024,2024-10-01,2025-11-09 07:30:19.821879,data/lms_loan_daily.csv,2024-10-01
CUS_0x242a_2023_12_01,CUS_0x242a,1/12/2023,10,10,10000,1000,1000,0,0,1/10/2024,2024-10-01,2025-11-09 07:30:19.821879,data/lms_loan_daily.csv,2024-10-01
CUS_0x242d_2024_08_01,CUS_0x242d,1/8/2024,10,2,10000,1000,1000,0,8000,1/10/2024,2024-10-01,2025-11-09 07:30:19.821879,data/lms_loan_daily.csv,2024-10-01
CUS_0x242e_2024_01_01,CUS_0x242e,1/1/2024,10,9,10000,1000,1000,0,1000,1/10/2024,2024-10-01,2025-11-09 07:30:19.821879,data/lms_loan_daily.csv,2024-10-01
CUS_0x2438_2024_02_01,CUS_0x2438,1/2/2024,10,8,10000,1000,1000,0,2000,1/10/2024,2024-10-01,2025-11-09 07:30:19.821879,data/lms_loan_daily.csv,2024-10-01
CUS_0x243e_2024_09_01,CUS_0x243e,1/9/2024,10,1,10000,1000,1000,0,9000,1/10/2024,2024-10-01,2025-11-09 07:30:19.821879,data/lms_loan_daily.csv,2024-10-01
CUS_0x2444_2024_01_01,CUS_0x2444,1/1/2024,10,9,10000,1000,0,6000,7000,1/10/2024,2024-10-01,2025-11-09 07:30:19.821879,data/lms_loan_daily.csv,2024-10-01
CUS_0x2449_2024_08_01,CUS_0x2449,1/8/2024,10,2,10000,1000,0,1000,9000,1/10/2024,2024-10-01,2025-11-09 07:30:19.821879,data/lms_loan_daily.csv,2024-10-01
CUS_0x244e_2024_06_01,CUS_0x244e,1/6/2024,10,4,10000,1000,1000,0,6000,1/10/2024,2024-10-01,2025-11-09 07:30:19.821879,data/lms_loan_daily.csv,2024-10-01
CUS_0x2451_2023_12_01,CUS_0x2451,1/12/2023,10,10,10000,1000,0,9000,9000,1/10/2024,2024-10-01,2025-11-09 07:30:19.821879,data/lms_loan_daily.csv,2024-10-01
CUS_0x2452_2024_05_01,CUS_0x2452,1/5/2024,10,5,10000,1000,1000,0,5000,1/10/2024,2024-10-01,2025-11-09 07:30:19.821879,data/lms_loan_daily.csv,2024-10-01
CUS_0x2467_2024_09_01,CUS_0x2467,1/9/2024,10,1,10000,1000,1000,0,9000,1/10/2024,2024-10-01,2025-11-09 07:30:19.821879,data/lms_loan_daily.csv,2024-10-01
CUS_0x2468_2024_04_01,CUS_0x2468,1/4/2024,10,6,10000,1000,0,5000,9000,1/10/2024,2024-10-01,2025-11-09 07:30:19.821879,data/lms_loan_daily.csv,2024-10-01
CUS_0x246a_2024_05_01,CUS_0x246a,1/5/2024,10,5,10000,1000,0,3000,8000,1/10/2024,2024-10-01,2025-11-09 07:30:19.821879,data/lms_loan_daily.csv,2024-10-01
CUS_0x246d_2024_09_01,CUS_0x246d,1/9/2024,10,1,10000,1000,1000,0,9000,1/10/2024,2024-10-01,2025-11-09 07:30:19.821879,data/lms_loan_daily.csv,2024-10-01
CUS_0x2472_2024_05_01,CUS_0x2472,1/5/2024,10,5,10000,1000,0,2000,7000,1/10/2024,2024-10-01,2025-11-09 07:30:19.821879,data/lms_loan_daily.csv,2024-10-01
CUS_0x2477_2024_05_01,CUS_0x2477,1/5/2024,10,5,10000,1000,0,3000,8000,1/10/2024,2024-10-01,2025-11-09 07:30:19.821879,data/lms_loan_daily.csv,2024-10-01
CUS_0x247c_2024_01_01,CUS_0x247c,1/1/2024,10,9,10000,1000,1000,0,1000,1/10/2024,2024-10-01,2025-11-09 07:30:19.821879,data/lms_loan_daily.csv,2024-10-01
CUS_0x247e_2024_08_01,CUS_0x247e,1/8/2024,10,2,10000,1000,1000,0,8000,1/10/2024,2024-10-01,2025-11-09 07:30:19.821879,data/lms_loan_daily.csv,2024-10-01
CUS_0x2483_2024_04_01,CUS_0x2483,1/4/2024,10,6,10000,1000,1000,0,4000,1/10/2024,2024-10-01,2025-11-09 07:30:19.821879,data/lms_loan_daily.csv,2024-10-01
CUS_0x2484_2024_04_01,CUS_0x2484,1/4/2024,10,6,10000,1000,1000,0,4000,1/10/2024,2024-10-01,2025-11-09 07:30:19.821879,data/lms_loan_daily.csv,2024-10-01
CUS_0x248e_2024_07_01,CUS_0x248e,1/7/2024,10,3,10000,1000,1000,0,7000,1/10/2024,2024-10-01,2025-11-09 07:30:19.821879,data/lms_loan_daily.csv,2024-10-01
CUS_0x2499_2024_01_01,CUS_0x2499,1/1/2024,10,9,10000,1000,1000,0,1000,1/10/2024,2024-10-01,2025-11-09 07:30:19.821879,data/lms_loan_daily.csv,2024-10-01
CUS_0x24a1_2024_07_01,CUS_0x24a1,1/7/2024,10,3,10000,1000,0,1000,8000,1/10/2024,2024-10-01,2025-11-09 07:30:19.821879,data/lms_loan_daily.csv,2024-10-01
CUS_0x24ae_2024_04_01,CUS_0x24ae,1/4/2024,10,6,10000,1000,1000,0,4000,1/10/2024,2024-10-01,2025-11-09 07:30:19.821879,data/lms_loan_daily.csv,2024-10-01
CUS_0x24bc_2024_08_01,CUS_0x24bc,1/8/2024,10,2,10000,1000,1000,0,8000,1/10/2024,2024-10-01,2025-11-09 07:30:19.821879,data/lms_loan_daily.csv,2024-10-01
CUS_0x24d9_2024_01_01,CUS_0x24d9,1/1/2024,10,9,10000,1000,1000,0,1000,1/10/2024,2024-10-01,2025-11-09 07:30:19.821879,data/lms_loan_daily.csv,2024-10-01
CUS_0x24e3_2024_04_01,CUS_0x24e3,1/4/2024,10,6,10000,1000,1000,0,4000,1/10/2024,2024-10-01,2025-11-09 07:30:19.821879,data/lms_loan_daily.csv,2024-10-01
CUS_0x24ee_2024_04_01,CUS_0x24ee,1/4/2024,10,6,10000,1000,0,4000,8000,1/10/2024,2024-10-01,2025-11-09 07:30:19.821879,data/lms_loan_daily.csv,2024-10-01
CUS_0x24f6_2024_05_01,CUS_0x24f6,1/5/2024,10,5,10000,1000,1000,0,5000,1/10/2024,2024-10-01,2025-11-09 07:30:19.821879,data/lms_loan_daily.csv,2024-10-01
CUS_0x24f9_2023_12_01,CUS_0x24f9,1/12/2023,10,10,10000,1000,1000,0,0,1/10/2024,2024-10-01,2025-11-09 07:30:19.821879,data/lms_loan_daily.csv,2024-10-01
CUS_0x2507_2024_10_01,CUS_0x2507,1/10/2024,10,0,10000,0,0,0,10000,1/10/2024,2024-10-01,2025-11-09 07:30:19.821879,data/lms_loan_daily.csv,2024-10-01
CUS_0x2508_2024_03_01,CUS_0x2508,1/3/2024,10,7,10000,1000,0,5000,8000,1/10/2024,2024-10-01,2025-11-09 07:30:19.821879,data/lms_loan_daily.csv,2024-10-01
CUS_0x2509_2024_08_01,CUS_0x2509,1/8/2024,10,2,10000,1000,0,1000,9000,1/10/2024,2024-10-01,2025-11-09 07:30:19.821879,data/lms_loan_daily.csv,2024-10-01
CUS_0x2516_2024_08_01,CUS_0x2516,1/8/2024,10,2,10000,1000,1000,0,8000,1/10/2024,2024-10-01,2025-11-09 07:30:19.821879,data/lms_loan_daily.csv,2024-10-01
CUS_0x251e_2024_07_01,CUS_0x251e,1/7/2024,10,3,10000,1000,0,1000,8000,1/10/2024,2024-10-01,2025-11-09 07:30:19.821879,data/lms_loan_daily.csv,2024-10-01
CUS_0x2526_2023_12_01,CUS_0x2526,1/12/2023,10,10,10000,1000,1000,0,0,1/10/2024,2024-10-01,2025-11-09 07:30:19.821879,data/lms_loan_daily.csv,2024-10-01
CUS_0x2527_2024_08_01,CUS_0x2527,1/8/2024,10,2,10000,1000,1000,0,8000,1/10/2024,2024-10-01,2025-11-09 07:30:19.821879,data/lms_loan_daily.csv,2024-10-01
CUS_0x253a_2024_09_01,CUS_0x253a,1/9/2024,10,1,10000,1000,1000,0,9000,1/10/2024,2024-10-01,2025-11-09 07:30:19.821879,data/lms_loan_daily.csv,2024-10-01
CUS_0x2541_2023_12_01,CUS_0x2541,1/12/2023,10,10,10000,1000,1000,0,0,1/10/2024,2024-10-01,2025-11-09 07:30:19.821879,data/lms_loan_daily.csv,2024-10-01
CUS_0x2543_2024_10_01,CUS_0x2543,1/10/2024,10,0,10000,0,0,0,10000,1/10/2024,2024-10-01,2025-11-09 07:30:19.821879,data/lms_loan_daily.csv,2024-10-01
CUS_0x2547_2024_01_01,CUS_0x2547,1/1/2024,10,9,10000,1000,1000,0,1000,1/10/2024,2024-10-01,2025-11-09 07:30:19.821879,data/lms_loan_daily.csv,2024-10-01
CUS_0x254e_2024_06_01,CUS_0x254e,1/6/2024,10,4,10000,1000,1000,0,6000,1/10/2024,2024-10-01,2025-11-09 07:30:19.821879,data/lms_loan_daily.csv,2024-10-01
CUS_0x2561_2024_09_01,CUS_0x2561,1/9/2024,10,1,10000,1000,1000,0,9000,1/10/2024,2024-10-01,2025-11-09 07:30:19.821879,data/lms_loan_daily.csv,2024-10-01
CUS_0x2562_2024_08_01,CUS_0x2562,1/8/2024,10,2,10000,1000,0,2000,10000,1/10/2024,2024-10-01,2025-11-09 07:30:19.821879,data/lms_loan_daily.csv,2024-10-01
CUS_0x2568_2024_09_01,CUS_0x2568,1/9/2024,10,1,10000,1000,1000,0,9000,1/10/2024,2024-10-01,2025-11-09 07:30:19.821879,data/lms_loan_daily.csv,2024-10-01
CUS_0x2579_2024_07_01,CUS_0x2579,1/7/2024,10,3,10000,1000,1000,0,7000,1/10/2024,2024-10-01,2025-11-09 07:30:19.821879,data/lms_loan_daily.csv,2024-10-01
CUS_0x257e_2023_12_01,CUS_0x257e,1/12/2023,10,10,10000,1000,1000,0,0,1/10/2024,2024-10-01,2025-11-09 07:30:19.821879,data/lms_loan_daily.csv,2024-10-01
CUS_0x258c_2024_05_01,CUS_0x258c,1/5/2024,10,5,10000,1000,1000,0,5000,1/10/2024,2024-10-01,2025-11-09 07:30:19.821879,data/lms_loan_daily.csv,2024-10-01
CUS_0x259a_2024_07_01,CUS_0x259a,1/7/2024,10,3,10000,1000,0,1000,8000,1/10/2024,2024-10-01,2025-11-09 07:30:19.821879,data/lms_loan_daily.csv,2024-10-01
CUS_0x259d_2024_06_01,CUS_0x259d,1/6/2024,10,4,10000,1000,1000,0,6000,1/10/2024,2024-10-01,2025-11-09 07:30:19.821879,data/lms_loan_daily.csv,2024-10-01
CUS_0x25aa_2024_09_01,CUS_0x25aa,1/9/2024,10,1,10000,1000,1000,0,9000,1/10/2024,2024-10-01,2025-11-09 07:30:19.821879,data/lms_loan_daily.csv,2024-10-01
CUS_0x25b0_2024_03_01,CUS_0x25b0,1/3/2024,10,7,10000,1000,0,6000,9000,1/10/2024,2024-10-01,2025-11-09 07:30:19.821879,data/lms_loan_daily.csv,2024-10-01
CUS_0x25be_2024_02_01,CUS_0x25be,1/2/2024,10,8,10000,1000,1000,0,2000,1/10/2024,2024-10-01,2025-11-09 07:30:19.821879,data/lms_loan_daily.csv,2024-10-01
CUS_0x25c0_2023_12_01,CUS_0x25c0,1/12/2023,10,10,10000,1000,0,8000,8000,1/10/2024,2024-10-01,2025-11-09 07:30:19.821879,data/lms_loan_daily.csv,2024-10-01
CUS_0x25c4_2024_10_01,CUS_0x25c4,1/10/2024,10,0,10000,0,0,0,10000,1/10/2024,2024-10-01,2025-11-09 07:30:19.821879,data/lms_loan_daily.csv,2024-10-01
CUS_0x25ca_2024_01_01,CUS_0x25ca,1/1/2024,10,9,10000,1000,1000,0,1000,1/10/2024,2024-10-01,2025-11-09 07:30:19.821879,data/lms_loan_daily.csv,2024-10-01
CUS_0x25cd_2024_02_01,CUS_0x25cd,1/2/2024,10,8,10000,1000,0,7000,9000,1/10/2024,2024-10-01,2025-11-09 07:30:19.821879,data/lms_loan_daily.csv,2024-10-01
CUS_0x25e3_2024_09_01,CUS_0x25e3,1/9/2024,10,1,10000,1000,0,1000,10000,1/10/2024,2024-10-01,2025-11-09 07:30:19.821879,data/lms_loan_daily.csv,2024-10-01
CUS_0x25f6_2024_05_01,CUS_0x25f6,1/5/2024,10,5,10000,1000,0,4000,9000,1/10/2024,2024-10-01,2025-11-09 07:30:19.821879,data/lms_loan_daily.csv,2024-10-01
CUS_0x25f7_2024_09_01,CUS_0x25f7,1/9/2024,10,1,10000,1000,1000,0,9000,1/10/2024,2024-10-01,2025-11-09 07:30:19.821879,data/lms_loan_daily.csv,2024-10-01
CUS_0x25f8_2024_05_01,CUS_0x25f8,1/5/2024,10,5,10000,1000,1000,0,5000,1/10/2024,2024-10-01,2025-11-09 07:30:19.821879,data/lms_loan_daily.csv,2024-10-01
CUS_0x25fd_2023_12_01,CUS_0x25fd,1/12/2023,10,10,10000,1000,1000,0,0,1/10/2024,2024-10-01,2025-11-09 07:30:19.821879,data/lms_loan_daily.csv,2024-10-01
CUS_0x260b_2024_05_01,CUS_0x260b,1/5/2024,10,5,10000,1000,0,1000,6000,1/10/2024,2024-10-01,2025-11-09 07:30:19.821879,data/lms_loan_daily.csv,2024-10-01
CUS_0x261d_2023_12_01,CUS_0x261d,1/12/2023,10,10,10000,1000,1000,0,0,1/10/2024,2024-10-01,2025-11-09 07:30:19.821879,data/lms_loan_daily.csv,2024-10-01
CUS_0x2625_2024_09_01,CUS_0x2625,1/9/2024,10,1,10000,1000,0,1000,10000,1/10/2024,2024-10-01,2025-11-09 07:30:19.821879,data/lms_loan_daily.csv,2024-10-01
CUS_0x2634_2024_08_01,CUS_0x2634,1/8/2024,10,2,10000,1000,1000,0,8000,1/10/2024,2024-10-01,2025-11-09 07:30:19.821879,data/lms_loan_daily.csv,2024-10-01
CUS_0x2646_2024_03_01,CUS_0x2646,1/3/2024,10,7,10000,1000,1000,0,3000,1/10/2024,2024-10-01,2025-11-09 07:30:19.821879,data/lms_loan_daily.csv,2024-10-01
CUS_0x2647_2024_06_01,CUS_0x2647,1/6/2024,10,4,10000,1000,0,3000,9000,1/10/2024,2024-10-01,2025-11-09 07:30:19.821879,data/lms_loan_daily.csv,2024-10-01
CUS_0x264a_2024_08_01,CUS_0x264a,1/8/2024,10,2,10000,1000,1000,0,8000,1/10/2024,2024-10-01,2025-11-09 07:30:19.821879,data/lms_loan_daily.csv,2024-10-01
CUS_0x264c_2024_02_01,CUS_0x264c,1/2/2024,10,8,10000,1000,1000,0,2000,1/10/2024,2024-10-01,2025-11-09 07:30:19.821879,data/lms_loan_daily.csv,2024-10-01
CUS_0x2653_2024_03_01,CUS_0x2653,1/3/2024,10,7,10000,1000,0,4000,7000,1/10/2024,2024-10-01,2025-11-09 07:30:19.821879,data/lms_loan_daily.csv,2024-10-01
CUS_0x2654_2024_02_01,CUS_0x2654,1/2/2024,10,8,10000,1000,1000,0,2000,1/10/2024,2024-10-01,2025-11-09 07:30:19.821879,data/lms_loan_daily.csv,2024-10-01
CUS_0x2659_2023_12_01,CUS_0x2659,1/12/2023,10,10,10000,1000,0,8000,8000,1/10/2024,2024-10-01,2025-11-09 07:30:19.821879,data/lms_loan_daily.csv,2024-10-01
CUS_0x2665_2024_10_01,CUS_0x2665,1/10/2024,10,0,10000,0,0,0,10000,1/10/2024,2024-10-01,2025-11-09 07:30:19.821879,data/lms_loan_daily.csv,2024-10-01
CUS_0x2683_2024_10_01,CUS_0x2683,1/10/2024,10,0,10000,0,0,0,10000,1/10/2024,2024-10-01,2025-11-09 07:30:19.821879,data/lms_loan_daily.csv,2024-10-01
CUS_0x268b_2024_09_01,CUS_0x268b,1/9/2024,10,1,10000,1000,1000,0,9000,1/10/2024,2024-10-01,2025-11-09 07:30:19.821879,data/lms_loan_daily.csv,2024-10-01
CUS_0x268d_2024_08_01,CUS_0x268d,1/8/2024,10,2,10000,1000,1000,0,8000,1/10/2024,2024-10-01,2025-11-09 07:30:19.821879,data/lms_loan_daily.csv,2024-10-01
CUS_0x268f_2024_07_01,CUS_0x268f,1/7/2024,10,3,10000,1000,0,2000,9000,1/10/2024,2024-10-01,2025-11-09 07:30:19.821879,data/lms_loan_daily.csv,2024-10-01
CUS_0x2692_2024_08_01,CUS_0x2692,1/8/2024,10,2,10000,1000,1000,0,8000,1/10/2024,2024-10-01,2025-11-09 07:30:19.821879,data/lms_loan_daily.csv,2024-10-01
CUS_0x269a_2024_10_01,CUS_0x269a,1/10/2024,10,0,10000,0,0,0,10000,1/10/2024,2024-10-01,2025-11-09 07:30:19.821879,data/lms_loan_daily.csv,2024-10-01
CUS_0x269c_2024_08_01,CUS_0x269c,1/8/2024,10,2,10000,1000,1000,0,8000,1/10/2024,2024-10-01,2025-11-09 07:30:19.821879,data/lms_loan_daily.csv,2024-10-01
CUS_0x269d_2023_12_01,CUS_0x269d,1/12/2023,10,10,10000,1000,1000,0,0,1/10/2024,2024-10-01,2025-11-09 07:30:19.821879,data/lms_loan_daily.csv,2024-10-01
CUS_0x26a5_2023_12_01,CUS_0x26a5,1/12/2023,10,10,10000,1000,1000,0,0,1/10/2024,2024-10-01,2025-11-09 07:30:19.821879,data/lms_loan_daily.csv,2024-10-01
CUS_0x26ac_2024_10_01,CUS_0x26ac,1/10/2024,10,0,10000,0,0,0,10000,1/10/2024,2024-10-01,2025-11-09 07:30:19.821879,data/lms_loan_daily.csv,2024-10-01
CUS_0x26c6_2023_12_01,CUS_0x26c6,1/12/2023,10,10,10000,1000,0,7000,7000,1/10/2024,2024-10-01,2025-11-09 07:30:19.821879,data/lms_loan_daily.csv,2024-10-01
CUS_0x26d2_2024_09_01,CUS_0x26d2,1/9/2024,10,1,10000,1000,1000,0,9000,1/10/2024,2024-10-01,2025-11-09 07:30:19.821879,data/lms_loan_daily.csv,2024-10-01
CUS_0x26f2_2024_05_01,CUS_0x26f2,1/5/2024,10,5,10000,1000,0,5000,10000,1/10/2024,2024-10-01,2025-11-09 07:30:19.821879,data/lms_loan_daily.csv,2024-10-01
CUS_0x26f5_2024_05_01,CUS_0x26f5,1/5/2024,10,5,10000,1000,1000,0,5000,1/10/2024,2024-10-01,2025-11-09 07:30:19.821879,data/lms_loan_daily.csv,2024-10-01
CUS_0x26ff_2024_02_01,CUS_0x26ff,1/2/2024,10,8,10000,1000,1000,0,2000,1/10/2024,2024-10-01,2025-11-09 07:30:19.821879,data/lms_loan_daily.csv,2024-10-01
CUS_0x2703_2024_05_01,CUS_0x2703,1/5/2024,10,5,10000,1000,0,3000,8000,1/10/2024,2024-10-01,2025-11-09 07:30:19.821879,data/lms_loan_daily.csv,2024-10-01
CUS_0x270c_2024_09_01,CUS_0x270c,1/9/2024,10,1,10000,1000,1000,0,9000,1/10/2024,2024-10-01,2025-11-09 07:30:19.821879,data/lms_loan_daily.csv,2024-10-01
CUS_0x2714_2024_04_01,CUS_0x2714,1/4/2024,10,6,10000,1000,0,2000,6000,1/10/2024,2024-10-01,2025-11-09 07:30:19.821879,data/lms_loan_daily.csv,2024-10-01
CUS_0x2717_2024_03_01,CUS_0x2717,1/3/2024,10,7,10000,1000,1000,0,3000,1/10/2024,2024-10-01,2025-11-09 07:30:19.821879,data/lms_loan_daily.csv,2024-10-01
CUS_0x2719_2024_06_01,CUS_0x2719,1/6/2024,10,4,10000,1000,1000,0,6000,1/10/2024,2024-10-01,2025-11-09 07:30:19.821879,data/lms_loan_daily.csv,2024-10-01
CUS_0x271a_2024_06_01,CUS_0x271a,1/6/2024,10,4,10000,1000,1000,0,6000,1/10/2024,2024-10-01,2025-11-09 07:30:19.821879,data/lms_loan_daily.csv,2024-10-01
CUS_0x272a_2024_04_01,CUS_0x272a,1/4/2024,10,6,10000,1000,1000,0,4000,1/10/2024,2024-10-01,2025-11-09 07:30:19.821879,data/lms_loan_daily.csv,2024-10-01
CUS_0x2730_2024_03_01,CUS_0x2730,1/3/2024,10,7,10000,1000,1000,0,3000,1/10/2024,2024-10-01,2025-11-09 07:30:19.821879,data/lms_loan_daily.csv,2024-10-01
CUS_0x2731_2024_03_01,CUS_0x2731,1/3/2024,10,7,10000,1000,1000,0,3000,1/10/2024,2024-10-01,2025-11-09 07:30:19.821879,data/lms_loan_daily.csv,2024-10-01
CUS_0x2767_2024_01_01,CUS_0x2767,1/1/2024,10,9,10000,1000,1000,0,1000,1/10/2024,2024-10-01,2025-11-09 07:30:19.821879,data/lms_loan_daily.csv,2024-10-01
CUS_0x277a_2024_02_01,CUS_0x277a,1/2/2024,10,8,10000,1000,0,6000,8000,1/10/2024,2024-10-01,2025-11-09 07:30:19.821879,data/lms_loan_daily.csv,2024-10-01
CUS_0x277e_2024_07_01,CUS_0x277e,1/7/2024,10,3,10000,1000,1000,0,7000,1/10/2024,2024-10-01,2025-11-09 07:30:19.821879,data/lms_loan_daily.csv,2024-10-01
CUS_0x2788_2024_03_01,CUS_0x2788,1/3/2024,10,7,10000,1000,0,4000,7000,1/10/2024,2024-10-01,2025-11-09 07:30:19.821879,data/lms_loan_daily.csv,2024-10-01
CUS_0x278b_2024_09_01,CUS_0x278b,1/9/2024,10,1,10000,1000,1000,0,9000,1/10/2024,2024-10-01,2025-11-09 07:30:19.821879,data/lms_loan_daily.csv,2024-10-01
CUS_0x2798_2024_06_01,CUS_0x2798,1/6/2024,10,4,10000,1000,1000,0,6000,1/10/2024,2024-10-01,2025-11-09 07:30:19.821879,data/lms_loan_daily.csv,2024-10-01
CUS_0x279c_2023_12_01,CUS_0x279c,1/12/2023,10,10,10000,1000,1000,0,0,1/10/2024,2024-10-01,2025-11-09 07:30:19.821879,data/lms_loan_daily.csv,2024-10-01
CUS_0x27ab_2024_03_01,CUS_0x27ab,1/3/2024,10,7,10000,1000,1000,0,3000,1/10/2024,2024-10-01,2025-11-09 07:30:19.821879,data/lms_loan_daily.csv,2024-10-01
CUS_0x27c2_2024_01_01,CUS_0x27c2,1/1/2024,10,9,10000,1000,1000,0,1000,1/10/2024,2024-10-01,2025-11-09 07:30:19.821879,data/lms_loan_daily.csv,2024-10-01
CUS_0x27d8_2024_07_01,CUS_0x27d8,1/7/2024,10,3,10000,1000,1000,0,7000,1/10/2024,2024-10-01,2025-11-09 07:30:19.821879,data/lms_loan_daily.csv,2024-10-01
CUS_0x27e0_2024_07_01,CUS_0x27e0,1/7/2024,10,3,10000,1000,1000,0,7000,1/10/2024,2024-10-01,2025-11-09 07:30:19.821879,data/lms_loan_daily.csv,2024-10-01
CUS_0x27e2_2023_12_01,CUS_0x27e2,1/12/2023,10,10,10000,1000,0,7000,7000,1/10/2024,2024-10-01,2025-11-09 07:30:19.821879,data/lms_loan_daily.csv,2024-10-01
CUS_0x27e5_2024_03_01,CUS_0x27e5,1/3/2024,10,7,10000,1000,1000,0,3000,1/10/2024,2024-10-01,2025-11-09 07:30:19.821879,data/lms_loan_daily.csv,2024-10-01
CUS_0x27fa_2024_09_01,CUS_0x27fa,1/9/2024,10,1,10000,1000,1000,0,9000,1/10/2024,2024-10-01,2025-11-09 07:30:19.821879,data/lms_loan_daily.csv,2024-10-01
CUS_0x2808_2024_04_01,CUS_0x2808,1/4/2024,10,6,10000,1000,1000,0,4000,1/10/2024,2024-10-01,2025-11-09 07:30:19.821879,data/lms_loan_daily.csv,2024-10-01
CUS_0x2811_2024_05_01,CUS_0x2811,1/5/2024,10,5,10000,1000,1000,0,5000,1/10/2024,2024-10-01,2025-11-09 07:30:19.821879,data/lms_loan_daily.csv,2024-10-01
CUS_0x2813_2024_04_01,CUS_0x2813,1/4/2024,10,6,10000,1000,1000,0,4000,1/10/2024,2024-10-01,2025-11-09 07:30:19.821879,data/lms_loan_daily.csv,2024-10-01
CUS_0x2816_2024_06_01,CUS_0x2816,1/6/2024,10,4,10000,1000,2000,0,6000,1/10/2024,2024-10-01,2025-11-09 07:30:19.821879,data/lms_loan_daily.csv,2024-10-01
CUS_0x2823_2024_04_01,CUS_0x2823,1/4/2024,10,6,10000,1000,1000,0,4000,1/10/2024,2024-10-01,2025-11-09 07:30:19.821879,data/lms_loan_daily.csv,2024-10-01
CUS_0x2824_2024_03_01,CUS_0x2824,1/3/2024,10,7,10000,1000,0,7000,10000,1/10/2024,2024-10-01,2025-11-09 07:30:19.821879,data/lms_loan_daily.csv,2024-10-01
CUS_0x2825_2024_02_01,CUS_0x2825,1/2/2024,10,8,10000,1000,1000,0,2000,1/10/2024,2024-10-01,2025-11-09 07:30:19.821879,data/lms_loan_daily.csv,2024-10-01
CUS_0x2827_2024_08_01,CUS_0x2827,1/8/2024,10,2,10000,1000,1000,0,8000,1/10/2024,2024-10-01,2025-11-09 07:30:19.821879,data/lms_loan_daily.csv,2024-10-01
CUS_0x2829_2024_09_01,CUS_0x2829,1/9/2024,10,1,10000,1000,1000,0,9000,1/10/2024,2024-10-01,2025-11-09 07:30:19.821879,data/lms_loan_daily.csv,2024-10-01
CUS_0x2834_2024_08_01,CUS_0x2834,1/8/2024,10,2,10000,1000,1000,0,8000,1/10/2024,2024-10-01,2025-11-09 07:30:19.821879,data/lms_loan_daily.csv,2024-10-01
CUS_0x2855_2024_02_01,CUS_0x2855,1/2/2024,10,8,10000,1000,0,8000,10000,1/10/2024,2024-10-01,2025-11-09 07:30:19.821879,data/lms_loan_daily.csv,2024-10-01
CUS_0x2863_2024_04_01,CUS_0x2863,1/4/2024,10,6,10000,1000,1000,0,4000,1/10/2024,2024-10-01,2025-11-09 07:30:19.821879,data/lms_loan_daily.csv,2024-10-01
CUS_0x2869_2024_08_01,CUS_0x2869,1/8/2024,10,2,10000,1000,1000,0,8000,1/10/2024,2024-10-01,2025-11-09 07:30:19.821879,data/lms_loan_daily.csv,2024-10-01
CUS_0x286a_2023_12_01,CUS_0x286a,1/12/2023,10,10,10000,1000,1000,0,0,1/10/2024,2024-10-01,2025-11-09 07:30:19.821879,data/lms_loan_daily.csv,2024-10-01
CUS_0x286c_2024_01_01,CUS_0x286c,1/1/2024,10,9,10000,1000,1000,0,1000,1/10/2024,2024-10-01,2025-11-09 07:30:19.821879,data/lms_loan_daily.csv,2024-10-01
CUS_0x2876_2024_04_01,CUS_0x2876,1/4/2024,10,6,10000,1000,0,2000,6000,1/10/2024,2024-10-01,2025-11-09 07:30:19.821879,data/lms_loan_daily.csv,2024-10-01
CUS_0x2878_2023_12_01,CUS_0x2878,1/12/2023,10,10,10000,1000,1000,0,0,1/10/2024,2024-10-01,2025-11-09 07:30:19.821879,data/lms_loan_daily.csv,2024-10-01
CUS_0x2881_2024_02_01,CUS_0x2881,1/2/2024,10,8,10000,1000,0,8000,10000,1/10/2024,2024-10-01,2025-11-09 07:30:19.821879,data/lms_loan_daily.csv,2024-10-01
CUS_0x2887_2024_10_01,CUS_0x2887,1/10/2024,10,0,10000,0,0,0,10000,1/10/2024,2024-10-01,2025-11-09 07:30:19.821879,data/lms_loan_daily.csv,2024-10-01
CUS_0x289b_2024_05_01,CUS_0x289b,1/5/2024,10,5,10000,1000,0,2000,7000,1/10/2024,2024-10-01,2025-11-09 07:30:19.821879,data/lms_loan_daily.csv,2024-10-01
CUS_0x28a3_2024_03_01,CUS_0x28a3,1/3/2024,10,7,10000,1000,1000,0,3000,1/10/2024,2024-10-01,2025-11-09 07:30:19.821879,data/lms_loan_daily.csv,2024-10-01
CUS_0x28a4_2024_02_01,CUS_0x28a4,1/2/2024,10,8,10000,1000,1000,0,2000,1/10/2024,2024-10-01,2025-11-09 07:30:19.821879,data/lms_loan_daily.csv,2024-10-01
CUS_0x28a6_2024_05_01,CUS_0x28a6,1/5/2024,10,5,10000,1000,0,3000,8000,1/10/2024,2024-10-01,2025-11-09 07:30:19.821879,data/lms_loan_daily.csv,2024-10-01
CUS_0x28b5_2024_06_01,CUS_0x28b5,1/6/2024,10,4,10000,1000,1000,0,6000,1/10/2024,2024-10-01,2025-11-09 07:30:19.821879,data/lms_loan_daily.csv,2024-10-01
CUS_0x28cb_2024_06_01,CUS_0x28cb,1/6/2024,10,4,10000,1000,1000,0,6000,1/10/2024,2024-10-01,2025-11-09 07:30:19.821879,data/lms_loan_daily.csv,2024-10-01
CUS_0x28d0_2024_04_01,CUS_0x28d0,1/4/2024,10,6,10000,1000,1000,0,4000,1/10/2024,2024-10-01,2025-11-09 07:30:19.821879,data/lms_loan_daily.csv,2024-10-01
CUS_0x28de_2023_12_01,CUS_0x28de,1/12/2023,10,10,10000,1000,0,9000,9000,1/10/2024,2024-10-01,2025-11-09 07:30:19.821879,data/lms_loan_daily.csv,2024-10-01
CUS_0x28e2_2024_08_01,CUS_0x28e2,1/8/2024,10,2,10000,1000,1000,0,8000,1/10/2024,2024-10-01,2025-11-09 07:30:19.821879,data/lms_loan_daily.csv,2024-10-01
CUS_0x28e3_2024_06_01,CUS_0x28e3,1/6/2024,10,4,10000,1000,1000,0,6000,1/10/2024,2024-10-01,2025-11-09 07:30:19.821879,data/lms_loan_daily.csv,2024-10-01
CUS_0x28e7_2024_07_01,CUS_0x28e7,1/7/2024,10,3,10000,1000,1000,0,7000,1/10/2024,2024-10-01,2025-11-09 07:30:19.821879,data/lms_loan_daily.csv,2024-10-01
CUS_0x28ec_2023_12_01,CUS_0x28ec,1/12/2023,10,10,10000,1000,0,7000,7000,1/10/2024,2024-10-01,2025-11-09 07:30:19.821879,data/lms_loan_daily.csv,2024-10-01
CUS_0x28ef_2024_09_01,CUS_0x28ef,1/9/2024,10,1,10000,1000,1000,0,9000,1/10/2024,2024-10-01,2025-11-09 07:30:19.821879,data/lms_loan_daily.csv,2024-10-01
CUS_0x28f1_2024_02_01,CUS_0x28f1,1/2/2024,10,8,10000,1000,1000,0,2000,1/10/2024,2024-10-01,2025-11-09 07:30:19.821879,data/lms_loan_daily.csv,2024-10-01
CUS_0x28f3_2024_06_01,CUS_0x28f3,1/6/2024,10,4,10000,1000,1000,0,6000,1/10/2024,2024-10-01,2025-11-09 07:30:19.821879,data/lms_loan_daily.csv,2024-10-01
CUS_0x28f5_2024_07_01,CUS_0x28f5,1/7/2024,10,3,10000,1000,1000,0,7000,1/10/2024,2024-10-01,2025-11-09 07:30:19.821879,data/lms_loan_daily.csv,2024-10-01
CUS_0x290b_2024_05_01,CUS_0x290b,1/5/2024,10,5,10000,1000,0,3000,8000,1/10/2024,2024-10-01,2025-11-09 07:30:19.821879,data/lms_loan_daily.csv,2024-10-01
CUS_0x2916_2024_05_01,CUS_0x2916,1/5/2024,10,5,10000,1000,1000,0,5000,1/10/2024,2024-10-01,2025-11-09 07:30:19.821879,data/lms_loan_daily.csv,2024-10-01
CUS_0x291b_2024_05_01,CUS_0x291b,1/5/2024,10,5,10000,1000,1000,0,5000,1/10/2024,2024-10-01,2025-11-09 07:30:19.821879,data/lms_loan_daily.csv,2024-10-01
CUS_0x2934_2024_06_01,CUS_0x2934,1/6/2024,10,4,10000,1000,1000,0,6000,1/10/2024,2024-10-01,2025-11-09 07:30:19.821879,data/lms_loan_daily.csv,2024-10-01
CUS_0x2947_2024_10_01,CUS_0x2947,1/10/2024,10,0,10000,0,0,0,10000,1/10/2024,2024-10-01,2025-11-09 07:30:19.821879,data/lms_loan_daily.csv,2024-10-01
CUS_0x294d_2024_03_01,CUS_0x294d,1/3/2024,10,7,10000,1000,0,6000,9000,1/10/2024,2024-10-01,2025-11-09 07:30:19.821879,data/lms_loan_daily.csv,2024-10-01
CUS_0x2954_2024_01_01,CUS_0x2954,1/1/2024,10,9,10000,1000,1000,0,1000,1/10/2024,2024-10-01,2025-11-09 07:30:19.821879,data/lms_loan_daily.csv,2024-10-01
CUS_0x2959_2024_03_01,CUS_0x2959,1/3/2024,10,7,10000,1000,0,4000,7000,1/10/2024,2024-10-01,2025-11-09 07:30:19.821879,data/lms_loan_daily.csv,2024-10-01
CUS_0x2982_2024_01_01,CUS_0x2982,1/1/2024,10,9,10000,1000,1000,0,1000,1/10/2024,2024-10-01,2025-11-09 07:30:19.821879,data/lms_loan_daily.csv,2024-10-01
CUS_0x2984_2024_05_01,CUS_0x2984,1/5/2024,10,5,10000,1000,1000,0,5000,1/10/2024,2024-10-01,2025-11-09 07:30:19.821879,data/lms_loan_daily.csv,2024-10-01
CUS_0x298f_2024_09_01,CUS_0x298f,1/9/2024,10,1,10000,1000,1000,0,9000,1/10/2024,2024-10-01,2025-11-09 07:30:19.821879,data/lms_loan_daily.csv,2024-10-01
CUS_0x2993_2024_10_01,CUS_0x2993,1/10/2024,10,0,10000,0,0,0,10000,1/10/2024,2024-10-01,2025-11-09 07:30:19.821879,data/lms_loan_daily.csv,2024-10-01
CUS_0x2996_2024_09_01,CUS_0x2996,1/9/2024,10,1,10000,1000,1000,0,9000,1/10/2024,2024-10-01,2025-11-09 07:30:19.821879,data/lms_loan_daily.csv,2024-10-01
CUS_0x2998_2024_04_01,CUS_0x2998,1/4/2024,10,6,10000,1000,1000,0,4000,1/10/2024,2024-10-01,2025-11-09 07:30:19.821879,data/lms_loan_daily.csv,2024-10-01
CUS_0x29ab_2024_03_01,CUS_0x29ab,1/3/2024,10,7,10000,1000,1000,0,3000,1/10/2024,2024-10-01,2025-11-09 07:30:19.821879,data/lms_loan_daily.csv,2024-10-01
CUS_0x29ac_2024_09_01,CUS_0x29ac,1/9/2024,10,1,10000,1000,1000,0,9000,1/10/2024,2024-10-01,2025-11-09 07:30:19.821879,data/lms_loan_daily.csv,2024-10-01
CUS_0x29b2_2024_06_01,CUS_0x29b2,1/6/2024,10,4,10000,1000,1000,0,6000,1/10/2024,2024-10-01,2025-11-09 07:30:19.821879,data/lms_loan_daily.csv,2024-10-01
CUS_0x29b5_2024_09_01,CUS_0x29b5,1/9/2024,10,1,10000,1000,1000,0,9000,1/10/2024,2024-10-01,2025-11-09 07:30:19.821879,data/lms_loan_daily.csv,2024-10-01
CUS_0x29bf_2024_08_01,CUS_0x29bf,1/8/2024,10,2,10000,1000,1000,0,8000,1/10/2024,2024-10-01,2025-11-09 07:30:19.821879,data/lms_loan_daily.csv,2024-10-01
CUS_0x29cd_2023_12_01,CUS_0x29cd,1/12/2023,10,10,10000,1000,1000,0,0,1/10/2024,2024-10-01,2025-11-09 07:30:19.821879,data/lms_loan_daily.csv,2024-10-01
CUS_0x29d2_2024_06_01,CUS_0x29d2,1/6/2024,10,4,10000,1000,1000,0,6000,1/10/2024,2024-10-01,2025-11-09 07:30:19.821879,data/lms_loan_daily.csv,2024-10-01
CUS_0x29d5_2024_04_01,CUS_0x29d5,1/4/2024,10,6,10000,1000,1000,0,4000,1/10/2024,2024-10-01,2025-11-09 07:30:19.821879,data/lms_loan_daily.csv,2024-10-01
CUS_0x29e7_2024_05_01,CUS_0x29e7,1/5/2024,10,5,10000,1000,0,3000,8000,1/10/2024,2024-10-01,2025-11-09 07:30:19.821879,data/lms_loan_daily.csv,2024-10-01
CUS_0x29e9_2024_08_01,CUS_0x29e9,1/8/2024,10,2,10000,1000,1000,0,8000,1/10/2024,2024-10-01,2025-11-09 07:30:19.821879,data/lms_loan_daily.csv,2024-10-01
CUS_0x29fd_2024_05_01,CUS_0x29fd,1/5/2024,10,5,10000,1000,0,3000,8000,1/10/2024,2024-10-01,2025-11-09 07:30:19.821879,data/lms_loan_daily.csv,2024-10-01
CUS_0x29ff_2024_05_01,CUS_0x29ff,1/5/2024,10,5,10000,1000,0,3000,8000,1/10/2024,2024-10-01,2025-11-09 07:30:19.821879,data/lms_loan_daily.csv,2024-10-01
CUS_0x2a06_2024_01_01,CUS_0x2a06,1/1/2024,10,9,10000,1000,0,6000,7000,1/10/2024,2024-10-01,2025-11-09 07:30:19.821879,data/lms_loan_daily.csv,2024-10-01
CUS_0x2a23_2024_01_01,CUS_0x2a23,1/1/2024,10,9,10000,1000,1000,0,1000,1/10/2024,2024-10-01,2025-11-09 07:30:19.821879,data/lms_loan_daily.csv,2024-10-01
CUS_0x2a27_2024_02_01,CUS_0x2a27,1/2/2024,10,8,10000,1000,0,5000,7000,1/10/2024,2024-10-01,2025-11-09 07:30:19.821879,data/lms_loan_daily.csv,2024-10-01
CUS_0x2a2e_2024_04_01,CUS_0x2a2e,1/4/2024,10,6,10000,1000,0,4000,8000,1/10/2024,2024-10-01,2025-11-09 07:30:19.821879,data/lms_loan_daily.csv,2024-10-01
CUS_0x2a30_2024_02_01,CUS_0x2a30,1/2/2024,10,8,10000,1000,1000,0,2000,1/10/2024,2024-10-01,2025-11-09 07:30:19.821879,data/lms_loan_daily.csv,2024-10-01
CUS_0x2a36_2024_02_01,CUS_0x2a36,1/2/2024,10,8,10000,1000,1000,0,2000,1/10/2024,2024-10-01,2025-11-09 07:30:19.821879,data/lms_loan_daily.csv,2024-10-01
CUS_0x2a45_2024_08_01,CUS_0x2a45,1/8/2024,10,2,10000,1000,1000,0,8000,1/10/2024,2024-10-01,2025-11-09 07:30:19.821879,data/lms_loan_daily.csv,2024-10-01
CUS_0x2a46_2024_08_01,CUS_0x2a46,1/8/2024,10,2,10000,1000,1000,0,8000,1/10/2024,2024-10-01,2025-11-09 07:30:19.821879,data/lms_loan_daily.csv,2024-10-01
CUS_0x2a47_2023_12_01,CUS_0x2a47,1/12/2023,10,10,10000,1000,1000,0,0,1/10/2024,2024-10-01,2025-11-09 07:30:19.821879,data/lms_loan_daily.csv,2024-10-01
CUS_0x2a57_2024_05_01,CUS_0x2a57,1/5/2024,10,5,10000,1000,1000,0,5000,1/10/2024,2024-10-01,2025-11-09 07:30:19.821879,data/lms_loan_daily.csv,2024-10-01
CUS_0x2a5c_2023_12_01,CUS_0x2a5c,1/12/2023,10,10,10000,1000,1000,0,0,1/10/2024,2024-10-01,2025-11-09 07:30:19.821879,data/lms_loan_daily.csv,2024-10-01
CUS_0x2a70_2024_01_01,CUS_0x2a70,1/1/2024,10,9,10000,1000,0,6000,7000,1/10/2024,2024-10-01,2025-11-09 07:30:19.821879,data/lms_loan_daily.csv,2024-10-01
CUS_0x2a75_2024_01_01,CUS_0x2a75,1/1/2024,10,9,10000,1000,1000,0,1000,1/10/2024,2024-10-01,2025-11-09 07:30:19.821879,data/lms_loan_daily.csv,2024-10-01
CUS_0x2a85_2024_07_01,CUS_0x2a85,1/7/2024,10,3,10000,1000,2000,0,7000,1/10/2024,2024-10-01,2025-11-09 07:30:19.821879,data/lms_loan_daily.csv,2024-10-01
CUS_0x2a86_2024_03_01,CUS_0x2a86,1/3/2024,10,7,10000,1000,0,6000,9000,1/10/2024,2024-10-01,2025-11-09 07:30:19.821879,data/lms_loan_daily.csv,2024-10-01
CUS_0x2a8b_2024_01_01,CUS_0x2a8b,1/1/2024,10,9,10000,1000,1000,0,1000,1/10/2024,2024-10-01,2025-11-09 07:30:19.821879,data/lms_loan_daily.csv,2024-10-01
CUS_0x2a8c_2024_08_01,CUS_0x2a8c,1/8/2024,10,2,10000,1000,1000,0,8000,1/10/2024,2024-10-01,2025-11-09 07:30:19.821879,data/lms_loan_daily.csv,2024-10-01
CUS_0x2a8e_2024_09_01,CUS_0x2a8e,1/9/2024,10,1,10000,1000,1000,0,9000,1/10/2024,2024-10-01,2025-11-09 07:30:19.821879,data/lms_loan_daily.csv,2024-10-01
CUS_0x2a8f_2024_08_01,CUS_0x2a8f,1/8/2024,10,2,10000,1000,1000,0,8000,1/10/2024,2024-10-01,2025-11-09 07:30:19.821879,data/lms_loan_daily.csv,2024-10-01
CUS_0x2a91_2024_02_01,CUS_0x2a91,1/2/2024,10,8,10000,1000,1000,0,2000,1/10/2024,2024-10-01,2025-11-09 07:30:19.821879,data/lms_loan_daily.csv,2024-10-01
CUS_0x2a9f_2024_07_01,CUS_0x2a9f,1/7/2024,10,3,10000,1000,0,1000,8000,1/10/2024,2024-10-01,2025-11-09 07:30:19.821879,data/lms_loan_daily.csv,2024-10-01
CUS_0x2abb_2024_07_01,CUS_0x2abb,1/7/2024,10,3,10000,1000,1000,0,7000,1/10/2024,2024-10-01,2025-11-09 07:30:19.821879,data/lms_loan_daily.csv,2024-10-01
CUS_0x2abd_2024_08_01,CUS_0x2abd,1/8/2024,10,2,10000,1000,1000,0,8000,1/10/2024,2024-10-01,2025-11-09 07:30:19.821879,data/lms_loan_daily.csv,2024-10-01
CUS_0x2ac3_2024_07_01,CUS_0x2ac3,1/7/2024,10,3,10000,1000,1000,0,7000,1/10/2024,2024-10-01,2025-11-09 07:30:19.821879,data/lms_loan_daily.csv,2024-10-01
CUS_0x2ad1_2024_07_01,CUS_0x2ad1,1/7/2024,10,3,10000,1000,1000,0,7000,1/10/2024,2024-10-01,2025-11-09 07:30:19.821879,data/lms_loan_daily.csv,2024-10-01
CUS_0x2ad5_2023_12_01,CUS_0x2ad5,1/12/2023,10,10,10000,1000,1000,0,0,1/10/2024,2024-10-01,2025-11-09 07:30:19.821879,data/lms_loan_daily.csv,2024-10-01
CUS_0x2ad8_2024_07_01,CUS_0x2ad8,1/7/2024,10,3,10000,1000,1000,0,7000,1/10/2024,2024-10-01,2025-11-09 07:30:19.821879,data/lms_loan_daily.csv,2024-10-01
CUS_0x2ae8_2024_08_01,CUS_0x2ae8,1/8/2024,10,2,10000,1000,1000,0,8000,1/10/2024,2024-10-01,2025-11-09 07:30:19.821879,data/lms_loan_daily.csv,2024-10-01
CUS_0x2ae9_2024_06_01,CUS_0x2ae9,1/6/2024,10,4,10000,1000,1000,0,6000,1/10/2024,2024-10-01,2025-11-09 07:30:19.821879,data/lms_loan_daily.csv,2024-10-01
CUS_0x2af3_2024_01_01,CUS_0x2af3,1/1/2024,10,9,10000,1000,1000,0,1000,1/10/2024,2024-10-01,2025-11-09 07:30:19.821879,data/lms_loan_daily.csv,2024-10-01
CUS_0x2b00_2024_09_01,CUS_0x2b00,1/9/2024,10,1,10000,1000,1000,0,9000,1/10/2024,2024-10-01,2025-11-09 07:30:19.821879,data/lms_loan_daily.csv,2024-10-01
CUS_0x2b05_2024_01_01,CUS_0x2b05,1/1/2024,10,9,10000,1000,1000,0,1000,1/10/2024,2024-10-01,2025-11-09 07:30:19.821879,data/lms_loan_daily.csv,2024-10-01
CUS_0x2b11_2024_04_01,CUS_0x2b11,1/4/2024,10,6,10000,1000,1000,0,4000,1/10/2024,2024-10-01,2025-11-09 07:30:19.821879,data/lms_loan_daily.csv,2024-10-01
CUS_0x2b1c_2024_09_01,CUS_0x2b1c,1/9/2024,10,1,10000,1000,1000,0,9000,1/10/2024,2024-10-01,2025-11-09 07:30:19.821879,data/lms_loan_daily.csv,2024-10-01
CUS_0x2b2b_2024_04_01,CUS_0x2b2b,1/4/2024,10,6,10000,1000,1000,0,4000,1/10/2024,2024-10-01,2025-11-09 07:30:19.821879,data/lms_loan_daily.csv,2024-10-01
CUS_0x2b3b_2024_03_01,CUS_0x2b3b,1/3/2024,10,7,10000,1000,1000,0,3000,1/10/2024,2024-10-01,2025-11-09 07:30:19.821879,data/lms_loan_daily.csv,2024-10-01
CUS_0x2b4c_2024_10_01,CUS_0x2b4c,1/10/2024,10,0,10000,0,0,0,10000,1/10/2024,2024-10-01,2025-11-09 07:30:19.821879,data/lms_loan_daily.csv,2024-10-01
CUS_0x2b52_2024_01_01,CUS_0x2b52,1/1/2024,10,9,10000,1000,1000,0,1000,1/10/2024,2024-10-01,2025-11-09 07:30:19.821879,data/lms_loan_daily.csv,2024-10-01
CUS_0x2b57_2024_09_01,CUS_0x2b57,1/9/2024,10,1,10000,1000,1000,0,9000,1/10/2024,2024-10-01,2025-11-09 07:30:19.821879,data/lms_loan_daily.csv,2024-10-01
CUS_0x2b59_2024_01_01,CUS_0x2b59,1/1/2024,10,9,10000,1000,1000,0,1000,1/10/2024,2024-10-01,2025-11-09 07:30:19.821879,data/lms_loan_daily.csv,2024-10-01
CUS_0x2b5d_2023_12_01,CUS_0x2b5d,1/12/2023,10,10,10000,1000,0,6000,6000,1/10/2024,2024-10-01,2025-11-09 07:30:19.821879,data/lms_loan_daily.csv,2024-10-01
CUS_0x2b62_2024_09_01,CUS_0x2b62,1/9/2024,10,1,10000,1000,1000,0,9000,1/10/2024,2024-10-01,2025-11-09 07:30:19.821879,data/lms_loan_daily.csv,2024-10-01
CUS_0x2b7a_2024_08_01,CUS_0x2b7a,1/8/2024,10,2,10000,1000,0,2000,10000,1/10/2024,2024-10-01,2025-11-09 07:30:19.821879,data/lms_loan_daily.csv,2024-10-01
CUS_0x2b7d_2024_06_01,CUS_0x2b7d,1/6/2024,10,4,10000,1000,0,1000,7000,1/10/2024,2024-10-01,2025-11-09 07:30:19.821879,data/lms_loan_daily.csv,2024-10-01
CUS_0x2b84_2024_06_01,CUS_0x2b84,1/6/2024,10,4,10000,1000,0,2000,8000,1/10/2024,2024-10-01,2025-11-09 07:30:19.821879,data/lms_loan_daily.csv,2024-10-01
CUS_0x2b8c_2024_06_01,CUS_0x2b8c,1/6/2024,10,4,10000,1000,0,2000,8000,1/10/2024,2024-10-01,2025-11-09 07:30:19.821879,data/lms_loan_daily.csv,2024-10-01
CUS_0x2b8e_2024_06_01,CUS_0x2b8e,1/6/2024,10,4,10000,1000,1000,0,6000,1/10/2024,2024-10-01,2025-11-09 07:30:19.821879,data/lms_loan_daily.csv,2024-10-01
CUS_0x2b99_2023_12_01,CUS_0x2b99,1/12/2023,10,10,10000,1000,0,9000,9000,1/10/2024,2024-10-01,2025-11-09 07:30:19.821879,data/lms_loan_daily.csv,2024-10-01
CUS_0x2b9f_2023_12_01,CUS_0x2b9f,1/12/2023,10,10,10000,1000,0,7000,7000,1/10/2024,2024-10-01,2025-11-09 07:30:19.821879,data/lms_loan_daily.csv,2024-10-01
CUS_0x2ba1_2024_08_01,CUS_0x2ba1,1/8/2024,10,2,10000,1000,1000,0,8000,1/10/2024,2024-10-01,2025-11-09 07:30:19.821879,data/lms_loan_daily.csv,2024-10-01
CUS_0x2ba4_2024_08_01,CUS_0x2ba4,1/8/2024,10,2,10000,1000,1000,0,8000,1/10/2024,2024-10-01,2025-11-09 07:30:19.821879,data/lms_loan_daily.csv,2024-10-01
CUS_0x2ba9_2024_02_01,CUS_0x2ba9,1/2/2024,10,8,10000,1000,1000,0,2000,1/10/2024,2024-10-01,2025-11-09 07:30:19.821879,data/lms_loan_daily.csv,2024-10-01
CUS_0x2bb5_2024_08_01,CUS_0x2bb5,1/8/2024,10,2,10000,1000,0,2000,10000,1/10/2024,2024-10-01,2025-11-09 07:30:19.821879,data/lms_loan_daily.csv,2024-10-01
CUS_0x2bc4_2024_03_01,CUS_0x2bc4,1/3/2024,10,7,10000,1000,1000,0,3000,1/10/2024,2024-10-01,2025-11-09 07:30:19.821879,data/lms_loan_daily.csv,2024-10-01
CUS_0x2bc7_2024_04_01,CUS_0x2bc7,1/4/2024,10,6,10000,1000,1000,0,4000,1/10/2024,2024-10-01,2025-11-09 07:30:19.821879,data/lms_loan_daily.csv,2024-10-01
CUS_0x2bce_2024_07_01,CUS_0x2bce,1/7/2024,10,3,10000,1000,0,1000,8000,1/10/2024,2024-10-01,2025-11-09 07:30:19.821879,data/lms_loan_daily.csv,2024-10-01
CUS_0x2bdc_2024_08_01,CUS_0x2bdc,1/8/2024,10,2,10000,1000,1000,0,8000,1/10/2024,2024-10-01,2025-11-09 07:30:19.821879,data/lms_loan_daily.csv,2024-10-01
CUS_0x2be1_2024_05_01,CUS_0x2be1,1/5/2024,10,5,10000,1000,1000,0,5000,1/10/2024,2024-10-01,2025-11-09 07:30:19.821879,data/lms_loan_daily.csv,2024-10-01
CUS_0x2beb_2024_02_01,CUS_0x2beb,1/2/2024,10,8,10000,1000,0,7000,9000,1/10/2024,2024-10-01,2025-11-09 07:30:19.821879,data/lms_loan_daily.csv,2024-10-01
CUS_0x2bed_2024_01_01,CUS_0x2bed,1/1/2024,10,9,10000,1000,0,5000,6000,1/10/2024,2024-10-01,2025-11-09 07:30:19.821879,data/lms_loan_daily.csv,2024-10-01
CUS_0x2bf7_2024_08_01,CUS_0x2bf7,1/8/2024,10,2,10000,1000,1000,0,8000,1/10/2024,2024-10-01,2025-11-09 07:30:19.821879,data/lms_loan_daily.csv,2024-10-01
CUS_0x2bfc_2024_01_01,CUS_0x2bfc,1/1/2024,10,9,10000,1000,1000,0,1000,1/10/2024,2024-10-01,2025-11-09 07:30:19.821879,data/lms_loan_daily.csv,2024-10-01
CUS_0x2c08_2024_01_01,CUS_0x2c08,1/1/2024,10,9,10000,1000,0,6000,7000,1/10/2024,2024-10-01,2025-11-09 07:30:19.821879,data/lms_loan_daily.csv,2024-10-01
CUS_0x2c0a_2024_08_01,CUS_0x2c0a,1/8/2024,10,2,10000,1000,1000,0,8000,1/10/2024,2024-10-01,2025-11-09 07:30:19.821879,data/lms_loan_daily.csv,2024-10-01
CUS_0x2c10_2024_05_01,CUS_0x2c10,1/5/2024,10,5,10000,1000,1000,0,5000,1/10/2024,2024-10-01,2025-11-09 07:30:19.821879,data/lms_loan_daily.csv,2024-10-01
CUS_0x2c15_2024_08_01,CUS_0x2c15,1/8/2024,10,2,10000,1000,1000,0,8000,1/10/2024,2024-10-01,2025-11-09 07:30:19.821879,data/lms_loan_daily.csv,2024-10-01
CUS_0x2c1a_2024_04_01,CUS_0x2c1a,1/4/2024,10,6,10000,1000,1000,0,4000,1/10/2024,2024-10-01,2025-11-09 07:30:19.821879,data/lms_loan_daily.csv,2024-10-01
CUS_0x2c1c_2024_04_01,CUS_0x2c1c,1/4/2024,10,6,10000,1000,1000,0,4000,1/10/2024,2024-10-01,2025-11-09 07:30:19.821879,data/lms_loan_daily.csv,2024-10-01
CUS_0x2c2b_2024_04_01,CUS_0x2c2b,1/4/2024,10,6,10000,1000,1000,0,4000,1/10/2024,2024-10-01,2025-11-09 07:30:19.821879,data/lms_loan_daily.csv,2024-10-01
CUS_0x2c2d_2023_12_01,CUS_0x2c2d,1/12/2023,10,10,10000,1000,1000,0,0,1/10/2024,2024-10-01,2025-11-09 07:30:19.821879,data/lms_loan_daily.csv,2024-10-01
CUS_0x2c31_2024_07_01,CUS_0x2c31,1/7/2024,10,3,10000,1000,1000,0,7000,1/10/2024,2024-10-01,2025-11-09 07:30:19.821879,data/lms_loan_daily.csv,2024-10-01
CUS_0x2c34_2023_12_01,CUS_0x2c34,1/12/2023,10,10,10000,1000,1000,0,0,1/10/2024,2024-10-01,2025-11-09 07:30:19.821879,data/lms_loan_daily.csv,2024-10-01
CUS_0x2c3c_2024_02_01,CUS_0x2c3c,1/2/2024,10,8,10000,1000,0,6000,8000,1/10/2024,2024-10-01,2025-11-09 07:30:19.821879,data/lms_loan_daily.csv,2024-10-01
CUS_0x2c40_2024_07_01,CUS_0x2c40,1/7/2024,10,3,10000,1000,1000,0,7000,1/10/2024,2024-10-01,2025-11-09 07:30:19.821879,data/lms_loan_daily.csv,2024-10-01
CUS_0x2c42_2024_07_01,CUS_0x2c42,1/7/2024,10,3,10000,1000,1000,0,7000,1/10/2024,2024-10-01,2025-11-09 07:30:19.821879,data/lms_loan_daily.csv,2024-10-01
CUS_0x2c4c_2024_07_01,CUS_0x2c4c,1/7/2024,10,3,10000,1000,0,2000,9000,1/10/2024,2024-10-01,2025-11-09 07:30:19.821879,data/lms_loan_daily.csv,2024-10-01
CUS_0x2c4f_2024_07_01,CUS_0x2c4f,1/7/2024,10,3,10000,1000,1000,0,7000,1/10/2024,2024-10-01,2025-11-09 07:30:19.821879,data/lms_loan_daily.csv,2024-10-01
CUS_0x2c51_2024_04_01,CUS_0x2c51,1/4/2024,10,6,10000,1000,1000,0,4000,1/10/2024,2024-10-01,2025-11-09 07:30:19.821879,data/lms_loan_daily.csv,2024-10-01
CUS_0x2c55_2023_12_01,CUS_0x2c55,1/12/2023,10,10,10000,1000,1000,0,0,1/10/2024,2024-10-01,2025-11-09 07:30:19.821879,data/lms_loan_daily.csv,2024-10-01
CUS_0x2c75_2024_05_01,CUS_0x2c75,1/5/2024,10,5,10000,1000,1000,0,5000,1/10/2024,2024-10-01,2025-11-09 07:30:19.821879,data/lms_loan_daily.csv,2024-10-01
CUS_0x2c7f_2024_04_01,CUS_0x2c7f,1/4/2024,10,6,10000,1000,1000,0,4000,1/10/2024,2024-10-01,2025-11-09 07:30:19.821879,data/lms_loan_daily.csv,2024-10-01
CUS_0x2c8d_2024_09_01,CUS_0x2c8d,1/9/2024,10,1,10000,1000,0,1000,10000,1/10/2024,2024-10-01,2025-11-09 07:30:19.821879,data/lms_loan_daily.csv,2024-10-01
CUS_0x2c94_2024_04_01,CUS_0x2c94,1/4/2024,10,6,10000,1000,1000,0,4000,1/10/2024,2024-10-01,2025-11-09 07:30:19.821879,data/lms_loan_daily.csv,2024-10-01
CUS_0x2c98_2024_08_01,CUS_0x2c98,1/8/2024,10,2,10000,1000,1000,0,8000,1/10/2024,2024-10-01,2025-11-09 07:30:19.821879,data/lms_loan_daily.csv,2024-10-01
CUS_0x2ca9_2024_06_01,CUS_0x2ca9,1/6/2024,10,4,10000,1000,1000,0,6000,1/10/2024,2024-10-01,2025-11-09 07:30:19.821879,data/lms_loan_daily.csv,2024-10-01
CUS_0x2cab_2023_12_01,CUS_0x2cab,1/12/2023,10,10,10000,1000,0,7000,7000,1/10/2024,2024-10-01,2025-11-09 07:30:19.821879,data/lms_loan_daily.csv,2024-10-01
CUS_0x2ccb_2024_03_01,CUS_0x2ccb,1/3/2024,10,7,10000,1000,1000,0,3000,1/10/2024,2024-10-01,2025-11-09 07:30:19.821879,data/lms_loan_daily.csv,2024-10-01
CUS_0x2cd1_2024_04_01,CUS_0x2cd1,1/4/2024,10,6,10000,1000,0,4000,8000,1/10/2024,2024-10-01,2025-11-09 07:30:19.821879,data/lms_loan_daily.csv,2024-10-01
CUS_0x2cd4_2024_07_01,CUS_0x2cd4,1/7/2024,10,3,10000,1000,0,3000,10000,1/10/2024,2024-10-01,2025-11-09 07:30:19.821879,data/lms_loan_daily.csv,2024-10-01
CUS_0x2ce8_2024_08_01,CUS_0x2ce8,1/8/2024,10,2,10000,1000,1000,0,8000,1/10/2024,2024-10-01,2025-11-09 07:30:19.821879,data/lms_loan_daily.csv,2024-10-01
CUS_0x2ce9_2023_12_01,CUS_0x2ce9,1/12/2023,10,10,10000,1000,1000,0,0,1/10/2024,2024-10-01,2025-11-09 07:30:19.821879,data/lms_loan_daily.csv,2024-10-01
CUS_0x2ced_2024_04_01,CUS_0x2ced,1/4/2024,10,6,10000,1000,1000,0,4000,1/10/2024,2024-10-01,2025-11-09 07:30:19.821879,data/lms_loan_daily.csv,2024-10-01
CUS_0x2cfe_2024_04_01,CUS_0x2cfe,1/4/2024,10,6,10000,1000,1000,0,4000,1/10/2024,2024-10-01,2025-11-09 07:30:19.821879,data/lms_loan_daily.csv,2024-10-01
CUS_0x2d02_2024_06_01,CUS_0x2d02,1/6/2024,10,4,10000,1000,1000,0,6000,1/10/2024,2024-10-01,2025-11-09 07:30:19.821879,data/lms_loan_daily.csv,2024-10-01
CUS_0x2d14_2024_01_01,CUS_0x2d14,1/1/2024,10,9,10000,1000,1000,0,1000,1/10/2024,2024-10-01,2025-11-09 07:30:19.821879,data/lms_loan_daily.csv,2024-10-01
CUS_0x2d1a_2024_05_01,CUS_0x2d1a,1/5/2024,10,5,10000,1000,1000,0,5000,1/10/2024,2024-10-01,2025-11-09 07:30:19.821879,data/lms_loan_daily.csv,2024-10-01
CUS_0x2d22_2024_10_01,CUS_0x2d22,1/10/2024,10,0,10000,0,0,0,10000,1/10/2024,2024-10-01,2025-11-09 07:30:19.821879,data/lms_loan_daily.csv,2024-10-01
CUS_0x2d27_2023_12_01,CUS_0x2d27,1/12/2023,10,10,10000,1000,1000,0,0,1/10/2024,2024-10-01,2025-11-09 07:30:19.821879,data/lms_loan_daily.csv,2024-10-01
CUS_0x2d37_2024_07_01,CUS_0x2d37,1/7/2024,10,3,10000,1000,2000,0,7000,1/10/2024,2024-10-01,2025-11-09 07:30:19.821879,data/lms_loan_daily.csv,2024-10-01
CUS_0x2d3e_2024_04_01,CUS_0x2d3e,1/4/2024,10,6,10000,1000,1000,0,4000,1/10/2024,2024-10-01,2025-11-09 07:30:19.821879,data/lms_loan_daily.csv,2024-10-01
CUS_0x2d48_2024_06_01,CUS_0x2d48,1/6/2024,10,4,10000,1000,0,2000,8000,1/10/2024,2024-10-01,2025-11-09 07:30:19.821879,data/lms_loan_daily.csv,2024-10-01
CUS_0x2d52_2024_06_01,CUS_0x2d52,1/6/2024,10,4,10000,1000,0,3000,9000,1/10/2024,2024-10-01,2025-11-09 07:30:19.821879,data/lms_loan_daily.csv,2024-10-01
CUS_0x2d5a_2024_08_01,CUS_0x2d5a,1/8/2024,10,2,10000,1000,0,1000,9000,1/10/2024,2024-10-01,2025-11-09 07:30:19.821879,data/lms_loan_daily.csv,2024-10-01
CUS_0x2d6a_2024_08_01,CUS_0x2d6a,1/8/2024,10,2,10000,1000,1000,0,8000,1/10/2024,2024-10-01,2025-11-09 07:30:19.821879,data/lms_loan_daily.csv,2024-10-01
CUS_0x2d6f_2024_02_01,CUS_0x2d6f,1/2/2024,10,8,10000,1000,1000,0,2000,1/10/2024,2024-10-01,2025-11-09 07:30:19.821879,data/lms_loan_daily.csv,2024-10-01
CUS_0x2d81_2024_06_01,CUS_0x2d81,1/6/2024,10,4,10000,1000,1000,0,6000,1/10/2024,2024-10-01,2025-11-09 07:30:19.821879,data/lms_loan_daily.csv,2024-10-01
CUS_0x2d82_2024_03_01,CUS_0x2d82,1/3/2024,10,7,10000,1000,1000,0,3000,1/10/2024,2024-10-01,2025-11-09 07:30:19.821879,data/lms_loan_daily.csv,2024-10-01
CUS_0x2d83_2024_07_01,CUS_0x2d83,1/7/2024,10,3,10000,1000,1000,0,7000,1/10/2024,2024-10-01,2025-11-09 07:30:19.821879,data/lms_loan_daily.csv,2024-10-01
CUS_0x2d84_2024_04_01,CUS_0x2d84,1/4/2024,10,6,10000,1000,0,4000,8000,1/10/2024,2024-10-01,2025-11-09 07:30:19.821879,data/lms_loan_daily.csv,2024-10-01
CUS_0x2d8c_2024_10_01,CUS_0x2d8c,1/10/2024,10,0,10000,0,0,0,10000,1/10/2024,2024-10-01,2025-11-09 07:30:19.821879,data/lms_loan_daily.csv,2024-10-01
CUS_0x2d93_2024_10_01,CUS_0x2d93,1/10/2024,10,0,10000,0,0,0,10000,1/10/2024,2024-10-01,2025-11-09 07:30:19.821879,data/lms_loan_daily.csv,2024-10-01
CUS_0x2d9a_2024_03_01,CUS_0x2d9a,1/3/2024,10,7,10000,1000,0,4000,7000,1/10/2024,2024-10-01,2025-11-09 07:30:19.821879,data/lms_loan_daily.csv,2024-10-01
CUS_0x2d9f_2024_02_01,CUS_0x2d9f,1/2/2024,10,8,10000,1000,1000,0,2000,1/10/2024,2024-10-01,2025-11-09 07:30:19.821879,data/lms_loan_daily.csv,2024-10-01
CUS_0x2da4_2023_12_01,CUS_0x2da4,1/12/2023,10,10,10000,1000,1000,0,0,1/10/2024,2024-10-01,2025-11-09 07:30:19.821879,data/lms_loan_daily.csv,2024-10-01
CUS_0x2da9_2024_08_01,CUS_0x2da9,1/8/2024,10,2,10000,1000,1000,0,8000,1/10/2024,2024-10-01,2025-11-09 07:30:19.821879,data/lms_loan_daily.csv,2024-10-01
CUS_0x2daf_2024_02_01,CUS_0x2daf,1/2/2024,10,8,10000,1000,1000,0,2000,1/10/2024,2024-10-01,2025-11-09 07:30:19.821879,data/lms_loan_daily.csv,2024-10-01
CUS_0x2db3_2024_03_01,CUS_0x2db3,1/3/2024,10,7,10000,1000,1000,0,3000,1/10/2024,2024-10-01,2025-11-09 07:30:19.821879,data/lms_loan_daily.csv,2024-10-01
CUS_0x2db4_2024_06_01,CUS_0x2db4,1/6/2024,10,4,10000,1000,0,2000,8000,1/10/2024,2024-10-01,2025-11-09 07:30:19.821879,data/lms_loan_daily.csv,2024-10-01
CUS_0x2dc9_2023_12_01,CUS_0x2dc9,1/12/2023,10,10,10000,1000,1000,0,0,1/10/2024,2024-10-01,2025-11-09 07:30:19.821879,data/lms_loan_daily.csv,2024-10-01
CUS_0x2dca_2024_02_01,CUS_0x2dca,1/2/2024,10,8,10000,1000,0,5000,7000,1/10/2024,2024-10-01,2025-11-09 07:30:19.821879,data/lms_loan_daily.csv,2024-10-01
CUS_0x2dd2_2024_06_01,CUS_0x2dd2,1/6/2024,10,4,10000,1000,1000,0,6000,1/10/2024,2024-10-01,2025-11-09 07:30:19.821879,data/lms_loan_daily.csv,2024-10-01
CUS_0x2ddd_2023_12_01,CUS_0x2ddd,1/12/2023,10,10,10000,1000,1000,0,0,1/10/2024,2024-10-01,2025-11-09 07:30:19.821879,data/lms_loan_daily.csv,2024-10-01
CUS_0x2ded_2024_09_01,CUS_0x2ded,1/9/2024,10,1,10000,1000,1000,0,9000,1/10/2024,2024-10-01,2025-11-09 07:30:19.821879,data/lms_loan_daily.csv,2024-10-01
CUS_0x2df7_2024_07_01,CUS_0x2df7,1/7/2024,10,3,10000,1000,1000,0,7000,1/10/2024,2024-10-01,2025-11-09 07:30:19.821879,data/lms_loan_daily.csv,2024-10-01
CUS_0x2dfd_2024_08_01,CUS_0x2dfd,1/8/2024,10,2,10000,1000,1000,0,8000,1/10/2024,2024-10-01,2025-11-09 07:30:19.821879,data/lms_loan_daily.csv,2024-10-01
CUS_0x2e01_2024_05_01,CUS_0x2e01,1/5/2024,10,5,10000,1000,0,1000,6000,1/10/2024,2024-10-01,2025-11-09 07:30:19.821879,data/lms_loan_daily.csv,2024-10-01
CUS_0x2e0c_2024_07_01,CUS_0x2e0c,1/7/2024,10,3,10000,1000,1000,0,7000,1/10/2024,2024-10-01,2025-11-09 07:30:19.821879,data/lms_loan_daily.csv,2024-10-01
CUS_0x2e10_2024_06_01,CUS_0x2e10,1/6/2024,10,4,10000,1000,0,2000,8000,1/10/2024,2024-10-01,2025-11-09 07:30:19.821879,data/lms_loan_daily.csv,2024-10-01
CUS_0x2e15_2024_04_01,CUS_0x2e15,1/4/2024,10,6,10000,1000,0,3000,7000,1/10/2024,2024-10-01,2025-11-09 07:30:19.821879,data/lms_loan_daily.csv,2024-10-01
CUS_0x2e16_2024_01_01,CUS_0x2e16,1/1/2024,10,9,10000,1000,1000,0,1000,1/10/2024,2024-10-01,2025-11-09 07:30:19.821879,data/lms_loan_daily.csv,2024-10-01
CUS_0x2e19_2024_06_01,CUS_0x2e19,1/6/2024,10,4,10000,1000,1000,0,6000,1/10/2024,2024-10-01,2025-11-09 07:30:19.821879,data/lms_loan_daily.csv,2024-10-01
CUS_0x2e1a_2024_01_01,CUS_0x2e1a,1/1/2024,10,9,10000,1000,1000,0,1000,1/10/2024,2024-10-01,2025-11-09 07:30:19.821879,data/lms_loan_daily.csv,2024-10-01
CUS_0x2e22_2024_04_01,CUS_0x2e22,1/4/2024,10,6,10000,1000,1000,0,4000,1/10/2024,2024-10-01,2025-11-09 07:30:19.821879,data/lms_loan_daily.csv,2024-10-01
CUS_0x2e4c_2024_05_01,CUS_0x2e4c,1/5/2024,10,5,10000,1000,1000,0,5000,1/10/2024,2024-10-01,2025-11-09 07:30:19.821879,data/lms_loan_daily.csv,2024-10-01
CUS_0x2e5f_2024_07_01,CUS_0x2e5f,1/7/2024,10,3,10000,1000,1000,0,7000,1/10/2024,2024-10-01,2025-11-09 07:30:19.821879,data/lms_loan_daily.csv,2024-10-01
CUS_0x2e65_2024_05_01,CUS_0x2e65,1/5/2024,10,5,10000,1000,1000,0,5000,1/10/2024,2024-10-01,2025-11-09 07:30:19.821879,data/lms_loan_daily.csv,2024-10-01
CUS_0x2e72_2024_02_01,CUS_0x2e72,1/2/2024,10,8,10000,1000,0,5000,7000,1/10/2024,2024-10-01,2025-11-09 07:30:19.821879,data/lms_loan_daily.csv,2024-10-01
CUS_0x2e73_2024_08_01,CUS_0x2e73,1/8/2024,10,2,10000,1000,0,1000,9000,1/10/2024,2024-10-01,2025-11-09 07:30:19.821879,data/lms_loan_daily.csv,2024-10-01
CUS_0x2e76_2024_06_01,CUS_0x2e76,1/6/2024,10,4,10000,1000,1000,0,6000,1/10/2024,2024-10-01,2025-11-09 07:30:19.821879,data/lms_loan_daily.csv,2024-10-01
CUS_0x2e7f_2023_12_01,CUS_0x2e7f,1/12/2023,10,10,10000,1000,1000,0,0,1/10/2024,2024-10-01,2025-11-09 07:30:19.821879,data/lms_loan_daily.csv,2024-10-01
CUS_0x2e8a_2024_05_01,CUS_0x2e8a,1/5/2024,10,5,10000,1000,1000,0,5000,1/10/2024,2024-10-01,2025-11-09 07:30:19.821879,data/lms_loan_daily.csv,2024-10-01
CUS_0x2e8d_2024_01_01,CUS_0x2e8d,1/1/2024,10,9,10000,1000,1000,0,1000,1/10/2024,2024-10-01,2025-11-09 07:30:19.821879,data/lms_loan_daily.csv,2024-10-01
CUS_0x2e90_2023_12_01,CUS_0x2e90,1/12/2023,10,10,10000,1000,1000,0,0,1/10/2024,2024-10-01,2025-11-09 07:30:19.821879,data/lms_loan_daily.csv,2024-10-01
CUS_0x2e91_2024_03_01,CUS_0x2e91,1/3/2024,10,7,10000,1000,1000,0,3000,1/10/2024,2024-10-01,2025-11-09 07:30:19.821879,data/lms_loan_daily.csv,2024-10-01
CUS_0x2e96_2024_07_01,CUS_0x2e96,1/7/2024,10,3,10000,1000,1000,0,7000,1/10/2024,2024-10-01,2025-11-09 07:30:19.821879,data/lms_loan_daily.csv,2024-10-01
CUS_0x2e9b_2024_07_01,CUS_0x2e9b,1/7/2024,10,3,10000,1000,0,2000,9000,1/10/2024,2024-10-01,2025-11-09 07:30:19.821879,data/lms_loan_daily.csv,2024-10-01
CUS_0x2e9e_2024_05_01,CUS_0x2e9e,1/5/2024,10,5,10000,1000,1000,0,5000,1/10/2024,2024-10-01,2025-11-09 07:30:19.821879,data/lms_loan_daily.csv,2024-10-01
CUS_0x2eb3_2024_07_01,CUS_0x2eb3,1/7/2024,10,3,10000,1000,1000,0,7000,1/10/2024,2024-10-01,2025-11-09 07:30:19.821879,data/lms_loan_daily.csv,2024-10-01
CUS_0x2eb4_2024_03_01,CUS_0x2eb4,1/3/2024,10,7,10000,1000,0,4000,7000,1/10/2024,2024-10-01,2025-11-09 07:30:19.821879,data/lms_loan_daily.csv,2024-10-01
CUS_0x2ebb_2024_05_01,CUS_0x2ebb,1/5/2024,10,5,10000,1000,1000,0,5000,1/10/2024,2024-10-01,2025-11-09 07:30:19.821879,data/lms_loan_daily.csv,2024-10-01
CUS_0x2ed4_2024_06_01,CUS_0x2ed4,1/6/2024,10,4,10000,1000,1000,0,6000,1/10/2024,2024-10-01,2025-11-09 07:30:19.821879,data/lms_loan_daily.csv,2024-10-01
CUS_0x2ee0_2024_09_01,CUS_0x2ee0,1/9/2024,10,1,10000,1000,1000,0,9000,1/10/2024,2024-10-01,2025-11-09 07:30:19.821879,data/lms_loan_daily.csv,2024-10-01
CUS_0x2ee4_2024_01_01,CUS_0x2ee4,1/1/2024,10,9,10000,1000,0,7000,8000,1/10/2024,2024-10-01,2025-11-09 07:30:19.821879,data/lms_loan_daily.csv,2024-10-01
CUS_0x2eed_2024_09_01,CUS_0x2eed,1/9/2024,10,1,10000,1000,1000,0,9000,1/10/2024,2024-10-01,2025-11-09 07:30:19.821879,data/lms_loan_daily.csv,2024-10-01
CUS_0x2ef1_2024_08_01,CUS_0x2ef1,1/8/2024,10,2,10000,1000,1000,0,8000,1/10/2024,2024-10-01,2025-11-09 07:30:19.821879,data/lms_loan_daily.csv,2024-10-01
CUS_0x2ef8_2023_12_01,CUS_0x2ef8,1/12/2023,10,10,10000,1000,1000,0,0,1/10/2024,2024-10-01,2025-11-09 07:30:19.821879,data/lms_loan_daily.csv,2024-10-01
CUS_0x2efd_2024_09_01,CUS_0x2efd,1/9/2024,10,1,10000,1000,1000,0,9000,1/10/2024,2024-10-01,2025-11-09 07:30:19.821879,data/lms_loan_daily.csv,2024-10-01
CUS_0x2eff_2024_03_01,CUS_0x2eff,1/3/2024,10,7,10000,1000,0,3000,6000,1/10/2024,2024-10-01,2025-11-09 07:30:19.821879,data/lms_loan_daily.csv,2024-10-01
CUS_0x2f02_2023_12_01,CUS_0x2f02,1/12/2023,10,10,10000,1000,1000,0,0,1/10/2024,2024-10-01,2025-11-09 07:30:19.821879,data/lms_loan_daily.csv,2024-10-01
CUS_0x2f08_2023_12_01,CUS_0x2f08,1/12/2023,10,10,10000,1000,1000,0,0,1/10/2024,2024-10-01,2025-11-09 07:30:19.821879,data/lms_loan_daily.csv,2024-10-01
CUS_0x2f0b_2024_02_01,CUS_0x2f0b,1/2/2024,10,8,10000,1000,0,6000,8000,1/10/2024,2024-10-01,2025-11-09 07:30:19.821879,data/lms_loan_daily.csv,2024-10-01
CUS_0x2f1c_2024_03_01,CUS_0x2f1c,1/3/2024,10,7,10000,1000,1000,0,3000,1/10/2024,2024-10-01,2025-11-09 07:30:19.821879,data/lms_loan_daily.csv,2024-10-01
CUS_0x2f21_2024_09_01,CUS_0x2f21,1/9/2024,10,1,10000,1000,1000,0,9000,1/10/2024,2024-10-01,2025-11-09 07:30:19.821879,data/lms_loan_daily.csv,2024-10-01
CUS_0x2f22_2024_10_01,CUS_0x2f22,1/10/2024,10,0,10000,0,0,0,10000,1/10/2024,2024-10-01,2025-11-09 07:30:19.821879,data/lms_loan_daily.csv,2024-10-01
CUS_0x2f38_2024_06_01,CUS_0x2f38,1/6/2024,10,4,10000,1000,1000,0,6000,1/10/2024,2024-10-01,2025-11-09 07:30:19.821879,data/lms_loan_daily.csv,2024-10-01
CUS_0x2f3d_2024_09_01,CUS_0x2f3d,1/9/2024,10,1,10000,1000,1000,0,9000,1/10/2024,2024-10-01,2025-11-09 07:30:19.821879,data/lms_loan_daily.csv,2024-10-01
CUS_0x2f49_2024_06_01,CUS_0x2f49,1/6/2024,10,4,10000,1000,1000,0,6000,1/10/2024,2024-10-01,2025-11-09 07:30:19.821879,data/lms_loan_daily.csv,2024-10-01
CUS_0x2f52_2024_02_01,CUS_0x2f52,1/2/2024,10,8,10000,1000,1000,0,2000,1/10/2024,2024-10-01,2025-11-09 07:30:19.821879,data/lms_loan_daily.csv,2024-10-01
CUS_0x2f56_2023_12_01,CUS_0x2f56,1/12/2023,10,10,10000,1000,1000,0,0,1/10/2024,2024-10-01,2025-11-09 07:30:19.821879,data/lms_loan_daily.csv,2024-10-01
CUS_0x2f6c_2024_07_01,CUS_0x2f6c,1/7/2024,10,3,10000,1000,1000,0,7000,1/10/2024,2024-10-01,2025-11-09 07:30:19.821879,data/lms_loan_daily.csv,2024-10-01
CUS_0x2f78_2024_05_01,CUS_0x2f78,1/5/2024,10,5,10000,1000,0,4000,9000,1/10/2024,2024-10-01,2025-11-09 07:30:19.821879,data/lms_loan_daily.csv,2024-10-01
CUS_0x2f7a_2024_07_01,CUS_0x2f7a,1/7/2024,10,3,10000,1000,1000,0,7000,1/10/2024,2024-10-01,2025-11-09 07:30:19.821879,data/lms_loan_daily.csv,2024-10-01
CUS_0x2f7d_2024_09_01,CUS_0x2f7d,1/9/2024,10,1,10000,1000,1000,0,9000,1/10/2024,2024-10-01,2025-11-09 07:30:19.821879,data/lms_loan_daily.csv,2024-10-01
CUS_0x2f7e_2024_04_01,CUS_0x2f7e,1/4/2024,10,6,10000,1000,0,3000,7000,1/10/2024,2024-10-01,2025-11-09 07:30:19.821879,data/lms_loan_daily.csv,2024-10-01
CUS_0x2f86_2024_08_01,CUS_0x2f86,1/8/2024,10,2,10000,1000,1000,0,8000,1/10/2024,2024-10-01,2025-11-09 07:30:19.821879,data/lms_loan_daily.csv,2024-10-01
CUS_0x2f91_2024_06_01,CUS_0x2f91,1/6/2024,10,4,10000,1000,1000,0,6000,1/10/2024,2024-10-01,2025-11-09 07:30:19.821879,data/lms_loan_daily.csv,2024-10-01
CUS_0x2f9b_2024_03_01,CUS_0x2f9b,1/3/2024,10,7,10000,1000,0,6000,9000,1/10/2024,2024-10-01,2025-11-09 07:30:19.821879,data/lms_loan_daily.csv,2024-10-01
CUS_0x2fa7_2024_01_01,CUS_0x2fa7,1/1/2024,10,9,10000,1000,0,6000,7000,1/10/2024,2024-10-01,2025-11-09 07:30:19.821879,data/lms_loan_daily.csv,2024-10-01
CUS_0x2fb0_2024_10_01,CUS_0x2fb0,1/10/2024,10,0,10000,0,0,0,10000,1/10/2024,2024-10-01,2025-11-09 07:30:19.821879,data/lms_loan_daily.csv,2024-10-01
CUS_0x2fb1_2024_09_01,CUS_0x2fb1,1/9/2024,10,1,10000,1000,1000,0,9000,1/10/2024,2024-10-01,2025-11-09 07:30:19.821879,data/lms_loan_daily.csv,2024-10-01
CUS_0x2fc5_2024_01_01,CUS_0x2fc5,1/1/2024,10,9,10000,1000,0,6000,7000,1/10/2024,2024-10-01,2025-11-09 07:30:19.821879,data/lms_loan_daily.csv,2024-10-01
CUS_0x2fc9_2024_08_01,CUS_0x2fc9,1/8/2024,10,2,10000,1000,1000,0,8000,1/10/2024,2024-10-01,2025-11-09 07:30:19.821879,data/lms_loan_daily.csv,2024-10-01
CUS_0x2fca_2024_10_01,CUS_0x2fca,1/10/2024,10,0,10000,0,0,0,10000,1/10/2024,2024-10-01,2025-11-09 07:30:19.821879,data/lms_loan_daily.csv,2024-10-01
CUS_0x2fd7_2024_07_01,CUS_0x2fd7,1/7/2024,10,3,10000,1000,1000,0,7000,1/10/2024,2024-10-01,2025-11-09 07:30:19.821879,data/lms_loan_daily.csv,2024-10-01
CUS_0x2fd8_2024_02_01,CUS_0x2fd8,1/2/2024,10,8,10000,1000,1000,0,2000,1/10/2024,2024-10-01,2025-11-09 07:30:19.821879,data/lms_loan_daily.csv,2024-10-01
CUS_0x2fda_2024_10_01,CUS_0x2fda,1/10/2024,10,0,10000,0,0,0,10000,1/10/2024,2024-10-01,2025-11-09 07:30:19.821879,data/lms_loan_daily.csv,2024-10-01
CUS_0x2fe0_2024_02_01,CUS_0x2fe0,1/2/2024,10,8,10000,1000,1000,0,2000,1/10/2024,2024-10-01,2025-11-09 07:30:19.821879,data/lms_loan_daily.csv,2024-10-01
CUS_0x2fe7_2024_08_01,CUS_0x2fe7,1/8/2024,10,2,10000,1000,0,1000,9000,1/10/2024,2024-10-01,2025-11-09 07:30:19.821879,data/lms_loan_daily.csv,2024-10-01
CUS_0x2ff3_2024_04_01,CUS_0x2ff3,1/4/2024,10,6,10000,1000,1000,0,4000,1/10/2024,2024-10-01,2025-11-09 07:30:19.821879,data/lms_loan_daily.csv,2024-10-01
CUS_0x2ff7_2024_01_01,CUS_0x2ff7,1/1/2024,10,9,10000,1000,1000,0,1000,1/10/2024,2024-10-01,2025-11-09 07:30:19.821879,data/lms_loan_daily.csv,2024-10-01
CUS_0x2ff8_2024_07_01,CUS_0x2ff8,1/7/2024,10,3,10000,1000,1000,0,7000,1/10/2024,2024-10-01,2025-11-09 07:30:19.821879,data/lms_loan_daily.csv,2024-10-01
CUS_0x2ffe_2024_02_01,CUS_0x2ffe,1/2/2024,10,8,10000,1000,1000,0,2000,1/10/2024,2024-10-01,2025-11-09 07:30:19.821879,data/lms_loan_daily.csv,2024-10-01
CUS_0x3003_2024_04_01,CUS_0x3003,1/4/2024,10,6,10000,1000,1000,0,4000,1/10/2024,2024-10-01,2025-11-09 07:30:19.821879,data/lms_loan_daily.csv,2024-10-01
CUS_0x3007_2024_02_01,CUS_0x3007,1/2/2024,10,8,10000,1000,1000,0,2000,1/10/2024,2024-10-01,2025-11-09 07:30:19.821879,data/lms_loan_daily.csv,2024-10-01
CUS_0x300b_2024_03_01,CUS_0x300b,1/3/2024,10,7,10000,1000,0,3000,6000,1/10/2024,2024-10-01,2025-11-09 07:30:19.821879,data/lms_loan_daily.csv,2024-10-01
CUS_0x301f_2024_06_01,CUS_0x301f,1/6/2024,10,4,10000,1000,1000,0,6000,1/10/2024,2024-10-01,2025-11-09 07:30:19.821879,data/lms_loan_daily.csv,2024-10-01
CUS_0x302f_2024_05_01,CUS_0x302f,1/5/2024,10,5,10000,1000,1000,0,5000,1/10/2024,2024-10-01,2025-11-09 07:30:19.821879,data/lms_loan_daily.csv,2024-10-01
CUS_0x303a_2024_01_01,CUS_0x303a,1/1/2024,10,9,10000,1000,0,8000,9000,1/10/2024,2024-10-01,2025-11-09 07:30:19.821879,data/lms_loan_daily.csv,2024-10-01
CUS_0x3040_2024_04_01,CUS_0x3040,1/4/2024,10,6,10000,1000,0,3000,7000,1/10/2024,2024-10-01,2025-11-09 07:30:19.821879,data/lms_loan_daily.csv,2024-10-01
CUS_0x3048_2023_12_01,CUS_0x3048,1/12/2023,10,10,10000,1000,0,7000,7000,1/10/2024,2024-10-01,2025-11-09 07:30:19.821879,data/lms_loan_daily.csv,2024-10-01
CUS_0x305c_2024_01_01,CUS_0x305c,1/1/2024,10,9,10000,1000,1000,0,1000,1/10/2024,2024-10-01,2025-11-09 07:30:19.821879,data/lms_loan_daily.csv,2024-10-01
CUS_0x3066_2024_02_01,CUS_0x3066,1/2/2024,10,8,10000,1000,1000,0,2000,1/10/2024,2024-10-01,2025-11-09 07:30:19.821879,data/lms_loan_daily.csv,2024-10-01
CUS_0x3069_2024_08_01,CUS_0x3069,1/8/2024,10,2,10000,1000,1000,0,8000,1/10/2024,2024-10-01,2025-11-09 07:30:19.821879,data/lms_loan_daily.csv,2024-10-01
CUS_0x307b_2024_10_01,CUS_0x307b,1/10/2024,10,0,10000,0,0,0,10000,1/10/2024,2024-10-01,2025-11-09 07:30:19.821879,data/lms_loan_daily.csv,2024-10-01
CUS_0x3082_2024_01_01,CUS_0x3082,1/1/2024,10,9,10000,1000,0,5000,6000,1/10/2024,2024-10-01,2025-11-09 07:30:19.821879,data/lms_loan_daily.csv,2024-10-01
CUS_0x308d_2024_01_01,CUS_0x308d,1/1/2024,10,9,10000,1000,1000,0,1000,1/10/2024,2024-10-01,2025-11-09 07:30:19.821879,data/lms_loan_daily.csv,2024-10-01
CUS_0x3092_2024_08_01,CUS_0x3092,1/8/2024,10,2,10000,1000,1000,0,8000,1/10/2024,2024-10-01,2025-11-09 07:30:19.821879,data/lms_loan_daily.csv,2024-10-01
CUS_0x309d_2024_03_01,CUS_0x309d,1/3/2024,10,7,10000,1000,0,4000,7000,1/10/2024,2024-10-01,2025-11-09 07:30:19.821879,data/lms_loan_daily.csv,2024-10-01
CUS_0x30ae_2023_12_01,CUS_0x30ae,1/12/2023,10,10,10000,1000,0,6000,6000,1/10/2024,2024-10-01,2025-11-09 07:30:19.821879,data/lms_loan_daily.csv,2024-10-01
CUS_0x30c6_2024_02_01,CUS_0x30c6,1/2/2024,10,8,10000,1000,1000,0,2000,1/10/2024,2024-10-01,2025-11-09 07:30:19.821879,data/lms_loan_daily.csv,2024-10-01
CUS_0x30ca_2024_02_01,CUS_0x30ca,1/2/2024,10,8,10000,1000,1000,0,2000,1/10/2024,2024-10-01,2025-11-09 07:30:19.821879,data/lms_loan_daily.csv,2024-10-01
CUS_0x30cf_2024_10_01,CUS_0x30cf,1/10/2024,10,0,10000,0,0,0,10000,1/10/2024,2024-10-01,2025-11-09 07:30:19.821879,data/lms_loan_daily.csv,2024-10-01
CUS_0x30de_2024_07_01,CUS_0x30de,1/7/2024,10,3,10000,1000,1000,0,7000,1/10/2024,2024-10-01,2025-11-09 07:30:19.821879,data/lms_loan_daily.csv,2024-10-01
CUS_0x30e3_2024_07_01,CUS_0x30e3,1/7/2024,10,3,10000,1000,0,3000,10000,1/10/2024,2024-10-01,2025-11-09 07:30:19.821879,data/lms_loan_daily.csv,2024-10-01
CUS_0x30ed_2024_10_01,CUS_0x30ed,1/10/2024,10,0,10000,0,0,0,10000,1/10/2024,2024-10-01,2025-11-09 07:30:19.821879,data/lms_loan_daily.csv,2024-10-01
CUS_0x30ee_2024_08_01,CUS_0x30ee,1/8/2024,10,2,10000,1000,1000,0,8000,1/10/2024,2024-10-01,2025-11-09 07:30:19.821879,data/lms_loan_daily.csv,2024-10-01
CUS_0x30f0_2024_07_01,CUS_0x30f0,1/7/2024,10,3,10000,1000,1000,0,7000,1/10/2024,2024-10-01,2025-11-09 07:30:19.821879,data/lms_loan_daily.csv,2024-10-01
CUS_0x30fc_2024_06_01,CUS_0x30fc,1/6/2024,10,4,10000,1000,1000,0,6000,1/10/2024,2024-10-01,2025-11-09 07:30:19.821879,data/lms_loan_daily.csv,2024-10-01
CUS_0x30fd_2024_09_01,CUS_0x30fd,1/9/2024,10,1,10000,1000,1000,0,9000,1/10/2024,2024-10-01,2025-11-09 07:30:19.821879,data/lms_loan_daily.csv,2024-10-01
CUS_0x3101_2024_01_01,CUS_0x3101,1/1/2024,10,9,10000,1000,1000,0,1000,1/10/2024,2024-10-01,2025-11-09 07:30:19.821879,data/lms_loan_daily.csv,2024-10-01
CUS_0x3117_2023_12_01,CUS_0x3117,1/12/2023,10,10,10000,1000,0,7000,7000,1/10/2024,2024-10-01,2025-11-09 07:30:19.821879,data/lms_loan_daily.csv,2024-10-01
CUS_0x311a_2023_12_01,CUS_0x311a,1/12/2023,10,10,10000,1000,1000,0,0,1/10/2024,2024-10-01,2025-11-09 07:30:19.821879,data/lms_loan_daily.csv,2024-10-01
CUS_0x3124_2024_07_01,CUS_0x3124,1/7/2024,10,3,10000,1000,1000,0,7000,1/10/2024,2024-10-01,2025-11-09 07:30:19.821879,data/lms_loan_daily.csv,2024-10-01
CUS_0x3127_2024_01_01,CUS_0x3127,1/1/2024,10,9,10000,1000,1000,0,1000,1/10/2024,2024-10-01,2025-11-09 07:30:19.821879,data/lms_loan_daily.csv,2024-10-01
CUS_0x3134_2024_06_01,CUS_0x3134,1/6/2024,10,4,10000,1000,1000,0,6000,1/10/2024,2024-10-01,2025-11-09 07:30:19.821879,data/lms_loan_daily.csv,2024-10-01
CUS_0x3139_2024_07_01,CUS_0x3139,1/7/2024,10,3,10000,1000,1000,0,7000,1/10/2024,2024-10-01,2025-11-09 07:30:19.821879,data/lms_loan_daily.csv,2024-10-01
CUS_0x3159_2024_06_01,CUS_0x3159,1/6/2024,10,4,10000,1000,1000,0,6000,1/10/2024,2024-10-01,2025-11-09 07:30:19.821879,data/lms_loan_daily.csv,2024-10-01
CUS_0x315f_2024_05_01,CUS_0x315f,1/5/2024,10,5,10000,1000,1000,0,5000,1/10/2024,2024-10-01,2025-11-09 07:30:19.821879,data/lms_loan_daily.csv,2024-10-01
CUS_0x3161_2024_01_01,CUS_0x3161,1/1/2024,10,9,10000,1000,1000,0,1000,1/10/2024,2024-10-01,2025-11-09 07:30:19.821879,data/lms_loan_daily.csv,2024-10-01
CUS_0x316a_2024_09_01,CUS_0x316a,1/9/2024,10,1,10000,1000,1000,0,9000,1/10/2024,2024-10-01,2025-11-09 07:30:19.821879,data/lms_loan_daily.csv,2024-10-01
CUS_0x3175_2024_07_01,CUS_0x3175,1/7/2024,10,3,10000,1000,1000,0,7000,1/10/2024,2024-10-01,2025-11-09 07:30:19.821879,data/lms_loan_daily.csv,2024-10-01
CUS_0x3176_2024_04_01,CUS_0x3176,1/4/2024,10,6,10000,1000,1000,0,4000,1/10/2024,2024-10-01,2025-11-09 07:30:19.821879,data/lms_loan_daily.csv,2024-10-01
CUS_0x3182_2024_08_01,CUS_0x3182,1/8/2024,10,2,10000,1000,1000,0,8000,1/10/2024,2024-10-01,2025-11-09 07:30:19.821879,data/lms_loan_daily.csv,2024-10-01
CUS_0x3187_2024_01_01,CUS_0x3187,1/1/2024,10,9,10000,1000,1000,0,1000,1/10/2024,2024-10-01,2025-11-09 07:30:19.821879,data/lms_loan_daily.csv,2024-10-01
CUS_0x3195_2024_04_01,CUS_0x3195,1/4/2024,10,6,10000,1000,1000,0,4000,1/10/2024,2024-10-01,2025-11-09 07:30:19.821879,data/lms_loan_daily.csv,2024-10-01
CUS_0x319d_2024_08_01,CUS_0x319d,1/8/2024,10,2,10000,1000,1000,0,8000,1/10/2024,2024-10-01,2025-11-09 07:30:19.821879,data/lms_loan_daily.csv,2024-10-01
CUS_0x31b7_2024_04_01,CUS_0x31b7,1/4/2024,10,6,10000,1000,1000,0,4000,1/10/2024,2024-10-01,2025-11-09 07:30:19.821879,data/lms_loan_daily.csv,2024-10-01
CUS_0x31b8_2024_01_01,CUS_0x31b8,1/1/2024,10,9,10000,1000,1000,0,1000,1/10/2024,2024-10-01,2025-11-09 07:30:19.821879,data/lms_loan_daily.csv,2024-10-01
CUS_0x31c0_2024_01_01,CUS_0x31c0,1/1/2024,10,9,10000,1000,0,5000,6000,1/10/2024,2024-10-01,2025-11-09 07:30:19.821879,data/lms_loan_daily.csv,2024-10-01
CUS_0x31ce_2024_10_01,CUS_0x31ce,1/10/2024,10,0,10000,0,0,0,10000,1/10/2024,2024-10-01,2025-11-09 07:30:19.821879,data/lms_loan_daily.csv,2024-10-01
CUS_0x31e0_2024_05_01,CUS_0x31e0,1/5/2024,10,5,10000,1000,1000,0,5000,1/10/2024,2024-10-01,2025-11-09 07:30:19.821879,data/lms_loan_daily.csv,2024-10-01
CUS_0x31e8_2024_03_01,CUS_0x31e8,1/3/2024,10,7,10000,1000,0,4000,7000,1/10/2024,2024-10-01,2025-11-09 07:30:19.821879,data/lms_loan_daily.csv,2024-10-01
CUS_0x31ef_2024_08_01,CUS_0x31ef,1/8/2024,10,2,10000,1000,1000,0,8000,1/10/2024,2024-10-01,2025-11-09 07:30:19.821879,data/lms_loan_daily.csv,2024-10-01
CUS_0x31f8_2024_08_01,CUS_0x31f8,1/8/2024,10,2,10000,1000,1000,0,8000,1/10/2024,2024-10-01,2025-11-09 07:30:19.821879,data/lms_loan_daily.csv,2024-10-01
CUS_0x320f_2023_12_01,CUS_0x320f,1/12/2023,10,10,10000,1000,1000,0,0,1/10/2024,2024-10-01,2025-11-09 07:30:19.821879,data/lms_loan_daily.csv,2024-10-01
CUS_0x3214_2024_01_01,CUS_0x3214,1/1/2024,10,9,10000,1000,1000,0,1000,1/10/2024,2024-10-01,2025-11-09 07:30:19.821879,data/lms_loan_daily.csv,2024-10-01
CUS_0x3215_2024_10_01,CUS_0x3215,1/10/2024,10,0,10000,0,0,0,10000,1/10/2024,2024-10-01,2025-11-09 07:30:19.821879,data/lms_loan_daily.csv,2024-10-01
CUS_0x3224_2024_03_01,CUS_0x3224,1/3/2024,10,7,10000,1000,1000,0,3000,1/10/2024,2024-10-01,2025-11-09 07:30:19.821879,data/lms_loan_daily.csv,2024-10-01
CUS_0x3229_2024_05_01,CUS_0x3229,1/5/2024,10,5,10000,1000,0,2000,7000,1/10/2024,2024-10-01,2025-11-09 07:30:19.821879,data/lms_loan_daily.csv,2024-10-01
CUS_0x323f_2024_01_01,CUS_0x323f,1/1/2024,10,9,10000,1000,0,5000,6000,1/10/2024,2024-10-01,2025-11-09 07:30:19.821879,data/lms_loan_daily.csv,2024-10-01
CUS_0x3240_2024_07_01,CUS_0x3240,1/7/2024,10,3,10000,1000,1000,0,7000,1/10/2024,2024-10-01,2025-11-09 07:30:19.821879,data/lms_loan_daily.csv,2024-10-01
CUS_0x3243_2024_03_01,CUS_0x3243,1/3/2024,10,7,10000,1000,0,5000,8000,1/10/2024,2024-10-01,2025-11-09 07:30:19.821879,data/lms_loan_daily.csv,2024-10-01
CUS_0x324b_2024_10_01,CUS_0x324b,1/10/2024,10,0,10000,0,0,0,10000,1/10/2024,2024-10-01,2025-11-09 07:30:19.821879,data/lms_loan_daily.csv,2024-10-01
CUS_0x3257_2024_02_01,CUS_0x3257,1/2/2024,10,8,10000,1000,1000,0,2000,1/10/2024,2024-10-01,2025-11-09 07:30:19.821879,data/lms_loan_daily.csv,2024-10-01
CUS_0x3276_2024_02_01,CUS_0x3276,1/2/2024,10,8,10000,1000,1000,0,2000,1/10/2024,2024-10-01,2025-11-09 07:30:19.821879,data/lms_loan_daily.csv,2024-10-01
CUS_0x3279_2024_02_01,CUS_0x3279,1/2/2024,10,8,10000,1000,0,4000,6000,1/10/2024,2024-10-01,2025-11-09 07:30:19.821879,data/lms_loan_daily.csv,2024-10-01
CUS_0x32a5_2024_08_01,CUS_0x32a5,1/8/2024,10,2,10000,1000,1000,0,8000,1/10/2024,2024-10-01,2025-11-09 07:30:19.821879,data/lms_loan_daily.csv,2024-10-01
CUS_0x32a9_2024_05_01,CUS_0x32a9,1/5/2024,10,5,10000,1000,1000,0,5000,1/10/2024,2024-10-01,2025-11-09 07:30:19.821879,data/lms_loan_daily.csv,2024-10-01
CUS_0x32b1_2024_08_01,CUS_0x32b1,1/8/2024,10,2,10000,1000,1000,0,8000,1/10/2024,2024-10-01,2025-11-09 07:30:19.821879,data/lms_loan_daily.csv,2024-10-01
CUS_0x32be_2024_07_01,CUS_0x32be,1/7/2024,10,3,10000,1000,1000,0,7000,1/10/2024,2024-10-01,2025-11-09 07:30:19.821879,data/lms_loan_daily.csv,2024-10-01
CUS_0x32cb_2024_03_01,CUS_0x32cb,1/3/2024,10,7,10000,1000,0,4000,7000,1/10/2024,2024-10-01,2025-11-09 07:30:19.821879,data/lms_loan_daily.csv,2024-10-01
CUS_0x32ce_2024_05_01,CUS_0x32ce,1/5/2024,10,5,10000,1000,0,2000,7000,1/10/2024,2024-10-01,2025-11-09 07:30:19.821879,data/lms_loan_daily.csv,2024-10-01
CUS_0x32d1_2024_09_01,CUS_0x32d1,1/9/2024,10,1,10000,1000,1000,0,9000,1/10/2024,2024-10-01,2025-11-09 07:30:19.821879,data/lms_loan_daily.csv,2024-10-01
CUS_0x32df_2024_07_01,CUS_0x32df,1/7/2024,10,3,10000,1000,1000,0,7000,1/10/2024,2024-10-01,2025-11-09 07:30:19.821879,data/lms_loan_daily.csv,2024-10-01
CUS_0x32e2_2024_02_01,CUS_0x32e2,1/2/2024,10,8,10000,1000,1000,0,2000,1/10/2024,2024-10-01,2025-11-09 07:30:19.821879,data/lms_loan_daily.csv,2024-10-01
CUS_0x32e5_2024_08_01,CUS_0x32e5,1/8/2024,10,2,10000,1000,1000,0,8000,1/10/2024,2024-10-01,2025-11-09 07:30:19.821879,data/lms_loan_daily.csv,2024-10-01
CUS_0x32e6_2024_04_01,CUS_0x32e6,1/4/2024,10,6,10000,1000,1000,0,4000,1/10/2024,2024-10-01,2025-11-09 07:30:19.821879,data/lms_loan_daily.csv,2024-10-01
CUS_0x32fa_2024_07_01,CUS_0x32fa,1/7/2024,10,3,10000,1000,1000,0,7000,1/10/2024,2024-10-01,2025-11-09 07:30:19.821879,data/lms_loan_daily.csv,2024-10-01
CUS_0x330a_2024_09_01,CUS_0x330a,1/9/2024,10,1,10000,1000,1000,0,9000,1/10/2024,2024-10-01,2025-11-09 07:30:19.821879,data/lms_loan_daily.csv,2024-10-01
CUS_0x330c_2024_10_01,CUS_0x330c,1/10/2024,10,0,10000,0,0,0,10000,1/10/2024,2024-10-01,2025-11-09 07:30:19.821879,data/lms_loan_daily.csv,2024-10-01
CUS_0x3313_2024_02_01,CUS_0x3313,1/2/2024,10,8,10000,1000,1000,0,2000,1/10/2024,2024-10-01,2025-11-09 07:30:19.821879,data/lms_loan_daily.csv,2024-10-01
CUS_0x331a_2024_05_01,CUS_0x331a,1/5/2024,10,5,10000,1000,0,3000,8000,1/10/2024,2024-10-01,2025-11-09 07:30:19.821879,data/lms_loan_daily.csv,2024-10-01
CUS_0x332e_2024_01_01,CUS_0x332e,1/1/2024,10,9,10000,1000,1000,0,1000,1/10/2024,2024-10-01,2025-11-09 07:30:19.821879,data/lms_loan_daily.csv,2024-10-01
CUS_0x333c_2024_06_01,CUS_0x333c,1/6/2024,10,4,10000,1000,1000,0,6000,1/10/2024,2024-10-01,2025-11-09 07:30:19.821879,data/lms_loan_daily.csv,2024-10-01
CUS_0x333f_2024_02_01,CUS_0x333f,1/2/2024,10,8,10000,1000,1000,0,2000,1/10/2024,2024-10-01,2025-11-09 07:30:19.821879,data/lms_loan_daily.csv,2024-10-01
CUS_0x334b_2024_08_01,CUS_0x334b,1/8/2024,10,2,10000,1000,1000,0,8000,1/10/2024,2024-10-01,2025-11-09 07:30:19.821879,data/lms_loan_daily.csv,2024-10-01
CUS_0x3356_2024_03_01,CUS_0x3356,1/3/2024,10,7,10000,1000,1000,0,3000,1/10/2024,2024-10-01,2025-11-09 07:30:19.821879,data/lms_loan_daily.csv,2024-10-01
CUS_0x335a_2024_06_01,CUS_0x335a,1/6/2024,10,4,10000,1000,0,1000,7000,1/10/2024,2024-10-01,2025-11-09 07:30:19.821879,data/lms_loan_daily.csv,2024-10-01
CUS_0x335e_2024_07_01,CUS_0x335e,1/7/2024,10,3,10000,1000,0,2000,9000,1/10/2024,2024-10-01,2025-11-09 07:30:19.821879,data/lms_loan_daily.csv,2024-10-01
CUS_0x335f_2024_07_01,CUS_0x335f,1/7/2024,10,3,10000,1000,1000,0,7000,1/10/2024,2024-10-01,2025-11-09 07:30:19.821879,data/lms_loan_daily.csv,2024-10-01
CUS_0x3361_2024_10_01,CUS_0x3361,1/10/2024,10,0,10000,0,0,0,10000,1/10/2024,2024-10-01,2025-11-09 07:30:19.821879,data/lms_loan_daily.csv,2024-10-01
CUS_0x3374_2024_06_01,CUS_0x3374,1/6/2024,10,4,10000,1000,1000,0,6000,1/10/2024,2024-10-01,2025-11-09 07:30:19.821879,data/lms_loan_daily.csv,2024-10-01
CUS_0x337d_2024_08_01,CUS_0x337d,1/8/2024,10,2,10000,1000,2000,0,8000,1/10/2024,2024-10-01,2025-11-09 07:30:19.821879,data/lms_loan_daily.csv,2024-10-01
CUS_0x3383_2024_04_01,CUS_0x3383,1/4/2024,10,6,10000,1000,1000,0,4000,1/10/2024,2024-10-01,2025-11-09 07:30:19.821879,data/lms_loan_daily.csv,2024-10-01
CUS_0x3385_2024_05_01,CUS_0x3385,1/5/2024,10,5,10000,1000,1000,0,5000,1/10/2024,2024-10-01,2025-11-09 07:30:19.821879,data/lms_loan_daily.csv,2024-10-01
CUS_0x3389_2024_01_01,CUS_0x3389,1/1/2024,10,9,10000,1000,1000,0,1000,1/10/2024,2024-10-01,2025-11-09 07:30:19.821879,data/lms_loan_daily.csv,2024-10-01
CUS_0x3394_2024_02_01,CUS_0x3394,1/2/2024,10,8,10000,1000,1000,0,2000,1/10/2024,2024-10-01,2025-11-09 07:30:19.821879,data/lms_loan_daily.csv,2024-10-01
CUS_0x3397_2024_03_01,CUS_0x3397,1/3/2024,10,7,10000,1000,1000,0,3000,1/10/2024,2024-10-01,2025-11-09 07:30:19.821879,data/lms_loan_daily.csv,2024-10-01
CUS_0x339e_2024_09_01,CUS_0x339e,1/9/2024,10,1,10000,1000,0,1000,10000,1/10/2024,2024-10-01,2025-11-09 07:30:19.821879,data/lms_loan_daily.csv,2024-10-01
CUS_0x33b0_2024_09_01,CUS_0x33b0,1/9/2024,10,1,10000,1000,1000,0,9000,1/10/2024,2024-10-01,2025-11-09 07:30:19.821879,data/lms_loan_daily.csv,2024-10-01
CUS_0x33b5_2024_04_01,CUS_0x33b5,1/4/2024,10,6,10000,1000,1000,0,4000,1/10/2024,2024-10-01,2025-11-09 07:30:19.821879,data/lms_loan_daily.csv,2024-10-01
CUS_0x33b6_2024_10_01,CUS_0x33b6,1/10/2024,10,0,10000,0,0,0,10000,1/10/2024,2024-10-01,2025-11-09 07:30:19.821879,data/lms_loan_daily.csv,2024-10-01
CUS_0x33b7_2024_01_01,CUS_0x33b7,1/1/2024,10,9,10000,1000,1000,0,1000,1/10/2024,2024-10-01,2025-11-09 07:30:19.821879,data/lms_loan_daily.csv,2024-10-01
CUS_0x33b8_2024_06_01,CUS_0x33b8,1/6/2024,10,4,10000,1000,0,2000,8000,1/10/2024,2024-10-01,2025-11-09 07:30:19.821879,data/lms_loan_daily.csv,2024-10-01
CUS_0x33ba_2024_07_01,CUS_0x33ba,1/7/2024,10,3,10000,1000,1000,0,7000,1/10/2024,2024-10-01,2025-11-09 07:30:19.821879,data/lms_loan_daily.csv,2024-10-01
CUS_0x33cd_2024_01_01,CUS_0x33cd,1/1/2024,10,9,10000,1000,1000,0,1000,1/10/2024,2024-10-01,2025-11-09 07:30:19.821879,data/lms_loan_daily.csv,2024-10-01
CUS_0x33d2_2024_01_01,CUS_0x33d2,1/1/2024,10,9,10000,1000,1000,0,1000,1/10/2024,2024-10-01,2025-11-09 07:30:19.821879,data/lms_loan_daily.csv,2024-10-01
CUS_0x33d6_2023_12_01,CUS_0x33d6,1/12/2023,10,10,10000,1000,1000,0,0,1/10/2024,2024-10-01,2025-11-09 07:30:19.821879,data/lms_loan_daily.csv,2024-10-01
CUS_0x33dc_2024_03_01,CUS_0x33dc,1/3/2024,10,7,10000,1000,0,3000,6000,1/10/2024,2024-10-01,2025-11-09 07:30:19.821879,data/lms_loan_daily.csv,2024-10-01
CUS_0x33eb_2024_07_01,CUS_0x33eb,1/7/2024,10,3,10000,1000,1000,0,7000,1/10/2024,2024-10-01,2025-11-09 07:30:19.821879,data/lms_loan_daily.csv,2024-10-01
CUS_0x33ef_2024_03_01,CUS_0x33ef,1/3/2024,10,7,10000,1000,1000,0,3000,1/10/2024,2024-10-01,2025-11-09 07:30:19.821879,data/lms_loan_daily.csv,2024-10-01
CUS_0x33f0_2024_04_01,CUS_0x33f0,1/4/2024,10,6,10000,1000,1000,0,4000,1/10/2024,2024-10-01,2025-11-09 07:30:19.821879,data/lms_loan_daily.csv,2024-10-01
CUS_0x3401_2024_02_01,CUS_0x3401,1/2/2024,10,8,10000,1000,0,6000,8000,1/10/2024,2024-10-01,2025-11-09 07:30:19.821879,data/lms_loan_daily.csv,2024-10-01
CUS_0x3404_2023_12_01,CUS_0x3404,1/12/2023,10,10,10000,1000,1000,0,0,1/10/2024,2024-10-01,2025-11-09 07:30:19.821879,data/lms_loan_daily.csv,2024-10-01
CUS_0x3407_2024_06_01,CUS_0x3407,1/6/2024,10,4,10000,1000,0,2000,8000,1/10/2024,2024-10-01,2025-11-09 07:30:19.821879,data/lms_loan_daily.csv,2024-10-01
CUS_0x3410_2024_01_01,CUS_0x3410,1/1/2024,10,9,10000,1000,0,6000,7000,1/10/2024,2024-10-01,2025-11-09 07:30:19.821879,data/lms_loan_daily.csv,2024-10-01
CUS_0x3422_2024_10_01,CUS_0x3422,1/10/2024,10,0,10000,0,0,0,10000,1/10/2024,2024-10-01,2025-11-09 07:30:19.821879,data/lms_loan_daily.csv,2024-10-01
CUS_0x342a_2024_08_01,CUS_0x342a,1/8/2024,10,2,10000,1000,1000,0,8000,1/10/2024,2024-10-01,2025-11-09 07:30:19.821879,data/lms_loan_daily.csv,2024-10-01
CUS_0x3439_2024_06_01,CUS_0x3439,1/6/2024,10,4,10000,1000,1000,0,6000,1/10/2024,2024-10-01,2025-11-09 07:30:19.821879,data/lms_loan_daily.csv,2024-10-01
CUS_0x345e_2024_06_01,CUS_0x345e,1/6/2024,10,4,10000,1000,0,1000,7000,1/10/2024,2024-10-01,2025-11-09 07:30:19.821879,data/lms_loan_daily.csv,2024-10-01
CUS_0x3463_2024_06_01,CUS_0x3463,1/6/2024,10,4,10000,1000,1000,0,6000,1/10/2024,2024-10-01,2025-11-09 07:30:19.821879,data/lms_loan_daily.csv,2024-10-01
CUS_0x346d_2024_10_01,CUS_0x346d,1/10/2024,10,0,10000,0,0,0,10000,1/10/2024,2024-10-01,2025-11-09 07:30:19.821879,data/lms_loan_daily.csv,2024-10-01
CUS_0x3474_2024_10_01,CUS_0x3474,1/10/2024,10,0,10000,0,0,0,10000,1/10/2024,2024-10-01,2025-11-09 07:30:19.821879,data/lms_loan_daily.csv,2024-10-01
CUS_0x347c_2024_04_01,CUS_0x347c,1/4/2024,10,6,10000,1000,0,2000,6000,1/10/2024,2024-10-01,2025-11-09 07:30:19.821879,data/lms_loan_daily.csv,2024-10-01
CUS_0x3482_2024_06_01,CUS_0x3482,1/6/2024,10,4,10000,1000,1000,0,6000,1/10/2024,2024-10-01,2025-11-09 07:30:19.821879,data/lms_loan_daily.csv,2024-10-01
CUS_0x3486_2024_10_01,CUS_0x3486,1/10/2024,10,0,10000,0,0,0,10000,1/10/2024,2024-10-01,2025-11-09 07:30:19.821879,data/lms_loan_daily.csv,2024-10-01
CUS_0x3499_2024_08_01,CUS_0x3499,1/8/2024,10,2,10000,1000,1000,0,8000,1/10/2024,2024-10-01,2025-11-09 07:30:19.821879,data/lms_loan_daily.csv,2024-10-01
CUS_0x34a2_2024_07_01,CUS_0x34a2,1/7/2024,10,3,10000,1000,1000,0,7000,1/10/2024,2024-10-01,2025-11-09 07:30:19.821879,data/lms_loan_daily.csv,2024-10-01
CUS_0x34a8_2024_04_01,CUS_0x34a8,1/4/2024,10,6,10000,1000,1000,0,4000,1/10/2024,2024-10-01,2025-11-09 07:30:19.821879,data/lms_loan_daily.csv,2024-10-01
CUS_0x34b5_2024_04_01,CUS_0x34b5,1/4/2024,10,6,10000,1000,1000,0,4000,1/10/2024,2024-10-01,2025-11-09 07:30:19.821879,data/lms_loan_daily.csv,2024-10-01
CUS_0x34b6_2024_07_01,CUS_0x34b6,1/7/2024,10,3,10000,1000,1000,0,7000,1/10/2024,2024-10-01,2025-11-09 07:30:19.821879,data/lms_loan_daily.csv,2024-10-01
CUS_0x34d2_2024_03_01,CUS_0x34d2,1/3/2024,10,7,10000,1000,1000,0,3000,1/10/2024,2024-10-01,2025-11-09 07:30:19.821879,data/lms_loan_daily.csv,2024-10-01
CUS_0x34d7_2024_03_01,CUS_0x34d7,1/3/2024,10,7,10000,1000,1000,0,3000,1/10/2024,2024-10-01,2025-11-09 07:30:19.821879,data/lms_loan_daily.csv,2024-10-01
CUS_0x34e1_2024_07_01,CUS_0x34e1,1/7/2024,10,3,10000,1000,0,2000,9000,1/10/2024,2024-10-01,2025-11-09 07:30:19.821879,data/lms_loan_daily.csv,2024-10-01
CUS_0x350e_2024_02_01,CUS_0x350e,1/2/2024,10,8,10000,1000,1000,0,2000,1/10/2024,2024-10-01,2025-11-09 07:30:19.821879,data/lms_loan_daily.csv,2024-10-01
CUS_0x3513_2023_12_01,CUS_0x3513,1/12/2023,10,10,10000,1000,0,6000,6000,1/10/2024,2024-10-01,2025-11-09 07:30:19.821879,data/lms_loan_daily.csv,2024-10-01
CUS_0x3518_2024_09_01,CUS_0x3518,1/9/2024,10,1,10000,1000,1000,0,9000,1/10/2024,2024-10-01,2025-11-09 07:30:19.821879,data/lms_loan_daily.csv,2024-10-01
CUS_0x3525_2024_08_01,CUS_0x3525,1/8/2024,10,2,10000,1000,1000,0,8000,1/10/2024,2024-10-01,2025-11-09 07:30:19.821879,data/lms_loan_daily.csv,2024-10-01
CUS_0x3542_2024_10_01,CUS_0x3542,1/10/2024,10,0,10000,0,0,0,10000,1/10/2024,2024-10-01,2025-11-09 07:30:19.821879,data/lms_loan_daily.csv,2024-10-01
CUS_0x3551_2024_07_01,CUS_0x3551,1/7/2024,10,3,10000,1000,1000,0,7000,1/10/2024,2024-10-01,2025-11-09 07:30:19.821879,data/lms_loan_daily.csv,2024-10-01
CUS_0x3553_2024_09_01,CUS_0x3553,1/9/2024,10,1,10000,1000,1000,0,9000,1/10/2024,2024-10-01,2025-11-09 07:30:19.821879,data/lms_loan_daily.csv,2024-10-01
CUS_0x3554_2024_02_01,CUS_0x3554,1/2/2024,10,8,10000,1000,1000,0,2000,1/10/2024,2024-10-01,2025-11-09 07:30:19.821879,data/lms_loan_daily.csv,2024-10-01
CUS_0x3556_2024_06_01,CUS_0x3556,1/6/2024,10,4,10000,1000,1000,0,6000,1/10/2024,2024-10-01,2025-11-09 07:30:19.821879,data/lms_loan_daily.csv,2024-10-01
CUS_0x3562_2024_09_01,CUS_0x3562,1/9/2024,10,1,10000,1000,1000,0,9000,1/10/2024,2024-10-01,2025-11-09 07:30:19.821879,data/lms_loan_daily.csv,2024-10-01
CUS_0x3582_2024_04_01,CUS_0x3582,1/4/2024,10,6,10000,1000,1000,0,4000,1/10/2024,2024-10-01,2025-11-09 07:30:19.821879,data/lms_loan_daily.csv,2024-10-01
CUS_0x3586_2024_09_01,CUS_0x3586,1/9/2024,10,1,10000,1000,1000,0,9000,1/10/2024,2024-10-01,2025-11-09 07:30:19.821879,data/lms_loan_daily.csv,2024-10-01
CUS_0x3592_2024_06_01,CUS_0x3592,1/6/2024,10,4,10000,1000,1000,0,6000,1/10/2024,2024-10-01,2025-11-09 07:30:19.821879,data/lms_loan_daily.csv,2024-10-01
CUS_0x35b4_2024_09_01,CUS_0x35b4,1/9/2024,10,1,10000,1000,1000,0,9000,1/10/2024,2024-10-01,2025-11-09 07:30:19.821879,data/lms_loan_daily.csv,2024-10-01
CUS_0x35b9_2024_10_01,CUS_0x35b9,1/10/2024,10,0,10000,0,0,0,10000,1/10/2024,2024-10-01,2025-11-09 07:30:19.821879,data/lms_loan_daily.csv,2024-10-01
CUS_0x35ca_2024_01_01,CUS_0x35ca,1/1/2024,10,9,10000,1000,1000,0,1000,1/10/2024,2024-10-01,2025-11-09 07:30:19.821879,data/lms_loan_daily.csv,2024-10-01
CUS_0x35dd_2024_09_01,CUS_0x35dd,1/9/2024,10,1,10000,1000,1000,0,9000,1/10/2024,2024-10-01,2025-11-09 07:30:19.821879,data/lms_loan_daily.csv,2024-10-01
CUS_0x35e4_2024_08_01,CUS_0x35e4,1/8/2024,10,2,10000,1000,1000,0,8000,1/10/2024,2024-10-01,2025-11-09 07:30:19.821879,data/lms_loan_daily.csv,2024-10-01
CUS_0x35e9_2024_08_01,CUS_0x35e9,1/8/2024,10,2,10000,1000,1000,0,8000,1/10/2024,2024-10-01,2025-11-09 07:30:19.821879,data/lms_loan_daily.csv,2024-10-01
CUS_0x35ea_2024_10_01,CUS_0x35ea,1/10/2024,10,0,10000,0,0,0,10000,1/10/2024,2024-10-01,2025-11-09 07:30:19.821879,data/lms_loan_daily.csv,2024-10-01
CUS_0x3606_2024_04_01,CUS_0x3606,1/4/2024,10,6,10000,1000,1000,0,4000,1/10/2024,2024-10-01,2025-11-09 07:30:19.821879,data/lms_loan_daily.csv,2024-10-01
CUS_0x3610_2024_09_01,CUS_0x3610,1/9/2024,10,1,10000,1000,1000,0,9000,1/10/2024,2024-10-01,2025-11-09 07:30:19.821879,data/lms_loan_daily.csv,2024-10-01
CUS_0x3639_2024_08_01,CUS_0x3639,1/8/2024,10,2,10000,1000,1000,0,8000,1/10/2024,2024-10-01,2025-11-09 07:30:19.821879,data/lms_loan_daily.csv,2024-10-01
CUS_0x364f_2024_02_01,CUS_0x364f,1/2/2024,10,8,10000,1000,0,4000,6000,1/10/2024,2024-10-01,2025-11-09 07:30:19.821879,data/lms_loan_daily.csv,2024-10-01
CUS_0x3655_2024_03_01,CUS_0x3655,1/3/2024,10,7,10000,1000,1000,0,3000,1/10/2024,2024-10-01,2025-11-09 07:30:19.821879,data/lms_loan_daily.csv,2024-10-01
CUS_0x3660_2024_09_01,CUS_0x3660,1/9/2024,10,1,10000,1000,1000,0,9000,1/10/2024,2024-10-01,2025-11-09 07:30:19.821879,data/lms_loan_daily.csv,2024-10-01
CUS_0x3678_2024_05_01,CUS_0x3678,1/5/2024,10,5,10000,1000,0,2000,7000,1/10/2024,2024-10-01,2025-11-09 07:30:19.821879,data/lms_loan_daily.csv,2024-10-01
CUS_0x368d_2024_01_01,CUS_0x368d,1/1/2024,10,9,10000,1000,1000,0,1000,1/10/2024,2024-10-01,2025-11-09 07:30:19.821879,data/lms_loan_daily.csv,2024-10-01
CUS_0x368f_2023_12_01,CUS_0x368f,1/12/2023,10,10,10000,1000,1000,0,0,1/10/2024,2024-10-01,2025-11-09 07:30:19.821879,data/lms_loan_daily.csv,2024-10-01
CUS_0x36a0_2023_12_01,CUS_0x36a0,1/12/2023,10,10,10000,1000,1000,0,0,1/10/2024,2024-10-01,2025-11-09 07:30:19.821879,data/lms_loan_daily.csv,2024-10-01
CUS_0x36a1_2024_04_01,CUS_0x36a1,1/4/2024,10,6,10000,1000,1000,0,4000,1/10/2024,2024-10-01,2025-11-09 07:30:19.821879,data/lms_loan_daily.csv,2024-10-01
CUS_0x36ac_2024_02_01,CUS_0x36ac,1/2/2024,10,8,10000,1000,1000,0,2000,1/10/2024,2024-10-01,2025-11-09 07:30:19.821879,data/lms_loan_daily.csv,2024-10-01
CUS_0x36c2_2024_01_01,CUS_0x36c2,1/1/2024,10,9,10000,1000,1000,0,1000,1/10/2024,2024-10-01,2025-11-09 07:30:19.821879,data/lms_loan_daily.csv,2024-10-01
CUS_0x36c7_2024_06_01,CUS_0x36c7,1/6/2024,10,4,10000,1000,1000,0,6000,1/10/2024,2024-10-01,2025-11-09 07:30:19.821879,data/lms_loan_daily.csv,2024-10-01
CUS_0x36d4_2024_06_01,CUS_0x36d4,1/6/2024,10,4,10000,1000,1000,0,6000,1/10/2024,2024-10-01,2025-11-09 07:30:19.821879,data/lms_loan_daily.csv,2024-10-01
CUS_0x36e1_2024_02_01,CUS_0x36e1,1/2/2024,10,8,10000,1000,1000,0,2000,1/10/2024,2024-10-01,2025-11-09 07:30:19.821879,data/lms_loan_daily.csv,2024-10-01
CUS_0x36ec_2024_10_01,CUS_0x36ec,1/10/2024,10,0,10000,0,0,0,10000,1/10/2024,2024-10-01,2025-11-09 07:30:19.821879,data/lms_loan_daily.csv,2024-10-01
CUS_0x36ed_2024_07_01,CUS_0x36ed,1/7/2024,10,3,10000,1000,1000,0,7000,1/10/2024,2024-10-01,2025-11-09 07:30:19.821879,data/lms_loan_daily.csv,2024-10-01
CUS_0x36f2_2024_04_01,CUS_0x36f2,1/4/2024,10,6,10000,1000,1000,0,4000,1/10/2024,2024-10-01,2025-11-09 07:30:19.821879,data/lms_loan_daily.csv,2024-10-01
CUS_0x36fd_2024_04_01,CUS_0x36fd,1/4/2024,10,6,10000,1000,0,3000,7000,1/10/2024,2024-10-01,2025-11-09 07:30:19.821879,data/lms_loan_daily.csv,2024-10-01
CUS_0x36ff_2024_04_01,CUS_0x36ff,1/4/2024,10,6,10000,1000,1000,0,4000,1/10/2024,2024-10-01,2025-11-09 07:30:19.821879,data/lms_loan_daily.csv,2024-10-01
CUS_0x3702_2024_07_01,CUS_0x3702,1/7/2024,10,3,10000,1000,1000,0,7000,1/10/2024,2024-10-01,2025-11-09 07:30:19.821879,data/lms_loan_daily.csv,2024-10-01
CUS_0x370c_2024_06_01,CUS_0x370c,1/6/2024,10,4,10000,1000,1000,0,6000,1/10/2024,2024-10-01,2025-11-09 07:30:19.821879,data/lms_loan_daily.csv,2024-10-01
CUS_0x3710_2024_10_01,CUS_0x3710,1/10/2024,10,0,10000,0,0,0,10000,1/10/2024,2024-10-01,2025-11-09 07:30:19.821879,data/lms_loan_daily.csv,2024-10-01
CUS_0x3716_2024_05_01,CUS_0x3716,1/5/2024,10,5,10000,1000,0,3000,8000,1/10/2024,2024-10-01,2025-11-09 07:30:19.821879,data/lms_loan_daily.csv,2024-10-01
CUS_0x3720_2023_12_01,CUS_0x3720,1/12/2023,10,10,10000,1000,0,7000,7000,1/10/2024,2024-10-01,2025-11-09 07:30:19.821879,data/lms_loan_daily.csv,2024-10-01
CUS_0x3722_2024_06_01,CUS_0x3722,1/6/2024,10,4,10000,1000,1000,0,6000,1/10/2024,2024-10-01,2025-11-09 07:30:19.821879,data/lms_loan_daily.csv,2024-10-01
CUS_0x372e_2024_08_01,CUS_0x372e,1/8/2024,10,2,10000,1000,1000,0,8000,1/10/2024,2024-10-01,2025-11-09 07:30:19.821879,data/lms_loan_daily.csv,2024-10-01
CUS_0x3731_2024_01_01,CUS_0x3731,1/1/2024,10,9,10000,1000,0,5000,6000,1/10/2024,2024-10-01,2025-11-09 07:30:19.821879,data/lms_loan_daily.csv,2024-10-01
CUS_0x373b_2024_03_01,CUS_0x373b,1/3/2024,10,7,10000,1000,1000,0,3000,1/10/2024,2024-10-01,2025-11-09 07:30:19.821879,data/lms_loan_daily.csv,2024-10-01
CUS_0x374c_2024_07_01,CUS_0x374c,1/7/2024,10,3,10000,1000,0,2000,9000,1/10/2024,2024-10-01,2025-11-09 07:30:19.821879,data/lms_loan_daily.csv,2024-10-01
CUS_0x3756_2024_06_01,CUS_0x3756,1/6/2024,10,4,10000,1000,1000,0,6000,1/10/2024,2024-10-01,2025-11-09 07:30:19.821879,data/lms_loan_daily.csv,2024-10-01
CUS_0x3757_2024_03_01,CUS_0x3757,1/3/2024,10,7,10000,1000,0,4000,7000,1/10/2024,2024-10-01,2025-11-09 07:30:19.821879,data/lms_loan_daily.csv,2024-10-01
CUS_0x375e_2024_06_01,CUS_0x375e,1/6/2024,10,4,10000,1000,0,2000,8000,1/10/2024,2024-10-01,2025-11-09 07:30:19.821879,data/lms_loan_daily.csv,2024-10-01
CUS_0x3763_2023_12_01,CUS_0x3763,1/12/2023,10,10,10000,1000,1000,0,0,1/10/2024,2024-10-01,2025-11-09 07:30:19.821879,data/lms_loan_daily.csv,2024-10-01
CUS_0x3767_2023_12_01,CUS_0x3767,1/12/2023,10,10,10000,1000,1000,0,0,1/10/2024,2024-10-01,2025-11-09 07:30:19.821879,data/lms_loan_daily.csv,2024-10-01
CUS_0x3769_2024_02_01,CUS_0x3769,1/2/2024,10,8,10000,1000,1000,0,2000,1/10/2024,2024-10-01,2025-11-09 07:30:19.821879,data/lms_loan_daily.csv,2024-10-01
CUS_0x376e_2024_06_01,CUS_0x376e,1/6/2024,10,4,10000,1000,1000,0,6000,1/10/2024,2024-10-01,2025-11-09 07:30:19.821879,data/lms_loan_daily.csv,2024-10-01
CUS_0x376f_2024_02_01,CUS_0x376f,1/2/2024,10,8,10000,1000,1000,0,2000,1/10/2024,2024-10-01,2025-11-09 07:30:19.821879,data/lms_loan_daily.csv,2024-10-01
CUS_0x3793_2023_12_01,CUS_0x3793,1/12/2023,10,10,10000,1000,1000,0,0,1/10/2024,2024-10-01,2025-11-09 07:30:19.821879,data/lms_loan_daily.csv,2024-10-01
CUS_0x3797_2024_10_01,CUS_0x3797,1/10/2024,10,0,10000,0,0,0,10000,1/10/2024,2024-10-01,2025-11-09 07:30:19.821879,data/lms_loan_daily.csv,2024-10-01
CUS_0x3798_2024_09_01,CUS_0x3798,1/9/2024,10,1,10000,1000,1000,0,9000,1/10/2024,2024-10-01,2025-11-09 07:30:19.821879,data/lms_loan_daily.csv,2024-10-01
CUS_0x379e_2024_03_01,CUS_0x379e,1/3/2024,10,7,10000,1000,1000,0,3000,1/10/2024,2024-10-01,2025-11-09 07:30:19.821879,data/lms_loan_daily.csv,2024-10-01
CUS_0x37af_2024_09_01,CUS_0x37af,1/9/2024,10,1,10000,1000,1000,0,9000,1/10/2024,2024-10-01,2025-11-09 07:30:19.821879,data/lms_loan_daily.csv,2024-10-01
CUS_0x37bd_2024_10_01,CUS_0x37bd,1/10/2024,10,0,10000,0,0,0,10000,1/10/2024,2024-10-01,2025-11-09 07:30:19.821879,data/lms_loan_daily.csv,2024-10-01
CUS_0x37be_2024_05_01,CUS_0x37be,1/5/2024,10,5,10000,1000,0,2000,7000,1/10/2024,2024-10-01,2025-11-09 07:30:19.821879,data/lms_loan_daily.csv,2024-10-01
CUS_0x37bf_2024_08_01,CUS_0x37bf,1/8/2024,10,2,10000,1000,1000,0,8000,1/10/2024,2024-10-01,2025-11-09 07:30:19.821879,data/lms_loan_daily.csv,2024-10-01
CUS_0x37d2_2024_07_01,CUS_0x37d2,1/7/2024,10,3,10000,1000,1000,0,7000,1/10/2024,2024-10-01,2025-11-09 07:30:19.821879,data/lms_loan_daily.csv,2024-10-01
CUS_0x37db_2024_10_01,CUS_0x37db,1/10/2024,10,0,10000,0,0,0,10000,1/10/2024,2024-10-01,2025-11-09 07:30:19.821879,data/lms_loan_daily.csv,2024-10-01
CUS_0x37e5_2024_02_01,CUS_0x37e5,1/2/2024,10,8,10000,1000,1000,0,2000,1/10/2024,2024-10-01,2025-11-09 07:30:19.821879,data/lms_loan_daily.csv,2024-10-01
CUS_0x37e6_2024_07_01,CUS_0x37e6,1/7/2024,10,3,10000,1000,1000,0,7000,1/10/2024,2024-10-01,2025-11-09 07:30:19.821879,data/lms_loan_daily.csv,2024-10-01
CUS_0x37e9_2024_03_01,CUS_0x37e9,1/3/2024,10,7,10000,1000,0,5000,8000,1/10/2024,2024-10-01,2025-11-09 07:30:19.821879,data/lms_loan_daily.csv,2024-10-01
CUS_0x37ea_2024_02_01,CUS_0x37ea,1/2/2024,10,8,10000,1000,1000,0,2000,1/10/2024,2024-10-01,2025-11-09 07:30:19.821879,data/lms_loan_daily.csv,2024-10-01
CUS_0x37f8_2024_09_01,CUS_0x37f8,1/9/2024,10,1,10000,1000,1000,0,9000,1/10/2024,2024-10-01,2025-11-09 07:30:19.821879,data/lms_loan_daily.csv,2024-10-01
CUS_0x37fb_2024_07_01,CUS_0x37fb,1/7/2024,10,3,10000,1000,1000,0,7000,1/10/2024,2024-10-01,2025-11-09 07:30:19.821879,data/lms_loan_daily.csv,2024-10-01
CUS_0x3806_2024_01_01,CUS_0x3806,1/1/2024,10,9,10000,1000,1000,0,1000,1/10/2024,2024-10-01,2025-11-09 07:30:19.821879,data/lms_loan_daily.csv,2024-10-01
CUS_0x3809_2024_04_01,CUS_0x3809,1/4/2024,10,6,10000,1000,1000,0,4000,1/10/2024,2024-10-01,2025-11-09 07:30:19.821879,data/lms_loan_daily.csv,2024-10-01
CUS_0x3811_2024_03_01,CUS_0x3811,1/3/2024,10,7,10000,1000,1000,0,3000,1/10/2024,2024-10-01,2025-11-09 07:30:19.821879,data/lms_loan_daily.csv,2024-10-01
CUS_0x3821_2024_04_01,CUS_0x3821,1/4/2024,10,6,10000,1000,0,4000,8000,1/10/2024,2024-10-01,2025-11-09 07:30:19.821879,data/lms_loan_daily.csv,2024-10-01
CUS_0x3844_2024_03_01,CUS_0x3844,1/3/2024,10,7,10000,1000,1000,0,3000,1/10/2024,2024-10-01,2025-11-09 07:30:19.821879,data/lms_loan_daily.csv,2024-10-01
CUS_0x384c_2024_08_01,CUS_0x384c,1/8/2024,10,2,10000,1000,1000,0,8000,1/10/2024,2024-10-01,2025-11-09 07:30:19.821879,data/lms_loan_daily.csv,2024-10-01
CUS_0x3852_2024_07_01,CUS_0x3852,1/7/2024,10,3,10000,1000,0,2000,9000,1/10/2024,2024-10-01,2025-11-09 07:30:19.821879,data/lms_loan_daily.csv,2024-10-01
CUS_0x3854_2024_09_01,CUS_0x3854,1/9/2024,10,1,10000,1000,1000,0,9000,1/10/2024,2024-10-01,2025-11-09 07:30:19.821879,data/lms_loan_daily.csv,2024-10-01
CUS_0x3855_2024_08_01,CUS_0x3855,1/8/2024,10,2,10000,1000,1000,0,8000,1/10/2024,2024-10-01,2025-11-09 07:30:19.821879,data/lms_loan_daily.csv,2024-10-01
CUS_0x385d_2024_06_01,CUS_0x385d,1/6/2024,10,4,10000,1000,1000,0,6000,1/10/2024,2024-10-01,2025-11-09 07:30:19.821879,data/lms_loan_daily.csv,2024-10-01
CUS_0x386c_2024_05_01,CUS_0x386c,1/5/2024,10,5,10000,1000,1000,0,5000,1/10/2024,2024-10-01,2025-11-09 07:30:19.821879,data/lms_loan_daily.csv,2024-10-01
CUS_0x3870_2023_12_01,CUS_0x3870,1/12/2023,10,10,10000,1000,0,10000,10000,1/10/2024,2024-10-01,2025-11-09 07:30:19.821879,data/lms_loan_daily.csv,2024-10-01
CUS_0x387a_2024_08_01,CUS_0x387a,1/8/2024,10,2,10000,1000,0,1000,9000,1/10/2024,2024-10-01,2025-11-09 07:30:19.821879,data/lms_loan_daily.csv,2024-10-01
CUS_0x387b_2024_05_01,CUS_0x387b,1/5/2024,10,5,10000,1000,1000,0,5000,1/10/2024,2024-10-01,2025-11-09 07:30:19.821879,data/lms_loan_daily.csv,2024-10-01
CUS_0x387c_2024_01_01,CUS_0x387c,1/1/2024,10,9,10000,1000,0,6000,7000,1/10/2024,2024-10-01,2025-11-09 07:30:19.821879,data/lms_loan_daily.csv,2024-10-01
CUS_0x387d_2024_10_01,CUS_0x387d,1/10/2024,10,0,10000,0,0,0,10000,1/10/2024,2024-10-01,2025-11-09 07:30:19.821879,data/lms_loan_daily.csv,2024-10-01
CUS_0x387e_2024_09_01,CUS_0x387e,1/9/2024,10,1,10000,1000,1000,0,9000,1/10/2024,2024-10-01,2025-11-09 07:30:19.821879,data/lms_loan_daily.csv,2024-10-01
CUS_0x3896_2024_07_01,CUS_0x3896,1/7/2024,10,3,10000,1000,1000,0,7000,1/10/2024,2024-10-01,2025-11-09 07:30:19.821879,data/lms_loan_daily.csv,2024-10-01
CUS_0x38a1_2024_07_01,CUS_0x38a1,1/7/2024,10,3,10000,1000,1000,0,7000,1/10/2024,2024-10-01,2025-11-09 07:30:19.821879,data/lms_loan_daily.csv,2024-10-01
CUS_0x38a2_2024_03_01,CUS_0x38a2,1/3/2024,10,7,10000,1000,1000,0,3000,1/10/2024,2024-10-01,2025-11-09 07:30:19.821879,data/lms_loan_daily.csv,2024-10-01
CUS_0x38aa_2024_10_01,CUS_0x38aa,1/10/2024,10,0,10000,0,0,0,10000,1/10/2024,2024-10-01,2025-11-09 07:30:19.821879,data/lms_loan_daily.csv,2024-10-01
CUS_0x38ad_2024_02_01,CUS_0x38ad,1/2/2024,10,8,10000,1000,0,6000,8000,1/10/2024,2024-10-01,2025-11-09 07:30:19.821879,data/lms_loan_daily.csv,2024-10-01
CUS_0x38b2_2024_09_01,CUS_0x38b2,1/9/2024,10,1,10000,1000,1000,0,9000,1/10/2024,2024-10-01,2025-11-09 07:30:19.821879,data/lms_loan_daily.csv,2024-10-01
CUS_0x38b4_2024_07_01,CUS_0x38b4,1/7/2024,10,3,10000,1000,1000,0,7000,1/10/2024,2024-10-01,2025-11-09 07:30:19.821879,data/lms_loan_daily.csv,2024-10-01
CUS_0x38b6_2024_10_01,CUS_0x38b6,1/10/2024,10,0,10000,0,0,0,10000,1/10/2024,2024-10-01,2025-11-09 07:30:19.821879,data/lms_loan_daily.csv,2024-10-01
CUS_0x38bc_2024_04_01,CUS_0x38bc,1/4/2024,10,6,10000,1000,1000,0,4000,1/10/2024,2024-10-01,2025-11-09 07:30:19.821879,data/lms_loan_daily.csv,2024-10-01
CUS_0x38c0_2024_10_01,CUS_0x38c0,1/10/2024,10,0,10000,0,0,0,10000,1/10/2024,2024-10-01,2025-11-09 07:30:19.821879,data/lms_loan_daily.csv,2024-10-01
CUS_0x38c2_2024_04_01,CUS_0x38c2,1/4/2024,10,6,10000,1000,1000,0,4000,1/10/2024,2024-10-01,2025-11-09 07:30:19.821879,data/lms_loan_daily.csv,2024-10-01
CUS_0x38c4_2024_05_01,CUS_0x38c4,1/5/2024,10,5,10000,1000,1000,0,5000,1/10/2024,2024-10-01,2025-11-09 07:30:19.821879,data/lms_loan_daily.csv,2024-10-01
CUS_0x38c6_2024_02_01,CUS_0x38c6,1/2/2024,10,8,10000,1000,1000,0,2000,1/10/2024,2024-10-01,2025-11-09 07:30:19.821879,data/lms_loan_daily.csv,2024-10-01
CUS_0x38ca_2024_02_01,CUS_0x38ca,1/2/2024,10,8,10000,1000,1000,0,2000,1/10/2024,2024-10-01,2025-11-09 07:30:19.821879,data/lms_loan_daily.csv,2024-10-01
CUS_0x38cd_2024_07_01,CUS_0x38cd,1/7/2024,10,3,10000,1000,1000,0,7000,1/10/2024,2024-10-01,2025-11-09 07:30:19.821879,data/lms_loan_daily.csv,2024-10-01
CUS_0x38ce_2024_01_01,CUS_0x38ce,1/1/2024,10,9,10000,1000,0,6000,7000,1/10/2024,2024-10-01,2025-11-09 07:30:19.821879,data/lms_loan_daily.csv,2024-10-01
CUS_0x38cf_2024_01_01,CUS_0x38cf,1/1/2024,10,9,10000,1000,1000,0,1000,1/10/2024,2024-10-01,2025-11-09 07:30:19.821879,data/lms_loan_daily.csv,2024-10-01
CUS_0x38e0_2024_01_01,CUS_0x38e0,1/1/2024,10,9,10000,1000,1000,0,1000,1/10/2024,2024-10-01,2025-11-09 07:30:19.821879,data/lms_loan_daily.csv,2024-10-01
CUS_0x38e6_2024_06_01,CUS_0x38e6,1/6/2024,10,4,10000,1000,0,2000,8000,1/10/2024,2024-10-01,2025-11-09 07:30:19.821879,data/lms_loan_daily.csv,2024-10-01
CUS_0x3909_2024_07_01,CUS_0x3909,1/7/2024,10,3,10000,1000,1000,0,7000,1/10/2024,2024-10-01,2025-11-09 07:30:19.821879,data/lms_loan_daily.csv,2024-10-01
CUS_0x390d_2023_12_01,CUS_0x390d,1/12/2023,10,10,10000,1000,1000,0,0,1/10/2024,2024-10-01,2025-11-09 07:30:19.821879,data/lms_loan_daily.csv,2024-10-01
CUS_0x392a_2024_06_01,CUS_0x392a,1/6/2024,10,4,10000,1000,1000,0,6000,1/10/2024,2024-10-01,2025-11-09 07:30:19.821879,data/lms_loan_daily.csv,2024-10-01
CUS_0x3937_2024_10_01,CUS_0x3937,1/10/2024,10,0,10000,0,0,0,10000,1/10/2024,2024-10-01,2025-11-09 07:30:19.821879,data/lms_loan_daily.csv,2024-10-01
CUS_0x393f_2024_08_01,CUS_0x393f,1/8/2024,10,2,10000,1000,1000,0,8000,1/10/2024,2024-10-01,2025-11-09 07:30:19.821879,data/lms_loan_daily.csv,2024-10-01
CUS_0x3941_2024_06_01,CUS_0x3941,1/6/2024,10,4,10000,1000,1000,0,6000,1/10/2024,2024-10-01,2025-11-09 07:30:19.821879,data/lms_loan_daily.csv,2024-10-01
CUS_0x3948_2023_12_01,CUS_0x3948,1/12/2023,10,10,10000,1000,1000,0,0,1/10/2024,2024-10-01,2025-11-09 07:30:19.821879,data/lms_loan_daily.csv,2024-10-01
CUS_0x3966_2024_04_01,CUS_0x3966,1/4/2024,10,6,10000,1000,0,3000,7000,1/10/2024,2024-10-01,2025-11-09 07:30:19.821879,data/lms_loan_daily.csv,2024-10-01
CUS_0x396e_2024_08_01,CUS_0x396e,1/8/2024,10,2,10000,1000,1000,0,8000,1/10/2024,2024-10-01,2025-11-09 07:30:19.821879,data/lms_loan_daily.csv,2024-10-01
CUS_0x3974_2024_07_01,CUS_0x3974,1/7/2024,10,3,10000,1000,1000,0,7000,1/10/2024,2024-10-01,2025-11-09 07:30:19.821879,data/lms_loan_daily.csv,2024-10-01
CUS_0x399d_2024_05_01,CUS_0x399d,1/5/2024,10,5,10000,1000,0,4000,9000,1/10/2024,2024-10-01,2025-11-09 07:30:19.821879,data/lms_loan_daily.csv,2024-10-01
CUS_0x39a0_2024_05_01,CUS_0x39a0,1/5/2024,10,5,10000,1000,0,2000,7000,1/10/2024,2024-10-01,2025-11-09 07:30:19.821879,data/lms_loan_daily.csv,2024-10-01
CUS_0x39b2_2024_08_01,CUS_0x39b2,1/8/2024,10,2,10000,1000,1000,0,8000,1/10/2024,2024-10-01,2025-11-09 07:30:19.821879,data/lms_loan_daily.csv,2024-10-01
CUS_0x39bf_2024_08_01,CUS_0x39bf,1/8/2024,10,2,10000,1000,0,1000,9000,1/10/2024,2024-10-01,2025-11-09 07:30:19.821879,data/lms_loan_daily.csv,2024-10-01
CUS_0x39c5_2024_03_01,CUS_0x39c5,1/3/2024,10,7,10000,1000,0,3000,6000,1/10/2024,2024-10-01,2025-11-09 07:30:19.821879,data/lms_loan_daily.csv,2024-10-01
CUS_0x39ce_2024_05_01,CUS_0x39ce,1/5/2024,10,5,10000,1000,1000,0,5000,1/10/2024,2024-10-01,2025-11-09 07:30:19.821879,data/lms_loan_daily.csv,2024-10-01
CUS_0x39cf_2024_10_01,CUS_0x39cf,1/10/2024,10,0,10000,0,0,0,10000,1/10/2024,2024-10-01,2025-11-09 07:30:19.821879,data/lms_loan_daily.csv,2024-10-01
CUS_0x39d6_2024_06_01,CUS_0x39d6,1/6/2024,10,4,10000,1000,1000,0,6000,1/10/2024,2024-10-01,2025-11-09 07:30:19.821879,data/lms_loan_daily.csv,2024-10-01
CUS_0x39d7_2024_04_01,CUS_0x39d7,1/4/2024,10,6,10000,1000,0,4000,8000,1/10/2024,2024-10-01,2025-11-09 07:30:19.821879,data/lms_loan_daily.csv,2024-10-01
CUS_0x39d8_2024_05_01,CUS_0x39d8,1/5/2024,10,5,10000,1000,1000,0,5000,1/10/2024,2024-10-01,2025-11-09 07:30:19.821879,data/lms_loan_daily.csv,2024-10-01
CUS_0x39e5_2024_04_01,CUS_0x39e5,1/4/2024,10,6,10000,1000,0,2000,6000,1/10/2024,2024-10-01,2025-11-09 07:30:19.821879,data/lms_loan_daily.csv,2024-10-01
CUS_0x39ff_2024_08_01,CUS_0x39ff,1/8/2024,10,2,10000,1000,1000,0,8000,1/10/2024,2024-10-01,2025-11-09 07:30:19.821879,data/lms_loan_daily.csv,2024-10-01
CUS_0x3a02_2024_06_01,CUS_0x3a02,1/6/2024,10,4,10000,1000,1000,0,6000,1/10/2024,2024-10-01,2025-11-09 07:30:19.821879,data/lms_loan_daily.csv,2024-10-01
CUS_0x3a26_2024_09_01,CUS_0x3a26,1/9/2024,10,1,10000,1000,1000,0,9000,1/10/2024,2024-10-01,2025-11-09 07:30:19.821879,data/lms_loan_daily.csv,2024-10-01
CUS_0x3a30_2024_06_01,CUS_0x3a30,1/6/2024,10,4,10000,1000,1000,0,6000,1/10/2024,2024-10-01,2025-11-09 07:30:19.821879,data/lms_loan_daily.csv,2024-10-01
CUS_0x3a39_2024_02_01,CUS_0x3a39,1/2/2024,10,8,10000,1000,1000,0,2000,1/10/2024,2024-10-01,2025-11-09 07:30:19.821879,data/lms_loan_daily.csv,2024-10-01
CUS_0x3a3a_2024_08_01,CUS_0x3a3a,1/8/2024,10,2,10000,1000,1000,0,8000,1/10/2024,2024-10-01,2025-11-09 07:30:19.821879,data/lms_loan_daily.csv,2024-10-01
CUS_0x3a43_2024_09_01,CUS_0x3a43,1/9/2024,10,1,10000,1000,1000,0,9000,1/10/2024,2024-10-01,2025-11-09 07:30:19.821879,data/lms_loan_daily.csv,2024-10-01
CUS_0x3a57_2024_04_01,CUS_0x3a57,1/4/2024,10,6,10000,1000,0,4000,8000,1/10/2024,2024-10-01,2025-11-09 07:30:19.821879,data/lms_loan_daily.csv,2024-10-01
CUS_0x3a71_2024_03_01,CUS_0x3a71,1/3/2024,10,7,10000,1000,0,5000,8000,1/10/2024,2024-10-01,2025-11-09 07:30:19.821879,data/lms_loan_daily.csv,2024-10-01
CUS_0x3a85_2024_02_01,CUS_0x3a85,1/2/2024,10,8,10000,1000,1000,0,2000,1/10/2024,2024-10-01,2025-11-09 07:30:19.821879,data/lms_loan_daily.csv,2024-10-01
CUS_0x3a94_2023_12_01,CUS_0x3a94,1/12/2023,10,10,10000,1000,1000,0,0,1/10/2024,2024-10-01,2025-11-09 07:30:19.821879,data/lms_loan_daily.csv,2024-10-01
CUS_0x3a96_2024_10_01,CUS_0x3a96,1/10/2024,10,0,10000,0,0,0,10000,1/10/2024,2024-10-01,2025-11-09 07:30:19.821879,data/lms_loan_daily.csv,2024-10-01
CUS_0x3aa1_2024_07_01,CUS_0x3aa1,1/7/2024,10,3,10000,1000,1000,0,7000,1/10/2024,2024-10-01,2025-11-09 07:30:19.821879,data/lms_loan_daily.csv,2024-10-01
CUS_0x3aa7_2024_07_01,CUS_0x3aa7,1/7/2024,10,3,10000,1000,0,2000,9000,1/10/2024,2024-10-01,2025-11-09 07:30:19.821879,data/lms_loan_daily.csv,2024-10-01
CUS_0x3aa9_2024_06_01,CUS_0x3aa9,1/6/2024,10,4,10000,1000,0,2000,8000,1/10/2024,2024-10-01,2025-11-09 07:30:19.821879,data/lms_loan_daily.csv,2024-10-01
CUS_0x3abe_2023_12_01,CUS_0x3abe,1/12/2023,10,10,10000,1000,0,6000,6000,1/10/2024,2024-10-01,2025-11-09 07:30:19.821879,data/lms_loan_daily.csv,2024-10-01
CUS_0x3ad2_2024_06_01,CUS_0x3ad2,1/6/2024,10,4,10000,1000,0,1000,7000,1/10/2024,2024-10-01,2025-11-09 07:30:19.821879,data/lms_loan_daily.csv,2024-10-01
CUS_0x3ade_2024_02_01,CUS_0x3ade,1/2/2024,10,8,10000,1000,1000,0,2000,1/10/2024,2024-10-01,2025-11-09 07:30:19.821879,data/lms_loan_daily.csv,2024-10-01
CUS_0x3ae1_2023_12_01,CUS_0x3ae1,1/12/2023,10,10,10000,1000,0,8000,8000,1/10/2024,2024-10-01,2025-11-09 07:30:19.821879,data/lms_loan_daily.csv,2024-10-01
CUS_0x3ae7_2024_07_01,CUS_0x3ae7,1/7/2024,10,3,10000,1000,1000,0,7000,1/10/2024,2024-10-01,2025-11-09 07:30:19.821879,data/lms_loan_daily.csv,2024-10-01
CUS_0x3aeb_2024_06_01,CUS_0x3aeb,1/6/2024,10,4,10000,1000,1000,0,6000,1/10/2024,2024-10-01,2025-11-09 07:30:19.821879,data/lms_loan_daily.csv,2024-10-01
CUS_0x3af9_2024_01_01,CUS_0x3af9,1/1/2024,10,9,10000,1000,1000,0,1000,1/10/2024,2024-10-01,2025-11-09 07:30:19.821879,data/lms_loan_daily.csv,2024-10-01
CUS_0x3afa_2024_02_01,CUS_0x3afa,1/2/2024,10,8,10000,1000,0,5000,7000,1/10/2024,2024-10-01,2025-11-09 07:30:19.821879,data/lms_loan_daily.csv,2024-10-01
CUS_0x3afb_2024_08_01,CUS_0x3afb,1/8/2024,10,2,10000,1000,1000,0,8000,1/10/2024,2024-10-01,2025-11-09 07:30:19.821879,data/lms_loan_daily.csv,2024-10-01
CUS_0x3b04_2024_01_01,CUS_0x3b04,1/1/2024,10,9,10000,1000,1000,0,1000,1/10/2024,2024-10-01,2025-11-09 07:30:19.821879,data/lms_loan_daily.csv,2024-10-01
CUS_0x3b11_2024_03_01,CUS_0x3b11,1/3/2024,10,7,10000,1000,1000,0,3000,1/10/2024,2024-10-01,2025-11-09 07:30:19.821879,data/lms_loan_daily.csv,2024-10-01
CUS_0x3b15_2024_01_01,CUS_0x3b15,1/1/2024,10,9,10000,1000,1000,0,1000,1/10/2024,2024-10-01,2025-11-09 07:30:19.821879,data/lms_loan_daily.csv,2024-10-01
CUS_0x3b1b_2024_10_01,CUS_0x3b1b,1/10/2024,10,0,10000,0,0,0,10000,1/10/2024,2024-10-01,2025-11-09 07:30:19.821879,data/lms_loan_daily.csv,2024-10-01
CUS_0x3b2e_2024_10_01,CUS_0x3b2e,1/10/2024,10,0,10000,0,0,0,10000,1/10/2024,2024-10-01,2025-11-09 07:30:19.821879,data/lms_loan_daily.csv,2024-10-01
CUS_0x3b33_2024_04_01,CUS_0x3b33,1/4/2024,10,6,10000,1000,1000,0,4000,1/10/2024,2024-10-01,2025-11-09 07:30:19.821879,data/lms_loan_daily.csv,2024-10-01
CUS_0x3b37_2024_08_01,CUS_0x3b37,1/8/2024,10,2,10000,1000,1000,0,8000,1/10/2024,2024-10-01,2025-11-09 07:30:19.821879,data/lms_loan_daily.csv,2024-10-01
CUS_0x3b3b_2024_03_01,CUS_0x3b3b,1/3/2024,10,7,10000,1000,0,4000,7000,1/10/2024,2024-10-01,2025-11-09 07:30:19.821879,data/lms_loan_daily.csv,2024-10-01
CUS_0x3b46_2024_06_01,CUS_0x3b46,1/6/2024,10,4,10000,1000,0,1000,7000,1/10/2024,2024-10-01,2025-11-09 07:30:19.821879,data/lms_loan_daily.csv,2024-10-01
CUS_0x3b4c_2024_04_01,CUS_0x3b4c,1/4/2024,10,6,10000,1000,1000,0,4000,1/10/2024,2024-10-01,2025-11-09 07:30:19.821879,data/lms_loan_daily.csv,2024-10-01
CUS_0x3b52_2024_09_01,CUS_0x3b52,1/9/2024,10,1,10000,1000,1000,0,9000,1/10/2024,2024-10-01,2025-11-09 07:30:19.821879,data/lms_loan_daily.csv,2024-10-01
CUS_0x3b60_2024_05_01,CUS_0x3b60,1/5/2024,10,5,10000,1000,0,3000,8000,1/10/2024,2024-10-01,2025-11-09 07:30:19.821879,data/lms_loan_daily.csv,2024-10-01
CUS_0x3b7d_2024_01_01,CUS_0x3b7d,1/1/2024,10,9,10000,1000,1000,0,1000,1/10/2024,2024-10-01,2025-11-09 07:30:19.821879,data/lms_loan_daily.csv,2024-10-01
CUS_0x3b7e_2023_12_01,CUS_0x3b7e,1/12/2023,10,10,10000,1000,1000,0,0,1/10/2024,2024-10-01,2025-11-09 07:30:19.821879,data/lms_loan_daily.csv,2024-10-01
CUS_0x3b83_2024_02_01,CUS_0x3b83,1/2/2024,10,8,10000,1000,0,7000,9000,1/10/2024,2024-10-01,2025-11-09 07:30:19.821879,data/lms_loan_daily.csv,2024-10-01
CUS_0x3b85_2023_12_01,CUS_0x3b85,1/12/2023,10,10,10000,1000,1000,0,0,1/10/2024,2024-10-01,2025-11-09 07:30:19.821879,data/lms_loan_daily.csv,2024-10-01
CUS_0x3b90_2024_08_01,CUS_0x3b90,1/8/2024,10,2,10000,1000,1000,0,8000,1/10/2024,2024-10-01,2025-11-09 07:30:19.821879,data/lms_loan_daily.csv,2024-10-01
CUS_0x3ba0_2024_02_01,CUS_0x3ba0,1/2/2024,10,8,10000,1000,1000,0,2000,1/10/2024,2024-10-01,2025-11-09 07:30:19.821879,data/lms_loan_daily.csv,2024-10-01
CUS_0x3baa_2024_02_01,CUS_0x3baa,1/2/2024,10,8,10000,1000,1000,0,2000,1/10/2024,2024-10-01,2025-11-09 07:30:19.821879,data/lms_loan_daily.csv,2024-10-01
CUS_0x3bac_2024_10_01,CUS_0x3bac,1/10/2024,10,0,10000,0,0,0,10000,1/10/2024,2024-10-01,2025-11-09 07:30:19.821879,data/lms_loan_daily.csv,2024-10-01
CUS_0x3baf_2023_12_01,CUS_0x3baf,1/12/2023,10,10,10000,1000,1000,0,0,1/10/2024,2024-10-01,2025-11-09 07:30:19.821879,data/lms_loan_daily.csv,2024-10-01
CUS_0x3bba_2024_05_01,CUS_0x3bba,1/5/2024,10,5,10000,1000,0,4000,9000,1/10/2024,2024-10-01,2025-11-09 07:30:19.821879,data/lms_loan_daily.csv,2024-10-01
CUS_0x3bc5_2024_08_01,CUS_0x3bc5,1/8/2024,10,2,10000,1000,1000,0,8000,1/10/2024,2024-10-01,2025-11-09 07:30:19.821879,data/lms_loan_daily.csv,2024-10-01
CUS_0x3bd6_2024_06_01,CUS_0x3bd6,1/6/2024,10,4,10000,1000,1000,0,6000,1/10/2024,2024-10-01,2025-11-09 07:30:19.821879,data/lms_loan_daily.csv,2024-10-01
CUS_0x3bf3_2023_12_01,CUS_0x3bf3,1/12/2023,10,10,10000,1000,1000,0,0,1/10/2024,2024-10-01,2025-11-09 07:30:19.821879,data/lms_loan_daily.csv,2024-10-01
CUS_0x3c23_2024_10_01,CUS_0x3c23,1/10/2024,10,0,10000,0,0,0,10000,1/10/2024,2024-10-01,2025-11-09 07:30:19.821879,data/lms_loan_daily.csv,2024-10-01
CUS_0x3c24_2024_08_01,CUS_0x3c24,1/8/2024,10,2,10000,1000,1000,0,8000,1/10/2024,2024-10-01,2025-11-09 07:30:19.821879,data/lms_loan_daily.csv,2024-10-01
CUS_0x3c39_2024_08_01,CUS_0x3c39,1/8/2024,10,2,10000,1000,1000,0,8000,1/10/2024,2024-10-01,2025-11-09 07:30:19.821879,data/lms_loan_daily.csv,2024-10-01
CUS_0x3c3a_2024_09_01,CUS_0x3c3a,1/9/2024,10,1,10000,1000,1000,0,9000,1/10/2024,2024-10-01,2025-11-09 07:30:19.821879,data/lms_loan_daily.csv,2024-10-01
CUS_0x3c41_2024_06_01,CUS_0x3c41,1/6/2024,10,4,10000,1000,1000,0,6000,1/10/2024,2024-10-01,2025-11-09 07:30:19.821879,data/lms_loan_daily.csv,2024-10-01
CUS_0x3c5e_2024_02_01,CUS_0x3c5e,1/2/2024,10,8,10000,1000,0,5000,7000,1/10/2024,2024-10-01,2025-11-09 07:30:19.821879,data/lms_loan_daily.csv,2024-10-01
CUS_0x3c72_2023_12_01,CUS_0x3c72,1/12/2023,10,10,10000,1000,1000,0,0,1/10/2024,2024-10-01,2025-11-09 07:30:19.821879,data/lms_loan_daily.csv,2024-10-01
CUS_0x3c87_2024_03_01,CUS_0x3c87,1/3/2024,10,7,10000,1000,1000,0,3000,1/10/2024,2024-10-01,2025-11-09 07:30:19.821879,data/lms_loan_daily.csv,2024-10-01
CUS_0x3c96_2024_02_01,CUS_0x3c96,1/2/2024,10,8,10000,1000,1000,0,2000,1/10/2024,2024-10-01,2025-11-09 07:30:19.821879,data/lms_loan_daily.csv,2024-10-01
CUS_0x3c97_2024_08_01,CUS_0x3c97,1/8/2024,10,2,10000,1000,1000,0,8000,1/10/2024,2024-10-01,2025-11-09 07:30:19.821879,data/lms_loan_daily.csv,2024-10-01
CUS_0x3ca6_2024_10_01,CUS_0x3ca6,1/10/2024,10,0,10000,0,0,0,10000,1/10/2024,2024-10-01,2025-11-09 07:30:19.821879,data/lms_loan_daily.csv,2024-10-01
CUS_0x3cb1_2023_12_01,CUS_0x3cb1,1/12/2023,10,10,10000,1000,1000,0,0,1/10/2024,2024-10-01,2025-11-09 07:30:19.821879,data/lms_loan_daily.csv,2024-10-01
CUS_0x3cb6_2024_05_01,CUS_0x3cb6,1/5/2024,10,5,10000,1000,1000,0,5000,1/10/2024,2024-10-01,2025-11-09 07:30:19.821879,data/lms_loan_daily.csv,2024-10-01
CUS_0x3cc8_2024_09_01,CUS_0x3cc8,1/9/2024,10,1,10000,1000,1000,0,9000,1/10/2024,2024-10-01,2025-11-09 07:30:19.821879,data/lms_loan_daily.csv,2024-10-01
CUS_0x3ccf_2024_03_01,CUS_0x3ccf,1/3/2024,10,7,10000,1000,1000,0,3000,1/10/2024,2024-10-01,2025-11-09 07:30:19.821879,data/lms_loan_daily.csv,2024-10-01
CUS_0x3ce2_2024_06_01,CUS_0x3ce2,1/6/2024,10,4,10000,1000,0,2000,8000,1/10/2024,2024-10-01,2025-11-09 07:30:19.821879,data/lms_loan_daily.csv,2024-10-01
CUS_0x3ce3_2024_01_01,CUS_0x3ce3,1/1/2024,10,9,10000,1000,1000,0,1000,1/10/2024,2024-10-01,2025-11-09 07:30:19.821879,data/lms_loan_daily.csv,2024-10-01
CUS_0x3cf1_2024_02_01,CUS_0x3cf1,1/2/2024,10,8,10000,1000,0,6000,8000,1/10/2024,2024-10-01,2025-11-09 07:30:19.821879,data/lms_loan_daily.csv,2024-10-01
CUS_0x3cf7_2024_04_01,CUS_0x3cf7,1/4/2024,10,6,10000,1000,0,2000,6000,1/10/2024,2024-10-01,2025-11-09 07:30:19.821879,data/lms_loan_daily.csv,2024-10-01
CUS_0x3cfe_2024_07_01,CUS_0x3cfe,1/7/2024,10,3,10000,1000,1000,0,7000,1/10/2024,2024-10-01,2025-11-09 07:30:19.821879,data/lms_loan_daily.csv,2024-10-01
CUS_0x3d09_2024_05_01,CUS_0x3d09,1/5/2024,10,5,10000,1000,0,1000,6000,1/10/2024,2024-10-01,2025-11-09 07:30:19.821879,data/lms_loan_daily.csv,2024-10-01
CUS_0x3d0e_2024_07_01,CUS_0x3d0e,1/7/2024,10,3,10000,1000,1000,0,7000,1/10/2024,2024-10-01,2025-11-09 07:30:19.821879,data/lms_loan_daily.csv,2024-10-01
CUS_0x3d3f_2024_01_01,CUS_0x3d3f,1/1/2024,10,9,10000,1000,1000,0,1000,1/10/2024,2024-10-01,2025-11-09 07:30:19.821879,data/lms_loan_daily.csv,2024-10-01
CUS_0x3d40_2024_04_01,CUS_0x3d40,1/4/2024,10,6,10000,1000,1000,0,4000,1/10/2024,2024-10-01,2025-11-09 07:30:19.821879,data/lms_loan_daily.csv,2024-10-01
CUS_0x3d42_2024_03_01,CUS_0x3d42,1/3/2024,10,7,10000,1000,0,5000,8000,1/10/2024,2024-10-01,2025-11-09 07:30:19.821879,data/lms_loan_daily.csv,2024-10-01
CUS_0x3d44_2024_07_01,CUS_0x3d44,1/7/2024,10,3,10000,1000,1000,0,7000,1/10/2024,2024-10-01,2025-11-09 07:30:19.821879,data/lms_loan_daily.csv,2024-10-01
CUS_0x3d68_2024_01_01,CUS_0x3d68,1/1/2024,10,9,10000,1000,0,6000,7000,1/10/2024,2024-10-01,2025-11-09 07:30:19.821879,data/lms_loan_daily.csv,2024-10-01
CUS_0x3d6d_2024_07_01,CUS_0x3d6d,1/7/2024,10,3,10000,1000,1000,0,7000,1/10/2024,2024-10-01,2025-11-09 07:30:19.821879,data/lms_loan_daily.csv,2024-10-01
CUS_0x3d71_2024_04_01,CUS_0x3d71,1/4/2024,10,6,10000,1000,0,2000,6000,1/10/2024,2024-10-01,2025-11-09 07:30:19.821879,data/lms_loan_daily.csv,2024-10-01
CUS_0x3d73_2024_02_01,CUS_0x3d73,1/2/2024,10,8,10000,1000,1000,0,2000,1/10/2024,2024-10-01,2025-11-09 07:30:19.821879,data/lms_loan_daily.csv,2024-10-01
CUS_0x3d76_2024_07_01,CUS_0x3d76,1/7/2024,10,3,10000,1000,1000,0,7000,1/10/2024,2024-10-01,2025-11-09 07:30:19.821879,data/lms_loan_daily.csv,2024-10-01
CUS_0x3d77_2024_07_01,CUS_0x3d77,1/7/2024,10,3,10000,1000,1000,0,7000,1/10/2024,2024-10-01,2025-11-09 07:30:19.821879,data/lms_loan_daily.csv,2024-10-01
CUS_0x3d78_2024_06_01,CUS_0x3d78,1/6/2024,10,4,10000,1000,0,4000,10000,1/10/2024,2024-10-01,2025-11-09 07:30:19.821879,data/lms_loan_daily.csv,2024-10-01
CUS_0x3d79_2024_07_01,CUS_0x3d79,1/7/2024,10,3,10000,1000,1000,0,7000,1/10/2024,2024-10-01,2025-11-09 07:30:19.821879,data/lms_loan_daily.csv,2024-10-01
CUS_0x3d7e_2024_05_01,CUS_0x3d7e,1/5/2024,10,5,10000,1000,1000,0,5000,1/10/2024,2024-10-01,2025-11-09 07:30:19.821879,data/lms_loan_daily.csv,2024-10-01
CUS_0x3d82_2023_12_01,CUS_0x3d82,1/12/2023,10,10,10000,1000,1000,0,0,1/10/2024,2024-10-01,2025-11-09 07:30:19.821879,data/lms_loan_daily.csv,2024-10-01
CUS_0x3d8e_2024_03_01,CUS_0x3d8e,1/3/2024,10,7,10000,1000,1000,0,3000,1/10/2024,2024-10-01,2025-11-09 07:30:19.821879,data/lms_loan_daily.csv,2024-10-01
CUS_0x3db1_2024_08_01,CUS_0x3db1,1/8/2024,10,2,10000,1000,1000,0,8000,1/10/2024,2024-10-01,2025-11-09 07:30:19.821879,data/lms_loan_daily.csv,2024-10-01
CUS_0x3dc3_2023_12_01,CUS_0x3dc3,1/12/2023,10,10,10000,1000,1000,0,0,1/10/2024,2024-10-01,2025-11-09 07:30:19.821879,data/lms_loan_daily.csv,2024-10-01
CUS_0x3dd5_2024_02_01,CUS_0x3dd5,1/2/2024,10,8,10000,1000,1000,0,2000,1/10/2024,2024-10-01,2025-11-09 07:30:19.821879,data/lms_loan_daily.csv,2024-10-01
CUS_0x3de4_2024_05_01,CUS_0x3de4,1/5/2024,10,5,10000,1000,1000,0,5000,1/10/2024,2024-10-01,2025-11-09 07:30:19.821879,data/lms_loan_daily.csv,2024-10-01
CUS_0x3de6_2024_07_01,CUS_0x3de6,1/7/2024,10,3,10000,1000,1000,0,7000,1/10/2024,2024-10-01,2025-11-09 07:30:19.821879,data/lms_loan_daily.csv,2024-10-01
CUS_0x3de8_2024_04_01,CUS_0x3de8,1/4/2024,10,6,10000,1000,1000,0,4000,1/10/2024,2024-10-01,2025-11-09 07:30:19.821879,data/lms_loan_daily.csv,2024-10-01
CUS_0x3def_2024_05_01,CUS_0x3def,1/5/2024,10,5,10000,1000,1000,0,5000,1/10/2024,2024-10-01,2025-11-09 07:30:19.821879,data/lms_loan_daily.csv,2024-10-01
CUS_0x3df0_2024_02_01,CUS_0x3df0,1/2/2024,10,8,10000,1000,1000,0,2000,1/10/2024,2024-10-01,2025-11-09 07:30:19.821879,data/lms_loan_daily.csv,2024-10-01
CUS_0x3e0b_2024_09_01,CUS_0x3e0b,1/9/2024,10,1,10000,1000,1000,0,9000,1/10/2024,2024-10-01,2025-11-09 07:30:19.821879,data/lms_loan_daily.csv,2024-10-01
CUS_0x3e10_2024_08_01,CUS_0x3e10,1/8/2024,10,2,10000,1000,2000,0,8000,1/10/2024,2024-10-01,2025-11-09 07:30:19.821879,data/lms_loan_daily.csv,2024-10-01
CUS_0x3e2e_2024_03_01,CUS_0x3e2e,1/3/2024,10,7,10000,1000,0,5000,8000,1/10/2024,2024-10-01,2025-11-09 07:30:19.821879,data/lms_loan_daily.csv,2024-10-01
CUS_0x3e32_2023_12_01,CUS_0x3e32,1/12/2023,10,10,10000,1000,1000,0,0,1/10/2024,2024-10-01,2025-11-09 07:30:19.821879,data/lms_loan_daily.csv,2024-10-01
CUS_0x3e36_2024_10_01,CUS_0x3e36,1/10/2024,10,0,10000,0,0,0,10000,1/10/2024,2024-10-01,2025-11-09 07:30:19.821879,data/lms_loan_daily.csv,2024-10-01
CUS_0x3e40_2023_12_01,CUS_0x3e40,1/12/2023,10,10,10000,1000,1000,0,0,1/10/2024,2024-10-01,2025-11-09 07:30:19.821879,data/lms_loan_daily.csv,2024-10-01
CUS_0x3e47_2024_10_01,CUS_0x3e47,1/10/2024,10,0,10000,0,0,0,10000,1/10/2024,2024-10-01,2025-11-09 07:30:19.821879,data/lms_loan_daily.csv,2024-10-01
CUS_0x3e4a_2024_10_01,CUS_0x3e4a,1/10/2024,10,0,10000,0,0,0,10000,1/10/2024,2024-10-01,2025-11-09 07:30:19.821879,data/lms_loan_daily.csv,2024-10-01
CUS_0x3e4d_2024_06_01,CUS_0x3e4d,1/6/2024,10,4,10000,1000,1000,0,6000,1/10/2024,2024-10-01,2025-11-09 07:30:19.821879,data/lms_loan_daily.csv,2024-10-01
CUS_0x3e51_2024_10_01,CUS_0x3e51,1/10/2024,10,0,10000,0,0,0,10000,1/10/2024,2024-10-01,2025-11-09 07:30:19.821879,data/lms_loan_daily.csv,2024-10-01
CUS_0x3e57_2024_02_01,CUS_0x3e57,1/2/2024,10,8,10000,1000,1000,0,2000,1/10/2024,2024-10-01,2025-11-09 07:30:19.821879,data/lms_loan_daily.csv,2024-10-01
CUS_0x3e65_2024_06_01,CUS_0x3e65,1/6/2024,10,4,10000,1000,1000,0,6000,1/10/2024,2024-10-01,2025-11-09 07:30:19.821879,data/lms_loan_daily.csv,2024-10-01
CUS_0x3e67_2024_05_01,CUS_0x3e67,1/5/2024,10,5,10000,1000,1000,0,5000,1/10/2024,2024-10-01,2025-11-09 07:30:19.821879,data/lms_loan_daily.csv,2024-10-01
CUS_0x3e74_2024_08_01,CUS_0x3e74,1/8/2024,10,2,10000,1000,1000,0,8000,1/10/2024,2024-10-01,2025-11-09 07:30:19.821879,data/lms_loan_daily.csv,2024-10-01
CUS_0x3e79_2024_01_01,CUS_0x3e79,1/1/2024,10,9,10000,1000,0,6000,7000,1/10/2024,2024-10-01,2025-11-09 07:30:19.821879,data/lms_loan_daily.csv,2024-10-01
CUS_0x3e81_2024_09_01,CUS_0x3e81,1/9/2024,10,1,10000,1000,1000,0,9000,1/10/2024,2024-10-01,2025-11-09 07:30:19.821879,data/lms_loan_daily.csv,2024-10-01
CUS_0x3e83_2024_05_01,CUS_0x3e83,1/5/2024,10,5,10000,1000,1000,0,5000,1/10/2024,2024-10-01,2025-11-09 07:30:19.821879,data/lms_loan_daily.csv,2024-10-01
CUS_0x3e85_2024_06_01,CUS_0x3e85,1/6/2024,10,4,10000,1000,1000,0,6000,1/10/2024,2024-10-01,2025-11-09 07:30:19.821879,data/lms_loan_daily.csv,2024-10-01
CUS_0x3e89_2024_08_01,CUS_0x3e89,1/8/2024,10,2,10000,1000,1000,0,8000,1/10/2024,2024-10-01,2025-11-09 07:30:19.821879,data/lms_loan_daily.csv,2024-10-01
CUS_0x3e8c_2023_12_01,CUS_0x3e8c,1/12/2023,10,10,10000,1000,1000,0,0,1/10/2024,2024-10-01,2025-11-09 07:30:19.821879,data/lms_loan_daily.csv,2024-10-01
CUS_0x3e92_2024_05_01,CUS_0x3e92,1/5/2024,10,5,10000,1000,0,1000,6000,1/10/2024,2024-10-01,2025-11-09 07:30:19.821879,data/lms_loan_daily.csv,2024-10-01
CUS_0x3ea4_2024_06_01,CUS_0x3ea4,1/6/2024,10,4,10000,1000,1000,0,6000,1/10/2024,2024-10-01,2025-11-09 07:30:19.821879,data/lms_loan_daily.csv,2024-10-01
CUS_0x3eb6_2024_07_01,CUS_0x3eb6,1/7/2024,10,3,10000,1000,1000,0,7000,1/10/2024,2024-10-01,2025-11-09 07:30:19.821879,data/lms_loan_daily.csv,2024-10-01
CUS_0x3ec0_2024_06_01,CUS_0x3ec0,1/6/2024,10,4,10000,1000,1000,0,6000,1/10/2024,2024-10-01,2025-11-09 07:30:19.821879,data/lms_loan_daily.csv,2024-10-01
CUS_0x3ec1_2023_12_01,CUS_0x3ec1,1/12/2023,10,10,10000,1000,1000,0,0,1/10/2024,2024-10-01,2025-11-09 07:30:19.821879,data/lms_loan_daily.csv,2024-10-01
CUS_0x3ec7_2024_08_01,CUS_0x3ec7,1/8/2024,10,2,10000,1000,0,1000,9000,1/10/2024,2024-10-01,2025-11-09 07:30:19.821879,data/lms_loan_daily.csv,2024-10-01
CUS_0x3ec8_2024_10_01,CUS_0x3ec8,1/10/2024,10,0,10000,0,0,0,10000,1/10/2024,2024-10-01,2025-11-09 07:30:19.821879,data/lms_loan_daily.csv,2024-10-01
CUS_0x3ed1_2024_05_01,CUS_0x3ed1,1/5/2024,10,5,10000,1000,0,2000,7000,1/10/2024,2024-10-01,2025-11-09 07:30:19.821879,data/lms_loan_daily.csv,2024-10-01
CUS_0x3ed3_2024_02_01,CUS_0x3ed3,1/2/2024,10,8,10000,1000,1000,0,2000,1/10/2024,2024-10-01,2025-11-09 07:30:19.821879,data/lms_loan_daily.csv,2024-10-01
CUS_0x3ee_2023_12_01,CUS_0x3ee,1/12/2023,10,10,10000,1000,0,8000,8000,1/10/2024,2024-10-01,2025-11-09 07:30:19.821879,data/lms_loan_daily.csv,2024-10-01
CUS_0x3ee4_2024_02_01,CUS_0x3ee4,1/2/2024,10,8,10000,1000,1000,0,2000,1/10/2024,2024-10-01,2025-11-09 07:30:19.821879,data/lms_loan_daily.csv,2024-10-01
CUS_0x3ee5_2024_05_01,CUS_0x3ee5,1/5/2024,10,5,10000,1000,0,2000,7000,1/10/2024,2024-10-01,2025-11-09 07:30:19.821879,data/lms_loan_daily.csv,2024-10-01
CUS_0x3eeb_2024_01_01,CUS_0x3eeb,1/1/2024,10,9,10000,1000,1000,0,1000,1/10/2024,2024-10-01,2025-11-09 07:30:19.821879,data/lms_loan_daily.csv,2024-10-01
CUS_0x3eed_2024_06_01,CUS_0x3eed,1/6/2024,10,4,10000,1000,1000,0,6000,1/10/2024,2024-10-01,2025-11-09 07:30:19.821879,data/lms_loan_daily.csv,2024-10-01
CUS_0x3ef5_2024_02_01,CUS_0x3ef5,1/2/2024,10,8,10000,1000,0,7000,9000,1/10/2024,2024-10-01,2025-11-09 07:30:19.821879,data/lms_loan_daily.csv,2024-10-01
CUS_0x3efb_2024_09_01,CUS_0x3efb,1/9/2024,10,1,10000,1000,1000,0,9000,1/10/2024,2024-10-01,2025-11-09 07:30:19.821879,data/lms_loan_daily.csv,2024-10-01
CUS_0x3f1_2024_08_01,CUS_0x3f1,1/8/2024,10,2,10000,1000,1000,0,8000,1/10/2024,2024-10-01,2025-11-09 07:30:19.821879,data/lms_loan_daily.csv,2024-10-01
CUS_0x3f16_2024_10_01,CUS_0x3f16,1/10/2024,10,0,10000,0,0,0,10000,1/10/2024,2024-10-01,2025-11-09 07:30:19.821879,data/lms_loan_daily.csv,2024-10-01
CUS_0x3f1d_2024_03_01,CUS_0x3f1d,1/3/2024,10,7,10000,1000,1000,0,3000,1/10/2024,2024-10-01,2025-11-09 07:30:19.821879,data/lms_loan_daily.csv,2024-10-01
CUS_0x3f27_2024_08_01,CUS_0x3f27,1/8/2024,10,2,10000,1000,1000,0,8000,1/10/2024,2024-10-01,2025-11-09 07:30:19.821879,data/lms_loan_daily.csv,2024-10-01
CUS_0x3f3_2024_03_01,CUS_0x3f3,1/3/2024,10,7,10000,1000,1000,0,3000,1/10/2024,2024-10-01,2025-11-09 07:30:19.821879,data/lms_loan_daily.csv,2024-10-01
CUS_0x3f35_2023_12_01,CUS_0x3f35,1/12/2023,10,10,10000,1000,1000,0,0,1/10/2024,2024-10-01,2025-11-09 07:30:19.821879,data/lms_loan_daily.csv,2024-10-01
CUS_0x3f37_2024_05_01,CUS_0x3f37,1/5/2024,10,5,10000,1000,1000,0,5000,1/10/2024,2024-10-01,2025-11-09 07:30:19.821879,data/lms_loan_daily.csv,2024-10-01
CUS_0x3f38_2024_01_01,CUS_0x3f38,1/1/2024,10,9,10000,1000,1000,0,1000,1/10/2024,2024-10-01,2025-11-09 07:30:19.821879,data/lms_loan_daily.csv,2024-10-01
CUS_0x3f47_2024_05_01,CUS_0x3f47,1/5/2024,10,5,10000,1000,0,2000,7000,1/10/2024,2024-10-01,2025-11-09 07:30:19.821879,data/lms_loan_daily.csv,2024-10-01
CUS_0x3f49_2024_04_01,CUS_0x3f49,1/4/2024,10,6,10000,1000,1000,0,4000,1/10/2024,2024-10-01,2025-11-09 07:30:19.821879,data/lms_loan_daily.csv,2024-10-01
CUS_0x3f5b_2024_07_01,CUS_0x3f5b,1/7/2024,10,3,10000,1000,1000,0,7000,1/10/2024,2024-10-01,2025-11-09 07:30:19.821879,data/lms_loan_daily.csv,2024-10-01
CUS_0x3f5f_2024_02_01,CUS_0x3f5f,1/2/2024,10,8,10000,1000,0,5000,7000,1/10/2024,2024-10-01,2025-11-09 07:30:19.821879,data/lms_loan_daily.csv,2024-10-01
CUS_0x3f62_2024_08_01,CUS_0x3f62,1/8/2024,10,2,10000,1000,0,1000,9000,1/10/2024,2024-10-01,2025-11-09 07:30:19.821879,data/lms_loan_daily.csv,2024-10-01
CUS_0x3f69_2024_10_01,CUS_0x3f69,1/10/2024,10,0,10000,0,0,0,10000,1/10/2024,2024-10-01,2025-11-09 07:30:19.821879,data/lms_loan_daily.csv,2024-10-01
CUS_0x3f6a_2024_06_01,CUS_0x3f6a,1/6/2024,10,4,10000,1000,0,2000,8000,1/10/2024,2024-10-01,2025-11-09 07:30:19.821879,data/lms_loan_daily.csv,2024-10-01
CUS_0x3f6b_2024_10_01,CUS_0x3f6b,1/10/2024,10,0,10000,0,0,0,10000,1/10/2024,2024-10-01,2025-11-09 07:30:19.821879,data/lms_loan_daily.csv,2024-10-01
CUS_0x3f71_2024_01_01,CUS_0x3f71,1/1/2024,10,9,10000,1000,1000,0,1000,1/10/2024,2024-10-01,2025-11-09 07:30:19.821879,data/lms_loan_daily.csv,2024-10-01
CUS_0x3f74_2024_10_01,CUS_0x3f74,1/10/2024,10,0,10000,0,0,0,10000,1/10/2024,2024-10-01,2025-11-09 07:30:19.821879,data/lms_loan_daily.csv,2024-10-01
CUS_0x3f75_2024_06_01,CUS_0x3f75,1/6/2024,10,4,10000,1000,1000,0,6000,1/10/2024,2024-10-01,2025-11-09 07:30:19.821879,data/lms_loan_daily.csv,2024-10-01
CUS_0x3f7d_2024_01_01,CUS_0x3f7d,1/1/2024,10,9,10000,1000,1000,0,1000,1/10/2024,2024-10-01,2025-11-09 07:30:19.821879,data/lms_loan_daily.csv,2024-10-01
CUS_0x3f85_2023_12_01,CUS_0x3f85,1/12/2023,10,10,10000,1000,1000,0,0,1/10/2024,2024-10-01,2025-11-09 07:30:19.821879,data/lms_loan_daily.csv,2024-10-01
CUS_0x3f89_2024_07_01,CUS_0x3f89,1/7/2024,10,3,10000,1000,2000,0,7000,1/10/2024,2024-10-01,2025-11-09 07:30:19.821879,data/lms_loan_daily.csv,2024-10-01
CUS_0x3f8b_2024_10_01,CUS_0x3f8b,1/10/2024,10,0,10000,0,0,0,10000,1/10/2024,2024-10-01,2025-11-09 07:30:19.821879,data/lms_loan_daily.csv,2024-10-01
CUS_0x3f94_2024_08_01,CUS_0x3f94,1/8/2024,10,2,10000,1000,1000,0,8000,1/10/2024,2024-10-01,2025-11-09 07:30:19.821879,data/lms_loan_daily.csv,2024-10-01
CUS_0x3f99_2024_10_01,CUS_0x3f99,1/10/2024,10,0,10000,0,0,0,10000,1/10/2024,2024-10-01,2025-11-09 07:30:19.821879,data/lms_loan_daily.csv,2024-10-01
CUS_0x3fa8_2024_03_01,CUS_0x3fa8,1/3/2024,10,7,10000,1000,1000,0,3000,1/10/2024,2024-10-01,2025-11-09 07:30:19.821879,data/lms_loan_daily.csv,2024-10-01
CUS_0x3fb4_2024_01_01,CUS_0x3fb4,1/1/2024,10,9,10000,1000,1000,0,1000,1/10/2024,2024-10-01,2025-11-09 07:30:19.821879,data/lms_loan_daily.csv,2024-10-01
CUS_0x3fbc_2024_09_01,CUS_0x3fbc,1/9/2024,10,1,10000,1000,0,1000,10000,1/10/2024,2024-10-01,2025-11-09 07:30:19.821879,data/lms_loan_daily.csv,2024-10-01
CUS_0x3fcd_2024_08_01,CUS_0x3fcd,1/8/2024,10,2,10000,1000,1000,0,8000,1/10/2024,2024-10-01,2025-11-09 07:30:19.821879,data/lms_loan_daily.csv,2024-10-01
CUS_0x3fce_2023_12_01,CUS_0x3fce,1/12/2023,10,10,10000,1000,1000,0,0,1/10/2024,2024-10-01,2025-11-09 07:30:19.821879,data/lms_loan_daily.csv,2024-10-01
CUS_0x3fdf_2024_02_01,CUS_0x3fdf,1/2/2024,10,8,10000,1000,1000,0,2000,1/10/2024,2024-10-01,2025-11-09 07:30:19.821879,data/lms_loan_daily.csv,2024-10-01
CUS_0x3fe1_2024_09_01,CUS_0x3fe1,1/9/2024,10,1,10000,1000,1000,0,9000,1/10/2024,2024-10-01,2025-11-09 07:30:19.821879,data/lms_loan_daily.csv,2024-10-01
CUS_0x3fee_2024_08_01,CUS_0x3fee,1/8/2024,10,2,10000,1000,1000,0,8000,1/10/2024,2024-10-01,2025-11-09 07:30:19.821879,data/lms_loan_daily.csv,2024-10-01
CUS_0x3ff8_2024_02_01,CUS_0x3ff8,1/2/2024,10,8,10000,1000,1000,0,2000,1/10/2024,2024-10-01,2025-11-09 07:30:19.821879,data/lms_loan_daily.csv,2024-10-01
CUS_0x3ff9_2023_12_01,CUS_0x3ff9,1/12/2023,10,10,10000,1000,1000,0,0,1/10/2024,2024-10-01,2025-11-09 07:30:19.821879,data/lms_loan_daily.csv,2024-10-01
CUS_0x3ffe_2024_08_01,CUS_0x3ffe,1/8/2024,10,2,10000,1000,1000,0,8000,1/10/2024,2024-10-01,2025-11-09 07:30:19.821879,data/lms_loan_daily.csv,2024-10-01
CUS_0x400a_2024_01_01,CUS_0x400a,1/1/2024,10,9,10000,1000,1000,0,1000,1/10/2024,2024-10-01,2025-11-09 07:30:19.821879,data/lms_loan_daily.csv,2024-10-01
CUS_0x4020_2024_08_01,CUS_0x4020,1/8/2024,10,2,10000,1000,1000,0,8000,1/10/2024,2024-10-01,2025-11-09 07:30:19.821879,data/lms_loan_daily.csv,2024-10-01
CUS_0x402d_2024_06_01,CUS_0x402d,1/6/2024,10,4,10000,1000,1000,0,6000,1/10/2024,2024-10-01,2025-11-09 07:30:19.821879,data/lms_loan_daily.csv,2024-10-01
CUS_0x4034_2024_01_01,CUS_0x4034,1/1/2024,10,9,10000,1000,1000,0,1000,1/10/2024,2024-10-01,2025-11-09 07:30:19.821879,data/lms_loan_daily.csv,2024-10-01
CUS_0x4036_2023_12_01,CUS_0x4036,1/12/2023,10,10,10000,1000,1000,0,0,1/10/2024,2024-10-01,2025-11-09 07:30:19.821879,data/lms_loan_daily.csv,2024-10-01
CUS_0x4037_2024_08_01,CUS_0x4037,1/8/2024,10,2,10000,1000,1000,0,8000,1/10/2024,2024-10-01,2025-11-09 07:30:19.821879,data/lms_loan_daily.csv,2024-10-01
CUS_0x4038_2024_02_01,CUS_0x4038,1/2/2024,10,8,10000,1000,1000,0,2000,1/10/2024,2024-10-01,2025-11-09 07:30:19.821879,data/lms_loan_daily.csv,2024-10-01
CUS_0x403d_2024_01_01,CUS_0x403d,1/1/2024,10,9,10000,1000,1000,0,1000,1/10/2024,2024-10-01,2025-11-09 07:30:19.821879,data/lms_loan_daily.csv,2024-10-01
CUS_0x4046_2024_02_01,CUS_0x4046,1/2/2024,10,8,10000,1000,1000,0,2000,1/10/2024,2024-10-01,2025-11-09 07:30:19.821879,data/lms_loan_daily.csv,2024-10-01
CUS_0x405_2024_01_01,CUS_0x405,1/1/2024,10,9,10000,1000,1000,0,1000,1/10/2024,2024-10-01,2025-11-09 07:30:19.821879,data/lms_loan_daily.csv,2024-10-01
CUS_0x406_2024_01_01,CUS_0x406,1/1/2024,10,9,10000,1000,1000,0,1000,1/10/2024,2024-10-01,2025-11-09 07:30:19.821879,data/lms_loan_daily.csv,2024-10-01
CUS_0x4067_2024_10_01,CUS_0x4067,1/10/2024,10,0,10000,0,0,0,10000,1/10/2024,2024-10-01,2025-11-09 07:30:19.821879,data/lms_loan_daily.csv,2024-10-01
CUS_0x4068_2024_04_01,CUS_0x4068,1/4/2024,10,6,10000,1000,0,5000,9000,1/10/2024,2024-10-01,2025-11-09 07:30:19.821879,data/lms_loan_daily.csv,2024-10-01
CUS_0x406d_2024_07_01,CUS_0x406d,1/7/2024,10,3,10000,1000,0,1000,8000,1/10/2024,2024-10-01,2025-11-09 07:30:19.821879,data/lms_loan_daily.csv,2024-10-01
CUS_0x407c_2024_03_01,CUS_0x407c,1/3/2024,10,7,10000,1000,1000,0,3000,1/10/2024,2024-10-01,2025-11-09 07:30:19.821879,data/lms_loan_daily.csv,2024-10-01
CUS_0x407e_2024_02_01,CUS_0x407e,1/2/2024,10,8,10000,1000,1000,0,2000,1/10/2024,2024-10-01,2025-11-09 07:30:19.821879,data/lms_loan_daily.csv,2024-10-01
CUS_0x4080_2024_06_01,CUS_0x4080,1/6/2024,10,4,10000,1000,0,2000,8000,1/10/2024,2024-10-01,2025-11-09 07:30:19.821879,data/lms_loan_daily.csv,2024-10-01
CUS_0x4098_2024_04_01,CUS_0x4098,1/4/2024,10,6,10000,1000,1000,0,4000,1/10/2024,2024-10-01,2025-11-09 07:30:19.821879,data/lms_loan_daily.csv,2024-10-01
CUS_0x409e_2023_12_01,CUS_0x409e,1/12/2023,10,10,10000,1000,1000,0,0,1/10/2024,2024-10-01,2025-11-09 07:30:19.821879,data/lms_loan_daily.csv,2024-10-01
CUS_0x40bd_2024_01_01,CUS_0x40bd,1/1/2024,10,9,10000,1000,1000,0,1000,1/10/2024,2024-10-01,2025-11-09 07:30:19.821879,data/lms_loan_daily.csv,2024-10-01
CUS_0x40c_2024_07_01,CUS_0x40c,1/7/2024,10,3,10000,1000,1000,0,7000,1/10/2024,2024-10-01,2025-11-09 07:30:19.821879,data/lms_loan_daily.csv,2024-10-01
CUS_0x40cf_2024_07_01,CUS_0x40cf,1/7/2024,10,3,10000,1000,1000,0,7000,1/10/2024,2024-10-01,2025-11-09 07:30:19.821879,data/lms_loan_daily.csv,2024-10-01
CUS_0x40d_2024_04_01,CUS_0x40d,1/4/2024,10,6,10000,1000,1000,0,4000,1/10/2024,2024-10-01,2025-11-09 07:30:19.821879,data/lms_loan_daily.csv,2024-10-01
CUS_0x40d1_2024_04_01,CUS_0x40d1,1/4/2024,10,6,10000,1000,1000,0,4000,1/10/2024,2024-10-01,2025-11-09 07:30:19.821879,data/lms_loan_daily.csv,2024-10-01
CUS_0x40d4_2024_03_01,CUS_0x40d4,1/3/2024,10,7,10000,1000,0,3000,6000,1/10/2024,2024-10-01,2025-11-09 07:30:19.821879,data/lms_loan_daily.csv,2024-10-01
CUS_0x40df_2024_07_01,CUS_0x40df,1/7/2024,10,3,10000,1000,1000,0,7000,1/10/2024,2024-10-01,2025-11-09 07:30:19.821879,data/lms_loan_daily.csv,2024-10-01
CUS_0x40e5_2024_09_01,CUS_0x40e5,1/9/2024,10,1,10000,1000,1000,0,9000,1/10/2024,2024-10-01,2025-11-09 07:30:19.821879,data/lms_loan_daily.csv,2024-10-01
CUS_0x40e6_2024_03_01,CUS_0x40e6,1/3/2024,10,7,10000,1000,1000,0,3000,1/10/2024,2024-10-01,2025-11-09 07:30:19.821879,data/lms_loan_daily.csv,2024-10-01
CUS_0x40f_2023_12_01,CUS_0x40f,1/12/2023,10,10,10000,1000,1000,0,0,1/10/2024,2024-10-01,2025-11-09 07:30:19.821879,data/lms_loan_daily.csv,2024-10-01
CUS_0x40f2_2024_03_01,CUS_0x40f2,1/3/2024,10,7,10000,1000,0,4000,7000,1/10/2024,2024-10-01,2025-11-09 07:30:19.821879,data/lms_loan_daily.csv,2024-10-01
CUS_0x40f8_2024_09_01,CUS_0x40f8,1/9/2024,10,1,10000,1000,1000,0,9000,1/10/2024,2024-10-01,2025-11-09 07:30:19.821879,data/lms_loan_daily.csv,2024-10-01
CUS_0x40f9_2023_12_01,CUS_0x40f9,1/12/2023,10,10,10000,1000,1000,0,0,1/10/2024,2024-10-01,2025-11-09 07:30:19.821879,data/lms_loan_daily.csv,2024-10-01
CUS_0x4100_2024_02_01,CUS_0x4100,1/2/2024,10,8,10000,1000,1000,0,2000,1/10/2024,2024-10-01,2025-11-09 07:30:19.821879,data/lms_loan_daily.csv,2024-10-01
CUS_0x4103_2024_08_01,CUS_0x4103,1/8/2024,10,2,10000,1000,1000,0,8000,1/10/2024,2024-10-01,2025-11-09 07:30:19.821879,data/lms_loan_daily.csv,2024-10-01
CUS_0x411_2024_07_01,CUS_0x411,1/7/2024,10,3,10000,1000,0,1000,8000,1/10/2024,2024-10-01,2025-11-09 07:30:19.821879,data/lms_loan_daily.csv,2024-10-01
CUS_0x411d_2024_04_01,CUS_0x411d,1/4/2024,10,6,10000,1000,0,3000,7000,1/10/2024,2024-10-01,2025-11-09 07:30:19.821879,data/lms_loan_daily.csv,2024-10-01
CUS_0x413_2024_07_01,CUS_0x413,1/7/2024,10,3,10000,1000,1000,0,7000,1/10/2024,2024-10-01,2025-11-09 07:30:19.821879,data/lms_loan_daily.csv,2024-10-01
CUS_0x4143_2024_08_01,CUS_0x4143,1/8/2024,10,2,10000,1000,2000,0,8000,1/10/2024,2024-10-01,2025-11-09 07:30:19.821879,data/lms_loan_daily.csv,2024-10-01
CUS_0x414d_2024_06_01,CUS_0x414d,1/6/2024,10,4,10000,1000,1000,0,6000,1/10/2024,2024-10-01,2025-11-09 07:30:19.821879,data/lms_loan_daily.csv,2024-10-01
CUS_0x4156_2024_10_01,CUS_0x4156,1/10/2024,10,0,10000,0,0,0,10000,1/10/2024,2024-10-01,2025-11-09 07:30:19.821879,data/lms_loan_daily.csv,2024-10-01
CUS_0x4157_2024_05_01,CUS_0x4157,1/5/2024,10,5,10000,1000,1000,0,5000,1/10/2024,2024-10-01,2025-11-09 07:30:19.821879,data/lms_loan_daily.csv,2024-10-01
CUS_0x415f_2024_02_01,CUS_0x415f,1/2/2024,10,8,10000,1000,1000,0,2000,1/10/2024,2024-10-01,2025-11-09 07:30:19.821879,data/lms_loan_daily.csv,2024-10-01
CUS_0x416d_2024_08_01,CUS_0x416d,1/8/2024,10,2,10000,1000,1000,0,8000,1/10/2024,2024-10-01,2025-11-09 07:30:19.821879,data/lms_loan_daily.csv,2024-10-01
CUS_0x4185_2024_02_01,CUS_0x4185,1/2/2024,10,8,10000,1000,1000,0,2000,1/10/2024,2024-10-01,2025-11-09 07:30:19.821879,data/lms_loan_daily.csv,2024-10-01
CUS_0x4192_2024_07_01,CUS_0x4192,1/7/2024,10,3,10000,1000,1000,0,7000,1/10/2024,2024-10-01,2025-11-09 07:30:19.821879,data/lms_loan_daily.csv,2024-10-01
CUS_0x4196_2024_02_01,CUS_0x4196,1/2/2024,10,8,10000,1000,1000,0,2000,1/10/2024,2024-10-01,2025-11-09 07:30:19.821879,data/lms_loan_daily.csv,2024-10-01
CUS_0x419a_2024_05_01,CUS_0x419a,1/5/2024,10,5,10000,1000,1000,0,5000,1/10/2024,2024-10-01,2025-11-09 07:30:19.821879,data/lms_loan_daily.csv,2024-10-01
CUS_0x41ac_2024_04_01,CUS_0x41ac,1/4/2024,10,6,10000,1000,1000,0,4000,1/10/2024,2024-10-01,2025-11-09 07:30:19.821879,data/lms_loan_daily.csv,2024-10-01
CUS_0x41b2_2024_03_01,CUS_0x41b2,1/3/2024,10,7,10000,1000,1000,0,3000,1/10/2024,2024-10-01,2025-11-09 07:30:19.821879,data/lms_loan_daily.csv,2024-10-01
CUS_0x41b8_2024_10_01,CUS_0x41b8,1/10/2024,10,0,10000,0,0,0,10000,1/10/2024,2024-10-01,2025-11-09 07:30:19.821879,data/lms_loan_daily.csv,2024-10-01
CUS_0x41be_2024_04_01,CUS_0x41be,1/4/2024,10,6,10000,1000,1000,0,4000,1/10/2024,2024-10-01,2025-11-09 07:30:19.821879,data/lms_loan_daily.csv,2024-10-01
CUS_0x41bf_2024_09_01,CUS_0x41bf,1/9/2024,10,1,10000,1000,0,1000,10000,1/10/2024,2024-10-01,2025-11-09 07:30:19.821879,data/lms_loan_daily.csv,2024-10-01
CUS_0x41c1_2024_03_01,CUS_0x41c1,1/3/2024,10,7,10000,1000,1000,0,3000,1/10/2024,2024-10-01,2025-11-09 07:30:19.821879,data/lms_loan_daily.csv,2024-10-01
CUS_0x41cc_2024_09_01,CUS_0x41cc,1/9/2024,10,1,10000,1000,1000,0,9000,1/10/2024,2024-10-01,2025-11-09 07:30:19.821879,data/lms_loan_daily.csv,2024-10-01
CUS_0x41cd_2024_09_01,CUS_0x41cd,1/9/2024,10,1,10000,1000,1000,0,9000,1/10/2024,2024-10-01,2025-11-09 07:30:19.821879,data/lms_loan_daily.csv,2024-10-01
CUS_0x41ce_2024_03_01,CUS_0x41ce,1/3/2024,10,7,10000,1000,1000,0,3000,1/10/2024,2024-10-01,2025-11-09 07:30:19.821879,data/lms_loan_daily.csv,2024-10-01
CUS_0x41d3_2024_04_01,CUS_0x41d3,1/4/2024,10,6,10000,1000,1000,0,4000,1/10/2024,2024-10-01,2025-11-09 07:30:19.821879,data/lms_loan_daily.csv,2024-10-01
CUS_0x41dc_2024_01_01,CUS_0x41dc,1/1/2024,10,9,10000,1000,0,6000,7000,1/10/2024,2024-10-01,2025-11-09 07:30:19.821879,data/lms_loan_daily.csv,2024-10-01
CUS_0x41e3_2024_05_01,CUS_0x41e3,1/5/2024,10,5,10000,1000,1000,0,5000,1/10/2024,2024-10-01,2025-11-09 07:30:19.821879,data/lms_loan_daily.csv,2024-10-01
CUS_0x41e8_2024_01_01,CUS_0x41e8,1/1/2024,10,9,10000,1000,0,8000,9000,1/10/2024,2024-10-01,2025-11-09 07:30:19.821879,data/lms_loan_daily.csv,2024-10-01
CUS_0x41eb_2024_04_01,CUS_0x41eb,1/4/2024,10,6,10000,1000,1000,0,4000,1/10/2024,2024-10-01,2025-11-09 07:30:19.821879,data/lms_loan_daily.csv,2024-10-01
CUS_0x41f0_2024_10_01,CUS_0x41f0,1/10/2024,10,0,10000,0,0,0,10000,1/10/2024,2024-10-01,2025-11-09 07:30:19.821879,data/lms_loan_daily.csv,2024-10-01
CUS_0x41f4_2023_12_01,CUS_0x41f4,1/12/2023,10,10,10000,1000,0,6000,6000,1/10/2024,2024-10-01,2025-11-09 07:30:19.821879,data/lms_loan_daily.csv,2024-10-01
CUS_0x41f5_2024_10_01,CUS_0x41f5,1/10/2024,10,0,10000,0,0,0,10000,1/10/2024,2024-10-01,2025-11-09 07:30:19.821879,data/lms_loan_daily.csv,2024-10-01
CUS_0x4203_2024_07_01,CUS_0x4203,1/7/2024,10,3,10000,1000,1000,0,7000,1/10/2024,2024-10-01,2025-11-09 07:30:19.821879,data/lms_loan_daily.csv,2024-10-01
CUS_0x4206_2023_12_01,CUS_0x4206,1/12/2023,10,10,10000,1000,0,8000,8000,1/10/2024,2024-10-01,2025-11-09 07:30:19.821879,data/lms_loan_daily.csv,2024-10-01
CUS_0x4211_2024_04_01,CUS_0x4211,1/4/2024,10,6,10000,1000,1000,0,4000,1/10/2024,2024-10-01,2025-11-09 07:30:19.821879,data/lms_loan_daily.csv,2024-10-01
CUS_0x4213_2024_07_01,CUS_0x4213,1/7/2024,10,3,10000,1000,1000,0,7000,1/10/2024,2024-10-01,2025-11-09 07:30:19.821879,data/lms_loan_daily.csv,2024-10-01
CUS_0x4218_2024_02_01,CUS_0x4218,1/2/2024,10,8,10000,1000,1000,0,2000,1/10/2024,2024-10-01,2025-11-09 07:30:19.821879,data/lms_loan_daily.csv,2024-10-01
CUS_0x421d_2024_07_01,CUS_0x421d,1/7/2024,10,3,10000,1000,0,1000,8000,1/10/2024,2024-10-01,2025-11-09 07:30:19.821879,data/lms_loan_daily.csv,2024-10-01
CUS_0x4223_2024_01_01,CUS_0x4223,1/1/2024,10,9,10000,1000,0,6000,7000,1/10/2024,2024-10-01,2025-11-09 07:30:19.821879,data/lms_loan_daily.csv,2024-10-01
CUS_0x423c_2024_08_01,CUS_0x423c,1/8/2024,10,2,10000,1000,1000,0,8000,1/10/2024,2024-10-01,2025-11-09 07:30:19.821879,data/lms_loan_daily.csv,2024-10-01
CUS_0x4242_2024_02_01,CUS_0x4242,1/2/2024,10,8,10000,1000,1000,0,2000,1/10/2024,2024-10-01,2025-11-09 07:30:19.821879,data/lms_loan_daily.csv,2024-10-01
CUS_0x424c_2024_10_01,CUS_0x424c,1/10/2024,10,0,10000,0,0,0,10000,1/10/2024,2024-10-01,2025-11-09 07:30:19.821879,data/lms_loan_daily.csv,2024-10-01
CUS_0x424f_2024_05_01,CUS_0x424f,1/5/2024,10,5,10000,1000,1000,0,5000,1/10/2024,2024-10-01,2025-11-09 07:30:19.821879,data/lms_loan_daily.csv,2024-10-01
CUS_0x4250_2024_04_01,CUS_0x4250,1/4/2024,10,6,10000,1000,1000,0,4000,1/10/2024,2024-10-01,2025-11-09 07:30:19.821879,data/lms_loan_daily.csv,2024-10-01
CUS_0x4279_2024_05_01,CUS_0x4279,1/5/2024,10,5,10000,1000,1000,0,5000,1/10/2024,2024-10-01,2025-11-09 07:30:19.821879,data/lms_loan_daily.csv,2024-10-01
CUS_0x4282_2024_07_01,CUS_0x4282,1/7/2024,10,3,10000,1000,1000,0,7000,1/10/2024,2024-10-01,2025-11-09 07:30:19.821879,data/lms_loan_daily.csv,2024-10-01
CUS_0x4298_2024_07_01,CUS_0x4298,1/7/2024,10,3,10000,1000,0,1000,8000,1/10/2024,2024-10-01,2025-11-09 07:30:19.821879,data/lms_loan_daily.csv,2024-10-01
CUS_0x429a_2024_03_01,CUS_0x429a,1/3/2024,10,7,10000,1000,0,3000,6000,1/10/2024,2024-10-01,2025-11-09 07:30:19.821879,data/lms_loan_daily.csv,2024-10-01
CUS_0x42a5_2024_05_01,CUS_0x42a5,1/5/2024,10,5,10000,1000,1000,0,5000,1/10/2024,2024-10-01,2025-11-09 07:30:19.821879,data/lms_loan_daily.csv,2024-10-01
CUS_0x42ab_2024_07_01,CUS_0x42ab,1/7/2024,10,3,10000,1000,0,1000,8000,1/10/2024,2024-10-01,2025-11-09 07:30:19.821879,data/lms_loan_daily.csv,2024-10-01
CUS_0x42b1_2024_10_01,CUS_0x42b1,1/10/2024,10,0,10000,0,0,0,10000,1/10/2024,2024-10-01,2025-11-09 07:30:19.821879,data/lms_loan_daily.csv,2024-10-01
CUS_0x42c3_2024_05_01,CUS_0x42c3,1/5/2024,10,5,10000,1000,1000,0,5000,1/10/2024,2024-10-01,2025-11-09 07:30:19.821879,data/lms_loan_daily.csv,2024-10-01
CUS_0x42ca_2024_07_01,CUS_0x42ca,1/7/2024,10,3,10000,1000,1000,0,7000,1/10/2024,2024-10-01,2025-11-09 07:30:19.821879,data/lms_loan_daily.csv,2024-10-01
CUS_0x42e6_2024_02_01,CUS_0x42e6,1/2/2024,10,8,10000,1000,1000,0,2000,1/10/2024,2024-10-01,2025-11-09 07:30:19.821879,data/lms_loan_daily.csv,2024-10-01
CUS_0x42ec_2024_04_01,CUS_0x42ec,1/4/2024,10,6,10000,1000,1000,0,4000,1/10/2024,2024-10-01,2025-11-09 07:30:19.821879,data/lms_loan_daily.csv,2024-10-01
CUS_0x42ef_2024_09_01,CUS_0x42ef,1/9/2024,10,1,10000,1000,1000,0,9000,1/10/2024,2024-10-01,2025-11-09 07:30:19.821879,data/lms_loan_daily.csv,2024-10-01
CUS_0x42fb_2023_12_01,CUS_0x42fb,1/12/2023,10,10,10000,1000,1000,0,0,1/10/2024,2024-10-01,2025-11-09 07:30:19.821879,data/lms_loan_daily.csv,2024-10-01
CUS_0x4315_2024_08_01,CUS_0x4315,1/8/2024,10,2,10000,1000,1000,0,8000,1/10/2024,2024-10-01,2025-11-09 07:30:19.821879,data/lms_loan_daily.csv,2024-10-01
CUS_0x432a_2024_07_01,CUS_0x432a,1/7/2024,10,3,10000,1000,1000,0,7000,1/10/2024,2024-10-01,2025-11-09 07:30:19.821879,data/lms_loan_daily.csv,2024-10-01
CUS_0x432b_2024_04_01,CUS_0x432b,1/4/2024,10,6,10000,1000,0,3000,7000,1/10/2024,2024-10-01,2025-11-09 07:30:19.821879,data/lms_loan_daily.csv,2024-10-01
CUS_0x4330_2024_08_01,CUS_0x4330,1/8/2024,10,2,10000,1000,1000,0,8000,1/10/2024,2024-10-01,2025-11-09 07:30:19.821879,data/lms_loan_daily.csv,2024-10-01
CUS_0x4333_2024_04_01,CUS_0x4333,1/4/2024,10,6,10000,1000,1000,0,4000,1/10/2024,2024-10-01,2025-11-09 07:30:19.821879,data/lms_loan_daily.csv,2024-10-01
CUS_0x4339_2024_02_01,CUS_0x4339,1/2/2024,10,8,10000,1000,0,5000,7000,1/10/2024,2024-10-01,2025-11-09 07:30:19.821879,data/lms_loan_daily.csv,2024-10-01
CUS_0x434a_2024_06_01,CUS_0x434a,1/6/2024,10,4,10000,1000,4000,0,6000,1/10/2024,2024-10-01,2025-11-09 07:30:19.821879,data/lms_loan_daily.csv,2024-10-01
CUS_0x434d_2024_06_01,CUS_0x434d,1/6/2024,10,4,10000,1000,1000,0,6000,1/10/2024,2024-10-01,2025-11-09 07:30:19.821879,data/lms_loan_daily.csv,2024-10-01
CUS_0x4354_2024_04_01,CUS_0x4354,1/4/2024,10,6,10000,1000,1000,0,4000,1/10/2024,2024-10-01,2025-11-09 07:30:19.821879,data/lms_loan_daily.csv,2024-10-01
CUS_0x4357_2024_05_01,CUS_0x4357,1/5/2024,10,5,10000,1000,1000,0,5000,1/10/2024,2024-10-01,2025-11-09 07:30:19.821879,data/lms_loan_daily.csv,2024-10-01
CUS_0x435a_2024_03_01,CUS_0x435a,1/3/2024,10,7,10000,1000,1000,0,3000,1/10/2024,2024-10-01,2025-11-09 07:30:19.821879,data/lms_loan_daily.csv,2024-10-01
CUS_0x435c_2024_07_01,CUS_0x435c,1/7/2024,10,3,10000,1000,0,3000,10000,1/10/2024,2024-10-01,2025-11-09 07:30:19.821879,data/lms_loan_daily.csv,2024-10-01
CUS_0x435f_2024_09_01,CUS_0x435f,1/9/2024,10,1,10000,1000,1000,0,9000,1/10/2024,2024-10-01,2025-11-09 07:30:19.821879,data/lms_loan_daily.csv,2024-10-01
CUS_0x436c_2024_01_01,CUS_0x436c,1/1/2024,10,9,10000,1000,0,5000,6000,1/10/2024,2024-10-01,2025-11-09 07:30:19.821879,data/lms_loan_daily.csv,2024-10-01
CUS_0x437_2024_02_01,CUS_0x437,1/2/2024,10,8,10000,1000,1000,0,2000,1/10/2024,2024-10-01,2025-11-09 07:30:19.821879,data/lms_loan_daily.csv,2024-10-01
CUS_0x4379_2024_02_01,CUS_0x4379,1/2/2024,10,8,10000,1000,1000,0,2000,1/10/2024,2024-10-01,2025-11-09 07:30:19.821879,data/lms_loan_daily.csv,2024-10-01
CUS_0x437e_2024_01_01,CUS_0x437e,1/1/2024,10,9,10000,1000,1000,0,1000,1/10/2024,2024-10-01,2025-11-09 07:30:19.821879,data/lms_loan_daily.csv,2024-10-01
CUS_0x4380_2024_02_01,CUS_0x4380,1/2/2024,10,8,10000,1000,0,6000,8000,1/10/2024,2024-10-01,2025-11-09 07:30:19.821879,data/lms_loan_daily.csv,2024-10-01
CUS_0x4387_2024_06_01,CUS_0x4387,1/6/2024,10,4,10000,1000,0,1000,7000,1/10/2024,2024-10-01,2025-11-09 07:30:19.821879,data/lms_loan_daily.csv,2024-10-01
CUS_0x438d_2024_02_01,CUS_0x438d,1/2/2024,10,8,10000,1000,1000,0,2000,1/10/2024,2024-10-01,2025-11-09 07:30:19.821879,data/lms_loan_daily.csv,2024-10-01
CUS_0x4390_2024_06_01,CUS_0x4390,1/6/2024,10,4,10000,1000,1000,0,6000,1/10/2024,2024-10-01,2025-11-09 07:30:19.821879,data/lms_loan_daily.csv,2024-10-01
CUS_0x439a_2024_03_01,CUS_0x439a,1/3/2024,10,7,10000,1000,1000,0,3000,1/10/2024,2024-10-01,2025-11-09 07:30:19.821879,data/lms_loan_daily.csv,2024-10-01
CUS_0x43a2_2024_04_01,CUS_0x43a2,1/4/2024,10,6,10000,1000,0,3000,7000,1/10/2024,2024-10-01,2025-11-09 07:30:19.821879,data/lms_loan_daily.csv,2024-10-01
CUS_0x43a3_2023_12_01,CUS_0x43a3,1/12/2023,10,10,10000,1000,0,10000,10000,1/10/2024,2024-10-01,2025-11-09 07:30:19.821879,data/lms_loan_daily.csv,2024-10-01
CUS_0x43a4_2024_05_01,CUS_0x43a4,1/5/2024,10,5,10000,1000,1000,0,5000,1/10/2024,2024-10-01,2025-11-09 07:30:19.821879,data/lms_loan_daily.csv,2024-10-01
CUS_0x43b8_2024_02_01,CUS_0x43b8,1/2/2024,10,8,10000,1000,1000,0,2000,1/10/2024,2024-10-01,2025-11-09 07:30:19.821879,data/lms_loan_daily.csv,2024-10-01
CUS_0x43bc_2024_02_01,CUS_0x43bc,1/2/2024,10,8,10000,1000,1000,0,2000,1/10/2024,2024-10-01,2025-11-09 07:30:19.821879,data/lms_loan_daily.csv,2024-10-01
CUS_0x43d_2024_09_01,CUS_0x43d,1/9/2024,10,1,10000,1000,1000,0,9000,1/10/2024,2024-10-01,2025-11-09 07:30:19.821879,data/lms_loan_daily.csv,2024-10-01
CUS_0x43d0_2023_12_01,CUS_0x43d0,1/12/2023,10,10,10000,1000,0,9000,9000,1/10/2024,2024-10-01,2025-11-09 07:30:19.821879,data/lms_loan_daily.csv,2024-10-01
CUS_0x43d1_2023_12_01,CUS_0x43d1,1/12/2023,10,10,10000,1000,1000,0,0,1/10/2024,2024-10-01,2025-11-09 07:30:19.821879,data/lms_loan_daily.csv,2024-10-01
CUS_0x43dd_2024_04_01,CUS_0x43dd,1/4/2024,10,6,10000,1000,1000,0,4000,1/10/2024,2024-10-01,2025-11-09 07:30:19.821879,data/lms_loan_daily.csv,2024-10-01
CUS_0x43de_2024_03_01,CUS_0x43de,1/3/2024,10,7,10000,1000,1000,0,3000,1/10/2024,2024-10-01,2025-11-09 07:30:19.821879,data/lms_loan_daily.csv,2024-10-01
CUS_0x43e7_2024_10_01,CUS_0x43e7,1/10/2024,10,0,10000,0,0,0,10000,1/10/2024,2024-10-01,2025-11-09 07:30:19.821879,data/lms_loan_daily.csv,2024-10-01
CUS_0x43ee_2024_09_01,CUS_0x43ee,1/9/2024,10,1,10000,1000,1000,0,9000,1/10/2024,2024-10-01,2025-11-09 07:30:19.821879,data/lms_loan_daily.csv,2024-10-01
CUS_0x43fc_2024_08_01,CUS_0x43fc,1/8/2024,10,2,10000,1000,1000,0,8000,1/10/2024,2024-10-01,2025-11-09 07:30:19.821879,data/lms_loan_daily.csv,2024-10-01
CUS_0x440_2024_01_01,CUS_0x440,1/1/2024,10,9,10000,1000,1000,0,1000,1/10/2024,2024-10-01,2025-11-09 07:30:19.821879,data/lms_loan_daily.csv,2024-10-01
CUS_0x4409_2024_04_01,CUS_0x4409,1/4/2024,10,6,10000,1000,1000,0,4000,1/10/2024,2024-10-01,2025-11-09 07:30:19.821879,data/lms_loan_daily.csv,2024-10-01
CUS_0x440e_2024_09_01,CUS_0x440e,1/9/2024,10,1,10000,1000,1000,0,9000,1/10/2024,2024-10-01,2025-11-09 07:30:19.821879,data/lms_loan_daily.csv,2024-10-01
CUS_0x4424_2024_07_01,CUS_0x4424,1/7/2024,10,3,10000,1000,1000,0,7000,1/10/2024,2024-10-01,2025-11-09 07:30:19.821879,data/lms_loan_daily.csv,2024-10-01
CUS_0x4425_2024_05_01,CUS_0x4425,1/5/2024,10,5,10000,1000,0,3000,8000,1/10/2024,2024-10-01,2025-11-09 07:30:19.821879,data/lms_loan_daily.csv,2024-10-01
CUS_0x4427_2024_05_01,CUS_0x4427,1/5/2024,10,5,10000,1000,1000,0,5000,1/10/2024,2024-10-01,2025-11-09 07:30:19.821879,data/lms_loan_daily.csv,2024-10-01
CUS_0x442b_2024_05_01,CUS_0x442b,1/5/2024,10,5,10000,1000,1000,0,5000,1/10/2024,2024-10-01,2025-11-09 07:30:19.821879,data/lms_loan_daily.csv,2024-10-01
CUS_0x4434_2024_02_01,CUS_0x4434,1/2/2024,10,8,10000,1000,1000,0,2000,1/10/2024,2024-10-01,2025-11-09 07:30:19.821879,data/lms_loan_daily.csv,2024-10-01
CUS_0x4437_2024_01_01,CUS_0x4437,1/1/2024,10,9,10000,1000,0,6000,7000,1/10/2024,2024-10-01,2025-11-09 07:30:19.821879,data/lms_loan_daily.csv,2024-10-01
CUS_0x4448_2024_06_01,CUS_0x4448,1/6/2024,10,4,10000,1000,0,3000,9000,1/10/2024,2024-10-01,2025-11-09 07:30:19.821879,data/lms_loan_daily.csv,2024-10-01
CUS_0x444b_2024_02_01,CUS_0x444b,1/2/2024,10,8,10000,1000,0,5000,7000,1/10/2024,2024-10-01,2025-11-09 07:30:19.821879,data/lms_loan_daily.csv,2024-10-01
CUS_0x4450_2024_10_01,CUS_0x4450,1/10/2024,10,0,10000,0,0,0,10000,1/10/2024,2024-10-01,2025-11-09 07:30:19.821879,data/lms_loan_daily.csv,2024-10-01
CUS_0x4453_2024_06_01,CUS_0x4453,1/6/2024,10,4,10000,1000,1000,0,6000,1/10/2024,2024-10-01,2025-11-09 07:30:19.821879,data/lms_loan_daily.csv,2024-10-01
CUS_0x446f_2023_12_01,CUS_0x446f,1/12/2023,10,10,10000,1000,1000,0,0,1/10/2024,2024-10-01,2025-11-09 07:30:19.821879,data/lms_loan_daily.csv,2024-10-01
CUS_0x4470_2024_03_01,CUS_0x4470,1/3/2024,10,7,10000,1000,1000,0,3000,1/10/2024,2024-10-01,2025-11-09 07:30:19.821879,data/lms_loan_daily.csv,2024-10-01
CUS_0x4475_2023_12_01,CUS_0x4475,1/12/2023,10,10,10000,1000,0,10000,10000,1/10/2024,2024-10-01,2025-11-09 07:30:19.821879,data/lms_loan_daily.csv,2024-10-01
CUS_0x447b_2024_08_01,CUS_0x447b,1/8/2024,10,2,10000,1000,1000,0,8000,1/10/2024,2024-10-01,2025-11-09 07:30:19.821879,data/lms_loan_daily.csv,2024-10-01
CUS_0x4484_2024_01_01,CUS_0x4484,1/1/2024,10,9,10000,1000,1000,0,1000,1/10/2024,2024-10-01,2025-11-09 07:30:19.821879,data/lms_loan_daily.csv,2024-10-01
CUS_0x448a_2024_03_01,CUS_0x448a,1/3/2024,10,7,10000,1000,1000,0,3000,1/10/2024,2024-10-01,2025-11-09 07:30:19.821879,data/lms_loan_daily.csv,2024-10-01
CUS_0x4491_2024_04_01,CUS_0x4491,1/4/2024,10,6,10000,1000,1000,0,4000,1/10/2024,2024-10-01,2025-11-09 07:30:19.821879,data/lms_loan_daily.csv,2024-10-01
CUS_0x4496_2024_01_01,CUS_0x4496,1/1/2024,10,9,10000,1000,0,8000,9000,1/10/2024,2024-10-01,2025-11-09 07:30:19.821879,data/lms_loan_daily.csv,2024-10-01
CUS_0x449b_2024_08_01,CUS_0x449b,1/8/2024,10,2,10000,1000,1000,0,8000,1/10/2024,2024-10-01,2025-11-09 07:30:19.821879,data/lms_loan_daily.csv,2024-10-01
CUS_0x44aa_2024_08_01,CUS_0x44aa,1/8/2024,10,2,10000,1000,1000,0,8000,1/10/2024,2024-10-01,2025-11-09 07:30:19.821879,data/lms_loan_daily.csv,2024-10-01
CUS_0x44b0_2024_08_01,CUS_0x44b0,1/8/2024,10,2,10000,1000,1000,0,8000,1/10/2024,2024-10-01,2025-11-09 07:30:19.821879,data/lms_loan_daily.csv,2024-10-01
CUS_0x44b4_2024_05_01,CUS_0x44b4,1/5/2024,10,5,10000,1000,1000,0,5000,1/10/2024,2024-10-01,2025-11-09 07:30:19.821879,data/lms_loan_daily.csv,2024-10-01
CUS_0x44c0_2024_07_01,CUS_0x44c0,1/7/2024,10,3,10000,1000,1000,0,7000,1/10/2024,2024-10-01,2025-11-09 07:30:19.821879,data/lms_loan_daily.csv,2024-10-01
CUS_0x44c3_2024_06_01,CUS_0x44c3,1/6/2024,10,4,10000,1000,1000,0,6000,1/10/2024,2024-10-01,2025-11-09 07:30:19.821879,data/lms_loan_daily.csv,2024-10-01
CUS_0x44cb_2023_12_01,CUS_0x44cb,1/12/2023,10,10,10000,1000,1000,0,0,1/10/2024,2024-10-01,2025-11-09 07:30:19.821879,data/lms_loan_daily.csv,2024-10-01
CUS_0x44e_2024_09_01,CUS_0x44e,1/9/2024,10,1,10000,1000,1000,0,9000,1/10/2024,2024-10-01,2025-11-09 07:30:19.821879,data/lms_loan_daily.csv,2024-10-01
CUS_0x44ec_2024_05_01,CUS_0x44ec,1/5/2024,10,5,10000,1000,1000,0,5000,1/10/2024,2024-10-01,2025-11-09 07:30:19.821879,data/lms_loan_daily.csv,2024-10-01
CUS_0x4503_2024_09_01,CUS_0x4503,1/9/2024,10,1,10000,1000,1000,0,9000,1/10/2024,2024-10-01,2025-11-09 07:30:19.821879,data/lms_loan_daily.csv,2024-10-01
CUS_0x450b_2024_07_01,CUS_0x450b,1/7/2024,10,3,10000,1000,0,2000,9000,1/10/2024,2024-10-01,2025-11-09 07:30:19.821879,data/lms_loan_daily.csv,2024-10-01
CUS_0x4517_2024_04_01,CUS_0x4517,1/4/2024,10,6,10000,1000,1000,0,4000,1/10/2024,2024-10-01,2025-11-09 07:30:19.821879,data/lms_loan_daily.csv,2024-10-01
CUS_0x4518_2024_07_01,CUS_0x4518,1/7/2024,10,3,10000,1000,1000,0,7000,1/10/2024,2024-10-01,2025-11-09 07:30:19.821879,data/lms_loan_daily.csv,2024-10-01
CUS_0x453d_2024_05_01,CUS_0x453d,1/5/2024,10,5,10000,1000,1000,0,5000,1/10/2024,2024-10-01,2025-11-09 07:30:19.821879,data/lms_loan_daily.csv,2024-10-01
CUS_0x4544_2024_08_01,CUS_0x4544,1/8/2024,10,2,10000,1000,1000,0,8000,1/10/2024,2024-10-01,2025-11-09 07:30:19.821879,data/lms_loan_daily.csv,2024-10-01
CUS_0x454c_2024_10_01,CUS_0x454c,1/10/2024,10,0,10000,0,0,0,10000,1/10/2024,2024-10-01,2025-11-09 07:30:19.821879,data/lms_loan_daily.csv,2024-10-01
CUS_0x454f_2024_03_01,CUS_0x454f,1/3/2024,10,7,10000,1000,1000,0,3000,1/10/2024,2024-10-01,2025-11-09 07:30:19.821879,data/lms_loan_daily.csv,2024-10-01
CUS_0x4565_2024_03_01,CUS_0x4565,1/3/2024,10,7,10000,1000,1000,0,3000,1/10/2024,2024-10-01,2025-11-09 07:30:19.821879,data/lms_loan_daily.csv,2024-10-01
CUS_0x4567_2024_03_01,CUS_0x4567,1/3/2024,10,7,10000,1000,1000,0,3000,1/10/2024,2024-10-01,2025-11-09 07:30:19.821879,data/lms_loan_daily.csv,2024-10-01
CUS_0x456f_2023_12_01,CUS_0x456f,1/12/2023,10,10,10000,1000,0,6000,6000,1/10/2024,2024-10-01,2025-11-09 07:30:19.821879,data/lms_loan_daily.csv,2024-10-01
CUS_0x4574_2024_01_01,CUS_0x4574,1/1/2024,10,9,10000,1000,1000,0,1000,1/10/2024,2024-10-01,2025-11-09 07:30:19.821879,data/lms_loan_daily.csv,2024-10-01
CUS_0x4577_2024_05_01,CUS_0x4577,1/5/2024,10,5,10000,1000,0,3000,8000,1/10/2024,2024-10-01,2025-11-09 07:30:19.821879,data/lms_loan_daily.csv,2024-10-01
CUS_0x457b_2024_07_01,CUS_0x457b,1/7/2024,10,3,10000,1000,1000,0,7000,1/10/2024,2024-10-01,2025-11-09 07:30:19.821879,data/lms_loan_daily.csv,2024-10-01
CUS_0x457e_2024_05_01,CUS_0x457e,1/5/2024,10,5,10000,1000,1000,0,5000,1/10/2024,2024-10-01,2025-11-09 07:30:19.821879,data/lms_loan_daily.csv,2024-10-01
CUS_0x458d_2024_10_01,CUS_0x458d,1/10/2024,10,0,10000,0,0,0,10000,1/10/2024,2024-10-01,2025-11-09 07:30:19.821879,data/lms_loan_daily.csv,2024-10-01
CUS_0x458f_2024_02_01,CUS_0x458f,1/2/2024,10,8,10000,1000,1000,0,2000,1/10/2024,2024-10-01,2025-11-09 07:30:19.821879,data/lms_loan_daily.csv,2024-10-01
CUS_0x4590_2024_07_01,CUS_0x4590,1/7/2024,10,3,10000,1000,1000,0,7000,1/10/2024,2024-10-01,2025-11-09 07:30:19.821879,data/lms_loan_daily.csv,2024-10-01
CUS_0x45af_2024_06_01,CUS_0x45af,1/6/2024,10,4,10000,1000,1000,0,6000,1/10/2024,2024-10-01,2025-11-09 07:30:19.821879,data/lms_loan_daily.csv,2024-10-01
CUS_0x45cb_2023_12_01,CUS_0x45cb,1/12/2023,10,10,10000,1000,0,6000,6000,1/10/2024,2024-10-01,2025-11-09 07:30:19.821879,data/lms_loan_daily.csv,2024-10-01
CUS_0x45cc_2024_10_01,CUS_0x45cc,1/10/2024,10,0,10000,0,0,0,10000,1/10/2024,2024-10-01,2025-11-09 07:30:19.821879,data/lms_loan_daily.csv,2024-10-01
CUS_0x45d2_2024_01_01,CUS_0x45d2,1/1/2024,10,9,10000,1000,1000,0,1000,1/10/2024,2024-10-01,2025-11-09 07:30:19.821879,data/lms_loan_daily.csv,2024-10-01
CUS_0x45de_2024_05_01,CUS_0x45de,1/5/2024,10,5,10000,1000,1000,0,5000,1/10/2024,2024-10-01,2025-11-09 07:30:19.821879,data/lms_loan_daily.csv,2024-10-01
CUS_0x45e1_2024_03_01,CUS_0x45e1,1/3/2024,10,7,10000,1000,1000,0,3000,1/10/2024,2024-10-01,2025-11-09 07:30:19.821879,data/lms_loan_daily.csv,2024-10-01
CUS_0x45e2_2024_10_01,CUS_0x45e2,1/10/2024,10,0,10000,0,0,0,10000,1/10/2024,2024-10-01,2025-11-09 07:30:19.821879,data/lms_loan_daily.csv,2024-10-01
CUS_0x45ef_2024_05_01,CUS_0x45ef,1/5/2024,10,5,10000,1000,1000,0,5000,1/10/2024,2024-10-01,2025-11-09 07:30:19.821879,data/lms_loan_daily.csv,2024-10-01
CUS_0x45f4_2024_06_01,CUS_0x45f4,1/6/2024,10,4,10000,1000,1000,0,6000,1/10/2024,2024-10-01,2025-11-09 07:30:19.821879,data/lms_loan_daily.csv,2024-10-01
CUS_0x45f7_2024_05_01,CUS_0x45f7,1/5/2024,10,5,10000,1000,1000,0,5000,1/10/2024,2024-10-01,2025-11-09 07:30:19.821879,data/lms_loan_daily.csv,2024-10-01
CUS_0x45fc_2024_08_01,CUS_0x45fc,1/8/2024,10,2,10000,1000,2000,0,8000,1/10/2024,2024-10-01,2025-11-09 07:30:19.821879,data/lms_loan_daily.csv,2024-10-01
CUS_0x4602_2024_01_01,CUS_0x4602,1/1/2024,10,9,10000,1000,0,6000,7000,1/10/2024,2024-10-01,2025-11-09 07:30:19.821879,data/lms_loan_daily.csv,2024-10-01
CUS_0x460c_2024_04_01,CUS_0x460c,1/4/2024,10,6,10000,1000,1000,0,4000,1/10/2024,2024-10-01,2025-11-09 07:30:19.821879,data/lms_loan_daily.csv,2024-10-01
CUS_0x460d_2024_06_01,CUS_0x460d,1/6/2024,10,4,10000,1000,1000,0,6000,1/10/2024,2024-10-01,2025-11-09 07:30:19.821879,data/lms_loan_daily.csv,2024-10-01
CUS_0x460f_2024_04_01,CUS_0x460f,1/4/2024,10,6,10000,1000,0,5000,9000,1/10/2024,2024-10-01,2025-11-09 07:30:19.821879,data/lms_loan_daily.csv,2024-10-01
CUS_0x461_2024_06_01,CUS_0x461,1/6/2024,10,4,10000,1000,1000,0,6000,1/10/2024,2024-10-01,2025-11-09 07:30:19.821879,data/lms_loan_daily.csv,2024-10-01
CUS_0x461f_2024_10_01,CUS_0x461f,1/10/2024,10,0,10000,0,0,0,10000,1/10/2024,2024-10-01,2025-11-09 07:30:19.821879,data/lms_loan_daily.csv,2024-10-01
CUS_0x4628_2024_10_01,CUS_0x4628,1/10/2024,10,0,10000,0,0,0,10000,1/10/2024,2024-10-01,2025-11-09 07:30:19.821879,data/lms_loan_daily.csv,2024-10-01
CUS_0x463e_2024_04_01,CUS_0x463e,1/4/2024,10,6,10000,1000,0,4000,8000,1/10/2024,2024-10-01,2025-11-09 07:30:19.821879,data/lms_loan_daily.csv,2024-10-01
CUS_0x4640_2024_04_01,CUS_0x4640,1/4/2024,10,6,10000,1000,0,5000,9000,1/10/2024,2024-10-01,2025-11-09 07:30:19.821879,data/lms_loan_daily.csv,2024-10-01
CUS_0x4655_2024_01_01,CUS_0x4655,1/1/2024,10,9,10000,1000,1000,0,1000,1/10/2024,2024-10-01,2025-11-09 07:30:19.821879,data/lms_loan_daily.csv,2024-10-01
CUS_0x4657_2024_09_01,CUS_0x4657,1/9/2024,10,1,10000,1000,1000,0,9000,1/10/2024,2024-10-01,2025-11-09 07:30:19.821879,data/lms_loan_daily.csv,2024-10-01
CUS_0x4661_2024_07_01,CUS_0x4661,1/7/2024,10,3,10000,1000,1000,0,7000,1/10/2024,2024-10-01,2025-11-09 07:30:19.821879,data/lms_loan_daily.csv,2024-10-01
CUS_0x4669_2024_06_01,CUS_0x4669,1/6/2024,10,4,10000,1000,1000,0,6000,1/10/2024,2024-10-01,2025-11-09 07:30:19.821879,data/lms_loan_daily.csv,2024-10-01
CUS_0x467e_2024_02_01,CUS_0x467e,1/2/2024,10,8,10000,1000,1000,0,2000,1/10/2024,2024-10-01,2025-11-09 07:30:19.821879,data/lms_loan_daily.csv,2024-10-01
CUS_0x467f_2023_12_01,CUS_0x467f,1/12/2023,10,10,10000,1000,0,10000,10000,1/10/2024,2024-10-01,2025-11-09 07:30:19.821879,data/lms_loan_daily.csv,2024-10-01
CUS_0x4683_2024_05_01,CUS_0x4683,1/5/2024,10,5,10000,1000,1000,0,5000,1/10/2024,2024-10-01,2025-11-09 07:30:19.821879,data/lms_loan_daily.csv,2024-10-01
CUS_0x468b_2024_05_01,CUS_0x468b,1/5/2024,10,5,10000,1000,0,2000,7000,1/10/2024,2024-10-01,2025-11-09 07:30:19.821879,data/lms_loan_daily.csv,2024-10-01
CUS_0x4691_2024_04_01,CUS_0x4691,1/4/2024,10,6,10000,1000,0,2000,6000,1/10/2024,2024-10-01,2025-11-09 07:30:19.821879,data/lms_loan_daily.csv,2024-10-01
CUS_0x4695_2024_08_01,CUS_0x4695,1/8/2024,10,2,10000,1000,1000,0,8000,1/10/2024,2024-10-01,2025-11-09 07:30:19.821879,data/lms_loan_daily.csv,2024-10-01
CUS_0x4696_2024_01_01,CUS_0x4696,1/1/2024,10,9,10000,1000,1000,0,1000,1/10/2024,2024-10-01,2025-11-09 07:30:19.821879,data/lms_loan_daily.csv,2024-10-01
CUS_0x4697_2024_10_01,CUS_0x4697,1/10/2024,10,0,10000,0,0,0,10000,1/10/2024,2024-10-01,2025-11-09 07:30:19.821879,data/lms_loan_daily.csv,2024-10-01
CUS_0x46a2_2024_06_01,CUS_0x46a2,1/6/2024,10,4,10000,1000,1000,0,6000,1/10/2024,2024-10-01,2025-11-09 07:30:19.821879,data/lms_loan_daily.csv,2024-10-01
CUS_0x46b5_2024_01_01,CUS_0x46b5,1/1/2024,10,9,10000,1000,0,5000,6000,1/10/2024,2024-10-01,2025-11-09 07:30:19.821879,data/lms_loan_daily.csv,2024-10-01
CUS_0x46b6_2024_02_01,CUS_0x46b6,1/2/2024,10,8,10000,1000,1000,0,2000,1/10/2024,2024-10-01,2025-11-09 07:30:19.821879,data/lms_loan_daily.csv,2024-10-01
CUS_0x46bd_2024_10_01,CUS_0x46bd,1/10/2024,10,0,10000,0,0,0,10000,1/10/2024,2024-10-01,2025-11-09 07:30:19.821879,data/lms_loan_daily.csv,2024-10-01
CUS_0x46c3_2024_03_01,CUS_0x46c3,1/3/2024,10,7,10000,1000,1000,0,3000,1/10/2024,2024-10-01,2025-11-09 07:30:19.821879,data/lms_loan_daily.csv,2024-10-01
CUS_0x46c4_2024_09_01,CUS_0x46c4,1/9/2024,10,1,10000,1000,1000,0,9000,1/10/2024,2024-10-01,2025-11-09 07:30:19.821879,data/lms_loan_daily.csv,2024-10-01
CUS_0x46d_2023_12_01,CUS_0x46d,1/12/2023,10,10,10000,1000,1000,0,0,1/10/2024,2024-10-01,2025-11-09 07:30:19.821879,data/lms_loan_daily.csv,2024-10-01
CUS_0x46d1_2024_08_01,CUS_0x46d1,1/8/2024,10,2,10000,1000,1000,0,8000,1/10/2024,2024-10-01,2025-11-09 07:30:19.821879,data/lms_loan_daily.csv,2024-10-01
CUS_0x46d5_2023_12_01,CUS_0x46d5,1/12/2023,10,10,10000,1000,1000,0,0,1/10/2024,2024-10-01,2025-11-09 07:30:19.821879,data/lms_loan_daily.csv,2024-10-01
CUS_0x46db_2024_03_01,CUS_0x46db,1/3/2024,10,7,10000,1000,1000,0,3000,1/10/2024,2024-10-01,2025-11-09 07:30:19.821879,data/lms_loan_daily.csv,2024-10-01
CUS_0x46dd_2024_07_01,CUS_0x46dd,1/7/2024,10,3,10000,1000,1000,0,7000,1/10/2024,2024-10-01,2025-11-09 07:30:19.821879,data/lms_loan_daily.csv,2024-10-01
CUS_0x46de_2024_09_01,CUS_0x46de,1/9/2024,10,1,10000,1000,0,1000,10000,1/10/2024,2024-10-01,2025-11-09 07:30:19.821879,data/lms_loan_daily.csv,2024-10-01
CUS_0x46e8_2023_12_01,CUS_0x46e8,1/12/2023,10,10,10000,1000,1000,0,0,1/10/2024,2024-10-01,2025-11-09 07:30:19.821879,data/lms_loan_daily.csv,2024-10-01
CUS_0x46eb_2024_02_01,CUS_0x46eb,1/2/2024,10,8,10000,1000,1000,0,2000,1/10/2024,2024-10-01,2025-11-09 07:30:19.821879,data/lms_loan_daily.csv,2024-10-01
CUS_0x46f7_2024_01_01,CUS_0x46f7,1/1/2024,10,9,10000,1000,0,7000,8000,1/10/2024,2024-10-01,2025-11-09 07:30:19.821879,data/lms_loan_daily.csv,2024-10-01
CUS_0x470d_2024_06_01,CUS_0x470d,1/6/2024,10,4,10000,1000,1000,0,6000,1/10/2024,2024-10-01,2025-11-09 07:30:19.821879,data/lms_loan_daily.csv,2024-10-01
CUS_0x470e_2024_03_01,CUS_0x470e,1/3/2024,10,7,10000,1000,1000,0,3000,1/10/2024,2024-10-01,2025-11-09 07:30:19.821879,data/lms_loan_daily.csv,2024-10-01
CUS_0x4712_2024_04_01,CUS_0x4712,1/4/2024,10,6,10000,1000,0,2000,6000,1/10/2024,2024-10-01,2025-11-09 07:30:19.821879,data/lms_loan_daily.csv,2024-10-01
CUS_0x4716_2024_07_01,CUS_0x4716,1/7/2024,10,3,10000,1000,1000,0,7000,1/10/2024,2024-10-01,2025-11-09 07:30:19.821879,data/lms_loan_daily.csv,2024-10-01
CUS_0x4718_2024_04_01,CUS_0x4718,1/4/2024,10,6,10000,1000,1000,0,4000,1/10/2024,2024-10-01,2025-11-09 07:30:19.821879,data/lms_loan_daily.csv,2024-10-01
CUS_0x471f_2024_01_01,CUS_0x471f,1/1/2024,10,9,10000,1000,1000,0,1000,1/10/2024,2024-10-01,2025-11-09 07:30:19.821879,data/lms_loan_daily.csv,2024-10-01
CUS_0x4728_2023_12_01,CUS_0x4728,1/12/2023,10,10,10000,1000,0,7000,7000,1/10/2024,2024-10-01,2025-11-09 07:30:19.821879,data/lms_loan_daily.csv,2024-10-01
CUS_0x4732_2024_10_01,CUS_0x4732,1/10/2024,10,0,10000,0,0,0,10000,1/10/2024,2024-10-01,2025-11-09 07:30:19.821879,data/lms_loan_daily.csv,2024-10-01
CUS_0x4734_2024_09_01,CUS_0x4734,1/9/2024,10,1,10000,1000,1000,0,9000,1/10/2024,2024-10-01,2025-11-09 07:30:19.821879,data/lms_loan_daily.csv,2024-10-01
CUS_0x475f_2024_03_01,CUS_0x475f,1/3/2024,10,7,10000,1000,1000,0,3000,1/10/2024,2024-10-01,2025-11-09 07:30:19.821879,data/lms_loan_daily.csv,2024-10-01
CUS_0x4768_2024_07_01,CUS_0x4768,1/7/2024,10,3,10000,1000,1000,0,7000,1/10/2024,2024-10-01,2025-11-09 07:30:19.821879,data/lms_loan_daily.csv,2024-10-01
CUS_0x476c_2024_09_01,CUS_0x476c,1/9/2024,10,1,10000,1000,1000,0,9000,1/10/2024,2024-10-01,2025-11-09 07:30:19.821879,data/lms_loan_daily.csv,2024-10-01
CUS_0x4775_2024_09_01,CUS_0x4775,1/9/2024,10,1,10000,1000,1000,0,9000,1/10/2024,2024-10-01,2025-11-09 07:30:19.821879,data/lms_loan_daily.csv,2024-10-01
CUS_0x4778_2024_04_01,CUS_0x4778,1/4/2024,10,6,10000,1000,0,4000,8000,1/10/2024,2024-10-01,2025-11-09 07:30:19.821879,data/lms_loan_daily.csv,2024-10-01
CUS_0x477c_2024_01_01,CUS_0x477c,1/1/2024,10,9,10000,1000,0,7000,8000,1/10/2024,2024-10-01,2025-11-09 07:30:19.821879,data/lms_loan_daily.csv,2024-10-01
CUS_0x477d_2024_08_01,CUS_0x477d,1/8/2024,10,2,10000,1000,1000,0,8000,1/10/2024,2024-10-01,2025-11-09 07:30:19.821879,data/lms_loan_daily.csv,2024-10-01
CUS_0x478_2024_02_01,CUS_0x478,1/2/2024,10,8,10000,1000,1000,0,2000,1/10/2024,2024-10-01,2025-11-09 07:30:19.821879,data/lms_loan_daily.csv,2024-10-01
CUS_0x4781_2024_06_01,CUS_0x4781,1/6/2024,10,4,10000,1000,1000,0,6000,1/10/2024,2024-10-01,2025-11-09 07:30:19.821879,data/lms_loan_daily.csv,2024-10-01
CUS_0x47af_2024_07_01,CUS_0x47af,1/7/2024,10,3,10000,1000,1000,0,7000,1/10/2024,2024-10-01,2025-11-09 07:30:19.821879,data/lms_loan_daily.csv,2024-10-01
CUS_0x47b2_2024_04_01,CUS_0x47b2,1/4/2024,10,6,10000,1000,1000,0,4000,1/10/2024,2024-10-01,2025-11-09 07:30:19.821879,data/lms_loan_daily.csv,2024-10-01
CUS_0x47bb_2024_09_01,CUS_0x47bb,1/9/2024,10,1,10000,1000,1000,0,9000,1/10/2024,2024-10-01,2025-11-09 07:30:19.821879,data/lms_loan_daily.csv,2024-10-01
CUS_0x47c3_2024_09_01,CUS_0x47c3,1/9/2024,10,1,10000,1000,1000,0,9000,1/10/2024,2024-10-01,2025-11-09 07:30:19.821879,data/lms_loan_daily.csv,2024-10-01
CUS_0x47c5_2024_04_01,CUS_0x47c5,1/4/2024,10,6,10000,1000,1000,0,4000,1/10/2024,2024-10-01,2025-11-09 07:30:19.821879,data/lms_loan_daily.csv,2024-10-01
CUS_0x47da_2023_12_01,CUS_0x47da,1/12/2023,10,10,10000,1000,0,9000,9000,1/10/2024,2024-10-01,2025-11-09 07:30:19.821879,data/lms_loan_daily.csv,2024-10-01
CUS_0x47db_2024_01_01,CUS_0x47db,1/1/2024,10,9,10000,1000,0,5000,6000,1/10/2024,2024-10-01,2025-11-09 07:30:19.821879,data/lms_loan_daily.csv,2024-10-01
CUS_0x47e_2024_01_01,CUS_0x47e,1/1/2024,10,9,10000,1000,1000,0,1000,1/10/2024,2024-10-01,2025-11-09 07:30:19.821879,data/lms_loan_daily.csv,2024-10-01
CUS_0x47e5_2024_07_01,CUS_0x47e5,1/7/2024,10,3,10000,1000,1000,0,7000,1/10/2024,2024-10-01,2025-11-09 07:30:19.821879,data/lms_loan_daily.csv,2024-10-01
CUS_0x47e8_2024_07_01,CUS_0x47e8,1/7/2024,10,3,10000,1000,0,2000,9000,1/10/2024,2024-10-01,2025-11-09 07:30:19.821879,data/lms_loan_daily.csv,2024-10-01
CUS_0x47ef_2024_06_01,CUS_0x47ef,1/6/2024,10,4,10000,1000,0,2000,8000,1/10/2024,2024-10-01,2025-11-09 07:30:19.821879,data/lms_loan_daily.csv,2024-10-01
CUS_0x47f1_2024_09_01,CUS_0x47f1,1/9/2024,10,1,10000,1000,1000,0,9000,1/10/2024,2024-10-01,2025-11-09 07:30:19.821879,data/lms_loan_daily.csv,2024-10-01
CUS_0x47f9_2024_08_01,CUS_0x47f9,1/8/2024,10,2,10000,1000,1000,0,8000,1/10/2024,2024-10-01,2025-11-09 07:30:19.821879,data/lms_loan_daily.csv,2024-10-01
CUS_0x47fe_2024_03_01,CUS_0x47fe,1/3/2024,10,7,10000,1000,1000,0,3000,1/10/2024,2024-10-01,2025-11-09 07:30:19.821879,data/lms_loan_daily.csv,2024-10-01
CUS_0x4802_2024_10_01,CUS_0x4802,1/10/2024,10,0,10000,0,0,0,10000,1/10/2024,2024-10-01,2025-11-09 07:30:19.821879,data/lms_loan_daily.csv,2024-10-01
CUS_0x4807_2024_04_01,CUS_0x4807,1/4/2024,10,6,10000,1000,1000,0,4000,1/10/2024,2024-10-01,2025-11-09 07:30:19.821879,data/lms_loan_daily.csv,2024-10-01
CUS_0x480f_2024_02_01,CUS_0x480f,1/2/2024,10,8,10000,1000,1000,0,2000,1/10/2024,2024-10-01,2025-11-09 07:30:19.821879,data/lms_loan_daily.csv,2024-10-01
CUS_0x4812_2024_02_01,CUS_0x4812,1/2/2024,10,8,10000,1000,1000,0,2000,1/10/2024,2024-10-01,2025-11-09 07:30:19.821879,data/lms_loan_daily.csv,2024-10-01
CUS_0x4815_2024_05_01,CUS_0x4815,1/5/2024,10,5,10000,1000,1000,0,5000,1/10/2024,2024-10-01,2025-11-09 07:30:19.821879,data/lms_loan_daily.csv,2024-10-01
CUS_0x4822_2024_02_01,CUS_0x4822,1/2/2024,10,8,10000,1000,0,4000,6000,1/10/2024,2024-10-01,2025-11-09 07:30:19.821879,data/lms_loan_daily.csv,2024-10-01
CUS_0x4824_2024_07_01,CUS_0x4824,1/7/2024,10,3,10000,1000,0,2000,9000,1/10/2024,2024-10-01,2025-11-09 07:30:19.821879,data/lms_loan_daily.csv,2024-10-01
CUS_0x4829_2024_07_01,CUS_0x4829,1/7/2024,10,3,10000,1000,1000,0,7000,1/10/2024,2024-10-01,2025-11-09 07:30:19.821879,data/lms_loan_daily.csv,2024-10-01
CUS_0x4838_2024_05_01,CUS_0x4838,1/5/2024,10,5,10000,1000,1000,0,5000,1/10/2024,2024-10-01,2025-11-09 07:30:19.821879,data/lms_loan_daily.csv,2024-10-01
CUS_0x4845_2024_10_01,CUS_0x4845,1/10/2024,10,0,10000,0,0,0,10000,1/10/2024,2024-10-01,2025-11-09 07:30:19.821879,data/lms_loan_daily.csv,2024-10-01
CUS_0x4849_2024_09_01,CUS_0x4849,1/9/2024,10,1,10000,1000,1000,0,9000,1/10/2024,2024-10-01,2025-11-09 07:30:19.821879,data/lms_loan_daily.csv,2024-10-01
CUS_0x485d_2024_03_01,CUS_0x485d,1/3/2024,10,7,10000,1000,1000,0,3000,1/10/2024,2024-10-01,2025-11-09 07:30:19.821879,data/lms_loan_daily.csv,2024-10-01
CUS_0x485e_2024_05_01,CUS_0x485e,1/5/2024,10,5,10000,1000,1000,0,5000,1/10/2024,2024-10-01,2025-11-09 07:30:19.821879,data/lms_loan_daily.csv,2024-10-01
CUS_0x4862_2024_01_01,CUS_0x4862,1/1/2024,10,9,10000,1000,1000,0,1000,1/10/2024,2024-10-01,2025-11-09 07:30:19.821879,data/lms_loan_daily.csv,2024-10-01
CUS_0x4863_2024_07_01,CUS_0x4863,1/7/2024,10,3,10000,1000,1000,0,7000,1/10/2024,2024-10-01,2025-11-09 07:30:19.821879,data/lms_loan_daily.csv,2024-10-01
CUS_0x4864_2024_01_01,CUS_0x4864,1/1/2024,10,9,10000,1000,1000,0,1000,1/10/2024,2024-10-01,2025-11-09 07:30:19.821879,data/lms_loan_daily.csv,2024-10-01
CUS_0x4866_2024_06_01,CUS_0x4866,1/6/2024,10,4,10000,1000,1000,0,6000,1/10/2024,2024-10-01,2025-11-09 07:30:19.821879,data/lms_loan_daily.csv,2024-10-01
CUS_0x486d_2024_08_01,CUS_0x486d,1/8/2024,10,2,10000,1000,1000,0,8000,1/10/2024,2024-10-01,2025-11-09 07:30:19.821879,data/lms_loan_daily.csv,2024-10-01
CUS_0x4874_2024_01_01,CUS_0x4874,1/1/2024,10,9,10000,1000,1000,0,1000,1/10/2024,2024-10-01,2025-11-09 07:30:19.821879,data/lms_loan_daily.csv,2024-10-01
CUS_0x487a_2024_03_01,CUS_0x487a,1/3/2024,10,7,10000,1000,0,6000,9000,1/10/2024,2024-10-01,2025-11-09 07:30:19.821879,data/lms_loan_daily.csv,2024-10-01
CUS_0x487b_2024_10_01,CUS_0x487b,1/10/2024,10,0,10000,0,0,0,10000,1/10/2024,2024-10-01,2025-11-09 07:30:19.821879,data/lms_loan_daily.csv,2024-10-01
CUS_0x4883_2024_04_01,CUS_0x4883,1/4/2024,10,6,10000,1000,1000,0,4000,1/10/2024,2024-10-01,2025-11-09 07:30:19.821879,data/lms_loan_daily.csv,2024-10-01
CUS_0x4884_2024_06_01,CUS_0x4884,1/6/2024,10,4,10000,1000,1000,0,6000,1/10/2024,2024-10-01,2025-11-09 07:30:19.821879,data/lms_loan_daily.csv,2024-10-01
CUS_0x4889_2024_02_01,CUS_0x4889,1/2/2024,10,8,10000,1000,0,7000,9000,1/10/2024,2024-10-01,2025-11-09 07:30:19.821879,data/lms_loan_daily.csv,2024-10-01
CUS_0x488b_2024_10_01,CUS_0x488b,1/10/2024,10,0,10000,0,0,0,10000,1/10/2024,2024-10-01,2025-11-09 07:30:19.821879,data/lms_loan_daily.csv,2024-10-01
CUS_0x4892_2023_12_01,CUS_0x4892,1/12/2023,10,10,10000,1000,1000,0,0,1/10/2024,2024-10-01,2025-11-09 07:30:19.821879,data/lms_loan_daily.csv,2024-10-01
CUS_0x48a0_2024_09_01,CUS_0x48a0,1/9/2024,10,1,10000,1000,1000,0,9000,1/10/2024,2024-10-01,2025-11-09 07:30:19.821879,data/lms_loan_daily.csv,2024-10-01
CUS_0x48a3_2024_02_01,CUS_0x48a3,1/2/2024,10,8,10000,1000,1000,0,2000,1/10/2024,2024-10-01,2025-11-09 07:30:19.821879,data/lms_loan_daily.csv,2024-10-01
CUS_0x48a6_2024_02_01,CUS_0x48a6,1/2/2024,10,8,10000,1000,1000,0,2000,1/10/2024,2024-10-01,2025-11-09 07:30:19.821879,data/lms_loan_daily.csv,2024-10-01
CUS_0x48aa_2024_09_01,CUS_0x48aa,1/9/2024,10,1,10000,1000,0,1000,10000,1/10/2024,2024-10-01,2025-11-09 07:30:19.821879,data/lms_loan_daily.csv,2024-10-01
CUS_0x48ab_2024_05_01,CUS_0x48ab,1/5/2024,10,5,10000,1000,1000,0,5000,1/10/2024,2024-10-01,2025-11-09 07:30:19.821879,data/lms_loan_daily.csv,2024-10-01
CUS_0x48be_2024_09_01,CUS_0x48be,1/9/2024,10,1,10000,1000,1000,0,9000,1/10/2024,2024-10-01,2025-11-09 07:30:19.821879,data/lms_loan_daily.csv,2024-10-01
CUS_0x48cb_2024_05_01,CUS_0x48cb,1/5/2024,10,5,10000,1000,1000,0,5000,1/10/2024,2024-10-01,2025-11-09 07:30:19.821879,data/lms_loan_daily.csv,2024-10-01
CUS_0x48d_2024_04_01,CUS_0x48d,1/4/2024,10,6,10000,1000,1000,0,4000,1/10/2024,2024-10-01,2025-11-09 07:30:19.821879,data/lms_loan_daily.csv,2024-10-01
CUS_0x48d2_2024_06_01,CUS_0x48d2,1/6/2024,10,4,10000,1000,2000,0,6000,1/10/2024,2024-10-01,2025-11-09 07:30:19.821879,data/lms_loan_daily.csv,2024-10-01
CUS_0x48e_2024_01_01,CUS_0x48e,1/1/2024,10,9,10000,1000,1000,0,1000,1/10/2024,2024-10-01,2025-11-09 07:30:19.821879,data/lms_loan_daily.csv,2024-10-01
CUS_0x48e1_2024_10_01,CUS_0x48e1,1/10/2024,10,0,10000,0,0,0,10000,1/10/2024,2024-10-01,2025-11-09 07:30:19.821879,data/lms_loan_daily.csv,2024-10-01
CUS_0x48e5_2024_05_01,CUS_0x48e5,1/5/2024,10,5,10000,1000,1000,0,5000,1/10/2024,2024-10-01,2025-11-09 07:30:19.821879,data/lms_loan_daily.csv,2024-10-01
CUS_0x48e6_2024_07_01,CUS_0x48e6,1/7/2024,10,3,10000,1000,1000,0,7000,1/10/2024,2024-10-01,2025-11-09 07:30:19.821879,data/lms_loan_daily.csv,2024-10-01
CUS_0x48ed_2024_07_01,CUS_0x48ed,1/7/2024,10,3,10000,1000,1000,0,7000,1/10/2024,2024-10-01,2025-11-09 07:30:19.821879,data/lms_loan_daily.csv,2024-10-01
CUS_0x48ee_2024_03_01,CUS_0x48ee,1/3/2024,10,7,10000,1000,1000,0,3000,1/10/2024,2024-10-01,2025-11-09 07:30:19.821879,data/lms_loan_daily.csv,2024-10-01
CUS_0x48f_2024_01_01,CUS_0x48f,1/1/2024,10,9,10000,1000,0,8000,9000,1/10/2024,2024-10-01,2025-11-09 07:30:19.821879,data/lms_loan_daily.csv,2024-10-01
CUS_0x48f2_2024_03_01,CUS_0x48f2,1/3/2024,10,7,10000,1000,1000,0,3000,1/10/2024,2024-10-01,2025-11-09 07:30:19.821879,data/lms_loan_daily.csv,2024-10-01
CUS_0x48fd_2024_05_01,CUS_0x48fd,1/5/2024,10,5,10000,1000,0,3000,8000,1/10/2024,2024-10-01,2025-11-09 07:30:19.821879,data/lms_loan_daily.csv,2024-10-01
CUS_0x48fe_2024_07_01,CUS_0x48fe,1/7/2024,10,3,10000,1000,1000,0,7000,1/10/2024,2024-10-01,2025-11-09 07:30:19.821879,data/lms_loan_daily.csv,2024-10-01
CUS_0x4900_2024_04_01,CUS_0x4900,1/4/2024,10,6,10000,1000,0,4000,8000,1/10/2024,2024-10-01,2025-11-09 07:30:19.821879,data/lms_loan_daily.csv,2024-10-01
CUS_0x4904_2024_08_01,CUS_0x4904,1/8/2024,10,2,10000,1000,1000,0,8000,1/10/2024,2024-10-01,2025-11-09 07:30:19.821879,data/lms_loan_daily.csv,2024-10-01
CUS_0x4905_2024_06_01,CUS_0x4905,1/6/2024,10,4,10000,1000,1000,0,6000,1/10/2024,2024-10-01,2025-11-09 07:30:19.821879,data/lms_loan_daily.csv,2024-10-01
CUS_0x4916_2024_05_01,CUS_0x4916,1/5/2024,10,5,10000,1000,1000,0,5000,1/10/2024,2024-10-01,2025-11-09 07:30:19.821879,data/lms_loan_daily.csv,2024-10-01
CUS_0x4922_2024_06_01,CUS_0x4922,1/6/2024,10,4,10000,1000,1000,0,6000,1/10/2024,2024-10-01,2025-11-09 07:30:19.821879,data/lms_loan_daily.csv,2024-10-01
CUS_0x492c_2024_03_01,CUS_0x492c,1/3/2024,10,7,10000,1000,1000,0,3000,1/10/2024,2024-10-01,2025-11-09 07:30:19.821879,data/lms_loan_daily.csv,2024-10-01
CUS_0x492e_2024_08_01,CUS_0x492e,1/8/2024,10,2,10000,1000,1000,0,8000,1/10/2024,2024-10-01,2025-11-09 07:30:19.821879,data/lms_loan_daily.csv,2024-10-01
CUS_0x4937_2024_10_01,CUS_0x4937,1/10/2024,10,0,10000,0,0,0,10000,1/10/2024,2024-10-01,2025-11-09 07:30:19.821879,data/lms_loan_daily.csv,2024-10-01
CUS_0x493c_2024_04_01,CUS_0x493c,1/4/2024,10,6,10000,1000,1000,0,4000,1/10/2024,2024-10-01,2025-11-09 07:30:19.821879,data/lms_loan_daily.csv,2024-10-01
CUS_0x4946_2024_02_01,CUS_0x4946,1/2/2024,10,8,10000,1000,0,6000,8000,1/10/2024,2024-10-01,2025-11-09 07:30:19.821879,data/lms_loan_daily.csv,2024-10-01
CUS_0x4947_2024_07_01,CUS_0x4947,1/7/2024,10,3,10000,1000,1000,0,7000,1/10/2024,2024-10-01,2025-11-09 07:30:19.821879,data/lms_loan_daily.csv,2024-10-01
CUS_0x4948_2023_12_01,CUS_0x4948,1/12/2023,10,10,10000,1000,1000,0,0,1/10/2024,2024-10-01,2025-11-09 07:30:19.821879,data/lms_loan_daily.csv,2024-10-01
CUS_0x494b_2024_10_01,CUS_0x494b,1/10/2024,10,0,10000,0,0,0,10000,1/10/2024,2024-10-01,2025-11-09 07:30:19.821879,data/lms_loan_daily.csv,2024-10-01
CUS_0x494c_2024_09_01,CUS_0x494c,1/9/2024,10,1,10000,1000,1000,0,9000,1/10/2024,2024-10-01,2025-11-09 07:30:19.821879,data/lms_loan_daily.csv,2024-10-01
CUS_0x4953_2024_01_01,CUS_0x4953,1/1/2024,10,9,10000,1000,0,6000,7000,1/10/2024,2024-10-01,2025-11-09 07:30:19.821879,data/lms_loan_daily.csv,2024-10-01
CUS_0x495e_2024_06_01,CUS_0x495e,1/6/2024,10,4,10000,1000,1000,0,6000,1/10/2024,2024-10-01,2025-11-09 07:30:19.821879,data/lms_loan_daily.csv,2024-10-01
CUS_0x496a_2024_04_01,CUS_0x496a,1/4/2024,10,6,10000,1000,1000,0,4000,1/10/2024,2024-10-01,2025-11-09 07:30:19.821879,data/lms_loan_daily.csv,2024-10-01
CUS_0x496e_2023_12_01,CUS_0x496e,1/12/2023,10,10,10000,1000,1000,0,0,1/10/2024,2024-10-01,2025-11-09 07:30:19.821879,data/lms_loan_daily.csv,2024-10-01
CUS_0x4972_2024_06_01,CUS_0x4972,1/6/2024,10,4,10000,1000,1000,0,6000,1/10/2024,2024-10-01,2025-11-09 07:30:19.821879,data/lms_loan_daily.csv,2024-10-01
CUS_0x4973_2024_04_01,CUS_0x4973,1/4/2024,10,6,10000,1000,1000,0,4000,1/10/2024,2024-10-01,2025-11-09 07:30:19.821879,data/lms_loan_daily.csv,2024-10-01
CUS_0x4981_2024_10_01,CUS_0x4981,1/10/2024,10,0,10000,0,0,0,10000,1/10/2024,2024-10-01,2025-11-09 07:30:19.821879,data/lms_loan_daily.csv,2024-10-01
CUS_0x4982_2024_10_01,CUS_0x4982,1/10/2024,10,0,10000,0,0,0,10000,1/10/2024,2024-10-01,2025-11-09 07:30:19.821879,data/lms_loan_daily.csv,2024-10-01
CUS_0x4986_2024_03_01,CUS_0x4986,1/3/2024,10,7,10000,1000,1000,0,3000,1/10/2024,2024-10-01,2025-11-09 07:30:19.821879,data/lms_loan_daily.csv,2024-10-01
CUS_0x49a9_2023_12_01,CUS_0x49a9,1/12/2023,10,10,10000,1000,0,8000,8000,1/10/2024,2024-10-01,2025-11-09 07:30:19.821879,data/lms_loan_daily.csv,2024-10-01
CUS_0x49b0_2024_07_01,CUS_0x49b0,1/7/2024,10,3,10000,1000,1000,0,7000,1/10/2024,2024-10-01,2025-11-09 07:30:19.821879,data/lms_loan_daily.csv,2024-10-01
CUS_0x49b8_2024_07_01,CUS_0x49b8,1/7/2024,10,3,10000,1000,1000,0,7000,1/10/2024,2024-10-01,2025-11-09 07:30:19.821879,data/lms_loan_daily.csv,2024-10-01
CUS_0x49b9_2024_07_01,CUS_0x49b9,1/7/2024,10,3,10000,1000,1000,0,7000,1/10/2024,2024-10-01,2025-11-09 07:30:19.821879,data/lms_loan_daily.csv,2024-10-01
CUS_0x49c1_2024_01_01,CUS_0x49c1,1/1/2024,10,9,10000,1000,1000,0,1000,1/10/2024,2024-10-01,2025-11-09 07:30:19.821879,data/lms_loan_daily.csv,2024-10-01
CUS_0x49d3_2024_08_01,CUS_0x49d3,1/8/2024,10,2,10000,1000,1000,0,8000,1/10/2024,2024-10-01,2025-11-09 07:30:19.821879,data/lms_loan_daily.csv,2024-10-01
CUS_0x49d9_2024_05_01,CUS_0x49d9,1/5/2024,10,5,10000,1000,1000,0,5000,1/10/2024,2024-10-01,2025-11-09 07:30:19.821879,data/lms_loan_daily.csv,2024-10-01
CUS_0x49da_2024_07_01,CUS_0x49da,1/7/2024,10,3,10000,1000,1000,0,7000,1/10/2024,2024-10-01,2025-11-09 07:30:19.821879,data/lms_loan_daily.csv,2024-10-01
CUS_0x49dd_2024_07_01,CUS_0x49dd,1/7/2024,10,3,10000,1000,1000,0,7000,1/10/2024,2024-10-01,2025-11-09 07:30:19.821879,data/lms_loan_daily.csv,2024-10-01
CUS_0x49e4_2024_04_01,CUS_0x49e4,1/4/2024,10,6,10000,1000,1000,0,4000,1/10/2024,2024-10-01,2025-11-09 07:30:19.821879,data/lms_loan_daily.csv,2024-10-01
CUS_0x49f5_2024_03_01,CUS_0x49f5,1/3/2024,10,7,10000,1000,0,4000,7000,1/10/2024,2024-10-01,2025-11-09 07:30:19.821879,data/lms_loan_daily.csv,2024-10-01
CUS_0x49ff_2024_06_01,CUS_0x49ff,1/6/2024,10,4,10000,1000,0,1000,7000,1/10/2024,2024-10-01,2025-11-09 07:30:19.821879,data/lms_loan_daily.csv,2024-10-01
CUS_0x4a02_2024_07_01,CUS_0x4a02,1/7/2024,10,3,10000,1000,1000,0,7000,1/10/2024,2024-10-01,2025-11-09 07:30:19.821879,data/lms_loan_daily.csv,2024-10-01
CUS_0x4a05_2024_02_01,CUS_0x4a05,1/2/2024,10,8,10000,1000,1000,0,2000,1/10/2024,2024-10-01,2025-11-09 07:30:19.821879,data/lms_loan_daily.csv,2024-10-01
CUS_0x4a0d_2024_01_01,CUS_0x4a0d,1/1/2024,10,9,10000,1000,1000,0,1000,1/10/2024,2024-10-01,2025-11-09 07:30:19.821879,data/lms_loan_daily.csv,2024-10-01
CUS_0x4a11_2024_10_01,CUS_0x4a11,1/10/2024,10,0,10000,0,0,0,10000,1/10/2024,2024-10-01,2025-11-09 07:30:19.821879,data/lms_loan_daily.csv,2024-10-01
CUS_0x4a18_2024_07_01,CUS_0x4a18,1/7/2024,10,3,10000,1000,1000,0,7000,1/10/2024,2024-10-01,2025-11-09 07:30:19.821879,data/lms_loan_daily.csv,2024-10-01
CUS_0x4a23_2024_08_01,CUS_0x4a23,1/8/2024,10,2,10000,1000,1000,0,8000,1/10/2024,2024-10-01,2025-11-09 07:30:19.821879,data/lms_loan_daily.csv,2024-10-01
CUS_0x4a3b_2024_05_01,CUS_0x4a3b,1/5/2024,10,5,10000,1000,0,2000,7000,1/10/2024,2024-10-01,2025-11-09 07:30:19.821879,data/lms_loan_daily.csv,2024-10-01
CUS_0x4a3c_2024_10_01,CUS_0x4a3c,1/10/2024,10,0,10000,0,0,0,10000,1/10/2024,2024-10-01,2025-11-09 07:30:19.821879,data/lms_loan_daily.csv,2024-10-01
CUS_0x4a45_2024_04_01,CUS_0x4a45,1/4/2024,10,6,10000,1000,0,5000,9000,1/10/2024,2024-10-01,2025-11-09 07:30:19.821879,data/lms_loan_daily.csv,2024-10-01
CUS_0x4a5_2024_04_01,CUS_0x4a5,1/4/2024,10,6,10000,1000,1000,0,4000,1/10/2024,2024-10-01,2025-11-09 07:30:19.821879,data/lms_loan_daily.csv,2024-10-01
CUS_0x4a51_2024_01_01,CUS_0x4a51,1/1/2024,10,9,10000,1000,0,7000,8000,1/10/2024,2024-10-01,2025-11-09 07:30:19.821879,data/lms_loan_daily.csv,2024-10-01
CUS_0x4a5d_2024_03_01,CUS_0x4a5d,1/3/2024,10,7,10000,1000,1000,0,3000,1/10/2024,2024-10-01,2025-11-09 07:30:19.821879,data/lms_loan_daily.csv,2024-10-01
CUS_0x4a70_2024_02_01,CUS_0x4a70,1/2/2024,10,8,10000,1000,0,6000,8000,1/10/2024,2024-10-01,2025-11-09 07:30:19.821879,data/lms_loan_daily.csv,2024-10-01
CUS_0x4a78_2024_09_01,CUS_0x4a78,1/9/2024,10,1,10000,1000,1000,0,9000,1/10/2024,2024-10-01,2025-11-09 07:30:19.821879,data/lms_loan_daily.csv,2024-10-01
CUS_0x4a82_2024_07_01,CUS_0x4a82,1/7/2024,10,3,10000,1000,1000,0,7000,1/10/2024,2024-10-01,2025-11-09 07:30:19.821879,data/lms_loan_daily.csv,2024-10-01
CUS_0x4a83_2024_07_01,CUS_0x4a83,1/7/2024,10,3,10000,1000,1000,0,7000,1/10/2024,2024-10-01,2025-11-09 07:30:19.821879,data/lms_loan_daily.csv,2024-10-01
CUS_0x4a8a_2024_06_01,CUS_0x4a8a,1/6/2024,10,4,10000,1000,1000,0,6000,1/10/2024,2024-10-01,2025-11-09 07:30:19.821879,data/lms_loan_daily.csv,2024-10-01
CUS_0x4a93_2024_10_01,CUS_0x4a93,1/10/2024,10,0,10000,0,0,0,10000,1/10/2024,2024-10-01,2025-11-09 07:30:19.821879,data/lms_loan_daily.csv,2024-10-01
CUS_0x4a96_2024_07_01,CUS_0x4a96,1/7/2024,10,3,10000,1000,1000,0,7000,1/10/2024,2024-10-01,2025-11-09 07:30:19.821879,data/lms_loan_daily.csv,2024-10-01
CUS_0x4aa5_2024_09_01,CUS_0x4aa5,1/9/2024,10,1,10000,1000,1000,0,9000,1/10/2024,2024-10-01,2025-11-09 07:30:19.821879,data/lms_loan_daily.csv,2024-10-01
CUS_0x4aa6_2023_12_01,CUS_0x4aa6,1/12/2023,10,10,10000,1000,1000,0,0,1/10/2024,2024-10-01,2025-11-09 07:30:19.821879,data/lms_loan_daily.csv,2024-10-01
CUS_0x4aa7_2024_05_01,CUS_0x4aa7,1/5/2024,10,5,10000,1000,1000,0,5000,1/10/2024,2024-10-01,2025-11-09 07:30:19.821879,data/lms_loan_daily.csv,2024-10-01
CUS_0x4aaa_2024_01_01,CUS_0x4aaa,1/1/2024,10,9,10000,1000,1000,0,1000,1/10/2024,2024-10-01,2025-11-09 07:30:19.821879,data/lms_loan_daily.csv,2024-10-01
CUS_0x4aad_2024_06_01,CUS_0x4aad,1/6/2024,10,4,10000,1000,0,2000,8000,1/10/2024,2024-10-01,2025-11-09 07:30:19.821879,data/lms_loan_daily.csv,2024-10-01
CUS_0x4ab7_2024_09_01,CUS_0x4ab7,1/9/2024,10,1,10000,1000,1000,0,9000,1/10/2024,2024-10-01,2025-11-09 07:30:19.821879,data/lms_loan_daily.csv,2024-10-01
CUS_0x4aba_2024_06_01,CUS_0x4aba,1/6/2024,10,4,10000,1000,1000,0,6000,1/10/2024,2024-10-01,2025-11-09 07:30:19.821879,data/lms_loan_daily.csv,2024-10-01
CUS_0x4ac2_2024_01_01,CUS_0x4ac2,1/1/2024,10,9,10000,1000,1000,0,1000,1/10/2024,2024-10-01,2025-11-09 07:30:19.821879,data/lms_loan_daily.csv,2024-10-01
CUS_0x4adb_2024_06_01,CUS_0x4adb,1/6/2024,10,4,10000,1000,1000,0,6000,1/10/2024,2024-10-01,2025-11-09 07:30:19.821879,data/lms_loan_daily.csv,2024-10-01
CUS_0x4aee_2024_05_01,CUS_0x4aee,1/5/2024,10,5,10000,1000,1000,0,5000,1/10/2024,2024-10-01,2025-11-09 07:30:19.821879,data/lms_loan_daily.csv,2024-10-01
CUS_0x4af2_2023_12_01,CUS_0x4af2,1/12/2023,10,10,10000,1000,1000,0,0,1/10/2024,2024-10-01,2025-11-09 07:30:19.821879,data/lms_loan_daily.csv,2024-10-01
CUS_0x4af4_2024_06_01,CUS_0x4af4,1/6/2024,10,4,10000,1000,1000,0,6000,1/10/2024,2024-10-01,2025-11-09 07:30:19.821879,data/lms_loan_daily.csv,2024-10-01
CUS_0x4b09_2023_12_01,CUS_0x4b09,1/12/2023,10,10,10000,1000,1000,0,0,1/10/2024,2024-10-01,2025-11-09 07:30:19.821879,data/lms_loan_daily.csv,2024-10-01
CUS_0x4b11_2024_08_01,CUS_0x4b11,1/8/2024,10,2,10000,1000,0,1000,9000,1/10/2024,2024-10-01,2025-11-09 07:30:19.821879,data/lms_loan_daily.csv,2024-10-01
CUS_0x4b17_2024_01_01,CUS_0x4b17,1/1/2024,10,9,10000,1000,0,9000,10000,1/10/2024,2024-10-01,2025-11-09 07:30:19.821879,data/lms_loan_daily.csv,2024-10-01
CUS_0x4b18_2024_06_01,CUS_0x4b18,1/6/2024,10,4,10000,1000,1000,0,6000,1/10/2024,2024-10-01,2025-11-09 07:30:19.821879,data/lms_loan_daily.csv,2024-10-01
CUS_0x4b1c_2024_05_01,CUS_0x4b1c,1/5/2024,10,5,10000,1000,0,4000,9000,1/10/2024,2024-10-01,2025-11-09 07:30:19.821879,data/lms_loan_daily.csv,2024-10-01
CUS_0x4b2c_2024_05_01,CUS_0x4b2c,1/5/2024,10,5,10000,1000,1000,0,5000,1/10/2024,2024-10-01,2025-11-09 07:30:19.821879,data/lms_loan_daily.csv,2024-10-01
CUS_0x4b3c_2024_02_01,CUS_0x4b3c,1/2/2024,10,8,10000,1000,1000,0,2000,1/10/2024,2024-10-01,2025-11-09 07:30:19.821879,data/lms_loan_daily.csv,2024-10-01
CUS_0x4b4_2024_03_01,CUS_0x4b4,1/3/2024,10,7,10000,1000,1000,0,3000,1/10/2024,2024-10-01,2025-11-09 07:30:19.821879,data/lms_loan_daily.csv,2024-10-01
CUS_0x4b41_2024_05_01,CUS_0x4b41,1/5/2024,10,5,10000,1000,1000,0,5000,1/10/2024,2024-10-01,2025-11-09 07:30:19.821879,data/lms_loan_daily.csv,2024-10-01
CUS_0x4b42_2024_06_01,CUS_0x4b42,1/6/2024,10,4,10000,1000,0,3000,9000,1/10/2024,2024-10-01,2025-11-09 07:30:19.821879,data/lms_loan_daily.csv,2024-10-01
CUS_0x4b5a_2024_04_01,CUS_0x4b5a,1/4/2024,10,6,10000,1000,1000,0,4000,1/10/2024,2024-10-01,2025-11-09 07:30:19.821879,data/lms_loan_daily.csv,2024-10-01
CUS_0x4b61_2024_06_01,CUS_0x4b61,1/6/2024,10,4,10000,1000,1000,0,6000,1/10/2024,2024-10-01,2025-11-09 07:30:19.821879,data/lms_loan_daily.csv,2024-10-01
CUS_0x4b6a_2024_09_01,CUS_0x4b6a,1/9/2024,10,1,10000,1000,1000,0,9000,1/10/2024,2024-10-01,2025-11-09 07:30:19.821879,data/lms_loan_daily.csv,2024-10-01
CUS_0x4b78_2024_05_01,CUS_0x4b78,1/5/2024,10,5,10000,1000,1000,0,5000,1/10/2024,2024-10-01,2025-11-09 07:30:19.821879,data/lms_loan_daily.csv,2024-10-01
CUS_0x4b86_2024_07_01,CUS_0x4b86,1/7/2024,10,3,10000,1000,1000,0,7000,1/10/2024,2024-10-01,2025-11-09 07:30:19.821879,data/lms_loan_daily.csv,2024-10-01
CUS_0x4b8b_2024_01_01,CUS_0x4b8b,1/1/2024,10,9,10000,1000,1000,0,1000,1/10/2024,2024-10-01,2025-11-09 07:30:19.821879,data/lms_loan_daily.csv,2024-10-01
CUS_0x4b9_2024_09_01,CUS_0x4b9,1/9/2024,10,1,10000,1000,1000,0,9000,1/10/2024,2024-10-01,2025-11-09 07:30:19.821879,data/lms_loan_daily.csv,2024-10-01
CUS_0x4b91_2024_01_01,CUS_0x4b91,1/1/2024,10,9,10000,1000,0,7000,8000,1/10/2024,2024-10-01,2025-11-09 07:30:19.821879,data/lms_loan_daily.csv,2024-10-01
CUS_0x4b9f_2024_02_01,CUS_0x4b9f,1/2/2024,10,8,10000,1000,1000,0,2000,1/10/2024,2024-10-01,2025-11-09 07:30:19.821879,data/lms_loan_daily.csv,2024-10-01
CUS_0x4bb_2024_08_01,CUS_0x4bb,1/8/2024,10,2,10000,1000,1000,0,8000,1/10/2024,2024-10-01,2025-11-09 07:30:19.821879,data/lms_loan_daily.csv,2024-10-01
CUS_0x4bb4_2024_06_01,CUS_0x4bb4,1/6/2024,10,4,10000,1000,3000,0,6000,1/10/2024,2024-10-01,2025-11-09 07:30:19.821879,data/lms_loan_daily.csv,2024-10-01
CUS_0x4bd_2024_05_01,CUS_0x4bd,1/5/2024,10,5,10000,1000,1000,0,5000,1/10/2024,2024-10-01,2025-11-09 07:30:19.821879,data/lms_loan_daily.csv,2024-10-01
CUS_0x4bda_2024_02_01,CUS_0x4bda,1/2/2024,10,8,10000,1000,1000,0,2000,1/10/2024,2024-10-01,2025-11-09 07:30:19.821879,data/lms_loan_daily.csv,2024-10-01
CUS_0x4bdc_2024_06_01,CUS_0x4bdc,1/6/2024,10,4,10000,1000,1000,0,6000,1/10/2024,2024-10-01,2025-11-09 07:30:19.821879,data/lms_loan_daily.csv,2024-10-01
CUS_0x4bdd_2024_06_01,CUS_0x4bdd,1/6/2024,10,4,10000,1000,1000,0,6000,1/10/2024,2024-10-01,2025-11-09 07:30:19.821879,data/lms_loan_daily.csv,2024-10-01
CUS_0x4bde_2023_12_01,CUS_0x4bde,1/12/2023,10,10,10000,1000,0,7000,7000,1/10/2024,2024-10-01,2025-11-09 07:30:19.821879,data/lms_loan_daily.csv,2024-10-01
CUS_0x4bef_2024_07_01,CUS_0x4bef,1/7/2024,10,3,10000,1000,0,2000,9000,1/10/2024,2024-10-01,2025-11-09 07:30:19.821879,data/lms_loan_daily.csv,2024-10-01
CUS_0x4bf7_2024_02_01,CUS_0x4bf7,1/2/2024,10,8,10000,1000,1000,0,2000,1/10/2024,2024-10-01,2025-11-09 07:30:19.821879,data/lms_loan_daily.csv,2024-10-01
CUS_0x4bfb_2023_12_01,CUS_0x4bfb,1/12/2023,10,10,10000,1000,1000,0,0,1/10/2024,2024-10-01,2025-11-09 07:30:19.821879,data/lms_loan_daily.csv,2024-10-01
CUS_0x4c0_2024_07_01,CUS_0x4c0,1/7/2024,10,3,10000,1000,1000,0,7000,1/10/2024,2024-10-01,2025-11-09 07:30:19.821879,data/lms_loan_daily.csv,2024-10-01
CUS_0x4c13_2024_10_01,CUS_0x4c13,1/10/2024,10,0,10000,0,0,0,10000,1/10/2024,2024-10-01,2025-11-09 07:30:19.821879,data/lms_loan_daily.csv,2024-10-01
CUS_0x4c33_2024_10_01,CUS_0x4c33,1/10/2024,10,0,10000,0,0,0,10000,1/10/2024,2024-10-01,2025-11-09 07:30:19.821879,data/lms_loan_daily.csv,2024-10-01
CUS_0x4c36_2024_04_01,CUS_0x4c36,1/4/2024,10,6,10000,1000,1000,0,4000,1/10/2024,2024-10-01,2025-11-09 07:30:19.821879,data/lms_loan_daily.csv,2024-10-01
CUS_0x4c3e_2024_08_01,CUS_0x4c3e,1/8/2024,10,2,10000,1000,1000,0,8000,1/10/2024,2024-10-01,2025-11-09 07:30:19.821879,data/lms_loan_daily.csv,2024-10-01
CUS_0x4c43_2024_09_01,CUS_0x4c43,1/9/2024,10,1,10000,1000,1000,0,9000,1/10/2024,2024-10-01,2025-11-09 07:30:19.821879,data/lms_loan_daily.csv,2024-10-01
CUS_0x4c49_2024_07_01,CUS_0x4c49,1/7/2024,10,3,10000,1000,1000,0,7000,1/10/2024,2024-10-01,2025-11-09 07:30:19.821879,data/lms_loan_daily.csv,2024-10-01
CUS_0x4c4a_2024_07_01,CUS_0x4c4a,1/7/2024,10,3,10000,1000,1000,0,7000,1/10/2024,2024-10-01,2025-11-09 07:30:19.821879,data/lms_loan_daily.csv,2024-10-01
CUS_0x4c4b_2024_09_01,CUS_0x4c4b,1/9/2024,10,1,10000,1000,1000,0,9000,1/10/2024,2024-10-01,2025-11-09 07:30:19.821879,data/lms_loan_daily.csv,2024-10-01
CUS_0x4c59_2024_04_01,CUS_0x4c59,1/4/2024,10,6,10000,1000,1000,0,4000,1/10/2024,2024-10-01,2025-11-09 07:30:19.821879,data/lms_loan_daily.csv,2024-10-01
CUS_0x4c5c_2024_03_01,CUS_0x4c5c,1/3/2024,10,7,10000,1000,1000,0,3000,1/10/2024,2024-10-01,2025-11-09 07:30:19.821879,data/lms_loan_daily.csv,2024-10-01
CUS_0x4c61_2024_05_01,CUS_0x4c61,1/5/2024,10,5,10000,1000,1000,0,5000,1/10/2024,2024-10-01,2025-11-09 07:30:19.821879,data/lms_loan_daily.csv,2024-10-01
CUS_0x4c62_2024_05_01,CUS_0x4c62,1/5/2024,10,5,10000,1000,1000,0,5000,1/10/2024,2024-10-01,2025-11-09 07:30:19.821879,data/lms_loan_daily.csv,2024-10-01
CUS_0x4c64_2024_08_01,CUS_0x4c64,1/8/2024,10,2,10000,1000,1000,0,8000,1/10/2024,2024-10-01,2025-11-09 07:30:19.821879,data/lms_loan_daily.csv,2024-10-01
CUS_0x4c6c_2024_02_01,CUS_0x4c6c,1/2/2024,10,8,10000,1000,1000,0,2000,1/10/2024,2024-10-01,2025-11-09 07:30:19.821879,data/lms_loan_daily.csv,2024-10-01
CUS_0x4c7d_2024_10_01,CUS_0x4c7d,1/10/2024,10,0,10000,0,0,0,10000,1/10/2024,2024-10-01,2025-11-09 07:30:19.821879,data/lms_loan_daily.csv,2024-10-01
CUS_0x4c83_2024_09_01,CUS_0x4c83,1/9/2024,10,1,10000,1000,1000,0,9000,1/10/2024,2024-10-01,2025-11-09 07:30:19.821879,data/lms_loan_daily.csv,2024-10-01
CUS_0x4c89_2024_02_01,CUS_0x4c89,1/2/2024,10,8,10000,1000,0,7000,9000,1/10/2024,2024-10-01,2025-11-09 07:30:19.821879,data/lms_loan_daily.csv,2024-10-01
CUS_0x4c95_2024_10_01,CUS_0x4c95,1/10/2024,10,0,10000,0,0,0,10000,1/10/2024,2024-10-01,2025-11-09 07:30:19.821879,data/lms_loan_daily.csv,2024-10-01
CUS_0x4c9a_2024_04_01,CUS_0x4c9a,1/4/2024,10,6,10000,1000,0,2000,6000,1/10/2024,2024-10-01,2025-11-09 07:30:19.821879,data/lms_loan_daily.csv,2024-10-01
CUS_0x4c9c_2024_10_01,CUS_0x4c9c,1/10/2024,10,0,10000,0,0,0,10000,1/10/2024,2024-10-01,2025-11-09 07:30:19.821879,data/lms_loan_daily.csv,2024-10-01
CUS_0x4c9f_2024_05_01,CUS_0x4c9f,1/5/2024,10,5,10000,1000,0,3000,8000,1/10/2024,2024-10-01,2025-11-09 07:30:19.821879,data/lms_loan_daily.csv,2024-10-01
CUS_0x4caa_2024_10_01,CUS_0x4caa,1/10/2024,10,0,10000,0,0,0,10000,1/10/2024,2024-10-01,2025-11-09 07:30:19.821879,data/lms_loan_daily.csv,2024-10-01
CUS_0x4cb5_2024_10_01,CUS_0x4cb5,1/10/2024,10,0,10000,0,0,0,10000,1/10/2024,2024-10-01,2025-11-09 07:30:19.821879,data/lms_loan_daily.csv,2024-10-01
CUS_0x4cb8_2024_05_01,CUS_0x4cb8,1/5/2024,10,5,10000,1000,1000,0,5000,1/10/2024,2024-10-01,2025-11-09 07:30:19.821879,data/lms_loan_daily.csv,2024-10-01
CUS_0x4cc2_2023_12_01,CUS_0x4cc2,1/12/2023,10,10,10000,1000,1000,0,0,1/10/2024,2024-10-01,2025-11-09 07:30:19.821879,data/lms_loan_daily.csv,2024-10-01
CUS_0x4cd5_2023_12_01,CUS_0x4cd5,1/12/2023,10,10,10000,1000,1000,0,0,1/10/2024,2024-10-01,2025-11-09 07:30:19.821879,data/lms_loan_daily.csv,2024-10-01
CUS_0x4ce7_2023_12_01,CUS_0x4ce7,1/12/2023,10,10,10000,1000,1000,0,0,1/10/2024,2024-10-01,2025-11-09 07:30:19.821879,data/lms_loan_daily.csv,2024-10-01
CUS_0x4d0_2024_08_01,CUS_0x4d0,1/8/2024,10,2,10000,1000,1000,0,8000,1/10/2024,2024-10-01,2025-11-09 07:30:19.821879,data/lms_loan_daily.csv,2024-10-01
CUS_0x4d09_2023_12_01,CUS_0x4d09,1/12/2023,10,10,10000,1000,0,7000,7000,1/10/2024,2024-10-01,2025-11-09 07:30:19.821879,data/lms_loan_daily.csv,2024-10-01
CUS_0x4d12_2024_10_01,CUS_0x4d12,1/10/2024,10,0,10000,0,0,0,10000,1/10/2024,2024-10-01,2025-11-09 07:30:19.821879,data/lms_loan_daily.csv,2024-10-01
CUS_0x4d19_2024_02_01,CUS_0x4d19,1/2/2024,10,8,10000,1000,1000,0,2000,1/10/2024,2024-10-01,2025-11-09 07:30:19.821879,data/lms_loan_daily.csv,2024-10-01
CUS_0x4d1b_2024_08_01,CUS_0x4d1b,1/8/2024,10,2,10000,1000,1000,0,8000,1/10/2024,2024-10-01,2025-11-09 07:30:19.821879,data/lms_loan_daily.csv,2024-10-01
CUS_0x4d1c_2024_07_01,CUS_0x4d1c,1/7/2024,10,3,10000,1000,1000,0,7000,1/10/2024,2024-10-01,2025-11-09 07:30:19.821879,data/lms_loan_daily.csv,2024-10-01
CUS_0x4d26_2024_05_01,CUS_0x4d26,1/5/2024,10,5,10000,1000,0,3000,8000,1/10/2024,2024-10-01,2025-11-09 07:30:19.821879,data/lms_loan_daily.csv,2024-10-01
CUS_0x4d2a_2024_09_01,CUS_0x4d2a,1/9/2024,10,1,10000,1000,1000,0,9000,1/10/2024,2024-10-01,2025-11-09 07:30:19.821879,data/lms_loan_daily.csv,2024-10-01
CUS_0x4d2e_2024_03_01,CUS_0x4d2e,1/3/2024,10,7,10000,1000,0,4000,7000,1/10/2024,2024-10-01,2025-11-09 07:30:19.821879,data/lms_loan_daily.csv,2024-10-01
CUS_0x4d3_2024_01_01,CUS_0x4d3,1/1/2024,10,9,10000,1000,0,7000,8000,1/10/2024,2024-10-01,2025-11-09 07:30:19.821879,data/lms_loan_daily.csv,2024-10-01
CUS_0x4d40_2024_01_01,CUS_0x4d40,1/1/2024,10,9,10000,1000,0,6000,7000,1/10/2024,2024-10-01,2025-11-09 07:30:19.821879,data/lms_loan_daily.csv,2024-10-01
CUS_0x4d43_2024_10_01,CUS_0x4d43,1/10/2024,10,0,10000,0,0,0,10000,1/10/2024,2024-10-01,2025-11-09 07:30:19.821879,data/lms_loan_daily.csv,2024-10-01
CUS_0x4d48_2024_09_01,CUS_0x4d48,1/9/2024,10,1,10000,1000,1000,0,9000,1/10/2024,2024-10-01,2025-11-09 07:30:19.821879,data/lms_loan_daily.csv,2024-10-01
CUS_0x4d50_2024_03_01,CUS_0x4d50,1/3/2024,10,7,10000,1000,1000,0,3000,1/10/2024,2024-10-01,2025-11-09 07:30:19.821879,data/lms_loan_daily.csv,2024-10-01
CUS_0x4d64_2024_01_01,CUS_0x4d64,1/1/2024,10,9,10000,1000,1000,0,1000,1/10/2024,2024-10-01,2025-11-09 07:30:19.821879,data/lms_loan_daily.csv,2024-10-01
CUS_0x4d68_2024_03_01,CUS_0x4d68,1/3/2024,10,7,10000,1000,1000,0,3000,1/10/2024,2024-10-01,2025-11-09 07:30:19.821879,data/lms_loan_daily.csv,2024-10-01
CUS_0x4d75_2024_07_01,CUS_0x4d75,1/7/2024,10,3,10000,1000,1000,0,7000,1/10/2024,2024-10-01,2025-11-09 07:30:19.821879,data/lms_loan_daily.csv,2024-10-01
CUS_0x4d7a_2024_06_01,CUS_0x4d7a,1/6/2024,10,4,10000,1000,1000,0,6000,1/10/2024,2024-10-01,2025-11-09 07:30:19.821879,data/lms_loan_daily.csv,2024-10-01
CUS_0x4d90_2024_06_01,CUS_0x4d90,1/6/2024,10,4,10000,1000,1000,0,6000,1/10/2024,2024-10-01,2025-11-09 07:30:19.821879,data/lms_loan_daily.csv,2024-10-01
CUS_0x4d94_2024_09_01,CUS_0x4d94,1/9/2024,10,1,10000,1000,0,1000,10000,1/10/2024,2024-10-01,2025-11-09 07:30:19.821879,data/lms_loan_daily.csv,2024-10-01
CUS_0x4d98_2024_02_01,CUS_0x4d98,1/2/2024,10,8,10000,1000,1000,0,2000,1/10/2024,2024-10-01,2025-11-09 07:30:19.821879,data/lms_loan_daily.csv,2024-10-01
CUS_0x4d9c_2024_10_01,CUS_0x4d9c,1/10/2024,10,0,10000,0,0,0,10000,1/10/2024,2024-10-01,2025-11-09 07:30:19.821879,data/lms_loan_daily.csv,2024-10-01
CUS_0x4da1_2024_07_01,CUS_0x4da1,1/7/2024,10,3,10000,1000,1000,0,7000,1/10/2024,2024-10-01,2025-11-09 07:30:19.821879,data/lms_loan_daily.csv,2024-10-01
CUS_0x4da9_2024_06_01,CUS_0x4da9,1/6/2024,10,4,10000,1000,0,1000,7000,1/10/2024,2024-10-01,2025-11-09 07:30:19.821879,data/lms_loan_daily.csv,2024-10-01
CUS_0x4daa_2024_03_01,CUS_0x4daa,1/3/2024,10,7,10000,1000,1000,0,3000,1/10/2024,2024-10-01,2025-11-09 07:30:19.821879,data/lms_loan_daily.csv,2024-10-01
CUS_0x4dac_2024_10_01,CUS_0x4dac,1/10/2024,10,0,10000,0,0,0,10000,1/10/2024,2024-10-01,2025-11-09 07:30:19.821879,data/lms_loan_daily.csv,2024-10-01
CUS_0x4db9_2024_10_01,CUS_0x4db9,1/10/2024,10,0,10000,0,0,0,10000,1/10/2024,2024-10-01,2025-11-09 07:30:19.821879,data/lms_loan_daily.csv,2024-10-01
CUS_0x4dba_2024_08_01,CUS_0x4dba,1/8/2024,10,2,10000,1000,1000,0,8000,1/10/2024,2024-10-01,2025-11-09 07:30:19.821879,data/lms_loan_daily.csv,2024-10-01
CUS_0x4dc5_2023_12_01,CUS_0x4dc5,1/12/2023,10,10,10000,1000,1000,0,0,1/10/2024,2024-10-01,2025-11-09 07:30:19.821879,data/lms_loan_daily.csv,2024-10-01
CUS_0x4ddb_2024_10_01,CUS_0x4ddb,1/10/2024,10,0,10000,0,0,0,10000,1/10/2024,2024-10-01,2025-11-09 07:30:19.821879,data/lms_loan_daily.csv,2024-10-01
CUS_0x4dde_2024_01_01,CUS_0x4dde,1/1/2024,10,9,10000,1000,1000,0,1000,1/10/2024,2024-10-01,2025-11-09 07:30:19.821879,data/lms_loan_daily.csv,2024-10-01
CUS_0x4de6_2024_06_01,CUS_0x4de6,1/6/2024,10,4,10000,1000,1000,0,6000,1/10/2024,2024-10-01,2025-11-09 07:30:19.821879,data/lms_loan_daily.csv,2024-10-01
CUS_0x4df2_2023_12_01,CUS_0x4df2,1/12/2023,10,10,10000,1000,1000,0,0,1/10/2024,2024-10-01,2025-11-09 07:30:19.821879,data/lms_loan_daily.csv,2024-10-01
CUS_0x4dfb_2024_02_01,CUS_0x4dfb,1/2/2024,10,8,10000,1000,1000,0,2000,1/10/2024,2024-10-01,2025-11-09 07:30:19.821879,data/lms_loan_daily.csv,2024-10-01
CUS_0x4e01_2024_05_01,CUS_0x4e01,1/5/2024,10,5,10000,1000,0,3000,8000,1/10/2024,2024-10-01,2025-11-09 07:30:19.821879,data/lms_loan_daily.csv,2024-10-01
CUS_0x4e05_2024_06_01,CUS_0x4e05,1/6/2024,10,4,10000,1000,1000,0,6000,1/10/2024,2024-10-01,2025-11-09 07:30:19.821879,data/lms_loan_daily.csv,2024-10-01
CUS_0x4e07_2024_06_01,CUS_0x4e07,1/6/2024,10,4,10000,1000,0,1000,7000,1/10/2024,2024-10-01,2025-11-09 07:30:19.821879,data/lms_loan_daily.csv,2024-10-01
CUS_0x4e1f_2024_10_01,CUS_0x4e1f,1/10/2024,10,0,10000,0,0,0,10000,1/10/2024,2024-10-01,2025-11-09 07:30:19.821879,data/lms_loan_daily.csv,2024-10-01
CUS_0x4e22_2024_03_01,CUS_0x4e22,1/3/2024,10,7,10000,1000,1000,0,3000,1/10/2024,2024-10-01,2025-11-09 07:30:19.821879,data/lms_loan_daily.csv,2024-10-01
CUS_0x4e24_2024_03_01,CUS_0x4e24,1/3/2024,10,7,10000,1000,0,3000,6000,1/10/2024,2024-10-01,2025-11-09 07:30:19.821879,data/lms_loan_daily.csv,2024-10-01
CUS_0x4e3b_2024_03_01,CUS_0x4e3b,1/3/2024,10,7,10000,1000,1000,0,3000,1/10/2024,2024-10-01,2025-11-09 07:30:19.821879,data/lms_loan_daily.csv,2024-10-01
CUS_0x4e42_2024_04_01,CUS_0x4e42,1/4/2024,10,6,10000,1000,1000,0,4000,1/10/2024,2024-10-01,2025-11-09 07:30:19.821879,data/lms_loan_daily.csv,2024-10-01
CUS_0x4e52_2024_10_01,CUS_0x4e52,1/10/2024,10,0,10000,0,0,0,10000,1/10/2024,2024-10-01,2025-11-09 07:30:19.821879,data/lms_loan_daily.csv,2024-10-01
CUS_0x4e5f_2024_08_01,CUS_0x4e5f,1/8/2024,10,2,10000,1000,1000,0,8000,1/10/2024,2024-10-01,2025-11-09 07:30:19.821879,data/lms_loan_daily.csv,2024-10-01
CUS_0x4e6e_2024_09_01,CUS_0x4e6e,1/9/2024,10,1,10000,1000,1000,0,9000,1/10/2024,2024-10-01,2025-11-09 07:30:19.821879,data/lms_loan_daily.csv,2024-10-01
CUS_0x4e73_2024_01_01,CUS_0x4e73,1/1/2024,10,9,10000,1000,0,5000,6000,1/10/2024,2024-10-01,2025-11-09 07:30:19.821879,data/lms_loan_daily.csv,2024-10-01
CUS_0x4e7d_2024_02_01,CUS_0x4e7d,1/2/2024,10,8,10000,1000,1000,0,2000,1/10/2024,2024-10-01,2025-11-09 07:30:19.821879,data/lms_loan_daily.csv,2024-10-01
CUS_0x4e80_2024_08_01,CUS_0x4e80,1/8/2024,10,2,10000,1000,1000,0,8000,1/10/2024,2024-10-01,2025-11-09 07:30:19.821879,data/lms_loan_daily.csv,2024-10-01
CUS_0x4e89_2024_08_01,CUS_0x4e89,1/8/2024,10,2,10000,1000,1000,0,8000,1/10/2024,2024-10-01,2025-11-09 07:30:19.821879,data/lms_loan_daily.csv,2024-10-01
CUS_0x4e8c_2023_12_01,CUS_0x4e8c,1/12/2023,10,10,10000,1000,1000,0,0,1/10/2024,2024-10-01,2025-11-09 07:30:19.821879,data/lms_loan_daily.csv,2024-10-01
CUS_0x4e94_2023_12_01,CUS_0x4e94,1/12/2023,10,10,10000,1000,1000,0,0,1/10/2024,2024-10-01,2025-11-09 07:30:19.821879,data/lms_loan_daily.csv,2024-10-01
CUS_0x4e97_2024_08_01,CUS_0x4e97,1/8/2024,10,2,10000,1000,0,2000,10000,1/10/2024,2024-10-01,2025-11-09 07:30:19.821879,data/lms_loan_daily.csv,2024-10-01
CUS_0x4e9c_2024_10_01,CUS_0x4e9c,1/10/2024,10,0,10000,0,0,0,10000,1/10/2024,2024-10-01,2025-11-09 07:30:19.821879,data/lms_loan_daily.csv,2024-10-01
CUS_0x4ea5_2024_09_01,CUS_0x4ea5,1/9/2024,10,1,10000,1000,1000,0,9000,1/10/2024,2024-10-01,2025-11-09 07:30:19.821879,data/lms_loan_daily.csv,2024-10-01
CUS_0x4eab_2023_12_01,CUS_0x4eab,1/12/2023,10,10,10000,1000,1000,0,0,1/10/2024,2024-10-01,2025-11-09 07:30:19.821879,data/lms_loan_daily.csv,2024-10-01
CUS_0x4ead_2024_07_01,CUS_0x4ead,1/7/2024,10,3,10000,1000,0,1000,8000,1/10/2024,2024-10-01,2025-11-09 07:30:19.821879,data/lms_loan_daily.csv,2024-10-01
CUS_0x4eb3_2024_09_01,CUS_0x4eb3,1/9/2024,10,1,10000,1000,1000,0,9000,1/10/2024,2024-10-01,2025-11-09 07:30:19.821879,data/lms_loan_daily.csv,2024-10-01
CUS_0x4ec9_2024_03_01,CUS_0x4ec9,1/3/2024,10,7,10000,1000,1000,0,3000,1/10/2024,2024-10-01,2025-11-09 07:30:19.821879,data/lms_loan_daily.csv,2024-10-01
CUS_0x4eca_2024_09_01,CUS_0x4eca,1/9/2024,10,1,10000,1000,1000,0,9000,1/10/2024,2024-10-01,2025-11-09 07:30:19.821879,data/lms_loan_daily.csv,2024-10-01
CUS_0x4ed2_2024_08_01,CUS_0x4ed2,1/8/2024,10,2,10000,1000,1000,0,8000,1/10/2024,2024-10-01,2025-11-09 07:30:19.821879,data/lms_loan_daily.csv,2024-10-01
CUS_0x4edb_2023_12_01,CUS_0x4edb,1/12/2023,10,10,10000,1000,1000,0,0,1/10/2024,2024-10-01,2025-11-09 07:30:19.821879,data/lms_loan_daily.csv,2024-10-01
CUS_0x4edc_2024_02_01,CUS_0x4edc,1/2/2024,10,8,10000,1000,1000,0,2000,1/10/2024,2024-10-01,2025-11-09 07:30:19.821879,data/lms_loan_daily.csv,2024-10-01
CUS_0x4ee1_2024_07_01,CUS_0x4ee1,1/7/2024,10,3,10000,1000,1000,0,7000,1/10/2024,2024-10-01,2025-11-09 07:30:19.821879,data/lms_loan_daily.csv,2024-10-01
CUS_0x4ee5_2024_08_01,CUS_0x4ee5,1/8/2024,10,2,10000,1000,1000,0,8000,1/10/2024,2024-10-01,2025-11-09 07:30:19.821879,data/lms_loan_daily.csv,2024-10-01
CUS_0x4ee7_2024_05_01,CUS_0x4ee7,1/5/2024,10,5,10000,1000,1000,0,5000,1/10/2024,2024-10-01,2025-11-09 07:30:19.821879,data/lms_loan_daily.csv,2024-10-01
CUS_0x4eef_2024_04_01,CUS_0x4eef,1/4/2024,10,6,10000,1000,0,2000,6000,1/10/2024,2024-10-01,2025-11-09 07:30:19.821879,data/lms_loan_daily.csv,2024-10-01
CUS_0x4ef0_2024_02_01,CUS_0x4ef0,1/2/2024,10,8,10000,1000,0,5000,7000,1/10/2024,2024-10-01,2025-11-09 07:30:19.821879,data/lms_loan_daily.csv,2024-10-01
CUS_0x4ef2_2024_06_01,CUS_0x4ef2,1/6/2024,10,4,10000,1000,1000,0,6000,1/10/2024,2024-10-01,2025-11-09 07:30:19.821879,data/lms_loan_daily.csv,2024-10-01
CUS_0x4f01_2024_01_01,CUS_0x4f01,1/1/2024,10,9,10000,1000,0,6000,7000,1/10/2024,2024-10-01,2025-11-09 07:30:19.821879,data/lms_loan_daily.csv,2024-10-01
CUS_0x4f07_2024_05_01,CUS_0x4f07,1/5/2024,10,5,10000,1000,1000,0,5000,1/10/2024,2024-10-01,2025-11-09 07:30:19.821879,data/lms_loan_daily.csv,2024-10-01
CUS_0x4f0d_2024_10_01,CUS_0x4f0d,1/10/2024,10,0,10000,0,0,0,10000,1/10/2024,2024-10-01,2025-11-09 07:30:19.821879,data/lms_loan_daily.csv,2024-10-01
CUS_0x4f15_2024_03_01,CUS_0x4f15,1/3/2024,10,7,10000,1000,1000,0,3000,1/10/2024,2024-10-01,2025-11-09 07:30:19.821879,data/lms_loan_daily.csv,2024-10-01
CUS_0x4f28_2024_10_01,CUS_0x4f28,1/10/2024,10,0,10000,0,0,0,10000,1/10/2024,2024-10-01,2025-11-09 07:30:19.821879,data/lms_loan_daily.csv,2024-10-01
CUS_0x4f29_2024_04_01,CUS_0x4f29,1/4/2024,10,6,10000,1000,0,3000,7000,1/10/2024,2024-10-01,2025-11-09 07:30:19.821879,data/lms_loan_daily.csv,2024-10-01
CUS_0x4f3_2024_07_01,CUS_0x4f3,1/7/2024,10,3,10000,1000,1000,0,7000,1/10/2024,2024-10-01,2025-11-09 07:30:19.821879,data/lms_loan_daily.csv,2024-10-01
CUS_0x4f32_2024_10_01,CUS_0x4f32,1/10/2024,10,0,10000,0,0,0,10000,1/10/2024,2024-10-01,2025-11-09 07:30:19.821879,data/lms_loan_daily.csv,2024-10-01
CUS_0x4f3b_2024_09_01,CUS_0x4f3b,1/9/2024,10,1,10000,1000,1000,0,9000,1/10/2024,2024-10-01,2025-11-09 07:30:19.821879,data/lms_loan_daily.csv,2024-10-01
CUS_0x4f3e_2024_06_01,CUS_0x4f3e,1/6/2024,10,4,10000,1000,1000,0,6000,1/10/2024,2024-10-01,2025-11-09 07:30:19.821879,data/lms_loan_daily.csv,2024-10-01
CUS_0x4f43_2024_03_01,CUS_0x4f43,1/3/2024,10,7,10000,1000,0,4000,7000,1/10/2024,2024-10-01,2025-11-09 07:30:19.821879,data/lms_loan_daily.csv,2024-10-01
CUS_0x4f44_2024_08_01,CUS_0x4f44,1/8/2024,10,2,10000,1000,1000,0,8000,1/10/2024,2024-10-01,2025-11-09 07:30:19.821879,data/lms_loan_daily.csv,2024-10-01
CUS_0x4f4d_2024_02_01,CUS_0x4f4d,1/2/2024,10,8,10000,1000,0,7000,9000,1/10/2024,2024-10-01,2025-11-09 07:30:19.821879,data/lms_loan_daily.csv,2024-10-01
CUS_0x4f52_2024_02_01,CUS_0x4f52,1/2/2024,10,8,10000,1000,1000,0,2000,1/10/2024,2024-10-01,2025-11-09 07:30:19.821879,data/lms_loan_daily.csv,2024-10-01
CUS_0x4f57_2024_04_01,CUS_0x4f57,1/4/2024,10,6,10000,1000,1000,0,4000,1/10/2024,2024-10-01,2025-11-09 07:30:19.821879,data/lms_loan_daily.csv,2024-10-01
CUS_0x4f70_2024_08_01,CUS_0x4f70,1/8/2024,10,2,10000,1000,1000,0,8000,1/10/2024,2024-10-01,2025-11-09 07:30:19.821879,data/lms_loan_daily.csv,2024-10-01
CUS_0x4f73_2024_06_01,CUS_0x4f73,1/6/2024,10,4,10000,1000,1000,0,6000,1/10/2024,2024-10-01,2025-11-09 07:30:19.821879,data/lms_loan_daily.csv,2024-10-01
CUS_0x4f83_2024_03_01,CUS_0x4f83,1/3/2024,10,7,10000,1000,1000,0,3000,1/10/2024,2024-10-01,2025-11-09 07:30:19.821879,data/lms_loan_daily.csv,2024-10-01
CUS_0x4f85_2024_08_01,CUS_0x4f85,1/8/2024,10,2,10000,1000,0,1000,9000,1/10/2024,2024-10-01,2025-11-09 07:30:19.821879,data/lms_loan_daily.csv,2024-10-01
CUS_0x4f88_2024_02_01,CUS_0x4f88,1/2/2024,10,8,10000,1000,0,5000,7000,1/10/2024,2024-10-01,2025-11-09 07:30:19.821879,data/lms_loan_daily.csv,2024-10-01
CUS_0x4f8f_2024_05_01,CUS_0x4f8f,1/5/2024,10,5,10000,1000,1000,0,5000,1/10/2024,2024-10-01,2025-11-09 07:30:19.821879,data/lms_loan_daily.csv,2024-10-01
CUS_0x4f92_2024_10_01,CUS_0x4f92,1/10/2024,10,0,10000,0,0,0,10000,1/10/2024,2024-10-01,2025-11-09 07:30:19.821879,data/lms_loan_daily.csv,2024-10-01
CUS_0x4fa6_2024_04_01,CUS_0x4fa6,1/4/2024,10,6,10000,1000,0,3000,7000,1/10/2024,2024-10-01,2025-11-09 07:30:19.821879,data/lms_loan_daily.csv,2024-10-01
CUS_0x4fb5_2023_12_01,CUS_0x4fb5,1/12/2023,10,10,10000,1000,0,9000,9000,1/10/2024,2024-10-01,2025-11-09 07:30:19.821879,data/lms_loan_daily.csv,2024-10-01
CUS_0x4fb8_2024_04_01,CUS_0x4fb8,1/4/2024,10,6,10000,1000,0,3000,7000,1/10/2024,2024-10-01,2025-11-09 07:30:19.821879,data/lms_loan_daily.csv,2024-10-01
CUS_0x4fc4_2024_06_01,CUS_0x4fc4,1/6/2024,10,4,10000,1000,1000,0,6000,1/10/2024,2024-10-01,2025-11-09 07:30:19.821879,data/lms_loan_daily.csv,2024-10-01
CUS_0x4fc9_2024_04_01,CUS_0x4fc9,1/4/2024,10,6,10000,1000,0,2000,6000,1/10/2024,2024-10-01,2025-11-09 07:30:19.821879,data/lms_loan_daily.csv,2024-10-01
CUS_0x4fcc_2024_08_01,CUS_0x4fcc,1/8/2024,10,2,10000,1000,1000,0,8000,1/10/2024,2024-10-01,2025-11-09 07:30:19.821879,data/lms_loan_daily.csv,2024-10-01
CUS_0x4fd8_2024_01_01,CUS_0x4fd8,1/1/2024,10,9,10000,1000,0,6000,7000,1/10/2024,2024-10-01,2025-11-09 07:30:19.821879,data/lms_loan_daily.csv,2024-10-01
CUS_0x4fe9_2024_08_01,CUS_0x4fe9,1/8/2024,10,2,10000,1000,1000,0,8000,1/10/2024,2024-10-01,2025-11-09 07:30:19.821879,data/lms_loan_daily.csv,2024-10-01
CUS_0x4ff7_2024_10_01,CUS_0x4ff7,1/10/2024,10,0,10000,0,0,0,10000,1/10/2024,2024-10-01,2025-11-09 07:30:19.821879,data/lms_loan_daily.csv,2024-10-01
CUS_0x4ffd_2024_08_01,CUS_0x4ffd,1/8/2024,10,2,10000,1000,1000,0,8000,1/10/2024,2024-10-01,2025-11-09 07:30:19.821879,data/lms_loan_daily.csv,2024-10-01
CUS_0x5000_2024_09_01,CUS_0x5000,1/9/2024,10,1,10000,1000,1000,0,9000,1/10/2024,2024-10-01,2025-11-09 07:30:19.821879,data/lms_loan_daily.csv,2024-10-01
CUS_0x501c_2024_03_01,CUS_0x501c,1/3/2024,10,7,10000,1000,0,4000,7000,1/10/2024,2024-10-01,2025-11-09 07:30:19.821879,data/lms_loan_daily.csv,2024-10-01
CUS_0x501d_2024_02_01,CUS_0x501d,1/2/2024,10,8,10000,1000,1000,0,2000,1/10/2024,2024-10-01,2025-11-09 07:30:19.821879,data/lms_loan_daily.csv,2024-10-01
CUS_0x5035_2023_12_01,CUS_0x5035,1/12/2023,10,10,10000,1000,1000,0,0,1/10/2024,2024-10-01,2025-11-09 07:30:19.821879,data/lms_loan_daily.csv,2024-10-01
CUS_0x5044_2024_01_01,CUS_0x5044,1/1/2024,10,9,10000,1000,1000,0,1000,1/10/2024,2024-10-01,2025-11-09 07:30:19.821879,data/lms_loan_daily.csv,2024-10-01
CUS_0x5048_2024_03_01,CUS_0x5048,1/3/2024,10,7,10000,1000,0,4000,7000,1/10/2024,2024-10-01,2025-11-09 07:30:19.821879,data/lms_loan_daily.csv,2024-10-01
CUS_0x5053_2024_07_01,CUS_0x5053,1/7/2024,10,3,10000,1000,1000,0,7000,1/10/2024,2024-10-01,2025-11-09 07:30:19.821879,data/lms_loan_daily.csv,2024-10-01
CUS_0x5054_2024_04_01,CUS_0x5054,1/4/2024,10,6,10000,1000,1000,0,4000,1/10/2024,2024-10-01,2025-11-09 07:30:19.821879,data/lms_loan_daily.csv,2024-10-01
CUS_0x505f_2024_10_01,CUS_0x505f,1/10/2024,10,0,10000,0,0,0,10000,1/10/2024,2024-10-01,2025-11-09 07:30:19.821879,data/lms_loan_daily.csv,2024-10-01
CUS_0x5067_2024_05_01,CUS_0x5067,1/5/2024,10,5,10000,1000,0,2000,7000,1/10/2024,2024-10-01,2025-11-09 07:30:19.821879,data/lms_loan_daily.csv,2024-10-01
CUS_0x506d_2024_04_01,CUS_0x506d,1/4/2024,10,6,10000,1000,1000,0,4000,1/10/2024,2024-10-01,2025-11-09 07:30:19.821879,data/lms_loan_daily.csv,2024-10-01
CUS_0x5073_2024_09_01,CUS_0x5073,1/9/2024,10,1,10000,1000,1000,0,9000,1/10/2024,2024-10-01,2025-11-09 07:30:19.821879,data/lms_loan_daily.csv,2024-10-01
CUS_0x507d_2024_07_01,CUS_0x507d,1/7/2024,10,3,10000,1000,1000,0,7000,1/10/2024,2024-10-01,2025-11-09 07:30:19.821879,data/lms_loan_daily.csv,2024-10-01
CUS_0x5082_2024_01_01,CUS_0x5082,1/1/2024,10,9,10000,1000,1000,0,1000,1/10/2024,2024-10-01,2025-11-09 07:30:19.821879,data/lms_loan_daily.csv,2024-10-01
CUS_0x5087_2024_01_01,CUS_0x5087,1/1/2024,10,9,10000,1000,1000,0,1000,1/10/2024,2024-10-01,2025-11-09 07:30:19.821879,data/lms_loan_daily.csv,2024-10-01
CUS_0x508c_2024_07_01,CUS_0x508c,1/7/2024,10,3,10000,1000,1000,0,7000,1/10/2024,2024-10-01,2025-11-09 07:30:19.821879,data/lms_loan_daily.csv,2024-10-01
CUS_0x509e_2024_04_01,CUS_0x509e,1/4/2024,10,6,10000,1000,0,4000,8000,1/10/2024,2024-10-01,2025-11-09 07:30:19.821879,data/lms_loan_daily.csv,2024-10-01
CUS_0x50c4_2024_08_01,CUS_0x50c4,1/8/2024,10,2,10000,1000,1000,0,8000,1/10/2024,2024-10-01,2025-11-09 07:30:19.821879,data/lms_loan_daily.csv,2024-10-01
CUS_0x50d5_2024_09_01,CUS_0x50d5,1/9/2024,10,1,10000,1000,1000,0,9000,1/10/2024,2024-10-01,2025-11-09 07:30:19.821879,data/lms_loan_daily.csv,2024-10-01
CUS_0x50e1_2024_06_01,CUS_0x50e1,1/6/2024,10,4,10000,1000,1000,0,6000,1/10/2024,2024-10-01,2025-11-09 07:30:19.821879,data/lms_loan_daily.csv,2024-10-01
CUS_0x50e6_2024_01_01,CUS_0x50e6,1/1/2024,10,9,10000,1000,1000,0,1000,1/10/2024,2024-10-01,2025-11-09 07:30:19.821879,data/lms_loan_daily.csv,2024-10-01
CUS_0x50e9_2024_01_01,CUS_0x50e9,1/1/2024,10,9,10000,1000,1000,0,1000,1/10/2024,2024-10-01,2025-11-09 07:30:19.821879,data/lms_loan_daily.csv,2024-10-01
CUS_0x50ef_2024_04_01,CUS_0x50ef,1/4/2024,10,6,10000,1000,1000,0,4000,1/10/2024,2024-10-01,2025-11-09 07:30:19.821879,data/lms_loan_daily.csv,2024-10-01
CUS_0x50fe_2024_10_01,CUS_0x50fe,1/10/2024,10,0,10000,0,0,0,10000,1/10/2024,2024-10-01,2025-11-09 07:30:19.821879,data/lms_loan_daily.csv,2024-10-01
CUS_0x510c_2024_05_01,CUS_0x510c,1/5/2024,10,5,10000,1000,1000,0,5000,1/10/2024,2024-10-01,2025-11-09 07:30:19.821879,data/lms_loan_daily.csv,2024-10-01
CUS_0x510d_2024_02_01,CUS_0x510d,1/2/2024,10,8,10000,1000,1000,0,2000,1/10/2024,2024-10-01,2025-11-09 07:30:19.821879,data/lms_loan_daily.csv,2024-10-01
CUS_0x511e_2024_08_01,CUS_0x511e,1/8/2024,10,2,10000,1000,1000,0,8000,1/10/2024,2024-10-01,2025-11-09 07:30:19.821879,data/lms_loan_daily.csv,2024-10-01
CUS_0x5128_2024_09_01,CUS_0x5128,1/9/2024,10,1,10000,1000,1000,0,9000,1/10/2024,2024-10-01,2025-11-09 07:30:19.821879,data/lms_loan_daily.csv,2024-10-01
CUS_0x5129_2024_08_01,CUS_0x5129,1/8/2024,10,2,10000,1000,0,1000,9000,1/10/2024,2024-10-01,2025-11-09 07:30:19.821879,data/lms_loan_daily.csv,2024-10-01
CUS_0x5131_2023_12_01,CUS_0x5131,1/12/2023,10,10,10000,1000,1000,0,0,1/10/2024,2024-10-01,2025-11-09 07:30:19.821879,data/lms_loan_daily.csv,2024-10-01
CUS_0x5135_2023_12_01,CUS_0x5135,1/12/2023,10,10,10000,1000,0,6000,6000,1/10/2024,2024-10-01,2025-11-09 07:30:19.821879,data/lms_loan_daily.csv,2024-10-01
CUS_0x5146_2024_06_01,CUS_0x5146,1/6/2024,10,4,10000,1000,1000,0,6000,1/10/2024,2024-10-01,2025-11-09 07:30:19.821879,data/lms_loan_daily.csv,2024-10-01
CUS_0x514e_2024_04_01,CUS_0x514e,1/4/2024,10,6,10000,1000,1000,0,4000,1/10/2024,2024-10-01,2025-11-09 07:30:19.821879,data/lms_loan_daily.csv,2024-10-01
CUS_0x5155_2024_09_01,CUS_0x5155,1/9/2024,10,1,10000,1000,1000,0,9000,1/10/2024,2024-10-01,2025-11-09 07:30:19.821879,data/lms_loan_daily.csv,2024-10-01
CUS_0x515a_2024_07_01,CUS_0x515a,1/7/2024,10,3,10000,1000,1000,0,7000,1/10/2024,2024-10-01,2025-11-09 07:30:19.821879,data/lms_loan_daily.csv,2024-10-01
CUS_0x5161_2024_03_01,CUS_0x5161,1/3/2024,10,7,10000,1000,1000,0,3000,1/10/2024,2024-10-01,2025-11-09 07:30:19.821879,data/lms_loan_daily.csv,2024-10-01
CUS_0x516c_2024_04_01,CUS_0x516c,1/4/2024,10,6,10000,1000,1000,0,4000,1/10/2024,2024-10-01,2025-11-09 07:30:19.821879,data/lms_loan_daily.csv,2024-10-01
CUS_0x5171_2024_04_01,CUS_0x5171,1/4/2024,10,6,10000,1000,1000,0,4000,1/10/2024,2024-10-01,2025-11-09 07:30:19.821879,data/lms_loan_daily.csv,2024-10-01
CUS_0x5182_2023_12_01,CUS_0x5182,1/12/2023,10,10,10000,1000,0,8000,8000,1/10/2024,2024-10-01,2025-11-09 07:30:19.821879,data/lms_loan_daily.csv,2024-10-01
CUS_0x5184_2024_09_01,CUS_0x5184,1/9/2024,10,1,10000,1000,1000,0,9000,1/10/2024,2024-10-01,2025-11-09 07:30:19.821879,data/lms_loan_daily.csv,2024-10-01
CUS_0x5189_2024_08_01,CUS_0x5189,1/8/2024,10,2,10000,1000,1000,0,8000,1/10/2024,2024-10-01,2025-11-09 07:30:19.821879,data/lms_loan_daily.csv,2024-10-01
CUS_0x5195_2024_06_01,CUS_0x5195,1/6/2024,10,4,10000,1000,1000,0,6000,1/10/2024,2024-10-01,2025-11-09 07:30:19.821879,data/lms_loan_daily.csv,2024-10-01
CUS_0x51a4_2024_07_01,CUS_0x51a4,1/7/2024,10,3,10000,1000,1000,0,7000,1/10/2024,2024-10-01,2025-11-09 07:30:19.821879,data/lms_loan_daily.csv,2024-10-01
CUS_0x51b2_2024_09_01,CUS_0x51b2,1/9/2024,10,1,10000,1000,1000,0,9000,1/10/2024,2024-10-01,2025-11-09 07:30:19.821879,data/lms_loan_daily.csv,2024-10-01
CUS_0x51d8_2024_04_01,CUS_0x51d8,1/4/2024,10,6,10000,1000,1000,0,4000,1/10/2024,2024-10-01,2025-11-09 07:30:19.821879,data/lms_loan_daily.csv,2024-10-01
CUS_0x51db_2024_01_01,CUS_0x51db,1/1/2024,10,9,10000,1000,1000,0,1000,1/10/2024,2024-10-01,2025-11-09 07:30:19.821879,data/lms_loan_daily.csv,2024-10-01
CUS_0x51e9_2024_10_01,CUS_0x51e9,1/10/2024,10,0,10000,0,0,0,10000,1/10/2024,2024-10-01,2025-11-09 07:30:19.821879,data/lms_loan_daily.csv,2024-10-01
CUS_0x51ff_2024_08_01,CUS_0x51ff,1/8/2024,10,2,10000,1000,1000,0,8000,1/10/2024,2024-10-01,2025-11-09 07:30:19.821879,data/lms_loan_daily.csv,2024-10-01
CUS_0x5209_2024_08_01,CUS_0x5209,1/8/2024,10,2,10000,1000,1000,0,8000,1/10/2024,2024-10-01,2025-11-09 07:30:19.821879,data/lms_loan_daily.csv,2024-10-01
CUS_0x5213_2024_01_01,CUS_0x5213,1/1/2024,10,9,10000,1000,1000,0,1000,1/10/2024,2024-10-01,2025-11-09 07:30:19.821879,data/lms_loan_daily.csv,2024-10-01
CUS_0x5220_2024_02_01,CUS_0x5220,1/2/2024,10,8,10000,1000,1000,0,2000,1/10/2024,2024-10-01,2025-11-09 07:30:19.821879,data/lms_loan_daily.csv,2024-10-01
CUS_0x522c_2024_02_01,CUS_0x522c,1/2/2024,10,8,10000,1000,0,5000,7000,1/10/2024,2024-10-01,2025-11-09 07:30:19.821879,data/lms_loan_daily.csv,2024-10-01
CUS_0x5234_2024_08_01,CUS_0x5234,1/8/2024,10,2,10000,1000,1000,0,8000,1/10/2024,2024-10-01,2025-11-09 07:30:19.821879,data/lms_loan_daily.csv,2024-10-01
CUS_0x5239_2023_12_01,CUS_0x5239,1/12/2023,10,10,10000,1000,0,8000,8000,1/10/2024,2024-10-01,2025-11-09 07:30:19.821879,data/lms_loan_daily.csv,2024-10-01
CUS_0x5240_2024_09_01,CUS_0x5240,1/9/2024,10,1,10000,1000,1000,0,9000,1/10/2024,2024-10-01,2025-11-09 07:30:19.821879,data/lms_loan_daily.csv,2024-10-01
CUS_0x5255_2024_02_01,CUS_0x5255,1/2/2024,10,8,10000,1000,0,5000,7000,1/10/2024,2024-10-01,2025-11-09 07:30:19.821879,data/lms_loan_daily.csv,2024-10-01
CUS_0x525f_2024_03_01,CUS_0x525f,1/3/2024,10,7,10000,1000,1000,0,3000,1/10/2024,2024-10-01,2025-11-09 07:30:19.821879,data/lms_loan_daily.csv,2024-10-01
CUS_0x5262_2023_12_01,CUS_0x5262,1/12/2023,10,10,10000,1000,1000,0,0,1/10/2024,2024-10-01,2025-11-09 07:30:19.821879,data/lms_loan_daily.csv,2024-10-01
CUS_0x5269_2024_04_01,CUS_0x5269,1/4/2024,10,6,10000,1000,0,3000,7000,1/10/2024,2024-10-01,2025-11-09 07:30:19.821879,data/lms_loan_daily.csv,2024-10-01
CUS_0x5280_2023_12_01,CUS_0x5280,1/12/2023,10,10,10000,1000,1000,0,0,1/10/2024,2024-10-01,2025-11-09 07:30:19.821879,data/lms_loan_daily.csv,2024-10-01
CUS_0x5284_2024_06_01,CUS_0x5284,1/6/2024,10,4,10000,1000,1000,0,6000,1/10/2024,2024-10-01,2025-11-09 07:30:19.821879,data/lms_loan_daily.csv,2024-10-01
CUS_0x5287_2024_02_01,CUS_0x5287,1/2/2024,10,8,10000,1000,1000,0,2000,1/10/2024,2024-10-01,2025-11-09 07:30:19.821879,data/lms_loan_daily.csv,2024-10-01
CUS_0x529c_2024_08_01,CUS_0x529c,1/8/2024,10,2,10000,1000,1000,0,8000,1/10/2024,2024-10-01,2025-11-09 07:30:19.821879,data/lms_loan_daily.csv,2024-10-01
CUS_0x52b1_2024_07_01,CUS_0x52b1,1/7/2024,10,3,10000,1000,1000,0,7000,1/10/2024,2024-10-01,2025-11-09 07:30:19.821879,data/lms_loan_daily.csv,2024-10-01
CUS_0x52b6_2024_10_01,CUS_0x52b6,1/10/2024,10,0,10000,0,0,0,10000,1/10/2024,2024-10-01,2025-11-09 07:30:19.821879,data/lms_loan_daily.csv,2024-10-01
CUS_0x52c2_2024_01_01,CUS_0x52c2,1/1/2024,10,9,10000,1000,1000,0,1000,1/10/2024,2024-10-01,2025-11-09 07:30:19.821879,data/lms_loan_daily.csv,2024-10-01
CUS_0x52d2_2024_08_01,CUS_0x52d2,1/8/2024,10,2,10000,1000,1000,0,8000,1/10/2024,2024-10-01,2025-11-09 07:30:19.821879,data/lms_loan_daily.csv,2024-10-01
CUS_0x52d5_2024_09_01,CUS_0x52d5,1/9/2024,10,1,10000,1000,1000,0,9000,1/10/2024,2024-10-01,2025-11-09 07:30:19.821879,data/lms_loan_daily.csv,2024-10-01
CUS_0x52e5_2024_09_01,CUS_0x52e5,1/9/2024,10,1,10000,1000,1000,0,9000,1/10/2024,2024-10-01,2025-11-09 07:30:19.821879,data/lms_loan_daily.csv,2024-10-01
CUS_0x52e7_2024_04_01,CUS_0x52e7,1/4/2024,10,6,10000,1000,0,4000,8000,1/10/2024,2024-10-01,2025-11-09 07:30:19.821879,data/lms_loan_daily.csv,2024-10-01
CUS_0x52ee_2024_02_01,CUS_0x52ee,1/2/2024,10,8,10000,1000,1000,0,2000,1/10/2024,2024-10-01,2025-11-09 07:30:19.821879,data/lms_loan_daily.csv,2024-10-01
CUS_0x52f3_2024_02_01,CUS_0x52f3,1/2/2024,10,8,10000,1000,1000,0,2000,1/10/2024,2024-10-01,2025-11-09 07:30:19.821879,data/lms_loan_daily.csv,2024-10-01
CUS_0x52f7_2024_02_01,CUS_0x52f7,1/2/2024,10,8,10000,1000,1000,0,2000,1/10/2024,2024-10-01,2025-11-09 07:30:19.821879,data/lms_loan_daily.csv,2024-10-01
CUS_0x5300_2024_10_01,CUS_0x5300,1/10/2024,10,0,10000,0,0,0,10000,1/10/2024,2024-10-01,2025-11-09 07:30:19.821879,data/lms_loan_daily.csv,2024-10-01
CUS_0x5309_2024_04_01,CUS_0x5309,1/4/2024,10,6,10000,1000,1000,0,4000,1/10/2024,2024-10-01,2025-11-09 07:30:19.821879,data/lms_loan_daily.csv,2024-10-01
CUS_0x530b_2024_02_01,CUS_0x530b,1/2/2024,10,8,10000,1000,1000,0,2000,1/10/2024,2024-10-01,2025-11-09 07:30:19.821879,data/lms_loan_daily.csv,2024-10-01
CUS_0x530c_2024_04_01,CUS_0x530c,1/4/2024,10,6,10000,1000,1000,0,4000,1/10/2024,2024-10-01,2025-11-09 07:30:19.821879,data/lms_loan_daily.csv,2024-10-01
CUS_0x531b_2024_07_01,CUS_0x531b,1/7/2024,10,3,10000,1000,1000,0,7000,1/10/2024,2024-10-01,2025-11-09 07:30:19.821879,data/lms_loan_daily.csv,2024-10-01
CUS_0x5324_2024_06_01,CUS_0x5324,1/6/2024,10,4,10000,1000,1000,0,6000,1/10/2024,2024-10-01,2025-11-09 07:30:19.821879,data/lms_loan_daily.csv,2024-10-01
CUS_0x5336_2024_03_01,CUS_0x5336,1/3/2024,10,7,10000,1000,1000,0,3000,1/10/2024,2024-10-01,2025-11-09 07:30:19.821879,data/lms_loan_daily.csv,2024-10-01
CUS_0x5337_2024_06_01,CUS_0x5337,1/6/2024,10,4,10000,1000,1000,0,6000,1/10/2024,2024-10-01,2025-11-09 07:30:19.821879,data/lms_loan_daily.csv,2024-10-01
CUS_0x5338_2024_01_01,CUS_0x5338,1/1/2024,10,9,10000,1000,1000,0,1000,1/10/2024,2024-10-01,2025-11-09 07:30:19.821879,data/lms_loan_daily.csv,2024-10-01
CUS_0x533c_2024_10_01,CUS_0x533c,1/10/2024,10,0,10000,0,0,0,10000,1/10/2024,2024-10-01,2025-11-09 07:30:19.821879,data/lms_loan_daily.csv,2024-10-01
CUS_0x5344_2023_12_01,CUS_0x5344,1/12/2023,10,10,10000,1000,1000,0,0,1/10/2024,2024-10-01,2025-11-09 07:30:19.821879,data/lms_loan_daily.csv,2024-10-01
CUS_0x5353_2024_05_01,CUS_0x5353,1/5/2024,10,5,10000,1000,0,3000,8000,1/10/2024,2024-10-01,2025-11-09 07:30:19.821879,data/lms_loan_daily.csv,2024-10-01
CUS_0x5354_2024_02_01,CUS_0x5354,1/2/2024,10,8,10000,1000,1000,0,2000,1/10/2024,2024-10-01,2025-11-09 07:30:19.821879,data/lms_loan_daily.csv,2024-10-01
CUS_0x535a_2024_10_01,CUS_0x535a,1/10/2024,10,0,10000,0,0,0,10000,1/10/2024,2024-10-01,2025-11-09 07:30:19.821879,data/lms_loan_daily.csv,2024-10-01
CUS_0x535b_2024_08_01,CUS_0x535b,1/8/2024,10,2,10000,1000,1000,0,8000,1/10/2024,2024-10-01,2025-11-09 07:30:19.821879,data/lms_loan_daily.csv,2024-10-01
CUS_0x535d_2023_12_01,CUS_0x535d,1/12/2023,10,10,10000,1000,1000,0,0,1/10/2024,2024-10-01,2025-11-09 07:30:19.821879,data/lms_loan_daily.csv,2024-10-01
CUS_0x536e_2024_06_01,CUS_0x536e,1/6/2024,10,4,10000,1000,0,1000,7000,1/10/2024,2024-10-01,2025-11-09 07:30:19.821879,data/lms_loan_daily.csv,2024-10-01
CUS_0x5375_2024_03_01,CUS_0x5375,1/3/2024,10,7,10000,1000,1000,0,3000,1/10/2024,2024-10-01,2025-11-09 07:30:19.821879,data/lms_loan_daily.csv,2024-10-01
CUS_0x5379_2024_05_01,CUS_0x5379,1/5/2024,10,5,10000,1000,1000,0,5000,1/10/2024,2024-10-01,2025-11-09 07:30:19.821879,data/lms_loan_daily.csv,2024-10-01
CUS_0x5391_2024_01_01,CUS_0x5391,1/1/2024,10,9,10000,1000,1000,0,1000,1/10/2024,2024-10-01,2025-11-09 07:30:19.821879,data/lms_loan_daily.csv,2024-10-01
CUS_0x5392_2024_05_01,CUS_0x5392,1/5/2024,10,5,10000,1000,1000,0,5000,1/10/2024,2024-10-01,2025-11-09 07:30:19.821879,data/lms_loan_daily.csv,2024-10-01
CUS_0x53aa_2024_10_01,CUS_0x53aa,1/10/2024,10,0,10000,0,0,0,10000,1/10/2024,2024-10-01,2025-11-09 07:30:19.821879,data/lms_loan_daily.csv,2024-10-01
CUS_0x53bc_2024_04_01,CUS_0x53bc,1/4/2024,10,6,10000,1000,1000,0,4000,1/10/2024,2024-10-01,2025-11-09 07:30:19.821879,data/lms_loan_daily.csv,2024-10-01
CUS_0x53bf_2024_05_01,CUS_0x53bf,1/5/2024,10,5,10000,1000,0,2000,7000,1/10/2024,2024-10-01,2025-11-09 07:30:19.821879,data/lms_loan_daily.csv,2024-10-01
CUS_0x53cc_2024_02_01,CUS_0x53cc,1/2/2024,10,8,10000,1000,1000,0,2000,1/10/2024,2024-10-01,2025-11-09 07:30:19.821879,data/lms_loan_daily.csv,2024-10-01
CUS_0x53d1_2024_09_01,CUS_0x53d1,1/9/2024,10,1,10000,1000,1000,0,9000,1/10/2024,2024-10-01,2025-11-09 07:30:19.821879,data/lms_loan_daily.csv,2024-10-01
CUS_0x53e2_2024_02_01,CUS_0x53e2,1/2/2024,10,8,10000,1000,1000,0,2000,1/10/2024,2024-10-01,2025-11-09 07:30:19.821879,data/lms_loan_daily.csv,2024-10-01
CUS_0x53e8_2024_03_01,CUS_0x53e8,1/3/2024,10,7,10000,1000,0,3000,6000,1/10/2024,2024-10-01,2025-11-09 07:30:19.821879,data/lms_loan_daily.csv,2024-10-01
CUS_0x53e9_2024_03_01,CUS_0x53e9,1/3/2024,10,7,10000,1000,0,3000,6000,1/10/2024,2024-10-01,2025-11-09 07:30:19.821879,data/lms_loan_daily.csv,2024-10-01
CUS_0x53eb_2024_08_01,CUS_0x53eb,1/8/2024,10,2,10000,1000,1000,0,8000,1/10/2024,2024-10-01,2025-11-09 07:30:19.821879,data/lms_loan_daily.csv,2024-10-01
CUS_0x53f3_2024_02_01,CUS_0x53f3,1/2/2024,10,8,10000,1000,1000,0,2000,1/10/2024,2024-10-01,2025-11-09 07:30:19.821879,data/lms_loan_daily.csv,2024-10-01
CUS_0x53f6_2024_06_01,CUS_0x53f6,1/6/2024,10,4,10000,1000,1000,0,6000,1/10/2024,2024-10-01,2025-11-09 07:30:19.821879,data/lms_loan_daily.csv,2024-10-01
CUS_0x5407_2024_04_01,CUS_0x5407,1/4/2024,10,6,10000,1000,0,3000,7000,1/10/2024,2024-10-01,2025-11-09 07:30:19.821879,data/lms_loan_daily.csv,2024-10-01
CUS_0x540e_2024_10_01,CUS_0x540e,1/10/2024,10,0,10000,0,0,0,10000,1/10/2024,2024-10-01,2025-11-09 07:30:19.821879,data/lms_loan_daily.csv,2024-10-01
CUS_0x5418_2024_08_01,CUS_0x5418,1/8/2024,10,2,10000,1000,1000,0,8000,1/10/2024,2024-10-01,2025-11-09 07:30:19.821879,data/lms_loan_daily.csv,2024-10-01
CUS_0x541c_2024_06_01,CUS_0x541c,1/6/2024,10,4,10000,1000,1000,0,6000,1/10/2024,2024-10-01,2025-11-09 07:30:19.821879,data/lms_loan_daily.csv,2024-10-01
CUS_0x5426_2023_12_01,CUS_0x5426,1/12/2023,10,10,10000,1000,0,6000,6000,1/10/2024,2024-10-01,2025-11-09 07:30:19.821879,data/lms_loan_daily.csv,2024-10-01
CUS_0x542c_2024_04_01,CUS_0x542c,1/4/2024,10,6,10000,1000,1000,0,4000,1/10/2024,2024-10-01,2025-11-09 07:30:19.821879,data/lms_loan_daily.csv,2024-10-01
CUS_0x542d_2024_01_01,CUS_0x542d,1/1/2024,10,9,10000,1000,0,8000,9000,1/10/2024,2024-10-01,2025-11-09 07:30:19.821879,data/lms_loan_daily.csv,2024-10-01
CUS_0x5435_2024_03_01,CUS_0x5435,1/3/2024,10,7,10000,1000,1000,0,3000,1/10/2024,2024-10-01,2025-11-09 07:30:19.821879,data/lms_loan_daily.csv,2024-10-01
CUS_0x5436_2024_06_01,CUS_0x5436,1/6/2024,10,4,10000,1000,1000,0,6000,1/10/2024,2024-10-01,2025-11-09 07:30:19.821879,data/lms_loan_daily.csv,2024-10-01
CUS_0x543d_2024_08_01,CUS_0x543d,1/8/2024,10,2,10000,1000,0,1000,9000,1/10/2024,2024-10-01,2025-11-09 07:30:19.821879,data/lms_loan_daily.csv,2024-10-01
CUS_0x544_2024_07_01,CUS_0x544,1/7/2024,10,3,10000,1000,1000,0,7000,1/10/2024,2024-10-01,2025-11-09 07:30:19.821879,data/lms_loan_daily.csv,2024-10-01
CUS_0x5446_2024_02_01,CUS_0x5446,1/2/2024,10,8,10000,1000,0,5000,7000,1/10/2024,2024-10-01,2025-11-09 07:30:19.821879,data/lms_loan_daily.csv,2024-10-01
CUS_0x544d_2024_05_01,CUS_0x544d,1/5/2024,10,5,10000,1000,0,1000,6000,1/10/2024,2024-10-01,2025-11-09 07:30:19.821879,data/lms_loan_daily.csv,2024-10-01
CUS_0x544f_2024_03_01,CUS_0x544f,1/3/2024,10,7,10000,1000,0,6000,9000,1/10/2024,2024-10-01,2025-11-09 07:30:19.821879,data/lms_loan_daily.csv,2024-10-01
CUS_0x5465_2024_04_01,CUS_0x5465,1/4/2024,10,6,10000,1000,1000,0,4000,1/10/2024,2024-10-01,2025-11-09 07:30:19.821879,data/lms_loan_daily.csv,2024-10-01
CUS_0x5478_2024_07_01,CUS_0x5478,1/7/2024,10,3,10000,1000,0,2000,9000,1/10/2024,2024-10-01,2025-11-09 07:30:19.821879,data/lms_loan_daily.csv,2024-10-01
CUS_0x5479_2024_04_01,CUS_0x5479,1/4/2024,10,6,10000,1000,1000,0,4000,1/10/2024,2024-10-01,2025-11-09 07:30:19.821879,data/lms_loan_daily.csv,2024-10-01
CUS_0x5480_2024_07_01,CUS_0x5480,1/7/2024,10,3,10000,1000,1000,0,7000,1/10/2024,2024-10-01,2025-11-09 07:30:19.821879,data/lms_loan_daily.csv,2024-10-01
CUS_0x5487_2024_07_01,CUS_0x5487,1/7/2024,10,3,10000,1000,1000,0,7000,1/10/2024,2024-10-01,2025-11-09 07:30:19.821879,data/lms_loan_daily.csv,2024-10-01
CUS_0x5494_2024_06_01,CUS_0x5494,1/6/2024,10,4,10000,1000,1000,0,6000,1/10/2024,2024-10-01,2025-11-09 07:30:19.821879,data/lms_loan_daily.csv,2024-10-01
CUS_0x5495_2023_12_01,CUS_0x5495,1/12/2023,10,10,10000,1000,1000,0,0,1/10/2024,2024-10-01,2025-11-09 07:30:19.821879,data/lms_loan_daily.csv,2024-10-01
CUS_0x54a3_2024_08_01,CUS_0x54a3,1/8/2024,10,2,10000,1000,1000,0,8000,1/10/2024,2024-10-01,2025-11-09 07:30:19.821879,data/lms_loan_daily.csv,2024-10-01
CUS_0x54a4_2024_05_01,CUS_0x54a4,1/5/2024,10,5,10000,1000,1000,0,5000,1/10/2024,2024-10-01,2025-11-09 07:30:19.821879,data/lms_loan_daily.csv,2024-10-01
CUS_0x54a7_2023_12_01,CUS_0x54a7,1/12/2023,10,10,10000,1000,1000,0,0,1/10/2024,2024-10-01,2025-11-09 07:30:19.821879,data/lms_loan_daily.csv,2024-10-01
CUS_0x54a8_2024_01_01,CUS_0x54a8,1/1/2024,10,9,10000,1000,0,7000,8000,1/10/2024,2024-10-01,2025-11-09 07:30:19.821879,data/lms_loan_daily.csv,2024-10-01
CUS_0x54b2_2023_12_01,CUS_0x54b2,1/12/2023,10,10,10000,1000,1000,0,0,1/10/2024,2024-10-01,2025-11-09 07:30:19.821879,data/lms_loan_daily.csv,2024-10-01
CUS_0x54bc_2024_08_01,CUS_0x54bc,1/8/2024,10,2,10000,1000,1000,0,8000,1/10/2024,2024-10-01,2025-11-09 07:30:19.821879,data/lms_loan_daily.csv,2024-10-01
CUS_0x54bd_2024_08_01,CUS_0x54bd,1/8/2024,10,2,10000,1000,1000,0,8000,1/10/2024,2024-10-01,2025-11-09 07:30:19.821879,data/lms_loan_daily.csv,2024-10-01
CUS_0x54bf_2024_02_01,CUS_0x54bf,1/2/2024,10,8,10000,1000,0,6000,8000,1/10/2024,2024-10-01,2025-11-09 07:30:19.821879,data/lms_loan_daily.csv,2024-10-01
CUS_0x54c3_2024_06_01,CUS_0x54c3,1/6/2024,10,4,10000,1000,0,2000,8000,1/10/2024,2024-10-01,2025-11-09 07:30:19.821879,data/lms_loan_daily.csv,2024-10-01
CUS_0x54c6_2023_12_01,CUS_0x54c6,1/12/2023,10,10,10000,1000,1000,0,0,1/10/2024,2024-10-01,2025-11-09 07:30:19.821879,data/lms_loan_daily.csv,2024-10-01
CUS_0x54d7_2024_01_01,CUS_0x54d7,1/1/2024,10,9,10000,1000,1000,0,1000,1/10/2024,2024-10-01,2025-11-09 07:30:19.821879,data/lms_loan_daily.csv,2024-10-01
CUS_0x5501_2024_06_01,CUS_0x5501,1/6/2024,10,4,10000,1000,0,2000,8000,1/10/2024,2024-10-01,2025-11-09 07:30:19.821879,data/lms_loan_daily.csv,2024-10-01
CUS_0x5510_2024_02_01,CUS_0x5510,1/2/2024,10,8,10000,1000,1000,0,2000,1/10/2024,2024-10-01,2025-11-09 07:30:19.821879,data/lms_loan_daily.csv,2024-10-01
CUS_0x552_2024_08_01,CUS_0x552,1/8/2024,10,2,10000,1000,1000,0,8000,1/10/2024,2024-10-01,2025-11-09 07:30:19.821879,data/lms_loan_daily.csv,2024-10-01
CUS_0x5523_2024_09_01,CUS_0x5523,1/9/2024,10,1,10000,1000,1000,0,9000,1/10/2024,2024-10-01,2025-11-09 07:30:19.821879,data/lms_loan_daily.csv,2024-10-01
CUS_0x552f_2024_05_01,CUS_0x552f,1/5/2024,10,5,10000,1000,1000,0,5000,1/10/2024,2024-10-01,2025-11-09 07:30:19.821879,data/lms_loan_daily.csv,2024-10-01
CUS_0x553_2024_07_01,CUS_0x553,1/7/2024,10,3,10000,1000,1000,0,7000,1/10/2024,2024-10-01,2025-11-09 07:30:19.821879,data/lms_loan_daily.csv,2024-10-01
CUS_0x5536_2024_08_01,CUS_0x5536,1/8/2024,10,2,10000,1000,1000,0,8000,1/10/2024,2024-10-01,2025-11-09 07:30:19.821879,data/lms_loan_daily.csv,2024-10-01
CUS_0x553d_2024_09_01,CUS_0x553d,1/9/2024,10,1,10000,1000,1000,0,9000,1/10/2024,2024-10-01,2025-11-09 07:30:19.821879,data/lms_loan_daily.csv,2024-10-01
CUS_0x554_2024_10_01,CUS_0x554,1/10/2024,10,0,10000,0,0,0,10000,1/10/2024,2024-10-01,2025-11-09 07:30:19.821879,data/lms_loan_daily.csv,2024-10-01
CUS_0x5540_2024_08_01,CUS_0x5540,1/8/2024,10,2,10000,1000,0,1000,9000,1/10/2024,2024-10-01,2025-11-09 07:30:19.821879,data/lms_loan_daily.csv,2024-10-01
CUS_0x5543_2024_09_01,CUS_0x5543,1/9/2024,10,1,10000,1000,1000,0,9000,1/10/2024,2024-10-01,2025-11-09 07:30:19.821879,data/lms_loan_daily.csv,2024-10-01
CUS_0x5548_2024_10_01,CUS_0x5548,1/10/2024,10,0,10000,0,0,0,10000,1/10/2024,2024-10-01,2025-11-09 07:30:19.821879,data/lms_loan_daily.csv,2024-10-01
CUS_0x554b_2024_04_01,CUS_0x554b,1/4/2024,10,6,10000,1000,1000,0,4000,1/10/2024,2024-10-01,2025-11-09 07:30:19.821879,data/lms_loan_daily.csv,2024-10-01
CUS_0x5554_2024_04_01,CUS_0x5554,1/4/2024,10,6,10000,1000,0,4000,8000,1/10/2024,2024-10-01,2025-11-09 07:30:19.821879,data/lms_loan_daily.csv,2024-10-01
CUS_0x5569_2024_08_01,CUS_0x5569,1/8/2024,10,2,10000,1000,1000,0,8000,1/10/2024,2024-10-01,2025-11-09 07:30:19.821879,data/lms_loan_daily.csv,2024-10-01
CUS_0x5572_2023_12_01,CUS_0x5572,1/12/2023,10,10,10000,1000,1000,0,0,1/10/2024,2024-10-01,2025-11-09 07:30:19.821879,data/lms_loan_daily.csv,2024-10-01
CUS_0x557f_2024_02_01,CUS_0x557f,1/2/2024,10,8,10000,1000,1000,0,2000,1/10/2024,2024-10-01,2025-11-09 07:30:19.821879,data/lms_loan_daily.csv,2024-10-01
CUS_0x558d_2024_03_01,CUS_0x558d,1/3/2024,10,7,10000,1000,0,3000,6000,1/10/2024,2024-10-01,2025-11-09 07:30:19.821879,data/lms_loan_daily.csv,2024-10-01
CUS_0x558e_2024_06_01,CUS_0x558e,1/6/2024,10,4,10000,1000,1000,0,6000,1/10/2024,2024-10-01,2025-11-09 07:30:19.821879,data/lms_loan_daily.csv,2024-10-01
CUS_0x5591_2024_10_01,CUS_0x5591,1/10/2024,10,0,10000,0,0,0,10000,1/10/2024,2024-10-01,2025-11-09 07:30:19.821879,data/lms_loan_daily.csv,2024-10-01
CUS_0x559c_2024_06_01,CUS_0x559c,1/6/2024,10,4,10000,1000,1000,0,6000,1/10/2024,2024-10-01,2025-11-09 07:30:19.821879,data/lms_loan_daily.csv,2024-10-01
CUS_0x559e_2024_10_01,CUS_0x559e,1/10/2024,10,0,10000,0,0,0,10000,1/10/2024,2024-10-01,2025-11-09 07:30:19.821879,data/lms_loan_daily.csv,2024-10-01
CUS_0x55a1_2024_05_01,CUS_0x55a1,1/5/2024,10,5,10000,1000,1000,0,5000,1/10/2024,2024-10-01,2025-11-09 07:30:19.821879,data/lms_loan_daily.csv,2024-10-01
CUS_0x55b3_2024_10_01,CUS_0x55b3,1/10/2024,10,0,10000,0,0,0,10000,1/10/2024,2024-10-01,2025-11-09 07:30:19.821879,data/lms_loan_daily.csv,2024-10-01
CUS_0x55b5_2024_03_01,CUS_0x55b5,1/3/2024,10,7,10000,1000,1000,0,3000,1/10/2024,2024-10-01,2025-11-09 07:30:19.821879,data/lms_loan_daily.csv,2024-10-01
CUS_0x55bd_2024_02_01,CUS_0x55bd,1/2/2024,10,8,10000,1000,0,5000,7000,1/10/2024,2024-10-01,2025-11-09 07:30:19.821879,data/lms_loan_daily.csv,2024-10-01
CUS_0x55c5_2024_03_01,CUS_0x55c5,1/3/2024,10,7,10000,1000,0,4000,7000,1/10/2024,2024-10-01,2025-11-09 07:30:19.821879,data/lms_loan_daily.csv,2024-10-01
CUS_0x55c6_2024_01_01,CUS_0x55c6,1/1/2024,10,9,10000,1000,1000,0,1000,1/10/2024,2024-10-01,2025-11-09 07:30:19.821879,data/lms_loan_daily.csv,2024-10-01
CUS_0x55c7_2024_04_01,CUS_0x55c7,1/4/2024,10,6,10000,1000,1000,0,4000,1/10/2024,2024-10-01,2025-11-09 07:30:19.821879,data/lms_loan_daily.csv,2024-10-01
CUS_0x55cd_2024_02_01,CUS_0x55cd,1/2/2024,10,8,10000,1000,1000,0,2000,1/10/2024,2024-10-01,2025-11-09 07:30:19.821879,data/lms_loan_daily.csv,2024-10-01
CUS_0x55d3_2024_05_01,CUS_0x55d3,1/5/2024,10,5,10000,1000,0,1000,6000,1/10/2024,2024-10-01,2025-11-09 07:30:19.821879,data/lms_loan_daily.csv,2024-10-01
CUS_0x55e3_2024_08_01,CUS_0x55e3,1/8/2024,10,2,10000,1000,1000,0,8000,1/10/2024,2024-10-01,2025-11-09 07:30:19.821879,data/lms_loan_daily.csv,2024-10-01
CUS_0x55e4_2024_09_01,CUS_0x55e4,1/9/2024,10,1,10000,1000,1000,0,9000,1/10/2024,2024-10-01,2025-11-09 07:30:19.821879,data/lms_loan_daily.csv,2024-10-01
CUS_0x55e6_2024_05_01,CUS_0x55e6,1/5/2024,10,5,10000,1000,1000,0,5000,1/10/2024,2024-10-01,2025-11-09 07:30:19.821879,data/lms_loan_daily.csv,2024-10-01
CUS_0x55eb_2024_01_01,CUS_0x55eb,1/1/2024,10,9,10000,1000,1000,0,1000,1/10/2024,2024-10-01,2025-11-09 07:30:19.821879,data/lms_loan_daily.csv,2024-10-01
CUS_0x55f_2023_12_01,CUS_0x55f,1/12/2023,10,10,10000,1000,1000,0,0,1/10/2024,2024-10-01,2025-11-09 07:30:19.821879,data/lms_loan_daily.csv,2024-10-01
CUS_0x55f1_2024_01_01,CUS_0x55f1,1/1/2024,10,9,10000,1000,0,7000,8000,1/10/2024,2024-10-01,2025-11-09 07:30:19.821879,data/lms_loan_daily.csv,2024-10-01
CUS_0x55f5_2024_01_01,CUS_0x55f5,1/1/2024,10,9,10000,1000,1000,0,1000,1/10/2024,2024-10-01,2025-11-09 07:30:19.821879,data/lms_loan_daily.csv,2024-10-01
CUS_0x55fb_2024_08_01,CUS_0x55fb,1/8/2024,10,2,10000,1000,1000,0,8000,1/10/2024,2024-10-01,2025-11-09 07:30:19.821879,data/lms_loan_daily.csv,2024-10-01
CUS_0x560d_2024_08_01,CUS_0x560d,1/8/2024,10,2,10000,1000,1000,0,8000,1/10/2024,2024-10-01,2025-11-09 07:30:19.821879,data/lms_loan_daily.csv,2024-10-01
CUS_0x5627_2024_08_01,CUS_0x5627,1/8/2024,10,2,10000,1000,1000,0,8000,1/10/2024,2024-10-01,2025-11-09 07:30:19.821879,data/lms_loan_daily.csv,2024-10-01
CUS_0x5629_2023_12_01,CUS_0x5629,1/12/2023,10,10,10000,1000,0,7000,7000,1/10/2024,2024-10-01,2025-11-09 07:30:19.821879,data/lms_loan_daily.csv,2024-10-01
CUS_0x562f_2024_02_01,CUS_0x562f,1/2/2024,10,8,10000,1000,1000,0,2000,1/10/2024,2024-10-01,2025-11-09 07:30:19.821879,data/lms_loan_daily.csv,2024-10-01
CUS_0x563b_2024_04_01,CUS_0x563b,1/4/2024,10,6,10000,1000,1000,0,4000,1/10/2024,2024-10-01,2025-11-09 07:30:19.821879,data/lms_loan_daily.csv,2024-10-01
CUS_0x563d_2024_03_01,CUS_0x563d,1/3/2024,10,7,10000,1000,0,5000,8000,1/10/2024,2024-10-01,2025-11-09 07:30:19.821879,data/lms_loan_daily.csv,2024-10-01
CUS_0x5640_2024_08_01,CUS_0x5640,1/8/2024,10,2,10000,1000,1000,0,8000,1/10/2024,2024-10-01,2025-11-09 07:30:19.821879,data/lms_loan_daily.csv,2024-10-01
CUS_0x5641_2024_07_01,CUS_0x5641,1/7/2024,10,3,10000,1000,1000,0,7000,1/10/2024,2024-10-01,2025-11-09 07:30:19.821879,data/lms_loan_daily.csv,2024-10-01
CUS_0x564a_2024_08_01,CUS_0x564a,1/8/2024,10,2,10000,1000,1000,0,8000,1/10/2024,2024-10-01,2025-11-09 07:30:19.821879,data/lms_loan_daily.csv,2024-10-01
CUS_0x566f_2024_01_01,CUS_0x566f,1/1/2024,10,9,10000,1000,1000,0,1000,1/10/2024,2024-10-01,2025-11-09 07:30:19.821879,data/lms_loan_daily.csv,2024-10-01
CUS_0x568_2024_08_01,CUS_0x568,1/8/2024,10,2,10000,1000,0,1000,9000,1/10/2024,2024-10-01,2025-11-09 07:30:19.821879,data/lms_loan_daily.csv,2024-10-01
CUS_0x5682_2024_08_01,CUS_0x5682,1/8/2024,10,2,10000,1000,1000,0,8000,1/10/2024,2024-10-01,2025-11-09 07:30:19.821879,data/lms_loan_daily.csv,2024-10-01
CUS_0x569a_2024_02_01,CUS_0x569a,1/2/2024,10,8,10000,1000,1000,0,2000,1/10/2024,2024-10-01,2025-11-09 07:30:19.821879,data/lms_loan_daily.csv,2024-10-01
CUS_0x569d_2024_09_01,CUS_0x569d,1/9/2024,10,1,10000,1000,1000,0,9000,1/10/2024,2024-10-01,2025-11-09 07:30:19.821879,data/lms_loan_daily.csv,2024-10-01
CUS_0x56a_2024_06_01,CUS_0x56a,1/6/2024,10,4,10000,1000,1000,0,6000,1/10/2024,2024-10-01,2025-11-09 07:30:19.821879,data/lms_loan_daily.csv,2024-10-01
CUS_0x56a4_2024_07_01,CUS_0x56a4,1/7/2024,10,3,10000,1000,1000,0,7000,1/10/2024,2024-10-01,2025-11-09 07:30:19.821879,data/lms_loan_daily.csv,2024-10-01
CUS_0x56a5_2024_05_01,CUS_0x56a5,1/5/2024,10,5,10000,1000,1000,0,5000,1/10/2024,2024-10-01,2025-11-09 07:30:19.821879,data/lms_loan_daily.csv,2024-10-01
CUS_0x56a9_2024_01_01,CUS_0x56a9,1/1/2024,10,9,10000,1000,1000,0,1000,1/10/2024,2024-10-01,2025-11-09 07:30:19.821879,data/lms_loan_daily.csv,2024-10-01
CUS_0x56b2_2024_01_01,CUS_0x56b2,1/1/2024,10,9,10000,1000,1000,0,1000,1/10/2024,2024-10-01,2025-11-09 07:30:19.821879,data/lms_loan_daily.csv,2024-10-01
CUS_0x56bb_2024_04_01,CUS_0x56bb,1/4/2024,10,6,10000,1000,0,5000,9000,1/10/2024,2024-10-01,2025-11-09 07:30:19.821879,data/lms_loan_daily.csv,2024-10-01
CUS_0x56c3_2024_06_01,CUS_0x56c3,1/6/2024,10,4,10000,1000,0,1000,7000,1/10/2024,2024-10-01,2025-11-09 07:30:19.821879,data/lms_loan_daily.csv,2024-10-01
CUS_0x56ce_2024_10_01,CUS_0x56ce,1/10/2024,10,0,10000,0,0,0,10000,1/10/2024,2024-10-01,2025-11-09 07:30:19.821879,data/lms_loan_daily.csv,2024-10-01
CUS_0x56cf_2024_07_01,CUS_0x56cf,1/7/2024,10,3,10000,1000,1000,0,7000,1/10/2024,2024-10-01,2025-11-09 07:30:19.821879,data/lms_loan_daily.csv,2024-10-01
CUS_0x56d6_2024_07_01,CUS_0x56d6,1/7/2024,10,3,10000,1000,1000,0,7000,1/10/2024,2024-10-01,2025-11-09 07:30:19.821879,data/lms_loan_daily.csv,2024-10-01
CUS_0x56e5_2024_07_01,CUS_0x56e5,1/7/2024,10,3,10000,1000,1000,0,7000,1/10/2024,2024-10-01,2025-11-09 07:30:19.821879,data/lms_loan_daily.csv,2024-10-01
CUS_0x56ef_2024_04_01,CUS_0x56ef,1/4/2024,10,6,10000,1000,0,4000,8000,1/10/2024,2024-10-01,2025-11-09 07:30:19.821879,data/lms_loan_daily.csv,2024-10-01
CUS_0x56f_2024_04_01,CUS_0x56f,1/4/2024,10,6,10000,1000,1000,0,4000,1/10/2024,2024-10-01,2025-11-09 07:30:19.821879,data/lms_loan_daily.csv,2024-10-01
CUS_0x56f5_2024_05_01,CUS_0x56f5,1/5/2024,10,5,10000,1000,1000,0,5000,1/10/2024,2024-10-01,2025-11-09 07:30:19.821879,data/lms_loan_daily.csv,2024-10-01
CUS_0x5719_2024_02_01,CUS_0x5719,1/2/2024,10,8,10000,1000,1000,0,2000,1/10/2024,2024-10-01,2025-11-09 07:30:19.821879,data/lms_loan_daily.csv,2024-10-01
CUS_0x571f_2024_07_01,CUS_0x571f,1/7/2024,10,3,10000,1000,1000,0,7000,1/10/2024,2024-10-01,2025-11-09 07:30:19.821879,data/lms_loan_daily.csv,2024-10-01
CUS_0x5721_2024_09_01,CUS_0x5721,1/9/2024,10,1,10000,1000,1000,0,9000,1/10/2024,2024-10-01,2025-11-09 07:30:19.821879,data/lms_loan_daily.csv,2024-10-01
CUS_0x5735_2024_07_01,CUS_0x5735,1/7/2024,10,3,10000,1000,1000,0,7000,1/10/2024,2024-10-01,2025-11-09 07:30:19.821879,data/lms_loan_daily.csv,2024-10-01
CUS_0x5737_2024_03_01,CUS_0x5737,1/3/2024,10,7,10000,1000,1000,0,3000,1/10/2024,2024-10-01,2025-11-09 07:30:19.821879,data/lms_loan_daily.csv,2024-10-01
CUS_0x574_2024_02_01,CUS_0x574,1/2/2024,10,8,10000,1000,1000,0,2000,1/10/2024,2024-10-01,2025-11-09 07:30:19.821879,data/lms_loan_daily.csv,2024-10-01
CUS_0x5749_2024_06_01,CUS_0x5749,1/6/2024,10,4,10000,1000,1000,0,6000,1/10/2024,2024-10-01,2025-11-09 07:30:19.821879,data/lms_loan_daily.csv,2024-10-01
CUS_0x574a_2024_03_01,CUS_0x574a,1/3/2024,10,7,10000,1000,1000,0,3000,1/10/2024,2024-10-01,2025-11-09 07:30:19.821879,data/lms_loan_daily.csv,2024-10-01
CUS_0x5756_2024_07_01,CUS_0x5756,1/7/2024,10,3,10000,1000,1000,0,7000,1/10/2024,2024-10-01,2025-11-09 07:30:19.821879,data/lms_loan_daily.csv,2024-10-01
CUS_0x575a_2024_04_01,CUS_0x575a,1/4/2024,10,6,10000,1000,1000,0,4000,1/10/2024,2024-10-01,2025-11-09 07:30:19.821879,data/lms_loan_daily.csv,2024-10-01
CUS_0x575c_2024_09_01,CUS_0x575c,1/9/2024,10,1,10000,1000,1000,0,9000,1/10/2024,2024-10-01,2025-11-09 07:30:19.821879,data/lms_loan_daily.csv,2024-10-01
CUS_0x575d_2024_01_01,CUS_0x575d,1/1/2024,10,9,10000,1000,1000,0,1000,1/10/2024,2024-10-01,2025-11-09 07:30:19.821879,data/lms_loan_daily.csv,2024-10-01
CUS_0x5761_2023_12_01,CUS_0x5761,1/12/2023,10,10,10000,1000,0,6000,6000,1/10/2024,2024-10-01,2025-11-09 07:30:19.821879,data/lms_loan_daily.csv,2024-10-01
CUS_0x5764_2024_03_01,CUS_0x5764,1/3/2024,10,7,10000,1000,0,6000,9000,1/10/2024,2024-10-01,2025-11-09 07:30:19.821879,data/lms_loan_daily.csv,2024-10-01
CUS_0x576c_2024_02_01,CUS_0x576c,1/2/2024,10,8,10000,1000,0,7000,9000,1/10/2024,2024-10-01,2025-11-09 07:30:19.821879,data/lms_loan_daily.csv,2024-10-01
CUS_0x5775_2024_01_01,CUS_0x5775,1/1/2024,10,9,10000,1000,1000,0,1000,1/10/2024,2024-10-01,2025-11-09 07:30:19.821879,data/lms_loan_daily.csv,2024-10-01
CUS_0x5781_2024_06_01,CUS_0x5781,1/6/2024,10,4,10000,1000,1000,0,6000,1/10/2024,2024-10-01,2025-11-09 07:30:19.821879,data/lms_loan_daily.csv,2024-10-01
CUS_0x5786_2024_06_01,CUS_0x5786,1/6/2024,10,4,10000,1000,0,1000,7000,1/10/2024,2024-10-01,2025-11-09 07:30:19.821879,data/lms_loan_daily.csv,2024-10-01
CUS_0x5789_2024_07_01,CUS_0x5789,1/7/2024,10,3,10000,1000,1000,0,7000,1/10/2024,2024-10-01,2025-11-09 07:30:19.821879,data/lms_loan_daily.csv,2024-10-01
CUS_0x57a1_2024_08_01,CUS_0x57a1,1/8/2024,10,2,10000,1000,1000,0,8000,1/10/2024,2024-10-01,2025-11-09 07:30:19.821879,data/lms_loan_daily.csv,2024-10-01
CUS_0x57a7_2024_08_01,CUS_0x57a7,1/8/2024,10,2,10000,1000,1000,0,8000,1/10/2024,2024-10-01,2025-11-09 07:30:19.821879,data/lms_loan_daily.csv,2024-10-01
CUS_0x57b1_2024_09_01,CUS_0x57b1,1/9/2024,10,1,10000,1000,1000,0,9000,1/10/2024,2024-10-01,2025-11-09 07:30:19.821879,data/lms_loan_daily.csv,2024-10-01
CUS_0x57c5_2024_09_01,CUS_0x57c5,1/9/2024,10,1,10000,1000,1000,0,9000,1/10/2024,2024-10-01,2025-11-09 07:30:19.821879,data/lms_loan_daily.csv,2024-10-01
CUS_0x57c7_2024_02_01,CUS_0x57c7,1/2/2024,10,8,10000,1000,1000,0,2000,1/10/2024,2024-10-01,2025-11-09 07:30:19.821879,data/lms_loan_daily.csv,2024-10-01
CUS_0x57ca_2024_09_01,CUS_0x57ca,1/9/2024,10,1,10000,1000,1000,0,9000,1/10/2024,2024-10-01,2025-11-09 07:30:19.821879,data/lms_loan_daily.csv,2024-10-01
CUS_0x57dc_2024_04_01,CUS_0x57dc,1/4/2024,10,6,10000,1000,1000,0,4000,1/10/2024,2024-10-01,2025-11-09 07:30:19.821879,data/lms_loan_daily.csv,2024-10-01
CUS_0x57e_2024_04_01,CUS_0x57e,1/4/2024,10,6,10000,1000,1000,0,4000,1/10/2024,2024-10-01,2025-11-09 07:30:19.821879,data/lms_loan_daily.csv,2024-10-01
CUS_0x57e5_2024_01_01,CUS_0x57e5,1/1/2024,10,9,10000,1000,1000,0,1000,1/10/2024,2024-10-01,2025-11-09 07:30:19.821879,data/lms_loan_daily.csv,2024-10-01
CUS_0x57f7_2024_09_01,CUS_0x57f7,1/9/2024,10,1,10000,1000,1000,0,9000,1/10/2024,2024-10-01,2025-11-09 07:30:19.821879,data/lms_loan_daily.csv,2024-10-01
CUS_0x580e_2024_03_01,CUS_0x580e,1/3/2024,10,7,10000,1000,1000,0,3000,1/10/2024,2024-10-01,2025-11-09 07:30:19.821879,data/lms_loan_daily.csv,2024-10-01
CUS_0x5816_2024_07_01,CUS_0x5816,1/7/2024,10,3,10000,1000,1000,0,7000,1/10/2024,2024-10-01,2025-11-09 07:30:19.821879,data/lms_loan_daily.csv,2024-10-01
CUS_0x581b_2024_02_01,CUS_0x581b,1/2/2024,10,8,10000,1000,0,5000,7000,1/10/2024,2024-10-01,2025-11-09 07:30:19.821879,data/lms_loan_daily.csv,2024-10-01
CUS_0x581e_2024_03_01,CUS_0x581e,1/3/2024,10,7,10000,1000,1000,0,3000,1/10/2024,2024-10-01,2025-11-09 07:30:19.821879,data/lms_loan_daily.csv,2024-10-01
CUS_0x5825_2024_01_01,CUS_0x5825,1/1/2024,10,9,10000,1000,0,7000,8000,1/10/2024,2024-10-01,2025-11-09 07:30:19.821879,data/lms_loan_daily.csv,2024-10-01
CUS_0x583b_2024_07_01,CUS_0x583b,1/7/2024,10,3,10000,1000,1000,0,7000,1/10/2024,2024-10-01,2025-11-09 07:30:19.821879,data/lms_loan_daily.csv,2024-10-01
CUS_0x583c_2024_05_01,CUS_0x583c,1/5/2024,10,5,10000,1000,1000,0,5000,1/10/2024,2024-10-01,2025-11-09 07:30:19.821879,data/lms_loan_daily.csv,2024-10-01
CUS_0x5840_2023_12_01,CUS_0x5840,1/12/2023,10,10,10000,1000,1000,0,0,1/10/2024,2024-10-01,2025-11-09 07:30:19.821879,data/lms_loan_daily.csv,2024-10-01
CUS_0x5845_2024_08_01,CUS_0x5845,1/8/2024,10,2,10000,1000,2000,0,8000,1/10/2024,2024-10-01,2025-11-09 07:30:19.821879,data/lms_loan_daily.csv,2024-10-01
CUS_0x584a_2023_12_01,CUS_0x584a,1/12/2023,10,10,10000,1000,0,9000,9000,1/10/2024,2024-10-01,2025-11-09 07:30:19.821879,data/lms_loan_daily.csv,2024-10-01
CUS_0x584e_2024_07_01,CUS_0x584e,1/7/2024,10,3,10000,1000,1000,0,7000,1/10/2024,2024-10-01,2025-11-09 07:30:19.821879,data/lms_loan_daily.csv,2024-10-01
CUS_0x5859_2024_04_01,CUS_0x5859,1/4/2024,10,6,10000,1000,1000,0,4000,1/10/2024,2024-10-01,2025-11-09 07:30:19.821879,data/lms_loan_daily.csv,2024-10-01
CUS_0x585b_2024_10_01,CUS_0x585b,1/10/2024,10,0,10000,0,0,0,10000,1/10/2024,2024-10-01,2025-11-09 07:30:19.821879,data/lms_loan_daily.csv,2024-10-01
CUS_0x585c_2024_01_01,CUS_0x585c,1/1/2024,10,9,10000,1000,1000,0,1000,1/10/2024,2024-10-01,2025-11-09 07:30:19.821879,data/lms_loan_daily.csv,2024-10-01
CUS_0x5862_2024_01_01,CUS_0x5862,1/1/2024,10,9,10000,1000,0,8000,9000,1/10/2024,2024-10-01,2025-11-09 07:30:19.821879,data/lms_loan_daily.csv,2024-10-01
CUS_0x587_2024_02_01,CUS_0x587,1/2/2024,10,8,10000,1000,0,7000,9000,1/10/2024,2024-10-01,2025-11-09 07:30:19.821879,data/lms_loan_daily.csv,2024-10-01
CUS_0x5872_2024_01_01,CUS_0x5872,1/1/2024,10,9,10000,1000,0,6000,7000,1/10/2024,2024-10-01,2025-11-09 07:30:19.821879,data/lms_loan_daily.csv,2024-10-01
CUS_0x5875_2024_02_01,CUS_0x5875,1/2/2024,10,8,10000,1000,1000,0,2000,1/10/2024,2024-10-01,2025-11-09 07:30:19.821879,data/lms_loan_daily.csv,2024-10-01
CUS_0x5883_2024_09_01,CUS_0x5883,1/9/2024,10,1,10000,1000,0,1000,10000,1/10/2024,2024-10-01,2025-11-09 07:30:19.821879,data/lms_loan_daily.csv,2024-10-01
CUS_0x5898_2024_03_01,CUS_0x5898,1/3/2024,10,7,10000,1000,1000,0,3000,1/10/2024,2024-10-01,2025-11-09 07:30:19.821879,data/lms_loan_daily.csv,2024-10-01
CUS_0x5899_2024_01_01,CUS_0x5899,1/1/2024,10,9,10000,1000,0,6000,7000,1/10/2024,2024-10-01,2025-11-09 07:30:19.821879,data/lms_loan_daily.csv,2024-10-01
CUS_0x589c_2023_12_01,CUS_0x589c,1/12/2023,10,10,10000,1000,1000,0,0,1/10/2024,2024-10-01,2025-11-09 07:30:19.821879,data/lms_loan_daily.csv,2024-10-01
CUS_0x589f_2024_02_01,CUS_0x589f,1/2/2024,10,8,10000,1000,1000,0,2000,1/10/2024,2024-10-01,2025-11-09 07:30:19.821879,data/lms_loan_daily.csv,2024-10-01
CUS_0x58a3_2024_08_01,CUS_0x58a3,1/8/2024,10,2,10000,1000,1000,0,8000,1/10/2024,2024-10-01,2025-11-09 07:30:19.821879,data/lms_loan_daily.csv,2024-10-01
CUS_0x58aa_2024_06_01,CUS_0x58aa,1/6/2024,10,4,10000,1000,1000,0,6000,1/10/2024,2024-10-01,2025-11-09 07:30:19.821879,data/lms_loan_daily.csv,2024-10-01
CUS_0x58ad_2024_08_01,CUS_0x58ad,1/8/2024,10,2,10000,1000,1000,0,8000,1/10/2024,2024-10-01,2025-11-09 07:30:19.821879,data/lms_loan_daily.csv,2024-10-01
CUS_0x58b5_2024_04_01,CUS_0x58b5,1/4/2024,10,6,10000,1000,1000,0,4000,1/10/2024,2024-10-01,2025-11-09 07:30:19.821879,data/lms_loan_daily.csv,2024-10-01
CUS_0x58c5_2024_09_01,CUS_0x58c5,1/9/2024,10,1,10000,1000,1000,0,9000,1/10/2024,2024-10-01,2025-11-09 07:30:19.821879,data/lms_loan_daily.csv,2024-10-01
CUS_0x58cd_2024_01_01,CUS_0x58cd,1/1/2024,10,9,10000,1000,1000,0,1000,1/10/2024,2024-10-01,2025-11-09 07:30:19.821879,data/lms_loan_daily.csv,2024-10-01
CUS_0x58d4_2024_05_01,CUS_0x58d4,1/5/2024,10,5,10000,1000,1000,0,5000,1/10/2024,2024-10-01,2025-11-09 07:30:19.821879,data/lms_loan_daily.csv,2024-10-01
CUS_0x58d8_2024_10_01,CUS_0x58d8,1/10/2024,10,0,10000,0,0,0,10000,1/10/2024,2024-10-01,2025-11-09 07:30:19.821879,data/lms_loan_daily.csv,2024-10-01
CUS_0x58ef_2024_02_01,CUS_0x58ef,1/2/2024,10,8,10000,1000,1000,0,2000,1/10/2024,2024-10-01,2025-11-09 07:30:19.821879,data/lms_loan_daily.csv,2024-10-01
CUS_0x58f4_2024_07_01,CUS_0x58f4,1/7/2024,10,3,10000,1000,0,3000,10000,1/10/2024,2024-10-01,2025-11-09 07:30:19.821879,data/lms_loan_daily.csv,2024-10-01
CUS_0x590_2024_02_01,CUS_0x590,1/2/2024,10,8,10000,1000,0,5000,7000,1/10/2024,2024-10-01,2025-11-09 07:30:19.821879,data/lms_loan_daily.csv,2024-10-01
CUS_0x5909_2024_08_01,CUS_0x5909,1/8/2024,10,2,10000,1000,1000,0,8000,1/10/2024,2024-10-01,2025-11-09 07:30:19.821879,data/lms_loan_daily.csv,2024-10-01
CUS_0x5911_2024_09_01,CUS_0x5911,1/9/2024,10,1,10000,1000,1000,0,9000,1/10/2024,2024-10-01,2025-11-09 07:30:19.821879,data/lms_loan_daily.csv,2024-10-01
CUS_0x591b_2024_10_01,CUS_0x591b,1/10/2024,10,0,10000,0,0,0,10000,1/10/2024,2024-10-01,2025-11-09 07:30:19.821879,data/lms_loan_daily.csv,2024-10-01
CUS_0x5923_2024_07_01,CUS_0x5923,1/7/2024,10,3,10000,1000,1000,0,7000,1/10/2024,2024-10-01,2025-11-09 07:30:19.821879,data/lms_loan_daily.csv,2024-10-01
CUS_0x5933_2024_08_01,CUS_0x5933,1/8/2024,10,2,10000,1000,1000,0,8000,1/10/2024,2024-10-01,2025-11-09 07:30:19.821879,data/lms_loan_daily.csv,2024-10-01
CUS_0x5953_2024_05_01,CUS_0x5953,1/5/2024,10,5,10000,1000,1000,0,5000,1/10/2024,2024-10-01,2025-11-09 07:30:19.821879,data/lms_loan_daily.csv,2024-10-01
CUS_0x5964_2024_02_01,CUS_0x5964,1/2/2024,10,8,10000,1000,1000,0,2000,1/10/2024,2024-10-01,2025-11-09 07:30:19.821879,data/lms_loan_daily.csv,2024-10-01
CUS_0x5974_2024_08_01,CUS_0x5974,1/8/2024,10,2,10000,1000,0,2000,10000,1/10/2024,2024-10-01,2025-11-09 07:30:19.821879,data/lms_loan_daily.csv,2024-10-01
CUS_0x5978_2024_04_01,CUS_0x5978,1/4/2024,10,6,10000,1000,0,2000,6000,1/10/2024,2024-10-01,2025-11-09 07:30:19.821879,data/lms_loan_daily.csv,2024-10-01
CUS_0x5981_2024_03_01,CUS_0x5981,1/3/2024,10,7,10000,1000,0,5000,8000,1/10/2024,2024-10-01,2025-11-09 07:30:19.821879,data/lms_loan_daily.csv,2024-10-01
CUS_0x5984_2024_01_01,CUS_0x5984,1/1/2024,10,9,10000,1000,0,7000,8000,1/10/2024,2024-10-01,2025-11-09 07:30:19.821879,data/lms_loan_daily.csv,2024-10-01
CUS_0x598d_2024_04_01,CUS_0x598d,1/4/2024,10,6,10000,1000,1000,0,4000,1/10/2024,2024-10-01,2025-11-09 07:30:19.821879,data/lms_loan_daily.csv,2024-10-01
CUS_0x5993_2024_10_01,CUS_0x5993,1/10/2024,10,0,10000,0,0,0,10000,1/10/2024,2024-10-01,2025-11-09 07:30:19.821879,data/lms_loan_daily.csv,2024-10-01
CUS_0x599f_2024_04_01,CUS_0x599f,1/4/2024,10,6,10000,1000,1000,0,4000,1/10/2024,2024-10-01,2025-11-09 07:30:19.821879,data/lms_loan_daily.csv,2024-10-01
CUS_0x59a5_2024_08_01,CUS_0x59a5,1/8/2024,10,2,10000,1000,1000,0,8000,1/10/2024,2024-10-01,2025-11-09 07:30:19.821879,data/lms_loan_daily.csv,2024-10-01
CUS_0x59a9_2024_01_01,CUS_0x59a9,1/1/2024,10,9,10000,1000,1000,0,1000,1/10/2024,2024-10-01,2025-11-09 07:30:19.821879,data/lms_loan_daily.csv,2024-10-01
CUS_0x59b6_2024_09_01,CUS_0x59b6,1/9/2024,10,1,10000,1000,1000,0,9000,1/10/2024,2024-10-01,2025-11-09 07:30:19.821879,data/lms_loan_daily.csv,2024-10-01
CUS_0x59c1_2024_03_01,CUS_0x59c1,1/3/2024,10,7,10000,1000,0,4000,7000,1/10/2024,2024-10-01,2025-11-09 07:30:19.821879,data/lms_loan_daily.csv,2024-10-01
CUS_0x59cd_2024_05_01,CUS_0x59cd,1/5/2024,10,5,10000,1000,1000,0,5000,1/10/2024,2024-10-01,2025-11-09 07:30:19.821879,data/lms_loan_daily.csv,2024-10-01
CUS_0x59dc_2024_04_01,CUS_0x59dc,1/4/2024,10,6,10000,1000,1000,0,4000,1/10/2024,2024-10-01,2025-11-09 07:30:19.821879,data/lms_loan_daily.csv,2024-10-01
CUS_0x59dd_2023_12_01,CUS_0x59dd,1/12/2023,10,10,10000,1000,1000,0,0,1/10/2024,2024-10-01,2025-11-09 07:30:19.821879,data/lms_loan_daily.csv,2024-10-01
CUS_0x59e9_2024_06_01,CUS_0x59e9,1/6/2024,10,4,10000,1000,0,1000,7000,1/10/2024,2024-10-01,2025-11-09 07:30:19.821879,data/lms_loan_daily.csv,2024-10-01
CUS_0x5a03_2023_12_01,CUS_0x5a03,1/12/2023,10,10,10000,1000,1000,0,0,1/10/2024,2024-10-01,2025-11-09 07:30:19.821879,data/lms_loan_daily.csv,2024-10-01
CUS_0x5a04_2024_08_01,CUS_0x5a04,1/8/2024,10,2,10000,1000,1000,0,8000,1/10/2024,2024-10-01,2025-11-09 07:30:19.821879,data/lms_loan_daily.csv,2024-10-01
CUS_0x5a0c_2023_12_01,CUS_0x5a0c,1/12/2023,10,10,10000,1000,0,9000,9000,1/10/2024,2024-10-01,2025-11-09 07:30:19.821879,data/lms_loan_daily.csv,2024-10-01
CUS_0x5a1a_2024_09_01,CUS_0x5a1a,1/9/2024,10,1,10000,1000,1000,0,9000,1/10/2024,2024-10-01,2025-11-09 07:30:19.821879,data/lms_loan_daily.csv,2024-10-01
CUS_0x5a2_2024_06_01,CUS_0x5a2,1/6/2024,10,4,10000,1000,0,3000,9000,1/10/2024,2024-10-01,2025-11-09 07:30:19.821879,data/lms_loan_daily.csv,2024-10-01
CUS_0x5a2d_2024_03_01,CUS_0x5a2d,1/3/2024,10,7,10000,1000,0,4000,7000,1/10/2024,2024-10-01,2025-11-09 07:30:19.821879,data/lms_loan_daily.csv,2024-10-01
CUS_0x5a48_2024_03_01,CUS_0x5a48,1/3/2024,10,7,10000,1000,0,3000,6000,1/10/2024,2024-10-01,2025-11-09 07:30:19.821879,data/lms_loan_daily.csv,2024-10-01
CUS_0x5a53_2024_01_01,CUS_0x5a53,1/1/2024,10,9,10000,1000,1000,0,1000,1/10/2024,2024-10-01,2025-11-09 07:30:19.821879,data/lms_loan_daily.csv,2024-10-01
CUS_0x5a54_2024_07_01,CUS_0x5a54,1/7/2024,10,3,10000,1000,0,2000,9000,1/10/2024,2024-10-01,2025-11-09 07:30:19.821879,data/lms_loan_daily.csv,2024-10-01
CUS_0x5a58_2023_12_01,CUS_0x5a58,1/12/2023,10,10,10000,1000,0,8000,8000,1/10/2024,2024-10-01,2025-11-09 07:30:19.821879,data/lms_loan_daily.csv,2024-10-01
CUS_0x5a59_2024_03_01,CUS_0x5a59,1/3/2024,10,7,10000,1000,0,5000,8000,1/10/2024,2024-10-01,2025-11-09 07:30:19.821879,data/lms_loan_daily.csv,2024-10-01
CUS_0x5a5e_2024_07_01,CUS_0x5a5e,1/7/2024,10,3,10000,1000,0,1000,8000,1/10/2024,2024-10-01,2025-11-09 07:30:19.821879,data/lms_loan_daily.csv,2024-10-01
CUS_0x5a67_2024_06_01,CUS_0x5a67,1/6/2024,10,4,10000,1000,1000,0,6000,1/10/2024,2024-10-01,2025-11-09 07:30:19.821879,data/lms_loan_daily.csv,2024-10-01
CUS_0x5a6b_2024_10_01,CUS_0x5a6b,1/10/2024,10,0,10000,0,0,0,10000,1/10/2024,2024-10-01,2025-11-09 07:30:19.821879,data/lms_loan_daily.csv,2024-10-01
CUS_0x5a6d_2024_01_01,CUS_0x5a6d,1/1/2024,10,9,10000,1000,0,7000,8000,1/10/2024,2024-10-01,2025-11-09 07:30:19.821879,data/lms_loan_daily.csv,2024-10-01
CUS_0x5a72_2024_07_01,CUS_0x5a72,1/7/2024,10,3,10000,1000,3000,0,7000,1/10/2024,2024-10-01,2025-11-09 07:30:19.821879,data/lms_loan_daily.csv,2024-10-01
CUS_0x5a7b_2023_12_01,CUS_0x5a7b,1/12/2023,10,10,10000,1000,0,6000,6000,1/10/2024,2024-10-01,2025-11-09 07:30:19.821879,data/lms_loan_daily.csv,2024-10-01
CUS_0x5a81_2024_06_01,CUS_0x5a81,1/6/2024,10,4,10000,1000,0,1000,7000,1/10/2024,2024-10-01,2025-11-09 07:30:19.821879,data/lms_loan_daily.csv,2024-10-01
CUS_0x5a8b_2024_02_01,CUS_0x5a8b,1/2/2024,10,8,10000,1000,0,7000,9000,1/10/2024,2024-10-01,2025-11-09 07:30:19.821879,data/lms_loan_daily.csv,2024-10-01
CUS_0x5a92_2024_04_01,CUS_0x5a92,1/4/2024,10,6,10000,1000,1000,0,4000,1/10/2024,2024-10-01,2025-11-09 07:30:19.821879,data/lms_loan_daily.csv,2024-10-01
CUS_0x5a95_2023_12_01,CUS_0x5a95,1/12/2023,10,10,10000,1000,1000,0,0,1/10/2024,2024-10-01,2025-11-09 07:30:19.821879,data/lms_loan_daily.csv,2024-10-01
CUS_0x5a9f_2024_06_01,CUS_0x5a9f,1/6/2024,10,4,10000,1000,1000,0,6000,1/10/2024,2024-10-01,2025-11-09 07:30:19.821879,data/lms_loan_daily.csv,2024-10-01
CUS_0x5aa1_2023_12_01,CUS_0x5aa1,1/12/2023,10,10,10000,1000,1000,0,0,1/10/2024,2024-10-01,2025-11-09 07:30:19.821879,data/lms_loan_daily.csv,2024-10-01
CUS_0x5aa2_2024_10_01,CUS_0x5aa2,1/10/2024,10,0,10000,0,0,0,10000,1/10/2024,2024-10-01,2025-11-09 07:30:19.821879,data/lms_loan_daily.csv,2024-10-01
CUS_0x5aa7_2024_02_01,CUS_0x5aa7,1/2/2024,10,8,10000,1000,1000,0,2000,1/10/2024,2024-10-01,2025-11-09 07:30:19.821879,data/lms_loan_daily.csv,2024-10-01
CUS_0x5aac_2024_08_01,CUS_0x5aac,1/8/2024,10,2,10000,1000,1000,0,8000,1/10/2024,2024-10-01,2025-11-09 07:30:19.821879,data/lms_loan_daily.csv,2024-10-01
CUS_0x5ab_2024_01_01,CUS_0x5ab,1/1/2024,10,9,10000,1000,1000,0,1000,1/10/2024,2024-10-01,2025-11-09 07:30:19.821879,data/lms_loan_daily.csv,2024-10-01
CUS_0x5ac4_2024_01_01,CUS_0x5ac4,1/1/2024,10,9,10000,1000,0,6000,7000,1/10/2024,2024-10-01,2025-11-09 07:30:19.821879,data/lms_loan_daily.csv,2024-10-01
CUS_0x5ade_2024_03_01,CUS_0x5ade,1/3/2024,10,7,10000,1000,1000,0,3000,1/10/2024,2024-10-01,2025-11-09 07:30:19.821879,data/lms_loan_daily.csv,2024-10-01
CUS_0x5ae_2024_07_01,CUS_0x5ae,1/7/2024,10,3,10000,1000,1000,0,7000,1/10/2024,2024-10-01,2025-11-09 07:30:19.821879,data/lms_loan_daily.csv,2024-10-01
CUS_0x5af1_2024_08_01,CUS_0x5af1,1/8/2024,10,2,10000,1000,1000,0,8000,1/10/2024,2024-10-01,2025-11-09 07:30:19.821879,data/lms_loan_daily.csv,2024-10-01
CUS_0x5af6_2024_03_01,CUS_0x5af6,1/3/2024,10,7,10000,1000,1000,0,3000,1/10/2024,2024-10-01,2025-11-09 07:30:19.821879,data/lms_loan_daily.csv,2024-10-01
CUS_0x5afe_2024_03_01,CUS_0x5afe,1/3/2024,10,7,10000,1000,1000,0,3000,1/10/2024,2024-10-01,2025-11-09 07:30:19.821879,data/lms_loan_daily.csv,2024-10-01
CUS_0x5b0d_2024_05_01,CUS_0x5b0d,1/5/2024,10,5,10000,1000,1000,0,5000,1/10/2024,2024-10-01,2025-11-09 07:30:19.821879,data/lms_loan_daily.csv,2024-10-01
CUS_0x5b22_2024_06_01,CUS_0x5b22,1/6/2024,10,4,10000,1000,0,2000,8000,1/10/2024,2024-10-01,2025-11-09 07:30:19.821879,data/lms_loan_daily.csv,2024-10-01
CUS_0x5b28_2024_05_01,CUS_0x5b28,1/5/2024,10,5,10000,1000,0,3000,8000,1/10/2024,2024-10-01,2025-11-09 07:30:19.821879,data/lms_loan_daily.csv,2024-10-01
CUS_0x5b2f_2024_06_01,CUS_0x5b2f,1/6/2024,10,4,10000,1000,1000,0,6000,1/10/2024,2024-10-01,2025-11-09 07:30:19.821879,data/lms_loan_daily.csv,2024-10-01
CUS_0x5b48_2024_06_01,CUS_0x5b48,1/6/2024,10,4,10000,1000,2000,0,6000,1/10/2024,2024-10-01,2025-11-09 07:30:19.821879,data/lms_loan_daily.csv,2024-10-01
CUS_0x5b5_2024_01_01,CUS_0x5b5,1/1/2024,10,9,10000,1000,0,5000,6000,1/10/2024,2024-10-01,2025-11-09 07:30:19.821879,data/lms_loan_daily.csv,2024-10-01
CUS_0x5b57_2023_12_01,CUS_0x5b57,1/12/2023,10,10,10000,1000,1000,0,0,1/10/2024,2024-10-01,2025-11-09 07:30:19.821879,data/lms_loan_daily.csv,2024-10-01
CUS_0x5b5a_2024_03_01,CUS_0x5b5a,1/3/2024,10,7,10000,1000,1000,0,3000,1/10/2024,2024-10-01,2025-11-09 07:30:19.821879,data/lms_loan_daily.csv,2024-10-01
CUS_0x5b60_2024_10_01,CUS_0x5b60,1/10/2024,10,0,10000,0,0,0,10000,1/10/2024,2024-10-01,2025-11-09 07:30:19.821879,data/lms_loan_daily.csv,2024-10-01
CUS_0x5b64_2024_02_01,CUS_0x5b64,1/2/2024,10,8,10000,1000,1000,0,2000,1/10/2024,2024-10-01,2025-11-09 07:30:19.821879,data/lms_loan_daily.csv,2024-10-01
CUS_0x5b65_2024_07_01,CUS_0x5b65,1/7/2024,10,3,10000,1000,1000,0,7000,1/10/2024,2024-10-01,2025-11-09 07:30:19.821879,data/lms_loan_daily.csv,2024-10-01
CUS_0x5b6f_2024_03_01,CUS_0x5b6f,1/3/2024,10,7,10000,1000,1000,0,3000,1/10/2024,2024-10-01,2025-11-09 07:30:19.821879,data/lms_loan_daily.csv,2024-10-01
CUS_0x5b7_2024_02_01,CUS_0x5b7,1/2/2024,10,8,10000,1000,0,6000,8000,1/10/2024,2024-10-01,2025-11-09 07:30:19.821879,data/lms_loan_daily.csv,2024-10-01
CUS_0x5b77_2024_10_01,CUS_0x5b77,1/10/2024,10,0,10000,0,0,0,10000,1/10/2024,2024-10-01,2025-11-09 07:30:19.821879,data/lms_loan_daily.csv,2024-10-01
CUS_0x5b7c_2024_08_01,CUS_0x5b7c,1/8/2024,10,2,10000,1000,1000,0,8000,1/10/2024,2024-10-01,2025-11-09 07:30:19.821879,data/lms_loan_daily.csv,2024-10-01
CUS_0x5b7d_2024_03_01,CUS_0x5b7d,1/3/2024,10,7,10000,1000,0,5000,8000,1/10/2024,2024-10-01,2025-11-09 07:30:19.821879,data/lms_loan_daily.csv,2024-10-01
CUS_0x5b80_2024_10_01,CUS_0x5b80,1/10/2024,10,0,10000,0,0,0,10000,1/10/2024,2024-10-01,2025-11-09 07:30:19.821879,data/lms_loan_daily.csv,2024-10-01
CUS_0x5b87_2024_10_01,CUS_0x5b87,1/10/2024,10,0,10000,0,0,0,10000,1/10/2024,2024-10-01,2025-11-09 07:30:19.821879,data/lms_loan_daily.csv,2024-10-01
CUS_0x5b88_2024_01_01,CUS_0x5b88,1/1/2024,10,9,10000,1000,1000,0,1000,1/10/2024,2024-10-01,2025-11-09 07:30:19.821879,data/lms_loan_daily.csv,2024-10-01
CUS_0x5b90_2024_04_01,CUS_0x5b90,1/4/2024,10,6,10000,1000,1000,0,4000,1/10/2024,2024-10-01,2025-11-09 07:30:19.821879,data/lms_loan_daily.csv,2024-10-01
CUS_0x5b9b_2024_02_01,CUS_0x5b9b,1/2/2024,10,8,10000,1000,1000,0,2000,1/10/2024,2024-10-01,2025-11-09 07:30:19.821879,data/lms_loan_daily.csv,2024-10-01
CUS_0x5b9c_2023_12_01,CUS_0x5b9c,1/12/2023,10,10,10000,1000,1000,0,0,1/10/2024,2024-10-01,2025-11-09 07:30:19.821879,data/lms_loan_daily.csv,2024-10-01
CUS_0x5b9d_2024_09_01,CUS_0x5b9d,1/9/2024,10,1,10000,1000,1000,0,9000,1/10/2024,2024-10-01,2025-11-09 07:30:19.821879,data/lms_loan_daily.csv,2024-10-01
CUS_0x5ba4_2024_02_01,CUS_0x5ba4,1/2/2024,10,8,10000,1000,1000,0,2000,1/10/2024,2024-10-01,2025-11-09 07:30:19.821879,data/lms_loan_daily.csv,2024-10-01
CUS_0x5bac_2024_06_01,CUS_0x5bac,1/6/2024,10,4,10000,1000,1000,0,6000,1/10/2024,2024-10-01,2025-11-09 07:30:19.821879,data/lms_loan_daily.csv,2024-10-01
CUS_0x5bb7_2024_01_01,CUS_0x5bb7,1/1/2024,10,9,10000,1000,1000,0,1000,1/10/2024,2024-10-01,2025-11-09 07:30:19.821879,data/lms_loan_daily.csv,2024-10-01
CUS_0x5bb9_2024_01_01,CUS_0x5bb9,1/1/2024,10,9,10000,1000,0,7000,8000,1/10/2024,2024-10-01,2025-11-09 07:30:19.821879,data/lms_loan_daily.csv,2024-10-01
CUS_0x5bcb_2024_05_01,CUS_0x5bcb,1/5/2024,10,5,10000,1000,0,1000,6000,1/10/2024,2024-10-01,2025-11-09 07:30:19.821879,data/lms_loan_daily.csv,2024-10-01
CUS_0x5bd2_2024_10_01,CUS_0x5bd2,1/10/2024,10,0,10000,0,0,0,10000,1/10/2024,2024-10-01,2025-11-09 07:30:19.821879,data/lms_loan_daily.csv,2024-10-01
CUS_0x5bd3_2024_03_01,CUS_0x5bd3,1/3/2024,10,7,10000,1000,1000,0,3000,1/10/2024,2024-10-01,2025-11-09 07:30:19.821879,data/lms_loan_daily.csv,2024-10-01
CUS_0x5bd8_2024_08_01,CUS_0x5bd8,1/8/2024,10,2,10000,1000,1000,0,8000,1/10/2024,2024-10-01,2025-11-09 07:30:19.821879,data/lms_loan_daily.csv,2024-10-01
CUS_0x5bdb_2024_01_01,CUS_0x5bdb,1/1/2024,10,9,10000,1000,1000,0,1000,1/10/2024,2024-10-01,2025-11-09 07:30:19.821879,data/lms_loan_daily.csv,2024-10-01
CUS_0x5be5_2024_06_01,CUS_0x5be5,1/6/2024,10,4,10000,1000,1000,0,6000,1/10/2024,2024-10-01,2025-11-09 07:30:19.821879,data/lms_loan_daily.csv,2024-10-01
CUS_0x5be7_2024_04_01,CUS_0x5be7,1/4/2024,10,6,10000,1000,1000,0,4000,1/10/2024,2024-10-01,2025-11-09 07:30:19.821879,data/lms_loan_daily.csv,2024-10-01
CUS_0x5bec_2024_06_01,CUS_0x5bec,1/6/2024,10,4,10000,1000,4000,0,6000,1/10/2024,2024-10-01,2025-11-09 07:30:19.821879,data/lms_loan_daily.csv,2024-10-01
CUS_0x5bf0_2024_06_01,CUS_0x5bf0,1/6/2024,10,4,10000,1000,1000,0,6000,1/10/2024,2024-10-01,2025-11-09 07:30:19.821879,data/lms_loan_daily.csv,2024-10-01
CUS_0x5bf2_2024_06_01,CUS_0x5bf2,1/6/2024,10,4,10000,1000,1000,0,6000,1/10/2024,2024-10-01,2025-11-09 07:30:19.821879,data/lms_loan_daily.csv,2024-10-01
CUS_0x5bf5_2024_07_01,CUS_0x5bf5,1/7/2024,10,3,10000,1000,0,2000,9000,1/10/2024,2024-10-01,2025-11-09 07:30:19.821879,data/lms_loan_daily.csv,2024-10-01
CUS_0x5bf8_2023_12_01,CUS_0x5bf8,1/12/2023,10,10,10000,1000,1000,0,0,1/10/2024,2024-10-01,2025-11-09 07:30:19.821879,data/lms_loan_daily.csv,2024-10-01
CUS_0x5bfc_2024_02_01,CUS_0x5bfc,1/2/2024,10,8,10000,1000,1000,0,2000,1/10/2024,2024-10-01,2025-11-09 07:30:19.821879,data/lms_loan_daily.csv,2024-10-01
CUS_0x5bfe_2024_04_01,CUS_0x5bfe,1/4/2024,10,6,10000,1000,1000,0,4000,1/10/2024,2024-10-01,2025-11-09 07:30:19.821879,data/lms_loan_daily.csv,2024-10-01
CUS_0x5bff_2023_12_01,CUS_0x5bff,1/12/2023,10,10,10000,1000,1000,0,0,1/10/2024,2024-10-01,2025-11-09 07:30:19.821879,data/lms_loan_daily.csv,2024-10-01
CUS_0x5c06_2024_03_01,CUS_0x5c06,1/3/2024,10,7,10000,1000,1000,0,3000,1/10/2024,2024-10-01,2025-11-09 07:30:19.821879,data/lms_loan_daily.csv,2024-10-01
CUS_0x5c09_2024_09_01,CUS_0x5c09,1/9/2024,10,1,10000,1000,1000,0,9000,1/10/2024,2024-10-01,2025-11-09 07:30:19.821879,data/lms_loan_daily.csv,2024-10-01
CUS_0x5c0f_2024_04_01,CUS_0x5c0f,1/4/2024,10,6,10000,1000,0,3000,7000,1/10/2024,2024-10-01,2025-11-09 07:30:19.821879,data/lms_loan_daily.csv,2024-10-01
CUS_0x5c28_2024_06_01,CUS_0x5c28,1/6/2024,10,4,10000,1000,1000,0,6000,1/10/2024,2024-10-01,2025-11-09 07:30:19.821879,data/lms_loan_daily.csv,2024-10-01
CUS_0x5c2f_2024_01_01,CUS_0x5c2f,1/1/2024,10,9,10000,1000,0,7000,8000,1/10/2024,2024-10-01,2025-11-09 07:30:19.821879,data/lms_loan_daily.csv,2024-10-01
CUS_0x5c31_2024_02_01,CUS_0x5c31,1/2/2024,10,8,10000,1000,1000,0,2000,1/10/2024,2024-10-01,2025-11-09 07:30:19.821879,data/lms_loan_daily.csv,2024-10-01
CUS_0x5c40_2024_07_01,CUS_0x5c40,1/7/2024,10,3,10000,1000,1000,0,7000,1/10/2024,2024-10-01,2025-11-09 07:30:19.821879,data/lms_loan_daily.csv,2024-10-01
CUS_0x5c44_2024_06_01,CUS_0x5c44,1/6/2024,10,4,10000,1000,1000,0,6000,1/10/2024,2024-10-01,2025-11-09 07:30:19.821879,data/lms_loan_daily.csv,2024-10-01
CUS_0x5c45_2024_08_01,CUS_0x5c45,1/8/2024,10,2,10000,1000,1000,0,8000,1/10/2024,2024-10-01,2025-11-09 07:30:19.821879,data/lms_loan_daily.csv,2024-10-01
CUS_0x5c4f_2024_01_01,CUS_0x5c4f,1/1/2024,10,9,10000,1000,1000,0,1000,1/10/2024,2024-10-01,2025-11-09 07:30:19.821879,data/lms_loan_daily.csv,2024-10-01
CUS_0x5c5_2024_05_01,CUS_0x5c5,1/5/2024,10,5,10000,1000,1000,0,5000,1/10/2024,2024-10-01,2025-11-09 07:30:19.821879,data/lms_loan_daily.csv,2024-10-01
CUS_0x5c59_2024_02_01,CUS_0x5c59,1/2/2024,10,8,10000,1000,0,5000,7000,1/10/2024,2024-10-01,2025-11-09 07:30:19.821879,data/lms_loan_daily.csv,2024-10-01
CUS_0x5c65_2024_06_01,CUS_0x5c65,1/6/2024,10,4,10000,1000,1000,0,6000,1/10/2024,2024-10-01,2025-11-09 07:30:19.821879,data/lms_loan_daily.csv,2024-10-01
CUS_0x5c67_2024_02_01,CUS_0x5c67,1/2/2024,10,8,10000,1000,0,4000,6000,1/10/2024,2024-10-01,2025-11-09 07:30:19.821879,data/lms_loan_daily.csv,2024-10-01
CUS_0x5c72_2024_09_01,CUS_0x5c72,1/9/2024,10,1,10000,1000,1000,0,9000,1/10/2024,2024-10-01,2025-11-09 07:30:19.821879,data/lms_loan_daily.csv,2024-10-01
CUS_0x5c75_2024_06_01,CUS_0x5c75,1/6/2024,10,4,10000,1000,1000,0,6000,1/10/2024,2024-10-01,2025-11-09 07:30:19.821879,data/lms_loan_daily.csv,2024-10-01
CUS_0x5c7d_2024_10_01,CUS_0x5c7d,1/10/2024,10,0,10000,0,0,0,10000,1/10/2024,2024-10-01,2025-11-09 07:30:19.821879,data/lms_loan_daily.csv,2024-10-01
CUS_0x5c81_2024_03_01,CUS_0x5c81,1/3/2024,10,7,10000,1000,0,4000,7000,1/10/2024,2024-10-01,2025-11-09 07:30:19.821879,data/lms_loan_daily.csv,2024-10-01
CUS_0x5c87_2024_06_01,CUS_0x5c87,1/6/2024,10,4,10000,1000,1000,0,6000,1/10/2024,2024-10-01,2025-11-09 07:30:19.821879,data/lms_loan_daily.csv,2024-10-01
CUS_0x5c89_2024_04_01,CUS_0x5c89,1/4/2024,10,6,10000,1000,0,5000,9000,1/10/2024,2024-10-01,2025-11-09 07:30:19.821879,data/lms_loan_daily.csv,2024-10-01
CUS_0x5c90_2024_04_01,CUS_0x5c90,1/4/2024,10,6,10000,1000,1000,0,4000,1/10/2024,2024-10-01,2025-11-09 07:30:19.821879,data/lms_loan_daily.csv,2024-10-01
CUS_0x5c92_2024_03_01,CUS_0x5c92,1/3/2024,10,7,10000,1000,0,5000,8000,1/10/2024,2024-10-01,2025-11-09 07:30:19.821879,data/lms_loan_daily.csv,2024-10-01
CUS_0x5cb8_2023_12_01,CUS_0x5cb8,1/12/2023,10,10,10000,1000,1000,0,0,1/10/2024,2024-10-01,2025-11-09 07:30:19.821879,data/lms_loan_daily.csv,2024-10-01
CUS_0x5ccb_2023_12_01,CUS_0x5ccb,1/12/2023,10,10,10000,1000,0,7000,7000,1/10/2024,2024-10-01,2025-11-09 07:30:19.821879,data/lms_loan_daily.csv,2024-10-01
CUS_0x5cde_2024_04_01,CUS_0x5cde,1/4/2024,10,6,10000,1000,1000,0,4000,1/10/2024,2024-10-01,2025-11-09 07:30:19.821879,data/lms_loan_daily.csv,2024-10-01
CUS_0x5cdf_2024_05_01,CUS_0x5cdf,1/5/2024,10,5,10000,1000,1000,0,5000,1/10/2024,2024-10-01,2025-11-09 07:30:19.821879,data/lms_loan_daily.csv,2024-10-01
CUS_0x5ce6_2024_08_01,CUS_0x5ce6,1/8/2024,10,2,10000,1000,1000,0,8000,1/10/2024,2024-10-01,2025-11-09 07:30:19.821879,data/lms_loan_daily.csv,2024-10-01
CUS_0x5cff_2024_02_01,CUS_0x5cff,1/2/2024,10,8,10000,1000,1000,0,2000,1/10/2024,2024-10-01,2025-11-09 07:30:19.821879,data/lms_loan_daily.csv,2024-10-01
CUS_0x5d09_2024_04_01,CUS_0x5d09,1/4/2024,10,6,10000,1000,1000,0,4000,1/10/2024,2024-10-01,2025-11-09 07:30:19.821879,data/lms_loan_daily.csv,2024-10-01
CUS_0x5d0c_2024_01_01,CUS_0x5d0c,1/1/2024,10,9,10000,1000,0,8000,9000,1/10/2024,2024-10-01,2025-11-09 07:30:19.821879,data/lms_loan_daily.csv,2024-10-01
CUS_0x5d1_2024_02_01,CUS_0x5d1,1/2/2024,10,8,10000,1000,1000,0,2000,1/10/2024,2024-10-01,2025-11-09 07:30:19.821879,data/lms_loan_daily.csv,2024-10-01
CUS_0x5d1a_2024_01_01,CUS_0x5d1a,1/1/2024,10,9,10000,1000,1000,0,1000,1/10/2024,2024-10-01,2025-11-09 07:30:19.821879,data/lms_loan_daily.csv,2024-10-01
CUS_0x5d1c_2023_12_01,CUS_0x5d1c,1/12/2023,10,10,10000,1000,1000,0,0,1/10/2024,2024-10-01,2025-11-09 07:30:19.821879,data/lms_loan_daily.csv,2024-10-01
CUS_0x5d29_2024_08_01,CUS_0x5d29,1/8/2024,10,2,10000,1000,0,1000,9000,1/10/2024,2024-10-01,2025-11-09 07:30:19.821879,data/lms_loan_daily.csv,2024-10-01
CUS_0x5d34_2024_06_01,CUS_0x5d34,1/6/2024,10,4,10000,1000,1000,0,6000,1/10/2024,2024-10-01,2025-11-09 07:30:19.821879,data/lms_loan_daily.csv,2024-10-01
CUS_0x5d36_2024_04_01,CUS_0x5d36,1/4/2024,10,6,10000,1000,1000,0,4000,1/10/2024,2024-10-01,2025-11-09 07:30:19.821879,data/lms_loan_daily.csv,2024-10-01
CUS_0x5d3d_2024_03_01,CUS_0x5d3d,1/3/2024,10,7,10000,1000,0,5000,8000,1/10/2024,2024-10-01,2025-11-09 07:30:19.821879,data/lms_loan_daily.csv,2024-10-01
CUS_0x5d43_2024_04_01,CUS_0x5d43,1/4/2024,10,6,10000,1000,1000,0,4000,1/10/2024,2024-10-01,2025-11-09 07:30:19.821879,data/lms_loan_daily.csv,2024-10-01
CUS_0x5d44_2024_09_01,CUS_0x5d44,1/9/2024,10,1,10000,1000,1000,0,9000,1/10/2024,2024-10-01,2025-11-09 07:30:19.821879,data/lms_loan_daily.csv,2024-10-01
CUS_0x5d4f_2024_05_01,CUS_0x5d4f,1/5/2024,10,5,10000,1000,1000,0,5000,1/10/2024,2024-10-01,2025-11-09 07:30:19.821879,data/lms_loan_daily.csv,2024-10-01
CUS_0x5d51_2024_10_01,CUS_0x5d51,1/10/2024,10,0,10000,0,0,0,10000,1/10/2024,2024-10-01,2025-11-09 07:30:19.821879,data/lms_loan_daily.csv,2024-10-01
CUS_0x5d5f_2024_08_01,CUS_0x5d5f,1/8/2024,10,2,10000,1000,1000,0,8000,1/10/2024,2024-10-01,2025-11-09 07:30:19.821879,data/lms_loan_daily.csv,2024-10-01
CUS_0x5d6d_2023_12_01,CUS_0x5d6d,1/12/2023,10,10,10000,1000,1000,0,0,1/10/2024,2024-10-01,2025-11-09 07:30:19.821879,data/lms_loan_daily.csv,2024-10-01
CUS_0x5d75_2024_07_01,CUS_0x5d75,1/7/2024,10,3,10000,1000,1000,0,7000,1/10/2024,2024-10-01,2025-11-09 07:30:19.821879,data/lms_loan_daily.csv,2024-10-01
CUS_0x5d7e_2024_10_01,CUS_0x5d7e,1/10/2024,10,0,10000,0,0,0,10000,1/10/2024,2024-10-01,2025-11-09 07:30:19.821879,data/lms_loan_daily.csv,2024-10-01
CUS_0x5d82_2024_06_01,CUS_0x5d82,1/6/2024,10,4,10000,1000,1000,0,6000,1/10/2024,2024-10-01,2025-11-09 07:30:19.821879,data/lms_loan_daily.csv,2024-10-01
CUS_0x5d87_2024_07_01,CUS_0x5d87,1/7/2024,10,3,10000,1000,0,1000,8000,1/10/2024,2024-10-01,2025-11-09 07:30:19.821879,data/lms_loan_daily.csv,2024-10-01
CUS_0x5d8b_2024_08_01,CUS_0x5d8b,1/8/2024,10,2,10000,1000,1000,0,8000,1/10/2024,2024-10-01,2025-11-09 07:30:19.821879,data/lms_loan_daily.csv,2024-10-01
CUS_0x5d91_2024_09_01,CUS_0x5d91,1/9/2024,10,1,10000,1000,1000,0,9000,1/10/2024,2024-10-01,2025-11-09 07:30:19.821879,data/lms_loan_daily.csv,2024-10-01
CUS_0x5d95_2024_07_01,CUS_0x5d95,1/7/2024,10,3,10000,1000,0,1000,8000,1/10/2024,2024-10-01,2025-11-09 07:30:19.821879,data/lms_loan_daily.csv,2024-10-01
CUS_0x5d9e_2024_07_01,CUS_0x5d9e,1/7/2024,10,3,10000,1000,1000,0,7000,1/10/2024,2024-10-01,2025-11-09 07:30:19.821879,data/lms_loan_daily.csv,2024-10-01
CUS_0x5da3_2024_03_01,CUS_0x5da3,1/3/2024,10,7,10000,1000,1000,0,3000,1/10/2024,2024-10-01,2025-11-09 07:30:19.821879,data/lms_loan_daily.csv,2024-10-01
CUS_0x5db1_2024_04_01,CUS_0x5db1,1/4/2024,10,6,10000,1000,1000,0,4000,1/10/2024,2024-10-01,2025-11-09 07:30:19.821879,data/lms_loan_daily.csv,2024-10-01
CUS_0x5db2_2024_02_01,CUS_0x5db2,1/2/2024,10,8,10000,1000,1000,0,2000,1/10/2024,2024-10-01,2025-11-09 07:30:19.821879,data/lms_loan_daily.csv,2024-10-01
CUS_0x5db9_2024_02_01,CUS_0x5db9,1/2/2024,10,8,10000,1000,1000,0,2000,1/10/2024,2024-10-01,2025-11-09 07:30:19.821879,data/lms_loan_daily.csv,2024-10-01
CUS_0x5dca_2024_02_01,CUS_0x5dca,1/2/2024,10,8,10000,1000,1000,0,2000,1/10/2024,2024-10-01,2025-11-09 07:30:19.821879,data/lms_loan_daily.csv,2024-10-01
CUS_0x5dd3_2024_06_01,CUS_0x5dd3,1/6/2024,10,4,10000,1000,1000,0,6000,1/10/2024,2024-10-01,2025-11-09 07:30:19.821879,data/lms_loan_daily.csv,2024-10-01
CUS_0x5ddd_2024_07_01,CUS_0x5ddd,1/7/2024,10,3,10000,1000,1000,0,7000,1/10/2024,2024-10-01,2025-11-09 07:30:19.821879,data/lms_loan_daily.csv,2024-10-01
CUS_0x5deb_2024_06_01,CUS_0x5deb,1/6/2024,10,4,10000,1000,1000,0,6000,1/10/2024,2024-10-01,2025-11-09 07:30:19.821879,data/lms_loan_daily.csv,2024-10-01
CUS_0x5df_2023_12_01,CUS_0x5df,1/12/2023,10,10,10000,1000,1000,0,0,1/10/2024,2024-10-01,2025-11-09 07:30:19.821879,data/lms_loan_daily.csv,2024-10-01
CUS_0x5dfa_2024_01_01,CUS_0x5dfa,1/1/2024,10,9,10000,1000,1000,0,1000,1/10/2024,2024-10-01,2025-11-09 07:30:19.821879,data/lms_loan_daily.csv,2024-10-01
CUS_0x5dfe_2024_08_01,CUS_0x5dfe,1/8/2024,10,2,10000,1000,1000,0,8000,1/10/2024,2024-10-01,2025-11-09 07:30:19.821879,data/lms_loan_daily.csv,2024-10-01
CUS_0x5e00_2024_04_01,CUS_0x5e00,1/4/2024,10,6,10000,1000,0,4000,8000,1/10/2024,2024-10-01,2025-11-09 07:30:19.821879,data/lms_loan_daily.csv,2024-10-01
CUS_0x5e05_2024_08_01,CUS_0x5e05,1/8/2024,10,2,10000,1000,1000,0,8000,1/10/2024,2024-10-01,2025-11-09 07:30:19.821879,data/lms_loan_daily.csv,2024-10-01
CUS_0x5e06_2023_12_01,CUS_0x5e06,1/12/2023,10,10,10000,1000,1000,0,0,1/10/2024,2024-10-01,2025-11-09 07:30:19.821879,data/lms_loan_daily.csv,2024-10-01
CUS_0x5e0d_2024_08_01,CUS_0x5e0d,1/8/2024,10,2,10000,1000,1000,0,8000,1/10/2024,2024-10-01,2025-11-09 07:30:19.821879,data/lms_loan_daily.csv,2024-10-01
CUS_0x5e16_2024_06_01,CUS_0x5e16,1/6/2024,10,4,10000,1000,1000,0,6000,1/10/2024,2024-10-01,2025-11-09 07:30:19.821879,data/lms_loan_daily.csv,2024-10-01
CUS_0x5e1a_2024_07_01,CUS_0x5e1a,1/7/2024,10,3,10000,1000,0,3000,10000,1/10/2024,2024-10-01,2025-11-09 07:30:19.821879,data/lms_loan_daily.csv,2024-10-01
CUS_0x5e1b_2024_08_01,CUS_0x5e1b,1/8/2024,10,2,10000,1000,1000,0,8000,1/10/2024,2024-10-01,2025-11-09 07:30:19.821879,data/lms_loan_daily.csv,2024-10-01
CUS_0x5e30_2024_07_01,CUS_0x5e30,1/7/2024,10,3,10000,1000,1000,0,7000,1/10/2024,2024-10-01,2025-11-09 07:30:19.821879,data/lms_loan_daily.csv,2024-10-01
CUS_0x5e33_2024_02_01,CUS_0x5e33,1/2/2024,10,8,10000,1000,0,5000,7000,1/10/2024,2024-10-01,2025-11-09 07:30:19.821879,data/lms_loan_daily.csv,2024-10-01
CUS_0x5e3e_2023_12_01,CUS_0x5e3e,1/12/2023,10,10,10000,1000,0,8000,8000,1/10/2024,2024-10-01,2025-11-09 07:30:19.821879,data/lms_loan_daily.csv,2024-10-01
CUS_0x5e3f_2024_03_01,CUS_0x5e3f,1/3/2024,10,7,10000,1000,0,4000,7000,1/10/2024,2024-10-01,2025-11-09 07:30:19.821879,data/lms_loan_daily.csv,2024-10-01
CUS_0x5e40_2024_04_01,CUS_0x5e40,1/4/2024,10,6,10000,1000,0,4000,8000,1/10/2024,2024-10-01,2025-11-09 07:30:19.821879,data/lms_loan_daily.csv,2024-10-01
CUS_0x5e43_2024_01_01,CUS_0x5e43,1/1/2024,10,9,10000,1000,1000,0,1000,1/10/2024,2024-10-01,2025-11-09 07:30:19.821879,data/lms_loan_daily.csv,2024-10-01
CUS_0x5e46_2024_02_01,CUS_0x5e46,1/2/2024,10,8,10000,1000,1000,0,2000,1/10/2024,2024-10-01,2025-11-09 07:30:19.821879,data/lms_loan_daily.csv,2024-10-01
CUS_0x5e53_2024_05_01,CUS_0x5e53,1/5/2024,10,5,10000,1000,0,3000,8000,1/10/2024,2024-10-01,2025-11-09 07:30:19.821879,data/lms_loan_daily.csv,2024-10-01
CUS_0x5e61_2024_01_01,CUS_0x5e61,1/1/2024,10,9,10000,1000,1000,0,1000,1/10/2024,2024-10-01,2025-11-09 07:30:19.821879,data/lms_loan_daily.csv,2024-10-01
CUS_0x5e6a_2024_03_01,CUS_0x5e6a,1/3/2024,10,7,10000,1000,1000,0,3000,1/10/2024,2024-10-01,2025-11-09 07:30:19.821879,data/lms_loan_daily.csv,2024-10-01
CUS_0x5e7f_2024_04_01,CUS_0x5e7f,1/4/2024,10,6,10000,1000,0,4000,8000,1/10/2024,2024-10-01,2025-11-09 07:30:19.821879,data/lms_loan_daily.csv,2024-10-01
CUS_0x5e84_2024_03_01,CUS_0x5e84,1/3/2024,10,7,10000,1000,0,6000,9000,1/10/2024,2024-10-01,2025-11-09 07:30:19.821879,data/lms_loan_daily.csv,2024-10-01
CUS_0x5e89_2024_03_01,CUS_0x5e89,1/3/2024,10,7,10000,1000,1000,0,3000,1/10/2024,2024-10-01,2025-11-09 07:30:19.821879,data/lms_loan_daily.csv,2024-10-01
CUS_0x5e9d_2024_06_01,CUS_0x5e9d,1/6/2024,10,4,10000,1000,0,1000,7000,1/10/2024,2024-10-01,2025-11-09 07:30:19.821879,data/lms_loan_daily.csv,2024-10-01
CUS_0x5ea2_2024_07_01,CUS_0x5ea2,1/7/2024,10,3,10000,1000,1000,0,7000,1/10/2024,2024-10-01,2025-11-09 07:30:19.821879,data/lms_loan_daily.csv,2024-10-01
CUS_0x5ea7_2024_09_01,CUS_0x5ea7,1/9/2024,10,1,10000,1000,0,1000,10000,1/10/2024,2024-10-01,2025-11-09 07:30:19.821879,data/lms_loan_daily.csv,2024-10-01
CUS_0x5eae_2024_04_01,CUS_0x5eae,1/4/2024,10,6,10000,1000,1000,0,4000,1/10/2024,2024-10-01,2025-11-09 07:30:19.821879,data/lms_loan_daily.csv,2024-10-01
CUS_0x5eaf_2024_06_01,CUS_0x5eaf,1/6/2024,10,4,10000,1000,1000,0,6000,1/10/2024,2024-10-01,2025-11-09 07:30:19.821879,data/lms_loan_daily.csv,2024-10-01
CUS_0x5ebd_2024_10_01,CUS_0x5ebd,1/10/2024,10,0,10000,0,0,0,10000,1/10/2024,2024-10-01,2025-11-09 07:30:19.821879,data/lms_loan_daily.csv,2024-10-01
CUS_0x5ec6_2024_08_01,CUS_0x5ec6,1/8/2024,10,2,10000,1000,1000,0,8000,1/10/2024,2024-10-01,2025-11-09 07:30:19.821879,data/lms_loan_daily.csv,2024-10-01
CUS_0x5ecb_2024_03_01,CUS_0x5ecb,1/3/2024,10,7,10000,1000,0,4000,7000,1/10/2024,2024-10-01,2025-11-09 07:30:19.821879,data/lms_loan_daily.csv,2024-10-01
CUS_0x5ed4_2024_04_01,CUS_0x5ed4,1/4/2024,10,6,10000,1000,1000,0,4000,1/10/2024,2024-10-01,2025-11-09 07:30:19.821879,data/lms_loan_daily.csv,2024-10-01
CUS_0x5ede_2024_10_01,CUS_0x5ede,1/10/2024,10,0,10000,0,0,0,10000,1/10/2024,2024-10-01,2025-11-09 07:30:19.821879,data/lms_loan_daily.csv,2024-10-01
CUS_0x5ee_2024_09_01,CUS_0x5ee,1/9/2024,10,1,10000,1000,1000,0,9000,1/10/2024,2024-10-01,2025-11-09 07:30:19.821879,data/lms_loan_daily.csv,2024-10-01
CUS_0x5eec_2024_02_01,CUS_0x5eec,1/2/2024,10,8,10000,1000,1000,0,2000,1/10/2024,2024-10-01,2025-11-09 07:30:19.821879,data/lms_loan_daily.csv,2024-10-01
CUS_0x5eee_2024_07_01,CUS_0x5eee,1/7/2024,10,3,10000,1000,0,1000,8000,1/10/2024,2024-10-01,2025-11-09 07:30:19.821879,data/lms_loan_daily.csv,2024-10-01
CUS_0x5f06_2024_08_01,CUS_0x5f06,1/8/2024,10,2,10000,1000,0,1000,9000,1/10/2024,2024-10-01,2025-11-09 07:30:19.821879,data/lms_loan_daily.csv,2024-10-01
CUS_0x5f0e_2024_09_01,CUS_0x5f0e,1/9/2024,10,1,10000,1000,1000,0,9000,1/10/2024,2024-10-01,2025-11-09 07:30:19.821879,data/lms_loan_daily.csv,2024-10-01
CUS_0x5f15_2024_04_01,CUS_0x5f15,1/4/2024,10,6,10000,1000,1000,0,4000,1/10/2024,2024-10-01,2025-11-09 07:30:19.821879,data/lms_loan_daily.csv,2024-10-01
CUS_0x5f28_2024_10_01,CUS_0x5f28,1/10/2024,10,0,10000,0,0,0,10000,1/10/2024,2024-10-01,2025-11-09 07:30:19.821879,data/lms_loan_daily.csv,2024-10-01
CUS_0x5f2f_2023_12_01,CUS_0x5f2f,1/12/2023,10,10,10000,1000,1000,0,0,1/10/2024,2024-10-01,2025-11-09 07:30:19.821879,data/lms_loan_daily.csv,2024-10-01
CUS_0x5f34_2023_12_01,CUS_0x5f34,1/12/2023,10,10,10000,1000,1000,0,0,1/10/2024,2024-10-01,2025-11-09 07:30:19.821879,data/lms_loan_daily.csv,2024-10-01
CUS_0x5f37_2024_09_01,CUS_0x5f37,1/9/2024,10,1,10000,1000,1000,0,9000,1/10/2024,2024-10-01,2025-11-09 07:30:19.821879,data/lms_loan_daily.csv,2024-10-01
CUS_0x5f3b_2024_02_01,CUS_0x5f3b,1/2/2024,10,8,10000,1000,1000,0,2000,1/10/2024,2024-10-01,2025-11-09 07:30:19.821879,data/lms_loan_daily.csv,2024-10-01
CUS_0x5f3d_2024_05_01,CUS_0x5f3d,1/5/2024,10,5,10000,1000,0,3000,8000,1/10/2024,2024-10-01,2025-11-09 07:30:19.821879,data/lms_loan_daily.csv,2024-10-01
CUS_0x5f3f_2024_01_01,CUS_0x5f3f,1/1/2024,10,9,10000,1000,0,6000,7000,1/10/2024,2024-10-01,2025-11-09 07:30:19.821879,data/lms_loan_daily.csv,2024-10-01
CUS_0x5f43_2024_03_01,CUS_0x5f43,1/3/2024,10,7,10000,1000,1000,0,3000,1/10/2024,2024-10-01,2025-11-09 07:30:19.821879,data/lms_loan_daily.csv,2024-10-01
CUS_0x5f45_2024_06_01,CUS_0x5f45,1/6/2024,10,4,10000,1000,1000,0,6000,1/10/2024,2024-10-01,2025-11-09 07:30:19.821879,data/lms_loan_daily.csv,2024-10-01
CUS_0x5f4f_2024_06_01,CUS_0x5f4f,1/6/2024,10,4,10000,1000,0,1000,7000,1/10/2024,2024-10-01,2025-11-09 07:30:19.821879,data/lms_loan_daily.csv,2024-10-01
CUS_0x5f61_2024_03_01,CUS_0x5f61,1/3/2024,10,7,10000,1000,1000,0,3000,1/10/2024,2024-10-01,2025-11-09 07:30:19.821879,data/lms_loan_daily.csv,2024-10-01
CUS_0x5f67_2024_06_01,CUS_0x5f67,1/6/2024,10,4,10000,1000,1000,0,6000,1/10/2024,2024-10-01,2025-11-09 07:30:19.821879,data/lms_loan_daily.csv,2024-10-01
CUS_0x5f6e_2024_06_01,CUS_0x5f6e,1/6/2024,10,4,10000,1000,1000,0,6000,1/10/2024,2024-10-01,2025-11-09 07:30:19.821879,data/lms_loan_daily.csv,2024-10-01
CUS_0x5f7a_2024_05_01,CUS_0x5f7a,1/5/2024,10,5,10000,1000,1000,0,5000,1/10/2024,2024-10-01,2025-11-09 07:30:19.821879,data/lms_loan_daily.csv,2024-10-01
CUS_0x5f7e_2024_02_01,CUS_0x5f7e,1/2/2024,10,8,10000,1000,1000,0,2000,1/10/2024,2024-10-01,2025-11-09 07:30:19.821879,data/lms_loan_daily.csv,2024-10-01
CUS_0x5f81_2024_01_01,CUS_0x5f81,1/1/2024,10,9,10000,1000,1000,0,1000,1/10/2024,2024-10-01,2025-11-09 07:30:19.821879,data/lms_loan_daily.csv,2024-10-01
CUS_0x5f86_2023_12_01,CUS_0x5f86,1/12/2023,10,10,10000,1000,1000,0,0,1/10/2024,2024-10-01,2025-11-09 07:30:19.821879,data/lms_loan_daily.csv,2024-10-01
CUS_0x5f90_2023_12_01,CUS_0x5f90,1/12/2023,10,10,10000,1000,0,6000,6000,1/10/2024,2024-10-01,2025-11-09 07:30:19.821879,data/lms_loan_daily.csv,2024-10-01
CUS_0x5f92_2023_12_01,CUS_0x5f92,1/12/2023,10,10,10000,1000,0,7000,7000,1/10/2024,2024-10-01,2025-11-09 07:30:19.821879,data/lms_loan_daily.csv,2024-10-01
CUS_0x5f9a_2024_06_01,CUS_0x5f9a,1/6/2024,10,4,10000,1000,1000,0,6000,1/10/2024,2024-10-01,2025-11-09 07:30:19.821879,data/lms_loan_daily.csv,2024-10-01
CUS_0x5fbb_2024_09_01,CUS_0x5fbb,1/9/2024,10,1,10000,1000,1000,0,9000,1/10/2024,2024-10-01,2025-11-09 07:30:19.821879,data/lms_loan_daily.csv,2024-10-01
CUS_0x5fc2_2023_12_01,CUS_0x5fc2,1/12/2023,10,10,10000,1000,0,7000,7000,1/10/2024,2024-10-01,2025-11-09 07:30:19.821879,data/lms_loan_daily.csv,2024-10-01
CUS_0x5fc3_2024_08_01,CUS_0x5fc3,1/8/2024,10,2,10000,1000,1000,0,8000,1/10/2024,2024-10-01,2025-11-09 07:30:19.821879,data/lms_loan_daily.csv,2024-10-01
CUS_0x5fc5_2024_05_01,CUS_0x5fc5,1/5/2024,10,5,10000,1000,1000,0,5000,1/10/2024,2024-10-01,2025-11-09 07:30:19.821879,data/lms_loan_daily.csv,2024-10-01
CUS_0x5fc9_2024_08_01,CUS_0x5fc9,1/8/2024,10,2,10000,1000,1000,0,8000,1/10/2024,2024-10-01,2025-11-09 07:30:19.821879,data/lms_loan_daily.csv,2024-10-01
CUS_0x5fd5_2024_08_01,CUS_0x5fd5,1/8/2024,10,2,10000,1000,1000,0,8000,1/10/2024,2024-10-01,2025-11-09 07:30:19.821879,data/lms_loan_daily.csv,2024-10-01
CUS_0x5fd8_2024_02_01,CUS_0x5fd8,1/2/2024,10,8,10000,1000,1000,0,2000,1/10/2024,2024-10-01,2025-11-09 07:30:19.821879,data/lms_loan_daily.csv,2024-10-01
CUS_0x5fe0_2024_09_01,CUS_0x5fe0,1/9/2024,10,1,10000,1000,1000,0,9000,1/10/2024,2024-10-01,2025-11-09 07:30:19.821879,data/lms_loan_daily.csv,2024-10-01
CUS_0x5fe3_2024_02_01,CUS_0x5fe3,1/2/2024,10,8,10000,1000,1000,0,2000,1/10/2024,2024-10-01,2025-11-09 07:30:19.821879,data/lms_loan_daily.csv,2024-10-01
CUS_0x5ff8_2024_07_01,CUS_0x5ff8,1/7/2024,10,3,10000,1000,1000,0,7000,1/10/2024,2024-10-01,2025-11-09 07:30:19.821879,data/lms_loan_daily.csv,2024-10-01
CUS_0x5ffa_2024_08_01,CUS_0x5ffa,1/8/2024,10,2,10000,1000,1000,0,8000,1/10/2024,2024-10-01,2025-11-09 07:30:19.821879,data/lms_loan_daily.csv,2024-10-01
CUS_0x5ffc_2024_04_01,CUS_0x5ffc,1/4/2024,10,6,10000,1000,1000,0,4000,1/10/2024,2024-10-01,2025-11-09 07:30:19.821879,data/lms_loan_daily.csv,2024-10-01
CUS_0x6000_2024_02_01,CUS_0x6000,1/2/2024,10,8,10000,1000,1000,0,2000,1/10/2024,2024-10-01,2025-11-09 07:30:19.821879,data/lms_loan_daily.csv,2024-10-01
CUS_0x6013_2024_09_01,CUS_0x6013,1/9/2024,10,1,10000,1000,1000,0,9000,1/10/2024,2024-10-01,2025-11-09 07:30:19.821879,data/lms_loan_daily.csv,2024-10-01
CUS_0x6020_2024_03_01,CUS_0x6020,1/3/2024,10,7,10000,1000,1000,0,3000,1/10/2024,2024-10-01,2025-11-09 07:30:19.821879,data/lms_loan_daily.csv,2024-10-01
CUS_0x6030_2024_07_01,CUS_0x6030,1/7/2024,10,3,10000,1000,0,1000,8000,1/10/2024,2024-10-01,2025-11-09 07:30:19.821879,data/lms_loan_daily.csv,2024-10-01
CUS_0x603b_2024_08_01,CUS_0x603b,1/8/2024,10,2,10000,1000,0,2000,10000,1/10/2024,2024-10-01,2025-11-09 07:30:19.821879,data/lms_loan_daily.csv,2024-10-01
CUS_0x604_2024_09_01,CUS_0x604,1/9/2024,10,1,10000,1000,1000,0,9000,1/10/2024,2024-10-01,2025-11-09 07:30:19.821879,data/lms_loan_daily.csv,2024-10-01
CUS_0x604a_2024_04_01,CUS_0x604a,1/4/2024,10,6,10000,1000,1000,0,4000,1/10/2024,2024-10-01,2025-11-09 07:30:19.821879,data/lms_loan_daily.csv,2024-10-01
CUS_0x6058_2024_01_01,CUS_0x6058,1/1/2024,10,9,10000,1000,0,6000,7000,1/10/2024,2024-10-01,2025-11-09 07:30:19.821879,data/lms_loan_daily.csv,2024-10-01
CUS_0x6068_2023_12_01,CUS_0x6068,1/12/2023,10,10,10000,1000,1000,0,0,1/10/2024,2024-10-01,2025-11-09 07:30:19.821879,data/lms_loan_daily.csv,2024-10-01
CUS_0x606d_2024_08_01,CUS_0x606d,1/8/2024,10,2,10000,1000,2000,0,8000,1/10/2024,2024-10-01,2025-11-09 07:30:19.821879,data/lms_loan_daily.csv,2024-10-01
CUS_0x6073_2024_07_01,CUS_0x6073,1/7/2024,10,3,10000,1000,1000,0,7000,1/10/2024,2024-10-01,2025-11-09 07:30:19.821879,data/lms_loan_daily.csv,2024-10-01
CUS_0x6075_2024_08_01,CUS_0x6075,1/8/2024,10,2,10000,1000,1000,0,8000,1/10/2024,2024-10-01,2025-11-09 07:30:19.821879,data/lms_loan_daily.csv,2024-10-01
CUS_0x6077_2024_03_01,CUS_0x6077,1/3/2024,10,7,10000,1000,1000,0,3000,1/10/2024,2024-10-01,2025-11-09 07:30:19.821879,data/lms_loan_daily.csv,2024-10-01
CUS_0x6081_2024_10_01,CUS_0x6081,1/10/2024,10,0,10000,0,0,0,10000,1/10/2024,2024-10-01,2025-11-09 07:30:19.821879,data/lms_loan_daily.csv,2024-10-01
CUS_0x6083_2024_04_01,CUS_0x6083,1/4/2024,10,6,10000,1000,1000,0,4000,1/10/2024,2024-10-01,2025-11-09 07:30:19.821879,data/lms_loan_daily.csv,2024-10-01
CUS_0x6086_2024_08_01,CUS_0x6086,1/8/2024,10,2,10000,1000,1000,0,8000,1/10/2024,2024-10-01,2025-11-09 07:30:19.821879,data/lms_loan_daily.csv,2024-10-01
CUS_0x6087_2024_01_01,CUS_0x6087,1/1/2024,10,9,10000,1000,0,6000,7000,1/10/2024,2024-10-01,2025-11-09 07:30:19.821879,data/lms_loan_daily.csv,2024-10-01
CUS_0x609d_2024_07_01,CUS_0x609d,1/7/2024,10,3,10000,1000,1000,0,7000,1/10/2024,2024-10-01,2025-11-09 07:30:19.821879,data/lms_loan_daily.csv,2024-10-01
CUS_0x609f_2024_09_01,CUS_0x609f,1/9/2024,10,1,10000,1000,1000,0,9000,1/10/2024,2024-10-01,2025-11-09 07:30:19.821879,data/lms_loan_daily.csv,2024-10-01
CUS_0x60aa_2024_01_01,CUS_0x60aa,1/1/2024,10,9,10000,1000,0,5000,6000,1/10/2024,2024-10-01,2025-11-09 07:30:19.821879,data/lms_loan_daily.csv,2024-10-01
CUS_0x60ad_2024_03_01,CUS_0x60ad,1/3/2024,10,7,10000,1000,1000,0,3000,1/10/2024,2024-10-01,2025-11-09 07:30:19.821879,data/lms_loan_daily.csv,2024-10-01
CUS_0x60b6_2023_12_01,CUS_0x60b6,1/12/2023,10,10,10000,1000,1000,0,0,1/10/2024,2024-10-01,2025-11-09 07:30:19.821879,data/lms_loan_daily.csv,2024-10-01
CUS_0x60c5_2024_09_01,CUS_0x60c5,1/9/2024,10,1,10000,1000,1000,0,9000,1/10/2024,2024-10-01,2025-11-09 07:30:19.821879,data/lms_loan_daily.csv,2024-10-01
CUS_0x60c9_2024_10_01,CUS_0x60c9,1/10/2024,10,0,10000,0,0,0,10000,1/10/2024,2024-10-01,2025-11-09 07:30:19.821879,data/lms_loan_daily.csv,2024-10-01
CUS_0x60ca_2024_01_01,CUS_0x60ca,1/1/2024,10,9,10000,1000,1000,0,1000,1/10/2024,2024-10-01,2025-11-09 07:30:19.821879,data/lms_loan_daily.csv,2024-10-01
CUS_0x60d_2024_04_01,CUS_0x60d,1/4/2024,10,6,10000,1000,1000,0,4000,1/10/2024,2024-10-01,2025-11-09 07:30:19.821879,data/lms_loan_daily.csv,2024-10-01
CUS_0x60d5_2024_02_01,CUS_0x60d5,1/2/2024,10,8,10000,1000,1000,0,2000,1/10/2024,2024-10-01,2025-11-09 07:30:19.821879,data/lms_loan_daily.csv,2024-10-01
CUS_0x60d8_2024_08_01,CUS_0x60d8,1/8/2024,10,2,10000,1000,1000,0,8000,1/10/2024,2024-10-01,2025-11-09 07:30:19.821879,data/lms_loan_daily.csv,2024-10-01
CUS_0x60da_2024_08_01,CUS_0x60da,1/8/2024,10,2,10000,1000,1000,0,8000,1/10/2024,2024-10-01,2025-11-09 07:30:19.821879,data/lms_loan_daily.csv,2024-10-01
CUS_0x60e3_2024_04_01,CUS_0x60e3,1/4/2024,10,6,10000,1000,1000,0,4000,1/10/2024,2024-10-01,2025-11-09 07:30:19.821879,data/lms_loan_daily.csv,2024-10-01
CUS_0x60f9_2024_03_01,CUS_0x60f9,1/3/2024,10,7,10000,1000,0,4000,7000,1/10/2024,2024-10-01,2025-11-09 07:30:19.821879,data/lms_loan_daily.csv,2024-10-01
CUS_0x6109_2023_12_01,CUS_0x6109,1/12/2023,10,10,10000,1000,1000,0,0,1/10/2024,2024-10-01,2025-11-09 07:30:19.821879,data/lms_loan_daily.csv,2024-10-01
CUS_0x610a_2024_10_01,CUS_0x610a,1/10/2024,10,0,10000,0,0,0,10000,1/10/2024,2024-10-01,2025-11-09 07:30:19.821879,data/lms_loan_daily.csv,2024-10-01
CUS_0x6117_2024_03_01,CUS_0x6117,1/3/2024,10,7,10000,1000,1000,0,3000,1/10/2024,2024-10-01,2025-11-09 07:30:19.821879,data/lms_loan_daily.csv,2024-10-01
CUS_0x6119_2023_12_01,CUS_0x6119,1/12/2023,10,10,10000,1000,1000,0,0,1/10/2024,2024-10-01,2025-11-09 07:30:19.821879,data/lms_loan_daily.csv,2024-10-01
CUS_0x612b_2024_01_01,CUS_0x612b,1/1/2024,10,9,10000,1000,1000,0,1000,1/10/2024,2024-10-01,2025-11-09 07:30:19.821879,data/lms_loan_daily.csv,2024-10-01
CUS_0x612d_2024_04_01,CUS_0x612d,1/4/2024,10,6,10000,1000,1000,0,4000,1/10/2024,2024-10-01,2025-11-09 07:30:19.821879,data/lms_loan_daily.csv,2024-10-01
CUS_0x6138_2024_04_01,CUS_0x6138,1/4/2024,10,6,10000,1000,1000,0,4000,1/10/2024,2024-10-01,2025-11-09 07:30:19.821879,data/lms_loan_daily.csv,2024-10-01
CUS_0x6144_2024_06_01,CUS_0x6144,1/6/2024,10,4,10000,1000,0,2000,8000,1/10/2024,2024-10-01,2025-11-09 07:30:19.821879,data/lms_loan_daily.csv,2024-10-01
CUS_0x614d_2024_03_01,CUS_0x614d,1/3/2024,10,7,10000,1000,0,3000,6000,1/10/2024,2024-10-01,2025-11-09 07:30:19.821879,data/lms_loan_daily.csv,2024-10-01
CUS_0x6156_2024_05_01,CUS_0x6156,1/5/2024,10,5,10000,1000,0,2000,7000,1/10/2024,2024-10-01,2025-11-09 07:30:19.821879,data/lms_loan_daily.csv,2024-10-01
CUS_0x615a_2024_06_01,CUS_0x615a,1/6/2024,10,4,10000,1000,1000,0,6000,1/10/2024,2024-10-01,2025-11-09 07:30:19.821879,data/lms_loan_daily.csv,2024-10-01
CUS_0x6160_2024_01_01,CUS_0x6160,1/1/2024,10,9,10000,1000,0,5000,6000,1/10/2024,2024-10-01,2025-11-09 07:30:19.821879,data/lms_loan_daily.csv,2024-10-01
CUS_0x6176_2024_07_01,CUS_0x6176,1/7/2024,10,3,10000,1000,0,1000,8000,1/10/2024,2024-10-01,2025-11-09 07:30:19.821879,data/lms_loan_daily.csv,2024-10-01
CUS_0x617b_2024_07_01,CUS_0x617b,1/7/2024,10,3,10000,1000,1000,0,7000,1/10/2024,2024-10-01,2025-11-09 07:30:19.821879,data/lms_loan_daily.csv,2024-10-01
CUS_0x6184_2024_01_01,CUS_0x6184,1/1/2024,10,9,10000,1000,1000,0,1000,1/10/2024,2024-10-01,2025-11-09 07:30:19.821879,data/lms_loan_daily.csv,2024-10-01
CUS_0x6187_2024_03_01,CUS_0x6187,1/3/2024,10,7,10000,1000,1000,0,3000,1/10/2024,2024-10-01,2025-11-09 07:30:19.821879,data/lms_loan_daily.csv,2024-10-01
CUS_0x618b_2023_12_01,CUS_0x618b,1/12/2023,10,10,10000,1000,0,8000,8000,1/10/2024,2024-10-01,2025-11-09 07:30:19.821879,data/lms_loan_daily.csv,2024-10-01
CUS_0x618c_2024_06_01,CUS_0x618c,1/6/2024,10,4,10000,1000,1000,0,6000,1/10/2024,2024-10-01,2025-11-09 07:30:19.821879,data/lms_loan_daily.csv,2024-10-01
CUS_0x6191_2024_08_01,CUS_0x6191,1/8/2024,10,2,10000,1000,1000,0,8000,1/10/2024,2024-10-01,2025-11-09 07:30:19.821879,data/lms_loan_daily.csv,2024-10-01
CUS_0x619d_2024_06_01,CUS_0x619d,1/6/2024,10,4,10000,1000,0,2000,8000,1/10/2024,2024-10-01,2025-11-09 07:30:19.821879,data/lms_loan_daily.csv,2024-10-01
CUS_0x61a4_2024_01_01,CUS_0x61a4,1/1/2024,10,9,10000,1000,1000,0,1000,1/10/2024,2024-10-01,2025-11-09 07:30:19.821879,data/lms_loan_daily.csv,2024-10-01
CUS_0x61a5_2024_01_01,CUS_0x61a5,1/1/2024,10,9,10000,1000,0,7000,8000,1/10/2024,2024-10-01,2025-11-09 07:30:19.821879,data/lms_loan_daily.csv,2024-10-01
CUS_0x61ab_2024_02_01,CUS_0x61ab,1/2/2024,10,8,10000,1000,1000,0,2000,1/10/2024,2024-10-01,2025-11-09 07:30:19.821879,data/lms_loan_daily.csv,2024-10-01
CUS_0x61b0_2024_08_01,CUS_0x61b0,1/8/2024,10,2,10000,1000,0,1000,9000,1/10/2024,2024-10-01,2025-11-09 07:30:19.821879,data/lms_loan_daily.csv,2024-10-01
CUS_0x61c6_2024_07_01,CUS_0x61c6,1/7/2024,10,3,10000,1000,1000,0,7000,1/10/2024,2024-10-01,2025-11-09 07:30:19.821879,data/lms_loan_daily.csv,2024-10-01
CUS_0x61c8_2024_03_01,CUS_0x61c8,1/3/2024,10,7,10000,1000,1000,0,3000,1/10/2024,2024-10-01,2025-11-09 07:30:19.821879,data/lms_loan_daily.csv,2024-10-01
CUS_0x61d3_2024_02_01,CUS_0x61d3,1/2/2024,10,8,10000,1000,0,6000,8000,1/10/2024,2024-10-01,2025-11-09 07:30:19.821879,data/lms_loan_daily.csv,2024-10-01
CUS_0x61d5_2024_05_01,CUS_0x61d5,1/5/2024,10,5,10000,1000,0,3000,8000,1/10/2024,2024-10-01,2025-11-09 07:30:19.821879,data/lms_loan_daily.csv,2024-10-01
CUS_0x61e0_2024_05_01,CUS_0x61e0,1/5/2024,10,5,10000,1000,1000,0,5000,1/10/2024,2024-10-01,2025-11-09 07:30:19.821879,data/lms_loan_daily.csv,2024-10-01
CUS_0x61e1_2024_02_01,CUS_0x61e1,1/2/2024,10,8,10000,1000,1000,0,2000,1/10/2024,2024-10-01,2025-11-09 07:30:19.821879,data/lms_loan_daily.csv,2024-10-01
CUS_0x61ec_2024_08_01,CUS_0x61ec,1/8/2024,10,2,10000,1000,1000,0,8000,1/10/2024,2024-10-01,2025-11-09 07:30:19.821879,data/lms_loan_daily.csv,2024-10-01
CUS_0x61fb_2024_06_01,CUS_0x61fb,1/6/2024,10,4,10000,1000,1000,0,6000,1/10/2024,2024-10-01,2025-11-09 07:30:19.821879,data/lms_loan_daily.csv,2024-10-01
CUS_0x61fd_2024_09_01,CUS_0x61fd,1/9/2024,10,1,10000,1000,1000,0,9000,1/10/2024,2024-10-01,2025-11-09 07:30:19.821879,data/lms_loan_daily.csv,2024-10-01
CUS_0x6213_2023_12_01,CUS_0x6213,1/12/2023,10,10,10000,1000,1000,0,0,1/10/2024,2024-10-01,2025-11-09 07:30:19.821879,data/lms_loan_daily.csv,2024-10-01
CUS_0x6225_2024_07_01,CUS_0x6225,1/7/2024,10,3,10000,1000,1000,0,7000,1/10/2024,2024-10-01,2025-11-09 07:30:19.821879,data/lms_loan_daily.csv,2024-10-01
CUS_0x6228_2024_10_01,CUS_0x6228,1/10/2024,10,0,10000,0,0,0,10000,1/10/2024,2024-10-01,2025-11-09 07:30:19.821879,data/lms_loan_daily.csv,2024-10-01
CUS_0x622c_2024_08_01,CUS_0x622c,1/8/2024,10,2,10000,1000,1000,0,8000,1/10/2024,2024-10-01,2025-11-09 07:30:19.821879,data/lms_loan_daily.csv,2024-10-01
CUS_0x6236_2024_05_01,CUS_0x6236,1/5/2024,10,5,10000,1000,0,3000,8000,1/10/2024,2024-10-01,2025-11-09 07:30:19.821879,data/lms_loan_daily.csv,2024-10-01
CUS_0x6247_2024_06_01,CUS_0x6247,1/6/2024,10,4,10000,1000,1000,0,6000,1/10/2024,2024-10-01,2025-11-09 07:30:19.821879,data/lms_loan_daily.csv,2024-10-01
CUS_0x624c_2024_03_01,CUS_0x624c,1/3/2024,10,7,10000,1000,0,6000,9000,1/10/2024,2024-10-01,2025-11-09 07:30:19.821879,data/lms_loan_daily.csv,2024-10-01
CUS_0x624e_2024_05_01,CUS_0x624e,1/5/2024,10,5,10000,1000,1000,0,5000,1/10/2024,2024-10-01,2025-11-09 07:30:19.821879,data/lms_loan_daily.csv,2024-10-01
CUS_0x625d_2024_10_01,CUS_0x625d,1/10/2024,10,0,10000,0,0,0,10000,1/10/2024,2024-10-01,2025-11-09 07:30:19.821879,data/lms_loan_daily.csv,2024-10-01
CUS_0x626a_2024_09_01,CUS_0x626a,1/9/2024,10,1,10000,1000,1000,0,9000,1/10/2024,2024-10-01,2025-11-09 07:30:19.821879,data/lms_loan_daily.csv,2024-10-01
CUS_0x626e_2024_10_01,CUS_0x626e,1/10/2024,10,0,10000,0,0,0,10000,1/10/2024,2024-10-01,2025-11-09 07:30:19.821879,data/lms_loan_daily.csv,2024-10-01
CUS_0x6275_2024_07_01,CUS_0x6275,1/7/2024,10,3,10000,1000,1000,0,7000,1/10/2024,2024-10-01,2025-11-09 07:30:19.821879,data/lms_loan_daily.csv,2024-10-01
CUS_0x627b_2024_06_01,CUS_0x627b,1/6/2024,10,4,10000,1000,0,1000,7000,1/10/2024,2024-10-01,2025-11-09 07:30:19.821879,data/lms_loan_daily.csv,2024-10-01
CUS_0x627e_2024_07_01,CUS_0x627e,1/7/2024,10,3,10000,1000,1000,0,7000,1/10/2024,2024-10-01,2025-11-09 07:30:19.821879,data/lms_loan_daily.csv,2024-10-01
CUS_0x6282_2024_05_01,CUS_0x6282,1/5/2024,10,5,10000,1000,1000,0,5000,1/10/2024,2024-10-01,2025-11-09 07:30:19.821879,data/lms_loan_daily.csv,2024-10-01
CUS_0x628d_2024_10_01,CUS_0x628d,1/10/2024,10,0,10000,0,0,0,10000,1/10/2024,2024-10-01,2025-11-09 07:30:19.821879,data/lms_loan_daily.csv,2024-10-01
CUS_0x629_2024_03_01,CUS_0x629,1/3/2024,10,7,10000,1000,1000,0,3000,1/10/2024,2024-10-01,2025-11-09 07:30:19.821879,data/lms_loan_daily.csv,2024-10-01
CUS_0x6294_2024_05_01,CUS_0x6294,1/5/2024,10,5,10000,1000,1000,0,5000,1/10/2024,2024-10-01,2025-11-09 07:30:19.821879,data/lms_loan_daily.csv,2024-10-01
CUS_0x629c_2024_08_01,CUS_0x629c,1/8/2024,10,2,10000,1000,1000,0,8000,1/10/2024,2024-10-01,2025-11-09 07:30:19.821879,data/lms_loan_daily.csv,2024-10-01
CUS_0x62a1_2024_08_01,CUS_0x62a1,1/8/2024,10,2,10000,1000,1000,0,8000,1/10/2024,2024-10-01,2025-11-09 07:30:19.821879,data/lms_loan_daily.csv,2024-10-01
CUS_0x62a4_2024_06_01,CUS_0x62a4,1/6/2024,10,4,10000,1000,1000,0,6000,1/10/2024,2024-10-01,2025-11-09 07:30:19.821879,data/lms_loan_daily.csv,2024-10-01
CUS_0x62ad_2024_02_01,CUS_0x62ad,1/2/2024,10,8,10000,1000,0,5000,7000,1/10/2024,2024-10-01,2025-11-09 07:30:19.821879,data/lms_loan_daily.csv,2024-10-01
CUS_0x62b5_2024_04_01,CUS_0x62b5,1/4/2024,10,6,10000,1000,1000,0,4000,1/10/2024,2024-10-01,2025-11-09 07:30:19.821879,data/lms_loan_daily.csv,2024-10-01
CUS_0x62b7_2024_10_01,CUS_0x62b7,1/10/2024,10,0,10000,0,0,0,10000,1/10/2024,2024-10-01,2025-11-09 07:30:19.821879,data/lms_loan_daily.csv,2024-10-01
CUS_0x62c3_2024_01_01,CUS_0x62c3,1/1/2024,10,9,10000,1000,1000,0,1000,1/10/2024,2024-10-01,2025-11-09 07:30:19.821879,data/lms_loan_daily.csv,2024-10-01
CUS_0x62c6_2024_02_01,CUS_0x62c6,1/2/2024,10,8,10000,1000,1000,0,2000,1/10/2024,2024-10-01,2025-11-09 07:30:19.821879,data/lms_loan_daily.csv,2024-10-01
CUS_0x62d_2024_10_01,CUS_0x62d,1/10/2024,10,0,10000,0,0,0,10000,1/10/2024,2024-10-01,2025-11-09 07:30:19.821879,data/lms_loan_daily.csv,2024-10-01
CUS_0x62da_2024_06_01,CUS_0x62da,1/6/2024,10,4,10000,1000,1000,0,6000,1/10/2024,2024-10-01,2025-11-09 07:30:19.821879,data/lms_loan_daily.csv,2024-10-01
CUS_0x62ec_2023_12_01,CUS_0x62ec,1/12/2023,10,10,10000,1000,1000,0,0,1/10/2024,2024-10-01,2025-11-09 07:30:19.821879,data/lms_loan_daily.csv,2024-10-01
CUS_0x62f4_2024_04_01,CUS_0x62f4,1/4/2024,10,6,10000,1000,1000,0,4000,1/10/2024,2024-10-01,2025-11-09 07:30:19.821879,data/lms_loan_daily.csv,2024-10-01
CUS_0x62f5_2024_06_01,CUS_0x62f5,1/6/2024,10,4,10000,1000,1000,0,6000,1/10/2024,2024-10-01,2025-11-09 07:30:19.821879,data/lms_loan_daily.csv,2024-10-01
CUS_0x62f8_2024_05_01,CUS_0x62f8,1/5/2024,10,5,10000,1000,0,3000,8000,1/10/2024,2024-10-01,2025-11-09 07:30:19.821879,data/lms_loan_daily.csv,2024-10-01
CUS_0x6308_2024_03_01,CUS_0x6308,1/3/2024,10,7,10000,1000,1000,0,3000,1/10/2024,2024-10-01,2025-11-09 07:30:19.821879,data/lms_loan_daily.csv,2024-10-01
CUS_0x631d_2024_06_01,CUS_0x631d,1/6/2024,10,4,10000,1000,0,2000,8000,1/10/2024,2024-10-01,2025-11-09 07:30:19.821879,data/lms_loan_daily.csv,2024-10-01
CUS_0x632_2023_12_01,CUS_0x632,1/12/2023,10,10,10000,1000,0,9000,9000,1/10/2024,2024-10-01,2025-11-09 07:30:19.821879,data/lms_loan_daily.csv,2024-10-01
CUS_0x6320_2024_05_01,CUS_0x6320,1/5/2024,10,5,10000,1000,1000,0,5000,1/10/2024,2024-10-01,2025-11-09 07:30:19.821879,data/lms_loan_daily.csv,2024-10-01
CUS_0x6334_2024_06_01,CUS_0x6334,1/6/2024,10,4,10000,1000,1000,0,6000,1/10/2024,2024-10-01,2025-11-09 07:30:19.821879,data/lms_loan_daily.csv,2024-10-01
CUS_0x6339_2024_08_01,CUS_0x6339,1/8/2024,10,2,10000,1000,1000,0,8000,1/10/2024,2024-10-01,2025-11-09 07:30:19.821879,data/lms_loan_daily.csv,2024-10-01
CUS_0x633b_2024_04_01,CUS_0x633b,1/4/2024,10,6,10000,1000,1000,0,4000,1/10/2024,2024-10-01,2025-11-09 07:30:19.821879,data/lms_loan_daily.csv,2024-10-01
CUS_0x6341_2024_06_01,CUS_0x6341,1/6/2024,10,4,10000,1000,1000,0,6000,1/10/2024,2024-10-01,2025-11-09 07:30:19.821879,data/lms_loan_daily.csv,2024-10-01
CUS_0x6343_2024_06_01,CUS_0x6343,1/6/2024,10,4,10000,1000,1000,0,6000,1/10/2024,2024-10-01,2025-11-09 07:30:19.821879,data/lms_loan_daily.csv,2024-10-01
CUS_0x6346_2024_06_01,CUS_0x6346,1/6/2024,10,4,10000,1000,1000,0,6000,1/10/2024,2024-10-01,2025-11-09 07:30:19.821879,data/lms_loan_daily.csv,2024-10-01
CUS_0x634d_2024_01_01,CUS_0x634d,1/1/2024,10,9,10000,1000,1000,0,1000,1/10/2024,2024-10-01,2025-11-09 07:30:19.821879,data/lms_loan_daily.csv,2024-10-01
CUS_0x6359_2024_08_01,CUS_0x6359,1/8/2024,10,2,10000,1000,1000,0,8000,1/10/2024,2024-10-01,2025-11-09 07:30:19.821879,data/lms_loan_daily.csv,2024-10-01
CUS_0x635e_2024_01_01,CUS_0x635e,1/1/2024,10,9,10000,1000,0,5000,6000,1/10/2024,2024-10-01,2025-11-09 07:30:19.821879,data/lms_loan_daily.csv,2024-10-01
CUS_0x636b_2024_04_01,CUS_0x636b,1/4/2024,10,6,10000,1000,1000,0,4000,1/10/2024,2024-10-01,2025-11-09 07:30:19.821879,data/lms_loan_daily.csv,2024-10-01
CUS_0x638_2024_06_01,CUS_0x638,1/6/2024,10,4,10000,1000,1000,0,6000,1/10/2024,2024-10-01,2025-11-09 07:30:19.821879,data/lms_loan_daily.csv,2024-10-01
CUS_0x6387_2024_04_01,CUS_0x6387,1/4/2024,10,6,10000,1000,1000,0,4000,1/10/2024,2024-10-01,2025-11-09 07:30:19.821879,data/lms_loan_daily.csv,2024-10-01
CUS_0x638d_2024_09_01,CUS_0x638d,1/9/2024,10,1,10000,1000,1000,0,9000,1/10/2024,2024-10-01,2025-11-09 07:30:19.821879,data/lms_loan_daily.csv,2024-10-01
CUS_0x6397_2024_03_01,CUS_0x6397,1/3/2024,10,7,10000,1000,0,5000,8000,1/10/2024,2024-10-01,2025-11-09 07:30:19.821879,data/lms_loan_daily.csv,2024-10-01
CUS_0x63af_2024_10_01,CUS_0x63af,1/10/2024,10,0,10000,0,0,0,10000,1/10/2024,2024-10-01,2025-11-09 07:30:19.821879,data/lms_loan_daily.csv,2024-10-01
CUS_0x63b0_2024_02_01,CUS_0x63b0,1/2/2024,10,8,10000,1000,1000,0,2000,1/10/2024,2024-10-01,2025-11-09 07:30:19.821879,data/lms_loan_daily.csv,2024-10-01
CUS_0x63b7_2024_05_01,CUS_0x63b7,1/5/2024,10,5,10000,1000,1000,0,5000,1/10/2024,2024-10-01,2025-11-09 07:30:19.821879,data/lms_loan_daily.csv,2024-10-01
CUS_0x63c2_2024_09_01,CUS_0x63c2,1/9/2024,10,1,10000,1000,1000,0,9000,1/10/2024,2024-10-01,2025-11-09 07:30:19.821879,data/lms_loan_daily.csv,2024-10-01
CUS_0x63df_2024_06_01,CUS_0x63df,1/6/2024,10,4,10000,1000,1000,0,6000,1/10/2024,2024-10-01,2025-11-09 07:30:19.821879,data/lms_loan_daily.csv,2024-10-01
CUS_0x63e0_2024_10_01,CUS_0x63e0,1/10/2024,10,0,10000,0,0,0,10000,1/10/2024,2024-10-01,2025-11-09 07:30:19.821879,data/lms_loan_daily.csv,2024-10-01
CUS_0x63ea_2024_09_01,CUS_0x63ea,1/9/2024,10,1,10000,1000,0,1000,10000,1/10/2024,2024-10-01,2025-11-09 07:30:19.821879,data/lms_loan_daily.csv,2024-10-01
CUS_0x63f1_2024_05_01,CUS_0x63f1,1/5/2024,10,5,10000,1000,1000,0,5000,1/10/2024,2024-10-01,2025-11-09 07:30:19.821879,data/lms_loan_daily.csv,2024-10-01
CUS_0x63f3_2024_06_01,CUS_0x63f3,1/6/2024,10,4,10000,1000,0,2000,8000,1/10/2024,2024-10-01,2025-11-09 07:30:19.821879,data/lms_loan_daily.csv,2024-10-01
CUS_0x63fe_2024_04_01,CUS_0x63fe,1/4/2024,10,6,10000,1000,0,4000,8000,1/10/2024,2024-10-01,2025-11-09 07:30:19.821879,data/lms_loan_daily.csv,2024-10-01
CUS_0x6406_2024_09_01,CUS_0x6406,1/9/2024,10,1,10000,1000,1000,0,9000,1/10/2024,2024-10-01,2025-11-09 07:30:19.821879,data/lms_loan_daily.csv,2024-10-01
CUS_0x6407_2024_06_01,CUS_0x6407,1/6/2024,10,4,10000,1000,0,1000,7000,1/10/2024,2024-10-01,2025-11-09 07:30:19.821879,data/lms_loan_daily.csv,2024-10-01
CUS_0x640a_2024_07_01,CUS_0x640a,1/7/2024,10,3,10000,1000,1000,0,7000,1/10/2024,2024-10-01,2025-11-09 07:30:19.821879,data/lms_loan_daily.csv,2024-10-01
CUS_0x640e_2024_05_01,CUS_0x640e,1/5/2024,10,5,10000,1000,1000,0,5000,1/10/2024,2024-10-01,2025-11-09 07:30:19.821879,data/lms_loan_daily.csv,2024-10-01
CUS_0x641a_2024_08_01,CUS_0x641a,1/8/2024,10,2,10000,1000,1000,0,8000,1/10/2024,2024-10-01,2025-11-09 07:30:19.821879,data/lms_loan_daily.csv,2024-10-01
CUS_0x641b_2024_06_01,CUS_0x641b,1/6/2024,10,4,10000,1000,1000,0,6000,1/10/2024,2024-10-01,2025-11-09 07:30:19.821879,data/lms_loan_daily.csv,2024-10-01
CUS_0x641e_2024_05_01,CUS_0x641e,1/5/2024,10,5,10000,1000,1000,0,5000,1/10/2024,2024-10-01,2025-11-09 07:30:19.821879,data/lms_loan_daily.csv,2024-10-01
CUS_0x641f_2024_06_01,CUS_0x641f,1/6/2024,10,4,10000,1000,0,3000,9000,1/10/2024,2024-10-01,2025-11-09 07:30:19.821879,data/lms_loan_daily.csv,2024-10-01
CUS_0x6423_2024_10_01,CUS_0x6423,1/10/2024,10,0,10000,0,0,0,10000,1/10/2024,2024-10-01,2025-11-09 07:30:19.821879,data/lms_loan_daily.csv,2024-10-01
CUS_0x6428_2023_12_01,CUS_0x6428,1/12/2023,10,10,10000,1000,1000,0,0,1/10/2024,2024-10-01,2025-11-09 07:30:19.821879,data/lms_loan_daily.csv,2024-10-01
CUS_0x6437_2024_08_01,CUS_0x6437,1/8/2024,10,2,10000,1000,1000,0,8000,1/10/2024,2024-10-01,2025-11-09 07:30:19.821879,data/lms_loan_daily.csv,2024-10-01
CUS_0x643a_2024_09_01,CUS_0x643a,1/9/2024,10,1,10000,1000,0,1000,10000,1/10/2024,2024-10-01,2025-11-09 07:30:19.821879,data/lms_loan_daily.csv,2024-10-01
CUS_0x6448_2024_08_01,CUS_0x6448,1/8/2024,10,2,10000,1000,1000,0,8000,1/10/2024,2024-10-01,2025-11-09 07:30:19.821879,data/lms_loan_daily.csv,2024-10-01
CUS_0x646e_2024_04_01,CUS_0x646e,1/4/2024,10,6,10000,1000,1000,0,4000,1/10/2024,2024-10-01,2025-11-09 07:30:19.821879,data/lms_loan_daily.csv,2024-10-01
CUS_0x6479_2024_09_01,CUS_0x6479,1/9/2024,10,1,10000,1000,1000,0,9000,1/10/2024,2024-10-01,2025-11-09 07:30:19.821879,data/lms_loan_daily.csv,2024-10-01
CUS_0x6484_2024_09_01,CUS_0x6484,1/9/2024,10,1,10000,1000,1000,0,9000,1/10/2024,2024-10-01,2025-11-09 07:30:19.821879,data/lms_loan_daily.csv,2024-10-01
CUS_0x6487_2024_02_01,CUS_0x6487,1/2/2024,10,8,10000,1000,0,6000,8000,1/10/2024,2024-10-01,2025-11-09 07:30:19.821879,data/lms_loan_daily.csv,2024-10-01
CUS_0x648b_2024_03_01,CUS_0x648b,1/3/2024,10,7,10000,1000,0,3000,6000,1/10/2024,2024-10-01,2025-11-09 07:30:19.821879,data/lms_loan_daily.csv,2024-10-01
CUS_0x648c_2024_05_01,CUS_0x648c,1/5/2024,10,5,10000,1000,1000,0,5000,1/10/2024,2024-10-01,2025-11-09 07:30:19.821879,data/lms_loan_daily.csv,2024-10-01
CUS_0x6493_2024_09_01,CUS_0x6493,1/9/2024,10,1,10000,1000,1000,0,9000,1/10/2024,2024-10-01,2025-11-09 07:30:19.821879,data/lms_loan_daily.csv,2024-10-01
CUS_0x6496_2024_09_01,CUS_0x6496,1/9/2024,10,1,10000,1000,1000,0,9000,1/10/2024,2024-10-01,2025-11-09 07:30:19.821879,data/lms_loan_daily.csv,2024-10-01
CUS_0x64a5_2024_04_01,CUS_0x64a5,1/4/2024,10,6,10000,1000,1000,0,4000,1/10/2024,2024-10-01,2025-11-09 07:30:19.821879,data/lms_loan_daily.csv,2024-10-01
CUS_0x64c_2024_08_01,CUS_0x64c,1/8/2024,10,2,10000,1000,1000,0,8000,1/10/2024,2024-10-01,2025-11-09 07:30:19.821879,data/lms_loan_daily.csv,2024-10-01
CUS_0x64c0_2024_03_01,CUS_0x64c0,1/3/2024,10,7,10000,1000,0,5000,8000,1/10/2024,2024-10-01,2025-11-09 07:30:19.821879,data/lms_loan_daily.csv,2024-10-01
CUS_0x64c6_2024_07_01,CUS_0x64c6,1/7/2024,10,3,10000,1000,1000,0,7000,1/10/2024,2024-10-01,2025-11-09 07:30:19.821879,data/lms_loan_daily.csv,2024-10-01
CUS_0x64e7_2024_04_01,CUS_0x64e7,1/4/2024,10,6,10000,1000,1000,0,4000,1/10/2024,2024-10-01,2025-11-09 07:30:19.821879,data/lms_loan_daily.csv,2024-10-01
CUS_0x64ed_2024_05_01,CUS_0x64ed,1/5/2024,10,5,10000,1000,1000,0,5000,1/10/2024,2024-10-01,2025-11-09 07:30:19.821879,data/lms_loan_daily.csv,2024-10-01
CUS_0x650b_2024_09_01,CUS_0x650b,1/9/2024,10,1,10000,1000,1000,0,9000,1/10/2024,2024-10-01,2025-11-09 07:30:19.821879,data/lms_loan_daily.csv,2024-10-01
CUS_0x6510_2024_03_01,CUS_0x6510,1/3/2024,10,7,10000,1000,1000,0,3000,1/10/2024,2024-10-01,2025-11-09 07:30:19.821879,data/lms_loan_daily.csv,2024-10-01
CUS_0x651d_2024_03_01,CUS_0x651d,1/3/2024,10,7,10000,1000,1000,0,3000,1/10/2024,2024-10-01,2025-11-09 07:30:19.821879,data/lms_loan_daily.csv,2024-10-01
CUS_0x6525_2024_04_01,CUS_0x6525,1/4/2024,10,6,10000,1000,0,3000,7000,1/10/2024,2024-10-01,2025-11-09 07:30:19.821879,data/lms_loan_daily.csv,2024-10-01
CUS_0x6529_2024_06_01,CUS_0x6529,1/6/2024,10,4,10000,1000,1000,0,6000,1/10/2024,2024-10-01,2025-11-09 07:30:19.821879,data/lms_loan_daily.csv,2024-10-01
CUS_0x652e_2024_10_01,CUS_0x652e,1/10/2024,10,0,10000,0,0,0,10000,1/10/2024,2024-10-01,2025-11-09 07:30:19.821879,data/lms_loan_daily.csv,2024-10-01
CUS_0x6556_2024_06_01,CUS_0x6556,1/6/2024,10,4,10000,1000,1000,0,6000,1/10/2024,2024-10-01,2025-11-09 07:30:19.821879,data/lms_loan_daily.csv,2024-10-01
CUS_0x6568_2024_07_01,CUS_0x6568,1/7/2024,10,3,10000,1000,1000,0,7000,1/10/2024,2024-10-01,2025-11-09 07:30:19.821879,data/lms_loan_daily.csv,2024-10-01
CUS_0x6572_2024_07_01,CUS_0x6572,1/7/2024,10,3,10000,1000,1000,0,7000,1/10/2024,2024-10-01,2025-11-09 07:30:19.821879,data/lms_loan_daily.csv,2024-10-01
CUS_0x6573_2024_04_01,CUS_0x6573,1/4/2024,10,6,10000,1000,1000,0,4000,1/10/2024,2024-10-01,2025-11-09 07:30:19.821879,data/lms_loan_daily.csv,2024-10-01
CUS_0x6574_2024_01_01,CUS_0x6574,1/1/2024,10,9,10000,1000,0,6000,7000,1/10/2024,2024-10-01,2025-11-09 07:30:19.821879,data/lms_loan_daily.csv,2024-10-01
CUS_0x6575_2024_06_01,CUS_0x6575,1/6/2024,10,4,10000,1000,1000,0,6000,1/10/2024,2024-10-01,2025-11-09 07:30:19.821879,data/lms_loan_daily.csv,2024-10-01
CUS_0x6579_2024_08_01,CUS_0x6579,1/8/2024,10,2,10000,1000,0,1000,9000,1/10/2024,2024-10-01,2025-11-09 07:30:19.821879,data/lms_loan_daily.csv,2024-10-01
CUS_0x657f_2024_10_01,CUS_0x657f,1/10/2024,10,0,10000,0,0,0,10000,1/10/2024,2024-10-01,2025-11-09 07:30:19.821879,data/lms_loan_daily.csv,2024-10-01
CUS_0x658a_2024_07_01,CUS_0x658a,1/7/2024,10,3,10000,1000,1000,0,7000,1/10/2024,2024-10-01,2025-11-09 07:30:19.821879,data/lms_loan_daily.csv,2024-10-01
CUS_0x658f_2024_08_01,CUS_0x658f,1/8/2024,10,2,10000,1000,1000,0,8000,1/10/2024,2024-10-01,2025-11-09 07:30:19.821879,data/lms_loan_daily.csv,2024-10-01
CUS_0x659_2024_08_01,CUS_0x659,1/8/2024,10,2,10000,1000,0,1000,9000,1/10/2024,2024-10-01,2025-11-09 07:30:19.821879,data/lms_loan_daily.csv,2024-10-01
CUS_0x6590_2023_12_01,CUS_0x6590,1/12/2023,10,10,10000,1000,1000,0,0,1/10/2024,2024-10-01,2025-11-09 07:30:19.821879,data/lms_loan_daily.csv,2024-10-01
CUS_0x6596_2024_08_01,CUS_0x6596,1/8/2024,10,2,10000,1000,1000,0,8000,1/10/2024,2024-10-01,2025-11-09 07:30:19.821879,data/lms_loan_daily.csv,2024-10-01
CUS_0x659f_2024_04_01,CUS_0x659f,1/4/2024,10,6,10000,1000,0,2000,6000,1/10/2024,2024-10-01,2025-11-09 07:30:19.821879,data/lms_loan_daily.csv,2024-10-01
CUS_0x65a0_2024_08_01,CUS_0x65a0,1/8/2024,10,2,10000,1000,1000,0,8000,1/10/2024,2024-10-01,2025-11-09 07:30:19.821879,data/lms_loan_daily.csv,2024-10-01
CUS_0x65ab_2024_04_01,CUS_0x65ab,1/4/2024,10,6,10000,1000,0,2000,6000,1/10/2024,2024-10-01,2025-11-09 07:30:19.821879,data/lms_loan_daily.csv,2024-10-01
CUS_0x65b9_2024_02_01,CUS_0x65b9,1/2/2024,10,8,10000,1000,1000,0,2000,1/10/2024,2024-10-01,2025-11-09 07:30:19.821879,data/lms_loan_daily.csv,2024-10-01
CUS_0x65c6_2024_08_01,CUS_0x65c6,1/8/2024,10,2,10000,1000,0,1000,9000,1/10/2024,2024-10-01,2025-11-09 07:30:19.821879,data/lms_loan_daily.csv,2024-10-01
CUS_0x65ca_2023_12_01,CUS_0x65ca,1/12/2023,10,10,10000,1000,1000,0,0,1/10/2024,2024-10-01,2025-11-09 07:30:19.821879,data/lms_loan_daily.csv,2024-10-01
CUS_0x65cf_2024_05_01,CUS_0x65cf,1/5/2024,10,5,10000,1000,1000,0,5000,1/10/2024,2024-10-01,2025-11-09 07:30:19.821879,data/lms_loan_daily.csv,2024-10-01
CUS_0x65d6_2024_09_01,CUS_0x65d6,1/9/2024,10,1,10000,1000,1000,0,9000,1/10/2024,2024-10-01,2025-11-09 07:30:19.821879,data/lms_loan_daily.csv,2024-10-01
CUS_0x65d9_2024_08_01,CUS_0x65d9,1/8/2024,10,2,10000,1000,1000,0,8000,1/10/2024,2024-10-01,2025-11-09 07:30:19.821879,data/lms_loan_daily.csv,2024-10-01
CUS_0x65dc_2024_09_01,CUS_0x65dc,1/9/2024,10,1,10000,1000,1000,0,9000,1/10/2024,2024-10-01,2025-11-09 07:30:19.821879,data/lms_loan_daily.csv,2024-10-01
CUS_0x65e1_2024_07_01,CUS_0x65e1,1/7/2024,10,3,10000,1000,1000,0,7000,1/10/2024,2024-10-01,2025-11-09 07:30:19.821879,data/lms_loan_daily.csv,2024-10-01
CUS_0x65e4_2024_07_01,CUS_0x65e4,1/7/2024,10,3,10000,1000,1000,0,7000,1/10/2024,2024-10-01,2025-11-09 07:30:19.821879,data/lms_loan_daily.csv,2024-10-01
CUS_0x65e9_2024_10_01,CUS_0x65e9,1/10/2024,10,0,10000,0,0,0,10000,1/10/2024,2024-10-01,2025-11-09 07:30:19.821879,data/lms_loan_daily.csv,2024-10-01
CUS_0x65f0_2024_07_01,CUS_0x65f0,1/7/2024,10,3,10000,1000,0,1000,8000,1/10/2024,2024-10-01,2025-11-09 07:30:19.821879,data/lms_loan_daily.csv,2024-10-01
CUS_0x65f6_2023_12_01,CUS_0x65f6,1/12/2023,10,10,10000,1000,1000,0,0,1/10/2024,2024-10-01,2025-11-09 07:30:19.821879,data/lms_loan_daily.csv,2024-10-01
CUS_0x65fa_2024_07_01,CUS_0x65fa,1/7/2024,10,3,10000,1000,1000,0,7000,1/10/2024,2024-10-01,2025-11-09 07:30:19.821879,data/lms_loan_daily.csv,2024-10-01
CUS_0x65fc_2023_12_01,CUS_0x65fc,1/12/2023,10,10,10000,1000,1000,0,0,1/10/2024,2024-10-01,2025-11-09 07:30:19.821879,data/lms_loan_daily.csv,2024-10-01
CUS_0x660b_2024_07_01,CUS_0x660b,1/7/2024,10,3,10000,1000,1000,0,7000,1/10/2024,2024-10-01,2025-11-09 07:30:19.821879,data/lms_loan_daily.csv,2024-10-01
CUS_0x660d_2024_10_01,CUS_0x660d,1/10/2024,10,0,10000,0,0,0,10000,1/10/2024,2024-10-01,2025-11-09 07:30:19.821879,data/lms_loan_daily.csv,2024-10-01
CUS_0x6610_2024_07_01,CUS_0x6610,1/7/2024,10,3,10000,1000,1000,0,7000,1/10/2024,2024-10-01,2025-11-09 07:30:19.821879,data/lms_loan_daily.csv,2024-10-01
CUS_0x6617_2024_02_01,CUS_0x6617,1/2/2024,10,8,10000,1000,0,6000,8000,1/10/2024,2024-10-01,2025-11-09 07:30:19.821879,data/lms_loan_daily.csv,2024-10-01
CUS_0x6623_2024_09_01,CUS_0x6623,1/9/2024,10,1,10000,1000,1000,0,9000,1/10/2024,2024-10-01,2025-11-09 07:30:19.821879,data/lms_loan_daily.csv,2024-10-01
CUS_0x6630_2024_02_01,CUS_0x6630,1/2/2024,10,8,10000,1000,1000,0,2000,1/10/2024,2024-10-01,2025-11-09 07:30:19.821879,data/lms_loan_daily.csv,2024-10-01
CUS_0x6632_2024_10_01,CUS_0x6632,1/10/2024,10,0,10000,0,0,0,10000,1/10/2024,2024-10-01,2025-11-09 07:30:19.821879,data/lms_loan_daily.csv,2024-10-01
CUS_0x6635_2024_08_01,CUS_0x6635,1/8/2024,10,2,10000,1000,0,1000,9000,1/10/2024,2024-10-01,2025-11-09 07:30:19.821879,data/lms_loan_daily.csv,2024-10-01
CUS_0x665c_2024_04_01,CUS_0x665c,1/4/2024,10,6,10000,1000,0,3000,7000,1/10/2024,2024-10-01,2025-11-09 07:30:19.821879,data/lms_loan_daily.csv,2024-10-01
CUS_0x6671_2024_07_01,CUS_0x6671,1/7/2024,10,3,10000,1000,0,2000,9000,1/10/2024,2024-10-01,2025-11-09 07:30:19.821879,data/lms_loan_daily.csv,2024-10-01
CUS_0x6678_2024_06_01,CUS_0x6678,1/6/2024,10,4,10000,1000,1000,0,6000,1/10/2024,2024-10-01,2025-11-09 07:30:19.821879,data/lms_loan_daily.csv,2024-10-01
CUS_0x667a_2024_04_01,CUS_0x667a,1/4/2024,10,6,10000,1000,0,4000,8000,1/10/2024,2024-10-01,2025-11-09 07:30:19.821879,data/lms_loan_daily.csv,2024-10-01
CUS_0x668f_2024_08_01,CUS_0x668f,1/8/2024,10,2,10000,1000,1000,0,8000,1/10/2024,2024-10-01,2025-11-09 07:30:19.821879,data/lms_loan_daily.csv,2024-10-01
CUS_0x6698_2024_05_01,CUS_0x6698,1/5/2024,10,5,10000,1000,1000,0,5000,1/10/2024,2024-10-01,2025-11-09 07:30:19.821879,data/lms_loan_daily.csv,2024-10-01
CUS_0x669c_2024_10_01,CUS_0x669c,1/10/2024,10,0,10000,0,0,0,10000,1/10/2024,2024-10-01,2025-11-09 07:30:19.821879,data/lms_loan_daily.csv,2024-10-01
CUS_0x669f_2024_10_01,CUS_0x669f,1/10/2024,10,0,10000,0,0,0,10000,1/10/2024,2024-10-01,2025-11-09 07:30:19.821879,data/lms_loan_daily.csv,2024-10-01
CUS_0x66a1_2023_12_01,CUS_0x66a1,1/12/2023,10,10,10000,1000,1000,0,0,1/10/2024,2024-10-01,2025-11-09 07:30:19.821879,data/lms_loan_daily.csv,2024-10-01
CUS_0x66a7_2024_01_01,CUS_0x66a7,1/1/2024,10,9,10000,1000,0,6000,7000,1/10/2024,2024-10-01,2025-11-09 07:30:19.821879,data/lms_loan_daily.csv,2024-10-01
CUS_0x66bc_2024_09_01,CUS_0x66bc,1/9/2024,10,1,10000,1000,1000,0,9000,1/10/2024,2024-10-01,2025-11-09 07:30:19.821879,data/lms_loan_daily.csv,2024-10-01
CUS_0x66c3_2024_07_01,CUS_0x66c3,1/7/2024,10,3,10000,1000,1000,0,7000,1/10/2024,2024-10-01,2025-11-09 07:30:19.821879,data/lms_loan_daily.csv,2024-10-01
CUS_0x66ce_2024_04_01,CUS_0x66ce,1/4/2024,10,6,10000,1000,1000,0,4000,1/10/2024,2024-10-01,2025-11-09 07:30:19.821879,data/lms_loan_daily.csv,2024-10-01
CUS_0x66d_2024_08_01,CUS_0x66d,1/8/2024,10,2,10000,1000,1000,0,8000,1/10/2024,2024-10-01,2025-11-09 07:30:19.821879,data/lms_loan_daily.csv,2024-10-01
CUS_0x66d6_2024_08_01,CUS_0x66d6,1/8/2024,10,2,10000,1000,1000,0,8000,1/10/2024,2024-10-01,2025-11-09 07:30:19.821879,data/lms_loan_daily.csv,2024-10-01
CUS_0x66dd_2024_02_01,CUS_0x66dd,1/2/2024,10,8,10000,1000,0,4000,6000,1/10/2024,2024-10-01,2025-11-09 07:30:19.821879,data/lms_loan_daily.csv,2024-10-01
CUS_0x66e0_2024_05_01,CUS_0x66e0,1/5/2024,10,5,10000,1000,1000,0,5000,1/10/2024,2024-10-01,2025-11-09 07:30:19.821879,data/lms_loan_daily.csv,2024-10-01
CUS_0x66e5_2024_10_01,CUS_0x66e5,1/10/2024,10,0,10000,0,0,0,10000,1/10/2024,2024-10-01,2025-11-09 07:30:19.821879,data/lms_loan_daily.csv,2024-10-01
CUS_0x66ef_2024_01_01,CUS_0x66ef,1/1/2024,10,9,10000,1000,1000,0,1000,1/10/2024,2024-10-01,2025-11-09 07:30:19.821879,data/lms_loan_daily.csv,2024-10-01
CUS_0x66f2_2024_09_01,CUS_0x66f2,1/9/2024,10,1,10000,1000,1000,0,9000,1/10/2024,2024-10-01,2025-11-09 07:30:19.821879,data/lms_loan_daily.csv,2024-10-01
CUS_0x66f5_2023_12_01,CUS_0x66f5,1/12/2023,10,10,10000,1000,0,8000,8000,1/10/2024,2024-10-01,2025-11-09 07:30:19.821879,data/lms_loan_daily.csv,2024-10-01
CUS_0x6700_2024_01_01,CUS_0x6700,1/1/2024,10,9,10000,1000,1000,0,1000,1/10/2024,2024-10-01,2025-11-09 07:30:19.821879,data/lms_loan_daily.csv,2024-10-01
CUS_0x670c_2024_05_01,CUS_0x670c,1/5/2024,10,5,10000,1000,1000,0,5000,1/10/2024,2024-10-01,2025-11-09 07:30:19.821879,data/lms_loan_daily.csv,2024-10-01
CUS_0x6719_2024_09_01,CUS_0x6719,1/9/2024,10,1,10000,1000,1000,0,9000,1/10/2024,2024-10-01,2025-11-09 07:30:19.821879,data/lms_loan_daily.csv,2024-10-01
CUS_0x672c_2024_03_01,CUS_0x672c,1/3/2024,10,7,10000,1000,1000,0,3000,1/10/2024,2024-10-01,2025-11-09 07:30:19.821879,data/lms_loan_daily.csv,2024-10-01
CUS_0x672e_2024_06_01,CUS_0x672e,1/6/2024,10,4,10000,1000,1000,0,6000,1/10/2024,2024-10-01,2025-11-09 07:30:19.821879,data/lms_loan_daily.csv,2024-10-01
CUS_0x6732_2024_10_01,CUS_0x6732,1/10/2024,10,0,10000,0,0,0,10000,1/10/2024,2024-10-01,2025-11-09 07:30:19.821879,data/lms_loan_daily.csv,2024-10-01
CUS_0x6734_2024_03_01,CUS_0x6734,1/3/2024,10,7,10000,1000,1000,0,3000,1/10/2024,2024-10-01,2025-11-09 07:30:19.821879,data/lms_loan_daily.csv,2024-10-01
CUS_0x6735_2023_12_01,CUS_0x6735,1/12/2023,10,10,10000,1000,1000,0,0,1/10/2024,2024-10-01,2025-11-09 07:30:19.821879,data/lms_loan_daily.csv,2024-10-01
CUS_0x673b_2024_08_01,CUS_0x673b,1/8/2024,10,2,10000,1000,1000,0,8000,1/10/2024,2024-10-01,2025-11-09 07:30:19.821879,data/lms_loan_daily.csv,2024-10-01
CUS_0x673c_2024_01_01,CUS_0x673c,1/1/2024,10,9,10000,1000,1000,0,1000,1/10/2024,2024-10-01,2025-11-09 07:30:19.821879,data/lms_loan_daily.csv,2024-10-01
CUS_0x674e_2024_07_01,CUS_0x674e,1/7/2024,10,3,10000,1000,2000,0,7000,1/10/2024,2024-10-01,2025-11-09 07:30:19.821879,data/lms_loan_daily.csv,2024-10-01
CUS_0x675_2024_06_01,CUS_0x675,1/6/2024,10,4,10000,1000,1000,0,6000,1/10/2024,2024-10-01,2025-11-09 07:30:19.821879,data/lms_loan_daily.csv,2024-10-01
CUS_0x6754_2024_01_01,CUS_0x6754,1/1/2024,10,9,10000,1000,0,7000,8000,1/10/2024,2024-10-01,2025-11-09 07:30:19.821879,data/lms_loan_daily.csv,2024-10-01
CUS_0x675f_2024_09_01,CUS_0x675f,1/9/2024,10,1,10000,1000,1000,0,9000,1/10/2024,2024-10-01,2025-11-09 07:30:19.821879,data/lms_loan_daily.csv,2024-10-01
CUS_0x676c_2024_06_01,CUS_0x676c,1/6/2024,10,4,10000,1000,1000,0,6000,1/10/2024,2024-10-01,2025-11-09 07:30:19.821879,data/lms_loan_daily.csv,2024-10-01
CUS_0x6786_2024_05_01,CUS_0x6786,1/5/2024,10,5,10000,1000,0,4000,9000,1/10/2024,2024-10-01,2025-11-09 07:30:19.821879,data/lms_loan_daily.csv,2024-10-01
CUS_0x6793_2024_03_01,CUS_0x6793,1/3/2024,10,7,10000,1000,1000,0,3000,1/10/2024,2024-10-01,2025-11-09 07:30:19.821879,data/lms_loan_daily.csv,2024-10-01
CUS_0x6794_2024_04_01,CUS_0x6794,1/4/2024,10,6,10000,1000,1000,0,4000,1/10/2024,2024-10-01,2025-11-09 07:30:19.821879,data/lms_loan_daily.csv,2024-10-01
CUS_0x679e_2024_05_01,CUS_0x679e,1/5/2024,10,5,10000,1000,0,3000,8000,1/10/2024,2024-10-01,2025-11-09 07:30:19.821879,data/lms_loan_daily.csv,2024-10-01
CUS_0x67a3_2024_03_01,CUS_0x67a3,1/3/2024,10,7,10000,1000,0,5000,8000,1/10/2024,2024-10-01,2025-11-09 07:30:19.821879,data/lms_loan_daily.csv,2024-10-01
CUS_0x67a4_2023_12_01,CUS_0x67a4,1/12/2023,10,10,10000,1000,0,9000,9000,1/10/2024,2024-10-01,2025-11-09 07:30:19.821879,data/lms_loan_daily.csv,2024-10-01
CUS_0x67b5_2024_05_01,CUS_0x67b5,1/5/2024,10,5,10000,1000,1000,0,5000,1/10/2024,2024-10-01,2025-11-09 07:30:19.821879,data/lms_loan_daily.csv,2024-10-01
CUS_0x67bb_2024_05_01,CUS_0x67bb,1/5/2024,10,5,10000,1000,1000,0,5000,1/10/2024,2024-10-01,2025-11-09 07:30:19.821879,data/lms_loan_daily.csv,2024-10-01
CUS_0x67c6_2024_01_01,CUS_0x67c6,1/1/2024,10,9,10000,1000,0,5000,6000,1/10/2024,2024-10-01,2025-11-09 07:30:19.821879,data/lms_loan_daily.csv,2024-10-01
CUS_0x67c8_2024_08_01,CUS_0x67c8,1/8/2024,10,2,10000,1000,1000,0,8000,1/10/2024,2024-10-01,2025-11-09 07:30:19.821879,data/lms_loan_daily.csv,2024-10-01
CUS_0x67cd_2023_12_01,CUS_0x67cd,1/12/2023,10,10,10000,1000,1000,0,0,1/10/2024,2024-10-01,2025-11-09 07:30:19.821879,data/lms_loan_daily.csv,2024-10-01
CUS_0x67de_2024_02_01,CUS_0x67de,1/2/2024,10,8,10000,1000,0,7000,9000,1/10/2024,2024-10-01,2025-11-09 07:30:19.821879,data/lms_loan_daily.csv,2024-10-01
CUS_0x67e_2024_01_01,CUS_0x67e,1/1/2024,10,9,10000,1000,1000,0,1000,1/10/2024,2024-10-01,2025-11-09 07:30:19.821879,data/lms_loan_daily.csv,2024-10-01
CUS_0x67e1_2024_06_01,CUS_0x67e1,1/6/2024,10,4,10000,1000,1000,0,6000,1/10/2024,2024-10-01,2025-11-09 07:30:19.821879,data/lms_loan_daily.csv,2024-10-01
CUS_0x67e3_2024_10_01,CUS_0x67e3,1/10/2024,10,0,10000,0,0,0,10000,1/10/2024,2024-10-01,2025-11-09 07:30:19.821879,data/lms_loan_daily.csv,2024-10-01
CUS_0x67e5_2023_12_01,CUS_0x67e5,1/12/2023,10,10,10000,1000,0,7000,7000,1/10/2024,2024-10-01,2025-11-09 07:30:19.821879,data/lms_loan_daily.csv,2024-10-01
CUS_0x67e7_2024_06_01,CUS_0x67e7,1/6/2024,10,4,10000,1000,0,1000,7000,1/10/2024,2024-10-01,2025-11-09 07:30:19.821879,data/lms_loan_daily.csv,2024-10-01
CUS_0x67ff_2024_06_01,CUS_0x67ff,1/6/2024,10,4,10000,1000,0,3000,9000,1/10/2024,2024-10-01,2025-11-09 07:30:19.821879,data/lms_loan_daily.csv,2024-10-01
CUS_0x6807_2024_05_01,CUS_0x6807,1/5/2024,10,5,10000,1000,0,3000,8000,1/10/2024,2024-10-01,2025-11-09 07:30:19.821879,data/lms_loan_daily.csv,2024-10-01
CUS_0x6809_2024_03_01,CUS_0x6809,1/3/2024,10,7,10000,1000,0,4000,7000,1/10/2024,2024-10-01,2025-11-09 07:30:19.821879,data/lms_loan_daily.csv,2024-10-01
CUS_0x6818_2024_10_01,CUS_0x6818,1/10/2024,10,0,10000,0,0,0,10000,1/10/2024,2024-10-01,2025-11-09 07:30:19.821879,data/lms_loan_daily.csv,2024-10-01
CUS_0x6826_2024_01_01,CUS_0x6826,1/1/2024,10,9,10000,1000,1000,0,1000,1/10/2024,2024-10-01,2025-11-09 07:30:19.821879,data/lms_loan_daily.csv,2024-10-01
CUS_0x6829_2024_02_01,CUS_0x6829,1/2/2024,10,8,10000,1000,1000,0,2000,1/10/2024,2024-10-01,2025-11-09 07:30:19.821879,data/lms_loan_daily.csv,2024-10-01
CUS_0x682c_2024_04_01,CUS_0x682c,1/4/2024,10,6,10000,1000,0,2000,6000,1/10/2024,2024-10-01,2025-11-09 07:30:19.821879,data/lms_loan_daily.csv,2024-10-01
CUS_0x682e_2024_08_01,CUS_0x682e,1/8/2024,10,2,10000,1000,1000,0,8000,1/10/2024,2024-10-01,2025-11-09 07:30:19.821879,data/lms_loan_daily.csv,2024-10-01
CUS_0x683_2024_06_01,CUS_0x683,1/6/2024,10,4,10000,1000,1000,0,6000,1/10/2024,2024-10-01,2025-11-09 07:30:19.821879,data/lms_loan_daily.csv,2024-10-01
CUS_0x6831_2024_03_01,CUS_0x6831,1/3/2024,10,7,10000,1000,0,4000,7000,1/10/2024,2024-10-01,2025-11-09 07:30:19.821879,data/lms_loan_daily.csv,2024-10-01
CUS_0x684c_2024_02_01,CUS_0x684c,1/2/2024,10,8,10000,1000,0,5000,7000,1/10/2024,2024-10-01,2025-11-09 07:30:19.821879,data/lms_loan_daily.csv,2024-10-01
CUS_0x6853_2024_04_01,CUS_0x6853,1/4/2024,10,6,10000,1000,0,6000,10000,1/10/2024,2024-10-01,2025-11-09 07:30:19.821879,data/lms_loan_daily.csv,2024-10-01
CUS_0x6854_2024_05_01,CUS_0x6854,1/5/2024,10,5,10000,1000,1000,0,5000,1/10/2024,2024-10-01,2025-11-09 07:30:19.821879,data/lms_loan_daily.csv,2024-10-01
CUS_0x6863_2024_08_01,CUS_0x6863,1/8/2024,10,2,10000,1000,1000,0,8000,1/10/2024,2024-10-01,2025-11-09 07:30:19.821879,data/lms_loan_daily.csv,2024-10-01
CUS_0x6865_2024_09_01,CUS_0x6865,1/9/2024,10,1,10000,1000,1000,0,9000,1/10/2024,2024-10-01,2025-11-09 07:30:19.821879,data/lms_loan_daily.csv,2024-10-01
CUS_0x686c_2024_09_01,CUS_0x686c,1/9/2024,10,1,10000,1000,1000,0,9000,1/10/2024,2024-10-01,2025-11-09 07:30:19.821879,data/lms_loan_daily.csv,2024-10-01
CUS_0x6883_2024_03_01,CUS_0x6883,1/3/2024,10,7,10000,1000,1000,0,3000,1/10/2024,2024-10-01,2025-11-09 07:30:19.821879,data/lms_loan_daily.csv,2024-10-01
CUS_0x688e_2024_02_01,CUS_0x688e,1/2/2024,10,8,10000,1000,1000,0,2000,1/10/2024,2024-10-01,2025-11-09 07:30:19.821879,data/lms_loan_daily.csv,2024-10-01
CUS_0x6894_2023_12_01,CUS_0x6894,1/12/2023,10,10,10000,1000,1000,0,0,1/10/2024,2024-10-01,2025-11-09 07:30:19.821879,data/lms_loan_daily.csv,2024-10-01
CUS_0x6896_2024_04_01,CUS_0x6896,1/4/2024,10,6,10000,1000,0,3000,7000,1/10/2024,2024-10-01,2025-11-09 07:30:19.821879,data/lms_loan_daily.csv,2024-10-01
CUS_0x68a5_2024_03_01,CUS_0x68a5,1/3/2024,10,7,10000,1000,1000,0,3000,1/10/2024,2024-10-01,2025-11-09 07:30:19.821879,data/lms_loan_daily.csv,2024-10-01
CUS_0x68b4_2024_05_01,CUS_0x68b4,1/5/2024,10,5,10000,1000,1000,0,5000,1/10/2024,2024-10-01,2025-11-09 07:30:19.821879,data/lms_loan_daily.csv,2024-10-01
CUS_0x68bb_2024_09_01,CUS_0x68bb,1/9/2024,10,1,10000,1000,1000,0,9000,1/10/2024,2024-10-01,2025-11-09 07:30:19.821879,data/lms_loan_daily.csv,2024-10-01
CUS_0x68be_2024_05_01,CUS_0x68be,1/5/2024,10,5,10000,1000,1000,0,5000,1/10/2024,2024-10-01,2025-11-09 07:30:19.821879,data/lms_loan_daily.csv,2024-10-01
CUS_0x68c8_2024_02_01,CUS_0x68c8,1/2/2024,10,8,10000,1000,1000,0,2000,1/10/2024,2024-10-01,2025-11-09 07:30:19.821879,data/lms_loan_daily.csv,2024-10-01
CUS_0x68cc_2024_08_01,CUS_0x68cc,1/8/2024,10,2,10000,1000,1000,0,8000,1/10/2024,2024-10-01,2025-11-09 07:30:19.821879,data/lms_loan_daily.csv,2024-10-01
CUS_0x68d1_2024_03_01,CUS_0x68d1,1/3/2024,10,7,10000,1000,0,5000,8000,1/10/2024,2024-10-01,2025-11-09 07:30:19.821879,data/lms_loan_daily.csv,2024-10-01
CUS_0x68d5_2024_08_01,CUS_0x68d5,1/8/2024,10,2,10000,1000,1000,0,8000,1/10/2024,2024-10-01,2025-11-09 07:30:19.821879,data/lms_loan_daily.csv,2024-10-01
CUS_0x68da_2024_08_01,CUS_0x68da,1/8/2024,10,2,10000,1000,1000,0,8000,1/10/2024,2024-10-01,2025-11-09 07:30:19.821879,data/lms_loan_daily.csv,2024-10-01
CUS_0x68ea_2024_04_01,CUS_0x68ea,1/4/2024,10,6,10000,1000,1000,0,4000,1/10/2024,2024-10-01,2025-11-09 07:30:19.821879,data/lms_loan_daily.csv,2024-10-01
CUS_0x68ef_2024_01_01,CUS_0x68ef,1/1/2024,10,9,10000,1000,1000,0,1000,1/10/2024,2024-10-01,2025-11-09 07:30:19.821879,data/lms_loan_daily.csv,2024-10-01
CUS_0x6901_2023_12_01,CUS_0x6901,1/12/2023,10,10,10000,1000,1000,0,0,1/10/2024,2024-10-01,2025-11-09 07:30:19.821879,data/lms_loan_daily.csv,2024-10-01
CUS_0x691_2024_05_01,CUS_0x691,1/5/2024,10,5,10000,1000,0,2000,7000,1/10/2024,2024-10-01,2025-11-09 07:30:19.821879,data/lms_loan_daily.csv,2024-10-01
CUS_0x6919_2024_02_01,CUS_0x6919,1/2/2024,10,8,10000,1000,1000,0,2000,1/10/2024,2024-10-01,2025-11-09 07:30:19.821879,data/lms_loan_daily.csv,2024-10-01
CUS_0x691a_2024_04_01,CUS_0x691a,1/4/2024,10,6,10000,1000,1000,0,4000,1/10/2024,2024-10-01,2025-11-09 07:30:19.821879,data/lms_loan_daily.csv,2024-10-01
CUS_0x691b_2024_01_01,CUS_0x691b,1/1/2024,10,9,10000,1000,1000,0,1000,1/10/2024,2024-10-01,2025-11-09 07:30:19.821879,data/lms_loan_daily.csv,2024-10-01
CUS_0x691e_2024_10_01,CUS_0x691e,1/10/2024,10,0,10000,0,0,0,10000,1/10/2024,2024-10-01,2025-11-09 07:30:19.821879,data/lms_loan_daily.csv,2024-10-01
CUS_0x691f_2024_10_01,CUS_0x691f,1/10/2024,10,0,10000,0,0,0,10000,1/10/2024,2024-10-01,2025-11-09 07:30:19.821879,data/lms_loan_daily.csv,2024-10-01
CUS_0x692a_2023_12_01,CUS_0x692a,1/12/2023,10,10,10000,1000,0,8000,8000,1/10/2024,2024-10-01,2025-11-09 07:30:19.821879,data/lms_loan_daily.csv,2024-10-01
CUS_0x6938_2024_08_01,CUS_0x6938,1/8/2024,10,2,10000,1000,0,2000,10000,1/10/2024,2024-10-01,2025-11-09 07:30:19.821879,data/lms_loan_daily.csv,2024-10-01
CUS_0x6939_2024_02_01,CUS_0x6939,1/2/2024,10,8,10000,1000,1000,0,2000,1/10/2024,2024-10-01,2025-11-09 07:30:19.821879,data/lms_loan_daily.csv,2024-10-01
CUS_0x693b_2024_08_01,CUS_0x693b,1/8/2024,10,2,10000,1000,1000,0,8000,1/10/2024,2024-10-01,2025-11-09 07:30:19.821879,data/lms_loan_daily.csv,2024-10-01
CUS_0x6945_2024_01_01,CUS_0x6945,1/1/2024,10,9,10000,1000,1000,0,1000,1/10/2024,2024-10-01,2025-11-09 07:30:19.821879,data/lms_loan_daily.csv,2024-10-01
CUS_0x6947_2024_05_01,CUS_0x6947,1/5/2024,10,5,10000,1000,0,1000,6000,1/10/2024,2024-10-01,2025-11-09 07:30:19.821879,data/lms_loan_daily.csv,2024-10-01
CUS_0x6950_2024_01_01,CUS_0x6950,1/1/2024,10,9,10000,1000,1000,0,1000,1/10/2024,2024-10-01,2025-11-09 07:30:19.821879,data/lms_loan_daily.csv,2024-10-01
CUS_0x6951_2024_07_01,CUS_0x6951,1/7/2024,10,3,10000,1000,1000,0,7000,1/10/2024,2024-10-01,2025-11-09 07:30:19.821879,data/lms_loan_daily.csv,2024-10-01
CUS_0x6956_2024_06_01,CUS_0x6956,1/6/2024,10,4,10000,1000,0,2000,8000,1/10/2024,2024-10-01,2025-11-09 07:30:19.821879,data/lms_loan_daily.csv,2024-10-01
CUS_0x696_2024_04_01,CUS_0x696,1/4/2024,10,6,10000,1000,1000,0,4000,1/10/2024,2024-10-01,2025-11-09 07:30:19.821879,data/lms_loan_daily.csv,2024-10-01
CUS_0x6960_2024_07_01,CUS_0x6960,1/7/2024,10,3,10000,1000,1000,0,7000,1/10/2024,2024-10-01,2025-11-09 07:30:19.821879,data/lms_loan_daily.csv,2024-10-01
CUS_0x6962_2024_07_01,CUS_0x6962,1/7/2024,10,3,10000,1000,1000,0,7000,1/10/2024,2024-10-01,2025-11-09 07:30:19.821879,data/lms_loan_daily.csv,2024-10-01
CUS_0x6963_2024_08_01,CUS_0x6963,1/8/2024,10,2,10000,1000,2000,0,8000,1/10/2024,2024-10-01,2025-11-09 07:30:19.821879,data/lms_loan_daily.csv,2024-10-01
CUS_0x6969_2024_02_01,CUS_0x6969,1/2/2024,10,8,10000,1000,1000,0,2000,1/10/2024,2024-10-01,2025-11-09 07:30:19.821879,data/lms_loan_daily.csv,2024-10-01
CUS_0x6975_2024_10_01,CUS_0x6975,1/10/2024,10,0,10000,0,0,0,10000,1/10/2024,2024-10-01,2025-11-09 07:30:19.821879,data/lms_loan_daily.csv,2024-10-01
CUS_0x697a_2024_10_01,CUS_0x697a,1/10/2024,10,0,10000,0,0,0,10000,1/10/2024,2024-10-01,2025-11-09 07:30:19.821879,data/lms_loan_daily.csv,2024-10-01
CUS_0x698_2024_09_01,CUS_0x698,1/9/2024,10,1,10000,1000,1000,0,9000,1/10/2024,2024-10-01,2025-11-09 07:30:19.821879,data/lms_loan_daily.csv,2024-10-01
CUS_0x6987_2024_08_01,CUS_0x6987,1/8/2024,10,2,10000,1000,1000,0,8000,1/10/2024,2024-10-01,2025-11-09 07:30:19.821879,data/lms_loan_daily.csv,2024-10-01
CUS_0x698b_2023_12_01,CUS_0x698b,1/12/2023,10,10,10000,1000,1000,0,0,1/10/2024,2024-10-01,2025-11-09 07:30:19.821879,data/lms_loan_daily.csv,2024-10-01
CUS_0x6991_2024_08_01,CUS_0x6991,1/8/2024,10,2,10000,1000,1000,0,8000,1/10/2024,2024-10-01,2025-11-09 07:30:19.821879,data/lms_loan_daily.csv,2024-10-01
CUS_0x6993_2023_12_01,CUS_0x6993,1/12/2023,10,10,10000,1000,1000,0,0,1/10/2024,2024-10-01,2025-11-09 07:30:19.821879,data/lms_loan_daily.csv,2024-10-01
CUS_0x69a9_2024_05_01,CUS_0x69a9,1/5/2024,10,5,10000,1000,1000,0,5000,1/10/2024,2024-10-01,2025-11-09 07:30:19.821879,data/lms_loan_daily.csv,2024-10-01
CUS_0x69b4_2024_01_01,CUS_0x69b4,1/1/2024,10,9,10000,1000,1000,0,1000,1/10/2024,2024-10-01,2025-11-09 07:30:19.821879,data/lms_loan_daily.csv,2024-10-01
CUS_0x69bf_2024_07_01,CUS_0x69bf,1/7/2024,10,3,10000,1000,1000,0,7000,1/10/2024,2024-10-01,2025-11-09 07:30:19.821879,data/lms_loan_daily.csv,2024-10-01
CUS_0x69c3_2024_07_01,CUS_0x69c3,1/7/2024,10,3,10000,1000,1000,0,7000,1/10/2024,2024-10-01,2025-11-09 07:30:19.821879,data/lms_loan_daily.csv,2024-10-01
CUS_0x69c7_2024_04_01,CUS_0x69c7,1/4/2024,10,6,10000,1000,0,3000,7000,1/10/2024,2024-10-01,2025-11-09 07:30:19.821879,data/lms_loan_daily.csv,2024-10-01
CUS_0x69cd_2024_06_01,CUS_0x69cd,1/6/2024,10,4,10000,1000,0,3000,9000,1/10/2024,2024-10-01,2025-11-09 07:30:19.821879,data/lms_loan_daily.csv,2024-10-01
CUS_0x69d5_2024_06_01,CUS_0x69d5,1/6/2024,10,4,10000,1000,0,1000,7000,1/10/2024,2024-10-01,2025-11-09 07:30:19.821879,data/lms_loan_daily.csv,2024-10-01
CUS_0x69e0_2024_08_01,CUS_0x69e0,1/8/2024,10,2,10000,1000,0,1000,9000,1/10/2024,2024-10-01,2025-11-09 07:30:19.821879,data/lms_loan_daily.csv,2024-10-01
CUS_0x69f6_2024_09_01,CUS_0x69f6,1/9/2024,10,1,10000,1000,1000,0,9000,1/10/2024,2024-10-01,2025-11-09 07:30:19.821879,data/lms_loan_daily.csv,2024-10-01
CUS_0x6a11_2023_12_01,CUS_0x6a11,1/12/2023,10,10,10000,1000,1000,0,0,1/10/2024,2024-10-01,2025-11-09 07:30:19.821879,data/lms_loan_daily.csv,2024-10-01
CUS_0x6a14_2023_12_01,CUS_0x6a14,1/12/2023,10,10,10000,1000,1000,0,0,1/10/2024,2024-10-01,2025-11-09 07:30:19.821879,data/lms_loan_daily.csv,2024-10-01
CUS_0x6a1d_2024_08_01,CUS_0x6a1d,1/8/2024,10,2,10000,1000,0,2000,10000,1/10/2024,2024-10-01,2025-11-09 07:30:19.821879,data/lms_loan_daily.csv,2024-10-01
CUS_0x6a33_2024_05_01,CUS_0x6a33,1/5/2024,10,5,10000,1000,0,2000,7000,1/10/2024,2024-10-01,2025-11-09 07:30:19.821879,data/lms_loan_daily.csv,2024-10-01
CUS_0x6a4d_2024_03_01,CUS_0x6a4d,1/3/2024,10,7,10000,1000,1000,0,3000,1/10/2024,2024-10-01,2025-11-09 07:30:19.821879,data/lms_loan_daily.csv,2024-10-01
CUS_0x6a52_2024_06_01,CUS_0x6a52,1/6/2024,10,4,10000,1000,1000,0,6000,1/10/2024,2024-10-01,2025-11-09 07:30:19.821879,data/lms_loan_daily.csv,2024-10-01
CUS_0x6a55_2024_02_01,CUS_0x6a55,1/2/2024,10,8,10000,1000,1000,0,2000,1/10/2024,2024-10-01,2025-11-09 07:30:19.821879,data/lms_loan_daily.csv,2024-10-01
CUS_0x6a56_2024_06_01,CUS_0x6a56,1/6/2024,10,4,10000,1000,1000,0,6000,1/10/2024,2024-10-01,2025-11-09 07:30:19.821879,data/lms_loan_daily.csv,2024-10-01
CUS_0x6a6_2024_02_01,CUS_0x6a6,1/2/2024,10,8,10000,1000,1000,0,2000,1/10/2024,2024-10-01,2025-11-09 07:30:19.821879,data/lms_loan_daily.csv,2024-10-01
CUS_0x6a61_2023_12_01,CUS_0x6a61,1/12/2023,10,10,10000,1000,1000,0,0,1/10/2024,2024-10-01,2025-11-09 07:30:19.821879,data/lms_loan_daily.csv,2024-10-01
CUS_0x6a6f_2024_10_01,CUS_0x6a6f,1/10/2024,10,0,10000,0,0,0,10000,1/10/2024,2024-10-01,2025-11-09 07:30:19.821879,data/lms_loan_daily.csv,2024-10-01
CUS_0x6a73_2024_10_01,CUS_0x6a73,1/10/2024,10,0,10000,0,0,0,10000,1/10/2024,2024-10-01,2025-11-09 07:30:19.821879,data/lms_loan_daily.csv,2024-10-01
CUS_0x6a7e_2024_06_01,CUS_0x6a7e,1/6/2024,10,4,10000,1000,1000,0,6000,1/10/2024,2024-10-01,2025-11-09 07:30:19.821879,data/lms_loan_daily.csv,2024-10-01
CUS_0x6a81_2024_06_01,CUS_0x6a81,1/6/2024,10,4,10000,1000,1000,0,6000,1/10/2024,2024-10-01,2025-11-09 07:30:19.821879,data/lms_loan_daily.csv,2024-10-01
CUS_0x6a84_2024_05_01,CUS_0x6a84,1/5/2024,10,5,10000,1000,0,2000,7000,1/10/2024,2024-10-01,2025-11-09 07:30:19.821879,data/lms_loan_daily.csv,2024-10-01
CUS_0x6a86_2024_08_01,CUS_0x6a86,1/8/2024,10,2,10000,1000,1000,0,8000,1/10/2024,2024-10-01,2025-11-09 07:30:19.821879,data/lms_loan_daily.csv,2024-10-01
CUS_0x6a8b_2024_04_01,CUS_0x6a8b,1/4/2024,10,6,10000,1000,1000,0,4000,1/10/2024,2024-10-01,2025-11-09 07:30:19.821879,data/lms_loan_daily.csv,2024-10-01
CUS_0x6a91_2024_07_01,CUS_0x6a91,1/7/2024,10,3,10000,1000,1000,0,7000,1/10/2024,2024-10-01,2025-11-09 07:30:19.821879,data/lms_loan_daily.csv,2024-10-01
CUS_0x6a9a_2024_07_01,CUS_0x6a9a,1/7/2024,10,3,10000,1000,2000,0,7000,1/10/2024,2024-10-01,2025-11-09 07:30:19.821879,data/lms_loan_daily.csv,2024-10-01
CUS_0x6a9e_2024_03_01,CUS_0x6a9e,1/3/2024,10,7,10000,1000,0,4000,7000,1/10/2024,2024-10-01,2025-11-09 07:30:19.821879,data/lms_loan_daily.csv,2024-10-01
CUS_0x6aa4_2024_01_01,CUS_0x6aa4,1/1/2024,10,9,10000,1000,0,6000,7000,1/10/2024,2024-10-01,2025-11-09 07:30:19.821879,data/lms_loan_daily.csv,2024-10-01
CUS_0x6abc_2024_04_01,CUS_0x6abc,1/4/2024,10,6,10000,1000,1000,0,4000,1/10/2024,2024-10-01,2025-11-09 07:30:19.821879,data/lms_loan_daily.csv,2024-10-01
CUS_0x6aca_2023_12_01,CUS_0x6aca,1/12/2023,10,10,10000,1000,1000,0,0,1/10/2024,2024-10-01,2025-11-09 07:30:19.821879,data/lms_loan_daily.csv,2024-10-01
CUS_0x6acc_2023_12_01,CUS_0x6acc,1/12/2023,10,10,10000,1000,1000,0,0,1/10/2024,2024-10-01,2025-11-09 07:30:19.821879,data/lms_loan_daily.csv,2024-10-01
CUS_0x6ad0_2024_02_01,CUS_0x6ad0,1/2/2024,10,8,10000,1000,0,7000,9000,1/10/2024,2024-10-01,2025-11-09 07:30:19.821879,data/lms_loan_daily.csv,2024-10-01
CUS_0x6ae2_2024_06_01,CUS_0x6ae2,1/6/2024,10,4,10000,1000,1000,0,6000,1/10/2024,2024-10-01,2025-11-09 07:30:19.821879,data/lms_loan_daily.csv,2024-10-01
CUS_0x6ae6_2024_07_01,CUS_0x6ae6,1/7/2024,10,3,10000,1000,0,2000,9000,1/10/2024,2024-10-01,2025-11-09 07:30:19.821879,data/lms_loan_daily.csv,2024-10-01
CUS_0x6ae7_2024_03_01,CUS_0x6ae7,1/3/2024,10,7,10000,1000,0,5000,8000,1/10/2024,2024-10-01,2025-11-09 07:30:19.821879,data/lms_loan_daily.csv,2024-10-01
CUS_0x6aea_2024_06_01,CUS_0x6aea,1/6/2024,10,4,10000,1000,2000,0,6000,1/10/2024,2024-10-01,2025-11-09 07:30:19.821879,data/lms_loan_daily.csv,2024-10-01
CUS_0x6aeb_2024_03_01,CUS_0x6aeb,1/3/2024,10,7,10000,1000,1000,0,3000,1/10/2024,2024-10-01,2025-11-09 07:30:19.821879,data/lms_loan_daily.csv,2024-10-01
CUS_0x6aec_2024_02_01,CUS_0x6aec,1/2/2024,10,8,10000,1000,0,6000,8000,1/10/2024,2024-10-01,2025-11-09 07:30:19.821879,data/lms_loan_daily.csv,2024-10-01
CUS_0x6aed_2024_09_01,CUS_0x6aed,1/9/2024,10,1,10000,1000,1000,0,9000,1/10/2024,2024-10-01,2025-11-09 07:30:19.821879,data/lms_loan_daily.csv,2024-10-01
CUS_0x6b10_2024_07_01,CUS_0x6b10,1/7/2024,10,3,10000,1000,1000,0,7000,1/10/2024,2024-10-01,2025-11-09 07:30:19.821879,data/lms_loan_daily.csv,2024-10-01
CUS_0x6b13_2024_05_01,CUS_0x6b13,1/5/2024,10,5,10000,1000,1000,0,5000,1/10/2024,2024-10-01,2025-11-09 07:30:19.821879,data/lms_loan_daily.csv,2024-10-01
CUS_0x6b15_2024_01_01,CUS_0x6b15,1/1/2024,10,9,10000,1000,1000,0,1000,1/10/2024,2024-10-01,2025-11-09 07:30:19.821879,data/lms_loan_daily.csv,2024-10-01
CUS_0x6b2_2024_10_01,CUS_0x6b2,1/10/2024,10,0,10000,0,0,0,10000,1/10/2024,2024-10-01,2025-11-09 07:30:19.821879,data/lms_loan_daily.csv,2024-10-01
CUS_0x6b42_2024_07_01,CUS_0x6b42,1/7/2024,10,3,10000,1000,0,3000,10000,1/10/2024,2024-10-01,2025-11-09 07:30:19.821879,data/lms_loan_daily.csv,2024-10-01
CUS_0x6b44_2023_12_01,CUS_0x6b44,1/12/2023,10,10,10000,1000,1000,0,0,1/10/2024,2024-10-01,2025-11-09 07:30:19.821879,data/lms_loan_daily.csv,2024-10-01
CUS_0x6b49_2024_08_01,CUS_0x6b49,1/8/2024,10,2,10000,1000,1000,0,8000,1/10/2024,2024-10-01,2025-11-09 07:30:19.821879,data/lms_loan_daily.csv,2024-10-01
CUS_0x6b4d_2024_02_01,CUS_0x6b4d,1/2/2024,10,8,10000,1000,0,7000,9000,1/10/2024,2024-10-01,2025-11-09 07:30:19.821879,data/lms_loan_daily.csv,2024-10-01
CUS_0x6b56_2024_05_01,CUS_0x6b56,1/5/2024,10,5,10000,1000,1000,0,5000,1/10/2024,2024-10-01,2025-11-09 07:30:19.821879,data/lms_loan_daily.csv,2024-10-01
CUS_0x6b6_2024_09_01,CUS_0x6b6,1/9/2024,10,1,10000,1000,1000,0,9000,1/10/2024,2024-10-01,2025-11-09 07:30:19.821879,data/lms_loan_daily.csv,2024-10-01
CUS_0x6b76_2024_01_01,CUS_0x6b76,1/1/2024,10,9,10000,1000,1000,0,1000,1/10/2024,2024-10-01,2025-11-09 07:30:19.821879,data/lms_loan_daily.csv,2024-10-01
CUS_0x6b88_2024_03_01,CUS_0x6b88,1/3/2024,10,7,10000,1000,1000,0,3000,1/10/2024,2024-10-01,2025-11-09 07:30:19.821879,data/lms_loan_daily.csv,2024-10-01
CUS_0x6b89_2024_04_01,CUS_0x6b89,1/4/2024,10,6,10000,1000,1000,0,4000,1/10/2024,2024-10-01,2025-11-09 07:30:19.821879,data/lms_loan_daily.csv,2024-10-01
CUS_0x6b9f_2024_02_01,CUS_0x6b9f,1/2/2024,10,8,10000,1000,0,4000,6000,1/10/2024,2024-10-01,2025-11-09 07:30:19.821879,data/lms_loan_daily.csv,2024-10-01
CUS_0x6ba_2024_10_01,CUS_0x6ba,1/10/2024,10,0,10000,0,0,0,10000,1/10/2024,2024-10-01,2025-11-09 07:30:19.821879,data/lms_loan_daily.csv,2024-10-01
CUS_0x6ba2_2024_06_01,CUS_0x6ba2,1/6/2024,10,4,10000,1000,1000,0,6000,1/10/2024,2024-10-01,2025-11-09 07:30:19.821879,data/lms_loan_daily.csv,2024-10-01
CUS_0x6ba3_2024_06_01,CUS_0x6ba3,1/6/2024,10,4,10000,1000,1000,0,6000,1/10/2024,2024-10-01,2025-11-09 07:30:19.821879,data/lms_loan_daily.csv,2024-10-01
CUS_0x6ba7_2024_05_01,CUS_0x6ba7,1/5/2024,10,5,10000,1000,1000,0,5000,1/10/2024,2024-10-01,2025-11-09 07:30:19.821879,data/lms_loan_daily.csv,2024-10-01
CUS_0x6bb2_2024_06_01,CUS_0x6bb2,1/6/2024,10,4,10000,1000,1000,0,6000,1/10/2024,2024-10-01,2025-11-09 07:30:19.821879,data/lms_loan_daily.csv,2024-10-01
CUS_0x6bc0_2024_10_01,CUS_0x6bc0,1/10/2024,10,0,10000,0,0,0,10000,1/10/2024,2024-10-01,2025-11-09 07:30:19.821879,data/lms_loan_daily.csv,2024-10-01
CUS_0x6bc3_2024_01_01,CUS_0x6bc3,1/1/2024,10,9,10000,1000,1000,0,1000,1/10/2024,2024-10-01,2025-11-09 07:30:19.821879,data/lms_loan_daily.csv,2024-10-01
CUS_0x6be5_2024_01_01,CUS_0x6be5,1/1/2024,10,9,10000,1000,1000,0,1000,1/10/2024,2024-10-01,2025-11-09 07:30:19.821879,data/lms_loan_daily.csv,2024-10-01
CUS_0x6c12_2024_07_01,CUS_0x6c12,1/7/2024,10,3,10000,1000,1000,0,7000,1/10/2024,2024-10-01,2025-11-09 07:30:19.821879,data/lms_loan_daily.csv,2024-10-01
CUS_0x6c17_2024_01_01,CUS_0x6c17,1/1/2024,10,9,10000,1000,1000,0,1000,1/10/2024,2024-10-01,2025-11-09 07:30:19.821879,data/lms_loan_daily.csv,2024-10-01
CUS_0x6c23_2024_10_01,CUS_0x6c23,1/10/2024,10,0,10000,0,0,0,10000,1/10/2024,2024-10-01,2025-11-09 07:30:19.821879,data/lms_loan_daily.csv,2024-10-01
CUS_0x6c24_2024_05_01,CUS_0x6c24,1/5/2024,10,5,10000,1000,0,2000,7000,1/10/2024,2024-10-01,2025-11-09 07:30:19.821879,data/lms_loan_daily.csv,2024-10-01
CUS_0x6c2a_2024_04_01,CUS_0x6c2a,1/4/2024,10,6,10000,1000,1000,0,4000,1/10/2024,2024-10-01,2025-11-09 07:30:19.821879,data/lms_loan_daily.csv,2024-10-01
CUS_0x6c2d_2024_07_01,CUS_0x6c2d,1/7/2024,10,3,10000,1000,0,1000,8000,1/10/2024,2024-10-01,2025-11-09 07:30:19.821879,data/lms_loan_daily.csv,2024-10-01
CUS_0x6c2e_2024_10_01,CUS_0x6c2e,1/10/2024,10,0,10000,0,0,0,10000,1/10/2024,2024-10-01,2025-11-09 07:30:19.821879,data/lms_loan_daily.csv,2024-10-01
CUS_0x6c49_2023_12_01,CUS_0x6c49,1/12/2023,10,10,10000,1000,0,6000,6000,1/10/2024,2024-10-01,2025-11-09 07:30:19.821879,data/lms_loan_daily.csv,2024-10-01
CUS_0x6c4e_2024_03_01,CUS_0x6c4e,1/3/2024,10,7,10000,1000,1000,0,3000,1/10/2024,2024-10-01,2025-11-09 07:30:19.821879,data/lms_loan_daily.csv,2024-10-01
CUS_0x6c5c_2024_06_01,CUS_0x6c5c,1/6/2024,10,4,10000,1000,1000,0,6000,1/10/2024,2024-10-01,2025-11-09 07:30:19.821879,data/lms_loan_daily.csv,2024-10-01
CUS_0x6c5f_2024_09_01,CUS_0x6c5f,1/9/2024,10,1,10000,1000,1000,0,9000,1/10/2024,2024-10-01,2025-11-09 07:30:19.821879,data/lms_loan_daily.csv,2024-10-01
CUS_0x6c65_2024_02_01,CUS_0x6c65,1/2/2024,10,8,10000,1000,0,5000,7000,1/10/2024,2024-10-01,2025-11-09 07:30:19.821879,data/lms_loan_daily.csv,2024-10-01
CUS_0x6c67_2024_03_01,CUS_0x6c67,1/3/2024,10,7,10000,1000,1000,0,3000,1/10/2024,2024-10-01,2025-11-09 07:30:19.821879,data/lms_loan_daily.csv,2024-10-01
CUS_0x6c6d_2024_10_01,CUS_0x6c6d,1/10/2024,10,0,10000,0,0,0,10000,1/10/2024,2024-10-01,2025-11-09 07:30:19.821879,data/lms_loan_daily.csv,2024-10-01
CUS_0x6c91_2023_12_01,CUS_0x6c91,1/12/2023,10,10,10000,1000,1000,0,0,1/10/2024,2024-10-01,2025-11-09 07:30:19.821879,data/lms_loan_daily.csv,2024-10-01
CUS_0x6c92_2024_09_01,CUS_0x6c92,1/9/2024,10,1,10000,1000,1000,0,9000,1/10/2024,2024-10-01,2025-11-09 07:30:19.821879,data/lms_loan_daily.csv,2024-10-01
CUS_0x6c99_2024_08_01,CUS_0x6c99,1/8/2024,10,2,10000,1000,1000,0,8000,1/10/2024,2024-10-01,2025-11-09 07:30:19.821879,data/lms_loan_daily.csv,2024-10-01
CUS_0x6ca6_2024_09_01,CUS_0x6ca6,1/9/2024,10,1,10000,1000,1000,0,9000,1/10/2024,2024-10-01,2025-11-09 07:30:19.821879,data/lms_loan_daily.csv,2024-10-01
CUS_0x6ca8_2024_02_01,CUS_0x6ca8,1/2/2024,10,8,10000,1000,1000,0,2000,1/10/2024,2024-10-01,2025-11-09 07:30:19.821879,data/lms_loan_daily.csv,2024-10-01
CUS_0x6cb3_2024_04_01,CUS_0x6cb3,1/4/2024,10,6,10000,1000,1000,0,4000,1/10/2024,2024-10-01,2025-11-09 07:30:19.821879,data/lms_loan_daily.csv,2024-10-01
CUS_0x6cbb_2024_08_01,CUS_0x6cbb,1/8/2024,10,2,10000,1000,1000,0,8000,1/10/2024,2024-10-01,2025-11-09 07:30:19.821879,data/lms_loan_daily.csv,2024-10-01
CUS_0x6cc3_2024_05_01,CUS_0x6cc3,1/5/2024,10,5,10000,1000,0,4000,9000,1/10/2024,2024-10-01,2025-11-09 07:30:19.821879,data/lms_loan_daily.csv,2024-10-01
CUS_0x6cc4_2024_10_01,CUS_0x6cc4,1/10/2024,10,0,10000,0,0,0,10000,1/10/2024,2024-10-01,2025-11-09 07:30:19.821879,data/lms_loan_daily.csv,2024-10-01
CUS_0x6ccb_2024_10_01,CUS_0x6ccb,1/10/2024,10,0,10000,0,0,0,10000,1/10/2024,2024-10-01,2025-11-09 07:30:19.821879,data/lms_loan_daily.csv,2024-10-01
CUS_0x6ccd_2024_06_01,CUS_0x6ccd,1/6/2024,10,4,10000,1000,1000,0,6000,1/10/2024,2024-10-01,2025-11-09 07:30:19.821879,data/lms_loan_daily.csv,2024-10-01
CUS_0x6cce_2023_12_01,CUS_0x6cce,1/12/2023,10,10,10000,1000,0,8000,8000,1/10/2024,2024-10-01,2025-11-09 07:30:19.821879,data/lms_loan_daily.csv,2024-10-01
CUS_0x6cd2_2024_02_01,CUS_0x6cd2,1/2/2024,10,8,10000,1000,1000,0,2000,1/10/2024,2024-10-01,2025-11-09 07:30:19.821879,data/lms_loan_daily.csv,2024-10-01
CUS_0x6cd4_2024_08_01,CUS_0x6cd4,1/8/2024,10,2,10000,1000,1000,0,8000,1/10/2024,2024-10-01,2025-11-09 07:30:19.821879,data/lms_loan_daily.csv,2024-10-01
CUS_0x6cd9_2024_09_01,CUS_0x6cd9,1/9/2024,10,1,10000,1000,1000,0,9000,1/10/2024,2024-10-01,2025-11-09 07:30:19.821879,data/lms_loan_daily.csv,2024-10-01
CUS_0x6cda_2024_02_01,CUS_0x6cda,1/2/2024,10,8,10000,1000,0,6000,8000,1/10/2024,2024-10-01,2025-11-09 07:30:19.821879,data/lms_loan_daily.csv,2024-10-01
CUS_0x6cdd_2024_09_01,CUS_0x6cdd,1/9/2024,10,1,10000,1000,1000,0,9000,1/10/2024,2024-10-01,2025-11-09 07:30:19.821879,data/lms_loan_daily.csv,2024-10-01
CUS_0x6ce0_2024_05_01,CUS_0x6ce0,1/5/2024,10,5,10000,1000,0,3000,8000,1/10/2024,2024-10-01,2025-11-09 07:30:19.821879,data/lms_loan_daily.csv,2024-10-01
CUS_0x6cec_2024_06_01,CUS_0x6cec,1/6/2024,10,4,10000,1000,1000,0,6000,1/10/2024,2024-10-01,2025-11-09 07:30:19.821879,data/lms_loan_daily.csv,2024-10-01
CUS_0x6ced_2024_05_01,CUS_0x6ced,1/5/2024,10,5,10000,1000,0,3000,8000,1/10/2024,2024-10-01,2025-11-09 07:30:19.821879,data/lms_loan_daily.csv,2024-10-01
CUS_0x6d1a_2023_12_01,CUS_0x6d1a,1/12/2023,10,10,10000,1000,0,7000,7000,1/10/2024,2024-10-01,2025-11-09 07:30:19.821879,data/lms_loan_daily.csv,2024-10-01
CUS_0x6d25_2024_05_01,CUS_0x6d25,1/5/2024,10,5,10000,1000,1000,0,5000,1/10/2024,2024-10-01,2025-11-09 07:30:19.821879,data/lms_loan_daily.csv,2024-10-01
CUS_0x6d2c_2024_07_01,CUS_0x6d2c,1/7/2024,10,3,10000,1000,0,2000,9000,1/10/2024,2024-10-01,2025-11-09 07:30:19.821879,data/lms_loan_daily.csv,2024-10-01
CUS_0x6d35_2023_12_01,CUS_0x6d35,1/12/2023,10,10,10000,1000,1000,0,0,1/10/2024,2024-10-01,2025-11-09 07:30:19.821879,data/lms_loan_daily.csv,2024-10-01
CUS_0x6d37_2024_09_01,CUS_0x6d37,1/9/2024,10,1,10000,1000,1000,0,9000,1/10/2024,2024-10-01,2025-11-09 07:30:19.821879,data/lms_loan_daily.csv,2024-10-01
CUS_0x6d43_2024_07_01,CUS_0x6d43,1/7/2024,10,3,10000,1000,1000,0,7000,1/10/2024,2024-10-01,2025-11-09 07:30:19.821879,data/lms_loan_daily.csv,2024-10-01
CUS_0x6d4e_2024_06_01,CUS_0x6d4e,1/6/2024,10,4,10000,1000,1000,0,6000,1/10/2024,2024-10-01,2025-11-09 07:30:19.821879,data/lms_loan_daily.csv,2024-10-01
CUS_0x6d54_2024_10_01,CUS_0x6d54,1/10/2024,10,0,10000,0,0,0,10000,1/10/2024,2024-10-01,2025-11-09 07:30:19.821879,data/lms_loan_daily.csv,2024-10-01
CUS_0x6d5c_2024_07_01,CUS_0x6d5c,1/7/2024,10,3,10000,1000,1000,0,7000,1/10/2024,2024-10-01,2025-11-09 07:30:19.821879,data/lms_loan_daily.csv,2024-10-01
CUS_0x6d6e_2023_12_01,CUS_0x6d6e,1/12/2023,10,10,10000,1000,1000,0,0,1/10/2024,2024-10-01,2025-11-09 07:30:19.821879,data/lms_loan_daily.csv,2024-10-01
CUS_0x6d70_2024_02_01,CUS_0x6d70,1/2/2024,10,8,10000,1000,0,5000,7000,1/10/2024,2024-10-01,2025-11-09 07:30:19.821879,data/lms_loan_daily.csv,2024-10-01
CUS_0x6d71_2024_07_01,CUS_0x6d71,1/7/2024,10,3,10000,1000,0,2000,9000,1/10/2024,2024-10-01,2025-11-09 07:30:19.821879,data/lms_loan_daily.csv,2024-10-01
CUS_0x6d7e_2024_08_01,CUS_0x6d7e,1/8/2024,10,2,10000,1000,1000,0,8000,1/10/2024,2024-10-01,2025-11-09 07:30:19.821879,data/lms_loan_daily.csv,2024-10-01
CUS_0x6d8_2024_10_01,CUS_0x6d8,1/10/2024,10,0,10000,0,0,0,10000,1/10/2024,2024-10-01,2025-11-09 07:30:19.821879,data/lms_loan_daily.csv,2024-10-01
CUS_0x6d82_2024_03_01,CUS_0x6d82,1/3/2024,10,7,10000,1000,1000,0,3000,1/10/2024,2024-10-01,2025-11-09 07:30:19.821879,data/lms_loan_daily.csv,2024-10-01
CUS_0x6d85_2024_07_01,CUS_0x6d85,1/7/2024,10,3,10000,1000,1000,0,7000,1/10/2024,2024-10-01,2025-11-09 07:30:19.821879,data/lms_loan_daily.csv,2024-10-01
CUS_0x6da8_2024_03_01,CUS_0x6da8,1/3/2024,10,7,10000,1000,0,4000,7000,1/10/2024,2024-10-01,2025-11-09 07:30:19.821879,data/lms_loan_daily.csv,2024-10-01
CUS_0x6db3_2024_02_01,CUS_0x6db3,1/2/2024,10,8,10000,1000,1000,0,2000,1/10/2024,2024-10-01,2025-11-09 07:30:19.821879,data/lms_loan_daily.csv,2024-10-01
CUS_0x6dc3_2024_08_01,CUS_0x6dc3,1/8/2024,10,2,10000,1000,1000,0,8000,1/10/2024,2024-10-01,2025-11-09 07:30:19.821879,data/lms_loan_daily.csv,2024-10-01
CUS_0x6dc5_2024_05_01,CUS_0x6dc5,1/5/2024,10,5,10000,1000,1000,0,5000,1/10/2024,2024-10-01,2025-11-09 07:30:19.821879,data/lms_loan_daily.csv,2024-10-01
CUS_0x6dc6_2024_03_01,CUS_0x6dc6,1/3/2024,10,7,10000,1000,1000,0,3000,1/10/2024,2024-10-01,2025-11-09 07:30:19.821879,data/lms_loan_daily.csv,2024-10-01
CUS_0x6dd3_2024_06_01,CUS_0x6dd3,1/6/2024,10,4,10000,1000,0,1000,7000,1/10/2024,2024-10-01,2025-11-09 07:30:19.821879,data/lms_loan_daily.csv,2024-10-01
CUS_0x6ddb_2024_01_01,CUS_0x6ddb,1/1/2024,10,9,10000,1000,0,7000,8000,1/10/2024,2024-10-01,2025-11-09 07:30:19.821879,data/lms_loan_daily.csv,2024-10-01
CUS_0x6df5_2024_04_01,CUS_0x6df5,1/4/2024,10,6,10000,1000,0,4000,8000,1/10/2024,2024-10-01,2025-11-09 07:30:19.821879,data/lms_loan_daily.csv,2024-10-01
CUS_0x6df7_2024_06_01,CUS_0x6df7,1/6/2024,10,4,10000,1000,1000,0,6000,1/10/2024,2024-10-01,2025-11-09 07:30:19.821879,data/lms_loan_daily.csv,2024-10-01
CUS_0x6e0_2024_09_01,CUS_0x6e0,1/9/2024,10,1,10000,1000,1000,0,9000,1/10/2024,2024-10-01,2025-11-09 07:30:19.821879,data/lms_loan_daily.csv,2024-10-01
CUS_0x6e0e_2024_03_01,CUS_0x6e0e,1/3/2024,10,7,10000,1000,1000,0,3000,1/10/2024,2024-10-01,2025-11-09 07:30:19.821879,data/lms_loan_daily.csv,2024-10-01
CUS_0x6e19_2023_12_01,CUS_0x6e19,1/12/2023,10,10,10000,1000,0,8000,8000,1/10/2024,2024-10-01,2025-11-09 07:30:19.821879,data/lms_loan_daily.csv,2024-10-01
CUS_0x6e1c_2024_03_01,CUS_0x6e1c,1/3/2024,10,7,10000,1000,1000,0,3000,1/10/2024,2024-10-01,2025-11-09 07:30:19.821879,data/lms_loan_daily.csv,2024-10-01
CUS_0x6e1e_2024_07_01,CUS_0x6e1e,1/7/2024,10,3,10000,1000,0,1000,8000,1/10/2024,2024-10-01,2025-11-09 07:30:19.821879,data/lms_loan_daily.csv,2024-10-01
CUS_0x6e26_2024_09_01,CUS_0x6e26,1/9/2024,10,1,10000,1000,1000,0,9000,1/10/2024,2024-10-01,2025-11-09 07:30:19.821879,data/lms_loan_daily.csv,2024-10-01
CUS_0x6e38_2024_03_01,CUS_0x6e38,1/3/2024,10,7,10000,1000,0,5000,8000,1/10/2024,2024-10-01,2025-11-09 07:30:19.821879,data/lms_loan_daily.csv,2024-10-01
CUS_0x6e3e_2024_09_01,CUS_0x6e3e,1/9/2024,10,1,10000,1000,0,1000,10000,1/10/2024,2024-10-01,2025-11-09 07:30:19.821879,data/lms_loan_daily.csv,2024-10-01
CUS_0x6e49_2024_09_01,CUS_0x6e49,1/9/2024,10,1,10000,1000,1000,0,9000,1/10/2024,2024-10-01,2025-11-09 07:30:19.821879,data/lms_loan_daily.csv,2024-10-01
CUS_0x6e61_2024_02_01,CUS_0x6e61,1/2/2024,10,8,10000,1000,0,5000,7000,1/10/2024,2024-10-01,2025-11-09 07:30:19.821879,data/lms_loan_daily.csv,2024-10-01
CUS_0x6e64_2024_04_01,CUS_0x6e64,1/4/2024,10,6,10000,1000,1000,0,4000,1/10/2024,2024-10-01,2025-11-09 07:30:19.821879,data/lms_loan_daily.csv,2024-10-01
CUS_0x6e6b_2024_09_01,CUS_0x6e6b,1/9/2024,10,1,10000,1000,1000,0,9000,1/10/2024,2024-10-01,2025-11-09 07:30:19.821879,data/lms_loan_daily.csv,2024-10-01
CUS_0x6e7_2024_05_01,CUS_0x6e7,1/5/2024,10,5,10000,1000,1000,0,5000,1/10/2024,2024-10-01,2025-11-09 07:30:19.821879,data/lms_loan_daily.csv,2024-10-01
CUS_0x6e81_2024_08_01,CUS_0x6e81,1/8/2024,10,2,10000,1000,0,2000,10000,1/10/2024,2024-10-01,2025-11-09 07:30:19.821879,data/lms_loan_daily.csv,2024-10-01
CUS_0x6e8b_2024_10_01,CUS_0x6e8b,1/10/2024,10,0,10000,0,0,0,10000,1/10/2024,2024-10-01,2025-11-09 07:30:19.821879,data/lms_loan_daily.csv,2024-10-01
CUS_0x6e91_2023_12_01,CUS_0x6e91,1/12/2023,10,10,10000,1000,0,6000,6000,1/10/2024,2024-10-01,2025-11-09 07:30:19.821879,data/lms_loan_daily.csv,2024-10-01
CUS_0x6e95_2024_06_01,CUS_0x6e95,1/6/2024,10,4,10000,1000,0,2000,8000,1/10/2024,2024-10-01,2025-11-09 07:30:19.821879,data/lms_loan_daily.csv,2024-10-01
CUS_0x6e98_2024_10_01,CUS_0x6e98,1/10/2024,10,0,10000,0,0,0,10000,1/10/2024,2024-10-01,2025-11-09 07:30:19.821879,data/lms_loan_daily.csv,2024-10-01
CUS_0x6ea4_2024_04_01,CUS_0x6ea4,1/4/2024,10,6,10000,1000,1000,0,4000,1/10/2024,2024-10-01,2025-11-09 07:30:19.821879,data/lms_loan_daily.csv,2024-10-01
CUS_0x6ea9_2024_06_01,CUS_0x6ea9,1/6/2024,10,4,10000,1000,1000,0,6000,1/10/2024,2024-10-01,2025-11-09 07:30:19.821879,data/lms_loan_daily.csv,2024-10-01
CUS_0x6eb9_2024_05_01,CUS_0x6eb9,1/5/2024,10,5,10000,1000,0,3000,8000,1/10/2024,2024-10-01,2025-11-09 07:30:19.821879,data/lms_loan_daily.csv,2024-10-01
CUS_0x6ecf_2024_02_01,CUS_0x6ecf,1/2/2024,10,8,10000,1000,1000,0,2000,1/10/2024,2024-10-01,2025-11-09 07:30:19.821879,data/lms_loan_daily.csv,2024-10-01
CUS_0x6ed0_2024_02_01,CUS_0x6ed0,1/2/2024,10,8,10000,1000,1000,0,2000,1/10/2024,2024-10-01,2025-11-09 07:30:19.821879,data/lms_loan_daily.csv,2024-10-01
CUS_0x6edb_2024_02_01,CUS_0x6edb,1/2/2024,10,8,10000,1000,1000,0,2000,1/10/2024,2024-10-01,2025-11-09 07:30:19.821879,data/lms_loan_daily.csv,2024-10-01
CUS_0x6ee0_2024_04_01,CUS_0x6ee0,1/4/2024,10,6,10000,1000,0,3000,7000,1/10/2024,2024-10-01,2025-11-09 07:30:19.821879,data/lms_loan_daily.csv,2024-10-01
CUS_0x6ee1_2024_03_01,CUS_0x6ee1,1/3/2024,10,7,10000,1000,0,5000,8000,1/10/2024,2024-10-01,2025-11-09 07:30:19.821879,data/lms_loan_daily.csv,2024-10-01
CUS_0x6ee8_2024_03_01,CUS_0x6ee8,1/3/2024,10,7,10000,1000,1000,0,3000,1/10/2024,2024-10-01,2025-11-09 07:30:19.821879,data/lms_loan_daily.csv,2024-10-01
CUS_0x6ef6_2024_07_01,CUS_0x6ef6,1/7/2024,10,3,10000,1000,1000,0,7000,1/10/2024,2024-10-01,2025-11-09 07:30:19.821879,data/lms_loan_daily.csv,2024-10-01
CUS_0x6f02_2024_06_01,CUS_0x6f02,1/6/2024,10,4,10000,1000,0,2000,8000,1/10/2024,2024-10-01,2025-11-09 07:30:19.821879,data/lms_loan_daily.csv,2024-10-01
CUS_0x6f0f_2023_12_01,CUS_0x6f0f,1/12/2023,10,10,10000,1000,1000,0,0,1/10/2024,2024-10-01,2025-11-09 07:30:19.821879,data/lms_loan_daily.csv,2024-10-01
CUS_0x6f1b_2024_10_01,CUS_0x6f1b,1/10/2024,10,0,10000,0,0,0,10000,1/10/2024,2024-10-01,2025-11-09 07:30:19.821879,data/lms_loan_daily.csv,2024-10-01
CUS_0x6f22_2024_04_01,CUS_0x6f22,1/4/2024,10,6,10000,1000,1000,0,4000,1/10/2024,2024-10-01,2025-11-09 07:30:19.821879,data/lms_loan_daily.csv,2024-10-01
CUS_0x6f2a_2024_10_01,CUS_0x6f2a,1/10/2024,10,0,10000,0,0,0,10000,1/10/2024,2024-10-01,2025-11-09 07:30:19.821879,data/lms_loan_daily.csv,2024-10-01
CUS_0x6f38_2024_02_01,CUS_0x6f38,1/2/2024,10,8,10000,1000,0,5000,7000,1/10/2024,2024-10-01,2025-11-09 07:30:19.821879,data/lms_loan_daily.csv,2024-10-01
CUS_0x6f55_2024_06_01,CUS_0x6f55,1/6/2024,10,4,10000,1000,1000,0,6000,1/10/2024,2024-10-01,2025-11-09 07:30:19.821879,data/lms_loan_daily.csv,2024-10-01
CUS_0x6f59_2024_05_01,CUS_0x6f59,1/5/2024,10,5,10000,1000,1000,0,5000,1/10/2024,2024-10-01,2025-11-09 07:30:19.821879,data/lms_loan_daily.csv,2024-10-01
CUS_0x6f5f_2024_05_01,CUS_0x6f5f,1/5/2024,10,5,10000,1000,1000,0,5000,1/10/2024,2024-10-01,2025-11-09 07:30:19.821879,data/lms_loan_daily.csv,2024-10-01
CUS_0x6f64_2024_01_01,CUS_0x6f64,1/1/2024,10,9,10000,1000,1000,0,1000,1/10/2024,2024-10-01,2025-11-09 07:30:19.821879,data/lms_loan_daily.csv,2024-10-01
CUS_0x6f65_2024_10_01,CUS_0x6f65,1/10/2024,10,0,10000,0,0,0,10000,1/10/2024,2024-10-01,2025-11-09 07:30:19.821879,data/lms_loan_daily.csv,2024-10-01
CUS_0x6f71_2024_10_01,CUS_0x6f71,1/10/2024,10,0,10000,0,0,0,10000,1/10/2024,2024-10-01,2025-11-09 07:30:19.821879,data/lms_loan_daily.csv,2024-10-01
CUS_0x6f72_2024_04_01,CUS_0x6f72,1/4/2024,10,6,10000,1000,0,5000,9000,1/10/2024,2024-10-01,2025-11-09 07:30:19.821879,data/lms_loan_daily.csv,2024-10-01
CUS_0x6f74_2024_05_01,CUS_0x6f74,1/5/2024,10,5,10000,1000,0,3000,8000,1/10/2024,2024-10-01,2025-11-09 07:30:19.821879,data/lms_loan_daily.csv,2024-10-01
CUS_0x6f7d_2024_08_01,CUS_0x6f7d,1/8/2024,10,2,10000,1000,1000,0,8000,1/10/2024,2024-10-01,2025-11-09 07:30:19.821879,data/lms_loan_daily.csv,2024-10-01
CUS_0x6f86_2024_08_01,CUS_0x6f86,1/8/2024,10,2,10000,1000,1000,0,8000,1/10/2024,2024-10-01,2025-11-09 07:30:19.821879,data/lms_loan_daily.csv,2024-10-01
CUS_0x6f9_2023_12_01,CUS_0x6f9,1/12/2023,10,10,10000,1000,0,8000,8000,1/10/2024,2024-10-01,2025-11-09 07:30:19.821879,data/lms_loan_daily.csv,2024-10-01
CUS_0x6f93_2023_12_01,CUS_0x6f93,1/12/2023,10,10,10000,1000,1000,0,0,1/10/2024,2024-10-01,2025-11-09 07:30:19.821879,data/lms_loan_daily.csv,2024-10-01
CUS_0x6fa4_2024_02_01,CUS_0x6fa4,1/2/2024,10,8,10000,1000,0,7000,9000,1/10/2024,2024-10-01,2025-11-09 07:30:19.821879,data/lms_loan_daily.csv,2024-10-01
CUS_0x6fb9_2024_07_01,CUS_0x6fb9,1/7/2024,10,3,10000,1000,0,3000,10000,1/10/2024,2024-10-01,2025-11-09 07:30:19.821879,data/lms_loan_daily.csv,2024-10-01
CUS_0x6fbe_2024_01_01,CUS_0x6fbe,1/1/2024,10,9,10000,1000,1000,0,1000,1/10/2024,2024-10-01,2025-11-09 07:30:19.821879,data/lms_loan_daily.csv,2024-10-01
CUS_0x6fc4_2024_03_01,CUS_0x6fc4,1/3/2024,10,7,10000,1000,1000,0,3000,1/10/2024,2024-10-01,2025-11-09 07:30:19.821879,data/lms_loan_daily.csv,2024-10-01
CUS_0x6fd3_2024_09_01,CUS_0x6fd3,1/9/2024,10,1,10000,1000,0,1000,10000,1/10/2024,2024-10-01,2025-11-09 07:30:19.821879,data/lms_loan_daily.csv,2024-10-01
CUS_0x6fec_2024_02_01,CUS_0x6fec,1/2/2024,10,8,10000,1000,1000,0,2000,1/10/2024,2024-10-01,2025-11-09 07:30:19.821879,data/lms_loan_daily.csv,2024-10-01
CUS_0x6fef_2024_02_01,CUS_0x6fef,1/2/2024,10,8,10000,1000,1000,0,2000,1/10/2024,2024-10-01,2025-11-09 07:30:19.821879,data/lms_loan_daily.csv,2024-10-01
CUS_0x700d_2024_09_01,CUS_0x700d,1/9/2024,10,1,10000,1000,1000,0,9000,1/10/2024,2024-10-01,2025-11-09 07:30:19.821879,data/lms_loan_daily.csv,2024-10-01
CUS_0x700f_2024_04_01,CUS_0x700f,1/4/2024,10,6,10000,1000,1000,0,4000,1/10/2024,2024-10-01,2025-11-09 07:30:19.821879,data/lms_loan_daily.csv,2024-10-01
CUS_0x7011_2024_01_01,CUS_0x7011,1/1/2024,10,9,10000,1000,0,5000,6000,1/10/2024,2024-10-01,2025-11-09 07:30:19.821879,data/lms_loan_daily.csv,2024-10-01
CUS_0x7015_2024_01_01,CUS_0x7015,1/1/2024,10,9,10000,1000,0,6000,7000,1/10/2024,2024-10-01,2025-11-09 07:30:19.821879,data/lms_loan_daily.csv,2024-10-01
CUS_0x7016_2024_04_01,CUS_0x7016,1/4/2024,10,6,10000,1000,0,3000,7000,1/10/2024,2024-10-01,2025-11-09 07:30:19.821879,data/lms_loan_daily.csv,2024-10-01
CUS_0x7023_2024_09_01,CUS_0x7023,1/9/2024,10,1,10000,1000,1000,0,9000,1/10/2024,2024-10-01,2025-11-09 07:30:19.821879,data/lms_loan_daily.csv,2024-10-01
CUS_0x7025_2024_07_01,CUS_0x7025,1/7/2024,10,3,10000,1000,0,1000,8000,1/10/2024,2024-10-01,2025-11-09 07:30:19.821879,data/lms_loan_daily.csv,2024-10-01
CUS_0x7036_2024_06_01,CUS_0x7036,1/6/2024,10,4,10000,1000,0,3000,9000,1/10/2024,2024-10-01,2025-11-09 07:30:19.821879,data/lms_loan_daily.csv,2024-10-01
CUS_0x703d_2024_08_01,CUS_0x703d,1/8/2024,10,2,10000,1000,1000,0,8000,1/10/2024,2024-10-01,2025-11-09 07:30:19.821879,data/lms_loan_daily.csv,2024-10-01
CUS_0x7040_2024_02_01,CUS_0x7040,1/2/2024,10,8,10000,1000,1000,0,2000,1/10/2024,2024-10-01,2025-11-09 07:30:19.821879,data/lms_loan_daily.csv,2024-10-01
CUS_0x7042_2024_05_01,CUS_0x7042,1/5/2024,10,5,10000,1000,0,3000,8000,1/10/2024,2024-10-01,2025-11-09 07:30:19.821879,data/lms_loan_daily.csv,2024-10-01
CUS_0x7047_2024_06_01,CUS_0x7047,1/6/2024,10,4,10000,1000,1000,0,6000,1/10/2024,2024-10-01,2025-11-09 07:30:19.821879,data/lms_loan_daily.csv,2024-10-01
CUS_0x7067_2024_07_01,CUS_0x7067,1/7/2024,10,3,10000,1000,1000,0,7000,1/10/2024,2024-10-01,2025-11-09 07:30:19.821879,data/lms_loan_daily.csv,2024-10-01
CUS_0x7069_2024_06_01,CUS_0x7069,1/6/2024,10,4,10000,1000,0,3000,9000,1/10/2024,2024-10-01,2025-11-09 07:30:19.821879,data/lms_loan_daily.csv,2024-10-01
CUS_0x706e_2024_09_01,CUS_0x706e,1/9/2024,10,1,10000,1000,1000,0,9000,1/10/2024,2024-10-01,2025-11-09 07:30:19.821879,data/lms_loan_daily.csv,2024-10-01
CUS_0x7072_2024_02_01,CUS_0x7072,1/2/2024,10,8,10000,1000,1000,0,2000,1/10/2024,2024-10-01,2025-11-09 07:30:19.821879,data/lms_loan_daily.csv,2024-10-01
CUS_0x707c_2024_04_01,CUS_0x707c,1/4/2024,10,6,10000,1000,1000,0,4000,1/10/2024,2024-10-01,2025-11-09 07:30:19.821879,data/lms_loan_daily.csv,2024-10-01
CUS_0x7081_2023_12_01,CUS_0x7081,1/12/2023,10,10,10000,1000,1000,0,0,1/10/2024,2024-10-01,2025-11-09 07:30:19.821879,data/lms_loan_daily.csv,2024-10-01
CUS_0x7087_2024_03_01,CUS_0x7087,1/3/2024,10,7,10000,1000,1000,0,3000,1/10/2024,2024-10-01,2025-11-09 07:30:19.821879,data/lms_loan_daily.csv,2024-10-01
CUS_0x708e_2024_08_01,CUS_0x708e,1/8/2024,10,2,10000,1000,1000,0,8000,1/10/2024,2024-10-01,2025-11-09 07:30:19.821879,data/lms_loan_daily.csv,2024-10-01
CUS_0x709_2023_12_01,CUS_0x709,1/12/2023,10,10,10000,1000,1000,0,0,1/10/2024,2024-10-01,2025-11-09 07:30:19.821879,data/lms_loan_daily.csv,2024-10-01
CUS_0x7091_2024_04_01,CUS_0x7091,1/4/2024,10,6,10000,1000,0,6000,10000,1/10/2024,2024-10-01,2025-11-09 07:30:19.821879,data/lms_loan_daily.csv,2024-10-01
CUS_0x709b_2024_01_01,CUS_0x709b,1/1/2024,10,9,10000,1000,1000,0,1000,1/10/2024,2024-10-01,2025-11-09 07:30:19.821879,data/lms_loan_daily.csv,2024-10-01
CUS_0x70a3_2024_02_01,CUS_0x70a3,1/2/2024,10,8,10000,1000,0,6000,8000,1/10/2024,2024-10-01,2025-11-09 07:30:19.821879,data/lms_loan_daily.csv,2024-10-01
CUS_0x70ac_2024_01_01,CUS_0x70ac,1/1/2024,10,9,10000,1000,1000,0,1000,1/10/2024,2024-10-01,2025-11-09 07:30:19.821879,data/lms_loan_daily.csv,2024-10-01
CUS_0x70b3_2024_01_01,CUS_0x70b3,1/1/2024,10,9,10000,1000,1000,0,1000,1/10/2024,2024-10-01,2025-11-09 07:30:19.821879,data/lms_loan_daily.csv,2024-10-01
CUS_0x70bf_2024_03_01,CUS_0x70bf,1/3/2024,10,7,10000,1000,1000,0,3000,1/10/2024,2024-10-01,2025-11-09 07:30:19.821879,data/lms_loan_daily.csv,2024-10-01
CUS_0x70d_2024_03_01,CUS_0x70d,1/3/2024,10,7,10000,1000,1000,0,3000,1/10/2024,2024-10-01,2025-11-09 07:30:19.821879,data/lms_loan_daily.csv,2024-10-01
CUS_0x70d0_2024_03_01,CUS_0x70d0,1/3/2024,10,7,10000,1000,1000,0,3000,1/10/2024,2024-10-01,2025-11-09 07:30:19.821879,data/lms_loan_daily.csv,2024-10-01
CUS_0x70ea_2024_08_01,CUS_0x70ea,1/8/2024,10,2,10000,1000,1000,0,8000,1/10/2024,2024-10-01,2025-11-09 07:30:19.821879,data/lms_loan_daily.csv,2024-10-01
CUS_0x70f6_2024_08_01,CUS_0x70f6,1/8/2024,10,2,10000,1000,1000,0,8000,1/10/2024,2024-10-01,2025-11-09 07:30:19.821879,data/lms_loan_daily.csv,2024-10-01
CUS_0x710a_2023_12_01,CUS_0x710a,1/12/2023,10,10,10000,1000,0,8000,8000,1/10/2024,2024-10-01,2025-11-09 07:30:19.821879,data/lms_loan_daily.csv,2024-10-01
CUS_0x710f_2024_03_01,CUS_0x710f,1/3/2024,10,7,10000,1000,0,4000,7000,1/10/2024,2024-10-01,2025-11-09 07:30:19.821879,data/lms_loan_daily.csv,2024-10-01
CUS_0x7110_2024_09_01,CUS_0x7110,1/9/2024,10,1,10000,1000,1000,0,9000,1/10/2024,2024-10-01,2025-11-09 07:30:19.821879,data/lms_loan_daily.csv,2024-10-01
CUS_0x711b_2024_10_01,CUS_0x711b,1/10/2024,10,0,10000,0,0,0,10000,1/10/2024,2024-10-01,2025-11-09 07:30:19.821879,data/lms_loan_daily.csv,2024-10-01
CUS_0x711e_2024_05_01,CUS_0x711e,1/5/2024,10,5,10000,1000,1000,0,5000,1/10/2024,2024-10-01,2025-11-09 07:30:19.821879,data/lms_loan_daily.csv,2024-10-01
CUS_0x7127_2024_10_01,CUS_0x7127,1/10/2024,10,0,10000,0,0,0,10000,1/10/2024,2024-10-01,2025-11-09 07:30:19.821879,data/lms_loan_daily.csv,2024-10-01
CUS_0x713d_2024_08_01,CUS_0x713d,1/8/2024,10,2,10000,1000,1000,0,8000,1/10/2024,2024-10-01,2025-11-09 07:30:19.821879,data/lms_loan_daily.csv,2024-10-01
CUS_0x7145_2024_10_01,CUS_0x7145,1/10/2024,10,0,10000,0,0,0,10000,1/10/2024,2024-10-01,2025-11-09 07:30:19.821879,data/lms_loan_daily.csv,2024-10-01
CUS_0x715e_2024_02_01,CUS_0x715e,1/2/2024,10,8,10000,1000,0,7000,9000,1/10/2024,2024-10-01,2025-11-09 07:30:19.821879,data/lms_loan_daily.csv,2024-10-01
CUS_0x716_2024_10_01,CUS_0x716,1/10/2024,10,0,10000,0,0,0,10000,1/10/2024,2024-10-01,2025-11-09 07:30:19.821879,data/lms_loan_daily.csv,2024-10-01
CUS_0x7165_2024_01_01,CUS_0x7165,1/1/2024,10,9,10000,1000,1000,0,1000,1/10/2024,2024-10-01,2025-11-09 07:30:19.821879,data/lms_loan_daily.csv,2024-10-01
CUS_0x716d_2024_10_01,CUS_0x716d,1/10/2024,10,0,10000,0,0,0,10000,1/10/2024,2024-10-01,2025-11-09 07:30:19.821879,data/lms_loan_daily.csv,2024-10-01
CUS_0x7174_2024_04_01,CUS_0x7174,1/4/2024,10,6,10000,1000,1000,0,4000,1/10/2024,2024-10-01,2025-11-09 07:30:19.821879,data/lms_loan_daily.csv,2024-10-01
CUS_0x7177_2024_08_01,CUS_0x7177,1/8/2024,10,2,10000,1000,1000,0,8000,1/10/2024,2024-10-01,2025-11-09 07:30:19.821879,data/lms_loan_daily.csv,2024-10-01
CUS_0x717d_2024_09_01,CUS_0x717d,1/9/2024,10,1,10000,1000,1000,0,9000,1/10/2024,2024-10-01,2025-11-09 07:30:19.821879,data/lms_loan_daily.csv,2024-10-01
CUS_0x717e_2024_05_01,CUS_0x717e,1/5/2024,10,5,10000,1000,1000,0,5000,1/10/2024,2024-10-01,2025-11-09 07:30:19.821879,data/lms_loan_daily.csv,2024-10-01
CUS_0x7180_2024_10_01,CUS_0x7180,1/10/2024,10,0,10000,0,0,0,10000,1/10/2024,2024-10-01,2025-11-09 07:30:19.821879,data/lms_loan_daily.csv,2024-10-01
CUS_0x7181_2024_06_01,CUS_0x7181,1/6/2024,10,4,10000,1000,1000,0,6000,1/10/2024,2024-10-01,2025-11-09 07:30:19.821879,data/lms_loan_daily.csv,2024-10-01
CUS_0x7189_2024_10_01,CUS_0x7189,1/10/2024,10,0,10000,0,0,0,10000,1/10/2024,2024-10-01,2025-11-09 07:30:19.821879,data/lms_loan_daily.csv,2024-10-01
CUS_0x719_2024_06_01,CUS_0x719,1/6/2024,10,4,10000,1000,1000,0,6000,1/10/2024,2024-10-01,2025-11-09 07:30:19.821879,data/lms_loan_daily.csv,2024-10-01
CUS_0x7197_2024_09_01,CUS_0x7197,1/9/2024,10,1,10000,1000,1000,0,9000,1/10/2024,2024-10-01,2025-11-09 07:30:19.821879,data/lms_loan_daily.csv,2024-10-01
CUS_0x719f_2024_01_01,CUS_0x719f,1/1/2024,10,9,10000,1000,1000,0,1000,1/10/2024,2024-10-01,2025-11-09 07:30:19.821879,data/lms_loan_daily.csv,2024-10-01
CUS_0x71ab_2023_12_01,CUS_0x71ab,1/12/2023,10,10,10000,1000,1000,0,0,1/10/2024,2024-10-01,2025-11-09 07:30:19.821879,data/lms_loan_daily.csv,2024-10-01
CUS_0x71bc_2024_08_01,CUS_0x71bc,1/8/2024,10,2,10000,1000,0,1000,9000,1/10/2024,2024-10-01,2025-11-09 07:30:19.821879,data/lms_loan_daily.csv,2024-10-01
CUS_0x71c1_2024_01_01,CUS_0x71c1,1/1/2024,10,9,10000,1000,1000,0,1000,1/10/2024,2024-10-01,2025-11-09 07:30:19.821879,data/lms_loan_daily.csv,2024-10-01
CUS_0x71ca_2024_01_01,CUS_0x71ca,1/1/2024,10,9,10000,1000,1000,0,1000,1/10/2024,2024-10-01,2025-11-09 07:30:19.821879,data/lms_loan_daily.csv,2024-10-01
CUS_0x71e2_2023_12_01,CUS_0x71e2,1/12/2023,10,10,10000,1000,1000,0,0,1/10/2024,2024-10-01,2025-11-09 07:30:19.821879,data/lms_loan_daily.csv,2024-10-01
CUS_0x71e8_2024_02_01,CUS_0x71e8,1/2/2024,10,8,10000,1000,0,4000,6000,1/10/2024,2024-10-01,2025-11-09 07:30:19.821879,data/lms_loan_daily.csv,2024-10-01
CUS_0x71eb_2024_06_01,CUS_0x71eb,1/6/2024,10,4,10000,1000,0,2000,8000,1/10/2024,2024-10-01,2025-11-09 07:30:19.821879,data/lms_loan_daily.csv,2024-10-01
CUS_0x71fa_2024_08_01,CUS_0x71fa,1/8/2024,10,2,10000,1000,0,1000,9000,1/10/2024,2024-10-01,2025-11-09 07:30:19.821879,data/lms_loan_daily.csv,2024-10-01
CUS_0x7202_2024_02_01,CUS_0x7202,1/2/2024,10,8,10000,1000,0,6000,8000,1/10/2024,2024-10-01,2025-11-09 07:30:19.821879,data/lms_loan_daily.csv,2024-10-01
CUS_0x7204_2024_07_01,CUS_0x7204,1/7/2024,10,3,10000,1000,0,2000,9000,1/10/2024,2024-10-01,2025-11-09 07:30:19.821879,data/lms_loan_daily.csv,2024-10-01
CUS_0x720e_2024_10_01,CUS_0x720e,1/10/2024,10,0,10000,0,0,0,10000,1/10/2024,2024-10-01,2025-11-09 07:30:19.821879,data/lms_loan_daily.csv,2024-10-01
CUS_0x7226_2024_05_01,CUS_0x7226,1/5/2024,10,5,10000,1000,1000,0,5000,1/10/2024,2024-10-01,2025-11-09 07:30:19.821879,data/lms_loan_daily.csv,2024-10-01
CUS_0x7227_2024_02_01,CUS_0x7227,1/2/2024,10,8,10000,1000,1000,0,2000,1/10/2024,2024-10-01,2025-11-09 07:30:19.821879,data/lms_loan_daily.csv,2024-10-01
CUS_0x7231_2024_02_01,CUS_0x7231,1/2/2024,10,8,10000,1000,0,5000,7000,1/10/2024,2024-10-01,2025-11-09 07:30:19.821879,data/lms_loan_daily.csv,2024-10-01
CUS_0x7233_2024_06_01,CUS_0x7233,1/6/2024,10,4,10000,1000,1000,0,6000,1/10/2024,2024-10-01,2025-11-09 07:30:19.821879,data/lms_loan_daily.csv,2024-10-01
CUS_0x724a_2024_05_01,CUS_0x724a,1/5/2024,10,5,10000,1000,1000,0,5000,1/10/2024,2024-10-01,2025-11-09 07:30:19.821879,data/lms_loan_daily.csv,2024-10-01
CUS_0x7250_2024_06_01,CUS_0x7250,1/6/2024,10,4,10000,1000,1000,0,6000,1/10/2024,2024-10-01,2025-11-09 07:30:19.821879,data/lms_loan_daily.csv,2024-10-01
CUS_0x7258_2024_01_01,CUS_0x7258,1/1/2024,10,9,10000,1000,0,7000,8000,1/10/2024,2024-10-01,2025-11-09 07:30:19.821879,data/lms_loan_daily.csv,2024-10-01
CUS_0x7264_2024_10_01,CUS_0x7264,1/10/2024,10,0,10000,0,0,0,10000,1/10/2024,2024-10-01,2025-11-09 07:30:19.821879,data/lms_loan_daily.csv,2024-10-01
CUS_0x7269_2024_10_01,CUS_0x7269,1/10/2024,10,0,10000,0,0,0,10000,1/10/2024,2024-10-01,2025-11-09 07:30:19.821879,data/lms_loan_daily.csv,2024-10-01
CUS_0x7270_2024_08_01,CUS_0x7270,1/8/2024,10,2,10000,1000,1000,0,8000,1/10/2024,2024-10-01,2025-11-09 07:30:19.821879,data/lms_loan_daily.csv,2024-10-01
CUS_0x7279_2024_10_01,CUS_0x7279,1/10/2024,10,0,10000,0,0,0,10000,1/10/2024,2024-10-01,2025-11-09 07:30:19.821879,data/lms_loan_daily.csv,2024-10-01
CUS_0x727a_2024_07_01,CUS_0x727a,1/7/2024,10,3,10000,1000,0,1000,8000,1/10/2024,2024-10-01,2025-11-09 07:30:19.821879,data/lms_loan_daily.csv,2024-10-01
CUS_0x727e_2024_04_01,CUS_0x727e,1/4/2024,10,6,10000,1000,1000,0,4000,1/10/2024,2024-10-01,2025-11-09 07:30:19.821879,data/lms_loan_daily.csv,2024-10-01
CUS_0x7284_2024_04_01,CUS_0x7284,1/4/2024,10,6,10000,1000,0,4000,8000,1/10/2024,2024-10-01,2025-11-09 07:30:19.821879,data/lms_loan_daily.csv,2024-10-01
CUS_0x728f_2024_08_01,CUS_0x728f,1/8/2024,10,2,10000,1000,1000,0,8000,1/10/2024,2024-10-01,2025-11-09 07:30:19.821879,data/lms_loan_daily.csv,2024-10-01
CUS_0x7292_2024_03_01,CUS_0x7292,1/3/2024,10,7,10000,1000,1000,0,3000,1/10/2024,2024-10-01,2025-11-09 07:30:19.821879,data/lms_loan_daily.csv,2024-10-01
CUS_0x72b0_2024_09_01,CUS_0x72b0,1/9/2024,10,1,10000,1000,1000,0,9000,1/10/2024,2024-10-01,2025-11-09 07:30:19.821879,data/lms_loan_daily.csv,2024-10-01
CUS_0x72b6_2024_07_01,CUS_0x72b6,1/7/2024,10,3,10000,1000,1000,0,7000,1/10/2024,2024-10-01,2025-11-09 07:30:19.821879,data/lms_loan_daily.csv,2024-10-01
CUS_0x72bc_2024_09_01,CUS_0x72bc,1/9/2024,10,1,10000,1000,1000,0,9000,1/10/2024,2024-10-01,2025-11-09 07:30:19.821879,data/lms_loan_daily.csv,2024-10-01
CUS_0x72c0_2024_07_01,CUS_0x72c0,1/7/2024,10,3,10000,1000,1000,0,7000,1/10/2024,2024-10-01,2025-11-09 07:30:19.821879,data/lms_loan_daily.csv,2024-10-01
CUS_0x72ce_2024_06_01,CUS_0x72ce,1/6/2024,10,4,10000,1000,1000,0,6000,1/10/2024,2024-10-01,2025-11-09 07:30:19.821879,data/lms_loan_daily.csv,2024-10-01
CUS_0x7303_2024_07_01,CUS_0x7303,1/7/2024,10,3,10000,1000,1000,0,7000,1/10/2024,2024-10-01,2025-11-09 07:30:19.821879,data/lms_loan_daily.csv,2024-10-01
CUS_0x7304_2024_03_01,CUS_0x7304,1/3/2024,10,7,10000,1000,1000,0,3000,1/10/2024,2024-10-01,2025-11-09 07:30:19.821879,data/lms_loan_daily.csv,2024-10-01
CUS_0x7307_2024_01_01,CUS_0x7307,1/1/2024,10,9,10000,1000,1000,0,1000,1/10/2024,2024-10-01,2025-11-09 07:30:19.821879,data/lms_loan_daily.csv,2024-10-01
CUS_0x731_2024_09_01,CUS_0x731,1/9/2024,10,1,10000,1000,1000,0,9000,1/10/2024,2024-10-01,2025-11-09 07:30:19.821879,data/lms_loan_daily.csv,2024-10-01
CUS_0x7312_2023_12_01,CUS_0x7312,1/12/2023,10,10,10000,1000,1000,0,0,1/10/2024,2024-10-01,2025-11-09 07:30:19.821879,data/lms_loan_daily.csv,2024-10-01
CUS_0x7319_2024_05_01,CUS_0x7319,1/5/2024,10,5,10000,1000,1000,0,5000,1/10/2024,2024-10-01,2025-11-09 07:30:19.821879,data/lms_loan_daily.csv,2024-10-01
CUS_0x731c_2024_04_01,CUS_0x731c,1/4/2024,10,6,10000,1000,1000,0,4000,1/10/2024,2024-10-01,2025-11-09 07:30:19.821879,data/lms_loan_daily.csv,2024-10-01
CUS_0x732d_2023_12_01,CUS_0x732d,1/12/2023,10,10,10000,1000,1000,0,0,1/10/2024,2024-10-01,2025-11-09 07:30:19.821879,data/lms_loan_daily.csv,2024-10-01
CUS_0x7330_2024_01_01,CUS_0x7330,1/1/2024,10,9,10000,1000,1000,0,1000,1/10/2024,2024-10-01,2025-11-09 07:30:19.821879,data/lms_loan_daily.csv,2024-10-01
CUS_0x733c_2024_07_01,CUS_0x733c,1/7/2024,10,3,10000,1000,1000,0,7000,1/10/2024,2024-10-01,2025-11-09 07:30:19.821879,data/lms_loan_daily.csv,2024-10-01
CUS_0x7347_2024_10_01,CUS_0x7347,1/10/2024,10,0,10000,0,0,0,10000,1/10/2024,2024-10-01,2025-11-09 07:30:19.821879,data/lms_loan_daily.csv,2024-10-01
CUS_0x734d_2024_05_01,CUS_0x734d,1/5/2024,10,5,10000,1000,1000,0,5000,1/10/2024,2024-10-01,2025-11-09 07:30:19.821879,data/lms_loan_daily.csv,2024-10-01
CUS_0x735_2024_09_01,CUS_0x735,1/9/2024,10,1,10000,1000,1000,0,9000,1/10/2024,2024-10-01,2025-11-09 07:30:19.821879,data/lms_loan_daily.csv,2024-10-01
CUS_0x735c_2024_10_01,CUS_0x735c,1/10/2024,10,0,10000,0,0,0,10000,1/10/2024,2024-10-01,2025-11-09 07:30:19.821879,data/lms_loan_daily.csv,2024-10-01
CUS_0x737a_2024_04_01,CUS_0x737a,1/4/2024,10,6,10000,1000,1000,0,4000,1/10/2024,2024-10-01,2025-11-09 07:30:19.821879,data/lms_loan_daily.csv,2024-10-01
CUS_0x7380_2024_02_01,CUS_0x7380,1/2/2024,10,8,10000,1000,1000,0,2000,1/10/2024,2024-10-01,2025-11-09 07:30:19.821879,data/lms_loan_daily.csv,2024-10-01
CUS_0x7387_2024_05_01,CUS_0x7387,1/5/2024,10,5,10000,1000,0,4000,9000,1/10/2024,2024-10-01,2025-11-09 07:30:19.821879,data/lms_loan_daily.csv,2024-10-01
CUS_0x738b_2024_05_01,CUS_0x738b,1/5/2024,10,5,10000,1000,1000,0,5000,1/10/2024,2024-10-01,2025-11-09 07:30:19.821879,data/lms_loan_daily.csv,2024-10-01
CUS_0x738c_2024_01_01,CUS_0x738c,1/1/2024,10,9,10000,1000,1000,0,1000,1/10/2024,2024-10-01,2025-11-09 07:30:19.821879,data/lms_loan_daily.csv,2024-10-01
CUS_0x7392_2024_09_01,CUS_0x7392,1/9/2024,10,1,10000,1000,1000,0,9000,1/10/2024,2024-10-01,2025-11-09 07:30:19.821879,data/lms_loan_daily.csv,2024-10-01
CUS_0x7398_2024_03_01,CUS_0x7398,1/3/2024,10,7,10000,1000,1000,0,3000,1/10/2024,2024-10-01,2025-11-09 07:30:19.821879,data/lms_loan_daily.csv,2024-10-01
CUS_0x73a5_2024_01_01,CUS_0x73a5,1/1/2024,10,9,10000,1000,0,7000,8000,1/10/2024,2024-10-01,2025-11-09 07:30:19.821879,data/lms_loan_daily.csv,2024-10-01
CUS_0x73a6_2023_12_01,CUS_0x73a6,1/12/2023,10,10,10000,1000,0,7000,7000,1/10/2024,2024-10-01,2025-11-09 07:30:19.821879,data/lms_loan_daily.csv,2024-10-01
CUS_0x73aa_2024_04_01,CUS_0x73aa,1/4/2024,10,6,10000,1000,1000,0,4000,1/10/2024,2024-10-01,2025-11-09 07:30:19.821879,data/lms_loan_daily.csv,2024-10-01
CUS_0x73b1_2024_02_01,CUS_0x73b1,1/2/2024,10,8,10000,1000,1000,0,2000,1/10/2024,2024-10-01,2025-11-09 07:30:19.821879,data/lms_loan_daily.csv,2024-10-01
CUS_0x73c1_2024_05_01,CUS_0x73c1,1/5/2024,10,5,10000,1000,0,4000,9000,1/10/2024,2024-10-01,2025-11-09 07:30:19.821879,data/lms_loan_daily.csv,2024-10-01
CUS_0x73c2_2024_10_01,CUS_0x73c2,1/10/2024,10,0,10000,0,0,0,10000,1/10/2024,2024-10-01,2025-11-09 07:30:19.821879,data/lms_loan_daily.csv,2024-10-01
CUS_0x73d5_2024_10_01,CUS_0x73d5,1/10/2024,10,0,10000,0,0,0,10000,1/10/2024,2024-10-01,2025-11-09 07:30:19.821879,data/lms_loan_daily.csv,2024-10-01
CUS_0x73de_2024_04_01,CUS_0x73de,1/4/2024,10,6,10000,1000,1000,0,4000,1/10/2024,2024-10-01,2025-11-09 07:30:19.821879,data/lms_loan_daily.csv,2024-10-01
CUS_0x73ec_2024_06_01,CUS_0x73ec,1/6/2024,10,4,10000,1000,1000,0,6000,1/10/2024,2024-10-01,2025-11-09 07:30:19.821879,data/lms_loan_daily.csv,2024-10-01
CUS_0x73f1_2024_02_01,CUS_0x73f1,1/2/2024,10,8,10000,1000,1000,0,2000,1/10/2024,2024-10-01,2025-11-09 07:30:19.821879,data/lms_loan_daily.csv,2024-10-01
CUS_0x7403_2024_08_01,CUS_0x7403,1/8/2024,10,2,10000,1000,1000,0,8000,1/10/2024,2024-10-01,2025-11-09 07:30:19.821879,data/lms_loan_daily.csv,2024-10-01
CUS_0x7414_2024_05_01,CUS_0x7414,1/5/2024,10,5,10000,1000,1000,0,5000,1/10/2024,2024-10-01,2025-11-09 07:30:19.821879,data/lms_loan_daily.csv,2024-10-01
CUS_0x741d_2024_09_01,CUS_0x741d,1/9/2024,10,1,10000,1000,1000,0,9000,1/10/2024,2024-10-01,2025-11-09 07:30:19.821879,data/lms_loan_daily.csv,2024-10-01
CUS_0x7423_2024_10_01,CUS_0x7423,1/10/2024,10,0,10000,0,0,0,10000,1/10/2024,2024-10-01,2025-11-09 07:30:19.821879,data/lms_loan_daily.csv,2024-10-01
CUS_0x743f_2023_12_01,CUS_0x743f,1/12/2023,10,10,10000,1000,1000,0,0,1/10/2024,2024-10-01,2025-11-09 07:30:19.821879,data/lms_loan_daily.csv,2024-10-01
CUS_0x7443_2024_10_01,CUS_0x7443,1/10/2024,10,0,10000,0,0,0,10000,1/10/2024,2024-10-01,2025-11-09 07:30:19.821879,data/lms_loan_daily.csv,2024-10-01
CUS_0x7447_2024_07_01,CUS_0x7447,1/7/2024,10,3,10000,1000,1000,0,7000,1/10/2024,2024-10-01,2025-11-09 07:30:19.821879,data/lms_loan_daily.csv,2024-10-01
CUS_0x744b_2024_04_01,CUS_0x744b,1/4/2024,10,6,10000,1000,0,2000,6000,1/10/2024,2024-10-01,2025-11-09 07:30:19.821879,data/lms_loan_daily.csv,2024-10-01
CUS_0x744f_2023_12_01,CUS_0x744f,1/12/2023,10,10,10000,1000,1000,0,0,1/10/2024,2024-10-01,2025-11-09 07:30:19.821879,data/lms_loan_daily.csv,2024-10-01
CUS_0x7450_2024_06_01,CUS_0x7450,1/6/2024,10,4,10000,1000,0,2000,8000,1/10/2024,2024-10-01,2025-11-09 07:30:19.821879,data/lms_loan_daily.csv,2024-10-01
CUS_0x7453_2024_08_01,CUS_0x7453,1/8/2024,10,2,10000,1000,1000,0,8000,1/10/2024,2024-10-01,2025-11-09 07:30:19.821879,data/lms_loan_daily.csv,2024-10-01
CUS_0x745b_2024_01_01,CUS_0x745b,1/1/2024,10,9,10000,1000,1000,0,1000,1/10/2024,2024-10-01,2025-11-09 07:30:19.821879,data/lms_loan_daily.csv,2024-10-01
CUS_0x746_2024_02_01,CUS_0x746,1/2/2024,10,8,10000,1000,1000,0,2000,1/10/2024,2024-10-01,2025-11-09 07:30:19.821879,data/lms_loan_daily.csv,2024-10-01
CUS_0x7468_2024_06_01,CUS_0x7468,1/6/2024,10,4,10000,1000,0,4000,10000,1/10/2024,2024-10-01,2025-11-09 07:30:19.821879,data/lms_loan_daily.csv,2024-10-01
CUS_0x7478_2024_08_01,CUS_0x7478,1/8/2024,10,2,10000,1000,1000,0,8000,1/10/2024,2024-10-01,2025-11-09 07:30:19.821879,data/lms_loan_daily.csv,2024-10-01
CUS_0x748_2024_04_01,CUS_0x748,1/4/2024,10,6,10000,1000,1000,0,4000,1/10/2024,2024-10-01,2025-11-09 07:30:19.821879,data/lms_loan_daily.csv,2024-10-01
CUS_0x7480_2024_01_01,CUS_0x7480,1/1/2024,10,9,10000,1000,1000,0,1000,1/10/2024,2024-10-01,2025-11-09 07:30:19.821879,data/lms_loan_daily.csv,2024-10-01
CUS_0x74bd_2024_09_01,CUS_0x74bd,1/9/2024,10,1,10000,1000,1000,0,9000,1/10/2024,2024-10-01,2025-11-09 07:30:19.821879,data/lms_loan_daily.csv,2024-10-01
CUS_0x74db_2024_08_01,CUS_0x74db,1/8/2024,10,2,10000,1000,1000,0,8000,1/10/2024,2024-10-01,2025-11-09 07:30:19.821879,data/lms_loan_daily.csv,2024-10-01
CUS_0x74e5_2024_04_01,CUS_0x74e5,1/4/2024,10,6,10000,1000,1000,0,4000,1/10/2024,2024-10-01,2025-11-09 07:30:19.821879,data/lms_loan_daily.csv,2024-10-01
CUS_0x74e8_2023_12_01,CUS_0x74e8,1/12/2023,10,10,10000,1000,0,6000,6000,1/10/2024,2024-10-01,2025-11-09 07:30:19.821879,data/lms_loan_daily.csv,2024-10-01
CUS_0x74e9_2024_06_01,CUS_0x74e9,1/6/2024,10,4,10000,1000,1000,0,6000,1/10/2024,2024-10-01,2025-11-09 07:30:19.821879,data/lms_loan_daily.csv,2024-10-01
CUS_0x74ef_2024_09_01,CUS_0x74ef,1/9/2024,10,1,10000,1000,1000,0,9000,1/10/2024,2024-10-01,2025-11-09 07:30:19.821879,data/lms_loan_daily.csv,2024-10-01
CUS_0x74f9_2024_10_01,CUS_0x74f9,1/10/2024,10,0,10000,0,0,0,10000,1/10/2024,2024-10-01,2025-11-09 07:30:19.821879,data/lms_loan_daily.csv,2024-10-01
CUS_0x7500_2024_01_01,CUS_0x7500,1/1/2024,10,9,10000,1000,1000,0,1000,1/10/2024,2024-10-01,2025-11-09 07:30:19.821879,data/lms_loan_daily.csv,2024-10-01
CUS_0x7512_2024_07_01,CUS_0x7512,1/7/2024,10,3,10000,1000,1000,0,7000,1/10/2024,2024-10-01,2025-11-09 07:30:19.821879,data/lms_loan_daily.csv,2024-10-01
CUS_0x751c_2024_10_01,CUS_0x751c,1/10/2024,10,0,10000,0,0,0,10000,1/10/2024,2024-10-01,2025-11-09 07:30:19.821879,data/lms_loan_daily.csv,2024-10-01
CUS_0x7527_2024_04_01,CUS_0x7527,1/4/2024,10,6,10000,1000,0,2000,6000,1/10/2024,2024-10-01,2025-11-09 07:30:19.821879,data/lms_loan_daily.csv,2024-10-01
CUS_0x752b_2024_10_01,CUS_0x752b,1/10/2024,10,0,10000,0,0,0,10000,1/10/2024,2024-10-01,2025-11-09 07:30:19.821879,data/lms_loan_daily.csv,2024-10-01
CUS_0x753_2024_05_01,CUS_0x753,1/5/2024,10,5,10000,1000,0,3000,8000,1/10/2024,2024-10-01,2025-11-09 07:30:19.821879,data/lms_loan_daily.csv,2024-10-01
CUS_0x7532_2024_07_01,CUS_0x7532,1/7/2024,10,3,10000,1000,1000,0,7000,1/10/2024,2024-10-01,2025-11-09 07:30:19.821879,data/lms_loan_daily.csv,2024-10-01
CUS_0x753c_2024_02_01,CUS_0x753c,1/2/2024,10,8,10000,1000,1000,0,2000,1/10/2024,2024-10-01,2025-11-09 07:30:19.821879,data/lms_loan_daily.csv,2024-10-01
CUS_0x753d_2024_07_01,CUS_0x753d,1/7/2024,10,3,10000,1000,0,2000,9000,1/10/2024,2024-10-01,2025-11-09 07:30:19.821879,data/lms_loan_daily.csv,2024-10-01
CUS_0x753f_2024_10_01,CUS_0x753f,1/10/2024,10,0,10000,0,0,0,10000,1/10/2024,2024-10-01,2025-11-09 07:30:19.821879,data/lms_loan_daily.csv,2024-10-01
CUS_0x7546_2024_05_01,CUS_0x7546,1/5/2024,10,5,10000,1000,1000,0,5000,1/10/2024,2024-10-01,2025-11-09 07:30:19.821879,data/lms_loan_daily.csv,2024-10-01
CUS_0x754c_2024_03_01,CUS_0x754c,1/3/2024,10,7,10000,1000,1000,0,3000,1/10/2024,2024-10-01,2025-11-09 07:30:19.821879,data/lms_loan_daily.csv,2024-10-01
CUS_0x755e_2024_05_01,CUS_0x755e,1/5/2024,10,5,10000,1000,1000,0,5000,1/10/2024,2024-10-01,2025-11-09 07:30:19.821879,data/lms_loan_daily.csv,2024-10-01
CUS_0x7562_2024_04_01,CUS_0x7562,1/4/2024,10,6,10000,1000,0,2000,6000,1/10/2024,2024-10-01,2025-11-09 07:30:19.821879,data/lms_loan_daily.csv,2024-10-01
CUS_0x7563_2024_09_01,CUS_0x7563,1/9/2024,10,1,10000,1000,1000,0,9000,1/10/2024,2024-10-01,2025-11-09 07:30:19.821879,data/lms_loan_daily.csv,2024-10-01
CUS_0x756e_2024_02_01,CUS_0x756e,1/2/2024,10,8,10000,1000,1000,0,2000,1/10/2024,2024-10-01,2025-11-09 07:30:19.821879,data/lms_loan_daily.csv,2024-10-01
CUS_0x7570_2024_04_01,CUS_0x7570,1/4/2024,10,6,10000,1000,1000,0,4000,1/10/2024,2024-10-01,2025-11-09 07:30:19.821879,data/lms_loan_daily.csv,2024-10-01
CUS_0x757d_2024_06_01,CUS_0x757d,1/6/2024,10,4,10000,1000,0,2000,8000,1/10/2024,2024-10-01,2025-11-09 07:30:19.821879,data/lms_loan_daily.csv,2024-10-01
CUS_0x758f_2023_12_01,CUS_0x758f,1/12/2023,10,10,10000,1000,1000,0,0,1/10/2024,2024-10-01,2025-11-09 07:30:19.821879,data/lms_loan_daily.csv,2024-10-01
CUS_0x7590_2024_04_01,CUS_0x7590,1/4/2024,10,6,10000,1000,1000,0,4000,1/10/2024,2024-10-01,2025-11-09 07:30:19.821879,data/lms_loan_daily.csv,2024-10-01
CUS_0x7594_2024_05_01,CUS_0x7594,1/5/2024,10,5,10000,1000,1000,0,5000,1/10/2024,2024-10-01,2025-11-09 07:30:19.821879,data/lms_loan_daily.csv,2024-10-01
CUS_0x7597_2024_09_01,CUS_0x7597,1/9/2024,10,1,10000,1000,0,1000,10000,1/10/2024,2024-10-01,2025-11-09 07:30:19.821879,data/lms_loan_daily.csv,2024-10-01
CUS_0x759c_2024_06_01,CUS_0x759c,1/6/2024,10,4,10000,1000,1000,0,6000,1/10/2024,2024-10-01,2025-11-09 07:30:19.821879,data/lms_loan_daily.csv,2024-10-01
CUS_0x75d8_2024_09_01,CUS_0x75d8,1/9/2024,10,1,10000,1000,1000,0,9000,1/10/2024,2024-10-01,2025-11-09 07:30:19.821879,data/lms_loan_daily.csv,2024-10-01
CUS_0x75e3_2024_04_01,CUS_0x75e3,1/4/2024,10,6,10000,1000,0,4000,8000,1/10/2024,2024-10-01,2025-11-09 07:30:19.821879,data/lms_loan_daily.csv,2024-10-01
CUS_0x75f2_2024_06_01,CUS_0x75f2,1/6/2024,10,4,10000,1000,1000,0,6000,1/10/2024,2024-10-01,2025-11-09 07:30:19.821879,data/lms_loan_daily.csv,2024-10-01
CUS_0x760a_2024_03_01,CUS_0x760a,1/3/2024,10,7,10000,1000,1000,0,3000,1/10/2024,2024-10-01,2025-11-09 07:30:19.821879,data/lms_loan_daily.csv,2024-10-01
CUS_0x760c_2024_09_01,CUS_0x760c,1/9/2024,10,1,10000,1000,1000,0,9000,1/10/2024,2024-10-01,2025-11-09 07:30:19.821879,data/lms_loan_daily.csv,2024-10-01
CUS_0x7611_2024_08_01,CUS_0x7611,1/8/2024,10,2,10000,1000,1000,0,8000,1/10/2024,2024-10-01,2025-11-09 07:30:19.821879,data/lms_loan_daily.csv,2024-10-01
CUS_0x761b_2024_05_01,CUS_0x761b,1/5/2024,10,5,10000,1000,1000,0,5000,1/10/2024,2024-10-01,2025-11-09 07:30:19.821879,data/lms_loan_daily.csv,2024-10-01
CUS_0x7620_2024_02_01,CUS_0x7620,1/2/2024,10,8,10000,1000,0,7000,9000,1/10/2024,2024-10-01,2025-11-09 07:30:19.821879,data/lms_loan_daily.csv,2024-10-01
CUS_0x7622_2024_01_01,CUS_0x7622,1/1/2024,10,9,10000,1000,1000,0,1000,1/10/2024,2024-10-01,2025-11-09 07:30:19.821879,data/lms_loan_daily.csv,2024-10-01
CUS_0x763a_2024_04_01,CUS_0x763a,1/4/2024,10,6,10000,1000,1000,0,4000,1/10/2024,2024-10-01,2025-11-09 07:30:19.821879,data/lms_loan_daily.csv,2024-10-01
CUS_0x7640_2024_04_01,CUS_0x7640,1/4/2024,10,6,10000,1000,1000,0,4000,1/10/2024,2024-10-01,2025-11-09 07:30:19.821879,data/lms_loan_daily.csv,2024-10-01
CUS_0x7656_2024_04_01,CUS_0x7656,1/4/2024,10,6,10000,1000,1000,0,4000,1/10/2024,2024-10-01,2025-11-09 07:30:19.821879,data/lms_loan_daily.csv,2024-10-01
CUS_0x766b_2024_05_01,CUS_0x766b,1/5/2024,10,5,10000,1000,1000,0,5000,1/10/2024,2024-10-01,2025-11-09 07:30:19.821879,data/lms_loan_daily.csv,2024-10-01
CUS_0x7670_2024_03_01,CUS_0x7670,1/3/2024,10,7,10000,1000,1000,0,3000,1/10/2024,2024-10-01,2025-11-09 07:30:19.821879,data/lms_loan_daily.csv,2024-10-01
CUS_0x7671_2023_12_01,CUS_0x7671,1/12/2023,10,10,10000,1000,0,7000,7000,1/10/2024,2024-10-01,2025-11-09 07:30:19.821879,data/lms_loan_daily.csv,2024-10-01
CUS_0x7672_2024_08_01,CUS_0x7672,1/8/2024,10,2,10000,1000,1000,0,8000,1/10/2024,2024-10-01,2025-11-09 07:30:19.821879,data/lms_loan_daily.csv,2024-10-01
CUS_0x767f_2024_10_01,CUS_0x767f,1/10/2024,10,0,10000,0,0,0,10000,1/10/2024,2024-10-01,2025-11-09 07:30:19.821879,data/lms_loan_daily.csv,2024-10-01
CUS_0x769d_2023_12_01,CUS_0x769d,1/12/2023,10,10,10000,1000,0,8000,8000,1/10/2024,2024-10-01,2025-11-09 07:30:19.821879,data/lms_loan_daily.csv,2024-10-01
CUS_0x76ad_2024_05_01,CUS_0x76ad,1/5/2024,10,5,10000,1000,1000,0,5000,1/10/2024,2024-10-01,2025-11-09 07:30:19.821879,data/lms_loan_daily.csv,2024-10-01
CUS_0x76af_2024_06_01,CUS_0x76af,1/6/2024,10,4,10000,1000,1000,0,6000,1/10/2024,2024-10-01,2025-11-09 07:30:19.821879,data/lms_loan_daily.csv,2024-10-01
CUS_0x76b_2024_01_01,CUS_0x76b,1/1/2024,10,9,10000,1000,1000,0,1000,1/10/2024,2024-10-01,2025-11-09 07:30:19.821879,data/lms_loan_daily.csv,2024-10-01
CUS_0x76b8_2024_05_01,CUS_0x76b8,1/5/2024,10,5,10000,1000,1000,0,5000,1/10/2024,2024-10-01,2025-11-09 07:30:19.821879,data/lms_loan_daily.csv,2024-10-01
CUS_0x76bc_2024_07_01,CUS_0x76bc,1/7/2024,10,3,10000,1000,1000,0,7000,1/10/2024,2024-10-01,2025-11-09 07:30:19.821879,data/lms_loan_daily.csv,2024-10-01
CUS_0x76ca_2024_03_01,CUS_0x76ca,1/3/2024,10,7,10000,1000,0,6000,9000,1/10/2024,2024-10-01,2025-11-09 07:30:19.821879,data/lms_loan_daily.csv,2024-10-01
CUS_0x76cf_2024_06_01,CUS_0x76cf,1/6/2024,10,4,10000,1000,1000,0,6000,1/10/2024,2024-10-01,2025-11-09 07:30:19.821879,data/lms_loan_daily.csv,2024-10-01
CUS_0x76d0_2024_04_01,CUS_0x76d0,1/4/2024,10,6,10000,1000,1000,0,4000,1/10/2024,2024-10-01,2025-11-09 07:30:19.821879,data/lms_loan_daily.csv,2024-10-01
CUS_0x76df_2024_03_01,CUS_0x76df,1/3/2024,10,7,10000,1000,1000,0,3000,1/10/2024,2024-10-01,2025-11-09 07:30:19.821879,data/lms_loan_daily.csv,2024-10-01
CUS_0x76e2_2024_03_01,CUS_0x76e2,1/3/2024,10,7,10000,1000,0,5000,8000,1/10/2024,2024-10-01,2025-11-09 07:30:19.821879,data/lms_loan_daily.csv,2024-10-01
CUS_0x76ed_2024_10_01,CUS_0x76ed,1/10/2024,10,0,10000,0,0,0,10000,1/10/2024,2024-10-01,2025-11-09 07:30:19.821879,data/lms_loan_daily.csv,2024-10-01
CUS_0x76f6_2024_06_01,CUS_0x76f6,1/6/2024,10,4,10000,1000,1000,0,6000,1/10/2024,2024-10-01,2025-11-09 07:30:19.821879,data/lms_loan_daily.csv,2024-10-01
CUS_0x770_2024_09_01,CUS_0x770,1/9/2024,10,1,10000,1000,1000,0,9000,1/10/2024,2024-10-01,2025-11-09 07:30:19.821879,data/lms_loan_daily.csv,2024-10-01
CUS_0x7701_2024_02_01,CUS_0x7701,1/2/2024,10,8,10000,1000,1000,0,2000,1/10/2024,2024-10-01,2025-11-09 07:30:19.821879,data/lms_loan_daily.csv,2024-10-01
CUS_0x7711_2024_03_01,CUS_0x7711,1/3/2024,10,7,10000,1000,1000,0,3000,1/10/2024,2024-10-01,2025-11-09 07:30:19.821879,data/lms_loan_daily.csv,2024-10-01
CUS_0x7712_2024_09_01,CUS_0x7712,1/9/2024,10,1,10000,1000,1000,0,9000,1/10/2024,2024-10-01,2025-11-09 07:30:19.821879,data/lms_loan_daily.csv,2024-10-01
CUS_0x7716_2024_06_01,CUS_0x7716,1/6/2024,10,4,10000,1000,2000,0,6000,1/10/2024,2024-10-01,2025-11-09 07:30:19.821879,data/lms_loan_daily.csv,2024-10-01
CUS_0x7720_2024_04_01,CUS_0x7720,1/4/2024,10,6,10000,1000,1000,0,4000,1/10/2024,2024-10-01,2025-11-09 07:30:19.821879,data/lms_loan_daily.csv,2024-10-01
CUS_0x7736_2024_05_01,CUS_0x7736,1/5/2024,10,5,10000,1000,1000,0,5000,1/10/2024,2024-10-01,2025-11-09 07:30:19.821879,data/lms_loan_daily.csv,2024-10-01
CUS_0x7738_2024_09_01,CUS_0x7738,1/9/2024,10,1,10000,1000,1000,0,9000,1/10/2024,2024-10-01,2025-11-09 07:30:19.821879,data/lms_loan_daily.csv,2024-10-01
CUS_0x7745_2024_07_01,CUS_0x7745,1/7/2024,10,3,10000,1000,0,2000,9000,1/10/2024,2024-10-01,2025-11-09 07:30:19.821879,data/lms_loan_daily.csv,2024-10-01
CUS_0x7749_2024_10_01,CUS_0x7749,1/10/2024,10,0,10000,0,0,0,10000,1/10/2024,2024-10-01,2025-11-09 07:30:19.821879,data/lms_loan_daily.csv,2024-10-01
CUS_0x7751_2024_06_01,CUS_0x7751,1/6/2024,10,4,10000,1000,1000,0,6000,1/10/2024,2024-10-01,2025-11-09 07:30:19.821879,data/lms_loan_daily.csv,2024-10-01
CUS_0x7753_2024_09_01,CUS_0x7753,1/9/2024,10,1,10000,1000,1000,0,9000,1/10/2024,2024-10-01,2025-11-09 07:30:19.821879,data/lms_loan_daily.csv,2024-10-01
CUS_0x7755_2024_01_01,CUS_0x7755,1/1/2024,10,9,10000,1000,0,7000,8000,1/10/2024,2024-10-01,2025-11-09 07:30:19.821879,data/lms_loan_daily.csv,2024-10-01
CUS_0x7766_2024_03_01,CUS_0x7766,1/3/2024,10,7,10000,1000,1000,0,3000,1/10/2024,2024-10-01,2025-11-09 07:30:19.821879,data/lms_loan_daily.csv,2024-10-01
CUS_0x7767_2024_06_01,CUS_0x7767,1/6/2024,10,4,10000,1000,2000,0,6000,1/10/2024,2024-10-01,2025-11-09 07:30:19.821879,data/lms_loan_daily.csv,2024-10-01
CUS_0x7768_2024_07_01,CUS_0x7768,1/7/2024,10,3,10000,1000,1000,0,7000,1/10/2024,2024-10-01,2025-11-09 07:30:19.821879,data/lms_loan_daily.csv,2024-10-01
CUS_0x776d_2024_06_01,CUS_0x776d,1/6/2024,10,4,10000,1000,1000,0,6000,1/10/2024,2024-10-01,2025-11-09 07:30:19.821879,data/lms_loan_daily.csv,2024-10-01
CUS_0x777b_2024_07_01,CUS_0x777b,1/7/2024,10,3,10000,1000,1000,0,7000,1/10/2024,2024-10-01,2025-11-09 07:30:19.821879,data/lms_loan_daily.csv,2024-10-01
CUS_0x778a_2024_04_01,CUS_0x778a,1/4/2024,10,6,10000,1000,1000,0,4000,1/10/2024,2024-10-01,2025-11-09 07:30:19.821879,data/lms_loan_daily.csv,2024-10-01
CUS_0x7793_2024_06_01,CUS_0x7793,1/6/2024,10,4,10000,1000,1000,0,6000,1/10/2024,2024-10-01,2025-11-09 07:30:19.821879,data/lms_loan_daily.csv,2024-10-01
CUS_0x7799_2024_07_01,CUS_0x7799,1/7/2024,10,3,10000,1000,1000,0,7000,1/10/2024,2024-10-01,2025-11-09 07:30:19.821879,data/lms_loan_daily.csv,2024-10-01
CUS_0x77ad_2024_08_01,CUS_0x77ad,1/8/2024,10,2,10000,1000,1000,0,8000,1/10/2024,2024-10-01,2025-11-09 07:30:19.821879,data/lms_loan_daily.csv,2024-10-01
CUS_0x77b5_2024_02_01,CUS_0x77b5,1/2/2024,10,8,10000,1000,1000,0,2000,1/10/2024,2024-10-01,2025-11-09 07:30:19.821879,data/lms_loan_daily.csv,2024-10-01
CUS_0x77b7_2024_07_01,CUS_0x77b7,1/7/2024,10,3,10000,1000,1000,0,7000,1/10/2024,2024-10-01,2025-11-09 07:30:19.821879,data/lms_loan_daily.csv,2024-10-01
CUS_0x77bf_2024_02_01,CUS_0x77bf,1/2/2024,10,8,10000,1000,1000,0,2000,1/10/2024,2024-10-01,2025-11-09 07:30:19.821879,data/lms_loan_daily.csv,2024-10-01
CUS_0x77c_2024_10_01,CUS_0x77c,1/10/2024,10,0,10000,0,0,0,10000,1/10/2024,2024-10-01,2025-11-09 07:30:19.821879,data/lms_loan_daily.csv,2024-10-01
CUS_0x77f8_2024_05_01,CUS_0x77f8,1/5/2024,10,5,10000,1000,1000,0,5000,1/10/2024,2024-10-01,2025-11-09 07:30:19.821879,data/lms_loan_daily.csv,2024-10-01
CUS_0x77fa_2024_04_01,CUS_0x77fa,1/4/2024,10,6,10000,1000,0,2000,6000,1/10/2024,2024-10-01,2025-11-09 07:30:19.821879,data/lms_loan_daily.csv,2024-10-01
CUS_0x77fc_2024_05_01,CUS_0x77fc,1/5/2024,10,5,10000,1000,1000,0,5000,1/10/2024,2024-10-01,2025-11-09 07:30:19.821879,data/lms_loan_daily.csv,2024-10-01
CUS_0x77fe_2024_10_01,CUS_0x77fe,1/10/2024,10,0,10000,0,0,0,10000,1/10/2024,2024-10-01,2025-11-09 07:30:19.821879,data/lms_loan_daily.csv,2024-10-01
CUS_0x77ff_2024_08_01,CUS_0x77ff,1/8/2024,10,2,10000,1000,1000,0,8000,1/10/2024,2024-10-01,2025-11-09 07:30:19.821879,data/lms_loan_daily.csv,2024-10-01
CUS_0x7808_2024_08_01,CUS_0x7808,1/8/2024,10,2,10000,1000,1000,0,8000,1/10/2024,2024-10-01,2025-11-09 07:30:19.821879,data/lms_loan_daily.csv,2024-10-01
CUS_0x780c_2024_02_01,CUS_0x780c,1/2/2024,10,8,10000,1000,1000,0,2000,1/10/2024,2024-10-01,2025-11-09 07:30:19.821879,data/lms_loan_daily.csv,2024-10-01
CUS_0x7812_2024_08_01,CUS_0x7812,1/8/2024,10,2,10000,1000,1000,0,8000,1/10/2024,2024-10-01,2025-11-09 07:30:19.821879,data/lms_loan_daily.csv,2024-10-01
CUS_0x7833_2024_02_01,CUS_0x7833,1/2/2024,10,8,10000,1000,1000,0,2000,1/10/2024,2024-10-01,2025-11-09 07:30:19.821879,data/lms_loan_daily.csv,2024-10-01
CUS_0x783b_2024_03_01,CUS_0x783b,1/3/2024,10,7,10000,1000,1000,0,3000,1/10/2024,2024-10-01,2025-11-09 07:30:19.821879,data/lms_loan_daily.csv,2024-10-01
CUS_0x784_2024_02_01,CUS_0x784,1/2/2024,10,8,10000,1000,1000,0,2000,1/10/2024,2024-10-01,2025-11-09 07:30:19.821879,data/lms_loan_daily.csv,2024-10-01
CUS_0x785_2024_05_01,CUS_0x785,1/5/2024,10,5,10000,1000,1000,0,5000,1/10/2024,2024-10-01,2025-11-09 07:30:19.821879,data/lms_loan_daily.csv,2024-10-01
CUS_0x7853_2024_01_01,CUS_0x7853,1/1/2024,10,9,10000,1000,0,7000,8000,1/10/2024,2024-10-01,2025-11-09 07:30:19.821879,data/lms_loan_daily.csv,2024-10-01
CUS_0x786_2024_05_01,CUS_0x786,1/5/2024,10,5,10000,1000,1000,0,5000,1/10/2024,2024-10-01,2025-11-09 07:30:19.821879,data/lms_loan_daily.csv,2024-10-01
CUS_0x786d_2023_12_01,CUS_0x786d,1/12/2023,10,10,10000,1000,1000,0,0,1/10/2024,2024-10-01,2025-11-09 07:30:19.821879,data/lms_loan_daily.csv,2024-10-01
CUS_0x786e_2024_07_01,CUS_0x786e,1/7/2024,10,3,10000,1000,1000,0,7000,1/10/2024,2024-10-01,2025-11-09 07:30:19.821879,data/lms_loan_daily.csv,2024-10-01
CUS_0x7878_2024_01_01,CUS_0x7878,1/1/2024,10,9,10000,1000,1000,0,1000,1/10/2024,2024-10-01,2025-11-09 07:30:19.821879,data/lms_loan_daily.csv,2024-10-01
CUS_0x7879_2024_04_01,CUS_0x7879,1/4/2024,10,6,10000,1000,1000,0,4000,1/10/2024,2024-10-01,2025-11-09 07:30:19.821879,data/lms_loan_daily.csv,2024-10-01
CUS_0x788a_2024_10_01,CUS_0x788a,1/10/2024,10,0,10000,0,0,0,10000,1/10/2024,2024-10-01,2025-11-09 07:30:19.821879,data/lms_loan_daily.csv,2024-10-01
CUS_0x788b_2024_10_01,CUS_0x788b,1/10/2024,10,0,10000,0,0,0,10000,1/10/2024,2024-10-01,2025-11-09 07:30:19.821879,data/lms_loan_daily.csv,2024-10-01
CUS_0x78c2_2024_03_01,CUS_0x78c2,1/3/2024,10,7,10000,1000,1000,0,3000,1/10/2024,2024-10-01,2025-11-09 07:30:19.821879,data/lms_loan_daily.csv,2024-10-01
CUS_0x78ca_2023_12_01,CUS_0x78ca,1/12/2023,10,10,10000,1000,1000,0,0,1/10/2024,2024-10-01,2025-11-09 07:30:19.821879,data/lms_loan_daily.csv,2024-10-01
CUS_0x78ce_2024_03_01,CUS_0x78ce,1/3/2024,10,7,10000,1000,1000,0,3000,1/10/2024,2024-10-01,2025-11-09 07:30:19.821879,data/lms_loan_daily.csv,2024-10-01
CUS_0x78d_2024_05_01,CUS_0x78d,1/5/2024,10,5,10000,1000,1000,0,5000,1/10/2024,2024-10-01,2025-11-09 07:30:19.821879,data/lms_loan_daily.csv,2024-10-01
CUS_0x78d3_2024_02_01,CUS_0x78d3,1/2/2024,10,8,10000,1000,1000,0,2000,1/10/2024,2024-10-01,2025-11-09 07:30:19.821879,data/lms_loan_daily.csv,2024-10-01
CUS_0x78db_2024_08_01,CUS_0x78db,1/8/2024,10,2,10000,1000,0,1000,9000,1/10/2024,2024-10-01,2025-11-09 07:30:19.821879,data/lms_loan_daily.csv,2024-10-01
CUS_0x78e8_2023_12_01,CUS_0x78e8,1/12/2023,10,10,10000,1000,0,10000,10000,1/10/2024,2024-10-01,2025-11-09 07:30:19.821879,data/lms_loan_daily.csv,2024-10-01
CUS_0x78e9_2024_09_01,CUS_0x78e9,1/9/2024,10,1,10000,1000,1000,0,9000,1/10/2024,2024-10-01,2025-11-09 07:30:19.821879,data/lms_loan_daily.csv,2024-10-01
CUS_0x78fe_2024_03_01,CUS_0x78fe,1/3/2024,10,7,10000,1000,1000,0,3000,1/10/2024,2024-10-01,2025-11-09 07:30:19.821879,data/lms_loan_daily.csv,2024-10-01
CUS_0x7906_2023_12_01,CUS_0x7906,1/12/2023,10,10,10000,1000,0,6000,6000,1/10/2024,2024-10-01,2025-11-09 07:30:19.821879,data/lms_loan_daily.csv,2024-10-01
CUS_0x790d_2024_04_01,CUS_0x790d,1/4/2024,10,6,10000,1000,1000,0,4000,1/10/2024,2024-10-01,2025-11-09 07:30:19.821879,data/lms_loan_daily.csv,2024-10-01
CUS_0x7916_2024_06_01,CUS_0x7916,1/6/2024,10,4,10000,1000,1000,0,6000,1/10/2024,2024-10-01,2025-11-09 07:30:19.821879,data/lms_loan_daily.csv,2024-10-01
CUS_0x791e_2024_04_01,CUS_0x791e,1/4/2024,10,6,10000,1000,1000,0,4000,1/10/2024,2024-10-01,2025-11-09 07:30:19.821879,data/lms_loan_daily.csv,2024-10-01
CUS_0x7925_2024_05_01,CUS_0x7925,1/5/2024,10,5,10000,1000,1000,0,5000,1/10/2024,2024-10-01,2025-11-09 07:30:19.821879,data/lms_loan_daily.csv,2024-10-01
CUS_0x7928_2024_10_01,CUS_0x7928,1/10/2024,10,0,10000,0,0,0,10000,1/10/2024,2024-10-01,2025-11-09 07:30:19.821879,data/lms_loan_daily.csv,2024-10-01
CUS_0x792d_2024_04_01,CUS_0x792d,1/4/2024,10,6,10000,1000,1000,0,4000,1/10/2024,2024-10-01,2025-11-09 07:30:19.821879,data/lms_loan_daily.csv,2024-10-01
CUS_0x792f_2024_07_01,CUS_0x792f,1/7/2024,10,3,10000,1000,1000,0,7000,1/10/2024,2024-10-01,2025-11-09 07:30:19.821879,data/lms_loan_daily.csv,2024-10-01
CUS_0x793_2024_06_01,CUS_0x793,1/6/2024,10,4,10000,1000,1000,0,6000,1/10/2024,2024-10-01,2025-11-09 07:30:19.821879,data/lms_loan_daily.csv,2024-10-01
CUS_0x793f_2024_05_01,CUS_0x793f,1/5/2024,10,5,10000,1000,0,3000,8000,1/10/2024,2024-10-01,2025-11-09 07:30:19.821879,data/lms_loan_daily.csv,2024-10-01
CUS_0x7942_2024_08_01,CUS_0x7942,1/8/2024,10,2,10000,1000,1000,0,8000,1/10/2024,2024-10-01,2025-11-09 07:30:19.821879,data/lms_loan_daily.csv,2024-10-01
CUS_0x7943_2024_07_01,CUS_0x7943,1/7/2024,10,3,10000,1000,0,2000,9000,1/10/2024,2024-10-01,2025-11-09 07:30:19.821879,data/lms_loan_daily.csv,2024-10-01
CUS_0x795_2024_02_01,CUS_0x795,1/2/2024,10,8,10000,1000,0,7000,9000,1/10/2024,2024-10-01,2025-11-09 07:30:19.821879,data/lms_loan_daily.csv,2024-10-01
CUS_0x7955_2024_09_01,CUS_0x7955,1/9/2024,10,1,10000,1000,1000,0,9000,1/10/2024,2024-10-01,2025-11-09 07:30:19.821879,data/lms_loan_daily.csv,2024-10-01
CUS_0x795b_2024_02_01,CUS_0x795b,1/2/2024,10,8,10000,1000,1000,0,2000,1/10/2024,2024-10-01,2025-11-09 07:30:19.821879,data/lms_loan_daily.csv,2024-10-01
CUS_0x795e_2024_06_01,CUS_0x795e,1/6/2024,10,4,10000,1000,1000,0,6000,1/10/2024,2024-10-01,2025-11-09 07:30:19.821879,data/lms_loan_daily.csv,2024-10-01
CUS_0x7968_2024_06_01,CUS_0x7968,1/6/2024,10,4,10000,1000,1000,0,6000,1/10/2024,2024-10-01,2025-11-09 07:30:19.821879,data/lms_loan_daily.csv,2024-10-01
CUS_0x7972_2024_04_01,CUS_0x7972,1/4/2024,10,6,10000,1000,0,5000,9000,1/10/2024,2024-10-01,2025-11-09 07:30:19.821879,data/lms_loan_daily.csv,2024-10-01
CUS_0x7974_2023_12_01,CUS_0x7974,1/12/2023,10,10,10000,1000,1000,0,0,1/10/2024,2024-10-01,2025-11-09 07:30:19.821879,data/lms_loan_daily.csv,2024-10-01
CUS_0x7976_2024_06_01,CUS_0x7976,1/6/2024,10,4,10000,1000,1000,0,6000,1/10/2024,2024-10-01,2025-11-09 07:30:19.821879,data/lms_loan_daily.csv,2024-10-01
CUS_0x7982_2024_05_01,CUS_0x7982,1/5/2024,10,5,10000,1000,1000,0,5000,1/10/2024,2024-10-01,2025-11-09 07:30:19.821879,data/lms_loan_daily.csv,2024-10-01
CUS_0x7986_2024_06_01,CUS_0x7986,1/6/2024,10,4,10000,1000,0,4000,10000,1/10/2024,2024-10-01,2025-11-09 07:30:19.821879,data/lms_loan_daily.csv,2024-10-01
CUS_0x7993_2024_04_01,CUS_0x7993,1/4/2024,10,6,10000,1000,1000,0,4000,1/10/2024,2024-10-01,2025-11-09 07:30:19.821879,data/lms_loan_daily.csv,2024-10-01
CUS_0x7997_2024_07_01,CUS_0x7997,1/7/2024,10,3,10000,1000,0,2000,9000,1/10/2024,2024-10-01,2025-11-09 07:30:19.821879,data/lms_loan_daily.csv,2024-10-01
CUS_0x799e_2024_08_01,CUS_0x799e,1/8/2024,10,2,10000,1000,1000,0,8000,1/10/2024,2024-10-01,2025-11-09 07:30:19.821879,data/lms_loan_daily.csv,2024-10-01
CUS_0x79a8_2024_02_01,CUS_0x79a8,1/2/2024,10,8,10000,1000,0,6000,8000,1/10/2024,2024-10-01,2025-11-09 07:30:19.821879,data/lms_loan_daily.csv,2024-10-01
CUS_0x79ad_2024_04_01,CUS_0x79ad,1/4/2024,10,6,10000,1000,1000,0,4000,1/10/2024,2024-10-01,2025-11-09 07:30:19.821879,data/lms_loan_daily.csv,2024-10-01
CUS_0x79b_2024_06_01,CUS_0x79b,1/6/2024,10,4,10000,1000,1000,0,6000,1/10/2024,2024-10-01,2025-11-09 07:30:19.821879,data/lms_loan_daily.csv,2024-10-01
CUS_0x79b7_2024_03_01,CUS_0x79b7,1/3/2024,10,7,10000,1000,1000,0,3000,1/10/2024,2024-10-01,2025-11-09 07:30:19.821879,data/lms_loan_daily.csv,2024-10-01
CUS_0x79bc_2024_06_01,CUS_0x79bc,1/6/2024,10,4,10000,1000,1000,0,6000,1/10/2024,2024-10-01,2025-11-09 07:30:19.821879,data/lms_loan_daily.csv,2024-10-01
CUS_0x79bd_2024_10_01,CUS_0x79bd,1/10/2024,10,0,10000,0,0,0,10000,1/10/2024,2024-10-01,2025-11-09 07:30:19.821879,data/lms_loan_daily.csv,2024-10-01
CUS_0x79bf_2024_06_01,CUS_0x79bf,1/6/2024,10,4,10000,1000,1000,0,6000,1/10/2024,2024-10-01,2025-11-09 07:30:19.821879,data/lms_loan_daily.csv,2024-10-01
CUS_0x79c0_2023_12_01,CUS_0x79c0,1/12/2023,10,10,10000,1000,0,8000,8000,1/10/2024,2024-10-01,2025-11-09 07:30:19.821879,data/lms_loan_daily.csv,2024-10-01
CUS_0x79c5_2024_03_01,CUS_0x79c5,1/3/2024,10,7,10000,1000,1000,0,3000,1/10/2024,2024-10-01,2025-11-09 07:30:19.821879,data/lms_loan_daily.csv,2024-10-01
CUS_0x79cb_2024_02_01,CUS_0x79cb,1/2/2024,10,8,10000,1000,0,6000,8000,1/10/2024,2024-10-01,2025-11-09 07:30:19.821879,data/lms_loan_daily.csv,2024-10-01
CUS_0x79ce_2024_10_01,CUS_0x79ce,1/10/2024,10,0,10000,0,0,0,10000,1/10/2024,2024-10-01,2025-11-09 07:30:19.821879,data/lms_loan_daily.csv,2024-10-01
CUS_0x79d5_2024_05_01,CUS_0x79d5,1/5/2024,10,5,10000,1000,0,3000,8000,1/10/2024,2024-10-01,2025-11-09 07:30:19.821879,data/lms_loan_daily.csv,2024-10-01
CUS_0x79d9_2024_08_01,CUS_0x79d9,1/8/2024,10,2,10000,1000,1000,0,8000,1/10/2024,2024-10-01,2025-11-09 07:30:19.821879,data/lms_loan_daily.csv,2024-10-01
CUS_0x79e4_2024_01_01,CUS_0x79e4,1/1/2024,10,9,10000,1000,1000,0,1000,1/10/2024,2024-10-01,2025-11-09 07:30:19.821879,data/lms_loan_daily.csv,2024-10-01
CUS_0x79ef_2024_10_01,CUS_0x79ef,1/10/2024,10,0,10000,0,0,0,10000,1/10/2024,2024-10-01,2025-11-09 07:30:19.821879,data/lms_loan_daily.csv,2024-10-01
CUS_0x79f7_2024_01_01,CUS_0x79f7,1/1/2024,10,9,10000,1000,1000,0,1000,1/10/2024,2024-10-01,2025-11-09 07:30:19.821879,data/lms_loan_daily.csv,2024-10-01
CUS_0x7a01_2024_03_01,CUS_0x7a01,1/3/2024,10,7,10000,1000,1000,0,3000,1/10/2024,2024-10-01,2025-11-09 07:30:19.821879,data/lms_loan_daily.csv,2024-10-01
CUS_0x7a0f_2024_02_01,CUS_0x7a0f,1/2/2024,10,8,10000,1000,0,6000,8000,1/10/2024,2024-10-01,2025-11-09 07:30:19.821879,data/lms_loan_daily.csv,2024-10-01
CUS_0x7a10_2024_06_01,CUS_0x7a10,1/6/2024,10,4,10000,1000,1000,0,6000,1/10/2024,2024-10-01,2025-11-09 07:30:19.821879,data/lms_loan_daily.csv,2024-10-01
CUS_0x7a12_2024_01_01,CUS_0x7a12,1/1/2024,10,9,10000,1000,1000,0,1000,1/10/2024,2024-10-01,2025-11-09 07:30:19.821879,data/lms_loan_daily.csv,2024-10-01
CUS_0x7a14_2023_12_01,CUS_0x7a14,1/12/2023,10,10,10000,1000,1000,0,0,1/10/2024,2024-10-01,2025-11-09 07:30:19.821879,data/lms_loan_daily.csv,2024-10-01
CUS_0x7a15_2024_07_01,CUS_0x7a15,1/7/2024,10,3,10000,1000,1000,0,7000,1/10/2024,2024-10-01,2025-11-09 07:30:19.821879,data/lms_loan_daily.csv,2024-10-01
CUS_0x7a22_2023_12_01,CUS_0x7a22,1/12/2023,10,10,10000,1000,1000,0,0,1/10/2024,2024-10-01,2025-11-09 07:30:19.821879,data/lms_loan_daily.csv,2024-10-01
CUS_0x7a24_2024_05_01,CUS_0x7a24,1/5/2024,10,5,10000,1000,1000,0,5000,1/10/2024,2024-10-01,2025-11-09 07:30:19.821879,data/lms_loan_daily.csv,2024-10-01
CUS_0x7a26_2023_12_01,CUS_0x7a26,1/12/2023,10,10,10000,1000,1000,0,0,1/10/2024,2024-10-01,2025-11-09 07:30:19.821879,data/lms_loan_daily.csv,2024-10-01
CUS_0x7a29_2024_03_01,CUS_0x7a29,1/3/2024,10,7,10000,1000,0,4000,7000,1/10/2024,2024-10-01,2025-11-09 07:30:19.821879,data/lms_loan_daily.csv,2024-10-01
CUS_0x7a32_2023_12_01,CUS_0x7a32,1/12/2023,10,10,10000,1000,1000,0,0,1/10/2024,2024-10-01,2025-11-09 07:30:19.821879,data/lms_loan_daily.csv,2024-10-01
CUS_0x7a34_2024_08_01,CUS_0x7a34,1/8/2024,10,2,10000,1000,1000,0,8000,1/10/2024,2024-10-01,2025-11-09 07:30:19.821879,data/lms_loan_daily.csv,2024-10-01
CUS_0x7a36_2024_08_01,CUS_0x7a36,1/8/2024,10,2,10000,1000,1000,0,8000,1/10/2024,2024-10-01,2025-11-09 07:30:19.821879,data/lms_loan_daily.csv,2024-10-01
CUS_0x7a4a_2024_10_01,CUS_0x7a4a,1/10/2024,10,0,10000,0,0,0,10000,1/10/2024,2024-10-01,2025-11-09 07:30:19.821879,data/lms_loan_daily.csv,2024-10-01
CUS_0x7a50_2024_05_01,CUS_0x7a50,1/5/2024,10,5,10000,1000,1000,0,5000,1/10/2024,2024-10-01,2025-11-09 07:30:19.821879,data/lms_loan_daily.csv,2024-10-01
CUS_0x7a6c_2024_04_01,CUS_0x7a6c,1/4/2024,10,6,10000,1000,0,3000,7000,1/10/2024,2024-10-01,2025-11-09 07:30:19.821879,data/lms_loan_daily.csv,2024-10-01
CUS_0x7a7f_2023_12_01,CUS_0x7a7f,1/12/2023,10,10,10000,1000,1000,0,0,1/10/2024,2024-10-01,2025-11-09 07:30:19.821879,data/lms_loan_daily.csv,2024-10-01
CUS_0x7a8_2024_01_01,CUS_0x7a8,1/1/2024,10,9,10000,1000,1000,0,1000,1/10/2024,2024-10-01,2025-11-09 07:30:19.821879,data/lms_loan_daily.csv,2024-10-01
CUS_0x7a8e_2023_12_01,CUS_0x7a8e,1/12/2023,10,10,10000,1000,1000,0,0,1/10/2024,2024-10-01,2025-11-09 07:30:19.821879,data/lms_loan_daily.csv,2024-10-01
CUS_0x7a9f_2024_05_01,CUS_0x7a9f,1/5/2024,10,5,10000,1000,0,3000,8000,1/10/2024,2024-10-01,2025-11-09 07:30:19.821879,data/lms_loan_daily.csv,2024-10-01
CUS_0x7aa8_2024_09_01,CUS_0x7aa8,1/9/2024,10,1,10000,1000,1000,0,9000,1/10/2024,2024-10-01,2025-11-09 07:30:19.821879,data/lms_loan_daily.csv,2024-10-01
CUS_0x7aae_2024_03_01,CUS_0x7aae,1/3/2024,10,7,10000,1000,0,4000,7000,1/10/2024,2024-10-01,2025-11-09 07:30:19.821879,data/lms_loan_daily.csv,2024-10-01
CUS_0x7ab3_2023_12_01,CUS_0x7ab3,1/12/2023,10,10,10000,1000,1000,0,0,1/10/2024,2024-10-01,2025-11-09 07:30:19.821879,data/lms_loan_daily.csv,2024-10-01
CUS_0x7ac9_2024_04_01,CUS_0x7ac9,1/4/2024,10,6,10000,1000,1000,0,4000,1/10/2024,2024-10-01,2025-11-09 07:30:19.821879,data/lms_loan_daily.csv,2024-10-01
CUS_0x7ad9_2024_01_01,CUS_0x7ad9,1/1/2024,10,9,10000,1000,1000,0,1000,1/10/2024,2024-10-01,2025-11-09 07:30:19.821879,data/lms_loan_daily.csv,2024-10-01
CUS_0x7ae_2024_03_01,CUS_0x7ae,1/3/2024,10,7,10000,1000,1000,0,3000,1/10/2024,2024-10-01,2025-11-09 07:30:19.821879,data/lms_loan_daily.csv,2024-10-01
CUS_0x7ae4_2024_04_01,CUS_0x7ae4,1/4/2024,10,6,10000,1000,1000,0,4000,1/10/2024,2024-10-01,2025-11-09 07:30:19.821879,data/lms_loan_daily.csv,2024-10-01
CUS_0x7ae7_2024_02_01,CUS_0x7ae7,1/2/2024,10,8,10000,1000,1000,0,2000,1/10/2024,2024-10-01,2025-11-09 07:30:19.821879,data/lms_loan_daily.csv,2024-10-01
CUS_0x7ae9_2024_02_01,CUS_0x7ae9,1/2/2024,10,8,10000,1000,1000,0,2000,1/10/2024,2024-10-01,2025-11-09 07:30:19.821879,data/lms_loan_daily.csv,2024-10-01
CUS_0x7aec_2024_06_01,CUS_0x7aec,1/6/2024,10,4,10000,1000,1000,0,6000,1/10/2024,2024-10-01,2025-11-09 07:30:19.821879,data/lms_loan_daily.csv,2024-10-01
CUS_0x7af8_2023_12_01,CUS_0x7af8,1/12/2023,10,10,10000,1000,1000,0,0,1/10/2024,2024-10-01,2025-11-09 07:30:19.821879,data/lms_loan_daily.csv,2024-10-01
CUS_0x7b0_2024_10_01,CUS_0x7b0,1/10/2024,10,0,10000,0,0,0,10000,1/10/2024,2024-10-01,2025-11-09 07:30:19.821879,data/lms_loan_daily.csv,2024-10-01
CUS_0x7b09_2024_06_01,CUS_0x7b09,1/6/2024,10,4,10000,1000,1000,0,6000,1/10/2024,2024-10-01,2025-11-09 07:30:19.821879,data/lms_loan_daily.csv,2024-10-01
CUS_0x7b14_2024_01_01,CUS_0x7b14,1/1/2024,10,9,10000,1000,1000,0,1000,1/10/2024,2024-10-01,2025-11-09 07:30:19.821879,data/lms_loan_daily.csv,2024-10-01
CUS_0x7b15_2024_06_01,CUS_0x7b15,1/6/2024,10,4,10000,1000,1000,0,6000,1/10/2024,2024-10-01,2025-11-09 07:30:19.821879,data/lms_loan_daily.csv,2024-10-01
CUS_0x7b1c_2024_02_01,CUS_0x7b1c,1/2/2024,10,8,10000,1000,1000,0,2000,1/10/2024,2024-10-01,2025-11-09 07:30:19.821879,data/lms_loan_daily.csv,2024-10-01
CUS_0x7b23_2024_06_01,CUS_0x7b23,1/6/2024,10,4,10000,1000,1000,0,6000,1/10/2024,2024-10-01,2025-11-09 07:30:19.821879,data/lms_loan_daily.csv,2024-10-01
CUS_0x7b2b_2024_07_01,CUS_0x7b2b,1/7/2024,10,3,10000,1000,2000,0,7000,1/10/2024,2024-10-01,2025-11-09 07:30:19.821879,data/lms_loan_daily.csv,2024-10-01
CUS_0x7b2c_2024_10_01,CUS_0x7b2c,1/10/2024,10,0,10000,0,0,0,10000,1/10/2024,2024-10-01,2025-11-09 07:30:19.821879,data/lms_loan_daily.csv,2024-10-01
CUS_0x7b3_2024_08_01,CUS_0x7b3,1/8/2024,10,2,10000,1000,1000,0,8000,1/10/2024,2024-10-01,2025-11-09 07:30:19.821879,data/lms_loan_daily.csv,2024-10-01
CUS_0x7b30_2024_05_01,CUS_0x7b30,1/5/2024,10,5,10000,1000,1000,0,5000,1/10/2024,2024-10-01,2025-11-09 07:30:19.821879,data/lms_loan_daily.csv,2024-10-01
CUS_0x7b32_2024_03_01,CUS_0x7b32,1/3/2024,10,7,10000,1000,1000,0,3000,1/10/2024,2024-10-01,2025-11-09 07:30:19.821879,data/lms_loan_daily.csv,2024-10-01
CUS_0x7b38_2023_12_01,CUS_0x7b38,1/12/2023,10,10,10000,1000,0,9000,9000,1/10/2024,2024-10-01,2025-11-09 07:30:19.821879,data/lms_loan_daily.csv,2024-10-01
CUS_0x7b39_2024_08_01,CUS_0x7b39,1/8/2024,10,2,10000,1000,1000,0,8000,1/10/2024,2024-10-01,2025-11-09 07:30:19.821879,data/lms_loan_daily.csv,2024-10-01
CUS_0x7b3a_2024_02_01,CUS_0x7b3a,1/2/2024,10,8,10000,1000,0,6000,8000,1/10/2024,2024-10-01,2025-11-09 07:30:19.821879,data/lms_loan_daily.csv,2024-10-01
CUS_0x7b3c_2024_04_01,CUS_0x7b3c,1/4/2024,10,6,10000,1000,1000,0,4000,1/10/2024,2024-10-01,2025-11-09 07:30:19.821879,data/lms_loan_daily.csv,2024-10-01
CUS_0x7b40_2024_04_01,CUS_0x7b40,1/4/2024,10,6,10000,1000,0,4000,8000,1/10/2024,2024-10-01,2025-11-09 07:30:19.821879,data/lms_loan_daily.csv,2024-10-01
CUS_0x7b47_2024_01_01,CUS_0x7b47,1/1/2024,10,9,10000,1000,1000,0,1000,1/10/2024,2024-10-01,2025-11-09 07:30:19.821879,data/lms_loan_daily.csv,2024-10-01
CUS_0x7b6_2024_06_01,CUS_0x7b6,1/6/2024,10,4,10000,1000,1000,0,6000,1/10/2024,2024-10-01,2025-11-09 07:30:19.821879,data/lms_loan_daily.csv,2024-10-01
CUS_0x7b61_2024_04_01,CUS_0x7b61,1/4/2024,10,6,10000,1000,1000,0,4000,1/10/2024,2024-10-01,2025-11-09 07:30:19.821879,data/lms_loan_daily.csv,2024-10-01
CUS_0x7b62_2024_03_01,CUS_0x7b62,1/3/2024,10,7,10000,1000,0,4000,7000,1/10/2024,2024-10-01,2025-11-09 07:30:19.821879,data/lms_loan_daily.csv,2024-10-01
CUS_0x7b64_2024_09_01,CUS_0x7b64,1/9/2024,10,1,10000,1000,0,1000,10000,1/10/2024,2024-10-01,2025-11-09 07:30:19.821879,data/lms_loan_daily.csv,2024-10-01
CUS_0x7b65_2024_02_01,CUS_0x7b65,1/2/2024,10,8,10000,1000,1000,0,2000,1/10/2024,2024-10-01,2025-11-09 07:30:19.821879,data/lms_loan_daily.csv,2024-10-01
CUS_0x7b75_2024_06_01,CUS_0x7b75,1/6/2024,10,4,10000,1000,0,2000,8000,1/10/2024,2024-10-01,2025-11-09 07:30:19.821879,data/lms_loan_daily.csv,2024-10-01
CUS_0x7b8c_2024_07_01,CUS_0x7b8c,1/7/2024,10,3,10000,1000,1000,0,7000,1/10/2024,2024-10-01,2025-11-09 07:30:19.821879,data/lms_loan_daily.csv,2024-10-01
CUS_0x7b94_2024_07_01,CUS_0x7b94,1/7/2024,10,3,10000,1000,1000,0,7000,1/10/2024,2024-10-01,2025-11-09 07:30:19.821879,data/lms_loan_daily.csv,2024-10-01
CUS_0x7b9d_2024_08_01,CUS_0x7b9d,1/8/2024,10,2,10000,1000,1000,0,8000,1/10/2024,2024-10-01,2025-11-09 07:30:19.821879,data/lms_loan_daily.csv,2024-10-01
CUS_0x7baa_2024_07_01,CUS_0x7baa,1/7/2024,10,3,10000,1000,1000,0,7000,1/10/2024,2024-10-01,2025-11-09 07:30:19.821879,data/lms_loan_daily.csv,2024-10-01
CUS_0x7bc5_2024_01_01,CUS_0x7bc5,1/1/2024,10,9,10000,1000,0,7000,8000,1/10/2024,2024-10-01,2025-11-09 07:30:19.821879,data/lms_loan_daily.csv,2024-10-01
CUS_0x7bc9_2024_03_01,CUS_0x7bc9,1/3/2024,10,7,10000,1000,1000,0,3000,1/10/2024,2024-10-01,2025-11-09 07:30:19.821879,data/lms_loan_daily.csv,2024-10-01
CUS_0x7be_2024_10_01,CUS_0x7be,1/10/2024,10,0,10000,0,0,0,10000,1/10/2024,2024-10-01,2025-11-09 07:30:19.821879,data/lms_loan_daily.csv,2024-10-01
CUS_0x7be4_2024_06_01,CUS_0x7be4,1/6/2024,10,4,10000,1000,0,1000,7000,1/10/2024,2024-10-01,2025-11-09 07:30:19.821879,data/lms_loan_daily.csv,2024-10-01
CUS_0x7c0d_2023_12_01,CUS_0x7c0d,1/12/2023,10,10,10000,1000,0,7000,7000,1/10/2024,2024-10-01,2025-11-09 07:30:19.821879,data/lms_loan_daily.csv,2024-10-01
CUS_0x7c0f_2024_04_01,CUS_0x7c0f,1/4/2024,10,6,10000,1000,1000,0,4000,1/10/2024,2024-10-01,2025-11-09 07:30:19.821879,data/lms_loan_daily.csv,2024-10-01
CUS_0x7c25_2024_09_01,CUS_0x7c25,1/9/2024,10,1,10000,1000,1000,0,9000,1/10/2024,2024-10-01,2025-11-09 07:30:19.821879,data/lms_loan_daily.csv,2024-10-01
CUS_0x7c2a_2024_06_01,CUS_0x7c2a,1/6/2024,10,4,10000,1000,0,1000,7000,1/10/2024,2024-10-01,2025-11-09 07:30:19.821879,data/lms_loan_daily.csv,2024-10-01
CUS_0x7c33_2024_07_01,CUS_0x7c33,1/7/2024,10,3,10000,1000,1000,0,7000,1/10/2024,2024-10-01,2025-11-09 07:30:19.821879,data/lms_loan_daily.csv,2024-10-01
CUS_0x7c47_2024_10_01,CUS_0x7c47,1/10/2024,10,0,10000,0,0,0,10000,1/10/2024,2024-10-01,2025-11-09 07:30:19.821879,data/lms_loan_daily.csv,2024-10-01
CUS_0x7c6a_2024_03_01,CUS_0x7c6a,1/3/2024,10,7,10000,1000,1000,0,3000,1/10/2024,2024-10-01,2025-11-09 07:30:19.821879,data/lms_loan_daily.csv,2024-10-01
CUS_0x7c6d_2024_04_01,CUS_0x7c6d,1/4/2024,10,6,10000,1000,0,2000,6000,1/10/2024,2024-10-01,2025-11-09 07:30:19.821879,data/lms_loan_daily.csv,2024-10-01
CUS_0x7c71_2024_03_01,CUS_0x7c71,1/3/2024,10,7,10000,1000,1000,0,3000,1/10/2024,2024-10-01,2025-11-09 07:30:19.821879,data/lms_loan_daily.csv,2024-10-01
CUS_0x7c73_2024_10_01,CUS_0x7c73,1/10/2024,10,0,10000,0,0,0,10000,1/10/2024,2024-10-01,2025-11-09 07:30:19.821879,data/lms_loan_daily.csv,2024-10-01
CUS_0x7c76_2024_09_01,CUS_0x7c76,1/9/2024,10,1,10000,1000,1000,0,9000,1/10/2024,2024-10-01,2025-11-09 07:30:19.821879,data/lms_loan_daily.csv,2024-10-01
CUS_0x7c79_2023_12_01,CUS_0x7c79,1/12/2023,10,10,10000,1000,1000,0,0,1/10/2024,2024-10-01,2025-11-09 07:30:19.821879,data/lms_loan_daily.csv,2024-10-01
CUS_0x7c7a_2024_06_01,CUS_0x7c7a,1/6/2024,10,4,10000,1000,1000,0,6000,1/10/2024,2024-10-01,2025-11-09 07:30:19.821879,data/lms_loan_daily.csv,2024-10-01
CUS_0x7c88_2023_12_01,CUS_0x7c88,1/12/2023,10,10,10000,1000,1000,0,0,1/10/2024,2024-10-01,2025-11-09 07:30:19.821879,data/lms_loan_daily.csv,2024-10-01
CUS_0x7c8c_2024_08_01,CUS_0x7c8c,1/8/2024,10,2,10000,1000,1000,0,8000,1/10/2024,2024-10-01,2025-11-09 07:30:19.821879,data/lms_loan_daily.csv,2024-10-01
CUS_0x7ca7_2024_07_01,CUS_0x7ca7,1/7/2024,10,3,10000,1000,1000,0,7000,1/10/2024,2024-10-01,2025-11-09 07:30:19.821879,data/lms_loan_daily.csv,2024-10-01
CUS_0x7caf_2024_03_01,CUS_0x7caf,1/3/2024,10,7,10000,1000,1000,0,3000,1/10/2024,2024-10-01,2025-11-09 07:30:19.821879,data/lms_loan_daily.csv,2024-10-01
CUS_0x7cb3_2024_03_01,CUS_0x7cb3,1/3/2024,10,7,10000,1000,1000,0,3000,1/10/2024,2024-10-01,2025-11-09 07:30:19.821879,data/lms_loan_daily.csv,2024-10-01
CUS_0x7cb5_2024_09_01,CUS_0x7cb5,1/9/2024,10,1,10000,1000,1000,0,9000,1/10/2024,2024-10-01,2025-11-09 07:30:19.821879,data/lms_loan_daily.csv,2024-10-01
CUS_0x7cbf_2024_04_01,CUS_0x7cbf,1/4/2024,10,6,10000,1000,1000,0,4000,1/10/2024,2024-10-01,2025-11-09 07:30:19.821879,data/lms_loan_daily.csv,2024-10-01
CUS_0x7cc1_2024_08_01,CUS_0x7cc1,1/8/2024,10,2,10000,1000,1000,0,8000,1/10/2024,2024-10-01,2025-11-09 07:30:19.821879,data/lms_loan_daily.csv,2024-10-01
CUS_0x7cce_2024_01_01,CUS_0x7cce,1/1/2024,10,9,10000,1000,0,6000,7000,1/10/2024,2024-10-01,2025-11-09 07:30:19.821879,data/lms_loan_daily.csv,2024-10-01
CUS_0x7ccf_2024_10_01,CUS_0x7ccf,1/10/2024,10,0,10000,0,0,0,10000,1/10/2024,2024-10-01,2025-11-09 07:30:19.821879,data/lms_loan_daily.csv,2024-10-01
CUS_0x7cec_2024_04_01,CUS_0x7cec,1/4/2024,10,6,10000,1000,1000,0,4000,1/10/2024,2024-10-01,2025-11-09 07:30:19.821879,data/lms_loan_daily.csv,2024-10-01
CUS_0x7d06_2024_09_01,CUS_0x7d06,1/9/2024,10,1,10000,1000,0,1000,10000,1/10/2024,2024-10-01,2025-11-09 07:30:19.821879,data/lms_loan_daily.csv,2024-10-01
CUS_0x7d0a_2024_10_01,CUS_0x7d0a,1/10/2024,10,0,10000,0,0,0,10000,1/10/2024,2024-10-01,2025-11-09 07:30:19.821879,data/lms_loan_daily.csv,2024-10-01
CUS_0x7d1e_2024_01_01,CUS_0x7d1e,1/1/2024,10,9,10000,1000,0,8000,9000,1/10/2024,2024-10-01,2025-11-09 07:30:19.821879,data/lms_loan_daily.csv,2024-10-01
CUS_0x7d40_2024_04_01,CUS_0x7d40,1/4/2024,10,6,10000,1000,1000,0,4000,1/10/2024,2024-10-01,2025-11-09 07:30:19.821879,data/lms_loan_daily.csv,2024-10-01
CUS_0x7d41_2024_06_01,CUS_0x7d41,1/6/2024,10,4,10000,1000,1000,0,6000,1/10/2024,2024-10-01,2025-11-09 07:30:19.821879,data/lms_loan_daily.csv,2024-10-01
CUS_0x7d42_2024_09_01,CUS_0x7d42,1/9/2024,10,1,10000,1000,1000,0,9000,1/10/2024,2024-10-01,2025-11-09 07:30:19.821879,data/lms_loan_daily.csv,2024-10-01
CUS_0x7d45_2024_01_01,CUS_0x7d45,1/1/2024,10,9,10000,1000,1000,0,1000,1/10/2024,2024-10-01,2025-11-09 07:30:19.821879,data/lms_loan_daily.csv,2024-10-01
CUS_0x7d4d_2024_02_01,CUS_0x7d4d,1/2/2024,10,8,10000,1000,1000,0,2000,1/10/2024,2024-10-01,2025-11-09 07:30:19.821879,data/lms_loan_daily.csv,2024-10-01
CUS_0x7d5e_2024_05_01,CUS_0x7d5e,1/5/2024,10,5,10000,1000,1000,0,5000,1/10/2024,2024-10-01,2025-11-09 07:30:19.821879,data/lms_loan_daily.csv,2024-10-01
CUS_0x7d62_2024_07_01,CUS_0x7d62,1/7/2024,10,3,10000,1000,1000,0,7000,1/10/2024,2024-10-01,2025-11-09 07:30:19.821879,data/lms_loan_daily.csv,2024-10-01
CUS_0x7d66_2023_12_01,CUS_0x7d66,1/12/2023,10,10,10000,1000,1000,0,0,1/10/2024,2024-10-01,2025-11-09 07:30:19.821879,data/lms_loan_daily.csv,2024-10-01
CUS_0x7d6c_2024_08_01,CUS_0x7d6c,1/8/2024,10,2,10000,1000,1000,0,8000,1/10/2024,2024-10-01,2025-11-09 07:30:19.821879,data/lms_loan_daily.csv,2024-10-01
CUS_0x7d6e_2023_12_01,CUS_0x7d6e,1/12/2023,10,10,10000,1000,1000,0,0,1/10/2024,2024-10-01,2025-11-09 07:30:19.821879,data/lms_loan_daily.csv,2024-10-01
CUS_0x7d8_2024_03_01,CUS_0x7d8,1/3/2024,10,7,10000,1000,1000,0,3000,1/10/2024,2024-10-01,2025-11-09 07:30:19.821879,data/lms_loan_daily.csv,2024-10-01
CUS_0x7d82_2024_09_01,CUS_0x7d82,1/9/2024,10,1,10000,1000,0,1000,10000,1/10/2024,2024-10-01,2025-11-09 07:30:19.821879,data/lms_loan_daily.csv,2024-10-01
CUS_0x7d87_2024_07_01,CUS_0x7d87,1/7/2024,10,3,10000,1000,1000,0,7000,1/10/2024,2024-10-01,2025-11-09 07:30:19.821879,data/lms_loan_daily.csv,2024-10-01
CUS_0x7d8e_2024_01_01,CUS_0x7d8e,1/1/2024,10,9,10000,1000,1000,0,1000,1/10/2024,2024-10-01,2025-11-09 07:30:19.821879,data/lms_loan_daily.csv,2024-10-01
CUS_0x7d93_2024_02_01,CUS_0x7d93,1/2/2024,10,8,10000,1000,1000,0,2000,1/10/2024,2024-10-01,2025-11-09 07:30:19.821879,data/lms_loan_daily.csv,2024-10-01
CUS_0x7d96_2024_07_01,CUS_0x7d96,1/7/2024,10,3,10000,1000,0,2000,9000,1/10/2024,2024-10-01,2025-11-09 07:30:19.821879,data/lms_loan_daily.csv,2024-10-01
CUS_0x7dab_2023_12_01,CUS_0x7dab,1/12/2023,10,10,10000,1000,1000,0,0,1/10/2024,2024-10-01,2025-11-09 07:30:19.821879,data/lms_loan_daily.csv,2024-10-01
CUS_0x7dac_2024_01_01,CUS_0x7dac,1/1/2024,10,9,10000,1000,1000,0,1000,1/10/2024,2024-10-01,2025-11-09 07:30:19.821879,data/lms_loan_daily.csv,2024-10-01
CUS_0x7daf_2024_07_01,CUS_0x7daf,1/7/2024,10,3,10000,1000,1000,0,7000,1/10/2024,2024-10-01,2025-11-09 07:30:19.821879,data/lms_loan_daily.csv,2024-10-01
CUS_0x7db2_2024_06_01,CUS_0x7db2,1/6/2024,10,4,10000,1000,1000,0,6000,1/10/2024,2024-10-01,2025-11-09 07:30:19.821879,data/lms_loan_daily.csv,2024-10-01
CUS_0x7db5_2024_09_01,CUS_0x7db5,1/9/2024,10,1,10000,1000,1000,0,9000,1/10/2024,2024-10-01,2025-11-09 07:30:19.821879,data/lms_loan_daily.csv,2024-10-01
CUS_0x7dc6_2024_07_01,CUS_0x7dc6,1/7/2024,10,3,10000,1000,1000,0,7000,1/10/2024,2024-10-01,2025-11-09 07:30:19.821879,data/lms_loan_daily.csv,2024-10-01
CUS_0x7dcd_2024_07_01,CUS_0x7dcd,1/7/2024,10,3,10000,1000,1000,0,7000,1/10/2024,2024-10-01,2025-11-09 07:30:19.821879,data/lms_loan_daily.csv,2024-10-01
CUS_0x7dd1_2024_09_01,CUS_0x7dd1,1/9/2024,10,1,10000,1000,1000,0,9000,1/10/2024,2024-10-01,2025-11-09 07:30:19.821879,data/lms_loan_daily.csv,2024-10-01
CUS_0x7dd8_2024_02_01,CUS_0x7dd8,1/2/2024,10,8,10000,1000,0,6000,8000,1/10/2024,2024-10-01,2025-11-09 07:30:19.821879,data/lms_loan_daily.csv,2024-10-01
CUS_0x7de1_2023_12_01,CUS_0x7de1,1/12/2023,10,10,10000,1000,0,9000,9000,1/10/2024,2024-10-01,2025-11-09 07:30:19.821879,data/lms_loan_daily.csv,2024-10-01
CUS_0x7de5_2023_12_01,CUS_0x7de5,1/12/2023,10,10,10000,1000,0,8000,8000,1/10/2024,2024-10-01,2025-11-09 07:30:19.821879,data/lms_loan_daily.csv,2024-10-01
CUS_0x7dec_2024_10_01,CUS_0x7dec,1/10/2024,10,0,10000,0,0,0,10000,1/10/2024,2024-10-01,2025-11-09 07:30:19.821879,data/lms_loan_daily.csv,2024-10-01
CUS_0x7df_2024_03_01,CUS_0x7df,1/3/2024,10,7,10000,1000,0,5000,8000,1/10/2024,2024-10-01,2025-11-09 07:30:19.821879,data/lms_loan_daily.csv,2024-10-01
CUS_0x7df9_2024_10_01,CUS_0x7df9,1/10/2024,10,0,10000,0,0,0,10000,1/10/2024,2024-10-01,2025-11-09 07:30:19.821879,data/lms_loan_daily.csv,2024-10-01
CUS_0x7dff_2024_08_01,CUS_0x7dff,1/8/2024,10,2,10000,1000,1000,0,8000,1/10/2024,2024-10-01,2025-11-09 07:30:19.821879,data/lms_loan_daily.csv,2024-10-01
CUS_0x7e06_2024_08_01,CUS_0x7e06,1/8/2024,10,2,10000,1000,1000,0,8000,1/10/2024,2024-10-01,2025-11-09 07:30:19.821879,data/lms_loan_daily.csv,2024-10-01
CUS_0x7e25_2024_05_01,CUS_0x7e25,1/5/2024,10,5,10000,1000,1000,0,5000,1/10/2024,2024-10-01,2025-11-09 07:30:19.821879,data/lms_loan_daily.csv,2024-10-01
CUS_0x7e30_2024_05_01,CUS_0x7e30,1/5/2024,10,5,10000,1000,1000,0,5000,1/10/2024,2024-10-01,2025-11-09 07:30:19.821879,data/lms_loan_daily.csv,2024-10-01
CUS_0x7e5b_2024_07_01,CUS_0x7e5b,1/7/2024,10,3,10000,1000,1000,0,7000,1/10/2024,2024-10-01,2025-11-09 07:30:19.821879,data/lms_loan_daily.csv,2024-10-01
CUS_0x7e5d_2024_09_01,CUS_0x7e5d,1/9/2024,10,1,10000,1000,1000,0,9000,1/10/2024,2024-10-01,2025-11-09 07:30:19.821879,data/lms_loan_daily.csv,2024-10-01
CUS_0x7e61_2024_03_01,CUS_0x7e61,1/3/2024,10,7,10000,1000,1000,0,3000,1/10/2024,2024-10-01,2025-11-09 07:30:19.821879,data/lms_loan_daily.csv,2024-10-01
CUS_0x7e6c_2023_12_01,CUS_0x7e6c,1/12/2023,10,10,10000,1000,1000,0,0,1/10/2024,2024-10-01,2025-11-09 07:30:19.821879,data/lms_loan_daily.csv,2024-10-01
CUS_0x7e6d_2024_02_01,CUS_0x7e6d,1/2/2024,10,8,10000,1000,1000,0,2000,1/10/2024,2024-10-01,2025-11-09 07:30:19.821879,data/lms_loan_daily.csv,2024-10-01
CUS_0x7e7c_2024_07_01,CUS_0x7e7c,1/7/2024,10,3,10000,1000,1000,0,7000,1/10/2024,2024-10-01,2025-11-09 07:30:19.821879,data/lms_loan_daily.csv,2024-10-01
CUS_0x7e8b_2024_07_01,CUS_0x7e8b,1/7/2024,10,3,10000,1000,0,1000,8000,1/10/2024,2024-10-01,2025-11-09 07:30:19.821879,data/lms_loan_daily.csv,2024-10-01
CUS_0x7e8d_2024_04_01,CUS_0x7e8d,1/4/2024,10,6,10000,1000,1000,0,4000,1/10/2024,2024-10-01,2025-11-09 07:30:19.821879,data/lms_loan_daily.csv,2024-10-01
CUS_0x7e90_2024_09_01,CUS_0x7e90,1/9/2024,10,1,10000,1000,1000,0,9000,1/10/2024,2024-10-01,2025-11-09 07:30:19.821879,data/lms_loan_daily.csv,2024-10-01
CUS_0x7e94_2024_10_01,CUS_0x7e94,1/10/2024,10,0,10000,0,0,0,10000,1/10/2024,2024-10-01,2025-11-09 07:30:19.821879,data/lms_loan_daily.csv,2024-10-01
CUS_0x7ea0_2024_02_01,CUS_0x7ea0,1/2/2024,10,8,10000,1000,0,5000,7000,1/10/2024,2024-10-01,2025-11-09 07:30:19.821879,data/lms_loan_daily.csv,2024-10-01
CUS_0x7ea1_2024_09_01,CUS_0x7ea1,1/9/2024,10,1,10000,1000,1000,0,9000,1/10/2024,2024-10-01,2025-11-09 07:30:19.821879,data/lms_loan_daily.csv,2024-10-01
CUS_0x7ea5_2024_09_01,CUS_0x7ea5,1/9/2024,10,1,10000,1000,1000,0,9000,1/10/2024,2024-10-01,2025-11-09 07:30:19.821879,data/lms_loan_daily.csv,2024-10-01
CUS_0x7eb0_2024_01_01,CUS_0x7eb0,1/1/2024,10,9,10000,1000,1000,0,1000,1/10/2024,2024-10-01,2025-11-09 07:30:19.821879,data/lms_loan_daily.csv,2024-10-01
CUS_0x7eb2_2024_09_01,CUS_0x7eb2,1/9/2024,10,1,10000,1000,0,1000,10000,1/10/2024,2024-10-01,2025-11-09 07:30:19.821879,data/lms_loan_daily.csv,2024-10-01
CUS_0x7eb6_2024_07_01,CUS_0x7eb6,1/7/2024,10,3,10000,1000,1000,0,7000,1/10/2024,2024-10-01,2025-11-09 07:30:19.821879,data/lms_loan_daily.csv,2024-10-01
CUS_0x7ec9_2024_08_01,CUS_0x7ec9,1/8/2024,10,2,10000,1000,1000,0,8000,1/10/2024,2024-10-01,2025-11-09 07:30:19.821879,data/lms_loan_daily.csv,2024-10-01
CUS_0x7ed7_2024_03_01,CUS_0x7ed7,1/3/2024,10,7,10000,1000,1000,0,3000,1/10/2024,2024-10-01,2025-11-09 07:30:19.821879,data/lms_loan_daily.csv,2024-10-01
CUS_0x7ed8_2024_09_01,CUS_0x7ed8,1/9/2024,10,1,10000,1000,1000,0,9000,1/10/2024,2024-10-01,2025-11-09 07:30:19.821879,data/lms_loan_daily.csv,2024-10-01
CUS_0x7ed9_2024_02_01,CUS_0x7ed9,1/2/2024,10,8,10000,1000,1000,0,2000,1/10/2024,2024-10-01,2025-11-09 07:30:19.821879,data/lms_loan_daily.csv,2024-10-01
CUS_0x7eda_2024_02_01,CUS_0x7eda,1/2/2024,10,8,10000,1000,1000,0,2000,1/10/2024,2024-10-01,2025-11-09 07:30:19.821879,data/lms_loan_daily.csv,2024-10-01
CUS_0x7edc_2024_03_01,CUS_0x7edc,1/3/2024,10,7,10000,1000,1000,0,3000,1/10/2024,2024-10-01,2025-11-09 07:30:19.821879,data/lms_loan_daily.csv,2024-10-01
CUS_0x7edd_2024_03_01,CUS_0x7edd,1/3/2024,10,7,10000,1000,0,5000,8000,1/10/2024,2024-10-01,2025-11-09 07:30:19.821879,data/lms_loan_daily.csv,2024-10-01
CUS_0x7ee_2024_07_01,CUS_0x7ee,1/7/2024,10,3,10000,1000,1000,0,7000,1/10/2024,2024-10-01,2025-11-09 07:30:19.821879,data/lms_loan_daily.csv,2024-10-01
CUS_0x7eec_2024_06_01,CUS_0x7eec,1/6/2024,10,4,10000,1000,0,2000,8000,1/10/2024,2024-10-01,2025-11-09 07:30:19.821879,data/lms_loan_daily.csv,2024-10-01
CUS_0x7ef5_2023_12_01,CUS_0x7ef5,1/12/2023,10,10,10000,1000,1000,0,0,1/10/2024,2024-10-01,2025-11-09 07:30:19.821879,data/lms_loan_daily.csv,2024-10-01
CUS_0x7ef7_2024_09_01,CUS_0x7ef7,1/9/2024,10,1,10000,1000,1000,0,9000,1/10/2024,2024-10-01,2025-11-09 07:30:19.821879,data/lms_loan_daily.csv,2024-10-01
CUS_0x7efc_2023_12_01,CUS_0x7efc,1/12/2023,10,10,10000,1000,1000,0,0,1/10/2024,2024-10-01,2025-11-09 07:30:19.821879,data/lms_loan_daily.csv,2024-10-01
CUS_0x7f08_2024_05_01,CUS_0x7f08,1/5/2024,10,5,10000,1000,1000,0,5000,1/10/2024,2024-10-01,2025-11-09 07:30:19.821879,data/lms_loan_daily.csv,2024-10-01
CUS_0x7f0a_2024_04_01,CUS_0x7f0a,1/4/2024,10,6,10000,1000,1000,0,4000,1/10/2024,2024-10-01,2025-11-09 07:30:19.821879,data/lms_loan_daily.csv,2024-10-01
CUS_0x7f27_2024_07_01,CUS_0x7f27,1/7/2024,10,3,10000,1000,1000,0,7000,1/10/2024,2024-10-01,2025-11-09 07:30:19.821879,data/lms_loan_daily.csv,2024-10-01
CUS_0x7f3_2024_06_01,CUS_0x7f3,1/6/2024,10,4,10000,1000,2000,0,6000,1/10/2024,2024-10-01,2025-11-09 07:30:19.821879,data/lms_loan_daily.csv,2024-10-01
CUS_0x7f31_2024_03_01,CUS_0x7f31,1/3/2024,10,7,10000,1000,0,4000,7000,1/10/2024,2024-10-01,2025-11-09 07:30:19.821879,data/lms_loan_daily.csv,2024-10-01
CUS_0x7f32_2024_08_01,CUS_0x7f32,1/8/2024,10,2,10000,1000,0,2000,10000,1/10/2024,2024-10-01,2025-11-09 07:30:19.821879,data/lms_loan_daily.csv,2024-10-01
CUS_0x7f3d_2024_08_01,CUS_0x7f3d,1/8/2024,10,2,10000,1000,1000,0,8000,1/10/2024,2024-10-01,2025-11-09 07:30:19.821879,data/lms_loan_daily.csv,2024-10-01
CUS_0x7f3f_2023_12_01,CUS_0x7f3f,1/12/2023,10,10,10000,1000,1000,0,0,1/10/2024,2024-10-01,2025-11-09 07:30:19.821879,data/lms_loan_daily.csv,2024-10-01
CUS_0x7f43_2024_08_01,CUS_0x7f43,1/8/2024,10,2,10000,1000,0,2000,10000,1/10/2024,2024-10-01,2025-11-09 07:30:19.821879,data/lms_loan_daily.csv,2024-10-01
CUS_0x7f47_2024_04_01,CUS_0x7f47,1/4/2024,10,6,10000,1000,1000,0,4000,1/10/2024,2024-10-01,2025-11-09 07:30:19.821879,data/lms_loan_daily.csv,2024-10-01
CUS_0x7f4b_2024_05_01,CUS_0x7f4b,1/5/2024,10,5,10000,1000,0,3000,8000,1/10/2024,2024-10-01,2025-11-09 07:30:19.821879,data/lms_loan_daily.csv,2024-10-01
CUS_0x7f53_2024_03_01,CUS_0x7f53,1/3/2024,10,7,10000,1000,0,4000,7000,1/10/2024,2024-10-01,2025-11-09 07:30:19.821879,data/lms_loan_daily.csv,2024-10-01
CUS_0x7f56_2024_06_01,CUS_0x7f56,1/6/2024,10,4,10000,1000,0,2000,8000,1/10/2024,2024-10-01,2025-11-09 07:30:19.821879,data/lms_loan_daily.csv,2024-10-01
CUS_0x7f5d_2024_02_01,CUS_0x7f5d,1/2/2024,10,8,10000,1000,0,4000,6000,1/10/2024,2024-10-01,2025-11-09 07:30:19.821879,data/lms_loan_daily.csv,2024-10-01
CUS_0x7f61_2024_06_01,CUS_0x7f61,1/6/2024,10,4,10000,1000,1000,0,6000,1/10/2024,2024-10-01,2025-11-09 07:30:19.821879,data/lms_loan_daily.csv,2024-10-01
CUS_0x7f63_2024_01_01,CUS_0x7f63,1/1/2024,10,9,10000,1000,1000,0,1000,1/10/2024,2024-10-01,2025-11-09 07:30:19.821879,data/lms_loan_daily.csv,2024-10-01
CUS_0x7f6b_2024_09_01,CUS_0x7f6b,1/9/2024,10,1,10000,1000,1000,0,9000,1/10/2024,2024-10-01,2025-11-09 07:30:19.821879,data/lms_loan_daily.csv,2024-10-01
CUS_0x7f6c_2023_12_01,CUS_0x7f6c,1/12/2023,10,10,10000,1000,1000,0,0,1/10/2024,2024-10-01,2025-11-09 07:30:19.821879,data/lms_loan_daily.csv,2024-10-01
CUS_0x7f70_2024_02_01,CUS_0x7f70,1/2/2024,10,8,10000,1000,1000,0,2000,1/10/2024,2024-10-01,2025-11-09 07:30:19.821879,data/lms_loan_daily.csv,2024-10-01
CUS_0x7f72_2024_07_01,CUS_0x7f72,1/7/2024,10,3,10000,1000,1000,0,7000,1/10/2024,2024-10-01,2025-11-09 07:30:19.821879,data/lms_loan_daily.csv,2024-10-01
CUS_0x7f73_2023_12_01,CUS_0x7f73,1/12/2023,10,10,10000,1000,1000,0,0,1/10/2024,2024-10-01,2025-11-09 07:30:19.821879,data/lms_loan_daily.csv,2024-10-01
CUS_0x7fa8_2023_12_01,CUS_0x7fa8,1/12/2023,10,10,10000,1000,0,10000,10000,1/10/2024,2024-10-01,2025-11-09 07:30:19.821879,data/lms_loan_daily.csv,2024-10-01
CUS_0x7fb2_2024_08_01,CUS_0x7fb2,1/8/2024,10,2,10000,1000,1000,0,8000,1/10/2024,2024-10-01,2025-11-09 07:30:19.821879,data/lms_loan_daily.csv,2024-10-01
CUS_0x7fd1_2024_06_01,CUS_0x7fd1,1/6/2024,10,4,10000,1000,1000,0,6000,1/10/2024,2024-10-01,2025-11-09 07:30:19.821879,data/lms_loan_daily.csv,2024-10-01
CUS_0x7fe3_2024_05_01,CUS_0x7fe3,1/5/2024,10,5,10000,1000,0,3000,8000,1/10/2024,2024-10-01,2025-11-09 07:30:19.821879,data/lms_loan_daily.csv,2024-10-01
CUS_0x7ff3_2024_02_01,CUS_0x7ff3,1/2/2024,10,8,10000,1000,1000,0,2000,1/10/2024,2024-10-01,2025-11-09 07:30:19.821879,data/lms_loan_daily.csv,2024-10-01
CUS_0x7ff9_2024_08_01,CUS_0x7ff9,1/8/2024,10,2,10000,1000,1000,0,8000,1/10/2024,2024-10-01,2025-11-09 07:30:19.821879,data/lms_loan_daily.csv,2024-10-01
CUS_0x800_2024_06_01,CUS_0x800,1/6/2024,10,4,10000,1000,1000,0,6000,1/10/2024,2024-10-01,2025-11-09 07:30:19.821879,data/lms_loan_daily.csv,2024-10-01
CUS_0x8000_2024_08_01,CUS_0x8000,1/8/2024,10,2,10000,1000,1000,0,8000,1/10/2024,2024-10-01,2025-11-09 07:30:19.821879,data/lms_loan_daily.csv,2024-10-01
CUS_0x8002_2024_03_01,CUS_0x8002,1/3/2024,10,7,10000,1000,1000,0,3000,1/10/2024,2024-10-01,2025-11-09 07:30:19.821879,data/lms_loan_daily.csv,2024-10-01
CUS_0x8006_2024_06_01,CUS_0x8006,1/6/2024,10,4,10000,1000,1000,0,6000,1/10/2024,2024-10-01,2025-11-09 07:30:19.821879,data/lms_loan_daily.csv,2024-10-01
CUS_0x8018_2024_03_01,CUS_0x8018,1/3/2024,10,7,10000,1000,1000,0,3000,1/10/2024,2024-10-01,2025-11-09 07:30:19.821879,data/lms_loan_daily.csv,2024-10-01
CUS_0x801f_2024_09_01,CUS_0x801f,1/9/2024,10,1,10000,1000,1000,0,9000,1/10/2024,2024-10-01,2025-11-09 07:30:19.821879,data/lms_loan_daily.csv,2024-10-01
CUS_0x8029_2024_09_01,CUS_0x8029,1/9/2024,10,1,10000,1000,1000,0,9000,1/10/2024,2024-10-01,2025-11-09 07:30:19.821879,data/lms_loan_daily.csv,2024-10-01
CUS_0x804b_2024_02_01,CUS_0x804b,1/2/2024,10,8,10000,1000,1000,0,2000,1/10/2024,2024-10-01,2025-11-09 07:30:19.821879,data/lms_loan_daily.csv,2024-10-01
CUS_0x804d_2023_12_01,CUS_0x804d,1/12/2023,10,10,10000,1000,1000,0,0,1/10/2024,2024-10-01,2025-11-09 07:30:19.821879,data/lms_loan_daily.csv,2024-10-01
CUS_0x805b_2024_01_01,CUS_0x805b,1/1/2024,10,9,10000,1000,1000,0,1000,1/10/2024,2024-10-01,2025-11-09 07:30:19.821879,data/lms_loan_daily.csv,2024-10-01
CUS_0x8062_2024_08_01,CUS_0x8062,1/8/2024,10,2,10000,1000,1000,0,8000,1/10/2024,2024-10-01,2025-11-09 07:30:19.821879,data/lms_loan_daily.csv,2024-10-01
CUS_0x806c_2024_07_01,CUS_0x806c,1/7/2024,10,3,10000,1000,0,2000,9000,1/10/2024,2024-10-01,2025-11-09 07:30:19.821879,data/lms_loan_daily.csv,2024-10-01
CUS_0x806f_2024_04_01,CUS_0x806f,1/4/2024,10,6,10000,1000,1000,0,4000,1/10/2024,2024-10-01,2025-11-09 07:30:19.821879,data/lms_loan_daily.csv,2024-10-01
CUS_0x808_2024_06_01,CUS_0x808,1/6/2024,10,4,10000,1000,1000,0,6000,1/10/2024,2024-10-01,2025-11-09 07:30:19.821879,data/lms_loan_daily.csv,2024-10-01
CUS_0x8095_2024_02_01,CUS_0x8095,1/2/2024,10,8,10000,1000,1000,0,2000,1/10/2024,2024-10-01,2025-11-09 07:30:19.821879,data/lms_loan_daily.csv,2024-10-01
CUS_0x8099_2024_03_01,CUS_0x8099,1/3/2024,10,7,10000,1000,1000,0,3000,1/10/2024,2024-10-01,2025-11-09 07:30:19.821879,data/lms_loan_daily.csv,2024-10-01
CUS_0x80a0_2024_07_01,CUS_0x80a0,1/7/2024,10,3,10000,1000,1000,0,7000,1/10/2024,2024-10-01,2025-11-09 07:30:19.821879,data/lms_loan_daily.csv,2024-10-01
CUS_0x80b3_2024_01_01,CUS_0x80b3,1/1/2024,10,9,10000,1000,1000,0,1000,1/10/2024,2024-10-01,2025-11-09 07:30:19.821879,data/lms_loan_daily.csv,2024-10-01
CUS_0x80b8_2024_08_01,CUS_0x80b8,1/8/2024,10,2,10000,1000,0,1000,9000,1/10/2024,2024-10-01,2025-11-09 07:30:19.821879,data/lms_loan_daily.csv,2024-10-01
CUS_0x80bb_2024_07_01,CUS_0x80bb,1/7/2024,10,3,10000,1000,0,1000,8000,1/10/2024,2024-10-01,2025-11-09 07:30:19.821879,data/lms_loan_daily.csv,2024-10-01
CUS_0x80bd_2024_04_01,CUS_0x80bd,1/4/2024,10,6,10000,1000,1000,0,4000,1/10/2024,2024-10-01,2025-11-09 07:30:19.821879,data/lms_loan_daily.csv,2024-10-01
CUS_0x80d_2024_04_01,CUS_0x80d,1/4/2024,10,6,10000,1000,1000,0,4000,1/10/2024,2024-10-01,2025-11-09 07:30:19.821879,data/lms_loan_daily.csv,2024-10-01
CUS_0x80d0_2024_08_01,CUS_0x80d0,1/8/2024,10,2,10000,1000,1000,0,8000,1/10/2024,2024-10-01,2025-11-09 07:30:19.821879,data/lms_loan_daily.csv,2024-10-01
CUS_0x80dd_2024_04_01,CUS_0x80dd,1/4/2024,10,6,10000,1000,1000,0,4000,1/10/2024,2024-10-01,2025-11-09 07:30:19.821879,data/lms_loan_daily.csv,2024-10-01
CUS_0x80ed_2024_10_01,CUS_0x80ed,1/10/2024,10,0,10000,0,0,0,10000,1/10/2024,2024-10-01,2025-11-09 07:30:19.821879,data/lms_loan_daily.csv,2024-10-01
CUS_0x80f4_2024_05_01,CUS_0x80f4,1/5/2024,10,5,10000,1000,0,2000,7000,1/10/2024,2024-10-01,2025-11-09 07:30:19.821879,data/lms_loan_daily.csv,2024-10-01
CUS_0x80fd_2023_12_01,CUS_0x80fd,1/12/2023,10,10,10000,1000,0,7000,7000,1/10/2024,2024-10-01,2025-11-09 07:30:19.821879,data/lms_loan_daily.csv,2024-10-01
CUS_0x810_2024_03_01,CUS_0x810,1/3/2024,10,7,10000,1000,1000,0,3000,1/10/2024,2024-10-01,2025-11-09 07:30:19.821879,data/lms_loan_daily.csv,2024-10-01
CUS_0x8100_2024_09_01,CUS_0x8100,1/9/2024,10,1,10000,1000,1000,0,9000,1/10/2024,2024-10-01,2025-11-09 07:30:19.821879,data/lms_loan_daily.csv,2024-10-01
CUS_0x8121_2024_03_01,CUS_0x8121,1/3/2024,10,7,10000,1000,1000,0,3000,1/10/2024,2024-10-01,2025-11-09 07:30:19.821879,data/lms_loan_daily.csv,2024-10-01
CUS_0x8122_2024_07_01,CUS_0x8122,1/7/2024,10,3,10000,1000,2000,0,7000,1/10/2024,2024-10-01,2025-11-09 07:30:19.821879,data/lms_loan_daily.csv,2024-10-01
CUS_0x8125_2024_01_01,CUS_0x8125,1/1/2024,10,9,10000,1000,1000,0,1000,1/10/2024,2024-10-01,2025-11-09 07:30:19.821879,data/lms_loan_daily.csv,2024-10-01
CUS_0x812c_2023_12_01,CUS_0x812c,1/12/2023,10,10,10000,1000,1000,0,0,1/10/2024,2024-10-01,2025-11-09 07:30:19.821879,data/lms_loan_daily.csv,2024-10-01
CUS_0x8138_2023_12_01,CUS_0x8138,1/12/2023,10,10,10000,1000,1000,0,0,1/10/2024,2024-10-01,2025-11-09 07:30:19.821879,data/lms_loan_daily.csv,2024-10-01
CUS_0x8141_2024_06_01,CUS_0x8141,1/6/2024,10,4,10000,1000,0,1000,7000,1/10/2024,2024-10-01,2025-11-09 07:30:19.821879,data/lms_loan_daily.csv,2024-10-01
CUS_0x8149_2024_02_01,CUS_0x8149,1/2/2024,10,8,10000,1000,0,7000,9000,1/10/2024,2024-10-01,2025-11-09 07:30:19.821879,data/lms_loan_daily.csv,2024-10-01
CUS_0x815_2024_08_01,CUS_0x815,1/8/2024,10,2,10000,1000,0,1000,9000,1/10/2024,2024-10-01,2025-11-09 07:30:19.821879,data/lms_loan_daily.csv,2024-10-01
CUS_0x8158_2024_04_01,CUS_0x8158,1/4/2024,10,6,10000,1000,1000,0,4000,1/10/2024,2024-10-01,2025-11-09 07:30:19.821879,data/lms_loan_daily.csv,2024-10-01
CUS_0x8159_2024_09_01,CUS_0x8159,1/9/2024,10,1,10000,1000,1000,0,9000,1/10/2024,2024-10-01,2025-11-09 07:30:19.821879,data/lms_loan_daily.csv,2024-10-01
CUS_0x8175_2024_02_01,CUS_0x8175,1/2/2024,10,8,10000,1000,1000,0,2000,1/10/2024,2024-10-01,2025-11-09 07:30:19.821879,data/lms_loan_daily.csv,2024-10-01
CUS_0x8176_2024_10_01,CUS_0x8176,1/10/2024,10,0,10000,0,0,0,10000,1/10/2024,2024-10-01,2025-11-09 07:30:19.821879,data/lms_loan_daily.csv,2024-10-01
CUS_0x8179_2024_09_01,CUS_0x8179,1/9/2024,10,1,10000,1000,1000,0,9000,1/10/2024,2024-10-01,2025-11-09 07:30:19.821879,data/lms_loan_daily.csv,2024-10-01
CUS_0x817c_2024_02_01,CUS_0x817c,1/2/2024,10,8,10000,1000,0,6000,8000,1/10/2024,2024-10-01,2025-11-09 07:30:19.821879,data/lms_loan_daily.csv,2024-10-01
CUS_0x817d_2024_08_01,CUS_0x817d,1/8/2024,10,2,10000,1000,1000,0,8000,1/10/2024,2024-10-01,2025-11-09 07:30:19.821879,data/lms_loan_daily.csv,2024-10-01
CUS_0x8188_2024_07_01,CUS_0x8188,1/7/2024,10,3,10000,1000,1000,0,7000,1/10/2024,2024-10-01,2025-11-09 07:30:19.821879,data/lms_loan_daily.csv,2024-10-01
CUS_0x818c_2024_07_01,CUS_0x818c,1/7/2024,10,3,10000,1000,1000,0,7000,1/10/2024,2024-10-01,2025-11-09 07:30:19.821879,data/lms_loan_daily.csv,2024-10-01
CUS_0x81ae_2024_02_01,CUS_0x81ae,1/2/2024,10,8,10000,1000,1000,0,2000,1/10/2024,2024-10-01,2025-11-09 07:30:19.821879,data/lms_loan_daily.csv,2024-10-01
CUS_0x81b_2024_08_01,CUS_0x81b,1/8/2024,10,2,10000,1000,0,1000,9000,1/10/2024,2024-10-01,2025-11-09 07:30:19.821879,data/lms_loan_daily.csv,2024-10-01
CUS_0x81cd_2024_09_01,CUS_0x81cd,1/9/2024,10,1,10000,1000,1000,0,9000,1/10/2024,2024-10-01,2025-11-09 07:30:19.821879,data/lms_loan_daily.csv,2024-10-01
CUS_0x81ce_2024_08_01,CUS_0x81ce,1/8/2024,10,2,10000,1000,1000,0,8000,1/10/2024,2024-10-01,2025-11-09 07:30:19.821879,data/lms_loan_daily.csv,2024-10-01
CUS_0x81d_2023_12_01,CUS_0x81d,1/12/2023,10,10,10000,1000,1000,0,0,1/10/2024,2024-10-01,2025-11-09 07:30:19.821879,data/lms_loan_daily.csv,2024-10-01
CUS_0x81d3_2024_04_01,CUS_0x81d3,1/4/2024,10,6,10000,1000,1000,0,4000,1/10/2024,2024-10-01,2025-11-09 07:30:19.821879,data/lms_loan_daily.csv,2024-10-01
CUS_0x81d6_2024_03_01,CUS_0x81d6,1/3/2024,10,7,10000,1000,1000,0,3000,1/10/2024,2024-10-01,2025-11-09 07:30:19.821879,data/lms_loan_daily.csv,2024-10-01
CUS_0x81d7_2023_12_01,CUS_0x81d7,1/12/2023,10,10,10000,1000,1000,0,0,1/10/2024,2024-10-01,2025-11-09 07:30:19.821879,data/lms_loan_daily.csv,2024-10-01
CUS_0x81de_2024_08_01,CUS_0x81de,1/8/2024,10,2,10000,1000,1000,0,8000,1/10/2024,2024-10-01,2025-11-09 07:30:19.821879,data/lms_loan_daily.csv,2024-10-01
CUS_0x81e2_2024_02_01,CUS_0x81e2,1/2/2024,10,8,10000,1000,1000,0,2000,1/10/2024,2024-10-01,2025-11-09 07:30:19.821879,data/lms_loan_daily.csv,2024-10-01
CUS_0x81ee_2024_06_01,CUS_0x81ee,1/6/2024,10,4,10000,1000,1000,0,6000,1/10/2024,2024-10-01,2025-11-09 07:30:19.821879,data/lms_loan_daily.csv,2024-10-01
CUS_0x81f0_2024_07_01,CUS_0x81f0,1/7/2024,10,3,10000,1000,1000,0,7000,1/10/2024,2024-10-01,2025-11-09 07:30:19.821879,data/lms_loan_daily.csv,2024-10-01
CUS_0x81f4_2024_03_01,CUS_0x81f4,1/3/2024,10,7,10000,1000,0,3000,6000,1/10/2024,2024-10-01,2025-11-09 07:30:19.821879,data/lms_loan_daily.csv,2024-10-01
CUS_0x81f5_2024_05_01,CUS_0x81f5,1/5/2024,10,5,10000,1000,1000,0,5000,1/10/2024,2024-10-01,2025-11-09 07:30:19.821879,data/lms_loan_daily.csv,2024-10-01
CUS_0x81fe_2024_08_01,CUS_0x81fe,1/8/2024,10,2,10000,1000,1000,0,8000,1/10/2024,2024-10-01,2025-11-09 07:30:19.821879,data/lms_loan_daily.csv,2024-10-01
CUS_0x81ff_2024_02_01,CUS_0x81ff,1/2/2024,10,8,10000,1000,1000,0,2000,1/10/2024,2024-10-01,2025-11-09 07:30:19.821879,data/lms_loan_daily.csv,2024-10-01
CUS_0x8201_2024_05_01,CUS_0x8201,1/5/2024,10,5,10000,1000,1000,0,5000,1/10/2024,2024-10-01,2025-11-09 07:30:19.821879,data/lms_loan_daily.csv,2024-10-01
CUS_0x8202_2024_09_01,CUS_0x8202,1/9/2024,10,1,10000,1000,1000,0,9000,1/10/2024,2024-10-01,2025-11-09 07:30:19.821879,data/lms_loan_daily.csv,2024-10-01
CUS_0x821a_2024_09_01,CUS_0x821a,1/9/2024,10,1,10000,1000,1000,0,9000,1/10/2024,2024-10-01,2025-11-09 07:30:19.821879,data/lms_loan_daily.csv,2024-10-01
CUS_0x8232_2024_03_01,CUS_0x8232,1/3/2024,10,7,10000,1000,1000,0,3000,1/10/2024,2024-10-01,2025-11-09 07:30:19.821879,data/lms_loan_daily.csv,2024-10-01
CUS_0x8234_2024_01_01,CUS_0x8234,1/1/2024,10,9,10000,1000,0,7000,8000,1/10/2024,2024-10-01,2025-11-09 07:30:19.821879,data/lms_loan_daily.csv,2024-10-01
CUS_0x8245_2024_09_01,CUS_0x8245,1/9/2024,10,1,10000,1000,1000,0,9000,1/10/2024,2024-10-01,2025-11-09 07:30:19.821879,data/lms_loan_daily.csv,2024-10-01
CUS_0x824c_2024_04_01,CUS_0x824c,1/4/2024,10,6,10000,1000,1000,0,4000,1/10/2024,2024-10-01,2025-11-09 07:30:19.821879,data/lms_loan_daily.csv,2024-10-01
CUS_0x825b_2024_07_01,CUS_0x825b,1/7/2024,10,3,10000,1000,1000,0,7000,1/10/2024,2024-10-01,2025-11-09 07:30:19.821879,data/lms_loan_daily.csv,2024-10-01
CUS_0x8266_2024_06_01,CUS_0x8266,1/6/2024,10,4,10000,1000,1000,0,6000,1/10/2024,2024-10-01,2025-11-09 07:30:19.821879,data/lms_loan_daily.csv,2024-10-01
CUS_0x8271_2024_07_01,CUS_0x8271,1/7/2024,10,3,10000,1000,1000,0,7000,1/10/2024,2024-10-01,2025-11-09 07:30:19.821879,data/lms_loan_daily.csv,2024-10-01
CUS_0x8274_2024_03_01,CUS_0x8274,1/3/2024,10,7,10000,1000,1000,0,3000,1/10/2024,2024-10-01,2025-11-09 07:30:19.821879,data/lms_loan_daily.csv,2024-10-01
CUS_0x827f_2023_12_01,CUS_0x827f,1/12/2023,10,10,10000,1000,1000,0,0,1/10/2024,2024-10-01,2025-11-09 07:30:19.821879,data/lms_loan_daily.csv,2024-10-01
CUS_0x82a3_2024_07_01,CUS_0x82a3,1/7/2024,10,3,10000,1000,0,2000,9000,1/10/2024,2024-10-01,2025-11-09 07:30:19.821879,data/lms_loan_daily.csv,2024-10-01
CUS_0x82a5_2024_02_01,CUS_0x82a5,1/2/2024,10,8,10000,1000,1000,0,2000,1/10/2024,2024-10-01,2025-11-09 07:30:19.821879,data/lms_loan_daily.csv,2024-10-01
CUS_0x82b_2024_07_01,CUS_0x82b,1/7/2024,10,3,10000,1000,1000,0,7000,1/10/2024,2024-10-01,2025-11-09 07:30:19.821879,data/lms_loan_daily.csv,2024-10-01
CUS_0x82b3_2024_10_01,CUS_0x82b3,1/10/2024,10,0,10000,0,0,0,10000,1/10/2024,2024-10-01,2025-11-09 07:30:19.821879,data/lms_loan_daily.csv,2024-10-01
CUS_0x82be_2024_03_01,CUS_0x82be,1/3/2024,10,7,10000,1000,0,4000,7000,1/10/2024,2024-10-01,2025-11-09 07:30:19.821879,data/lms_loan_daily.csv,2024-10-01
CUS_0x82bf_2024_09_01,CUS_0x82bf,1/9/2024,10,1,10000,1000,1000,0,9000,1/10/2024,2024-10-01,2025-11-09 07:30:19.821879,data/lms_loan_daily.csv,2024-10-01
CUS_0x82c1_2024_01_01,CUS_0x82c1,1/1/2024,10,9,10000,1000,1000,0,1000,1/10/2024,2024-10-01,2025-11-09 07:30:19.821879,data/lms_loan_daily.csv,2024-10-01
CUS_0x82c2_2024_08_01,CUS_0x82c2,1/8/2024,10,2,10000,1000,1000,0,8000,1/10/2024,2024-10-01,2025-11-09 07:30:19.821879,data/lms_loan_daily.csv,2024-10-01
CUS_0x82cc_2024_07_01,CUS_0x82cc,1/7/2024,10,3,10000,1000,1000,0,7000,1/10/2024,2024-10-01,2025-11-09 07:30:19.821879,data/lms_loan_daily.csv,2024-10-01
CUS_0x82d_2024_05_01,CUS_0x82d,1/5/2024,10,5,10000,1000,1000,0,5000,1/10/2024,2024-10-01,2025-11-09 07:30:19.821879,data/lms_loan_daily.csv,2024-10-01
CUS_0x82dd_2024_05_01,CUS_0x82dd,1/5/2024,10,5,10000,1000,1000,0,5000,1/10/2024,2024-10-01,2025-11-09 07:30:19.821879,data/lms_loan_daily.csv,2024-10-01
CUS_0x82e6_2024_06_01,CUS_0x82e6,1/6/2024,10,4,10000,1000,1000,0,6000,1/10/2024,2024-10-01,2025-11-09 07:30:19.821879,data/lms_loan_daily.csv,2024-10-01
CUS_0x82f2_2024_09_01,CUS_0x82f2,1/9/2024,10,1,10000,1000,1000,0,9000,1/10/2024,2024-10-01,2025-11-09 07:30:19.821879,data/lms_loan_daily.csv,2024-10-01
CUS_0x82f8_2024_07_01,CUS_0x82f8,1/7/2024,10,3,10000,1000,1000,0,7000,1/10/2024,2024-10-01,2025-11-09 07:30:19.821879,data/lms_loan_daily.csv,2024-10-01
CUS_0x82fa_2024_06_01,CUS_0x82fa,1/6/2024,10,4,10000,1000,1000,0,6000,1/10/2024,2024-10-01,2025-11-09 07:30:19.821879,data/lms_loan_daily.csv,2024-10-01
CUS_0x82ff_2024_05_01,CUS_0x82ff,1/5/2024,10,5,10000,1000,1000,0,5000,1/10/2024,2024-10-01,2025-11-09 07:30:19.821879,data/lms_loan_daily.csv,2024-10-01
CUS_0x8304_2023_12_01,CUS_0x8304,1/12/2023,10,10,10000,1000,1000,0,0,1/10/2024,2024-10-01,2025-11-09 07:30:19.821879,data/lms_loan_daily.csv,2024-10-01
CUS_0x830e_2024_05_01,CUS_0x830e,1/5/2024,10,5,10000,1000,1000,0,5000,1/10/2024,2024-10-01,2025-11-09 07:30:19.821879,data/lms_loan_daily.csv,2024-10-01
CUS_0x831_2024_04_01,CUS_0x831,1/4/2024,10,6,10000,1000,0,4000,8000,1/10/2024,2024-10-01,2025-11-09 07:30:19.821879,data/lms_loan_daily.csv,2024-10-01
CUS_0x8318_2024_05_01,CUS_0x8318,1/5/2024,10,5,10000,1000,1000,0,5000,1/10/2024,2024-10-01,2025-11-09 07:30:19.821879,data/lms_loan_daily.csv,2024-10-01
CUS_0x831c_2024_06_01,CUS_0x831c,1/6/2024,10,4,10000,1000,0,2000,8000,1/10/2024,2024-10-01,2025-11-09 07:30:19.821879,data/lms_loan_daily.csv,2024-10-01
CUS_0x8336_2024_05_01,CUS_0x8336,1/5/2024,10,5,10000,1000,0,4000,9000,1/10/2024,2024-10-01,2025-11-09 07:30:19.821879,data/lms_loan_daily.csv,2024-10-01
CUS_0x8337_2024_10_01,CUS_0x8337,1/10/2024,10,0,10000,0,0,0,10000,1/10/2024,2024-10-01,2025-11-09 07:30:19.821879,data/lms_loan_daily.csv,2024-10-01
CUS_0x833d_2024_03_01,CUS_0x833d,1/3/2024,10,7,10000,1000,1000,0,3000,1/10/2024,2024-10-01,2025-11-09 07:30:19.821879,data/lms_loan_daily.csv,2024-10-01
CUS_0x8348_2024_08_01,CUS_0x8348,1/8/2024,10,2,10000,1000,1000,0,8000,1/10/2024,2024-10-01,2025-11-09 07:30:19.821879,data/lms_loan_daily.csv,2024-10-01
CUS_0x8359_2024_02_01,CUS_0x8359,1/2/2024,10,8,10000,1000,1000,0,2000,1/10/2024,2024-10-01,2025-11-09 07:30:19.821879,data/lms_loan_daily.csv,2024-10-01
CUS_0x8363_2024_05_01,CUS_0x8363,1/5/2024,10,5,10000,1000,1000,0,5000,1/10/2024,2024-10-01,2025-11-09 07:30:19.821879,data/lms_loan_daily.csv,2024-10-01
CUS_0x8369_2024_04_01,CUS_0x8369,1/4/2024,10,6,10000,1000,1000,0,4000,1/10/2024,2024-10-01,2025-11-09 07:30:19.821879,data/lms_loan_daily.csv,2024-10-01
CUS_0x837_2023_12_01,CUS_0x837,1/12/2023,10,10,10000,1000,0,6000,6000,1/10/2024,2024-10-01,2025-11-09 07:30:19.821879,data/lms_loan_daily.csv,2024-10-01
CUS_0x837f_2024_01_01,CUS_0x837f,1/1/2024,10,9,10000,1000,1000,0,1000,1/10/2024,2024-10-01,2025-11-09 07:30:19.821879,data/lms_loan_daily.csv,2024-10-01
CUS_0x8380_2024_05_01,CUS_0x8380,1/5/2024,10,5,10000,1000,0,3000,8000,1/10/2024,2024-10-01,2025-11-09 07:30:19.821879,data/lms_loan_daily.csv,2024-10-01
CUS_0x8382_2024_08_01,CUS_0x8382,1/8/2024,10,2,10000,1000,1000,0,8000,1/10/2024,2024-10-01,2025-11-09 07:30:19.821879,data/lms_loan_daily.csv,2024-10-01
CUS_0x8388_2024_07_01,CUS_0x8388,1/7/2024,10,3,10000,1000,1000,0,7000,1/10/2024,2024-10-01,2025-11-09 07:30:19.821879,data/lms_loan_daily.csv,2024-10-01
CUS_0x838a_2024_04_01,CUS_0x838a,1/4/2024,10,6,10000,1000,1000,0,4000,1/10/2024,2024-10-01,2025-11-09 07:30:19.821879,data/lms_loan_daily.csv,2024-10-01
CUS_0x8391_2023_12_01,CUS_0x8391,1/12/2023,10,10,10000,1000,1000,0,0,1/10/2024,2024-10-01,2025-11-09 07:30:19.821879,data/lms_loan_daily.csv,2024-10-01
CUS_0x8395_2024_08_01,CUS_0x8395,1/8/2024,10,2,10000,1000,1000,0,8000,1/10/2024,2024-10-01,2025-11-09 07:30:19.821879,data/lms_loan_daily.csv,2024-10-01
CUS_0x839b_2023_12_01,CUS_0x839b,1/12/2023,10,10,10000,1000,1000,0,0,1/10/2024,2024-10-01,2025-11-09 07:30:19.821879,data/lms_loan_daily.csv,2024-10-01
CUS_0x839e_2024_05_01,CUS_0x839e,1/5/2024,10,5,10000,1000,1000,0,5000,1/10/2024,2024-10-01,2025-11-09 07:30:19.821879,data/lms_loan_daily.csv,2024-10-01
CUS_0x83a0_2024_08_01,CUS_0x83a0,1/8/2024,10,2,10000,1000,1000,0,8000,1/10/2024,2024-10-01,2025-11-09 07:30:19.821879,data/lms_loan_daily.csv,2024-10-01
CUS_0x83a1_2024_05_01,CUS_0x83a1,1/5/2024,10,5,10000,1000,1000,0,5000,1/10/2024,2024-10-01,2025-11-09 07:30:19.821879,data/lms_loan_daily.csv,2024-10-01
CUS_0x83a7_2024_04_01,CUS_0x83a7,1/4/2024,10,6,10000,1000,1000,0,4000,1/10/2024,2024-10-01,2025-11-09 07:30:19.821879,data/lms_loan_daily.csv,2024-10-01
CUS_0x83c3_2023_12_01,CUS_0x83c3,1/12/2023,10,10,10000,1000,0,9000,9000,1/10/2024,2024-10-01,2025-11-09 07:30:19.821879,data/lms_loan_daily.csv,2024-10-01
CUS_0x83dc_2024_02_01,CUS_0x83dc,1/2/2024,10,8,10000,1000,1000,0,2000,1/10/2024,2024-10-01,2025-11-09 07:30:19.821879,data/lms_loan_daily.csv,2024-10-01
CUS_0x83e8_2023_12_01,CUS_0x83e8,1/12/2023,10,10,10000,1000,1000,0,0,1/10/2024,2024-10-01,2025-11-09 07:30:19.821879,data/lms_loan_daily.csv,2024-10-01
CUS_0x83eb_2024_09_01,CUS_0x83eb,1/9/2024,10,1,10000,1000,1000,0,9000,1/10/2024,2024-10-01,2025-11-09 07:30:19.821879,data/lms_loan_daily.csv,2024-10-01
CUS_0x83fe_2024_07_01,CUS_0x83fe,1/7/2024,10,3,10000,1000,0,1000,8000,1/10/2024,2024-10-01,2025-11-09 07:30:19.821879,data/lms_loan_daily.csv,2024-10-01
CUS_0x840b_2024_07_01,CUS_0x840b,1/7/2024,10,3,10000,1000,0,1000,8000,1/10/2024,2024-10-01,2025-11-09 07:30:19.821879,data/lms_loan_daily.csv,2024-10-01
CUS_0x8417_2024_05_01,CUS_0x8417,1/5/2024,10,5,10000,1000,1000,0,5000,1/10/2024,2024-10-01,2025-11-09 07:30:19.821879,data/lms_loan_daily.csv,2024-10-01
CUS_0x842e_2024_09_01,CUS_0x842e,1/9/2024,10,1,10000,1000,1000,0,9000,1/10/2024,2024-10-01,2025-11-09 07:30:19.821879,data/lms_loan_daily.csv,2024-10-01
CUS_0x843_2024_05_01,CUS_0x843,1/5/2024,10,5,10000,1000,1000,0,5000,1/10/2024,2024-10-01,2025-11-09 07:30:19.821879,data/lms_loan_daily.csv,2024-10-01
CUS_0x8430_2024_05_01,CUS_0x8430,1/5/2024,10,5,10000,1000,1000,0,5000,1/10/2024,2024-10-01,2025-11-09 07:30:19.821879,data/lms_loan_daily.csv,2024-10-01
CUS_0x843e_2024_10_01,CUS_0x843e,1/10/2024,10,0,10000,0,0,0,10000,1/10/2024,2024-10-01,2025-11-09 07:30:19.821879,data/lms_loan_daily.csv,2024-10-01
CUS_0x8440_2023_12_01,CUS_0x8440,1/12/2023,10,10,10000,1000,1000,0,0,1/10/2024,2024-10-01,2025-11-09 07:30:19.821879,data/lms_loan_daily.csv,2024-10-01
CUS_0x8442_2023_12_01,CUS_0x8442,1/12/2023,10,10,10000,1000,1000,0,0,1/10/2024,2024-10-01,2025-11-09 07:30:19.821879,data/lms_loan_daily.csv,2024-10-01
CUS_0x8447_2024_07_01,CUS_0x8447,1/7/2024,10,3,10000,1000,1000,0,7000,1/10/2024,2024-10-01,2025-11-09 07:30:19.821879,data/lms_loan_daily.csv,2024-10-01
CUS_0x8449_2024_01_01,CUS_0x8449,1/1/2024,10,9,10000,1000,1000,0,1000,1/10/2024,2024-10-01,2025-11-09 07:30:19.821879,data/lms_loan_daily.csv,2024-10-01
CUS_0x844b_2024_08_01,CUS_0x844b,1/8/2024,10,2,10000,1000,1000,0,8000,1/10/2024,2024-10-01,2025-11-09 07:30:19.821879,data/lms_loan_daily.csv,2024-10-01
CUS_0x844d_2024_03_01,CUS_0x844d,1/3/2024,10,7,10000,1000,1000,0,3000,1/10/2024,2024-10-01,2025-11-09 07:30:19.821879,data/lms_loan_daily.csv,2024-10-01
CUS_0x845d_2024_07_01,CUS_0x845d,1/7/2024,10,3,10000,1000,2000,0,7000,1/10/2024,2024-10-01,2025-11-09 07:30:19.821879,data/lms_loan_daily.csv,2024-10-01
CUS_0x8464_2024_05_01,CUS_0x8464,1/5/2024,10,5,10000,1000,1000,0,5000,1/10/2024,2024-10-01,2025-11-09 07:30:19.821879,data/lms_loan_daily.csv,2024-10-01
CUS_0x8466_2024_02_01,CUS_0x8466,1/2/2024,10,8,10000,1000,1000,0,2000,1/10/2024,2024-10-01,2025-11-09 07:30:19.821879,data/lms_loan_daily.csv,2024-10-01
CUS_0x847b_2024_02_01,CUS_0x847b,1/2/2024,10,8,10000,1000,0,4000,6000,1/10/2024,2024-10-01,2025-11-09 07:30:19.821879,data/lms_loan_daily.csv,2024-10-01
CUS_0x847e_2024_06_01,CUS_0x847e,1/6/2024,10,4,10000,1000,0,1000,7000,1/10/2024,2024-10-01,2025-11-09 07:30:19.821879,data/lms_loan_daily.csv,2024-10-01
CUS_0x8484_2024_07_01,CUS_0x8484,1/7/2024,10,3,10000,1000,1000,0,7000,1/10/2024,2024-10-01,2025-11-09 07:30:19.821879,data/lms_loan_daily.csv,2024-10-01
CUS_0x848d_2024_05_01,CUS_0x848d,1/5/2024,10,5,10000,1000,0,2000,7000,1/10/2024,2024-10-01,2025-11-09 07:30:19.821879,data/lms_loan_daily.csv,2024-10-01
CUS_0x848e_2024_09_01,CUS_0x848e,1/9/2024,10,1,10000,1000,1000,0,9000,1/10/2024,2024-10-01,2025-11-09 07:30:19.821879,data/lms_loan_daily.csv,2024-10-01
CUS_0x849d_2024_05_01,CUS_0x849d,1/5/2024,10,5,10000,1000,1000,0,5000,1/10/2024,2024-10-01,2025-11-09 07:30:19.821879,data/lms_loan_daily.csv,2024-10-01
CUS_0x84a2_2024_03_01,CUS_0x84a2,1/3/2024,10,7,10000,1000,0,5000,8000,1/10/2024,2024-10-01,2025-11-09 07:30:19.821879,data/lms_loan_daily.csv,2024-10-01
CUS_0x84a6_2024_03_01,CUS_0x84a6,1/3/2024,10,7,10000,1000,1000,0,3000,1/10/2024,2024-10-01,2025-11-09 07:30:19.821879,data/lms_loan_daily.csv,2024-10-01
CUS_0x84a8_2023_12_01,CUS_0x84a8,1/12/2023,10,10,10000,1000,1000,0,0,1/10/2024,2024-10-01,2025-11-09 07:30:19.821879,data/lms_loan_daily.csv,2024-10-01
CUS_0x84be_2024_08_01,CUS_0x84be,1/8/2024,10,2,10000,1000,1000,0,8000,1/10/2024,2024-10-01,2025-11-09 07:30:19.821879,data/lms_loan_daily.csv,2024-10-01
CUS_0x84c_2024_05_01,CUS_0x84c,1/5/2024,10,5,10000,1000,1000,0,5000,1/10/2024,2024-10-01,2025-11-09 07:30:19.821879,data/lms_loan_daily.csv,2024-10-01
CUS_0x84c9_2024_02_01,CUS_0x84c9,1/2/2024,10,8,10000,1000,1000,0,2000,1/10/2024,2024-10-01,2025-11-09 07:30:19.821879,data/lms_loan_daily.csv,2024-10-01
CUS_0x84d0_2024_08_01,CUS_0x84d0,1/8/2024,10,2,10000,1000,2000,0,8000,1/10/2024,2024-10-01,2025-11-09 07:30:19.821879,data/lms_loan_daily.csv,2024-10-01
CUS_0x84d1_2024_07_01,CUS_0x84d1,1/7/2024,10,3,10000,1000,1000,0,7000,1/10/2024,2024-10-01,2025-11-09 07:30:19.821879,data/lms_loan_daily.csv,2024-10-01
CUS_0x84da_2024_07_01,CUS_0x84da,1/7/2024,10,3,10000,1000,1000,0,7000,1/10/2024,2024-10-01,2025-11-09 07:30:19.821879,data/lms_loan_daily.csv,2024-10-01
CUS_0x84dd_2024_09_01,CUS_0x84dd,1/9/2024,10,1,10000,1000,1000,0,9000,1/10/2024,2024-10-01,2025-11-09 07:30:19.821879,data/lms_loan_daily.csv,2024-10-01
CUS_0x84df_2024_02_01,CUS_0x84df,1/2/2024,10,8,10000,1000,1000,0,2000,1/10/2024,2024-10-01,2025-11-09 07:30:19.821879,data/lms_loan_daily.csv,2024-10-01
CUS_0x84f3_2024_01_01,CUS_0x84f3,1/1/2024,10,9,10000,1000,1000,0,1000,1/10/2024,2024-10-01,2025-11-09 07:30:19.821879,data/lms_loan_daily.csv,2024-10-01
CUS_0x84f5_2024_08_01,CUS_0x84f5,1/8/2024,10,2,10000,1000,1000,0,8000,1/10/2024,2024-10-01,2025-11-09 07:30:19.821879,data/lms_loan_daily.csv,2024-10-01
CUS_0x8506_2024_01_01,CUS_0x8506,1/1/2024,10,9,10000,1000,1000,0,1000,1/10/2024,2024-10-01,2025-11-09 07:30:19.821879,data/lms_loan_daily.csv,2024-10-01
CUS_0x850f_2024_05_01,CUS_0x850f,1/5/2024,10,5,10000,1000,1000,0,5000,1/10/2024,2024-10-01,2025-11-09 07:30:19.821879,data/lms_loan_daily.csv,2024-10-01
CUS_0x8511_2024_09_01,CUS_0x8511,1/9/2024,10,1,10000,1000,1000,0,9000,1/10/2024,2024-10-01,2025-11-09 07:30:19.821879,data/lms_loan_daily.csv,2024-10-01
CUS_0x8513_2024_03_01,CUS_0x8513,1/3/2024,10,7,10000,1000,0,4000,7000,1/10/2024,2024-10-01,2025-11-09 07:30:19.821879,data/lms_loan_daily.csv,2024-10-01
CUS_0x8521_2024_01_01,CUS_0x8521,1/1/2024,10,9,10000,1000,1000,0,1000,1/10/2024,2024-10-01,2025-11-09 07:30:19.821879,data/lms_loan_daily.csv,2024-10-01
CUS_0x8525_2024_09_01,CUS_0x8525,1/9/2024,10,1,10000,1000,1000,0,9000,1/10/2024,2024-10-01,2025-11-09 07:30:19.821879,data/lms_loan_daily.csv,2024-10-01
CUS_0x8535_2024_08_01,CUS_0x8535,1/8/2024,10,2,10000,1000,1000,0,8000,1/10/2024,2024-10-01,2025-11-09 07:30:19.821879,data/lms_loan_daily.csv,2024-10-01
CUS_0x853d_2024_01_01,CUS_0x853d,1/1/2024,10,9,10000,1000,1000,0,1000,1/10/2024,2024-10-01,2025-11-09 07:30:19.821879,data/lms_loan_daily.csv,2024-10-01
CUS_0x8543_2024_05_01,CUS_0x8543,1/5/2024,10,5,10000,1000,1000,0,5000,1/10/2024,2024-10-01,2025-11-09 07:30:19.821879,data/lms_loan_daily.csv,2024-10-01
CUS_0x854f_2024_03_01,CUS_0x854f,1/3/2024,10,7,10000,1000,0,4000,7000,1/10/2024,2024-10-01,2025-11-09 07:30:19.821879,data/lms_loan_daily.csv,2024-10-01
CUS_0x8559_2024_01_01,CUS_0x8559,1/1/2024,10,9,10000,1000,0,6000,7000,1/10/2024,2024-10-01,2025-11-09 07:30:19.821879,data/lms_loan_daily.csv,2024-10-01
CUS_0x855f_2024_07_01,CUS_0x855f,1/7/2024,10,3,10000,1000,0,1000,8000,1/10/2024,2024-10-01,2025-11-09 07:30:19.821879,data/lms_loan_daily.csv,2024-10-01
CUS_0x8563_2024_10_01,CUS_0x8563,1/10/2024,10,0,10000,0,0,0,10000,1/10/2024,2024-10-01,2025-11-09 07:30:19.821879,data/lms_loan_daily.csv,2024-10-01
CUS_0x8564_2024_06_01,CUS_0x8564,1/6/2024,10,4,10000,1000,1000,0,6000,1/10/2024,2024-10-01,2025-11-09 07:30:19.821879,data/lms_loan_daily.csv,2024-10-01
CUS_0x857a_2024_02_01,CUS_0x857a,1/2/2024,10,8,10000,1000,1000,0,2000,1/10/2024,2024-10-01,2025-11-09 07:30:19.821879,data/lms_loan_daily.csv,2024-10-01
CUS_0x857e_2024_08_01,CUS_0x857e,1/8/2024,10,2,10000,1000,1000,0,8000,1/10/2024,2024-10-01,2025-11-09 07:30:19.821879,data/lms_loan_daily.csv,2024-10-01
CUS_0x8588_2024_05_01,CUS_0x8588,1/5/2024,10,5,10000,1000,1000,0,5000,1/10/2024,2024-10-01,2025-11-09 07:30:19.821879,data/lms_loan_daily.csv,2024-10-01
CUS_0x858b_2024_02_01,CUS_0x858b,1/2/2024,10,8,10000,1000,1000,0,2000,1/10/2024,2024-10-01,2025-11-09 07:30:19.821879,data/lms_loan_daily.csv,2024-10-01
CUS_0x8590_2024_08_01,CUS_0x8590,1/8/2024,10,2,10000,1000,1000,0,8000,1/10/2024,2024-10-01,2025-11-09 07:30:19.821879,data/lms_loan_daily.csv,2024-10-01
CUS_0x859a_2024_06_01,CUS_0x859a,1/6/2024,10,4,10000,1000,1000,0,6000,1/10/2024,2024-10-01,2025-11-09 07:30:19.821879,data/lms_loan_daily.csv,2024-10-01
CUS_0x85a2_2024_07_01,CUS_0x85a2,1/7/2024,10,3,10000,1000,0,1000,8000,1/10/2024,2024-10-01,2025-11-09 07:30:19.821879,data/lms_loan_daily.csv,2024-10-01
CUS_0x85b2_2024_10_01,CUS_0x85b2,1/10/2024,10,0,10000,0,0,0,10000,1/10/2024,2024-10-01,2025-11-09 07:30:19.821879,data/lms_loan_daily.csv,2024-10-01
CUS_0x85b9_2024_06_01,CUS_0x85b9,1/6/2024,10,4,10000,1000,0,3000,9000,1/10/2024,2024-10-01,2025-11-09 07:30:19.821879,data/lms_loan_daily.csv,2024-10-01
CUS_0x85bd_2024_04_01,CUS_0x85bd,1/4/2024,10,6,10000,1000,0,2000,6000,1/10/2024,2024-10-01,2025-11-09 07:30:19.821879,data/lms_loan_daily.csv,2024-10-01
CUS_0x85c0_2024_02_01,CUS_0x85c0,1/2/2024,10,8,10000,1000,1000,0,2000,1/10/2024,2024-10-01,2025-11-09 07:30:19.821879,data/lms_loan_daily.csv,2024-10-01
CUS_0x85c6_2024_08_01,CUS_0x85c6,1/8/2024,10,2,10000,1000,1000,0,8000,1/10/2024,2024-10-01,2025-11-09 07:30:19.821879,data/lms_loan_daily.csv,2024-10-01
CUS_0x85d5_2024_02_01,CUS_0x85d5,1/2/2024,10,8,10000,1000,1000,0,2000,1/10/2024,2024-10-01,2025-11-09 07:30:19.821879,data/lms_loan_daily.csv,2024-10-01
CUS_0x85dd_2024_04_01,CUS_0x85dd,1/4/2024,10,6,10000,1000,1000,0,4000,1/10/2024,2024-10-01,2025-11-09 07:30:19.821879,data/lms_loan_daily.csv,2024-10-01
CUS_0x85e8_2024_09_01,CUS_0x85e8,1/9/2024,10,1,10000,1000,1000,0,9000,1/10/2024,2024-10-01,2025-11-09 07:30:19.821879,data/lms_loan_daily.csv,2024-10-01
CUS_0x860_2024_10_01,CUS_0x860,1/10/2024,10,0,10000,0,0,0,10000,1/10/2024,2024-10-01,2025-11-09 07:30:19.821879,data/lms_loan_daily.csv,2024-10-01
CUS_0x8603_2024_10_01,CUS_0x8603,1/10/2024,10,0,10000,0,0,0,10000,1/10/2024,2024-10-01,2025-11-09 07:30:19.821879,data/lms_loan_daily.csv,2024-10-01
CUS_0x8617_2024_07_01,CUS_0x8617,1/7/2024,10,3,10000,1000,0,3000,10000,1/10/2024,2024-10-01,2025-11-09 07:30:19.821879,data/lms_loan_daily.csv,2024-10-01
CUS_0x861c_2024_07_01,CUS_0x861c,1/7/2024,10,3,10000,1000,1000,0,7000,1/10/2024,2024-10-01,2025-11-09 07:30:19.821879,data/lms_loan_daily.csv,2024-10-01
CUS_0x8627_2024_01_01,CUS_0x8627,1/1/2024,10,9,10000,1000,1000,0,1000,1/10/2024,2024-10-01,2025-11-09 07:30:19.821879,data/lms_loan_daily.csv,2024-10-01
CUS_0x8628_2024_04_01,CUS_0x8628,1/4/2024,10,6,10000,1000,1000,0,4000,1/10/2024,2024-10-01,2025-11-09 07:30:19.821879,data/lms_loan_daily.csv,2024-10-01
CUS_0x8636_2024_01_01,CUS_0x8636,1/1/2024,10,9,10000,1000,1000,0,1000,1/10/2024,2024-10-01,2025-11-09 07:30:19.821879,data/lms_loan_daily.csv,2024-10-01
CUS_0x863b_2024_01_01,CUS_0x863b,1/1/2024,10,9,10000,1000,0,5000,6000,1/10/2024,2024-10-01,2025-11-09 07:30:19.821879,data/lms_loan_daily.csv,2024-10-01
CUS_0x864_2024_10_01,CUS_0x864,1/10/2024,10,0,10000,0,0,0,10000,1/10/2024,2024-10-01,2025-11-09 07:30:19.821879,data/lms_loan_daily.csv,2024-10-01
CUS_0x864a_2024_08_01,CUS_0x864a,1/8/2024,10,2,10000,1000,1000,0,8000,1/10/2024,2024-10-01,2025-11-09 07:30:19.821879,data/lms_loan_daily.csv,2024-10-01
CUS_0x864e_2024_08_01,CUS_0x864e,1/8/2024,10,2,10000,1000,1000,0,8000,1/10/2024,2024-10-01,2025-11-09 07:30:19.821879,data/lms_loan_daily.csv,2024-10-01
CUS_0x8653_2024_02_01,CUS_0x8653,1/2/2024,10,8,10000,1000,1000,0,2000,1/10/2024,2024-10-01,2025-11-09 07:30:19.821879,data/lms_loan_daily.csv,2024-10-01
CUS_0x865c_2024_03_01,CUS_0x865c,1/3/2024,10,7,10000,1000,1000,0,3000,1/10/2024,2024-10-01,2025-11-09 07:30:19.821879,data/lms_loan_daily.csv,2024-10-01
CUS_0x8661_2024_02_01,CUS_0x8661,1/2/2024,10,8,10000,1000,1000,0,2000,1/10/2024,2024-10-01,2025-11-09 07:30:19.821879,data/lms_loan_daily.csv,2024-10-01
CUS_0x8666_2024_09_01,CUS_0x8666,1/9/2024,10,1,10000,1000,1000,0,9000,1/10/2024,2024-10-01,2025-11-09 07:30:19.821879,data/lms_loan_daily.csv,2024-10-01
CUS_0x8670_2024_05_01,CUS_0x8670,1/5/2024,10,5,10000,1000,1000,0,5000,1/10/2024,2024-10-01,2025-11-09 07:30:19.821879,data/lms_loan_daily.csv,2024-10-01
CUS_0x867d_2023_12_01,CUS_0x867d,1/12/2023,10,10,10000,1000,1000,0,0,1/10/2024,2024-10-01,2025-11-09 07:30:19.821879,data/lms_loan_daily.csv,2024-10-01
CUS_0x868_2023_12_01,CUS_0x868,1/12/2023,10,10,10000,1000,0,7000,7000,1/10/2024,2024-10-01,2025-11-09 07:30:19.821879,data/lms_loan_daily.csv,2024-10-01
CUS_0x8684_2024_01_01,CUS_0x8684,1/1/2024,10,9,10000,1000,1000,0,1000,1/10/2024,2024-10-01,2025-11-09 07:30:19.821879,data/lms_loan_daily.csv,2024-10-01
CUS_0x868a_2024_06_01,CUS_0x868a,1/6/2024,10,4,10000,1000,1000,0,6000,1/10/2024,2024-10-01,2025-11-09 07:30:19.821879,data/lms_loan_daily.csv,2024-10-01
CUS_0x8696_2024_05_01,CUS_0x8696,1/5/2024,10,5,10000,1000,1000,0,5000,1/10/2024,2024-10-01,2025-11-09 07:30:19.821879,data/lms_loan_daily.csv,2024-10-01
CUS_0x8697_2024_10_01,CUS_0x8697,1/10/2024,10,0,10000,0,0,0,10000,1/10/2024,2024-10-01,2025-11-09 07:30:19.821879,data/lms_loan_daily.csv,2024-10-01
CUS_0x86a_2024_09_01,CUS_0x86a,1/9/2024,10,1,10000,1000,1000,0,9000,1/10/2024,2024-10-01,2025-11-09 07:30:19.821879,data/lms_loan_daily.csv,2024-10-01
CUS_0x86a8_2024_04_01,CUS_0x86a8,1/4/2024,10,6,10000,1000,1000,0,4000,1/10/2024,2024-10-01,2025-11-09 07:30:19.821879,data/lms_loan_daily.csv,2024-10-01
CUS_0x86ab_2024_10_01,CUS_0x86ab,1/10/2024,10,0,10000,0,0,0,10000,1/10/2024,2024-10-01,2025-11-09 07:30:19.821879,data/lms_loan_daily.csv,2024-10-01
CUS_0x86b0_2024_03_01,CUS_0x86b0,1/3/2024,10,7,10000,1000,1000,0,3000,1/10/2024,2024-10-01,2025-11-09 07:30:19.821879,data/lms_loan_daily.csv,2024-10-01
CUS_0x86b2_2024_03_01,CUS_0x86b2,1/3/2024,10,7,10000,1000,0,4000,7000,1/10/2024,2024-10-01,2025-11-09 07:30:19.821879,data/lms_loan_daily.csv,2024-10-01
CUS_0x86b5_2024_02_01,CUS_0x86b5,1/2/2024,10,8,10000,1000,0,4000,6000,1/10/2024,2024-10-01,2025-11-09 07:30:19.821879,data/lms_loan_daily.csv,2024-10-01
CUS_0x86b8_2024_05_01,CUS_0x86b8,1/5/2024,10,5,10000,1000,1000,0,5000,1/10/2024,2024-10-01,2025-11-09 07:30:19.821879,data/lms_loan_daily.csv,2024-10-01
CUS_0x86bc_2024_07_01,CUS_0x86bc,1/7/2024,10,3,10000,1000,1000,0,7000,1/10/2024,2024-10-01,2025-11-09 07:30:19.821879,data/lms_loan_daily.csv,2024-10-01
CUS_0x86c0_2024_07_01,CUS_0x86c0,1/7/2024,10,3,10000,1000,2000,0,7000,1/10/2024,2024-10-01,2025-11-09 07:30:19.821879,data/lms_loan_daily.csv,2024-10-01
CUS_0x86c1_2024_03_01,CUS_0x86c1,1/3/2024,10,7,10000,1000,1000,0,3000,1/10/2024,2024-10-01,2025-11-09 07:30:19.821879,data/lms_loan_daily.csv,2024-10-01
CUS_0x86d9_2023_12_01,CUS_0x86d9,1/12/2023,10,10,10000,1000,1000,0,0,1/10/2024,2024-10-01,2025-11-09 07:30:19.821879,data/lms_loan_daily.csv,2024-10-01
CUS_0x86e7_2024_01_01,CUS_0x86e7,1/1/2024,10,9,10000,1000,0,5000,6000,1/10/2024,2024-10-01,2025-11-09 07:30:19.821879,data/lms_loan_daily.csv,2024-10-01
CUS_0x86ea_2024_02_01,CUS_0x86ea,1/2/2024,10,8,10000,1000,1000,0,2000,1/10/2024,2024-10-01,2025-11-09 07:30:19.821879,data/lms_loan_daily.csv,2024-10-01
CUS_0x86ec_2024_03_01,CUS_0x86ec,1/3/2024,10,7,10000,1000,0,5000,8000,1/10/2024,2024-10-01,2025-11-09 07:30:19.821879,data/lms_loan_daily.csv,2024-10-01
CUS_0x86f4_2024_08_01,CUS_0x86f4,1/8/2024,10,2,10000,1000,1000,0,8000,1/10/2024,2024-10-01,2025-11-09 07:30:19.821879,data/lms_loan_daily.csv,2024-10-01
CUS_0x86fb_2024_06_01,CUS_0x86fb,1/6/2024,10,4,10000,1000,0,1000,7000,1/10/2024,2024-10-01,2025-11-09 07:30:19.821879,data/lms_loan_daily.csv,2024-10-01
CUS_0x8702_2024_08_01,CUS_0x8702,1/8/2024,10,2,10000,1000,1000,0,8000,1/10/2024,2024-10-01,2025-11-09 07:30:19.821879,data/lms_loan_daily.csv,2024-10-01
CUS_0x8711_2024_02_01,CUS_0x8711,1/2/2024,10,8,10000,1000,1000,0,2000,1/10/2024,2024-10-01,2025-11-09 07:30:19.821879,data/lms_loan_daily.csv,2024-10-01
CUS_0x8725_2024_02_01,CUS_0x8725,1/2/2024,10,8,10000,1000,1000,0,2000,1/10/2024,2024-10-01,2025-11-09 07:30:19.821879,data/lms_loan_daily.csv,2024-10-01
CUS_0x872b_2024_02_01,CUS_0x872b,1/2/2024,10,8,10000,1000,0,5000,7000,1/10/2024,2024-10-01,2025-11-09 07:30:19.821879,data/lms_loan_daily.csv,2024-10-01
CUS_0x872d_2024_02_01,CUS_0x872d,1/2/2024,10,8,10000,1000,0,8000,10000,1/10/2024,2024-10-01,2025-11-09 07:30:19.821879,data/lms_loan_daily.csv,2024-10-01
CUS_0x873f_2024_06_01,CUS_0x873f,1/6/2024,10,4,10000,1000,1000,0,6000,1/10/2024,2024-10-01,2025-11-09 07:30:19.821879,data/lms_loan_daily.csv,2024-10-01
CUS_0x875_2024_05_01,CUS_0x875,1/5/2024,10,5,10000,1000,1000,0,5000,1/10/2024,2024-10-01,2025-11-09 07:30:19.821879,data/lms_loan_daily.csv,2024-10-01
CUS_0x8757_2024_09_01,CUS_0x8757,1/9/2024,10,1,10000,1000,1000,0,9000,1/10/2024,2024-10-01,2025-11-09 07:30:19.821879,data/lms_loan_daily.csv,2024-10-01
CUS_0x8766_2023_12_01,CUS_0x8766,1/12/2023,10,10,10000,1000,1000,0,0,1/10/2024,2024-10-01,2025-11-09 07:30:19.821879,data/lms_loan_daily.csv,2024-10-01
CUS_0x8785_2024_07_01,CUS_0x8785,1/7/2024,10,3,10000,1000,1000,0,7000,1/10/2024,2024-10-01,2025-11-09 07:30:19.821879,data/lms_loan_daily.csv,2024-10-01
CUS_0x8786_2024_09_01,CUS_0x8786,1/9/2024,10,1,10000,1000,1000,0,9000,1/10/2024,2024-10-01,2025-11-09 07:30:19.821879,data/lms_loan_daily.csv,2024-10-01
CUS_0x878d_2024_05_01,CUS_0x878d,1/5/2024,10,5,10000,1000,1000,0,5000,1/10/2024,2024-10-01,2025-11-09 07:30:19.821879,data/lms_loan_daily.csv,2024-10-01
CUS_0x879a_2024_04_01,CUS_0x879a,1/4/2024,10,6,10000,1000,1000,0,4000,1/10/2024,2024-10-01,2025-11-09 07:30:19.821879,data/lms_loan_daily.csv,2024-10-01
CUS_0x879d_2024_01_01,CUS_0x879d,1/1/2024,10,9,10000,1000,0,7000,8000,1/10/2024,2024-10-01,2025-11-09 07:30:19.821879,data/lms_loan_daily.csv,2024-10-01
CUS_0x87a3_2024_10_01,CUS_0x87a3,1/10/2024,10,0,10000,0,0,0,10000,1/10/2024,2024-10-01,2025-11-09 07:30:19.821879,data/lms_loan_daily.csv,2024-10-01
CUS_0x87a4_2023_12_01,CUS_0x87a4,1/12/2023,10,10,10000,1000,1000,0,0,1/10/2024,2024-10-01,2025-11-09 07:30:19.821879,data/lms_loan_daily.csv,2024-10-01
CUS_0x87b4_2024_04_01,CUS_0x87b4,1/4/2024,10,6,10000,1000,1000,0,4000,1/10/2024,2024-10-01,2025-11-09 07:30:19.821879,data/lms_loan_daily.csv,2024-10-01
CUS_0x87c5_2024_10_01,CUS_0x87c5,1/10/2024,10,0,10000,0,0,0,10000,1/10/2024,2024-10-01,2025-11-09 07:30:19.821879,data/lms_loan_daily.csv,2024-10-01
CUS_0x87c9_2024_06_01,CUS_0x87c9,1/6/2024,10,4,10000,1000,0,2000,8000,1/10/2024,2024-10-01,2025-11-09 07:30:19.821879,data/lms_loan_daily.csv,2024-10-01
CUS_0x87d0_2024_10_01,CUS_0x87d0,1/10/2024,10,0,10000,0,0,0,10000,1/10/2024,2024-10-01,2025-11-09 07:30:19.821879,data/lms_loan_daily.csv,2024-10-01
CUS_0x87df_2024_10_01,CUS_0x87df,1/10/2024,10,0,10000,0,0,0,10000,1/10/2024,2024-10-01,2025-11-09 07:30:19.821879,data/lms_loan_daily.csv,2024-10-01
CUS_0x87e2_2024_04_01,CUS_0x87e2,1/4/2024,10,6,10000,1000,1000,0,4000,1/10/2024,2024-10-01,2025-11-09 07:30:19.821879,data/lms_loan_daily.csv,2024-10-01
CUS_0x87e4_2024_08_01,CUS_0x87e4,1/8/2024,10,2,10000,1000,1000,0,8000,1/10/2024,2024-10-01,2025-11-09 07:30:19.821879,data/lms_loan_daily.csv,2024-10-01
CUS_0x87e6_2024_03_01,CUS_0x87e6,1/3/2024,10,7,10000,1000,0,3000,6000,1/10/2024,2024-10-01,2025-11-09 07:30:19.821879,data/lms_loan_daily.csv,2024-10-01
CUS_0x87f_2024_03_01,CUS_0x87f,1/3/2024,10,7,10000,1000,1000,0,3000,1/10/2024,2024-10-01,2025-11-09 07:30:19.821879,data/lms_loan_daily.csv,2024-10-01
CUS_0x87f6_2024_05_01,CUS_0x87f6,1/5/2024,10,5,10000,1000,1000,0,5000,1/10/2024,2024-10-01,2025-11-09 07:30:19.821879,data/lms_loan_daily.csv,2024-10-01
CUS_0x8802_2024_09_01,CUS_0x8802,1/9/2024,10,1,10000,1000,1000,0,9000,1/10/2024,2024-10-01,2025-11-09 07:30:19.821879,data/lms_loan_daily.csv,2024-10-01
CUS_0x8804_2023_12_01,CUS_0x8804,1/12/2023,10,10,10000,1000,0,10000,10000,1/10/2024,2024-10-01,2025-11-09 07:30:19.821879,data/lms_loan_daily.csv,2024-10-01
CUS_0x8807_2024_09_01,CUS_0x8807,1/9/2024,10,1,10000,1000,1000,0,9000,1/10/2024,2024-10-01,2025-11-09 07:30:19.821879,data/lms_loan_daily.csv,2024-10-01
CUS_0x880d_2024_07_01,CUS_0x880d,1/7/2024,10,3,10000,1000,1000,0,7000,1/10/2024,2024-10-01,2025-11-09 07:30:19.821879,data/lms_loan_daily.csv,2024-10-01
CUS_0x880e_2024_04_01,CUS_0x880e,1/4/2024,10,6,10000,1000,1000,0,4000,1/10/2024,2024-10-01,2025-11-09 07:30:19.821879,data/lms_loan_daily.csv,2024-10-01
CUS_0x8814_2024_03_01,CUS_0x8814,1/3/2024,10,7,10000,1000,0,6000,9000,1/10/2024,2024-10-01,2025-11-09 07:30:19.821879,data/lms_loan_daily.csv,2024-10-01
CUS_0x881c_2023_12_01,CUS_0x881c,1/12/2023,10,10,10000,1000,0,9000,9000,1/10/2024,2024-10-01,2025-11-09 07:30:19.821879,data/lms_loan_daily.csv,2024-10-01
CUS_0x8822_2023_12_01,CUS_0x8822,1/12/2023,10,10,10000,1000,1000,0,0,1/10/2024,2024-10-01,2025-11-09 07:30:19.821879,data/lms_loan_daily.csv,2024-10-01
CUS_0x8823_2024_04_01,CUS_0x8823,1/4/2024,10,6,10000,1000,1000,0,4000,1/10/2024,2024-10-01,2025-11-09 07:30:19.821879,data/lms_loan_daily.csv,2024-10-01
CUS_0x8834_2024_09_01,CUS_0x8834,1/9/2024,10,1,10000,1000,1000,0,9000,1/10/2024,2024-10-01,2025-11-09 07:30:19.821879,data/lms_loan_daily.csv,2024-10-01
CUS_0x883b_2024_10_01,CUS_0x883b,1/10/2024,10,0,10000,0,0,0,10000,1/10/2024,2024-10-01,2025-11-09 07:30:19.821879,data/lms_loan_daily.csv,2024-10-01
CUS_0x883e_2024_04_01,CUS_0x883e,1/4/2024,10,6,10000,1000,1000,0,4000,1/10/2024,2024-10-01,2025-11-09 07:30:19.821879,data/lms_loan_daily.csv,2024-10-01
CUS_0x8842_2024_07_01,CUS_0x8842,1/7/2024,10,3,10000,1000,1000,0,7000,1/10/2024,2024-10-01,2025-11-09 07:30:19.821879,data/lms_loan_daily.csv,2024-10-01
CUS_0x8848_2024_03_01,CUS_0x8848,1/3/2024,10,7,10000,1000,0,4000,7000,1/10/2024,2024-10-01,2025-11-09 07:30:19.821879,data/lms_loan_daily.csv,2024-10-01
CUS_0x885_2024_10_01,CUS_0x885,1/10/2024,10,0,10000,0,0,0,10000,1/10/2024,2024-10-01,2025-11-09 07:30:19.821879,data/lms_loan_daily.csv,2024-10-01
CUS_0x8853_2024_02_01,CUS_0x8853,1/2/2024,10,8,10000,1000,1000,0,2000,1/10/2024,2024-10-01,2025-11-09 07:30:19.821879,data/lms_loan_daily.csv,2024-10-01
CUS_0x8854_2024_05_01,CUS_0x8854,1/5/2024,10,5,10000,1000,1000,0,5000,1/10/2024,2024-10-01,2025-11-09 07:30:19.821879,data/lms_loan_daily.csv,2024-10-01
CUS_0x8858_2024_04_01,CUS_0x8858,1/4/2024,10,6,10000,1000,0,4000,8000,1/10/2024,2024-10-01,2025-11-09 07:30:19.821879,data/lms_loan_daily.csv,2024-10-01
CUS_0x885c_2024_04_01,CUS_0x885c,1/4/2024,10,6,10000,1000,1000,0,4000,1/10/2024,2024-10-01,2025-11-09 07:30:19.821879,data/lms_loan_daily.csv,2024-10-01
CUS_0x885d_2024_09_01,CUS_0x885d,1/9/2024,10,1,10000,1000,1000,0,9000,1/10/2024,2024-10-01,2025-11-09 07:30:19.821879,data/lms_loan_daily.csv,2024-10-01
CUS_0x8870_2024_09_01,CUS_0x8870,1/9/2024,10,1,10000,1000,1000,0,9000,1/10/2024,2024-10-01,2025-11-09 07:30:19.821879,data/lms_loan_daily.csv,2024-10-01
CUS_0x887c_2024_02_01,CUS_0x887c,1/2/2024,10,8,10000,1000,0,4000,6000,1/10/2024,2024-10-01,2025-11-09 07:30:19.821879,data/lms_loan_daily.csv,2024-10-01
CUS_0x8892_2024_05_01,CUS_0x8892,1/5/2024,10,5,10000,1000,1000,0,5000,1/10/2024,2024-10-01,2025-11-09 07:30:19.821879,data/lms_loan_daily.csv,2024-10-01
CUS_0x8894_2024_04_01,CUS_0x8894,1/4/2024,10,6,10000,1000,1000,0,4000,1/10/2024,2024-10-01,2025-11-09 07:30:19.821879,data/lms_loan_daily.csv,2024-10-01
CUS_0x88a6_2024_02_01,CUS_0x88a6,1/2/2024,10,8,10000,1000,0,7000,9000,1/10/2024,2024-10-01,2025-11-09 07:30:19.821879,data/lms_loan_daily.csv,2024-10-01
CUS_0x88c_2024_04_01,CUS_0x88c,1/4/2024,10,6,10000,1000,1000,0,4000,1/10/2024,2024-10-01,2025-11-09 07:30:19.821879,data/lms_loan_daily.csv,2024-10-01
CUS_0x88c1_2024_01_01,CUS_0x88c1,1/1/2024,10,9,10000,1000,1000,0,1000,1/10/2024,2024-10-01,2025-11-09 07:30:19.821879,data/lms_loan_daily.csv,2024-10-01
CUS_0x88c7_2024_01_01,CUS_0x88c7,1/1/2024,10,9,10000,1000,1000,0,1000,1/10/2024,2024-10-01,2025-11-09 07:30:19.821879,data/lms_loan_daily.csv,2024-10-01
CUS_0x88f2_2024_10_01,CUS_0x88f2,1/10/2024,10,0,10000,0,0,0,10000,1/10/2024,2024-10-01,2025-11-09 07:30:19.821879,data/lms_loan_daily.csv,2024-10-01
CUS_0x88f4_2024_08_01,CUS_0x88f4,1/8/2024,10,2,10000,1000,1000,0,8000,1/10/2024,2024-10-01,2025-11-09 07:30:19.821879,data/lms_loan_daily.csv,2024-10-01
CUS_0x88f6_2024_06_01,CUS_0x88f6,1/6/2024,10,4,10000,1000,1000,0,6000,1/10/2024,2024-10-01,2025-11-09 07:30:19.821879,data/lms_loan_daily.csv,2024-10-01
CUS_0x88f9_2024_07_01,CUS_0x88f9,1/7/2024,10,3,10000,1000,0,1000,8000,1/10/2024,2024-10-01,2025-11-09 07:30:19.821879,data/lms_loan_daily.csv,2024-10-01
CUS_0x88fa_2024_01_01,CUS_0x88fa,1/1/2024,10,9,10000,1000,1000,0,1000,1/10/2024,2024-10-01,2025-11-09 07:30:19.821879,data/lms_loan_daily.csv,2024-10-01
CUS_0x88fd_2024_03_01,CUS_0x88fd,1/3/2024,10,7,10000,1000,1000,0,3000,1/10/2024,2024-10-01,2025-11-09 07:30:19.821879,data/lms_loan_daily.csv,2024-10-01
CUS_0x890_2024_08_01,CUS_0x890,1/8/2024,10,2,10000,1000,1000,0,8000,1/10/2024,2024-10-01,2025-11-09 07:30:19.821879,data/lms_loan_daily.csv,2024-10-01
CUS_0x8916_2024_03_01,CUS_0x8916,1/3/2024,10,7,10000,1000,1000,0,3000,1/10/2024,2024-10-01,2025-11-09 07:30:19.821879,data/lms_loan_daily.csv,2024-10-01
CUS_0x8917_2024_05_01,CUS_0x8917,1/5/2024,10,5,10000,1000,1000,0,5000,1/10/2024,2024-10-01,2025-11-09 07:30:19.821879,data/lms_loan_daily.csv,2024-10-01
CUS_0x8927_2023_12_01,CUS_0x8927,1/12/2023,10,10,10000,1000,1000,0,0,1/10/2024,2024-10-01,2025-11-09 07:30:19.821879,data/lms_loan_daily.csv,2024-10-01
CUS_0x8928_2024_07_01,CUS_0x8928,1/7/2024,10,3,10000,1000,1000,0,7000,1/10/2024,2024-10-01,2025-11-09 07:30:19.821879,data/lms_loan_daily.csv,2024-10-01
CUS_0x8936_2024_05_01,CUS_0x8936,1/5/2024,10,5,10000,1000,0,2000,7000,1/10/2024,2024-10-01,2025-11-09 07:30:19.821879,data/lms_loan_daily.csv,2024-10-01
CUS_0x8967_2024_06_01,CUS_0x8967,1/6/2024,10,4,10000,1000,1000,0,6000,1/10/2024,2024-10-01,2025-11-09 07:30:19.821879,data/lms_loan_daily.csv,2024-10-01
CUS_0x8971_2024_07_01,CUS_0x8971,1/7/2024,10,3,10000,1000,1000,0,7000,1/10/2024,2024-10-01,2025-11-09 07:30:19.821879,data/lms_loan_daily.csv,2024-10-01
CUS_0x8973_2024_07_01,CUS_0x8973,1/7/2024,10,3,10000,1000,0,1000,8000,1/10/2024,2024-10-01,2025-11-09 07:30:19.821879,data/lms_loan_daily.csv,2024-10-01
CUS_0x8980_2024_02_01,CUS_0x8980,1/2/2024,10,8,10000,1000,0,5000,7000,1/10/2024,2024-10-01,2025-11-09 07:30:19.821879,data/lms_loan_daily.csv,2024-10-01
CUS_0x8984_2024_03_01,CUS_0x8984,1/3/2024,10,7,10000,1000,1000,0,3000,1/10/2024,2024-10-01,2025-11-09 07:30:19.821879,data/lms_loan_daily.csv,2024-10-01
CUS_0x8985_2024_08_01,CUS_0x8985,1/8/2024,10,2,10000,1000,0,1000,9000,1/10/2024,2024-10-01,2025-11-09 07:30:19.821879,data/lms_loan_daily.csv,2024-10-01
CUS_0x8988_2024_10_01,CUS_0x8988,1/10/2024,10,0,10000,0,0,0,10000,1/10/2024,2024-10-01,2025-11-09 07:30:19.821879,data/lms_loan_daily.csv,2024-10-01
CUS_0x899_2024_10_01,CUS_0x899,1/10/2024,10,0,10000,0,0,0,10000,1/10/2024,2024-10-01,2025-11-09 07:30:19.821879,data/lms_loan_daily.csv,2024-10-01
CUS_0x8990_2023_12_01,CUS_0x8990,1/12/2023,10,10,10000,1000,1000,0,0,1/10/2024,2024-10-01,2025-11-09 07:30:19.821879,data/lms_loan_daily.csv,2024-10-01
CUS_0x8991_2024_01_01,CUS_0x8991,1/1/2024,10,9,10000,1000,1000,0,1000,1/10/2024,2024-10-01,2025-11-09 07:30:19.821879,data/lms_loan_daily.csv,2024-10-01
CUS_0x899d_2024_09_01,CUS_0x899d,1/9/2024,10,1,10000,1000,1000,0,9000,1/10/2024,2024-10-01,2025-11-09 07:30:19.821879,data/lms_loan_daily.csv,2024-10-01
CUS_0x89a6_2023_12_01,CUS_0x89a6,1/12/2023,10,10,10000,1000,1000,0,0,1/10/2024,2024-10-01,2025-11-09 07:30:19.821879,data/lms_loan_daily.csv,2024-10-01
CUS_0x89ab_2024_05_01,CUS_0x89ab,1/5/2024,10,5,10000,1000,1000,0,5000,1/10/2024,2024-10-01,2025-11-09 07:30:19.821879,data/lms_loan_daily.csv,2024-10-01
CUS_0x89bd_2023_12_01,CUS_0x89bd,1/12/2023,10,10,10000,1000,0,8000,8000,1/10/2024,2024-10-01,2025-11-09 07:30:19.821879,data/lms_loan_daily.csv,2024-10-01
CUS_0x89c2_2024_08_01,CUS_0x89c2,1/8/2024,10,2,10000,1000,1000,0,8000,1/10/2024,2024-10-01,2025-11-09 07:30:19.821879,data/lms_loan_daily.csv,2024-10-01
CUS_0x89c8_2024_03_01,CUS_0x89c8,1/3/2024,10,7,10000,1000,1000,0,3000,1/10/2024,2024-10-01,2025-11-09 07:30:19.821879,data/lms_loan_daily.csv,2024-10-01
CUS_0x89cb_2023_12_01,CUS_0x89cb,1/12/2023,10,10,10000,1000,1000,0,0,1/10/2024,2024-10-01,2025-11-09 07:30:19.821879,data/lms_loan_daily.csv,2024-10-01
CUS_0x89e_2023_12_01,CUS_0x89e,1/12/2023,10,10,10000,1000,1000,0,0,1/10/2024,2024-10-01,2025-11-09 07:30:19.821879,data/lms_loan_daily.csv,2024-10-01
CUS_0x89ff_2024_08_01,CUS_0x89ff,1/8/2024,10,2,10000,1000,1000,0,8000,1/10/2024,2024-10-01,2025-11-09 07:30:19.821879,data/lms_loan_daily.csv,2024-10-01
CUS_0x8a04_2024_05_01,CUS_0x8a04,1/5/2024,10,5,10000,1000,1000,0,5000,1/10/2024,2024-10-01,2025-11-09 07:30:19.821879,data/lms_loan_daily.csv,2024-10-01
CUS_0x8a0d_2024_01_01,CUS_0x8a0d,1/1/2024,10,9,10000,1000,1000,0,1000,1/10/2024,2024-10-01,2025-11-09 07:30:19.821879,data/lms_loan_daily.csv,2024-10-01
CUS_0x8a0e_2024_07_01,CUS_0x8a0e,1/7/2024,10,3,10000,1000,0,1000,8000,1/10/2024,2024-10-01,2025-11-09 07:30:19.821879,data/lms_loan_daily.csv,2024-10-01
CUS_0x8a0f_2024_05_01,CUS_0x8a0f,1/5/2024,10,5,10000,1000,0,2000,7000,1/10/2024,2024-10-01,2025-11-09 07:30:19.821879,data/lms_loan_daily.csv,2024-10-01
CUS_0x8a12_2024_04_01,CUS_0x8a12,1/4/2024,10,6,10000,1000,1000,0,4000,1/10/2024,2024-10-01,2025-11-09 07:30:19.821879,data/lms_loan_daily.csv,2024-10-01
CUS_0x8a14_2024_07_01,CUS_0x8a14,1/7/2024,10,3,10000,1000,1000,0,7000,1/10/2024,2024-10-01,2025-11-09 07:30:19.821879,data/lms_loan_daily.csv,2024-10-01
CUS_0x8a27_2024_08_01,CUS_0x8a27,1/8/2024,10,2,10000,1000,1000,0,8000,1/10/2024,2024-10-01,2025-11-09 07:30:19.821879,data/lms_loan_daily.csv,2024-10-01
CUS_0x8a29_2024_01_01,CUS_0x8a29,1/1/2024,10,9,10000,1000,1000,0,1000,1/10/2024,2024-10-01,2025-11-09 07:30:19.821879,data/lms_loan_daily.csv,2024-10-01
CUS_0x8a30_2024_09_01,CUS_0x8a30,1/9/2024,10,1,10000,1000,1000,0,9000,1/10/2024,2024-10-01,2025-11-09 07:30:19.821879,data/lms_loan_daily.csv,2024-10-01
CUS_0x8a36_2024_06_01,CUS_0x8a36,1/6/2024,10,4,10000,1000,0,2000,8000,1/10/2024,2024-10-01,2025-11-09 07:30:19.821879,data/lms_loan_daily.csv,2024-10-01
CUS_0x8a3f_2024_09_01,CUS_0x8a3f,1/9/2024,10,1,10000,1000,1000,0,9000,1/10/2024,2024-10-01,2025-11-09 07:30:19.821879,data/lms_loan_daily.csv,2024-10-01
CUS_0x8a47_2024_02_01,CUS_0x8a47,1/2/2024,10,8,10000,1000,1000,0,2000,1/10/2024,2024-10-01,2025-11-09 07:30:19.821879,data/lms_loan_daily.csv,2024-10-01
CUS_0x8a56_2024_07_01,CUS_0x8a56,1/7/2024,10,3,10000,1000,0,2000,9000,1/10/2024,2024-10-01,2025-11-09 07:30:19.821879,data/lms_loan_daily.csv,2024-10-01
CUS_0x8a5c_2024_02_01,CUS_0x8a5c,1/2/2024,10,8,10000,1000,0,6000,8000,1/10/2024,2024-10-01,2025-11-09 07:30:19.821879,data/lms_loan_daily.csv,2024-10-01
CUS_0x8a5f_2024_09_01,CUS_0x8a5f,1/9/2024,10,1,10000,1000,1000,0,9000,1/10/2024,2024-10-01,2025-11-09 07:30:19.821879,data/lms_loan_daily.csv,2024-10-01
CUS_0x8a62_2024_01_01,CUS_0x8a62,1/1/2024,10,9,10000,1000,1000,0,1000,1/10/2024,2024-10-01,2025-11-09 07:30:19.821879,data/lms_loan_daily.csv,2024-10-01
CUS_0x8a63_2024_07_01,CUS_0x8a63,1/7/2024,10,3,10000,1000,1000,0,7000,1/10/2024,2024-10-01,2025-11-09 07:30:19.821879,data/lms_loan_daily.csv,2024-10-01
CUS_0x8a68_2024_01_01,CUS_0x8a68,1/1/2024,10,9,10000,1000,0,8000,9000,1/10/2024,2024-10-01,2025-11-09 07:30:19.821879,data/lms_loan_daily.csv,2024-10-01
CUS_0x8a70_2024_08_01,CUS_0x8a70,1/8/2024,10,2,10000,1000,1000,0,8000,1/10/2024,2024-10-01,2025-11-09 07:30:19.821879,data/lms_loan_daily.csv,2024-10-01
CUS_0x8a74_2024_07_01,CUS_0x8a74,1/7/2024,10,3,10000,1000,1000,0,7000,1/10/2024,2024-10-01,2025-11-09 07:30:19.821879,data/lms_loan_daily.csv,2024-10-01
CUS_0x8a84_2024_02_01,CUS_0x8a84,1/2/2024,10,8,10000,1000,1000,0,2000,1/10/2024,2024-10-01,2025-11-09 07:30:19.821879,data/lms_loan_daily.csv,2024-10-01
CUS_0x8a89_2024_06_01,CUS_0x8a89,1/6/2024,10,4,10000,1000,1000,0,6000,1/10/2024,2024-10-01,2025-11-09 07:30:19.821879,data/lms_loan_daily.csv,2024-10-01
CUS_0x8a8b_2024_03_01,CUS_0x8a8b,1/3/2024,10,7,10000,1000,1000,0,3000,1/10/2024,2024-10-01,2025-11-09 07:30:19.821879,data/lms_loan_daily.csv,2024-10-01
CUS_0x8a8c_2024_07_01,CUS_0x8a8c,1/7/2024,10,3,10000,1000,1000,0,7000,1/10/2024,2024-10-01,2025-11-09 07:30:19.821879,data/lms_loan_daily.csv,2024-10-01
CUS_0x8a8e_2024_04_01,CUS_0x8a8e,1/4/2024,10,6,10000,1000,0,4000,8000,1/10/2024,2024-10-01,2025-11-09 07:30:19.821879,data/lms_loan_daily.csv,2024-10-01
CUS_0x8a90_2024_06_01,CUS_0x8a90,1/6/2024,10,4,10000,1000,1000,0,6000,1/10/2024,2024-10-01,2025-11-09 07:30:19.821879,data/lms_loan_daily.csv,2024-10-01
CUS_0x8a9c_2024_08_01,CUS_0x8a9c,1/8/2024,10,2,10000,1000,1000,0,8000,1/10/2024,2024-10-01,2025-11-09 07:30:19.821879,data/lms_loan_daily.csv,2024-10-01
CUS_0x8aa2_2024_06_01,CUS_0x8aa2,1/6/2024,10,4,10000,1000,1000,0,6000,1/10/2024,2024-10-01,2025-11-09 07:30:19.821879,data/lms_loan_daily.csv,2024-10-01
CUS_0x8aa6_2024_08_01,CUS_0x8aa6,1/8/2024,10,2,10000,1000,1000,0,8000,1/10/2024,2024-10-01,2025-11-09 07:30:19.821879,data/lms_loan_daily.csv,2024-10-01
CUS_0x8ab5_2024_09_01,CUS_0x8ab5,1/9/2024,10,1,10000,1000,1000,0,9000,1/10/2024,2024-10-01,2025-11-09 07:30:19.821879,data/lms_loan_daily.csv,2024-10-01
CUS_0x8ac0_2024_03_01,CUS_0x8ac0,1/3/2024,10,7,10000,1000,1000,0,3000,1/10/2024,2024-10-01,2025-11-09 07:30:19.821879,data/lms_loan_daily.csv,2024-10-01
CUS_0x8ac4_2024_06_01,CUS_0x8ac4,1/6/2024,10,4,10000,1000,0,1000,7000,1/10/2024,2024-10-01,2025-11-09 07:30:19.821879,data/lms_loan_daily.csv,2024-10-01
CUS_0x8ac5_2024_02_01,CUS_0x8ac5,1/2/2024,10,8,10000,1000,1000,0,2000,1/10/2024,2024-10-01,2025-11-09 07:30:19.821879,data/lms_loan_daily.csv,2024-10-01
CUS_0x8ac6_2024_09_01,CUS_0x8ac6,1/9/2024,10,1,10000,1000,1000,0,9000,1/10/2024,2024-10-01,2025-11-09 07:30:19.821879,data/lms_loan_daily.csv,2024-10-01
CUS_0x8acd_2024_01_01,CUS_0x8acd,1/1/2024,10,9,10000,1000,1000,0,1000,1/10/2024,2024-10-01,2025-11-09 07:30:19.821879,data/lms_loan_daily.csv,2024-10-01
CUS_0x8ad_2024_06_01,CUS_0x8ad,1/6/2024,10,4,10000,1000,1000,0,6000,1/10/2024,2024-10-01,2025-11-09 07:30:19.821879,data/lms_loan_daily.csv,2024-10-01
CUS_0x8ad5_2024_06_01,CUS_0x8ad5,1/6/2024,10,4,10000,1000,1000,0,6000,1/10/2024,2024-10-01,2025-11-09 07:30:19.821879,data/lms_loan_daily.csv,2024-10-01
CUS_0x8aea_2024_09_01,CUS_0x8aea,1/9/2024,10,1,10000,1000,1000,0,9000,1/10/2024,2024-10-01,2025-11-09 07:30:19.821879,data/lms_loan_daily.csv,2024-10-01
CUS_0x8af0_2023_12_01,CUS_0x8af0,1/12/2023,10,10,10000,1000,0,8000,8000,1/10/2024,2024-10-01,2025-11-09 07:30:19.821879,data/lms_loan_daily.csv,2024-10-01
CUS_0x8af1_2024_04_01,CUS_0x8af1,1/4/2024,10,6,10000,1000,1000,0,4000,1/10/2024,2024-10-01,2025-11-09 07:30:19.821879,data/lms_loan_daily.csv,2024-10-01
CUS_0x8b06_2024_04_01,CUS_0x8b06,1/4/2024,10,6,10000,1000,1000,0,4000,1/10/2024,2024-10-01,2025-11-09 07:30:19.821879,data/lms_loan_daily.csv,2024-10-01
CUS_0x8b09_2024_01_01,CUS_0x8b09,1/1/2024,10,9,10000,1000,1000,0,1000,1/10/2024,2024-10-01,2025-11-09 07:30:19.821879,data/lms_loan_daily.csv,2024-10-01
CUS_0x8b11_2023_12_01,CUS_0x8b11,1/12/2023,10,10,10000,1000,1000,0,0,1/10/2024,2024-10-01,2025-11-09 07:30:19.821879,data/lms_loan_daily.csv,2024-10-01
CUS_0x8b12_2024_06_01,CUS_0x8b12,1/6/2024,10,4,10000,1000,1000,0,6000,1/10/2024,2024-10-01,2025-11-09 07:30:19.821879,data/lms_loan_daily.csv,2024-10-01
CUS_0x8b2d_2024_10_01,CUS_0x8b2d,1/10/2024,10,0,10000,0,0,0,10000,1/10/2024,2024-10-01,2025-11-09 07:30:19.821879,data/lms_loan_daily.csv,2024-10-01
CUS_0x8b3e_2024_03_01,CUS_0x8b3e,1/3/2024,10,7,10000,1000,1000,0,3000,1/10/2024,2024-10-01,2025-11-09 07:30:19.821879,data/lms_loan_daily.csv,2024-10-01
CUS_0x8b62_2024_09_01,CUS_0x8b62,1/9/2024,10,1,10000,1000,1000,0,9000,1/10/2024,2024-10-01,2025-11-09 07:30:19.821879,data/lms_loan_daily.csv,2024-10-01
CUS_0x8b6c_2024_03_01,CUS_0x8b6c,1/3/2024,10,7,10000,1000,1000,0,3000,1/10/2024,2024-10-01,2025-11-09 07:30:19.821879,data/lms_loan_daily.csv,2024-10-01
CUS_0x8b6d_2024_05_01,CUS_0x8b6d,1/5/2024,10,5,10000,1000,1000,0,5000,1/10/2024,2024-10-01,2025-11-09 07:30:19.821879,data/lms_loan_daily.csv,2024-10-01
CUS_0x8b74_2024_01_01,CUS_0x8b74,1/1/2024,10,9,10000,1000,1000,0,1000,1/10/2024,2024-10-01,2025-11-09 07:30:19.821879,data/lms_loan_daily.csv,2024-10-01
CUS_0x8b7a_2024_07_01,CUS_0x8b7a,1/7/2024,10,3,10000,1000,0,1000,8000,1/10/2024,2024-10-01,2025-11-09 07:30:19.821879,data/lms_loan_daily.csv,2024-10-01
CUS_0x8b8_2024_02_01,CUS_0x8b8,1/2/2024,10,8,10000,1000,1000,0,2000,1/10/2024,2024-10-01,2025-11-09 07:30:19.821879,data/lms_loan_daily.csv,2024-10-01
CUS_0x8b85_2024_10_01,CUS_0x8b85,1/10/2024,10,0,10000,0,0,0,10000,1/10/2024,2024-10-01,2025-11-09 07:30:19.821879,data/lms_loan_daily.csv,2024-10-01
CUS_0x8b8b_2024_08_01,CUS_0x8b8b,1/8/2024,10,2,10000,1000,1000,0,8000,1/10/2024,2024-10-01,2025-11-09 07:30:19.821879,data/lms_loan_daily.csv,2024-10-01
CUS_0x8b96_2024_03_01,CUS_0x8b96,1/3/2024,10,7,10000,1000,0,3000,6000,1/10/2024,2024-10-01,2025-11-09 07:30:19.821879,data/lms_loan_daily.csv,2024-10-01
CUS_0x8bae_2024_09_01,CUS_0x8bae,1/9/2024,10,1,10000,1000,1000,0,9000,1/10/2024,2024-10-01,2025-11-09 07:30:19.821879,data/lms_loan_daily.csv,2024-10-01
CUS_0x8bb5_2024_10_01,CUS_0x8bb5,1/10/2024,10,0,10000,0,0,0,10000,1/10/2024,2024-10-01,2025-11-09 07:30:19.821879,data/lms_loan_daily.csv,2024-10-01
CUS_0x8bba_2024_06_01,CUS_0x8bba,1/6/2024,10,4,10000,1000,0,1000,7000,1/10/2024,2024-10-01,2025-11-09 07:30:19.821879,data/lms_loan_daily.csv,2024-10-01
CUS_0x8bbd_2024_01_01,CUS_0x8bbd,1/1/2024,10,9,10000,1000,1000,0,1000,1/10/2024,2024-10-01,2025-11-09 07:30:19.821879,data/lms_loan_daily.csv,2024-10-01
CUS_0x8bd4_2024_04_01,CUS_0x8bd4,1/4/2024,10,6,10000,1000,1000,0,4000,1/10/2024,2024-10-01,2025-11-09 07:30:19.821879,data/lms_loan_daily.csv,2024-10-01
CUS_0x8bdd_2024_04_01,CUS_0x8bdd,1/4/2024,10,6,10000,1000,1000,0,4000,1/10/2024,2024-10-01,2025-11-09 07:30:19.821879,data/lms_loan_daily.csv,2024-10-01
CUS_0x8bde_2024_05_01,CUS_0x8bde,1/5/2024,10,5,10000,1000,1000,0,5000,1/10/2024,2024-10-01,2025-11-09 07:30:19.821879,data/lms_loan_daily.csv,2024-10-01
CUS_0x8be0_2024_08_01,CUS_0x8be0,1/8/2024,10,2,10000,1000,0,1000,9000,1/10/2024,2024-10-01,2025-11-09 07:30:19.821879,data/lms_loan_daily.csv,2024-10-01
CUS_0x8be2_2024_09_01,CUS_0x8be2,1/9/2024,10,1,10000,1000,1000,0,9000,1/10/2024,2024-10-01,2025-11-09 07:30:19.821879,data/lms_loan_daily.csv,2024-10-01
CUS_0x8bf3_2024_03_01,CUS_0x8bf3,1/3/2024,10,7,10000,1000,1000,0,3000,1/10/2024,2024-10-01,2025-11-09 07:30:19.821879,data/lms_loan_daily.csv,2024-10-01
CUS_0x8c03_2024_02_01,CUS_0x8c03,1/2/2024,10,8,10000,1000,1000,0,2000,1/10/2024,2024-10-01,2025-11-09 07:30:19.821879,data/lms_loan_daily.csv,2024-10-01
CUS_0x8c11_2024_06_01,CUS_0x8c11,1/6/2024,10,4,10000,1000,1000,0,6000,1/10/2024,2024-10-01,2025-11-09 07:30:19.821879,data/lms_loan_daily.csv,2024-10-01
CUS_0x8c1f_2024_07_01,CUS_0x8c1f,1/7/2024,10,3,10000,1000,1000,0,7000,1/10/2024,2024-10-01,2025-11-09 07:30:19.821879,data/lms_loan_daily.csv,2024-10-01
CUS_0x8c27_2024_06_01,CUS_0x8c27,1/6/2024,10,4,10000,1000,0,1000,7000,1/10/2024,2024-10-01,2025-11-09 07:30:19.821879,data/lms_loan_daily.csv,2024-10-01
CUS_0x8c2d_2024_02_01,CUS_0x8c2d,1/2/2024,10,8,10000,1000,1000,0,2000,1/10/2024,2024-10-01,2025-11-09 07:30:19.821879,data/lms_loan_daily.csv,2024-10-01
CUS_0x8c3_2024_01_01,CUS_0x8c3,1/1/2024,10,9,10000,1000,0,8000,9000,1/10/2024,2024-10-01,2025-11-09 07:30:19.821879,data/lms_loan_daily.csv,2024-10-01
CUS_0x8c36_2024_03_01,CUS_0x8c36,1/3/2024,10,7,10000,1000,0,3000,6000,1/10/2024,2024-10-01,2025-11-09 07:30:19.821879,data/lms_loan_daily.csv,2024-10-01
CUS_0x8c47_2023_12_01,CUS_0x8c47,1/12/2023,10,10,10000,1000,0,10000,10000,1/10/2024,2024-10-01,2025-11-09 07:30:19.821879,data/lms_loan_daily.csv,2024-10-01
CUS_0x8c68_2024_06_01,CUS_0x8c68,1/6/2024,10,4,10000,1000,1000,0,6000,1/10/2024,2024-10-01,2025-11-09 07:30:19.821879,data/lms_loan_daily.csv,2024-10-01
CUS_0x8c69_2024_01_01,CUS_0x8c69,1/1/2024,10,9,10000,1000,1000,0,1000,1/10/2024,2024-10-01,2025-11-09 07:30:19.821879,data/lms_loan_daily.csv,2024-10-01
CUS_0x8c6d_2024_06_01,CUS_0x8c6d,1/6/2024,10,4,10000,1000,1000,0,6000,1/10/2024,2024-10-01,2025-11-09 07:30:19.821879,data/lms_loan_daily.csv,2024-10-01
CUS_0x8c76_2024_02_01,CUS_0x8c76,1/2/2024,10,8,10000,1000,1000,0,2000,1/10/2024,2024-10-01,2025-11-09 07:30:19.821879,data/lms_loan_daily.csv,2024-10-01
CUS_0x8c77_2024_01_01,CUS_0x8c77,1/1/2024,10,9,10000,1000,1000,0,1000,1/10/2024,2024-10-01,2025-11-09 07:30:19.821879,data/lms_loan_daily.csv,2024-10-01
CUS_0x8c79_2024_08_01,CUS_0x8c79,1/8/2024,10,2,10000,1000,1000,0,8000,1/10/2024,2024-10-01,2025-11-09 07:30:19.821879,data/lms_loan_daily.csv,2024-10-01
CUS_0x8c7b_2023_12_01,CUS_0x8c7b,1/12/2023,10,10,10000,1000,0,8000,8000,1/10/2024,2024-10-01,2025-11-09 07:30:19.821879,data/lms_loan_daily.csv,2024-10-01
CUS_0x8c88_2024_01_01,CUS_0x8c88,1/1/2024,10,9,10000,1000,0,5000,6000,1/10/2024,2024-10-01,2025-11-09 07:30:19.821879,data/lms_loan_daily.csv,2024-10-01
CUS_0x8c9c_2024_10_01,CUS_0x8c9c,1/10/2024,10,0,10000,0,0,0,10000,1/10/2024,2024-10-01,2025-11-09 07:30:19.821879,data/lms_loan_daily.csv,2024-10-01
CUS_0x8c9e_2024_05_01,CUS_0x8c9e,1/5/2024,10,5,10000,1000,1000,0,5000,1/10/2024,2024-10-01,2025-11-09 07:30:19.821879,data/lms_loan_daily.csv,2024-10-01
CUS_0x8ca7_2024_03_01,CUS_0x8ca7,1/3/2024,10,7,10000,1000,1000,0,3000,1/10/2024,2024-10-01,2025-11-09 07:30:19.821879,data/lms_loan_daily.csv,2024-10-01
CUS_0x8cb5_2024_09_01,CUS_0x8cb5,1/9/2024,10,1,10000,1000,1000,0,9000,1/10/2024,2024-10-01,2025-11-09 07:30:19.821879,data/lms_loan_daily.csv,2024-10-01
CUS_0x8cbe_2024_04_01,CUS_0x8cbe,1/4/2024,10,6,10000,1000,1000,0,4000,1/10/2024,2024-10-01,2025-11-09 07:30:19.821879,data/lms_loan_daily.csv,2024-10-01
CUS_0x8cc5_2024_01_01,CUS_0x8cc5,1/1/2024,10,9,10000,1000,1000,0,1000,1/10/2024,2024-10-01,2025-11-09 07:30:19.821879,data/lms_loan_daily.csv,2024-10-01
CUS_0x8cc8_2024_08_01,CUS_0x8cc8,1/8/2024,10,2,10000,1000,1000,0,8000,1/10/2024,2024-10-01,2025-11-09 07:30:19.821879,data/lms_loan_daily.csv,2024-10-01
CUS_0x8ccd_2024_10_01,CUS_0x8ccd,1/10/2024,10,0,10000,0,0,0,10000,1/10/2024,2024-10-01,2025-11-09 07:30:19.821879,data/lms_loan_daily.csv,2024-10-01
CUS_0x8cd4_2024_02_01,CUS_0x8cd4,1/2/2024,10,8,10000,1000,1000,0,2000,1/10/2024,2024-10-01,2025-11-09 07:30:19.821879,data/lms_loan_daily.csv,2024-10-01
CUS_0x8cf3_2024_09_01,CUS_0x8cf3,1/9/2024,10,1,10000,1000,1000,0,9000,1/10/2024,2024-10-01,2025-11-09 07:30:19.821879,data/lms_loan_daily.csv,2024-10-01
CUS_0x8cf9_2023_12_01,CUS_0x8cf9,1/12/2023,10,10,10000,1000,0,7000,7000,1/10/2024,2024-10-01,2025-11-09 07:30:19.821879,data/lms_loan_daily.csv,2024-10-01
CUS_0x8cfe_2024_08_01,CUS_0x8cfe,1/8/2024,10,2,10000,1000,1000,0,8000,1/10/2024,2024-10-01,2025-11-09 07:30:19.821879,data/lms_loan_daily.csv,2024-10-01
CUS_0x8d0_2024_09_01,CUS_0x8d0,1/9/2024,10,1,10000,1000,1000,0,9000,1/10/2024,2024-10-01,2025-11-09 07:30:19.821879,data/lms_loan_daily.csv,2024-10-01
CUS_0x8d01_2024_07_01,CUS_0x8d01,1/7/2024,10,3,10000,1000,1000,0,7000,1/10/2024,2024-10-01,2025-11-09 07:30:19.821879,data/lms_loan_daily.csv,2024-10-01
CUS_0x8d0b_2024_07_01,CUS_0x8d0b,1/7/2024,10,3,10000,1000,0,2000,9000,1/10/2024,2024-10-01,2025-11-09 07:30:19.821879,data/lms_loan_daily.csv,2024-10-01
CUS_0x8d0d_2024_08_01,CUS_0x8d0d,1/8/2024,10,2,10000,1000,1000,0,8000,1/10/2024,2024-10-01,2025-11-09 07:30:19.821879,data/lms_loan_daily.csv,2024-10-01
CUS_0x8d12_2023_12_01,CUS_0x8d12,1/12/2023,10,10,10000,1000,1000,0,0,1/10/2024,2024-10-01,2025-11-09 07:30:19.821879,data/lms_loan_daily.csv,2024-10-01
CUS_0x8d16_2024_01_01,CUS_0x8d16,1/1/2024,10,9,10000,1000,1000,0,1000,1/10/2024,2024-10-01,2025-11-09 07:30:19.821879,data/lms_loan_daily.csv,2024-10-01
CUS_0x8d19_2024_03_01,CUS_0x8d19,1/3/2024,10,7,10000,1000,1000,0,3000,1/10/2024,2024-10-01,2025-11-09 07:30:19.821879,data/lms_loan_daily.csv,2024-10-01
CUS_0x8d22_2024_06_01,CUS_0x8d22,1/6/2024,10,4,10000,1000,0,2000,8000,1/10/2024,2024-10-01,2025-11-09 07:30:19.821879,data/lms_loan_daily.csv,2024-10-01
CUS_0x8d2e_2024_09_01,CUS_0x8d2e,1/9/2024,10,1,10000,1000,1000,0,9000,1/10/2024,2024-10-01,2025-11-09 07:30:19.821879,data/lms_loan_daily.csv,2024-10-01
CUS_0x8d32_2024_09_01,CUS_0x8d32,1/9/2024,10,1,10000,1000,1000,0,9000,1/10/2024,2024-10-01,2025-11-09 07:30:19.821879,data/lms_loan_daily.csv,2024-10-01
CUS_0x8d33_2024_09_01,CUS_0x8d33,1/9/2024,10,1,10000,1000,1000,0,9000,1/10/2024,2024-10-01,2025-11-09 07:30:19.821879,data/lms_loan_daily.csv,2024-10-01
CUS_0x8d39_2024_10_01,CUS_0x8d39,1/10/2024,10,0,10000,0,0,0,10000,1/10/2024,2024-10-01,2025-11-09 07:30:19.821879,data/lms_loan_daily.csv,2024-10-01
CUS_0x8d3f_2024_05_01,CUS_0x8d3f,1/5/2024,10,5,10000,1000,1000,0,5000,1/10/2024,2024-10-01,2025-11-09 07:30:19.821879,data/lms_loan_daily.csv,2024-10-01
CUS_0x8d40_2024_08_01,CUS_0x8d40,1/8/2024,10,2,10000,1000,1000,0,8000,1/10/2024,2024-10-01,2025-11-09 07:30:19.821879,data/lms_loan_daily.csv,2024-10-01
CUS_0x8d42_2024_09_01,CUS_0x8d42,1/9/2024,10,1,10000,1000,1000,0,9000,1/10/2024,2024-10-01,2025-11-09 07:30:19.821879,data/lms_loan_daily.csv,2024-10-01
CUS_0x8d43_2024_06_01,CUS_0x8d43,1/6/2024,10,4,10000,1000,3000,0,6000,1/10/2024,2024-10-01,2025-11-09 07:30:19.821879,data/lms_loan_daily.csv,2024-10-01
CUS_0x8d45_2024_10_01,CUS_0x8d45,1/10/2024,10,0,10000,0,0,0,10000,1/10/2024,2024-10-01,2025-11-09 07:30:19.821879,data/lms_loan_daily.csv,2024-10-01
CUS_0x8d46_2024_05_01,CUS_0x8d46,1/5/2024,10,5,10000,1000,0,2000,7000,1/10/2024,2024-10-01,2025-11-09 07:30:19.821879,data/lms_loan_daily.csv,2024-10-01
CUS_0x8d48_2024_05_01,CUS_0x8d48,1/5/2024,10,5,10000,1000,1000,0,5000,1/10/2024,2024-10-01,2025-11-09 07:30:19.821879,data/lms_loan_daily.csv,2024-10-01
CUS_0x8d4f_2024_07_01,CUS_0x8d4f,1/7/2024,10,3,10000,1000,0,1000,8000,1/10/2024,2024-10-01,2025-11-09 07:30:19.821879,data/lms_loan_daily.csv,2024-10-01
CUS_0x8d5e_2024_09_01,CUS_0x8d5e,1/9/2024,10,1,10000,1000,1000,0,9000,1/10/2024,2024-10-01,2025-11-09 07:30:19.821879,data/lms_loan_daily.csv,2024-10-01
CUS_0x8d6b_2024_10_01,CUS_0x8d6b,1/10/2024,10,0,10000,0,0,0,10000,1/10/2024,2024-10-01,2025-11-09 07:30:19.821879,data/lms_loan_daily.csv,2024-10-01
CUS_0x8d7b_2023_12_01,CUS_0x8d7b,1/12/2023,10,10,10000,1000,1000,0,0,1/10/2024,2024-10-01,2025-11-09 07:30:19.821879,data/lms_loan_daily.csv,2024-10-01
CUS_0x8d7e_2024_06_01,CUS_0x8d7e,1/6/2024,10,4,10000,1000,1000,0,6000,1/10/2024,2024-10-01,2025-11-09 07:30:19.821879,data/lms_loan_daily.csv,2024-10-01
CUS_0x8d90_2024_07_01,CUS_0x8d90,1/7/2024,10,3,10000,1000,1000,0,7000,1/10/2024,2024-10-01,2025-11-09 07:30:19.821879,data/lms_loan_daily.csv,2024-10-01
CUS_0x8d91_2023_12_01,CUS_0x8d91,1/12/2023,10,10,10000,1000,0,8000,8000,1/10/2024,2024-10-01,2025-11-09 07:30:19.821879,data/lms_loan_daily.csv,2024-10-01
CUS_0x8d9a_2023_12_01,CUS_0x8d9a,1/12/2023,10,10,10000,1000,1000,0,0,1/10/2024,2024-10-01,2025-11-09 07:30:19.821879,data/lms_loan_daily.csv,2024-10-01
CUS_0x8da1_2024_02_01,CUS_0x8da1,1/2/2024,10,8,10000,1000,1000,0,2000,1/10/2024,2024-10-01,2025-11-09 07:30:19.821879,data/lms_loan_daily.csv,2024-10-01
CUS_0x8da2_2024_01_01,CUS_0x8da2,1/1/2024,10,9,10000,1000,1000,0,1000,1/10/2024,2024-10-01,2025-11-09 07:30:19.821879,data/lms_loan_daily.csv,2024-10-01
CUS_0x8da8_2024_03_01,CUS_0x8da8,1/3/2024,10,7,10000,1000,0,5000,8000,1/10/2024,2024-10-01,2025-11-09 07:30:19.821879,data/lms_loan_daily.csv,2024-10-01
CUS_0x8db6_2024_08_01,CUS_0x8db6,1/8/2024,10,2,10000,1000,1000,0,8000,1/10/2024,2024-10-01,2025-11-09 07:30:19.821879,data/lms_loan_daily.csv,2024-10-01
CUS_0x8dbe_2023_12_01,CUS_0x8dbe,1/12/2023,10,10,10000,1000,1000,0,0,1/10/2024,2024-10-01,2025-11-09 07:30:19.821879,data/lms_loan_daily.csv,2024-10-01
CUS_0x8dc4_2023_12_01,CUS_0x8dc4,1/12/2023,10,10,10000,1000,0,8000,8000,1/10/2024,2024-10-01,2025-11-09 07:30:19.821879,data/lms_loan_daily.csv,2024-10-01
CUS_0x8ddd_2024_09_01,CUS_0x8ddd,1/9/2024,10,1,10000,1000,1000,0,9000,1/10/2024,2024-10-01,2025-11-09 07:30:19.821879,data/lms_loan_daily.csv,2024-10-01
CUS_0x8dfe_2024_03_01,CUS_0x8dfe,1/3/2024,10,7,10000,1000,1000,0,3000,1/10/2024,2024-10-01,2025-11-09 07:30:19.821879,data/lms_loan_daily.csv,2024-10-01
CUS_0x8e2_2024_07_01,CUS_0x8e2,1/7/2024,10,3,10000,1000,1000,0,7000,1/10/2024,2024-10-01,2025-11-09 07:30:19.821879,data/lms_loan_daily.csv,2024-10-01
CUS_0x8e29_2024_09_01,CUS_0x8e29,1/9/2024,10,1,10000,1000,1000,0,9000,1/10/2024,2024-10-01,2025-11-09 07:30:19.821879,data/lms_loan_daily.csv,2024-10-01
CUS_0x8e3_2024_02_01,CUS_0x8e3,1/2/2024,10,8,10000,1000,1000,0,2000,1/10/2024,2024-10-01,2025-11-09 07:30:19.821879,data/lms_loan_daily.csv,2024-10-01
CUS_0x8e38_2024_01_01,CUS_0x8e38,1/1/2024,10,9,10000,1000,1000,0,1000,1/10/2024,2024-10-01,2025-11-09 07:30:19.821879,data/lms_loan_daily.csv,2024-10-01
CUS_0x8e40_2024_09_01,CUS_0x8e40,1/9/2024,10,1,10000,1000,1000,0,9000,1/10/2024,2024-10-01,2025-11-09 07:30:19.821879,data/lms_loan_daily.csv,2024-10-01
CUS_0x8e45_2024_09_01,CUS_0x8e45,1/9/2024,10,1,10000,1000,1000,0,9000,1/10/2024,2024-10-01,2025-11-09 07:30:19.821879,data/lms_loan_daily.csv,2024-10-01
CUS_0x8e48_2024_03_01,CUS_0x8e48,1/3/2024,10,7,10000,1000,1000,0,3000,1/10/2024,2024-10-01,2025-11-09 07:30:19.821879,data/lms_loan_daily.csv,2024-10-01
CUS_0x8e4e_2024_02_01,CUS_0x8e4e,1/2/2024,10,8,10000,1000,1000,0,2000,1/10/2024,2024-10-01,2025-11-09 07:30:19.821879,data/lms_loan_daily.csv,2024-10-01
CUS_0x8e5_2024_05_01,CUS_0x8e5,1/5/2024,10,5,10000,1000,0,2000,7000,1/10/2024,2024-10-01,2025-11-09 07:30:19.821879,data/lms_loan_daily.csv,2024-10-01
CUS_0x8e5f_2024_01_01,CUS_0x8e5f,1/1/2024,10,9,10000,1000,1000,0,1000,1/10/2024,2024-10-01,2025-11-09 07:30:19.821879,data/lms_loan_daily.csv,2024-10-01
CUS_0x8e65_2024_01_01,CUS_0x8e65,1/1/2024,10,9,10000,1000,1000,0,1000,1/10/2024,2024-10-01,2025-11-09 07:30:19.821879,data/lms_loan_daily.csv,2024-10-01
CUS_0x8e6e_2024_08_01,CUS_0x8e6e,1/8/2024,10,2,10000,1000,1000,0,8000,1/10/2024,2024-10-01,2025-11-09 07:30:19.821879,data/lms_loan_daily.csv,2024-10-01
CUS_0x8e70_2024_02_01,CUS_0x8e70,1/2/2024,10,8,10000,1000,0,5000,7000,1/10/2024,2024-10-01,2025-11-09 07:30:19.821879,data/lms_loan_daily.csv,2024-10-01
CUS_0x8e71_2023_12_01,CUS_0x8e71,1/12/2023,10,10,10000,1000,1000,0,0,1/10/2024,2024-10-01,2025-11-09 07:30:19.821879,data/lms_loan_daily.csv,2024-10-01
CUS_0x8e72_2024_10_01,CUS_0x8e72,1/10/2024,10,0,10000,0,0,0,10000,1/10/2024,2024-10-01,2025-11-09 07:30:19.821879,data/lms_loan_daily.csv,2024-10-01
CUS_0x8e73_2024_07_01,CUS_0x8e73,1/7/2024,10,3,10000,1000,1000,0,7000,1/10/2024,2024-10-01,2025-11-09 07:30:19.821879,data/lms_loan_daily.csv,2024-10-01
CUS_0x8e8_2024_03_01,CUS_0x8e8,1/3/2024,10,7,10000,1000,1000,0,3000,1/10/2024,2024-10-01,2025-11-09 07:30:19.821879,data/lms_loan_daily.csv,2024-10-01
CUS_0x8e82_2024_04_01,CUS_0x8e82,1/4/2024,10,6,10000,1000,1000,0,4000,1/10/2024,2024-10-01,2025-11-09 07:30:19.821879,data/lms_loan_daily.csv,2024-10-01
CUS_0x8e8b_2024_02_01,CUS_0x8e8b,1/2/2024,10,8,10000,1000,1000,0,2000,1/10/2024,2024-10-01,2025-11-09 07:30:19.821879,data/lms_loan_daily.csv,2024-10-01
CUS_0x8ea_2024_03_01,CUS_0x8ea,1/3/2024,10,7,10000,1000,1000,0,3000,1/10/2024,2024-10-01,2025-11-09 07:30:19.821879,data/lms_loan_daily.csv,2024-10-01
CUS_0x8ea5_2024_02_01,CUS_0x8ea5,1/2/2024,10,8,10000,1000,1000,0,2000,1/10/2024,2024-10-01,2025-11-09 07:30:19.821879,data/lms_loan_daily.csv,2024-10-01
CUS_0x8eb2_2024_02_01,CUS_0x8eb2,1/2/2024,10,8,10000,1000,1000,0,2000,1/10/2024,2024-10-01,2025-11-09 07:30:19.821879,data/lms_loan_daily.csv,2024-10-01
CUS_0x8ebd_2024_03_01,CUS_0x8ebd,1/3/2024,10,7,10000,1000,1000,0,3000,1/10/2024,2024-10-01,2025-11-09 07:30:19.821879,data/lms_loan_daily.csv,2024-10-01
CUS_0x8ec_2024_09_01,CUS_0x8ec,1/9/2024,10,1,10000,1000,1000,0,9000,1/10/2024,2024-10-01,2025-11-09 07:30:19.821879,data/lms_loan_daily.csv,2024-10-01
CUS_0x8ec5_2024_02_01,CUS_0x8ec5,1/2/2024,10,8,10000,1000,0,4000,6000,1/10/2024,2024-10-01,2025-11-09 07:30:19.821879,data/lms_loan_daily.csv,2024-10-01
CUS_0x8ed_2024_05_01,CUS_0x8ed,1/5/2024,10,5,10000,1000,1000,0,5000,1/10/2024,2024-10-01,2025-11-09 07:30:19.821879,data/lms_loan_daily.csv,2024-10-01
CUS_0x8ed5_2024_03_01,CUS_0x8ed5,1/3/2024,10,7,10000,1000,1000,0,3000,1/10/2024,2024-10-01,2025-11-09 07:30:19.821879,data/lms_loan_daily.csv,2024-10-01
CUS_0x8ee1_2023_12_01,CUS_0x8ee1,1/12/2023,10,10,10000,1000,1000,0,0,1/10/2024,2024-10-01,2025-11-09 07:30:19.821879,data/lms_loan_daily.csv,2024-10-01
CUS_0x8ee3_2023_12_01,CUS_0x8ee3,1/12/2023,10,10,10000,1000,1000,0,0,1/10/2024,2024-10-01,2025-11-09 07:30:19.821879,data/lms_loan_daily.csv,2024-10-01
CUS_0x8efa_2024_03_01,CUS_0x8efa,1/3/2024,10,7,10000,1000,1000,0,3000,1/10/2024,2024-10-01,2025-11-09 07:30:19.821879,data/lms_loan_daily.csv,2024-10-01
CUS_0x8f02_2024_05_01,CUS_0x8f02,1/5/2024,10,5,10000,1000,1000,0,5000,1/10/2024,2024-10-01,2025-11-09 07:30:19.821879,data/lms_loan_daily.csv,2024-10-01
CUS_0x8f05_2024_10_01,CUS_0x8f05,1/10/2024,10,0,10000,0,0,0,10000,1/10/2024,2024-10-01,2025-11-09 07:30:19.821879,data/lms_loan_daily.csv,2024-10-01
CUS_0x8f16_2024_04_01,CUS_0x8f16,1/4/2024,10,6,10000,1000,1000,0,4000,1/10/2024,2024-10-01,2025-11-09 07:30:19.821879,data/lms_loan_daily.csv,2024-10-01
CUS_0x8f17_2024_03_01,CUS_0x8f17,1/3/2024,10,7,10000,1000,0,6000,9000,1/10/2024,2024-10-01,2025-11-09 07:30:19.821879,data/lms_loan_daily.csv,2024-10-01
CUS_0x8f1b_2024_04_01,CUS_0x8f1b,1/4/2024,10,6,10000,1000,1000,0,4000,1/10/2024,2024-10-01,2025-11-09 07:30:19.821879,data/lms_loan_daily.csv,2024-10-01
CUS_0x8f20_2023_12_01,CUS_0x8f20,1/12/2023,10,10,10000,1000,1000,0,0,1/10/2024,2024-10-01,2025-11-09 07:30:19.821879,data/lms_loan_daily.csv,2024-10-01
CUS_0x8f2d_2024_09_01,CUS_0x8f2d,1/9/2024,10,1,10000,1000,1000,0,9000,1/10/2024,2024-10-01,2025-11-09 07:30:19.821879,data/lms_loan_daily.csv,2024-10-01
CUS_0x8f34_2024_07_01,CUS_0x8f34,1/7/2024,10,3,10000,1000,1000,0,7000,1/10/2024,2024-10-01,2025-11-09 07:30:19.821879,data/lms_loan_daily.csv,2024-10-01
CUS_0x8f3a_2024_02_01,CUS_0x8f3a,1/2/2024,10,8,10000,1000,0,7000,9000,1/10/2024,2024-10-01,2025-11-09 07:30:19.821879,data/lms_loan_daily.csv,2024-10-01
CUS_0x8f4f_2023_12_01,CUS_0x8f4f,1/12/2023,10,10,10000,1000,0,9000,9000,1/10/2024,2024-10-01,2025-11-09 07:30:19.821879,data/lms_loan_daily.csv,2024-10-01
CUS_0x8f68_2024_05_01,CUS_0x8f68,1/5/2024,10,5,10000,1000,0,3000,8000,1/10/2024,2024-10-01,2025-11-09 07:30:19.821879,data/lms_loan_daily.csv,2024-10-01
CUS_0x8f6a_2024_09_01,CUS_0x8f6a,1/9/2024,10,1,10000,1000,1000,0,9000,1/10/2024,2024-10-01,2025-11-09 07:30:19.821879,data/lms_loan_daily.csv,2024-10-01
CUS_0x8f70_2024_01_01,CUS_0x8f70,1/1/2024,10,9,10000,1000,1000,0,1000,1/10/2024,2024-10-01,2025-11-09 07:30:19.821879,data/lms_loan_daily.csv,2024-10-01
CUS_0x8f7b_2024_09_01,CUS_0x8f7b,1/9/2024,10,1,10000,1000,1000,0,9000,1/10/2024,2024-10-01,2025-11-09 07:30:19.821879,data/lms_loan_daily.csv,2024-10-01
CUS_0x8f8c_2024_06_01,CUS_0x8f8c,1/6/2024,10,4,10000,1000,1000,0,6000,1/10/2024,2024-10-01,2025-11-09 07:30:19.821879,data/lms_loan_daily.csv,2024-10-01
CUS_0x8fa9_2023_12_01,CUS_0x8fa9,1/12/2023,10,10,10000,1000,0,8000,8000,1/10/2024,2024-10-01,2025-11-09 07:30:19.821879,data/lms_loan_daily.csv,2024-10-01
CUS_0x8fb7_2024_08_01,CUS_0x8fb7,1/8/2024,10,2,10000,1000,0,1000,9000,1/10/2024,2024-10-01,2025-11-09 07:30:19.821879,data/lms_loan_daily.csv,2024-10-01
CUS_0x8fb8_2024_04_01,CUS_0x8fb8,1/4/2024,10,6,10000,1000,0,2000,6000,1/10/2024,2024-10-01,2025-11-09 07:30:19.821879,data/lms_loan_daily.csv,2024-10-01
CUS_0x8fbb_2024_08_01,CUS_0x8fbb,1/8/2024,10,2,10000,1000,1000,0,8000,1/10/2024,2024-10-01,2025-11-09 07:30:19.821879,data/lms_loan_daily.csv,2024-10-01
CUS_0x8fc8_2024_07_01,CUS_0x8fc8,1/7/2024,10,3,10000,1000,1000,0,7000,1/10/2024,2024-10-01,2025-11-09 07:30:19.821879,data/lms_loan_daily.csv,2024-10-01
CUS_0x8fcd_2024_04_01,CUS_0x8fcd,1/4/2024,10,6,10000,1000,1000,0,4000,1/10/2024,2024-10-01,2025-11-09 07:30:19.821879,data/lms_loan_daily.csv,2024-10-01
CUS_0x8fd5_2024_06_01,CUS_0x8fd5,1/6/2024,10,4,10000,1000,1000,0,6000,1/10/2024,2024-10-01,2025-11-09 07:30:19.821879,data/lms_loan_daily.csv,2024-10-01
CUS_0x8fe0_2024_05_01,CUS_0x8fe0,1/5/2024,10,5,10000,1000,1000,0,5000,1/10/2024,2024-10-01,2025-11-09 07:30:19.821879,data/lms_loan_daily.csv,2024-10-01
CUS_0x8fe6_2024_01_01,CUS_0x8fe6,1/1/2024,10,9,10000,1000,1000,0,1000,1/10/2024,2024-10-01,2025-11-09 07:30:19.821879,data/lms_loan_daily.csv,2024-10-01
CUS_0x8fee_2023_12_01,CUS_0x8fee,1/12/2023,10,10,10000,1000,1000,0,0,1/10/2024,2024-10-01,2025-11-09 07:30:19.821879,data/lms_loan_daily.csv,2024-10-01
CUS_0x8ff4_2024_01_01,CUS_0x8ff4,1/1/2024,10,9,10000,1000,0,7000,8000,1/10/2024,2024-10-01,2025-11-09 07:30:19.821879,data/lms_loan_daily.csv,2024-10-01
CUS_0x8ff5_2024_10_01,CUS_0x8ff5,1/10/2024,10,0,10000,0,0,0,10000,1/10/2024,2024-10-01,2025-11-09 07:30:19.821879,data/lms_loan_daily.csv,2024-10-01
CUS_0x8ff8_2024_07_01,CUS_0x8ff8,1/7/2024,10,3,10000,1000,1000,0,7000,1/10/2024,2024-10-01,2025-11-09 07:30:19.821879,data/lms_loan_daily.csv,2024-10-01
CUS_0x900_2024_08_01,CUS_0x900,1/8/2024,10,2,10000,1000,1000,0,8000,1/10/2024,2024-10-01,2025-11-09 07:30:19.821879,data/lms_loan_daily.csv,2024-10-01
CUS_0x9000_2024_10_01,CUS_0x9000,1/10/2024,10,0,10000,0,0,0,10000,1/10/2024,2024-10-01,2025-11-09 07:30:19.821879,data/lms_loan_daily.csv,2024-10-01
CUS_0x9002_2024_02_01,CUS_0x9002,1/2/2024,10,8,10000,1000,1000,0,2000,1/10/2024,2024-10-01,2025-11-09 07:30:19.821879,data/lms_loan_daily.csv,2024-10-01
CUS_0x901_2024_07_01,CUS_0x901,1/7/2024,10,3,10000,1000,1000,0,7000,1/10/2024,2024-10-01,2025-11-09 07:30:19.821879,data/lms_loan_daily.csv,2024-10-01
CUS_0x9011_2024_09_01,CUS_0x9011,1/9/2024,10,1,10000,1000,1000,0,9000,1/10/2024,2024-10-01,2025-11-09 07:30:19.821879,data/lms_loan_daily.csv,2024-10-01
CUS_0x9014_2024_10_01,CUS_0x9014,1/10/2024,10,0,10000,0,0,0,10000,1/10/2024,2024-10-01,2025-11-09 07:30:19.821879,data/lms_loan_daily.csv,2024-10-01
CUS_0x9017_2024_08_01,CUS_0x9017,1/8/2024,10,2,10000,1000,1000,0,8000,1/10/2024,2024-10-01,2025-11-09 07:30:19.821879,data/lms_loan_daily.csv,2024-10-01
CUS_0x9019_2024_06_01,CUS_0x9019,1/6/2024,10,4,10000,1000,0,4000,10000,1/10/2024,2024-10-01,2025-11-09 07:30:19.821879,data/lms_loan_daily.csv,2024-10-01
CUS_0x901c_2024_05_01,CUS_0x901c,1/5/2024,10,5,10000,1000,0,4000,9000,1/10/2024,2024-10-01,2025-11-09 07:30:19.821879,data/lms_loan_daily.csv,2024-10-01
CUS_0x9021_2024_10_01,CUS_0x9021,1/10/2024,10,0,10000,0,0,0,10000,1/10/2024,2024-10-01,2025-11-09 07:30:19.821879,data/lms_loan_daily.csv,2024-10-01
CUS_0x903a_2024_06_01,CUS_0x903a,1/6/2024,10,4,10000,1000,1000,0,6000,1/10/2024,2024-10-01,2025-11-09 07:30:19.821879,data/lms_loan_daily.csv,2024-10-01
CUS_0x9041_2024_09_01,CUS_0x9041,1/9/2024,10,1,10000,1000,1000,0,9000,1/10/2024,2024-10-01,2025-11-09 07:30:19.821879,data/lms_loan_daily.csv,2024-10-01
CUS_0x9046_2024_03_01,CUS_0x9046,1/3/2024,10,7,10000,1000,1000,0,3000,1/10/2024,2024-10-01,2025-11-09 07:30:19.821879,data/lms_loan_daily.csv,2024-10-01
CUS_0x905_2024_01_01,CUS_0x905,1/1/2024,10,9,10000,1000,1000,0,1000,1/10/2024,2024-10-01,2025-11-09 07:30:19.821879,data/lms_loan_daily.csv,2024-10-01
CUS_0x9053_2024_02_01,CUS_0x9053,1/2/2024,10,8,10000,1000,1000,0,2000,1/10/2024,2024-10-01,2025-11-09 07:30:19.821879,data/lms_loan_daily.csv,2024-10-01
CUS_0x906b_2024_03_01,CUS_0x906b,1/3/2024,10,7,10000,1000,0,4000,7000,1/10/2024,2024-10-01,2025-11-09 07:30:19.821879,data/lms_loan_daily.csv,2024-10-01
CUS_0x906e_2024_03_01,CUS_0x906e,1/3/2024,10,7,10000,1000,0,4000,7000,1/10/2024,2024-10-01,2025-11-09 07:30:19.821879,data/lms_loan_daily.csv,2024-10-01
CUS_0x907d_2024_05_01,CUS_0x907d,1/5/2024,10,5,10000,1000,1000,0,5000,1/10/2024,2024-10-01,2025-11-09 07:30:19.821879,data/lms_loan_daily.csv,2024-10-01
CUS_0x9081_2024_02_01,CUS_0x9081,1/2/2024,10,8,10000,1000,1000,0,2000,1/10/2024,2024-10-01,2025-11-09 07:30:19.821879,data/lms_loan_daily.csv,2024-10-01
CUS_0x909a_2024_02_01,CUS_0x909a,1/2/2024,10,8,10000,1000,1000,0,2000,1/10/2024,2024-10-01,2025-11-09 07:30:19.821879,data/lms_loan_daily.csv,2024-10-01
CUS_0x909d_2023_12_01,CUS_0x909d,1/12/2023,10,10,10000,1000,0,6000,6000,1/10/2024,2024-10-01,2025-11-09 07:30:19.821879,data/lms_loan_daily.csv,2024-10-01
CUS_0x90ac_2024_08_01,CUS_0x90ac,1/8/2024,10,2,10000,1000,1000,0,8000,1/10/2024,2024-10-01,2025-11-09 07:30:19.821879,data/lms_loan_daily.csv,2024-10-01
CUS_0x90b2_2024_05_01,CUS_0x90b2,1/5/2024,10,5,10000,1000,1000,0,5000,1/10/2024,2024-10-01,2025-11-09 07:30:19.821879,data/lms_loan_daily.csv,2024-10-01
CUS_0x90ca_2024_07_01,CUS_0x90ca,1/7/2024,10,3,10000,1000,1000,0,7000,1/10/2024,2024-10-01,2025-11-09 07:30:19.821879,data/lms_loan_daily.csv,2024-10-01
CUS_0x90cb_2024_08_01,CUS_0x90cb,1/8/2024,10,2,10000,1000,1000,0,8000,1/10/2024,2024-10-01,2025-11-09 07:30:19.821879,data/lms_loan_daily.csv,2024-10-01
CUS_0x90d0_2024_04_01,CUS_0x90d0,1/4/2024,10,6,10000,1000,0,3000,7000,1/10/2024,2024-10-01,2025-11-09 07:30:19.821879,data/lms_loan_daily.csv,2024-10-01
CUS_0x90d6_2024_06_01,CUS_0x90d6,1/6/2024,10,4,10000,1000,1000,0,6000,1/10/2024,2024-10-01,2025-11-09 07:30:19.821879,data/lms_loan_daily.csv,2024-10-01
CUS_0x90e_2024_07_01,CUS_0x90e,1/7/2024,10,3,10000,1000,0,1000,8000,1/10/2024,2024-10-01,2025-11-09 07:30:19.821879,data/lms_loan_daily.csv,2024-10-01
CUS_0x90e0_2024_06_01,CUS_0x90e0,1/6/2024,10,4,10000,1000,1000,0,6000,1/10/2024,2024-10-01,2025-11-09 07:30:19.821879,data/lms_loan_daily.csv,2024-10-01
CUS_0x90e6_2024_08_01,CUS_0x90e6,1/8/2024,10,2,10000,1000,1000,0,8000,1/10/2024,2024-10-01,2025-11-09 07:30:19.821879,data/lms_loan_daily.csv,2024-10-01
CUS_0x90e7_2024_02_01,CUS_0x90e7,1/2/2024,10,8,10000,1000,1000,0,2000,1/10/2024,2024-10-01,2025-11-09 07:30:19.821879,data/lms_loan_daily.csv,2024-10-01
CUS_0x90ef_2024_04_01,CUS_0x90ef,1/4/2024,10,6,10000,1000,1000,0,4000,1/10/2024,2024-10-01,2025-11-09 07:30:19.821879,data/lms_loan_daily.csv,2024-10-01
CUS_0x90f_2024_01_01,CUS_0x90f,1/1/2024,10,9,10000,1000,1000,0,1000,1/10/2024,2024-10-01,2025-11-09 07:30:19.821879,data/lms_loan_daily.csv,2024-10-01
CUS_0x90f0_2024_09_01,CUS_0x90f0,1/9/2024,10,1,10000,1000,1000,0,9000,1/10/2024,2024-10-01,2025-11-09 07:30:19.821879,data/lms_loan_daily.csv,2024-10-01
CUS_0x910e_2024_05_01,CUS_0x910e,1/5/2024,10,5,10000,1000,0,2000,7000,1/10/2024,2024-10-01,2025-11-09 07:30:19.821879,data/lms_loan_daily.csv,2024-10-01
CUS_0x9117_2024_05_01,CUS_0x9117,1/5/2024,10,5,10000,1000,1000,0,5000,1/10/2024,2024-10-01,2025-11-09 07:30:19.821879,data/lms_loan_daily.csv,2024-10-01
CUS_0x9126_2024_03_01,CUS_0x9126,1/3/2024,10,7,10000,1000,1000,0,3000,1/10/2024,2024-10-01,2025-11-09 07:30:19.821879,data/lms_loan_daily.csv,2024-10-01
CUS_0x9127_2024_05_01,CUS_0x9127,1/5/2024,10,5,10000,1000,1000,0,5000,1/10/2024,2024-10-01,2025-11-09 07:30:19.821879,data/lms_loan_daily.csv,2024-10-01
CUS_0x913c_2024_09_01,CUS_0x913c,1/9/2024,10,1,10000,1000,1000,0,9000,1/10/2024,2024-10-01,2025-11-09 07:30:19.821879,data/lms_loan_daily.csv,2024-10-01
CUS_0x9146_2024_03_01,CUS_0x9146,1/3/2024,10,7,10000,1000,1000,0,3000,1/10/2024,2024-10-01,2025-11-09 07:30:19.821879,data/lms_loan_daily.csv,2024-10-01
CUS_0x914e_2024_04_01,CUS_0x914e,1/4/2024,10,6,10000,1000,1000,0,4000,1/10/2024,2024-10-01,2025-11-09 07:30:19.821879,data/lms_loan_daily.csv,2024-10-01
CUS_0x9153_2024_03_01,CUS_0x9153,1/3/2024,10,7,10000,1000,1000,0,3000,1/10/2024,2024-10-01,2025-11-09 07:30:19.821879,data/lms_loan_daily.csv,2024-10-01
CUS_0x915a_2024_03_01,CUS_0x915a,1/3/2024,10,7,10000,1000,1000,0,3000,1/10/2024,2024-10-01,2025-11-09 07:30:19.821879,data/lms_loan_daily.csv,2024-10-01
CUS_0x9165_2023_12_01,CUS_0x9165,1/12/2023,10,10,10000,1000,1000,0,0,1/10/2024,2024-10-01,2025-11-09 07:30:19.821879,data/lms_loan_daily.csv,2024-10-01
CUS_0x9169_2024_04_01,CUS_0x9169,1/4/2024,10,6,10000,1000,1000,0,4000,1/10/2024,2024-10-01,2025-11-09 07:30:19.821879,data/lms_loan_daily.csv,2024-10-01
CUS_0x9173_2023_12_01,CUS_0x9173,1/12/2023,10,10,10000,1000,1000,0,0,1/10/2024,2024-10-01,2025-11-09 07:30:19.821879,data/lms_loan_daily.csv,2024-10-01
CUS_0x9175_2024_01_01,CUS_0x9175,1/1/2024,10,9,10000,1000,1000,0,1000,1/10/2024,2024-10-01,2025-11-09 07:30:19.821879,data/lms_loan_daily.csv,2024-10-01
CUS_0x917b_2024_02_01,CUS_0x917b,1/2/2024,10,8,10000,1000,0,7000,9000,1/10/2024,2024-10-01,2025-11-09 07:30:19.821879,data/lms_loan_daily.csv,2024-10-01
CUS_0x918d_2024_02_01,CUS_0x918d,1/2/2024,10,8,10000,1000,1000,0,2000,1/10/2024,2024-10-01,2025-11-09 07:30:19.821879,data/lms_loan_daily.csv,2024-10-01
CUS_0x9192_2023_12_01,CUS_0x9192,1/12/2023,10,10,10000,1000,1000,0,0,1/10/2024,2024-10-01,2025-11-09 07:30:19.821879,data/lms_loan_daily.csv,2024-10-01
CUS_0x9199_2024_10_01,CUS_0x9199,1/10/2024,10,0,10000,0,0,0,10000,1/10/2024,2024-10-01,2025-11-09 07:30:19.821879,data/lms_loan_daily.csv,2024-10-01
CUS_0x919a_2024_08_01,CUS_0x919a,1/8/2024,10,2,10000,1000,1000,0,8000,1/10/2024,2024-10-01,2025-11-09 07:30:19.821879,data/lms_loan_daily.csv,2024-10-01
CUS_0x91b_2024_10_01,CUS_0x91b,1/10/2024,10,0,10000,0,0,0,10000,1/10/2024,2024-10-01,2025-11-09 07:30:19.821879,data/lms_loan_daily.csv,2024-10-01
CUS_0x91da_2024_01_01,CUS_0x91da,1/1/2024,10,9,10000,1000,1000,0,1000,1/10/2024,2024-10-01,2025-11-09 07:30:19.821879,data/lms_loan_daily.csv,2024-10-01
CUS_0x91dd_2023_12_01,CUS_0x91dd,1/12/2023,10,10,10000,1000,1000,0,0,1/10/2024,2024-10-01,2025-11-09 07:30:19.821879,data/lms_loan_daily.csv,2024-10-01
CUS_0x91df_2024_05_01,CUS_0x91df,1/5/2024,10,5,10000,1000,1000,0,5000,1/10/2024,2024-10-01,2025-11-09 07:30:19.821879,data/lms_loan_daily.csv,2024-10-01
CUS_0x91ee_2024_03_01,CUS_0x91ee,1/3/2024,10,7,10000,1000,1000,0,3000,1/10/2024,2024-10-01,2025-11-09 07:30:19.821879,data/lms_loan_daily.csv,2024-10-01
CUS_0x91f6_2024_03_01,CUS_0x91f6,1/3/2024,10,7,10000,1000,1000,0,3000,1/10/2024,2024-10-01,2025-11-09 07:30:19.821879,data/lms_loan_daily.csv,2024-10-01
CUS_0x91fe_2023_12_01,CUS_0x91fe,1/12/2023,10,10,10000,1000,1000,0,0,1/10/2024,2024-10-01,2025-11-09 07:30:19.821879,data/lms_loan_daily.csv,2024-10-01
CUS_0x9200_2024_03_01,CUS_0x9200,1/3/2024,10,7,10000,1000,0,3000,6000,1/10/2024,2024-10-01,2025-11-09 07:30:19.821879,data/lms_loan_daily.csv,2024-10-01
CUS_0x9207_2024_08_01,CUS_0x9207,1/8/2024,10,2,10000,1000,1000,0,8000,1/10/2024,2024-10-01,2025-11-09 07:30:19.821879,data/lms_loan_daily.csv,2024-10-01
CUS_0x9209_2024_08_01,CUS_0x9209,1/8/2024,10,2,10000,1000,0,1000,9000,1/10/2024,2024-10-01,2025-11-09 07:30:19.821879,data/lms_loan_daily.csv,2024-10-01
CUS_0x920e_2024_06_01,CUS_0x920e,1/6/2024,10,4,10000,1000,1000,0,6000,1/10/2024,2024-10-01,2025-11-09 07:30:19.821879,data/lms_loan_daily.csv,2024-10-01
CUS_0x9214_2023_12_01,CUS_0x9214,1/12/2023,10,10,10000,1000,0,9000,9000,1/10/2024,2024-10-01,2025-11-09 07:30:19.821879,data/lms_loan_daily.csv,2024-10-01
CUS_0x922_2024_05_01,CUS_0x922,1/5/2024,10,5,10000,1000,1000,0,5000,1/10/2024,2024-10-01,2025-11-09 07:30:19.821879,data/lms_loan_daily.csv,2024-10-01
CUS_0x9226_2024_07_01,CUS_0x9226,1/7/2024,10,3,10000,1000,3000,0,7000,1/10/2024,2024-10-01,2025-11-09 07:30:19.821879,data/lms_loan_daily.csv,2024-10-01
CUS_0x922d_2024_08_01,CUS_0x922d,1/8/2024,10,2,10000,1000,1000,0,8000,1/10/2024,2024-10-01,2025-11-09 07:30:19.821879,data/lms_loan_daily.csv,2024-10-01
CUS_0x9233_2024_03_01,CUS_0x9233,1/3/2024,10,7,10000,1000,1000,0,3000,1/10/2024,2024-10-01,2025-11-09 07:30:19.821879,data/lms_loan_daily.csv,2024-10-01
CUS_0x9235_2024_07_01,CUS_0x9235,1/7/2024,10,3,10000,1000,1000,0,7000,1/10/2024,2024-10-01,2025-11-09 07:30:19.821879,data/lms_loan_daily.csv,2024-10-01
CUS_0x924_2024_10_01,CUS_0x924,1/10/2024,10,0,10000,0,0,0,10000,1/10/2024,2024-10-01,2025-11-09 07:30:19.821879,data/lms_loan_daily.csv,2024-10-01
CUS_0x9247_2024_09_01,CUS_0x9247,1/9/2024,10,1,10000,1000,1000,0,9000,1/10/2024,2024-10-01,2025-11-09 07:30:19.821879,data/lms_loan_daily.csv,2024-10-01
CUS_0x924a_2024_07_01,CUS_0x924a,1/7/2024,10,3,10000,1000,1000,0,7000,1/10/2024,2024-10-01,2025-11-09 07:30:19.821879,data/lms_loan_daily.csv,2024-10-01
CUS_0x925d_2024_01_01,CUS_0x925d,1/1/2024,10,9,10000,1000,0,5000,6000,1/10/2024,2024-10-01,2025-11-09 07:30:19.821879,data/lms_loan_daily.csv,2024-10-01
CUS_0x925e_2024_04_01,CUS_0x925e,1/4/2024,10,6,10000,1000,1000,0,4000,1/10/2024,2024-10-01,2025-11-09 07:30:19.821879,data/lms_loan_daily.csv,2024-10-01
CUS_0x9263_2024_02_01,CUS_0x9263,1/2/2024,10,8,10000,1000,1000,0,2000,1/10/2024,2024-10-01,2025-11-09 07:30:19.821879,data/lms_loan_daily.csv,2024-10-01
CUS_0x927e_2024_04_01,CUS_0x927e,1/4/2024,10,6,10000,1000,1000,0,4000,1/10/2024,2024-10-01,2025-11-09 07:30:19.821879,data/lms_loan_daily.csv,2024-10-01
CUS_0x9281_2023_12_01,CUS_0x9281,1/12/2023,10,10,10000,1000,0,8000,8000,1/10/2024,2024-10-01,2025-11-09 07:30:19.821879,data/lms_loan_daily.csv,2024-10-01
CUS_0x9283_2024_09_01,CUS_0x9283,1/9/2024,10,1,10000,1000,1000,0,9000,1/10/2024,2024-10-01,2025-11-09 07:30:19.821879,data/lms_loan_daily.csv,2024-10-01
CUS_0x929d_2024_03_01,CUS_0x929d,1/3/2024,10,7,10000,1000,1000,0,3000,1/10/2024,2024-10-01,2025-11-09 07:30:19.821879,data/lms_loan_daily.csv,2024-10-01
CUS_0x92a3_2024_10_01,CUS_0x92a3,1/10/2024,10,0,10000,0,0,0,10000,1/10/2024,2024-10-01,2025-11-09 07:30:19.821879,data/lms_loan_daily.csv,2024-10-01
CUS_0x92aa_2024_07_01,CUS_0x92aa,1/7/2024,10,3,10000,1000,0,1000,8000,1/10/2024,2024-10-01,2025-11-09 07:30:19.821879,data/lms_loan_daily.csv,2024-10-01
CUS_0x92b6_2024_01_01,CUS_0x92b6,1/1/2024,10,9,10000,1000,0,7000,8000,1/10/2024,2024-10-01,2025-11-09 07:30:19.821879,data/lms_loan_daily.csv,2024-10-01
CUS_0x92b9_2024_07_01,CUS_0x92b9,1/7/2024,10,3,10000,1000,0,1000,8000,1/10/2024,2024-10-01,2025-11-09 07:30:19.821879,data/lms_loan_daily.csv,2024-10-01
CUS_0x92cf_2024_01_01,CUS_0x92cf,1/1/2024,10,9,10000,1000,1000,0,1000,1/10/2024,2024-10-01,2025-11-09 07:30:19.821879,data/lms_loan_daily.csv,2024-10-01
CUS_0x92df_2023_12_01,CUS_0x92df,1/12/2023,10,10,10000,1000,1000,0,0,1/10/2024,2024-10-01,2025-11-09 07:30:19.821879,data/lms_loan_daily.csv,2024-10-01
CUS_0x92e3_2024_10_01,CUS_0x92e3,1/10/2024,10,0,10000,0,0,0,10000,1/10/2024,2024-10-01,2025-11-09 07:30:19.821879,data/lms_loan_daily.csv,2024-10-01
CUS_0x92e8_2024_05_01,CUS_0x92e8,1/5/2024,10,5,10000,1000,1000,0,5000,1/10/2024,2024-10-01,2025-11-09 07:30:19.821879,data/lms_loan_daily.csv,2024-10-01
CUS_0x92e9_2024_06_01,CUS_0x92e9,1/6/2024,10,4,10000,1000,0,2000,8000,1/10/2024,2024-10-01,2025-11-09 07:30:19.821879,data/lms_loan_daily.csv,2024-10-01
CUS_0x92ef_2024_09_01,CUS_0x92ef,1/9/2024,10,1,10000,1000,1000,0,9000,1/10/2024,2024-10-01,2025-11-09 07:30:19.821879,data/lms_loan_daily.csv,2024-10-01
CUS_0x92f_2024_03_01,CUS_0x92f,1/3/2024,10,7,10000,1000,0,4000,7000,1/10/2024,2024-10-01,2025-11-09 07:30:19.821879,data/lms_loan_daily.csv,2024-10-01
CUS_0x92fc_2024_07_01,CUS_0x92fc,1/7/2024,10,3,10000,1000,1000,0,7000,1/10/2024,2024-10-01,2025-11-09 07:30:19.821879,data/lms_loan_daily.csv,2024-10-01
CUS_0x92ff_2024_01_01,CUS_0x92ff,1/1/2024,10,9,10000,1000,1000,0,1000,1/10/2024,2024-10-01,2025-11-09 07:30:19.821879,data/lms_loan_daily.csv,2024-10-01
CUS_0x930a_2024_07_01,CUS_0x930a,1/7/2024,10,3,10000,1000,1000,0,7000,1/10/2024,2024-10-01,2025-11-09 07:30:19.821879,data/lms_loan_daily.csv,2024-10-01
CUS_0x930c_2024_07_01,CUS_0x930c,1/7/2024,10,3,10000,1000,1000,0,7000,1/10/2024,2024-10-01,2025-11-09 07:30:19.821879,data/lms_loan_daily.csv,2024-10-01
CUS_0x930d_2024_07_01,CUS_0x930d,1/7/2024,10,3,10000,1000,0,2000,9000,1/10/2024,2024-10-01,2025-11-09 07:30:19.821879,data/lms_loan_daily.csv,2024-10-01
CUS_0x9318_2024_07_01,CUS_0x9318,1/7/2024,10,3,10000,1000,1000,0,7000,1/10/2024,2024-10-01,2025-11-09 07:30:19.821879,data/lms_loan_daily.csv,2024-10-01
CUS_0x9322_2024_01_01,CUS_0x9322,1/1/2024,10,9,10000,1000,1000,0,1000,1/10/2024,2024-10-01,2025-11-09 07:30:19.821879,data/lms_loan_daily.csv,2024-10-01
CUS_0x9330_2024_04_01,CUS_0x9330,1/4/2024,10,6,10000,1000,1000,0,4000,1/10/2024,2024-10-01,2025-11-09 07:30:19.821879,data/lms_loan_daily.csv,2024-10-01
CUS_0x9334_2024_03_01,CUS_0x9334,1/3/2024,10,7,10000,1000,0,3000,6000,1/10/2024,2024-10-01,2025-11-09 07:30:19.821879,data/lms_loan_daily.csv,2024-10-01
CUS_0x9336_2024_03_01,CUS_0x9336,1/3/2024,10,7,10000,1000,0,4000,7000,1/10/2024,2024-10-01,2025-11-09 07:30:19.821879,data/lms_loan_daily.csv,2024-10-01
CUS_0x9337_2024_09_01,CUS_0x9337,1/9/2024,10,1,10000,1000,1000,0,9000,1/10/2024,2024-10-01,2025-11-09 07:30:19.821879,data/lms_loan_daily.csv,2024-10-01
CUS_0x9338_2024_04_01,CUS_0x9338,1/4/2024,10,6,10000,1000,1000,0,4000,1/10/2024,2024-10-01,2025-11-09 07:30:19.821879,data/lms_loan_daily.csv,2024-10-01
CUS_0x9339_2024_03_01,CUS_0x9339,1/3/2024,10,7,10000,1000,1000,0,3000,1/10/2024,2024-10-01,2025-11-09 07:30:19.821879,data/lms_loan_daily.csv,2024-10-01
CUS_0x9340_2024_01_01,CUS_0x9340,1/1/2024,10,9,10000,1000,1000,0,1000,1/10/2024,2024-10-01,2025-11-09 07:30:19.821879,data/lms_loan_daily.csv,2024-10-01
CUS_0x9344_2024_05_01,CUS_0x9344,1/5/2024,10,5,10000,1000,0,1000,6000,1/10/2024,2024-10-01,2025-11-09 07:30:19.821879,data/lms_loan_daily.csv,2024-10-01
CUS_0x9346_2024_05_01,CUS_0x9346,1/5/2024,10,5,10000,1000,1000,0,5000,1/10/2024,2024-10-01,2025-11-09 07:30:19.821879,data/lms_loan_daily.csv,2024-10-01
CUS_0x9365_2024_04_01,CUS_0x9365,1/4/2024,10,6,10000,1000,0,5000,9000,1/10/2024,2024-10-01,2025-11-09 07:30:19.821879,data/lms_loan_daily.csv,2024-10-01
CUS_0x9375_2024_09_01,CUS_0x9375,1/9/2024,10,1,10000,1000,0,1000,10000,1/10/2024,2024-10-01,2025-11-09 07:30:19.821879,data/lms_loan_daily.csv,2024-10-01
CUS_0x9378_2024_01_01,CUS_0x9378,1/1/2024,10,9,10000,1000,0,7000,8000,1/10/2024,2024-10-01,2025-11-09 07:30:19.821879,data/lms_loan_daily.csv,2024-10-01
CUS_0x9379_2024_03_01,CUS_0x9379,1/3/2024,10,7,10000,1000,0,5000,8000,1/10/2024,2024-10-01,2025-11-09 07:30:19.821879,data/lms_loan_daily.csv,2024-10-01
CUS_0x937d_2024_10_01,CUS_0x937d,1/10/2024,10,0,10000,0,0,0,10000,1/10/2024,2024-10-01,2025-11-09 07:30:19.821879,data/lms_loan_daily.csv,2024-10-01
CUS_0x938_2024_02_01,CUS_0x938,1/2/2024,10,8,10000,1000,1000,0,2000,1/10/2024,2024-10-01,2025-11-09 07:30:19.821879,data/lms_loan_daily.csv,2024-10-01
CUS_0x9381_2024_03_01,CUS_0x9381,1/3/2024,10,7,10000,1000,0,4000,7000,1/10/2024,2024-10-01,2025-11-09 07:30:19.821879,data/lms_loan_daily.csv,2024-10-01
CUS_0x9382_2024_01_01,CUS_0x9382,1/1/2024,10,9,10000,1000,0,6000,7000,1/10/2024,2024-10-01,2025-11-09 07:30:19.821879,data/lms_loan_daily.csv,2024-10-01
CUS_0x9388_2024_10_01,CUS_0x9388,1/10/2024,10,0,10000,0,0,0,10000,1/10/2024,2024-10-01,2025-11-09 07:30:19.821879,data/lms_loan_daily.csv,2024-10-01
CUS_0x938f_2024_01_01,CUS_0x938f,1/1/2024,10,9,10000,1000,1000,0,1000,1/10/2024,2024-10-01,2025-11-09 07:30:19.821879,data/lms_loan_daily.csv,2024-10-01
CUS_0x939_2024_07_01,CUS_0x939,1/7/2024,10,3,10000,1000,1000,0,7000,1/10/2024,2024-10-01,2025-11-09 07:30:19.821879,data/lms_loan_daily.csv,2024-10-01
CUS_0x9395_2024_08_01,CUS_0x9395,1/8/2024,10,2,10000,1000,1000,0,8000,1/10/2024,2024-10-01,2025-11-09 07:30:19.821879,data/lms_loan_daily.csv,2024-10-01
CUS_0x939a_2024_06_01,CUS_0x939a,1/6/2024,10,4,10000,1000,0,3000,9000,1/10/2024,2024-10-01,2025-11-09 07:30:19.821879,data/lms_loan_daily.csv,2024-10-01
CUS_0x939b_2024_04_01,CUS_0x939b,1/4/2024,10,6,10000,1000,1000,0,4000,1/10/2024,2024-10-01,2025-11-09 07:30:19.821879,data/lms_loan_daily.csv,2024-10-01
CUS_0x93ad_2024_02_01,CUS_0x93ad,1/2/2024,10,8,10000,1000,0,6000,8000,1/10/2024,2024-10-01,2025-11-09 07:30:19.821879,data/lms_loan_daily.csv,2024-10-01
CUS_0x93b2_2024_04_01,CUS_0x93b2,1/4/2024,10,6,10000,1000,0,3000,7000,1/10/2024,2024-10-01,2025-11-09 07:30:19.821879,data/lms_loan_daily.csv,2024-10-01
CUS_0x93ba_2024_01_01,CUS_0x93ba,1/1/2024,10,9,10000,1000,1000,0,1000,1/10/2024,2024-10-01,2025-11-09 07:30:19.821879,data/lms_loan_daily.csv,2024-10-01
CUS_0x93bc_2024_08_01,CUS_0x93bc,1/8/2024,10,2,10000,1000,1000,0,8000,1/10/2024,2024-10-01,2025-11-09 07:30:19.821879,data/lms_loan_daily.csv,2024-10-01
CUS_0x93c9_2024_04_01,CUS_0x93c9,1/4/2024,10,6,10000,1000,1000,0,4000,1/10/2024,2024-10-01,2025-11-09 07:30:19.821879,data/lms_loan_daily.csv,2024-10-01
CUS_0x93cd_2024_10_01,CUS_0x93cd,1/10/2024,10,0,10000,0,0,0,10000,1/10/2024,2024-10-01,2025-11-09 07:30:19.821879,data/lms_loan_daily.csv,2024-10-01
CUS_0x93f5_2024_04_01,CUS_0x93f5,1/4/2024,10,6,10000,1000,1000,0,4000,1/10/2024,2024-10-01,2025-11-09 07:30:19.821879,data/lms_loan_daily.csv,2024-10-01
CUS_0x93ff_2024_04_01,CUS_0x93ff,1/4/2024,10,6,10000,1000,0,3000,7000,1/10/2024,2024-10-01,2025-11-09 07:30:19.821879,data/lms_loan_daily.csv,2024-10-01
CUS_0x9403_2024_05_01,CUS_0x9403,1/5/2024,10,5,10000,1000,1000,0,5000,1/10/2024,2024-10-01,2025-11-09 07:30:19.821879,data/lms_loan_daily.csv,2024-10-01
CUS_0x9404_2024_09_01,CUS_0x9404,1/9/2024,10,1,10000,1000,1000,0,9000,1/10/2024,2024-10-01,2025-11-09 07:30:19.821879,data/lms_loan_daily.csv,2024-10-01
CUS_0x9423_2023_12_01,CUS_0x9423,1/12/2023,10,10,10000,1000,1000,0,0,1/10/2024,2024-10-01,2025-11-09 07:30:19.821879,data/lms_loan_daily.csv,2024-10-01
CUS_0x9425_2024_03_01,CUS_0x9425,1/3/2024,10,7,10000,1000,1000,0,3000,1/10/2024,2024-10-01,2025-11-09 07:30:19.821879,data/lms_loan_daily.csv,2024-10-01
CUS_0x9438_2024_09_01,CUS_0x9438,1/9/2024,10,1,10000,1000,1000,0,9000,1/10/2024,2024-10-01,2025-11-09 07:30:19.821879,data/lms_loan_daily.csv,2024-10-01
CUS_0x943c_2024_06_01,CUS_0x943c,1/6/2024,10,4,10000,1000,1000,0,6000,1/10/2024,2024-10-01,2025-11-09 07:30:19.821879,data/lms_loan_daily.csv,2024-10-01
CUS_0x9442_2024_08_01,CUS_0x9442,1/8/2024,10,2,10000,1000,1000,0,8000,1/10/2024,2024-10-01,2025-11-09 07:30:19.821879,data/lms_loan_daily.csv,2024-10-01
CUS_0x9444_2024_09_01,CUS_0x9444,1/9/2024,10,1,10000,1000,0,1000,10000,1/10/2024,2024-10-01,2025-11-09 07:30:19.821879,data/lms_loan_daily.csv,2024-10-01
CUS_0x944c_2024_02_01,CUS_0x944c,1/2/2024,10,8,10000,1000,0,7000,9000,1/10/2024,2024-10-01,2025-11-09 07:30:19.821879,data/lms_loan_daily.csv,2024-10-01
CUS_0x9466_2024_09_01,CUS_0x9466,1/9/2024,10,1,10000,1000,0,1000,10000,1/10/2024,2024-10-01,2025-11-09 07:30:19.821879,data/lms_loan_daily.csv,2024-10-01
CUS_0x9469_2024_09_01,CUS_0x9469,1/9/2024,10,1,10000,1000,1000,0,9000,1/10/2024,2024-10-01,2025-11-09 07:30:19.821879,data/lms_loan_daily.csv,2024-10-01
CUS_0x946f_2024_06_01,CUS_0x946f,1/6/2024,10,4,10000,1000,1000,0,6000,1/10/2024,2024-10-01,2025-11-09 07:30:19.821879,data/lms_loan_daily.csv,2024-10-01
CUS_0x9476_2024_01_01,CUS_0x9476,1/1/2024,10,9,10000,1000,0,7000,8000,1/10/2024,2024-10-01,2025-11-09 07:30:19.821879,data/lms_loan_daily.csv,2024-10-01
CUS_0x9485_2024_03_01,CUS_0x9485,1/3/2024,10,7,10000,1000,0,5000,8000,1/10/2024,2024-10-01,2025-11-09 07:30:19.821879,data/lms_loan_daily.csv,2024-10-01
CUS_0x9493_2024_01_01,CUS_0x9493,1/1/2024,10,9,10000,1000,1000,0,1000,1/10/2024,2024-10-01,2025-11-09 07:30:19.821879,data/lms_loan_daily.csv,2024-10-01
CUS_0x9497_2024_04_01,CUS_0x9497,1/4/2024,10,6,10000,1000,0,3000,7000,1/10/2024,2024-10-01,2025-11-09 07:30:19.821879,data/lms_loan_daily.csv,2024-10-01
CUS_0x94aa_2023_12_01,CUS_0x94aa,1/12/2023,10,10,10000,1000,1000,0,0,1/10/2024,2024-10-01,2025-11-09 07:30:19.821879,data/lms_loan_daily.csv,2024-10-01
CUS_0x94b_2024_10_01,CUS_0x94b,1/10/2024,10,0,10000,0,0,0,10000,1/10/2024,2024-10-01,2025-11-09 07:30:19.821879,data/lms_loan_daily.csv,2024-10-01
CUS_0x94bc_2024_05_01,CUS_0x94bc,1/5/2024,10,5,10000,1000,1000,0,5000,1/10/2024,2024-10-01,2025-11-09 07:30:19.821879,data/lms_loan_daily.csv,2024-10-01
CUS_0x94d2_2024_02_01,CUS_0x94d2,1/2/2024,10,8,10000,1000,1000,0,2000,1/10/2024,2024-10-01,2025-11-09 07:30:19.821879,data/lms_loan_daily.csv,2024-10-01
CUS_0x94e2_2024_03_01,CUS_0x94e2,1/3/2024,10,7,10000,1000,1000,0,3000,1/10/2024,2024-10-01,2025-11-09 07:30:19.821879,data/lms_loan_daily.csv,2024-10-01
CUS_0x94ef_2024_08_01,CUS_0x94ef,1/8/2024,10,2,10000,1000,0,1000,9000,1/10/2024,2024-10-01,2025-11-09 07:30:19.821879,data/lms_loan_daily.csv,2024-10-01
CUS_0x94f4_2024_03_01,CUS_0x94f4,1/3/2024,10,7,10000,1000,1000,0,3000,1/10/2024,2024-10-01,2025-11-09 07:30:19.821879,data/lms_loan_daily.csv,2024-10-01
CUS_0x9501_2024_01_01,CUS_0x9501,1/1/2024,10,9,10000,1000,1000,0,1000,1/10/2024,2024-10-01,2025-11-09 07:30:19.821879,data/lms_loan_daily.csv,2024-10-01
CUS_0x9509_2024_10_01,CUS_0x9509,1/10/2024,10,0,10000,0,0,0,10000,1/10/2024,2024-10-01,2025-11-09 07:30:19.821879,data/lms_loan_daily.csv,2024-10-01
CUS_0x950a_2024_08_01,CUS_0x950a,1/8/2024,10,2,10000,1000,1000,0,8000,1/10/2024,2024-10-01,2025-11-09 07:30:19.821879,data/lms_loan_daily.csv,2024-10-01
CUS_0x9515_2024_08_01,CUS_0x9515,1/8/2024,10,2,10000,1000,1000,0,8000,1/10/2024,2024-10-01,2025-11-09 07:30:19.821879,data/lms_loan_daily.csv,2024-10-01
CUS_0x951b_2024_01_01,CUS_0x951b,1/1/2024,10,9,10000,1000,1000,0,1000,1/10/2024,2024-10-01,2025-11-09 07:30:19.821879,data/lms_loan_daily.csv,2024-10-01
CUS_0x9525_2024_03_01,CUS_0x9525,1/3/2024,10,7,10000,1000,0,6000,9000,1/10/2024,2024-10-01,2025-11-09 07:30:19.821879,data/lms_loan_daily.csv,2024-10-01
CUS_0x9529_2024_03_01,CUS_0x9529,1/3/2024,10,7,10000,1000,1000,0,3000,1/10/2024,2024-10-01,2025-11-09 07:30:19.821879,data/lms_loan_daily.csv,2024-10-01
CUS_0x952a_2024_04_01,CUS_0x952a,1/4/2024,10,6,10000,1000,1000,0,4000,1/10/2024,2024-10-01,2025-11-09 07:30:19.821879,data/lms_loan_daily.csv,2024-10-01
CUS_0x9533_2024_10_01,CUS_0x9533,1/10/2024,10,0,10000,0,0,0,10000,1/10/2024,2024-10-01,2025-11-09 07:30:19.821879,data/lms_loan_daily.csv,2024-10-01
CUS_0x9535_2024_02_01,CUS_0x9535,1/2/2024,10,8,10000,1000,0,7000,9000,1/10/2024,2024-10-01,2025-11-09 07:30:19.821879,data/lms_loan_daily.csv,2024-10-01
CUS_0x9538_2024_01_01,CUS_0x9538,1/1/2024,10,9,10000,1000,1000,0,1000,1/10/2024,2024-10-01,2025-11-09 07:30:19.821879,data/lms_loan_daily.csv,2024-10-01
CUS_0x953c_2024_10_01,CUS_0x953c,1/10/2024,10,0,10000,0,0,0,10000,1/10/2024,2024-10-01,2025-11-09 07:30:19.821879,data/lms_loan_daily.csv,2024-10-01
CUS_0x953d_2024_02_01,CUS_0x953d,1/2/2024,10,8,10000,1000,1000,0,2000,1/10/2024,2024-10-01,2025-11-09 07:30:19.821879,data/lms_loan_daily.csv,2024-10-01
CUS_0x954e_2024_05_01,CUS_0x954e,1/5/2024,10,5,10000,1000,1000,0,5000,1/10/2024,2024-10-01,2025-11-09 07:30:19.821879,data/lms_loan_daily.csv,2024-10-01
CUS_0x9550_2024_01_01,CUS_0x9550,1/1/2024,10,9,10000,1000,1000,0,1000,1/10/2024,2024-10-01,2025-11-09 07:30:19.821879,data/lms_loan_daily.csv,2024-10-01
CUS_0x9556_2024_09_01,CUS_0x9556,1/9/2024,10,1,10000,1000,1000,0,9000,1/10/2024,2024-10-01,2025-11-09 07:30:19.821879,data/lms_loan_daily.csv,2024-10-01
CUS_0x9557_2024_04_01,CUS_0x9557,1/4/2024,10,6,10000,1000,0,5000,9000,1/10/2024,2024-10-01,2025-11-09 07:30:19.821879,data/lms_loan_daily.csv,2024-10-01
CUS_0x9567_2024_01_01,CUS_0x9567,1/1/2024,10,9,10000,1000,1000,0,1000,1/10/2024,2024-10-01,2025-11-09 07:30:19.821879,data/lms_loan_daily.csv,2024-10-01
CUS_0x956f_2024_03_01,CUS_0x956f,1/3/2024,10,7,10000,1000,1000,0,3000,1/10/2024,2024-10-01,2025-11-09 07:30:19.821879,data/lms_loan_daily.csv,2024-10-01
CUS_0x9576_2024_04_01,CUS_0x9576,1/4/2024,10,6,10000,1000,1000,0,4000,1/10/2024,2024-10-01,2025-11-09 07:30:19.821879,data/lms_loan_daily.csv,2024-10-01
CUS_0x957e_2024_03_01,CUS_0x957e,1/3/2024,10,7,10000,1000,0,3000,6000,1/10/2024,2024-10-01,2025-11-09 07:30:19.821879,data/lms_loan_daily.csv,2024-10-01
CUS_0x958f_2024_08_01,CUS_0x958f,1/8/2024,10,2,10000,1000,0,1000,9000,1/10/2024,2024-10-01,2025-11-09 07:30:19.821879,data/lms_loan_daily.csv,2024-10-01
CUS_0x9593_2024_01_01,CUS_0x9593,1/1/2024,10,9,10000,1000,1000,0,1000,1/10/2024,2024-10-01,2025-11-09 07:30:19.821879,data/lms_loan_daily.csv,2024-10-01
CUS_0x9595_2023_12_01,CUS_0x9595,1/12/2023,10,10,10000,1000,1000,0,0,1/10/2024,2024-10-01,2025-11-09 07:30:19.821879,data/lms_loan_daily.csv,2024-10-01
CUS_0x959b_2024_10_01,CUS_0x959b,1/10/2024,10,0,10000,0,0,0,10000,1/10/2024,2024-10-01,2025-11-09 07:30:19.821879,data/lms_loan_daily.csv,2024-10-01
CUS_0x95a3_2024_07_01,CUS_0x95a3,1/7/2024,10,3,10000,1000,0,2000,9000,1/10/2024,2024-10-01,2025-11-09 07:30:19.821879,data/lms_loan_daily.csv,2024-10-01
CUS_0x95a9_2024_02_01,CUS_0x95a9,1/2/2024,10,8,10000,1000,1000,0,2000,1/10/2024,2024-10-01,2025-11-09 07:30:19.821879,data/lms_loan_daily.csv,2024-10-01
CUS_0x95b1_2024_08_01,CUS_0x95b1,1/8/2024,10,2,10000,1000,1000,0,8000,1/10/2024,2024-10-01,2025-11-09 07:30:19.821879,data/lms_loan_daily.csv,2024-10-01
CUS_0x95b6_2024_01_01,CUS_0x95b6,1/1/2024,10,9,10000,1000,1000,0,1000,1/10/2024,2024-10-01,2025-11-09 07:30:19.821879,data/lms_loan_daily.csv,2024-10-01
CUS_0x95c9_2024_07_01,CUS_0x95c9,1/7/2024,10,3,10000,1000,0,2000,9000,1/10/2024,2024-10-01,2025-11-09 07:30:19.821879,data/lms_loan_daily.csv,2024-10-01
CUS_0x95cf_2024_10_01,CUS_0x95cf,1/10/2024,10,0,10000,0,0,0,10000,1/10/2024,2024-10-01,2025-11-09 07:30:19.821879,data/lms_loan_daily.csv,2024-10-01
CUS_0x95d_2024_10_01,CUS_0x95d,1/10/2024,10,0,10000,0,0,0,10000,1/10/2024,2024-10-01,2025-11-09 07:30:19.821879,data/lms_loan_daily.csv,2024-10-01
CUS_0x95d2_2024_01_01,CUS_0x95d2,1/1/2024,10,9,10000,1000,1000,0,1000,1/10/2024,2024-10-01,2025-11-09 07:30:19.821879,data/lms_loan_daily.csv,2024-10-01
CUS_0x95d4_2024_10_01,CUS_0x95d4,1/10/2024,10,0,10000,0,0,0,10000,1/10/2024,2024-10-01,2025-11-09 07:30:19.821879,data/lms_loan_daily.csv,2024-10-01
CUS_0x95ee_2024_09_01,CUS_0x95ee,1/9/2024,10,1,10000,1000,1000,0,9000,1/10/2024,2024-10-01,2025-11-09 07:30:19.821879,data/lms_loan_daily.csv,2024-10-01
CUS_0x95f4_2024_05_01,CUS_0x95f4,1/5/2024,10,5,10000,1000,1000,0,5000,1/10/2024,2024-10-01,2025-11-09 07:30:19.821879,data/lms_loan_daily.csv,2024-10-01
CUS_0x960b_2024_08_01,CUS_0x960b,1/8/2024,10,2,10000,1000,1000,0,8000,1/10/2024,2024-10-01,2025-11-09 07:30:19.821879,data/lms_loan_daily.csv,2024-10-01
CUS_0x960f_2023_12_01,CUS_0x960f,1/12/2023,10,10,10000,1000,0,6000,6000,1/10/2024,2024-10-01,2025-11-09 07:30:19.821879,data/lms_loan_daily.csv,2024-10-01
CUS_0x961d_2023_12_01,CUS_0x961d,1/12/2023,10,10,10000,1000,0,8000,8000,1/10/2024,2024-10-01,2025-11-09 07:30:19.821879,data/lms_loan_daily.csv,2024-10-01
CUS_0x9620_2024_03_01,CUS_0x9620,1/3/2024,10,7,10000,1000,0,5000,8000,1/10/2024,2024-10-01,2025-11-09 07:30:19.821879,data/lms_loan_daily.csv,2024-10-01
CUS_0x9633_2024_06_01,CUS_0x9633,1/6/2024,10,4,10000,1000,0,2000,8000,1/10/2024,2024-10-01,2025-11-09 07:30:19.821879,data/lms_loan_daily.csv,2024-10-01
CUS_0x9636_2024_02_01,CUS_0x9636,1/2/2024,10,8,10000,1000,1000,0,2000,1/10/2024,2024-10-01,2025-11-09 07:30:19.821879,data/lms_loan_daily.csv,2024-10-01
CUS_0x965a_2024_02_01,CUS_0x965a,1/2/2024,10,8,10000,1000,1000,0,2000,1/10/2024,2024-10-01,2025-11-09 07:30:19.821879,data/lms_loan_daily.csv,2024-10-01
CUS_0x965d_2024_04_01,CUS_0x965d,1/4/2024,10,6,10000,1000,1000,0,4000,1/10/2024,2024-10-01,2025-11-09 07:30:19.821879,data/lms_loan_daily.csv,2024-10-01
CUS_0x965e_2023_12_01,CUS_0x965e,1/12/2023,10,10,10000,1000,1000,0,0,1/10/2024,2024-10-01,2025-11-09 07:30:19.821879,data/lms_loan_daily.csv,2024-10-01
CUS_0x9661_2024_03_01,CUS_0x9661,1/3/2024,10,7,10000,1000,1000,0,3000,1/10/2024,2024-10-01,2025-11-09 07:30:19.821879,data/lms_loan_daily.csv,2024-10-01
CUS_0x9664_2024_07_01,CUS_0x9664,1/7/2024,10,3,10000,1000,2000,0,7000,1/10/2024,2024-10-01,2025-11-09 07:30:19.821879,data/lms_loan_daily.csv,2024-10-01
CUS_0x9673_2024_10_01,CUS_0x9673,1/10/2024,10,0,10000,0,0,0,10000,1/10/2024,2024-10-01,2025-11-09 07:30:19.821879,data/lms_loan_daily.csv,2024-10-01
CUS_0x9674_2024_09_01,CUS_0x9674,1/9/2024,10,1,10000,1000,0,1000,10000,1/10/2024,2024-10-01,2025-11-09 07:30:19.821879,data/lms_loan_daily.csv,2024-10-01
CUS_0x9684_2024_06_01,CUS_0x9684,1/6/2024,10,4,10000,1000,1000,0,6000,1/10/2024,2024-10-01,2025-11-09 07:30:19.821879,data/lms_loan_daily.csv,2024-10-01
CUS_0x968a_2024_02_01,CUS_0x968a,1/2/2024,10,8,10000,1000,1000,0,2000,1/10/2024,2024-10-01,2025-11-09 07:30:19.821879,data/lms_loan_daily.csv,2024-10-01
CUS_0x9692_2024_08_01,CUS_0x9692,1/8/2024,10,2,10000,1000,1000,0,8000,1/10/2024,2024-10-01,2025-11-09 07:30:19.821879,data/lms_loan_daily.csv,2024-10-01
CUS_0x969b_2024_04_01,CUS_0x969b,1/4/2024,10,6,10000,1000,1000,0,4000,1/10/2024,2024-10-01,2025-11-09 07:30:19.821879,data/lms_loan_daily.csv,2024-10-01
CUS_0x96ad_2024_05_01,CUS_0x96ad,1/5/2024,10,5,10000,1000,1000,0,5000,1/10/2024,2024-10-01,2025-11-09 07:30:19.821879,data/lms_loan_daily.csv,2024-10-01
CUS_0x96b5_2023_12_01,CUS_0x96b5,1/12/2023,10,10,10000,1000,1000,0,0,1/10/2024,2024-10-01,2025-11-09 07:30:19.821879,data/lms_loan_daily.csv,2024-10-01
CUS_0x96bc_2024_10_01,CUS_0x96bc,1/10/2024,10,0,10000,0,0,0,10000,1/10/2024,2024-10-01,2025-11-09 07:30:19.821879,data/lms_loan_daily.csv,2024-10-01
CUS_0x96c3_2024_03_01,CUS_0x96c3,1/3/2024,10,7,10000,1000,1000,0,3000,1/10/2024,2024-10-01,2025-11-09 07:30:19.821879,data/lms_loan_daily.csv,2024-10-01
CUS_0x96c7_2024_06_01,CUS_0x96c7,1/6/2024,10,4,10000,1000,0,2000,8000,1/10/2024,2024-10-01,2025-11-09 07:30:19.821879,data/lms_loan_daily.csv,2024-10-01
CUS_0x96ca_2024_08_01,CUS_0x96ca,1/8/2024,10,2,10000,1000,1000,0,8000,1/10/2024,2024-10-01,2025-11-09 07:30:19.821879,data/lms_loan_daily.csv,2024-10-01
CUS_0x96d9_2024_03_01,CUS_0x96d9,1/3/2024,10,7,10000,1000,1000,0,3000,1/10/2024,2024-10-01,2025-11-09 07:30:19.821879,data/lms_loan_daily.csv,2024-10-01
CUS_0x96e5_2024_07_01,CUS_0x96e5,1/7/2024,10,3,10000,1000,1000,0,7000,1/10/2024,2024-10-01,2025-11-09 07:30:19.821879,data/lms_loan_daily.csv,2024-10-01
CUS_0x96e8_2024_02_01,CUS_0x96e8,1/2/2024,10,8,10000,1000,0,6000,8000,1/10/2024,2024-10-01,2025-11-09 07:30:19.821879,data/lms_loan_daily.csv,2024-10-01
CUS_0x96fa_2024_07_01,CUS_0x96fa,1/7/2024,10,3,10000,1000,1000,0,7000,1/10/2024,2024-10-01,2025-11-09 07:30:19.821879,data/lms_loan_daily.csv,2024-10-01
CUS_0x9714_2024_09_01,CUS_0x9714,1/9/2024,10,1,10000,1000,1000,0,9000,1/10/2024,2024-10-01,2025-11-09 07:30:19.821879,data/lms_loan_daily.csv,2024-10-01
CUS_0x9729_2024_08_01,CUS_0x9729,1/8/2024,10,2,10000,1000,0,1000,9000,1/10/2024,2024-10-01,2025-11-09 07:30:19.821879,data/lms_loan_daily.csv,2024-10-01
CUS_0x972a_2024_10_01,CUS_0x972a,1/10/2024,10,0,10000,0,0,0,10000,1/10/2024,2024-10-01,2025-11-09 07:30:19.821879,data/lms_loan_daily.csv,2024-10-01
CUS_0x9730_2024_01_01,CUS_0x9730,1/1/2024,10,9,10000,1000,0,5000,6000,1/10/2024,2024-10-01,2025-11-09 07:30:19.821879,data/lms_loan_daily.csv,2024-10-01
CUS_0x9741_2023_12_01,CUS_0x9741,1/12/2023,10,10,10000,1000,0,7000,7000,1/10/2024,2024-10-01,2025-11-09 07:30:19.821879,data/lms_loan_daily.csv,2024-10-01
CUS_0x974f_2024_05_01,CUS_0x974f,1/5/2024,10,5,10000,1000,0,2000,7000,1/10/2024,2024-10-01,2025-11-09 07:30:19.821879,data/lms_loan_daily.csv,2024-10-01
CUS_0x9759_2024_09_01,CUS_0x9759,1/9/2024,10,1,10000,1000,1000,0,9000,1/10/2024,2024-10-01,2025-11-09 07:30:19.821879,data/lms_loan_daily.csv,2024-10-01
CUS_0x9761_2023_12_01,CUS_0x9761,1/12/2023,10,10,10000,1000,1000,0,0,1/10/2024,2024-10-01,2025-11-09 07:30:19.821879,data/lms_loan_daily.csv,2024-10-01
CUS_0x9769_2024_01_01,CUS_0x9769,1/1/2024,10,9,10000,1000,1000,0,1000,1/10/2024,2024-10-01,2025-11-09 07:30:19.821879,data/lms_loan_daily.csv,2024-10-01
CUS_0x977_2024_06_01,CUS_0x977,1/6/2024,10,4,10000,1000,1000,0,6000,1/10/2024,2024-10-01,2025-11-09 07:30:19.821879,data/lms_loan_daily.csv,2024-10-01
CUS_0x9771_2024_08_01,CUS_0x9771,1/8/2024,10,2,10000,1000,1000,0,8000,1/10/2024,2024-10-01,2025-11-09 07:30:19.821879,data/lms_loan_daily.csv,2024-10-01
CUS_0x9772_2024_02_01,CUS_0x9772,1/2/2024,10,8,10000,1000,0,7000,9000,1/10/2024,2024-10-01,2025-11-09 07:30:19.821879,data/lms_loan_daily.csv,2024-10-01
CUS_0x9774_2024_08_01,CUS_0x9774,1/8/2024,10,2,10000,1000,1000,0,8000,1/10/2024,2024-10-01,2025-11-09 07:30:19.821879,data/lms_loan_daily.csv,2024-10-01
CUS_0x9776_2024_10_01,CUS_0x9776,1/10/2024,10,0,10000,0,0,0,10000,1/10/2024,2024-10-01,2025-11-09 07:30:19.821879,data/lms_loan_daily.csv,2024-10-01
CUS_0x9778_2024_01_01,CUS_0x9778,1/1/2024,10,9,10000,1000,1000,0,1000,1/10/2024,2024-10-01,2025-11-09 07:30:19.821879,data/lms_loan_daily.csv,2024-10-01
CUS_0x977a_2024_09_01,CUS_0x977a,1/9/2024,10,1,10000,1000,1000,0,9000,1/10/2024,2024-10-01,2025-11-09 07:30:19.821879,data/lms_loan_daily.csv,2024-10-01
CUS_0x9783_2024_03_01,CUS_0x9783,1/3/2024,10,7,10000,1000,1000,0,3000,1/10/2024,2024-10-01,2025-11-09 07:30:19.821879,data/lms_loan_daily.csv,2024-10-01
CUS_0x978b_2024_08_01,CUS_0x978b,1/8/2024,10,2,10000,1000,1000,0,8000,1/10/2024,2024-10-01,2025-11-09 07:30:19.821879,data/lms_loan_daily.csv,2024-10-01
CUS_0x9793_2024_07_01,CUS_0x9793,1/7/2024,10,3,10000,1000,0,1000,8000,1/10/2024,2024-10-01,2025-11-09 07:30:19.821879,data/lms_loan_daily.csv,2024-10-01
CUS_0x9796_2024_08_01,CUS_0x9796,1/8/2024,10,2,10000,1000,1000,0,8000,1/10/2024,2024-10-01,2025-11-09 07:30:19.821879,data/lms_loan_daily.csv,2024-10-01
CUS_0x979f_2024_10_01,CUS_0x979f,1/10/2024,10,0,10000,0,0,0,10000,1/10/2024,2024-10-01,2025-11-09 07:30:19.821879,data/lms_loan_daily.csv,2024-10-01
CUS_0x97a0_2024_04_01,CUS_0x97a0,1/4/2024,10,6,10000,1000,1000,0,4000,1/10/2024,2024-10-01,2025-11-09 07:30:19.821879,data/lms_loan_daily.csv,2024-10-01
CUS_0x97b0_2024_06_01,CUS_0x97b0,1/6/2024,10,4,10000,1000,1000,0,6000,1/10/2024,2024-10-01,2025-11-09 07:30:19.821879,data/lms_loan_daily.csv,2024-10-01
CUS_0x97ca_2024_05_01,CUS_0x97ca,1/5/2024,10,5,10000,1000,0,4000,9000,1/10/2024,2024-10-01,2025-11-09 07:30:19.821879,data/lms_loan_daily.csv,2024-10-01
CUS_0x97d5_2024_09_01,CUS_0x97d5,1/9/2024,10,1,10000,1000,1000,0,9000,1/10/2024,2024-10-01,2025-11-09 07:30:19.821879,data/lms_loan_daily.csv,2024-10-01
CUS_0x97d7_2024_05_01,CUS_0x97d7,1/5/2024,10,5,10000,1000,1000,0,5000,1/10/2024,2024-10-01,2025-11-09 07:30:19.821879,data/lms_loan_daily.csv,2024-10-01
CUS_0x97dc_2024_09_01,CUS_0x97dc,1/9/2024,10,1,10000,1000,1000,0,9000,1/10/2024,2024-10-01,2025-11-09 07:30:19.821879,data/lms_loan_daily.csv,2024-10-01
CUS_0x97ec_2024_02_01,CUS_0x97ec,1/2/2024,10,8,10000,1000,0,4000,6000,1/10/2024,2024-10-01,2025-11-09 07:30:19.821879,data/lms_loan_daily.csv,2024-10-01
CUS_0x97fc_2024_09_01,CUS_0x97fc,1/9/2024,10,1,10000,1000,1000,0,9000,1/10/2024,2024-10-01,2025-11-09 07:30:19.821879,data/lms_loan_daily.csv,2024-10-01
CUS_0x9813_2024_04_01,CUS_0x9813,1/4/2024,10,6,10000,1000,1000,0,4000,1/10/2024,2024-10-01,2025-11-09 07:30:19.821879,data/lms_loan_daily.csv,2024-10-01
CUS_0x9815_2023_12_01,CUS_0x9815,1/12/2023,10,10,10000,1000,0,6000,6000,1/10/2024,2024-10-01,2025-11-09 07:30:19.821879,data/lms_loan_daily.csv,2024-10-01
CUS_0x981c_2024_02_01,CUS_0x981c,1/2/2024,10,8,10000,1000,1000,0,2000,1/10/2024,2024-10-01,2025-11-09 07:30:19.821879,data/lms_loan_daily.csv,2024-10-01
CUS_0x982a_2024_03_01,CUS_0x982a,1/3/2024,10,7,10000,1000,0,4000,7000,1/10/2024,2024-10-01,2025-11-09 07:30:19.821879,data/lms_loan_daily.csv,2024-10-01
CUS_0x9836_2024_10_01,CUS_0x9836,1/10/2024,10,0,10000,0,0,0,10000,1/10/2024,2024-10-01,2025-11-09 07:30:19.821879,data/lms_loan_daily.csv,2024-10-01
CUS_0x983a_2024_03_01,CUS_0x983a,1/3/2024,10,7,10000,1000,1000,0,3000,1/10/2024,2024-10-01,2025-11-09 07:30:19.821879,data/lms_loan_daily.csv,2024-10-01
CUS_0x983b_2024_02_01,CUS_0x983b,1/2/2024,10,8,10000,1000,1000,0,2000,1/10/2024,2024-10-01,2025-11-09 07:30:19.821879,data/lms_loan_daily.csv,2024-10-01
CUS_0x9853_2024_05_01,CUS_0x9853,1/5/2024,10,5,10000,1000,1000,0,5000,1/10/2024,2024-10-01,2025-11-09 07:30:19.821879,data/lms_loan_daily.csv,2024-10-01
CUS_0x9871_2024_03_01,CUS_0x9871,1/3/2024,10,7,10000,1000,1000,0,3000,1/10/2024,2024-10-01,2025-11-09 07:30:19.821879,data/lms_loan_daily.csv,2024-10-01
CUS_0x9878_2024_04_01,CUS_0x9878,1/4/2024,10,6,10000,1000,0,5000,9000,1/10/2024,2024-10-01,2025-11-09 07:30:19.821879,data/lms_loan_daily.csv,2024-10-01
CUS_0x987b_2024_02_01,CUS_0x987b,1/2/2024,10,8,10000,1000,0,7000,9000,1/10/2024,2024-10-01,2025-11-09 07:30:19.821879,data/lms_loan_daily.csv,2024-10-01
CUS_0x987d_2024_03_01,CUS_0x987d,1/3/2024,10,7,10000,1000,1000,0,3000,1/10/2024,2024-10-01,2025-11-09 07:30:19.821879,data/lms_loan_daily.csv,2024-10-01
CUS_0x9886_2024_01_01,CUS_0x9886,1/1/2024,10,9,10000,1000,1000,0,1000,1/10/2024,2024-10-01,2025-11-09 07:30:19.821879,data/lms_loan_daily.csv,2024-10-01
CUS_0x9893_2024_02_01,CUS_0x9893,1/2/2024,10,8,10000,1000,1000,0,2000,1/10/2024,2024-10-01,2025-11-09 07:30:19.821879,data/lms_loan_daily.csv,2024-10-01
CUS_0x9894_2024_02_01,CUS_0x9894,1/2/2024,10,8,10000,1000,1000,0,2000,1/10/2024,2024-10-01,2025-11-09 07:30:19.821879,data/lms_loan_daily.csv,2024-10-01
CUS_0x98b3_2024_07_01,CUS_0x98b3,1/7/2024,10,3,10000,1000,1000,0,7000,1/10/2024,2024-10-01,2025-11-09 07:30:19.821879,data/lms_loan_daily.csv,2024-10-01
CUS_0x98c3_2024_02_01,CUS_0x98c3,1/2/2024,10,8,10000,1000,0,6000,8000,1/10/2024,2024-10-01,2025-11-09 07:30:19.821879,data/lms_loan_daily.csv,2024-10-01
CUS_0x98cc_2024_06_01,CUS_0x98cc,1/6/2024,10,4,10000,1000,1000,0,6000,1/10/2024,2024-10-01,2025-11-09 07:30:19.821879,data/lms_loan_daily.csv,2024-10-01
CUS_0x98e2_2024_09_01,CUS_0x98e2,1/9/2024,10,1,10000,1000,1000,0,9000,1/10/2024,2024-10-01,2025-11-09 07:30:19.821879,data/lms_loan_daily.csv,2024-10-01
CUS_0x98e6_2024_07_01,CUS_0x98e6,1/7/2024,10,3,10000,1000,1000,0,7000,1/10/2024,2024-10-01,2025-11-09 07:30:19.821879,data/lms_loan_daily.csv,2024-10-01
CUS_0x98ed_2024_09_01,CUS_0x98ed,1/9/2024,10,1,10000,1000,1000,0,9000,1/10/2024,2024-10-01,2025-11-09 07:30:19.821879,data/lms_loan_daily.csv,2024-10-01
CUS_0x98f1_2024_07_01,CUS_0x98f1,1/7/2024,10,3,10000,1000,0,1000,8000,1/10/2024,2024-10-01,2025-11-09 07:30:19.821879,data/lms_loan_daily.csv,2024-10-01
CUS_0x98f5_2023_12_01,CUS_0x98f5,1/12/2023,10,10,10000,1000,0,6000,6000,1/10/2024,2024-10-01,2025-11-09 07:30:19.821879,data/lms_loan_daily.csv,2024-10-01
CUS_0x98f6_2024_01_01,CUS_0x98f6,1/1/2024,10,9,10000,1000,0,6000,7000,1/10/2024,2024-10-01,2025-11-09 07:30:19.821879,data/lms_loan_daily.csv,2024-10-01
CUS_0x98f9_2024_10_01,CUS_0x98f9,1/10/2024,10,0,10000,0,0,0,10000,1/10/2024,2024-10-01,2025-11-09 07:30:19.821879,data/lms_loan_daily.csv,2024-10-01
CUS_0x98fc_2024_04_01,CUS_0x98fc,1/4/2024,10,6,10000,1000,1000,0,4000,1/10/2024,2024-10-01,2025-11-09 07:30:19.821879,data/lms_loan_daily.csv,2024-10-01
CUS_0x9906_2024_01_01,CUS_0x9906,1/1/2024,10,9,10000,1000,1000,0,1000,1/10/2024,2024-10-01,2025-11-09 07:30:19.821879,data/lms_loan_daily.csv,2024-10-01
CUS_0x990e_2024_02_01,CUS_0x990e,1/2/2024,10,8,10000,1000,1000,0,2000,1/10/2024,2024-10-01,2025-11-09 07:30:19.821879,data/lms_loan_daily.csv,2024-10-01
CUS_0x991b_2024_04_01,CUS_0x991b,1/4/2024,10,6,10000,1000,1000,0,4000,1/10/2024,2024-10-01,2025-11-09 07:30:19.821879,data/lms_loan_daily.csv,2024-10-01
CUS_0x991d_2024_01_01,CUS_0x991d,1/1/2024,10,9,10000,1000,1000,0,1000,1/10/2024,2024-10-01,2025-11-09 07:30:19.821879,data/lms_loan_daily.csv,2024-10-01
CUS_0x991f_2024_03_01,CUS_0x991f,1/3/2024,10,7,10000,1000,1000,0,3000,1/10/2024,2024-10-01,2025-11-09 07:30:19.821879,data/lms_loan_daily.csv,2024-10-01
CUS_0x992b_2024_03_01,CUS_0x992b,1/3/2024,10,7,10000,1000,0,5000,8000,1/10/2024,2024-10-01,2025-11-09 07:30:19.821879,data/lms_loan_daily.csv,2024-10-01
CUS_0x992c_2024_10_01,CUS_0x992c,1/10/2024,10,0,10000,0,0,0,10000,1/10/2024,2024-10-01,2025-11-09 07:30:19.821879,data/lms_loan_daily.csv,2024-10-01
CUS_0x9937_2024_09_01,CUS_0x9937,1/9/2024,10,1,10000,1000,0,1000,10000,1/10/2024,2024-10-01,2025-11-09 07:30:19.821879,data/lms_loan_daily.csv,2024-10-01
CUS_0x9941_2024_03_01,CUS_0x9941,1/3/2024,10,7,10000,1000,1000,0,3000,1/10/2024,2024-10-01,2025-11-09 07:30:19.821879,data/lms_loan_daily.csv,2024-10-01
CUS_0x9942_2024_01_01,CUS_0x9942,1/1/2024,10,9,10000,1000,1000,0,1000,1/10/2024,2024-10-01,2025-11-09 07:30:19.821879,data/lms_loan_daily.csv,2024-10-01
CUS_0x994c_2024_01_01,CUS_0x994c,1/1/2024,10,9,10000,1000,1000,0,1000,1/10/2024,2024-10-01,2025-11-09 07:30:19.821879,data/lms_loan_daily.csv,2024-10-01
CUS_0x995d_2024_09_01,CUS_0x995d,1/9/2024,10,1,10000,1000,1000,0,9000,1/10/2024,2024-10-01,2025-11-09 07:30:19.821879,data/lms_loan_daily.csv,2024-10-01
CUS_0x9962_2024_07_01,CUS_0x9962,1/7/2024,10,3,10000,1000,1000,0,7000,1/10/2024,2024-10-01,2025-11-09 07:30:19.821879,data/lms_loan_daily.csv,2024-10-01
CUS_0x996f_2024_07_01,CUS_0x996f,1/7/2024,10,3,10000,1000,0,1000,8000,1/10/2024,2024-10-01,2025-11-09 07:30:19.821879,data/lms_loan_daily.csv,2024-10-01
CUS_0x997_2023_12_01,CUS_0x997,1/12/2023,10,10,10000,1000,1000,0,0,1/10/2024,2024-10-01,2025-11-09 07:30:19.821879,data/lms_loan_daily.csv,2024-10-01
CUS_0x9972_2024_10_01,CUS_0x9972,1/10/2024,10,0,10000,0,0,0,10000,1/10/2024,2024-10-01,2025-11-09 07:30:19.821879,data/lms_loan_daily.csv,2024-10-01
CUS_0x9974_2024_02_01,CUS_0x9974,1/2/2024,10,8,10000,1000,1000,0,2000,1/10/2024,2024-10-01,2025-11-09 07:30:19.821879,data/lms_loan_daily.csv,2024-10-01
CUS_0x9976_2024_05_01,CUS_0x9976,1/5/2024,10,5,10000,1000,0,2000,7000,1/10/2024,2024-10-01,2025-11-09 07:30:19.821879,data/lms_loan_daily.csv,2024-10-01
CUS_0x9978_2024_09_01,CUS_0x9978,1/9/2024,10,1,10000,1000,1000,0,9000,1/10/2024,2024-10-01,2025-11-09 07:30:19.821879,data/lms_loan_daily.csv,2024-10-01
CUS_0x997e_2024_10_01,CUS_0x997e,1/10/2024,10,0,10000,0,0,0,10000,1/10/2024,2024-10-01,2025-11-09 07:30:19.821879,data/lms_loan_daily.csv,2024-10-01
CUS_0x9983_2024_03_01,CUS_0x9983,1/3/2024,10,7,10000,1000,1000,0,3000,1/10/2024,2024-10-01,2025-11-09 07:30:19.821879,data/lms_loan_daily.csv,2024-10-01
CUS_0x9987_2024_07_01,CUS_0x9987,1/7/2024,10,3,10000,1000,0,2000,9000,1/10/2024,2024-10-01,2025-11-09 07:30:19.821879,data/lms_loan_daily.csv,2024-10-01
CUS_0x999f_2024_01_01,CUS_0x999f,1/1/2024,10,9,10000,1000,0,8000,9000,1/10/2024,2024-10-01,2025-11-09 07:30:19.821879,data/lms_loan_daily.csv,2024-10-01
CUS_0x99ab_2024_08_01,CUS_0x99ab,1/8/2024,10,2,10000,1000,1000,0,8000,1/10/2024,2024-10-01,2025-11-09 07:30:19.821879,data/lms_loan_daily.csv,2024-10-01
CUS_0x99ae_2024_10_01,CUS_0x99ae,1/10/2024,10,0,10000,0,0,0,10000,1/10/2024,2024-10-01,2025-11-09 07:30:19.821879,data/lms_loan_daily.csv,2024-10-01
CUS_0x99b_2024_02_01,CUS_0x99b,1/2/2024,10,8,10000,1000,1000,0,2000,1/10/2024,2024-10-01,2025-11-09 07:30:19.821879,data/lms_loan_daily.csv,2024-10-01
CUS_0x99b3_2024_04_01,CUS_0x99b3,1/4/2024,10,6,10000,1000,1000,0,4000,1/10/2024,2024-10-01,2025-11-09 07:30:19.821879,data/lms_loan_daily.csv,2024-10-01
CUS_0x99b4_2024_02_01,CUS_0x99b4,1/2/2024,10,8,10000,1000,1000,0,2000,1/10/2024,2024-10-01,2025-11-09 07:30:19.821879,data/lms_loan_daily.csv,2024-10-01
CUS_0x99b9_2024_02_01,CUS_0x99b9,1/2/2024,10,8,10000,1000,1000,0,2000,1/10/2024,2024-10-01,2025-11-09 07:30:19.821879,data/lms_loan_daily.csv,2024-10-01
CUS_0x99be_2023_12_01,CUS_0x99be,1/12/2023,10,10,10000,1000,1000,0,0,1/10/2024,2024-10-01,2025-11-09 07:30:19.821879,data/lms_loan_daily.csv,2024-10-01
CUS_0x99c_2024_08_01,CUS_0x99c,1/8/2024,10,2,10000,1000,1000,0,8000,1/10/2024,2024-10-01,2025-11-09 07:30:19.821879,data/lms_loan_daily.csv,2024-10-01
CUS_0x99c2_2024_06_01,CUS_0x99c2,1/6/2024,10,4,10000,1000,0,1000,7000,1/10/2024,2024-10-01,2025-11-09 07:30:19.821879,data/lms_loan_daily.csv,2024-10-01
CUS_0x99c5_2024_04_01,CUS_0x99c5,1/4/2024,10,6,10000,1000,0,3000,7000,1/10/2024,2024-10-01,2025-11-09 07:30:19.821879,data/lms_loan_daily.csv,2024-10-01
CUS_0x99c9_2024_03_01,CUS_0x99c9,1/3/2024,10,7,10000,1000,1000,0,3000,1/10/2024,2024-10-01,2025-11-09 07:30:19.821879,data/lms_loan_daily.csv,2024-10-01
CUS_0x99d4_2024_07_01,CUS_0x99d4,1/7/2024,10,3,10000,1000,1000,0,7000,1/10/2024,2024-10-01,2025-11-09 07:30:19.821879,data/lms_loan_daily.csv,2024-10-01
CUS_0x99dc_2023_12_01,CUS_0x99dc,1/12/2023,10,10,10000,1000,0,8000,8000,1/10/2024,2024-10-01,2025-11-09 07:30:19.821879,data/lms_loan_daily.csv,2024-10-01
CUS_0x99e5_2024_10_01,CUS_0x99e5,1/10/2024,10,0,10000,0,0,0,10000,1/10/2024,2024-10-01,2025-11-09 07:30:19.821879,data/lms_loan_daily.csv,2024-10-01
CUS_0x99e9_2024_02_01,CUS_0x99e9,1/2/2024,10,8,10000,1000,1000,0,2000,1/10/2024,2024-10-01,2025-11-09 07:30:19.821879,data/lms_loan_daily.csv,2024-10-01
CUS_0x99ec_2024_02_01,CUS_0x99ec,1/2/2024,10,8,10000,1000,1000,0,2000,1/10/2024,2024-10-01,2025-11-09 07:30:19.821879,data/lms_loan_daily.csv,2024-10-01
CUS_0x99f7_2024_05_01,CUS_0x99f7,1/5/2024,10,5,10000,1000,1000,0,5000,1/10/2024,2024-10-01,2025-11-09 07:30:19.821879,data/lms_loan_daily.csv,2024-10-01
CUS_0x9a02_2024_09_01,CUS_0x9a02,1/9/2024,10,1,10000,1000,1000,0,9000,1/10/2024,2024-10-01,2025-11-09 07:30:19.821879,data/lms_loan_daily.csv,2024-10-01
CUS_0x9a09_2024_09_01,CUS_0x9a09,1/9/2024,10,1,10000,1000,1000,0,9000,1/10/2024,2024-10-01,2025-11-09 07:30:19.821879,data/lms_loan_daily.csv,2024-10-01
CUS_0x9a0c_2024_01_01,CUS_0x9a0c,1/1/2024,10,9,10000,1000,1000,0,1000,1/10/2024,2024-10-01,2025-11-09 07:30:19.821879,data/lms_loan_daily.csv,2024-10-01
CUS_0x9a1_2024_02_01,CUS_0x9a1,1/2/2024,10,8,10000,1000,1000,0,2000,1/10/2024,2024-10-01,2025-11-09 07:30:19.821879,data/lms_loan_daily.csv,2024-10-01
CUS_0x9a13_2024_08_01,CUS_0x9a13,1/8/2024,10,2,10000,1000,1000,0,8000,1/10/2024,2024-10-01,2025-11-09 07:30:19.821879,data/lms_loan_daily.csv,2024-10-01
CUS_0x9a18_2024_03_01,CUS_0x9a18,1/3/2024,10,7,10000,1000,1000,0,3000,1/10/2024,2024-10-01,2025-11-09 07:30:19.821879,data/lms_loan_daily.csv,2024-10-01
CUS_0x9a1c_2024_04_01,CUS_0x9a1c,1/4/2024,10,6,10000,1000,0,4000,8000,1/10/2024,2024-10-01,2025-11-09 07:30:19.821879,data/lms_loan_daily.csv,2024-10-01
CUS_0x9a26_2024_01_01,CUS_0x9a26,1/1/2024,10,9,10000,1000,1000,0,1000,1/10/2024,2024-10-01,2025-11-09 07:30:19.821879,data/lms_loan_daily.csv,2024-10-01
CUS_0x9a2c_2024_04_01,CUS_0x9a2c,1/4/2024,10,6,10000,1000,0,3000,7000,1/10/2024,2024-10-01,2025-11-09 07:30:19.821879,data/lms_loan_daily.csv,2024-10-01
CUS_0x9a30_2024_03_01,CUS_0x9a30,1/3/2024,10,7,10000,1000,0,5000,8000,1/10/2024,2024-10-01,2025-11-09 07:30:19.821879,data/lms_loan_daily.csv,2024-10-01
CUS_0x9a3b_2024_07_01,CUS_0x9a3b,1/7/2024,10,3,10000,1000,1000,0,7000,1/10/2024,2024-10-01,2025-11-09 07:30:19.821879,data/lms_loan_daily.csv,2024-10-01
CUS_0x9a3c_2024_03_01,CUS_0x9a3c,1/3/2024,10,7,10000,1000,1000,0,3000,1/10/2024,2024-10-01,2025-11-09 07:30:19.821879,data/lms_loan_daily.csv,2024-10-01
CUS_0x9a3d_2024_08_01,CUS_0x9a3d,1/8/2024,10,2,10000,1000,1000,0,8000,1/10/2024,2024-10-01,2025-11-09 07:30:19.821879,data/lms_loan_daily.csv,2024-10-01
CUS_0x9a43_2024_02_01,CUS_0x9a43,1/2/2024,10,8,10000,1000,0,6000,8000,1/10/2024,2024-10-01,2025-11-09 07:30:19.821879,data/lms_loan_daily.csv,2024-10-01
CUS_0x9a4a_2024_04_01,CUS_0x9a4a,1/4/2024,10,6,10000,1000,1000,0,4000,1/10/2024,2024-10-01,2025-11-09 07:30:19.821879,data/lms_loan_daily.csv,2024-10-01
CUS_0x9a6b_2023_12_01,CUS_0x9a6b,1/12/2023,10,10,10000,1000,1000,0,0,1/10/2024,2024-10-01,2025-11-09 07:30:19.821879,data/lms_loan_daily.csv,2024-10-01
CUS_0x9a7_2024_01_01,CUS_0x9a7,1/1/2024,10,9,10000,1000,1000,0,1000,1/10/2024,2024-10-01,2025-11-09 07:30:19.821879,data/lms_loan_daily.csv,2024-10-01
CUS_0x9a70_2024_03_01,CUS_0x9a70,1/3/2024,10,7,10000,1000,1000,0,3000,1/10/2024,2024-10-01,2025-11-09 07:30:19.821879,data/lms_loan_daily.csv,2024-10-01
CUS_0x9a8d_2024_01_01,CUS_0x9a8d,1/1/2024,10,9,10000,1000,1000,0,1000,1/10/2024,2024-10-01,2025-11-09 07:30:19.821879,data/lms_loan_daily.csv,2024-10-01
CUS_0x9a93_2024_05_01,CUS_0x9a93,1/5/2024,10,5,10000,1000,1000,0,5000,1/10/2024,2024-10-01,2025-11-09 07:30:19.821879,data/lms_loan_daily.csv,2024-10-01
CUS_0x9a95_2024_07_01,CUS_0x9a95,1/7/2024,10,3,10000,1000,0,1000,8000,1/10/2024,2024-10-01,2025-11-09 07:30:19.821879,data/lms_loan_daily.csv,2024-10-01
CUS_0x9a9a_2024_08_01,CUS_0x9a9a,1/8/2024,10,2,10000,1000,1000,0,8000,1/10/2024,2024-10-01,2025-11-09 07:30:19.821879,data/lms_loan_daily.csv,2024-10-01
CUS_0x9aa1_2024_03_01,CUS_0x9aa1,1/3/2024,10,7,10000,1000,1000,0,3000,1/10/2024,2024-10-01,2025-11-09 07:30:19.821879,data/lms_loan_daily.csv,2024-10-01
CUS_0x9ab6_2024_05_01,CUS_0x9ab6,1/5/2024,10,5,10000,1000,0,1000,6000,1/10/2024,2024-10-01,2025-11-09 07:30:19.821879,data/lms_loan_daily.csv,2024-10-01
CUS_0x9ac5_2024_08_01,CUS_0x9ac5,1/8/2024,10,2,10000,1000,1000,0,8000,1/10/2024,2024-10-01,2025-11-09 07:30:19.821879,data/lms_loan_daily.csv,2024-10-01
CUS_0x9acf_2024_04_01,CUS_0x9acf,1/4/2024,10,6,10000,1000,1000,0,4000,1/10/2024,2024-10-01,2025-11-09 07:30:19.821879,data/lms_loan_daily.csv,2024-10-01
CUS_0x9ad1_2024_08_01,CUS_0x9ad1,1/8/2024,10,2,10000,1000,1000,0,8000,1/10/2024,2024-10-01,2025-11-09 07:30:19.821879,data/lms_loan_daily.csv,2024-10-01
CUS_0x9adc_2023_12_01,CUS_0x9adc,1/12/2023,10,10,10000,1000,1000,0,0,1/10/2024,2024-10-01,2025-11-09 07:30:19.821879,data/lms_loan_daily.csv,2024-10-01
CUS_0x9ae0_2024_10_01,CUS_0x9ae0,1/10/2024,10,0,10000,0,0,0,10000,1/10/2024,2024-10-01,2025-11-09 07:30:19.821879,data/lms_loan_daily.csv,2024-10-01
CUS_0x9ae1_2024_07_01,CUS_0x9ae1,1/7/2024,10,3,10000,1000,0,2000,9000,1/10/2024,2024-10-01,2025-11-09 07:30:19.821879,data/lms_loan_daily.csv,2024-10-01
CUS_0x9ae6_2024_02_01,CUS_0x9ae6,1/2/2024,10,8,10000,1000,0,4000,6000,1/10/2024,2024-10-01,2025-11-09 07:30:19.821879,data/lms_loan_daily.csv,2024-10-01
CUS_0x9af6_2024_04_01,CUS_0x9af6,1/4/2024,10,6,10000,1000,1000,0,4000,1/10/2024,2024-10-01,2025-11-09 07:30:19.821879,data/lms_loan_daily.csv,2024-10-01
CUS_0x9afb_2023_12_01,CUS_0x9afb,1/12/2023,10,10,10000,1000,0,8000,8000,1/10/2024,2024-10-01,2025-11-09 07:30:19.821879,data/lms_loan_daily.csv,2024-10-01
CUS_0x9b1f_2024_01_01,CUS_0x9b1f,1/1/2024,10,9,10000,1000,1000,0,1000,1/10/2024,2024-10-01,2025-11-09 07:30:19.821879,data/lms_loan_daily.csv,2024-10-01
CUS_0x9b27_2024_08_01,CUS_0x9b27,1/8/2024,10,2,10000,1000,1000,0,8000,1/10/2024,2024-10-01,2025-11-09 07:30:19.821879,data/lms_loan_daily.csv,2024-10-01
CUS_0x9b30_2024_08_01,CUS_0x9b30,1/8/2024,10,2,10000,1000,1000,0,8000,1/10/2024,2024-10-01,2025-11-09 07:30:19.821879,data/lms_loan_daily.csv,2024-10-01
CUS_0x9b35_2024_06_01,CUS_0x9b35,1/6/2024,10,4,10000,1000,1000,0,6000,1/10/2024,2024-10-01,2025-11-09 07:30:19.821879,data/lms_loan_daily.csv,2024-10-01
CUS_0x9b3f_2024_08_01,CUS_0x9b3f,1/8/2024,10,2,10000,1000,1000,0,8000,1/10/2024,2024-10-01,2025-11-09 07:30:19.821879,data/lms_loan_daily.csv,2024-10-01
CUS_0x9b4c_2024_02_01,CUS_0x9b4c,1/2/2024,10,8,10000,1000,1000,0,2000,1/10/2024,2024-10-01,2025-11-09 07:30:19.821879,data/lms_loan_daily.csv,2024-10-01
CUS_0x9b4f_2024_06_01,CUS_0x9b4f,1/6/2024,10,4,10000,1000,1000,0,6000,1/10/2024,2024-10-01,2025-11-09 07:30:19.821879,data/lms_loan_daily.csv,2024-10-01
CUS_0x9b58_2024_01_01,CUS_0x9b58,1/1/2024,10,9,10000,1000,0,5000,6000,1/10/2024,2024-10-01,2025-11-09 07:30:19.821879,data/lms_loan_daily.csv,2024-10-01
CUS_0x9b5c_2024_01_01,CUS_0x9b5c,1/1/2024,10,9,10000,1000,1000,0,1000,1/10/2024,2024-10-01,2025-11-09 07:30:19.821879,data/lms_loan_daily.csv,2024-10-01
CUS_0x9b81_2024_02_01,CUS_0x9b81,1/2/2024,10,8,10000,1000,1000,0,2000,1/10/2024,2024-10-01,2025-11-09 07:30:19.821879,data/lms_loan_daily.csv,2024-10-01
CUS_0x9b85_2024_05_01,CUS_0x9b85,1/5/2024,10,5,10000,1000,0,5000,10000,1/10/2024,2024-10-01,2025-11-09 07:30:19.821879,data/lms_loan_daily.csv,2024-10-01
CUS_0x9b8c_2024_06_01,CUS_0x9b8c,1/6/2024,10,4,10000,1000,0,1000,7000,1/10/2024,2024-10-01,2025-11-09 07:30:19.821879,data/lms_loan_daily.csv,2024-10-01
CUS_0x9b9_2024_05_01,CUS_0x9b9,1/5/2024,10,5,10000,1000,1000,0,5000,1/10/2024,2024-10-01,2025-11-09 07:30:19.821879,data/lms_loan_daily.csv,2024-10-01
CUS_0x9b95_2024_08_01,CUS_0x9b95,1/8/2024,10,2,10000,1000,1000,0,8000,1/10/2024,2024-10-01,2025-11-09 07:30:19.821879,data/lms_loan_daily.csv,2024-10-01
CUS_0x9ba4_2024_08_01,CUS_0x9ba4,1/8/2024,10,2,10000,1000,1000,0,8000,1/10/2024,2024-10-01,2025-11-09 07:30:19.821879,data/lms_loan_daily.csv,2024-10-01
CUS_0x9bb3_2024_05_01,CUS_0x9bb3,1/5/2024,10,5,10000,1000,1000,0,5000,1/10/2024,2024-10-01,2025-11-09 07:30:19.821879,data/lms_loan_daily.csv,2024-10-01
CUS_0x9bb4_2024_05_01,CUS_0x9bb4,1/5/2024,10,5,10000,1000,0,1000,6000,1/10/2024,2024-10-01,2025-11-09 07:30:19.821879,data/lms_loan_daily.csv,2024-10-01
CUS_0x9bbd_2023_12_01,CUS_0x9bbd,1/12/2023,10,10,10000,1000,1000,0,0,1/10/2024,2024-10-01,2025-11-09 07:30:19.821879,data/lms_loan_daily.csv,2024-10-01
CUS_0x9bc7_2024_07_01,CUS_0x9bc7,1/7/2024,10,3,10000,1000,1000,0,7000,1/10/2024,2024-10-01,2025-11-09 07:30:19.821879,data/lms_loan_daily.csv,2024-10-01
CUS_0x9bd1_2024_10_01,CUS_0x9bd1,1/10/2024,10,0,10000,0,0,0,10000,1/10/2024,2024-10-01,2025-11-09 07:30:19.821879,data/lms_loan_daily.csv,2024-10-01
CUS_0x9bd6_2024_10_01,CUS_0x9bd6,1/10/2024,10,0,10000,0,0,0,10000,1/10/2024,2024-10-01,2025-11-09 07:30:19.821879,data/lms_loan_daily.csv,2024-10-01
CUS_0x9bd9_2024_08_01,CUS_0x9bd9,1/8/2024,10,2,10000,1000,1000,0,8000,1/10/2024,2024-10-01,2025-11-09 07:30:19.821879,data/lms_loan_daily.csv,2024-10-01
CUS_0x9be5_2024_09_01,CUS_0x9be5,1/9/2024,10,1,10000,1000,1000,0,9000,1/10/2024,2024-10-01,2025-11-09 07:30:19.821879,data/lms_loan_daily.csv,2024-10-01
CUS_0x9bf3_2024_09_01,CUS_0x9bf3,1/9/2024,10,1,10000,1000,1000,0,9000,1/10/2024,2024-10-01,2025-11-09 07:30:19.821879,data/lms_loan_daily.csv,2024-10-01
CUS_0x9bf5_2024_10_01,CUS_0x9bf5,1/10/2024,10,0,10000,0,0,0,10000,1/10/2024,2024-10-01,2025-11-09 07:30:19.821879,data/lms_loan_daily.csv,2024-10-01
CUS_0x9c0_2024_10_01,CUS_0x9c0,1/10/2024,10,0,10000,0,0,0,10000,1/10/2024,2024-10-01,2025-11-09 07:30:19.821879,data/lms_loan_daily.csv,2024-10-01
CUS_0x9c05_2024_07_01,CUS_0x9c05,1/7/2024,10,3,10000,1000,0,2000,9000,1/10/2024,2024-10-01,2025-11-09 07:30:19.821879,data/lms_loan_daily.csv,2024-10-01
CUS_0x9c0d_2024_07_01,CUS_0x9c0d,1/7/2024,10,3,10000,1000,1000,0,7000,1/10/2024,2024-10-01,2025-11-09 07:30:19.821879,data/lms_loan_daily.csv,2024-10-01
CUS_0x9c17_2024_06_01,CUS_0x9c17,1/6/2024,10,4,10000,1000,0,1000,7000,1/10/2024,2024-10-01,2025-11-09 07:30:19.821879,data/lms_loan_daily.csv,2024-10-01
CUS_0x9c1f_2024_02_01,CUS_0x9c1f,1/2/2024,10,8,10000,1000,1000,0,2000,1/10/2024,2024-10-01,2025-11-09 07:30:19.821879,data/lms_loan_daily.csv,2024-10-01
CUS_0x9c22_2024_09_01,CUS_0x9c22,1/9/2024,10,1,10000,1000,1000,0,9000,1/10/2024,2024-10-01,2025-11-09 07:30:19.821879,data/lms_loan_daily.csv,2024-10-01
CUS_0x9c34_2023_12_01,CUS_0x9c34,1/12/2023,10,10,10000,1000,0,9000,9000,1/10/2024,2024-10-01,2025-11-09 07:30:19.821879,data/lms_loan_daily.csv,2024-10-01
CUS_0x9c38_2024_05_01,CUS_0x9c38,1/5/2024,10,5,10000,1000,0,3000,8000,1/10/2024,2024-10-01,2025-11-09 07:30:19.821879,data/lms_loan_daily.csv,2024-10-01
CUS_0x9c3b_2024_07_01,CUS_0x9c3b,1/7/2024,10,3,10000,1000,1000,0,7000,1/10/2024,2024-10-01,2025-11-09 07:30:19.821879,data/lms_loan_daily.csv,2024-10-01
CUS_0x9c3c_2024_07_01,CUS_0x9c3c,1/7/2024,10,3,10000,1000,0,2000,9000,1/10/2024,2024-10-01,2025-11-09 07:30:19.821879,data/lms_loan_daily.csv,2024-10-01
CUS_0x9c4_2024_05_01,CUS_0x9c4,1/5/2024,10,5,10000,1000,0,2000,7000,1/10/2024,2024-10-01,2025-11-09 07:30:19.821879,data/lms_loan_daily.csv,2024-10-01
CUS_0x9c4b_2024_01_01,CUS_0x9c4b,1/1/2024,10,9,10000,1000,0,7000,8000,1/10/2024,2024-10-01,2025-11-09 07:30:19.821879,data/lms_loan_daily.csv,2024-10-01
CUS_0x9c4f_2024_03_01,CUS_0x9c4f,1/3/2024,10,7,10000,1000,1000,0,3000,1/10/2024,2024-10-01,2025-11-09 07:30:19.821879,data/lms_loan_daily.csv,2024-10-01
CUS_0x9c55_2024_02_01,CUS_0x9c55,1/2/2024,10,8,10000,1000,1000,0,2000,1/10/2024,2024-10-01,2025-11-09 07:30:19.821879,data/lms_loan_daily.csv,2024-10-01
CUS_0x9c63_2024_01_01,CUS_0x9c63,1/1/2024,10,9,10000,1000,1000,0,1000,1/10/2024,2024-10-01,2025-11-09 07:30:19.821879,data/lms_loan_daily.csv,2024-10-01
CUS_0x9c65_2024_04_01,CUS_0x9c65,1/4/2024,10,6,10000,1000,1000,0,4000,1/10/2024,2024-10-01,2025-11-09 07:30:19.821879,data/lms_loan_daily.csv,2024-10-01
CUS_0x9c68_2024_06_01,CUS_0x9c68,1/6/2024,10,4,10000,1000,1000,0,6000,1/10/2024,2024-10-01,2025-11-09 07:30:19.821879,data/lms_loan_daily.csv,2024-10-01
CUS_0x9c7f_2024_10_01,CUS_0x9c7f,1/10/2024,10,0,10000,0,0,0,10000,1/10/2024,2024-10-01,2025-11-09 07:30:19.821879,data/lms_loan_daily.csv,2024-10-01
CUS_0x9c80_2024_07_01,CUS_0x9c80,1/7/2024,10,3,10000,1000,1000,0,7000,1/10/2024,2024-10-01,2025-11-09 07:30:19.821879,data/lms_loan_daily.csv,2024-10-01
CUS_0x9c96_2024_10_01,CUS_0x9c96,1/10/2024,10,0,10000,0,0,0,10000,1/10/2024,2024-10-01,2025-11-09 07:30:19.821879,data/lms_loan_daily.csv,2024-10-01
CUS_0x9c98_2024_10_01,CUS_0x9c98,1/10/2024,10,0,10000,0,0,0,10000,1/10/2024,2024-10-01,2025-11-09 07:30:19.821879,data/lms_loan_daily.csv,2024-10-01
CUS_0x9c99_2024_04_01,CUS_0x9c99,1/4/2024,10,6,10000,1000,0,3000,7000,1/10/2024,2024-10-01,2025-11-09 07:30:19.821879,data/lms_loan_daily.csv,2024-10-01
CUS_0x9c9c_2024_03_01,CUS_0x9c9c,1/3/2024,10,7,10000,1000,1000,0,3000,1/10/2024,2024-10-01,2025-11-09 07:30:19.821879,data/lms_loan_daily.csv,2024-10-01
CUS_0x9ca_2024_02_01,CUS_0x9ca,1/2/2024,10,8,10000,1000,1000,0,2000,1/10/2024,2024-10-01,2025-11-09 07:30:19.821879,data/lms_loan_daily.csv,2024-10-01
CUS_0x9ca4_2024_09_01,CUS_0x9ca4,1/9/2024,10,1,10000,1000,1000,0,9000,1/10/2024,2024-10-01,2025-11-09 07:30:19.821879,data/lms_loan_daily.csv,2024-10-01
CUS_0x9cab_2024_06_01,CUS_0x9cab,1/6/2024,10,4,10000,1000,1000,0,6000,1/10/2024,2024-10-01,2025-11-09 07:30:19.821879,data/lms_loan_daily.csv,2024-10-01
CUS_0x9caf_2024_01_01,CUS_0x9caf,1/1/2024,10,9,10000,1000,1000,0,1000,1/10/2024,2024-10-01,2025-11-09 07:30:19.821879,data/lms_loan_daily.csv,2024-10-01
CUS_0x9cb8_2024_02_01,CUS_0x9cb8,1/2/2024,10,8,10000,1000,1000,0,2000,1/10/2024,2024-10-01,2025-11-09 07:30:19.821879,data/lms_loan_daily.csv,2024-10-01
CUS_0x9cc2_2024_07_01,CUS_0x9cc2,1/7/2024,10,3,10000,1000,1000,0,7000,1/10/2024,2024-10-01,2025-11-09 07:30:19.821879,data/lms_loan_daily.csv,2024-10-01
CUS_0x9cc3_2024_09_01,CUS_0x9cc3,1/9/2024,10,1,10000,1000,0,1000,10000,1/10/2024,2024-10-01,2025-11-09 07:30:19.821879,data/lms_loan_daily.csv,2024-10-01
CUS_0x9cd3_2024_09_01,CUS_0x9cd3,1/9/2024,10,1,10000,1000,1000,0,9000,1/10/2024,2024-10-01,2025-11-09 07:30:19.821879,data/lms_loan_daily.csv,2024-10-01
CUS_0x9cdc_2024_06_01,CUS_0x9cdc,1/6/2024,10,4,10000,1000,1000,0,6000,1/10/2024,2024-10-01,2025-11-09 07:30:19.821879,data/lms_loan_daily.csv,2024-10-01
CUS_0x9cdf_2023_12_01,CUS_0x9cdf,1/12/2023,10,10,10000,1000,1000,0,0,1/10/2024,2024-10-01,2025-11-09 07:30:19.821879,data/lms_loan_daily.csv,2024-10-01
CUS_0x9ce3_2024_04_01,CUS_0x9ce3,1/4/2024,10,6,10000,1000,0,4000,8000,1/10/2024,2024-10-01,2025-11-09 07:30:19.821879,data/lms_loan_daily.csv,2024-10-01
CUS_0x9ce9_2023_12_01,CUS_0x9ce9,1/12/2023,10,10,10000,1000,1000,0,0,1/10/2024,2024-10-01,2025-11-09 07:30:19.821879,data/lms_loan_daily.csv,2024-10-01
CUS_0x9cec_2024_10_01,CUS_0x9cec,1/10/2024,10,0,10000,0,0,0,10000,1/10/2024,2024-10-01,2025-11-09 07:30:19.821879,data/lms_loan_daily.csv,2024-10-01
CUS_0x9d04_2024_01_01,CUS_0x9d04,1/1/2024,10,9,10000,1000,0,6000,7000,1/10/2024,2024-10-01,2025-11-09 07:30:19.821879,data/lms_loan_daily.csv,2024-10-01
CUS_0x9d09_2024_01_01,CUS_0x9d09,1/1/2024,10,9,10000,1000,1000,0,1000,1/10/2024,2024-10-01,2025-11-09 07:30:19.821879,data/lms_loan_daily.csv,2024-10-01
CUS_0x9d0a_2024_09_01,CUS_0x9d0a,1/9/2024,10,1,10000,1000,1000,0,9000,1/10/2024,2024-10-01,2025-11-09 07:30:19.821879,data/lms_loan_daily.csv,2024-10-01
CUS_0x9d10_2024_07_01,CUS_0x9d10,1/7/2024,10,3,10000,1000,1000,0,7000,1/10/2024,2024-10-01,2025-11-09 07:30:19.821879,data/lms_loan_daily.csv,2024-10-01
CUS_0x9d1a_2024_03_01,CUS_0x9d1a,1/3/2024,10,7,10000,1000,1000,0,3000,1/10/2024,2024-10-01,2025-11-09 07:30:19.821879,data/lms_loan_daily.csv,2024-10-01
CUS_0x9d23_2024_10_01,CUS_0x9d23,1/10/2024,10,0,10000,0,0,0,10000,1/10/2024,2024-10-01,2025-11-09 07:30:19.821879,data/lms_loan_daily.csv,2024-10-01
CUS_0x9d29_2024_05_01,CUS_0x9d29,1/5/2024,10,5,10000,1000,1000,0,5000,1/10/2024,2024-10-01,2025-11-09 07:30:19.821879,data/lms_loan_daily.csv,2024-10-01
CUS_0x9d2c_2024_07_01,CUS_0x9d2c,1/7/2024,10,3,10000,1000,1000,0,7000,1/10/2024,2024-10-01,2025-11-09 07:30:19.821879,data/lms_loan_daily.csv,2024-10-01
CUS_0x9d2e_2024_09_01,CUS_0x9d2e,1/9/2024,10,1,10000,1000,1000,0,9000,1/10/2024,2024-10-01,2025-11-09 07:30:19.821879,data/lms_loan_daily.csv,2024-10-01
CUS_0x9d2f_2024_03_01,CUS_0x9d2f,1/3/2024,10,7,10000,1000,1000,0,3000,1/10/2024,2024-10-01,2025-11-09 07:30:19.821879,data/lms_loan_daily.csv,2024-10-01
CUS_0x9d32_2024_09_01,CUS_0x9d32,1/9/2024,10,1,10000,1000,1000,0,9000,1/10/2024,2024-10-01,2025-11-09 07:30:19.821879,data/lms_loan_daily.csv,2024-10-01
CUS_0x9d38_2024_04_01,CUS_0x9d38,1/4/2024,10,6,10000,1000,1000,0,4000,1/10/2024,2024-10-01,2025-11-09 07:30:19.821879,data/lms_loan_daily.csv,2024-10-01
CUS_0x9d3d_2024_09_01,CUS_0x9d3d,1/9/2024,10,1,10000,1000,1000,0,9000,1/10/2024,2024-10-01,2025-11-09 07:30:19.821879,data/lms_loan_daily.csv,2024-10-01
CUS_0x9d3e_2024_10_01,CUS_0x9d3e,1/10/2024,10,0,10000,0,0,0,10000,1/10/2024,2024-10-01,2025-11-09 07:30:19.821879,data/lms_loan_daily.csv,2024-10-01
CUS_0x9d4c_2024_10_01,CUS_0x9d4c,1/10/2024,10,0,10000,0,0,0,10000,1/10/2024,2024-10-01,2025-11-09 07:30:19.821879,data/lms_loan_daily.csv,2024-10-01
CUS_0x9d60_2024_03_01,CUS_0x9d60,1/3/2024,10,7,10000,1000,0,5000,8000,1/10/2024,2024-10-01,2025-11-09 07:30:19.821879,data/lms_loan_daily.csv,2024-10-01
CUS_0x9d62_2024_03_01,CUS_0x9d62,1/3/2024,10,7,10000,1000,1000,0,3000,1/10/2024,2024-10-01,2025-11-09 07:30:19.821879,data/lms_loan_daily.csv,2024-10-01
CUS_0x9d6b_2024_07_01,CUS_0x9d6b,1/7/2024,10,3,10000,1000,0,2000,9000,1/10/2024,2024-10-01,2025-11-09 07:30:19.821879,data/lms_loan_daily.csv,2024-10-01
CUS_0x9d7_2024_10_01,CUS_0x9d7,1/10/2024,10,0,10000,0,0,0,10000,1/10/2024,2024-10-01,2025-11-09 07:30:19.821879,data/lms_loan_daily.csv,2024-10-01
CUS_0x9d7e_2024_09_01,CUS_0x9d7e,1/9/2024,10,1,10000,1000,1000,0,9000,1/10/2024,2024-10-01,2025-11-09 07:30:19.821879,data/lms_loan_daily.csv,2024-10-01
CUS_0x9d89_2023_12_01,CUS_0x9d89,1/12/2023,10,10,10000,1000,1000,0,0,1/10/2024,2024-10-01,2025-11-09 07:30:19.821879,data/lms_loan_daily.csv,2024-10-01
CUS_0x9d9_2024_08_01,CUS_0x9d9,1/8/2024,10,2,10000,1000,1000,0,8000,1/10/2024,2024-10-01,2025-11-09 07:30:19.821879,data/lms_loan_daily.csv,2024-10-01
CUS_0x9da0_2024_03_01,CUS_0x9da0,1/3/2024,10,7,10000,1000,0,5000,8000,1/10/2024,2024-10-01,2025-11-09 07:30:19.821879,data/lms_loan_daily.csv,2024-10-01
CUS_0x9da4_2024_07_01,CUS_0x9da4,1/7/2024,10,3,10000,1000,1000,0,7000,1/10/2024,2024-10-01,2025-11-09 07:30:19.821879,data/lms_loan_daily.csv,2024-10-01
CUS_0x9da6_2024_07_01,CUS_0x9da6,1/7/2024,10,3,10000,1000,1000,0,7000,1/10/2024,2024-10-01,2025-11-09 07:30:19.821879,data/lms_loan_daily.csv,2024-10-01
CUS_0x9db5_2024_04_01,CUS_0x9db5,1/4/2024,10,6,10000,1000,0,5000,9000,1/10/2024,2024-10-01,2025-11-09 07:30:19.821879,data/lms_loan_daily.csv,2024-10-01
CUS_0x9dbc_2024_03_01,CUS_0x9dbc,1/3/2024,10,7,10000,1000,0,7000,10000,1/10/2024,2024-10-01,2025-11-09 07:30:19.821879,data/lms_loan_daily.csv,2024-10-01
CUS_0x9dc1_2023_12_01,CUS_0x9dc1,1/12/2023,10,10,10000,1000,0,6000,6000,1/10/2024,2024-10-01,2025-11-09 07:30:19.821879,data/lms_loan_daily.csv,2024-10-01
CUS_0x9dd_2024_07_01,CUS_0x9dd,1/7/2024,10,3,10000,1000,1000,0,7000,1/10/2024,2024-10-01,2025-11-09 07:30:19.821879,data/lms_loan_daily.csv,2024-10-01
CUS_0x9dd5_2024_10_01,CUS_0x9dd5,1/10/2024,10,0,10000,0,0,0,10000,1/10/2024,2024-10-01,2025-11-09 07:30:19.821879,data/lms_loan_daily.csv,2024-10-01
CUS_0x9dd7_2024_03_01,CUS_0x9dd7,1/3/2024,10,7,10000,1000,1000,0,3000,1/10/2024,2024-10-01,2025-11-09 07:30:19.821879,data/lms_loan_daily.csv,2024-10-01
CUS_0x9de1_2024_06_01,CUS_0x9de1,1/6/2024,10,4,10000,1000,1000,0,6000,1/10/2024,2024-10-01,2025-11-09 07:30:19.821879,data/lms_loan_daily.csv,2024-10-01
CUS_0x9de2_2023_12_01,CUS_0x9de2,1/12/2023,10,10,10000,1000,1000,0,0,1/10/2024,2024-10-01,2025-11-09 07:30:19.821879,data/lms_loan_daily.csv,2024-10-01
CUS_0x9dfd_2024_07_01,CUS_0x9dfd,1/7/2024,10,3,10000,1000,1000,0,7000,1/10/2024,2024-10-01,2025-11-09 07:30:19.821879,data/lms_loan_daily.csv,2024-10-01
CUS_0x9e0_2024_04_01,CUS_0x9e0,1/4/2024,10,6,10000,1000,1000,0,4000,1/10/2024,2024-10-01,2025-11-09 07:30:19.821879,data/lms_loan_daily.csv,2024-10-01
CUS_0x9e04_2024_01_01,CUS_0x9e04,1/1/2024,10,9,10000,1000,0,6000,7000,1/10/2024,2024-10-01,2025-11-09 07:30:19.821879,data/lms_loan_daily.csv,2024-10-01
CUS_0x9e05_2024_01_01,CUS_0x9e05,1/1/2024,10,9,10000,1000,1000,0,1000,1/10/2024,2024-10-01,2025-11-09 07:30:19.821879,data/lms_loan_daily.csv,2024-10-01
CUS_0x9e11_2024_01_01,CUS_0x9e11,1/1/2024,10,9,10000,1000,0,5000,6000,1/10/2024,2024-10-01,2025-11-09 07:30:19.821879,data/lms_loan_daily.csv,2024-10-01
CUS_0x9e1e_2024_05_01,CUS_0x9e1e,1/5/2024,10,5,10000,1000,0,1000,6000,1/10/2024,2024-10-01,2025-11-09 07:30:19.821879,data/lms_loan_daily.csv,2024-10-01
CUS_0x9e26_2023_12_01,CUS_0x9e26,1/12/2023,10,10,10000,1000,0,9000,9000,1/10/2024,2024-10-01,2025-11-09 07:30:19.821879,data/lms_loan_daily.csv,2024-10-01
CUS_0x9e28_2024_10_01,CUS_0x9e28,1/10/2024,10,0,10000,0,0,0,10000,1/10/2024,2024-10-01,2025-11-09 07:30:19.821879,data/lms_loan_daily.csv,2024-10-01
CUS_0x9e39_2024_03_01,CUS_0x9e39,1/3/2024,10,7,10000,1000,0,6000,9000,1/10/2024,2024-10-01,2025-11-09 07:30:19.821879,data/lms_loan_daily.csv,2024-10-01
CUS_0x9e3f_2024_07_01,CUS_0x9e3f,1/7/2024,10,3,10000,1000,1000,0,7000,1/10/2024,2024-10-01,2025-11-09 07:30:19.821879,data/lms_loan_daily.csv,2024-10-01
CUS_0x9e41_2024_02_01,CUS_0x9e41,1/2/2024,10,8,10000,1000,1000,0,2000,1/10/2024,2024-10-01,2025-11-09 07:30:19.821879,data/lms_loan_daily.csv,2024-10-01
CUS_0x9e42_2024_06_01,CUS_0x9e42,1/6/2024,10,4,10000,1000,1000,0,6000,1/10/2024,2024-10-01,2025-11-09 07:30:19.821879,data/lms_loan_daily.csv,2024-10-01
CUS_0x9e43_2024_04_01,CUS_0x9e43,1/4/2024,10,6,10000,1000,1000,0,4000,1/10/2024,2024-10-01,2025-11-09 07:30:19.821879,data/lms_loan_daily.csv,2024-10-01
CUS_0x9e5_2024_08_01,CUS_0x9e5,1/8/2024,10,2,10000,1000,1000,0,8000,1/10/2024,2024-10-01,2025-11-09 07:30:19.821879,data/lms_loan_daily.csv,2024-10-01
CUS_0x9e50_2024_01_01,CUS_0x9e50,1/1/2024,10,9,10000,1000,0,7000,8000,1/10/2024,2024-10-01,2025-11-09 07:30:19.821879,data/lms_loan_daily.csv,2024-10-01
CUS_0x9e51_2024_01_01,CUS_0x9e51,1/1/2024,10,9,10000,1000,1000,0,1000,1/10/2024,2024-10-01,2025-11-09 07:30:19.821879,data/lms_loan_daily.csv,2024-10-01
CUS_0x9e67_2024_09_01,CUS_0x9e67,1/9/2024,10,1,10000,1000,1000,0,9000,1/10/2024,2024-10-01,2025-11-09 07:30:19.821879,data/lms_loan_daily.csv,2024-10-01
CUS_0x9e68_2024_04_01,CUS_0x9e68,1/4/2024,10,6,10000,1000,0,3000,7000,1/10/2024,2024-10-01,2025-11-09 07:30:19.821879,data/lms_loan_daily.csv,2024-10-01
CUS_0x9e6c_2024_05_01,CUS_0x9e6c,1/5/2024,10,5,10000,1000,1000,0,5000,1/10/2024,2024-10-01,2025-11-09 07:30:19.821879,data/lms_loan_daily.csv,2024-10-01
CUS_0x9e7a_2024_09_01,CUS_0x9e7a,1/9/2024,10,1,10000,1000,1000,0,9000,1/10/2024,2024-10-01,2025-11-09 07:30:19.821879,data/lms_loan_daily.csv,2024-10-01
CUS_0x9e7e_2024_02_01,CUS_0x9e7e,1/2/2024,10,8,10000,1000,1000,0,2000,1/10/2024,2024-10-01,2025-11-09 07:30:19.821879,data/lms_loan_daily.csv,2024-10-01
CUS_0x9e80_2024_09_01,CUS_0x9e80,1/9/2024,10,1,10000,1000,1000,0,9000,1/10/2024,2024-10-01,2025-11-09 07:30:19.821879,data/lms_loan_daily.csv,2024-10-01
CUS_0x9e81_2024_07_01,CUS_0x9e81,1/7/2024,10,3,10000,1000,1000,0,7000,1/10/2024,2024-10-01,2025-11-09 07:30:19.821879,data/lms_loan_daily.csv,2024-10-01
CUS_0x9e8f_2024_01_01,CUS_0x9e8f,1/1/2024,10,9,10000,1000,1000,0,1000,1/10/2024,2024-10-01,2025-11-09 07:30:19.821879,data/lms_loan_daily.csv,2024-10-01
CUS_0x9e9a_2024_08_01,CUS_0x9e9a,1/8/2024,10,2,10000,1000,1000,0,8000,1/10/2024,2024-10-01,2025-11-09 07:30:19.821879,data/lms_loan_daily.csv,2024-10-01
CUS_0x9e9e_2024_06_01,CUS_0x9e9e,1/6/2024,10,4,10000,1000,0,1000,7000,1/10/2024,2024-10-01,2025-11-09 07:30:19.821879,data/lms_loan_daily.csv,2024-10-01
CUS_0x9ea6_2024_09_01,CUS_0x9ea6,1/9/2024,10,1,10000,1000,1000,0,9000,1/10/2024,2024-10-01,2025-11-09 07:30:19.821879,data/lms_loan_daily.csv,2024-10-01
CUS_0x9eb6_2024_08_01,CUS_0x9eb6,1/8/2024,10,2,10000,1000,1000,0,8000,1/10/2024,2024-10-01,2025-11-09 07:30:19.821879,data/lms_loan_daily.csv,2024-10-01
CUS_0x9eba_2024_08_01,CUS_0x9eba,1/8/2024,10,2,10000,1000,1000,0,8000,1/10/2024,2024-10-01,2025-11-09 07:30:19.821879,data/lms_loan_daily.csv,2024-10-01
CUS_0x9ec7_2024_07_01,CUS_0x9ec7,1/7/2024,10,3,10000,1000,1000,0,7000,1/10/2024,2024-10-01,2025-11-09 07:30:19.821879,data/lms_loan_daily.csv,2024-10-01
CUS_0x9ec8_2024_07_01,CUS_0x9ec8,1/7/2024,10,3,10000,1000,1000,0,7000,1/10/2024,2024-10-01,2025-11-09 07:30:19.821879,data/lms_loan_daily.csv,2024-10-01
CUS_0x9ece_2024_05_01,CUS_0x9ece,1/5/2024,10,5,10000,1000,0,2000,7000,1/10/2024,2024-10-01,2025-11-09 07:30:19.821879,data/lms_loan_daily.csv,2024-10-01
CUS_0x9ed4_2024_05_01,CUS_0x9ed4,1/5/2024,10,5,10000,1000,1000,0,5000,1/10/2024,2024-10-01,2025-11-09 07:30:19.821879,data/lms_loan_daily.csv,2024-10-01
CUS_0x9ed7_2024_05_01,CUS_0x9ed7,1/5/2024,10,5,10000,1000,1000,0,5000,1/10/2024,2024-10-01,2025-11-09 07:30:19.821879,data/lms_loan_daily.csv,2024-10-01
CUS_0x9ed9_2024_02_01,CUS_0x9ed9,1/2/2024,10,8,10000,1000,1000,0,2000,1/10/2024,2024-10-01,2025-11-09 07:30:19.821879,data/lms_loan_daily.csv,2024-10-01
CUS_0x9ede_2024_06_01,CUS_0x9ede,1/6/2024,10,4,10000,1000,1000,0,6000,1/10/2024,2024-10-01,2025-11-09 07:30:19.821879,data/lms_loan_daily.csv,2024-10-01
CUS_0x9efc_2024_07_01,CUS_0x9efc,1/7/2024,10,3,10000,1000,1000,0,7000,1/10/2024,2024-10-01,2025-11-09 07:30:19.821879,data/lms_loan_daily.csv,2024-10-01
CUS_0x9efd_2024_06_01,CUS_0x9efd,1/6/2024,10,4,10000,1000,1000,0,6000,1/10/2024,2024-10-01,2025-11-09 07:30:19.821879,data/lms_loan_daily.csv,2024-10-01
CUS_0x9f03_2024_06_01,CUS_0x9f03,1/6/2024,10,4,10000,1000,1000,0,6000,1/10/2024,2024-10-01,2025-11-09 07:30:19.821879,data/lms_loan_daily.csv,2024-10-01
CUS_0x9f1a_2024_10_01,CUS_0x9f1a,1/10/2024,10,0,10000,0,0,0,10000,1/10/2024,2024-10-01,2025-11-09 07:30:19.821879,data/lms_loan_daily.csv,2024-10-01
CUS_0x9f1c_2024_06_01,CUS_0x9f1c,1/6/2024,10,4,10000,1000,0,1000,7000,1/10/2024,2024-10-01,2025-11-09 07:30:19.821879,data/lms_loan_daily.csv,2024-10-01
CUS_0x9f25_2023_12_01,CUS_0x9f25,1/12/2023,10,10,10000,1000,0,6000,6000,1/10/2024,2024-10-01,2025-11-09 07:30:19.821879,data/lms_loan_daily.csv,2024-10-01
CUS_0x9f27_2024_03_01,CUS_0x9f27,1/3/2024,10,7,10000,1000,0,4000,7000,1/10/2024,2024-10-01,2025-11-09 07:30:19.821879,data/lms_loan_daily.csv,2024-10-01
CUS_0x9f43_2024_03_01,CUS_0x9f43,1/3/2024,10,7,10000,1000,1000,0,3000,1/10/2024,2024-10-01,2025-11-09 07:30:19.821879,data/lms_loan_daily.csv,2024-10-01
CUS_0x9f51_2024_03_01,CUS_0x9f51,1/3/2024,10,7,10000,1000,0,5000,8000,1/10/2024,2024-10-01,2025-11-09 07:30:19.821879,data/lms_loan_daily.csv,2024-10-01
CUS_0x9f55_2024_08_01,CUS_0x9f55,1/8/2024,10,2,10000,1000,1000,0,8000,1/10/2024,2024-10-01,2025-11-09 07:30:19.821879,data/lms_loan_daily.csv,2024-10-01
CUS_0x9f5c_2024_01_01,CUS_0x9f5c,1/1/2024,10,9,10000,1000,0,5000,6000,1/10/2024,2024-10-01,2025-11-09 07:30:19.821879,data/lms_loan_daily.csv,2024-10-01
CUS_0x9f5d_2024_09_01,CUS_0x9f5d,1/9/2024,10,1,10000,1000,1000,0,9000,1/10/2024,2024-10-01,2025-11-09 07:30:19.821879,data/lms_loan_daily.csv,2024-10-01
CUS_0x9f63_2024_10_01,CUS_0x9f63,1/10/2024,10,0,10000,0,0,0,10000,1/10/2024,2024-10-01,2025-11-09 07:30:19.821879,data/lms_loan_daily.csv,2024-10-01
CUS_0x9f8a_2024_05_01,CUS_0x9f8a,1/5/2024,10,5,10000,1000,0,3000,8000,1/10/2024,2024-10-01,2025-11-09 07:30:19.821879,data/lms_loan_daily.csv,2024-10-01
CUS_0x9f8e_2024_08_01,CUS_0x9f8e,1/8/2024,10,2,10000,1000,2000,0,8000,1/10/2024,2024-10-01,2025-11-09 07:30:19.821879,data/lms_loan_daily.csv,2024-10-01
CUS_0x9fa9_2024_07_01,CUS_0x9fa9,1/7/2024,10,3,10000,1000,1000,0,7000,1/10/2024,2024-10-01,2025-11-09 07:30:19.821879,data/lms_loan_daily.csv,2024-10-01
CUS_0x9fbc_2024_07_01,CUS_0x9fbc,1/7/2024,10,3,10000,1000,0,2000,9000,1/10/2024,2024-10-01,2025-11-09 07:30:19.821879,data/lms_loan_daily.csv,2024-10-01
CUS_0x9fc5_2024_06_01,CUS_0x9fc5,1/6/2024,10,4,10000,1000,1000,0,6000,1/10/2024,2024-10-01,2025-11-09 07:30:19.821879,data/lms_loan_daily.csv,2024-10-01
CUS_0x9fcc_2024_09_01,CUS_0x9fcc,1/9/2024,10,1,10000,1000,1000,0,9000,1/10/2024,2024-10-01,2025-11-09 07:30:19.821879,data/lms_loan_daily.csv,2024-10-01
CUS_0x9fd0_2024_04_01,CUS_0x9fd0,1/4/2024,10,6,10000,1000,1000,0,4000,1/10/2024,2024-10-01,2025-11-09 07:30:19.821879,data/lms_loan_daily.csv,2024-10-01
CUS_0x9fd2_2024_09_01,CUS_0x9fd2,1/9/2024,10,1,10000,1000,1000,0,9000,1/10/2024,2024-10-01,2025-11-09 07:30:19.821879,data/lms_loan_daily.csv,2024-10-01
CUS_0x9fe6_2024_01_01,CUS_0x9fe6,1/1/2024,10,9,10000,1000,1000,0,1000,1/10/2024,2024-10-01,2025-11-09 07:30:19.821879,data/lms_loan_daily.csv,2024-10-01
CUS_0x9ff3_2024_03_01,CUS_0x9ff3,1/3/2024,10,7,10000,1000,0,7000,10000,1/10/2024,2024-10-01,2025-11-09 07:30:19.821879,data/lms_loan_daily.csv,2024-10-01
CUS_0x9ff4_2024_09_01,CUS_0x9ff4,1/9/2024,10,1,10000,1000,1000,0,9000,1/10/2024,2024-10-01,2025-11-09 07:30:19.821879,data/lms_loan_daily.csv,2024-10-01
CUS_0x9ff7_2024_04_01,CUS_0x9ff7,1/4/2024,10,6,10000,1000,1000,0,4000,1/10/2024,2024-10-01,2025-11-09 07:30:19.821879,data/lms_loan_daily.csv,2024-10-01
CUS_0x9ffa_2024_09_01,CUS_0x9ffa,1/9/2024,10,1,10000,1000,1000,0,9000,1/10/2024,2024-10-01,2025-11-09 07:30:19.821879,data/lms_loan_daily.csv,2024-10-01
CUS_0xa00a_2024_10_01,CUS_0xa00a,1/10/2024,10,0,10000,0,0,0,10000,1/10/2024,2024-10-01,2025-11-09 07:30:19.821879,data/lms_loan_daily.csv,2024-10-01
CUS_0xa00f_2024_05_01,CUS_0xa00f,1/5/2024,10,5,10000,1000,1000,0,5000,1/10/2024,2024-10-01,2025-11-09 07:30:19.821879,data/lms_loan_daily.csv,2024-10-01
CUS_0xa014_2024_05_01,CUS_0xa014,1/5/2024,10,5,10000,1000,1000,0,5000,1/10/2024,2024-10-01,2025-11-09 07:30:19.821879,data/lms_loan_daily.csv,2024-10-01
CUS_0xa015_2024_04_01,CUS_0xa015,1/4/2024,10,6,10000,1000,1000,0,4000,1/10/2024,2024-10-01,2025-11-09 07:30:19.821879,data/lms_loan_daily.csv,2024-10-01
CUS_0xa022_2024_05_01,CUS_0xa022,1/5/2024,10,5,10000,1000,1000,0,5000,1/10/2024,2024-10-01,2025-11-09 07:30:19.821879,data/lms_loan_daily.csv,2024-10-01
CUS_0xa037_2024_03_01,CUS_0xa037,1/3/2024,10,7,10000,1000,1000,0,3000,1/10/2024,2024-10-01,2025-11-09 07:30:19.821879,data/lms_loan_daily.csv,2024-10-01
CUS_0xa03a_2023_12_01,CUS_0xa03a,1/12/2023,10,10,10000,1000,1000,0,0,1/10/2024,2024-10-01,2025-11-09 07:30:19.821879,data/lms_loan_daily.csv,2024-10-01
CUS_0xa040_2023_12_01,CUS_0xa040,1/12/2023,10,10,10000,1000,1000,0,0,1/10/2024,2024-10-01,2025-11-09 07:30:19.821879,data/lms_loan_daily.csv,2024-10-01
CUS_0xa04b_2024_08_01,CUS_0xa04b,1/8/2024,10,2,10000,1000,1000,0,8000,1/10/2024,2024-10-01,2025-11-09 07:30:19.821879,data/lms_loan_daily.csv,2024-10-01
CUS_0xa04c_2024_07_01,CUS_0xa04c,1/7/2024,10,3,10000,1000,0,1000,8000,1/10/2024,2024-10-01,2025-11-09 07:30:19.821879,data/lms_loan_daily.csv,2024-10-01
CUS_0xa04d_2024_09_01,CUS_0xa04d,1/9/2024,10,1,10000,1000,1000,0,9000,1/10/2024,2024-10-01,2025-11-09 07:30:19.821879,data/lms_loan_daily.csv,2024-10-01
CUS_0xa053_2024_01_01,CUS_0xa053,1/1/2024,10,9,10000,1000,1000,0,1000,1/10/2024,2024-10-01,2025-11-09 07:30:19.821879,data/lms_loan_daily.csv,2024-10-01
CUS_0xa05d_2023_12_01,CUS_0xa05d,1/12/2023,10,10,10000,1000,1000,0,0,1/10/2024,2024-10-01,2025-11-09 07:30:19.821879,data/lms_loan_daily.csv,2024-10-01
CUS_0xa06_2024_03_01,CUS_0xa06,1/3/2024,10,7,10000,1000,1000,0,3000,1/10/2024,2024-10-01,2025-11-09 07:30:19.821879,data/lms_loan_daily.csv,2024-10-01
CUS_0xa062_2024_03_01,CUS_0xa062,1/3/2024,10,7,10000,1000,1000,0,3000,1/10/2024,2024-10-01,2025-11-09 07:30:19.821879,data/lms_loan_daily.csv,2024-10-01
CUS_0xa06b_2024_07_01,CUS_0xa06b,1/7/2024,10,3,10000,1000,1000,0,7000,1/10/2024,2024-10-01,2025-11-09 07:30:19.821879,data/lms_loan_daily.csv,2024-10-01
CUS_0xa075_2024_04_01,CUS_0xa075,1/4/2024,10,6,10000,1000,0,4000,8000,1/10/2024,2024-10-01,2025-11-09 07:30:19.821879,data/lms_loan_daily.csv,2024-10-01
CUS_0xa078_2024_03_01,CUS_0xa078,1/3/2024,10,7,10000,1000,1000,0,3000,1/10/2024,2024-10-01,2025-11-09 07:30:19.821879,data/lms_loan_daily.csv,2024-10-01
CUS_0xa080_2023_12_01,CUS_0xa080,1/12/2023,10,10,10000,1000,1000,0,0,1/10/2024,2024-10-01,2025-11-09 07:30:19.821879,data/lms_loan_daily.csv,2024-10-01
CUS_0xa082_2024_04_01,CUS_0xa082,1/4/2024,10,6,10000,1000,1000,0,4000,1/10/2024,2024-10-01,2025-11-09 07:30:19.821879,data/lms_loan_daily.csv,2024-10-01
CUS_0xa088_2024_05_01,CUS_0xa088,1/5/2024,10,5,10000,1000,1000,0,5000,1/10/2024,2024-10-01,2025-11-09 07:30:19.821879,data/lms_loan_daily.csv,2024-10-01
CUS_0xa08b_2023_12_01,CUS_0xa08b,1/12/2023,10,10,10000,1000,1000,0,0,1/10/2024,2024-10-01,2025-11-09 07:30:19.821879,data/lms_loan_daily.csv,2024-10-01
CUS_0xa090_2024_02_01,CUS_0xa090,1/2/2024,10,8,10000,1000,1000,0,2000,1/10/2024,2024-10-01,2025-11-09 07:30:19.821879,data/lms_loan_daily.csv,2024-10-01
CUS_0xa092_2024_09_01,CUS_0xa092,1/9/2024,10,1,10000,1000,1000,0,9000,1/10/2024,2024-10-01,2025-11-09 07:30:19.821879,data/lms_loan_daily.csv,2024-10-01
CUS_0xa0a2_2024_07_01,CUS_0xa0a2,1/7/2024,10,3,10000,1000,1000,0,7000,1/10/2024,2024-10-01,2025-11-09 07:30:19.821879,data/lms_loan_daily.csv,2024-10-01
CUS_0xa0b6_2024_09_01,CUS_0xa0b6,1/9/2024,10,1,10000,1000,1000,0,9000,1/10/2024,2024-10-01,2025-11-09 07:30:19.821879,data/lms_loan_daily.csv,2024-10-01
CUS_0xa0be_2024_08_01,CUS_0xa0be,1/8/2024,10,2,10000,1000,1000,0,8000,1/10/2024,2024-10-01,2025-11-09 07:30:19.821879,data/lms_loan_daily.csv,2024-10-01
CUS_0xa0c8_2024_07_01,CUS_0xa0c8,1/7/2024,10,3,10000,1000,1000,0,7000,1/10/2024,2024-10-01,2025-11-09 07:30:19.821879,data/lms_loan_daily.csv,2024-10-01
CUS_0xa0cd_2024_04_01,CUS_0xa0cd,1/4/2024,10,6,10000,1000,1000,0,4000,1/10/2024,2024-10-01,2025-11-09 07:30:19.821879,data/lms_loan_daily.csv,2024-10-01
CUS_0xa0d_2023_12_01,CUS_0xa0d,1/12/2023,10,10,10000,1000,1000,0,0,1/10/2024,2024-10-01,2025-11-09 07:30:19.821879,data/lms_loan_daily.csv,2024-10-01
CUS_0xa10f_2024_06_01,CUS_0xa10f,1/6/2024,10,4,10000,1000,0,3000,9000,1/10/2024,2024-10-01,2025-11-09 07:30:19.821879,data/lms_loan_daily.csv,2024-10-01
CUS_0xa116_2024_08_01,CUS_0xa116,1/8/2024,10,2,10000,1000,1000,0,8000,1/10/2024,2024-10-01,2025-11-09 07:30:19.821879,data/lms_loan_daily.csv,2024-10-01
CUS_0xa11d_2024_09_01,CUS_0xa11d,1/9/2024,10,1,10000,1000,0,1000,10000,1/10/2024,2024-10-01,2025-11-09 07:30:19.821879,data/lms_loan_daily.csv,2024-10-01
CUS_0xa120_2024_07_01,CUS_0xa120,1/7/2024,10,3,10000,1000,1000,0,7000,1/10/2024,2024-10-01,2025-11-09 07:30:19.821879,data/lms_loan_daily.csv,2024-10-01
CUS_0xa123_2024_01_01,CUS_0xa123,1/1/2024,10,9,10000,1000,1000,0,1000,1/10/2024,2024-10-01,2025-11-09 07:30:19.821879,data/lms_loan_daily.csv,2024-10-01
CUS_0xa12c_2024_06_01,CUS_0xa12c,1/6/2024,10,4,10000,1000,1000,0,6000,1/10/2024,2024-10-01,2025-11-09 07:30:19.821879,data/lms_loan_daily.csv,2024-10-01
CUS_0xa130_2024_02_01,CUS_0xa130,1/2/2024,10,8,10000,1000,0,6000,8000,1/10/2024,2024-10-01,2025-11-09 07:30:19.821879,data/lms_loan_daily.csv,2024-10-01
CUS_0xa137_2024_05_01,CUS_0xa137,1/5/2024,10,5,10000,1000,1000,0,5000,1/10/2024,2024-10-01,2025-11-09 07:30:19.821879,data/lms_loan_daily.csv,2024-10-01
CUS_0xa13f_2024_02_01,CUS_0xa13f,1/2/2024,10,8,10000,1000,0,6000,8000,1/10/2024,2024-10-01,2025-11-09 07:30:19.821879,data/lms_loan_daily.csv,2024-10-01
CUS_0xa156_2024_02_01,CUS_0xa156,1/2/2024,10,8,10000,1000,0,5000,7000,1/10/2024,2024-10-01,2025-11-09 07:30:19.821879,data/lms_loan_daily.csv,2024-10-01
CUS_0xa15a_2024_03_01,CUS_0xa15a,1/3/2024,10,7,10000,1000,1000,0,3000,1/10/2024,2024-10-01,2025-11-09 07:30:19.821879,data/lms_loan_daily.csv,2024-10-01
CUS_0xa16e_2024_07_01,CUS_0xa16e,1/7/2024,10,3,10000,1000,3000,0,7000,1/10/2024,2024-10-01,2025-11-09 07:30:19.821879,data/lms_loan_daily.csv,2024-10-01
CUS_0xa18d_2024_04_01,CUS_0xa18d,1/4/2024,10,6,10000,1000,0,4000,8000,1/10/2024,2024-10-01,2025-11-09 07:30:19.821879,data/lms_loan_daily.csv,2024-10-01
CUS_0xa1a2_2024_08_01,CUS_0xa1a2,1/8/2024,10,2,10000,1000,0,1000,9000,1/10/2024,2024-10-01,2025-11-09 07:30:19.821879,data/lms_loan_daily.csv,2024-10-01
CUS_0xa1a8_2024_04_01,CUS_0xa1a8,1/4/2024,10,6,10000,1000,1000,0,4000,1/10/2024,2024-10-01,2025-11-09 07:30:19.821879,data/lms_loan_daily.csv,2024-10-01
CUS_0xa1aa_2024_06_01,CUS_0xa1aa,1/6/2024,10,4,10000,1000,0,2000,8000,1/10/2024,2024-10-01,2025-11-09 07:30:19.821879,data/lms_loan_daily.csv,2024-10-01
CUS_0xa1b_2023_12_01,CUS_0xa1b,1/12/2023,10,10,10000,1000,1000,0,0,1/10/2024,2024-10-01,2025-11-09 07:30:19.821879,data/lms_loan_daily.csv,2024-10-01
CUS_0xa1b1_2024_02_01,CUS_0xa1b1,1/2/2024,10,8,10000,1000,1000,0,2000,1/10/2024,2024-10-01,2025-11-09 07:30:19.821879,data/lms_loan_daily.csv,2024-10-01
CUS_0xa1bc_2024_02_01,CUS_0xa1bc,1/2/2024,10,8,10000,1000,0,5000,7000,1/10/2024,2024-10-01,2025-11-09 07:30:19.821879,data/lms_loan_daily.csv,2024-10-01
CUS_0xa1bd_2023_12_01,CUS_0xa1bd,1/12/2023,10,10,10000,1000,0,6000,6000,1/10/2024,2024-10-01,2025-11-09 07:30:19.821879,data/lms_loan_daily.csv,2024-10-01
CUS_0xa1c3_2024_10_01,CUS_0xa1c3,1/10/2024,10,0,10000,0,0,0,10000,1/10/2024,2024-10-01,2025-11-09 07:30:19.821879,data/lms_loan_daily.csv,2024-10-01
CUS_0xa1c5_2024_05_01,CUS_0xa1c5,1/5/2024,10,5,10000,1000,1000,0,5000,1/10/2024,2024-10-01,2025-11-09 07:30:19.821879,data/lms_loan_daily.csv,2024-10-01
CUS_0xa1cc_2024_03_01,CUS_0xa1cc,1/3/2024,10,7,10000,1000,0,6000,9000,1/10/2024,2024-10-01,2025-11-09 07:30:19.821879,data/lms_loan_daily.csv,2024-10-01
CUS_0xa1ce_2024_05_01,CUS_0xa1ce,1/5/2024,10,5,10000,1000,1000,0,5000,1/10/2024,2024-10-01,2025-11-09 07:30:19.821879,data/lms_loan_daily.csv,2024-10-01
CUS_0xa1d6_2024_06_01,CUS_0xa1d6,1/6/2024,10,4,10000,1000,0,2000,8000,1/10/2024,2024-10-01,2025-11-09 07:30:19.821879,data/lms_loan_daily.csv,2024-10-01
CUS_0xa1de_2024_08_01,CUS_0xa1de,1/8/2024,10,2,10000,1000,1000,0,8000,1/10/2024,2024-10-01,2025-11-09 07:30:19.821879,data/lms_loan_daily.csv,2024-10-01
CUS_0xa1ec_2024_09_01,CUS_0xa1ec,1/9/2024,10,1,10000,1000,1000,0,9000,1/10/2024,2024-10-01,2025-11-09 07:30:19.821879,data/lms_loan_daily.csv,2024-10-01
CUS_0xa1f1_2023_12_01,CUS_0xa1f1,1/12/2023,10,10,10000,1000,0,7000,7000,1/10/2024,2024-10-01,2025-11-09 07:30:19.821879,data/lms_loan_daily.csv,2024-10-01
CUS_0xa204_2024_09_01,CUS_0xa204,1/9/2024,10,1,10000,1000,1000,0,9000,1/10/2024,2024-10-01,2025-11-09 07:30:19.821879,data/lms_loan_daily.csv,2024-10-01
CUS_0xa20b_2024_03_01,CUS_0xa20b,1/3/2024,10,7,10000,1000,1000,0,3000,1/10/2024,2024-10-01,2025-11-09 07:30:19.821879,data/lms_loan_daily.csv,2024-10-01
CUS_0xa21c_2024_03_01,CUS_0xa21c,1/3/2024,10,7,10000,1000,0,4000,7000,1/10/2024,2024-10-01,2025-11-09 07:30:19.821879,data/lms_loan_daily.csv,2024-10-01
CUS_0xa222_2024_09_01,CUS_0xa222,1/9/2024,10,1,10000,1000,1000,0,9000,1/10/2024,2024-10-01,2025-11-09 07:30:19.821879,data/lms_loan_daily.csv,2024-10-01
CUS_0xa224_2024_06_01,CUS_0xa224,1/6/2024,10,4,10000,1000,0,2000,8000,1/10/2024,2024-10-01,2025-11-09 07:30:19.821879,data/lms_loan_daily.csv,2024-10-01
CUS_0xa22b_2024_04_01,CUS_0xa22b,1/4/2024,10,6,10000,1000,1000,0,4000,1/10/2024,2024-10-01,2025-11-09 07:30:19.821879,data/lms_loan_daily.csv,2024-10-01
CUS_0xa232_2024_08_01,CUS_0xa232,1/8/2024,10,2,10000,1000,1000,0,8000,1/10/2024,2024-10-01,2025-11-09 07:30:19.821879,data/lms_loan_daily.csv,2024-10-01
CUS_0xa23d_2024_10_01,CUS_0xa23d,1/10/2024,10,0,10000,0,0,0,10000,1/10/2024,2024-10-01,2025-11-09 07:30:19.821879,data/lms_loan_daily.csv,2024-10-01
CUS_0xa23e_2023_12_01,CUS_0xa23e,1/12/2023,10,10,10000,1000,1000,0,0,1/10/2024,2024-10-01,2025-11-09 07:30:19.821879,data/lms_loan_daily.csv,2024-10-01
CUS_0xa26_2024_02_01,CUS_0xa26,1/2/2024,10,8,10000,1000,1000,0,2000,1/10/2024,2024-10-01,2025-11-09 07:30:19.821879,data/lms_loan_daily.csv,2024-10-01
CUS_0xa261_2024_08_01,CUS_0xa261,1/8/2024,10,2,10000,1000,1000,0,8000,1/10/2024,2024-10-01,2025-11-09 07:30:19.821879,data/lms_loan_daily.csv,2024-10-01
CUS_0xa267_2024_06_01,CUS_0xa267,1/6/2024,10,4,10000,1000,1000,0,6000,1/10/2024,2024-10-01,2025-11-09 07:30:19.821879,data/lms_loan_daily.csv,2024-10-01
CUS_0xa276_2024_04_01,CUS_0xa276,1/4/2024,10,6,10000,1000,1000,0,4000,1/10/2024,2024-10-01,2025-11-09 07:30:19.821879,data/lms_loan_daily.csv,2024-10-01
CUS_0xa279_2024_08_01,CUS_0xa279,1/8/2024,10,2,10000,1000,1000,0,8000,1/10/2024,2024-10-01,2025-11-09 07:30:19.821879,data/lms_loan_daily.csv,2024-10-01
CUS_0xa27a_2024_03_01,CUS_0xa27a,1/3/2024,10,7,10000,1000,1000,0,3000,1/10/2024,2024-10-01,2025-11-09 07:30:19.821879,data/lms_loan_daily.csv,2024-10-01
CUS_0xa28_2024_09_01,CUS_0xa28,1/9/2024,10,1,10000,1000,0,1000,10000,1/10/2024,2024-10-01,2025-11-09 07:30:19.821879,data/lms_loan_daily.csv,2024-10-01
CUS_0xa282_2023_12_01,CUS_0xa282,1/12/2023,10,10,10000,1000,1000,0,0,1/10/2024,2024-10-01,2025-11-09 07:30:19.821879,data/lms_loan_daily.csv,2024-10-01
CUS_0xa287_2024_01_01,CUS_0xa287,1/1/2024,10,9,10000,1000,1000,0,1000,1/10/2024,2024-10-01,2025-11-09 07:30:19.821879,data/lms_loan_daily.csv,2024-10-01
CUS_0xa290_2024_06_01,CUS_0xa290,1/6/2024,10,4,10000,1000,1000,0,6000,1/10/2024,2024-10-01,2025-11-09 07:30:19.821879,data/lms_loan_daily.csv,2024-10-01
CUS_0xa294_2024_03_01,CUS_0xa294,1/3/2024,10,7,10000,1000,1000,0,3000,1/10/2024,2024-10-01,2025-11-09 07:30:19.821879,data/lms_loan_daily.csv,2024-10-01
CUS_0xa2a1_2024_06_01,CUS_0xa2a1,1/6/2024,10,4,10000,1000,1000,0,6000,1/10/2024,2024-10-01,2025-11-09 07:30:19.821879,data/lms_loan_daily.csv,2024-10-01
CUS_0xa2a3_2024_01_01,CUS_0xa2a3,1/1/2024,10,9,10000,1000,1000,0,1000,1/10/2024,2024-10-01,2025-11-09 07:30:19.821879,data/lms_loan_daily.csv,2024-10-01
CUS_0xa2a8_2024_10_01,CUS_0xa2a8,1/10/2024,10,0,10000,0,0,0,10000,1/10/2024,2024-10-01,2025-11-09 07:30:19.821879,data/lms_loan_daily.csv,2024-10-01
CUS_0xa2ac_2023_12_01,CUS_0xa2ac,1/12/2023,10,10,10000,1000,0,8000,8000,1/10/2024,2024-10-01,2025-11-09 07:30:19.821879,data/lms_loan_daily.csv,2024-10-01
CUS_0xa2b_2023_12_01,CUS_0xa2b,1/12/2023,10,10,10000,1000,1000,0,0,1/10/2024,2024-10-01,2025-11-09 07:30:19.821879,data/lms_loan_daily.csv,2024-10-01
CUS_0xa2b2_2024_03_01,CUS_0xa2b2,1/3/2024,10,7,10000,1000,1000,0,3000,1/10/2024,2024-10-01,2025-11-09 07:30:19.821879,data/lms_loan_daily.csv,2024-10-01
CUS_0xa2b6_2024_09_01,CUS_0xa2b6,1/9/2024,10,1,10000,1000,1000,0,9000,1/10/2024,2024-10-01,2025-11-09 07:30:19.821879,data/lms_loan_daily.csv,2024-10-01
CUS_0xa2b8_2024_07_01,CUS_0xa2b8,1/7/2024,10,3,10000,1000,1000,0,7000,1/10/2024,2024-10-01,2025-11-09 07:30:19.821879,data/lms_loan_daily.csv,2024-10-01
CUS_0xa2b9_2024_03_01,CUS_0xa2b9,1/3/2024,10,7,10000,1000,1000,0,3000,1/10/2024,2024-10-01,2025-11-09 07:30:19.821879,data/lms_loan_daily.csv,2024-10-01
CUS_0xa2cb_2024_09_01,CUS_0xa2cb,1/9/2024,10,1,10000,1000,1000,0,9000,1/10/2024,2024-10-01,2025-11-09 07:30:19.821879,data/lms_loan_daily.csv,2024-10-01
CUS_0xa2cd_2024_10_01,CUS_0xa2cd,1/10/2024,10,0,10000,0,0,0,10000,1/10/2024,2024-10-01,2025-11-09 07:30:19.821879,data/lms_loan_daily.csv,2024-10-01
CUS_0xa2d5_2024_02_01,CUS_0xa2d5,1/2/2024,10,8,10000,1000,1000,0,2000,1/10/2024,2024-10-01,2025-11-09 07:30:19.821879,data/lms_loan_daily.csv,2024-10-01
CUS_0xa2df_2024_05_01,CUS_0xa2df,1/5/2024,10,5,10000,1000,0,3000,8000,1/10/2024,2024-10-01,2025-11-09 07:30:19.821879,data/lms_loan_daily.csv,2024-10-01
CUS_0xa2f0_2024_05_01,CUS_0xa2f0,1/5/2024,10,5,10000,1000,1000,0,5000,1/10/2024,2024-10-01,2025-11-09 07:30:19.821879,data/lms_loan_daily.csv,2024-10-01
CUS_0xa2f4_2024_03_01,CUS_0xa2f4,1/3/2024,10,7,10000,1000,1000,0,3000,1/10/2024,2024-10-01,2025-11-09 07:30:19.821879,data/lms_loan_daily.csv,2024-10-01
CUS_0xa2fe_2024_08_01,CUS_0xa2fe,1/8/2024,10,2,10000,1000,1000,0,8000,1/10/2024,2024-10-01,2025-11-09 07:30:19.821879,data/lms_loan_daily.csv,2024-10-01
CUS_0xa301_2023_12_01,CUS_0xa301,1/12/2023,10,10,10000,1000,1000,0,0,1/10/2024,2024-10-01,2025-11-09 07:30:19.821879,data/lms_loan_daily.csv,2024-10-01
CUS_0xa306_2024_06_01,CUS_0xa306,1/6/2024,10,4,10000,1000,1000,0,6000,1/10/2024,2024-10-01,2025-11-09 07:30:19.821879,data/lms_loan_daily.csv,2024-10-01
CUS_0xa336_2024_03_01,CUS_0xa336,1/3/2024,10,7,10000,1000,1000,0,3000,1/10/2024,2024-10-01,2025-11-09 07:30:19.821879,data/lms_loan_daily.csv,2024-10-01
CUS_0xa340_2024_07_01,CUS_0xa340,1/7/2024,10,3,10000,1000,1000,0,7000,1/10/2024,2024-10-01,2025-11-09 07:30:19.821879,data/lms_loan_daily.csv,2024-10-01
CUS_0xa350_2023_12_01,CUS_0xa350,1/12/2023,10,10,10000,1000,1000,0,0,1/10/2024,2024-10-01,2025-11-09 07:30:19.821879,data/lms_loan_daily.csv,2024-10-01
CUS_0xa366_2024_06_01,CUS_0xa366,1/6/2024,10,4,10000,1000,0,1000,7000,1/10/2024,2024-10-01,2025-11-09 07:30:19.821879,data/lms_loan_daily.csv,2024-10-01
CUS_0xa36d_2024_02_01,CUS_0xa36d,1/2/2024,10,8,10000,1000,0,6000,8000,1/10/2024,2024-10-01,2025-11-09 07:30:19.821879,data/lms_loan_daily.csv,2024-10-01
CUS_0xa36e_2023_12_01,CUS_0xa36e,1/12/2023,10,10,10000,1000,1000,0,0,1/10/2024,2024-10-01,2025-11-09 07:30:19.821879,data/lms_loan_daily.csv,2024-10-01
CUS_0xa37f_2024_10_01,CUS_0xa37f,1/10/2024,10,0,10000,0,0,0,10000,1/10/2024,2024-10-01,2025-11-09 07:30:19.821879,data/lms_loan_daily.csv,2024-10-01
CUS_0xa387_2024_10_01,CUS_0xa387,1/10/2024,10,0,10000,0,0,0,10000,1/10/2024,2024-10-01,2025-11-09 07:30:19.821879,data/lms_loan_daily.csv,2024-10-01
CUS_0xa38e_2024_08_01,CUS_0xa38e,1/8/2024,10,2,10000,1000,0,1000,9000,1/10/2024,2024-10-01,2025-11-09 07:30:19.821879,data/lms_loan_daily.csv,2024-10-01
CUS_0xa394_2024_08_01,CUS_0xa394,1/8/2024,10,2,10000,1000,1000,0,8000,1/10/2024,2024-10-01,2025-11-09 07:30:19.821879,data/lms_loan_daily.csv,2024-10-01
CUS_0xa39e_2024_02_01,CUS_0xa39e,1/2/2024,10,8,10000,1000,0,6000,8000,1/10/2024,2024-10-01,2025-11-09 07:30:19.821879,data/lms_loan_daily.csv,2024-10-01
CUS_0xa3a9_2024_05_01,CUS_0xa3a9,1/5/2024,10,5,10000,1000,1000,0,5000,1/10/2024,2024-10-01,2025-11-09 07:30:19.821879,data/lms_loan_daily.csv,2024-10-01
CUS_0xa3b5_2024_07_01,CUS_0xa3b5,1/7/2024,10,3,10000,1000,1000,0,7000,1/10/2024,2024-10-01,2025-11-09 07:30:19.821879,data/lms_loan_daily.csv,2024-10-01
CUS_0xa3bd_2024_09_01,CUS_0xa3bd,1/9/2024,10,1,10000,1000,1000,0,9000,1/10/2024,2024-10-01,2025-11-09 07:30:19.821879,data/lms_loan_daily.csv,2024-10-01
CUS_0xa3bf_2023_12_01,CUS_0xa3bf,1/12/2023,10,10,10000,1000,0,7000,7000,1/10/2024,2024-10-01,2025-11-09 07:30:19.821879,data/lms_loan_daily.csv,2024-10-01
CUS_0xa3db_2024_01_01,CUS_0xa3db,1/1/2024,10,9,10000,1000,0,7000,8000,1/10/2024,2024-10-01,2025-11-09 07:30:19.821879,data/lms_loan_daily.csv,2024-10-01
CUS_0xa3df_2024_04_01,CUS_0xa3df,1/4/2024,10,6,10000,1000,1000,0,4000,1/10/2024,2024-10-01,2025-11-09 07:30:19.821879,data/lms_loan_daily.csv,2024-10-01
CUS_0xa3e1_2024_06_01,CUS_0xa3e1,1/6/2024,10,4,10000,1000,3000,0,6000,1/10/2024,2024-10-01,2025-11-09 07:30:19.821879,data/lms_loan_daily.csv,2024-10-01
CUS_0xa3ec_2024_08_01,CUS_0xa3ec,1/8/2024,10,2,10000,1000,1000,0,8000,1/10/2024,2024-10-01,2025-11-09 07:30:19.821879,data/lms_loan_daily.csv,2024-10-01
CUS_0xa3f3_2024_09_01,CUS_0xa3f3,1/9/2024,10,1,10000,1000,1000,0,9000,1/10/2024,2024-10-01,2025-11-09 07:30:19.821879,data/lms_loan_daily.csv,2024-10-01
CUS_0xa3f4_2024_04_01,CUS_0xa3f4,1/4/2024,10,6,10000,1000,1000,0,4000,1/10/2024,2024-10-01,2025-11-09 07:30:19.821879,data/lms_loan_daily.csv,2024-10-01
CUS_0xa3f5_2024_08_01,CUS_0xa3f5,1/8/2024,10,2,10000,1000,1000,0,8000,1/10/2024,2024-10-01,2025-11-09 07:30:19.821879,data/lms_loan_daily.csv,2024-10-01
CUS_0xa401_2024_08_01,CUS_0xa401,1/8/2024,10,2,10000,1000,1000,0,8000,1/10/2024,2024-10-01,2025-11-09 07:30:19.821879,data/lms_loan_daily.csv,2024-10-01
CUS_0xa403_2024_04_01,CUS_0xa403,1/4/2024,10,6,10000,1000,1000,0,4000,1/10/2024,2024-10-01,2025-11-09 07:30:19.821879,data/lms_loan_daily.csv,2024-10-01
CUS_0xa40d_2024_08_01,CUS_0xa40d,1/8/2024,10,2,10000,1000,1000,0,8000,1/10/2024,2024-10-01,2025-11-09 07:30:19.821879,data/lms_loan_daily.csv,2024-10-01
CUS_0xa411_2024_04_01,CUS_0xa411,1/4/2024,10,6,10000,1000,1000,0,4000,1/10/2024,2024-10-01,2025-11-09 07:30:19.821879,data/lms_loan_daily.csv,2024-10-01
CUS_0xa414_2024_10_01,CUS_0xa414,1/10/2024,10,0,10000,0,0,0,10000,1/10/2024,2024-10-01,2025-11-09 07:30:19.821879,data/lms_loan_daily.csv,2024-10-01
CUS_0xa421_2024_06_01,CUS_0xa421,1/6/2024,10,4,10000,1000,2000,0,6000,1/10/2024,2024-10-01,2025-11-09 07:30:19.821879,data/lms_loan_daily.csv,2024-10-01
CUS_0xa445_2024_08_01,CUS_0xa445,1/8/2024,10,2,10000,1000,1000,0,8000,1/10/2024,2024-10-01,2025-11-09 07:30:19.821879,data/lms_loan_daily.csv,2024-10-01
CUS_0xa453_2024_04_01,CUS_0xa453,1/4/2024,10,6,10000,1000,1000,0,4000,1/10/2024,2024-10-01,2025-11-09 07:30:19.821879,data/lms_loan_daily.csv,2024-10-01
CUS_0xa459_2024_04_01,CUS_0xa459,1/4/2024,10,6,10000,1000,0,4000,8000,1/10/2024,2024-10-01,2025-11-09 07:30:19.821879,data/lms_loan_daily.csv,2024-10-01
CUS_0xa45d_2024_09_01,CUS_0xa45d,1/9/2024,10,1,10000,1000,1000,0,9000,1/10/2024,2024-10-01,2025-11-09 07:30:19.821879,data/lms_loan_daily.csv,2024-10-01
CUS_0xa46_2024_04_01,CUS_0xa46,1/4/2024,10,6,10000,1000,1000,0,4000,1/10/2024,2024-10-01,2025-11-09 07:30:19.821879,data/lms_loan_daily.csv,2024-10-01
CUS_0xa465_2023_12_01,CUS_0xa465,1/12/2023,10,10,10000,1000,1000,0,0,1/10/2024,2024-10-01,2025-11-09 07:30:19.821879,data/lms_loan_daily.csv,2024-10-01
CUS_0xa46f_2023_12_01,CUS_0xa46f,1/12/2023,10,10,10000,1000,1000,0,0,1/10/2024,2024-10-01,2025-11-09 07:30:19.821879,data/lms_loan_daily.csv,2024-10-01
CUS_0xa47_2023_12_01,CUS_0xa47,1/12/2023,10,10,10000,1000,0,7000,7000,1/10/2024,2024-10-01,2025-11-09 07:30:19.821879,data/lms_loan_daily.csv,2024-10-01
CUS_0xa478_2024_01_01,CUS_0xa478,1/1/2024,10,9,10000,1000,1000,0,1000,1/10/2024,2024-10-01,2025-11-09 07:30:19.821879,data/lms_loan_daily.csv,2024-10-01
CUS_0xa493_2024_07_01,CUS_0xa493,1/7/2024,10,3,10000,1000,1000,0,7000,1/10/2024,2024-10-01,2025-11-09 07:30:19.821879,data/lms_loan_daily.csv,2024-10-01
CUS_0xa4a5_2024_07_01,CUS_0xa4a5,1/7/2024,10,3,10000,1000,1000,0,7000,1/10/2024,2024-10-01,2025-11-09 07:30:19.821879,data/lms_loan_daily.csv,2024-10-01
CUS_0xa4a9_2024_01_01,CUS_0xa4a9,1/1/2024,10,9,10000,1000,0,8000,9000,1/10/2024,2024-10-01,2025-11-09 07:30:19.821879,data/lms_loan_daily.csv,2024-10-01
CUS_0xa4ad_2024_03_01,CUS_0xa4ad,1/3/2024,10,7,10000,1000,0,4000,7000,1/10/2024,2024-10-01,2025-11-09 07:30:19.821879,data/lms_loan_daily.csv,2024-10-01
CUS_0xa4b3_2024_08_01,CUS_0xa4b3,1/8/2024,10,2,10000,1000,1000,0,8000,1/10/2024,2024-10-01,2025-11-09 07:30:19.821879,data/lms_loan_daily.csv,2024-10-01
CUS_0xa4b7_2024_01_01,CUS_0xa4b7,1/1/2024,10,9,10000,1000,1000,0,1000,1/10/2024,2024-10-01,2025-11-09 07:30:19.821879,data/lms_loan_daily.csv,2024-10-01
CUS_0xa4db_2024_01_01,CUS_0xa4db,1/1/2024,10,9,10000,1000,0,5000,6000,1/10/2024,2024-10-01,2025-11-09 07:30:19.821879,data/lms_loan_daily.csv,2024-10-01
CUS_0xa4dc_2024_02_01,CUS_0xa4dc,1/2/2024,10,8,10000,1000,0,6000,8000,1/10/2024,2024-10-01,2025-11-09 07:30:19.821879,data/lms_loan_daily.csv,2024-10-01
CUS_0xa4de_2024_07_01,CUS_0xa4de,1/7/2024,10,3,10000,1000,1000,0,7000,1/10/2024,2024-10-01,2025-11-09 07:30:19.821879,data/lms_loan_daily.csv,2024-10-01
CUS_0xa4e2_2024_05_01,CUS_0xa4e2,1/5/2024,10,5,10000,1000,1000,0,5000,1/10/2024,2024-10-01,2025-11-09 07:30:19.821879,data/lms_loan_daily.csv,2024-10-01
CUS_0xa4f2_2023_12_01,CUS_0xa4f2,1/12/2023,10,10,10000,1000,1000,0,0,1/10/2024,2024-10-01,2025-11-09 07:30:19.821879,data/lms_loan_daily.csv,2024-10-01
CUS_0xa4f5_2024_09_01,CUS_0xa4f5,1/9/2024,10,1,10000,1000,0,1000,10000,1/10/2024,2024-10-01,2025-11-09 07:30:19.821879,data/lms_loan_daily.csv,2024-10-01
CUS_0xa4fd_2024_04_01,CUS_0xa4fd,1/4/2024,10,6,10000,1000,1000,0,4000,1/10/2024,2024-10-01,2025-11-09 07:30:19.821879,data/lms_loan_daily.csv,2024-10-01
CUS_0xa501_2024_06_01,CUS_0xa501,1/6/2024,10,4,10000,1000,1000,0,6000,1/10/2024,2024-10-01,2025-11-09 07:30:19.821879,data/lms_loan_daily.csv,2024-10-01
CUS_0xa53_2024_07_01,CUS_0xa53,1/7/2024,10,3,10000,1000,1000,0,7000,1/10/2024,2024-10-01,2025-11-09 07:30:19.821879,data/lms_loan_daily.csv,2024-10-01
CUS_0xa530_2023_12_01,CUS_0xa530,1/12/2023,10,10,10000,1000,0,6000,6000,1/10/2024,2024-10-01,2025-11-09 07:30:19.821879,data/lms_loan_daily.csv,2024-10-01
CUS_0xa547_2024_03_01,CUS_0xa547,1/3/2024,10,7,10000,1000,1000,0,3000,1/10/2024,2024-10-01,2025-11-09 07:30:19.821879,data/lms_loan_daily.csv,2024-10-01
CUS_0xa548_2024_10_01,CUS_0xa548,1/10/2024,10,0,10000,0,0,0,10000,1/10/2024,2024-10-01,2025-11-09 07:30:19.821879,data/lms_loan_daily.csv,2024-10-01
CUS_0xa54b_2023_12_01,CUS_0xa54b,1/12/2023,10,10,10000,1000,1000,0,0,1/10/2024,2024-10-01,2025-11-09 07:30:19.821879,data/lms_loan_daily.csv,2024-10-01
CUS_0xa54e_2024_10_01,CUS_0xa54e,1/10/2024,10,0,10000,0,0,0,10000,1/10/2024,2024-10-01,2025-11-09 07:30:19.821879,data/lms_loan_daily.csv,2024-10-01
CUS_0xa55e_2024_08_01,CUS_0xa55e,1/8/2024,10,2,10000,1000,1000,0,8000,1/10/2024,2024-10-01,2025-11-09 07:30:19.821879,data/lms_loan_daily.csv,2024-10-01
CUS_0xa560_2024_02_01,CUS_0xa560,1/2/2024,10,8,10000,1000,1000,0,2000,1/10/2024,2024-10-01,2025-11-09 07:30:19.821879,data/lms_loan_daily.csv,2024-10-01
CUS_0xa567_2024_04_01,CUS_0xa567,1/4/2024,10,6,10000,1000,1000,0,4000,1/10/2024,2024-10-01,2025-11-09 07:30:19.821879,data/lms_loan_daily.csv,2024-10-01
CUS_0xa568_2024_08_01,CUS_0xa568,1/8/2024,10,2,10000,1000,1000,0,8000,1/10/2024,2024-10-01,2025-11-09 07:30:19.821879,data/lms_loan_daily.csv,2024-10-01
CUS_0xa56d_2024_04_01,CUS_0xa56d,1/4/2024,10,6,10000,1000,0,3000,7000,1/10/2024,2024-10-01,2025-11-09 07:30:19.821879,data/lms_loan_daily.csv,2024-10-01
CUS_0xa570_2024_02_01,CUS_0xa570,1/2/2024,10,8,10000,1000,1000,0,2000,1/10/2024,2024-10-01,2025-11-09 07:30:19.821879,data/lms_loan_daily.csv,2024-10-01
CUS_0xa579_2024_09_01,CUS_0xa579,1/9/2024,10,1,10000,1000,1000,0,9000,1/10/2024,2024-10-01,2025-11-09 07:30:19.821879,data/lms_loan_daily.csv,2024-10-01
CUS_0xa57b_2024_07_01,CUS_0xa57b,1/7/2024,10,3,10000,1000,1000,0,7000,1/10/2024,2024-10-01,2025-11-09 07:30:19.821879,data/lms_loan_daily.csv,2024-10-01
CUS_0xa584_2024_06_01,CUS_0xa584,1/6/2024,10,4,10000,1000,0,3000,9000,1/10/2024,2024-10-01,2025-11-09 07:30:19.821879,data/lms_loan_daily.csv,2024-10-01
CUS_0xa585_2023_12_01,CUS_0xa585,1/12/2023,10,10,10000,1000,0,7000,7000,1/10/2024,2024-10-01,2025-11-09 07:30:19.821879,data/lms_loan_daily.csv,2024-10-01
CUS_0xa5a0_2024_05_01,CUS_0xa5a0,1/5/2024,10,5,10000,1000,1000,0,5000,1/10/2024,2024-10-01,2025-11-09 07:30:19.821879,data/lms_loan_daily.csv,2024-10-01
CUS_0xa5a1_2024_05_01,CUS_0xa5a1,1/5/2024,10,5,10000,1000,0,1000,6000,1/10/2024,2024-10-01,2025-11-09 07:30:19.821879,data/lms_loan_daily.csv,2024-10-01
CUS_0xa5b4_2024_10_01,CUS_0xa5b4,1/10/2024,10,0,10000,0,0,0,10000,1/10/2024,2024-10-01,2025-11-09 07:30:19.821879,data/lms_loan_daily.csv,2024-10-01
CUS_0xa5ba_2024_09_01,CUS_0xa5ba,1/9/2024,10,1,10000,1000,1000,0,9000,1/10/2024,2024-10-01,2025-11-09 07:30:19.821879,data/lms_loan_daily.csv,2024-10-01
CUS_0xa5c2_2024_03_01,CUS_0xa5c2,1/3/2024,10,7,10000,1000,1000,0,3000,1/10/2024,2024-10-01,2025-11-09 07:30:19.821879,data/lms_loan_daily.csv,2024-10-01
CUS_0xa5dd_2024_01_01,CUS_0xa5dd,1/1/2024,10,9,10000,1000,1000,0,1000,1/10/2024,2024-10-01,2025-11-09 07:30:19.821879,data/lms_loan_daily.csv,2024-10-01
CUS_0xa60a_2024_04_01,CUS_0xa60a,1/4/2024,10,6,10000,1000,1000,0,4000,1/10/2024,2024-10-01,2025-11-09 07:30:19.821879,data/lms_loan_daily.csv,2024-10-01
CUS_0xa61a_2024_01_01,CUS_0xa61a,1/1/2024,10,9,10000,1000,1000,0,1000,1/10/2024,2024-10-01,2025-11-09 07:30:19.821879,data/lms_loan_daily.csv,2024-10-01
CUS_0xa624_2024_03_01,CUS_0xa624,1/3/2024,10,7,10000,1000,1000,0,3000,1/10/2024,2024-10-01,2025-11-09 07:30:19.821879,data/lms_loan_daily.csv,2024-10-01
CUS_0xa631_2024_08_01,CUS_0xa631,1/8/2024,10,2,10000,1000,1000,0,8000,1/10/2024,2024-10-01,2025-11-09 07:30:19.821879,data/lms_loan_daily.csv,2024-10-01
CUS_0xa648_2023_12_01,CUS_0xa648,1/12/2023,10,10,10000,1000,1000,0,0,1/10/2024,2024-10-01,2025-11-09 07:30:19.821879,data/lms_loan_daily.csv,2024-10-01
CUS_0xa64c_2024_04_01,CUS_0xa64c,1/4/2024,10,6,10000,1000,1000,0,4000,1/10/2024,2024-10-01,2025-11-09 07:30:19.821879,data/lms_loan_daily.csv,2024-10-01
CUS_0xa64d_2024_03_01,CUS_0xa64d,1/3/2024,10,7,10000,1000,0,6000,9000,1/10/2024,2024-10-01,2025-11-09 07:30:19.821879,data/lms_loan_daily.csv,2024-10-01
CUS_0xa650_2024_08_01,CUS_0xa650,1/8/2024,10,2,10000,1000,1000,0,8000,1/10/2024,2024-10-01,2025-11-09 07:30:19.821879,data/lms_loan_daily.csv,2024-10-01
CUS_0xa651_2024_10_01,CUS_0xa651,1/10/2024,10,0,10000,0,0,0,10000,1/10/2024,2024-10-01,2025-11-09 07:30:19.821879,data/lms_loan_daily.csv,2024-10-01
CUS_0xa660_2024_02_01,CUS_0xa660,1/2/2024,10,8,10000,1000,1000,0,2000,1/10/2024,2024-10-01,2025-11-09 07:30:19.821879,data/lms_loan_daily.csv,2024-10-01
CUS_0xa663_2024_04_01,CUS_0xa663,1/4/2024,10,6,10000,1000,1000,0,4000,1/10/2024,2024-10-01,2025-11-09 07:30:19.821879,data/lms_loan_daily.csv,2024-10-01
CUS_0xa664_2024_06_01,CUS_0xa664,1/6/2024,10,4,10000,1000,1000,0,6000,1/10/2024,2024-10-01,2025-11-09 07:30:19.821879,data/lms_loan_daily.csv,2024-10-01
CUS_0xa666_2024_05_01,CUS_0xa666,1/5/2024,10,5,10000,1000,1000,0,5000,1/10/2024,2024-10-01,2025-11-09 07:30:19.821879,data/lms_loan_daily.csv,2024-10-01
CUS_0xa667_2024_07_01,CUS_0xa667,1/7/2024,10,3,10000,1000,1000,0,7000,1/10/2024,2024-10-01,2025-11-09 07:30:19.821879,data/lms_loan_daily.csv,2024-10-01
CUS_0xa66a_2024_03_01,CUS_0xa66a,1/3/2024,10,7,10000,1000,1000,0,3000,1/10/2024,2024-10-01,2025-11-09 07:30:19.821879,data/lms_loan_daily.csv,2024-10-01
CUS_0xa66c_2023_12_01,CUS_0xa66c,1/12/2023,10,10,10000,1000,1000,0,0,1/10/2024,2024-10-01,2025-11-09 07:30:19.821879,data/lms_loan_daily.csv,2024-10-01
CUS_0xa677_2024_10_01,CUS_0xa677,1/10/2024,10,0,10000,0,0,0,10000,1/10/2024,2024-10-01,2025-11-09 07:30:19.821879,data/lms_loan_daily.csv,2024-10-01
CUS_0xa68e_2024_02_01,CUS_0xa68e,1/2/2024,10,8,10000,1000,1000,0,2000,1/10/2024,2024-10-01,2025-11-09 07:30:19.821879,data/lms_loan_daily.csv,2024-10-01
CUS_0xa690_2024_05_01,CUS_0xa690,1/5/2024,10,5,10000,1000,1000,0,5000,1/10/2024,2024-10-01,2025-11-09 07:30:19.821879,data/lms_loan_daily.csv,2024-10-01
CUS_0xa692_2024_02_01,CUS_0xa692,1/2/2024,10,8,10000,1000,0,5000,7000,1/10/2024,2024-10-01,2025-11-09 07:30:19.821879,data/lms_loan_daily.csv,2024-10-01
CUS_0xa69f_2024_02_01,CUS_0xa69f,1/2/2024,10,8,10000,1000,0,5000,7000,1/10/2024,2024-10-01,2025-11-09 07:30:19.821879,data/lms_loan_daily.csv,2024-10-01
CUS_0xa6a3_2024_08_01,CUS_0xa6a3,1/8/2024,10,2,10000,1000,1000,0,8000,1/10/2024,2024-10-01,2025-11-09 07:30:19.821879,data/lms_loan_daily.csv,2024-10-01
CUS_0xa6b_2024_05_01,CUS_0xa6b,1/5/2024,10,5,10000,1000,1000,0,5000,1/10/2024,2024-10-01,2025-11-09 07:30:19.821879,data/lms_loan_daily.csv,2024-10-01
CUS_0xa6c7_2024_09_01,CUS_0xa6c7,1/9/2024,10,1,10000,1000,1000,0,9000,1/10/2024,2024-10-01,2025-11-09 07:30:19.821879,data/lms_loan_daily.csv,2024-10-01
CUS_0xa6cb_2024_06_01,CUS_0xa6cb,1/6/2024,10,4,10000,1000,0,1000,7000,1/10/2024,2024-10-01,2025-11-09 07:30:19.821879,data/lms_loan_daily.csv,2024-10-01
CUS_0xa6d4_2024_02_01,CUS_0xa6d4,1/2/2024,10,8,10000,1000,1000,0,2000,1/10/2024,2024-10-01,2025-11-09 07:30:19.821879,data/lms_loan_daily.csv,2024-10-01
CUS_0xa6df_2024_09_01,CUS_0xa6df,1/9/2024,10,1,10000,1000,1000,0,9000,1/10/2024,2024-10-01,2025-11-09 07:30:19.821879,data/lms_loan_daily.csv,2024-10-01
CUS_0xa6e_2024_07_01,CUS_0xa6e,1/7/2024,10,3,10000,1000,0,1000,8000,1/10/2024,2024-10-01,2025-11-09 07:30:19.821879,data/lms_loan_daily.csv,2024-10-01
CUS_0xa6e0_2024_04_01,CUS_0xa6e0,1/4/2024,10,6,10000,1000,1000,0,4000,1/10/2024,2024-10-01,2025-11-09 07:30:19.821879,data/lms_loan_daily.csv,2024-10-01
CUS_0xa6e4_2024_03_01,CUS_0xa6e4,1/3/2024,10,7,10000,1000,0,6000,9000,1/10/2024,2024-10-01,2025-11-09 07:30:19.821879,data/lms_loan_daily.csv,2024-10-01
CUS_0xa6e7_2024_07_01,CUS_0xa6e7,1/7/2024,10,3,10000,1000,1000,0,7000,1/10/2024,2024-10-01,2025-11-09 07:30:19.821879,data/lms_loan_daily.csv,2024-10-01
CUS_0xa6f1_2024_01_01,CUS_0xa6f1,1/1/2024,10,9,10000,1000,1000,0,1000,1/10/2024,2024-10-01,2025-11-09 07:30:19.821879,data/lms_loan_daily.csv,2024-10-01
CUS_0xa70c_2024_05_01,CUS_0xa70c,1/5/2024,10,5,10000,1000,1000,0,5000,1/10/2024,2024-10-01,2025-11-09 07:30:19.821879,data/lms_loan_daily.csv,2024-10-01
CUS_0xa72_2024_08_01,CUS_0xa72,1/8/2024,10,2,10000,1000,0,1000,9000,1/10/2024,2024-10-01,2025-11-09 07:30:19.821879,data/lms_loan_daily.csv,2024-10-01
CUS_0xa72c_2024_03_01,CUS_0xa72c,1/3/2024,10,7,10000,1000,1000,0,3000,1/10/2024,2024-10-01,2025-11-09 07:30:19.821879,data/lms_loan_daily.csv,2024-10-01
CUS_0xa736_2024_09_01,CUS_0xa736,1/9/2024,10,1,10000,1000,1000,0,9000,1/10/2024,2024-10-01,2025-11-09 07:30:19.821879,data/lms_loan_daily.csv,2024-10-01
CUS_0xa737_2024_07_01,CUS_0xa737,1/7/2024,10,3,10000,1000,1000,0,7000,1/10/2024,2024-10-01,2025-11-09 07:30:19.821879,data/lms_loan_daily.csv,2024-10-01
CUS_0xa73b_2024_02_01,CUS_0xa73b,1/2/2024,10,8,10000,1000,0,6000,8000,1/10/2024,2024-10-01,2025-11-09 07:30:19.821879,data/lms_loan_daily.csv,2024-10-01
CUS_0xa741_2023_12_01,CUS_0xa741,1/12/2023,10,10,10000,1000,1000,0,0,1/10/2024,2024-10-01,2025-11-09 07:30:19.821879,data/lms_loan_daily.csv,2024-10-01
CUS_0xa742_2024_04_01,CUS_0xa742,1/4/2024,10,6,10000,1000,0,3000,7000,1/10/2024,2024-10-01,2025-11-09 07:30:19.821879,data/lms_loan_daily.csv,2024-10-01
CUS_0xa74e_2024_10_01,CUS_0xa74e,1/10/2024,10,0,10000,0,0,0,10000,1/10/2024,2024-10-01,2025-11-09 07:30:19.821879,data/lms_loan_daily.csv,2024-10-01
CUS_0xa756_2024_10_01,CUS_0xa756,1/10/2024,10,0,10000,0,0,0,10000,1/10/2024,2024-10-01,2025-11-09 07:30:19.821879,data/lms_loan_daily.csv,2024-10-01
CUS_0xa75c_2024_03_01,CUS_0xa75c,1/3/2024,10,7,10000,1000,0,4000,7000,1/10/2024,2024-10-01,2025-11-09 07:30:19.821879,data/lms_loan_daily.csv,2024-10-01
CUS_0xa766_2023_12_01,CUS_0xa766,1/12/2023,10,10,10000,1000,1000,0,0,1/10/2024,2024-10-01,2025-11-09 07:30:19.821879,data/lms_loan_daily.csv,2024-10-01
CUS_0xa772_2024_03_01,CUS_0xa772,1/3/2024,10,7,10000,1000,1000,0,3000,1/10/2024,2024-10-01,2025-11-09 07:30:19.821879,data/lms_loan_daily.csv,2024-10-01
CUS_0xa773_2023_12_01,CUS_0xa773,1/12/2023,10,10,10000,1000,0,8000,8000,1/10/2024,2024-10-01,2025-11-09 07:30:19.821879,data/lms_loan_daily.csv,2024-10-01
CUS_0xa77f_2024_02_01,CUS_0xa77f,1/2/2024,10,8,10000,1000,1000,0,2000,1/10/2024,2024-10-01,2025-11-09 07:30:19.821879,data/lms_loan_daily.csv,2024-10-01
CUS_0xa781_2023_12_01,CUS_0xa781,1/12/2023,10,10,10000,1000,1000,0,0,1/10/2024,2024-10-01,2025-11-09 07:30:19.821879,data/lms_loan_daily.csv,2024-10-01
CUS_0xa789_2024_10_01,CUS_0xa789,1/10/2024,10,0,10000,0,0,0,10000,1/10/2024,2024-10-01,2025-11-09 07:30:19.821879,data/lms_loan_daily.csv,2024-10-01
CUS_0xa78f_2024_03_01,CUS_0xa78f,1/3/2024,10,7,10000,1000,1000,0,3000,1/10/2024,2024-10-01,2025-11-09 07:30:19.821879,data/lms_loan_daily.csv,2024-10-01
CUS_0xa79_2024_04_01,CUS_0xa79,1/4/2024,10,6,10000,1000,0,3000,7000,1/10/2024,2024-10-01,2025-11-09 07:30:19.821879,data/lms_loan_daily.csv,2024-10-01
CUS_0xa798_2024_03_01,CUS_0xa798,1/3/2024,10,7,10000,1000,1000,0,3000,1/10/2024,2024-10-01,2025-11-09 07:30:19.821879,data/lms_loan_daily.csv,2024-10-01
CUS_0xa7b7_2024_09_01,CUS_0xa7b7,1/9/2024,10,1,10000,1000,1000,0,9000,1/10/2024,2024-10-01,2025-11-09 07:30:19.821879,data/lms_loan_daily.csv,2024-10-01
CUS_0xa7b8_2024_10_01,CUS_0xa7b8,1/10/2024,10,0,10000,0,0,0,10000,1/10/2024,2024-10-01,2025-11-09 07:30:19.821879,data/lms_loan_daily.csv,2024-10-01
CUS_0xa7c3_2024_02_01,CUS_0xa7c3,1/2/2024,10,8,10000,1000,1000,0,2000,1/10/2024,2024-10-01,2025-11-09 07:30:19.821879,data/lms_loan_daily.csv,2024-10-01
CUS_0xa7c5_2024_08_01,CUS_0xa7c5,1/8/2024,10,2,10000,1000,1000,0,8000,1/10/2024,2024-10-01,2025-11-09 07:30:19.821879,data/lms_loan_daily.csv,2024-10-01
CUS_0xa7c7_2024_08_01,CUS_0xa7c7,1/8/2024,10,2,10000,1000,1000,0,8000,1/10/2024,2024-10-01,2025-11-09 07:30:19.821879,data/lms_loan_daily.csv,2024-10-01
CUS_0xa7ce_2024_04_01,CUS_0xa7ce,1/4/2024,10,6,10000,1000,1000,0,4000,1/10/2024,2024-10-01,2025-11-09 07:30:19.821879,data/lms_loan_daily.csv,2024-10-01
CUS_0xa7d5_2024_05_01,CUS_0xa7d5,1/5/2024,10,5,10000,1000,1000,0,5000,1/10/2024,2024-10-01,2025-11-09 07:30:19.821879,data/lms_loan_daily.csv,2024-10-01
CUS_0xa7d7_2024_06_01,CUS_0xa7d7,1/6/2024,10,4,10000,1000,1000,0,6000,1/10/2024,2024-10-01,2025-11-09 07:30:19.821879,data/lms_loan_daily.csv,2024-10-01
CUS_0xa7f8_2024_02_01,CUS_0xa7f8,1/2/2024,10,8,10000,1000,1000,0,2000,1/10/2024,2024-10-01,2025-11-09 07:30:19.821879,data/lms_loan_daily.csv,2024-10-01
CUS_0xa80c_2024_02_01,CUS_0xa80c,1/2/2024,10,8,10000,1000,1000,0,2000,1/10/2024,2024-10-01,2025-11-09 07:30:19.821879,data/lms_loan_daily.csv,2024-10-01
CUS_0xa81d_2024_09_01,CUS_0xa81d,1/9/2024,10,1,10000,1000,1000,0,9000,1/10/2024,2024-10-01,2025-11-09 07:30:19.821879,data/lms_loan_daily.csv,2024-10-01
CUS_0xa833_2024_06_01,CUS_0xa833,1/6/2024,10,4,10000,1000,1000,0,6000,1/10/2024,2024-10-01,2025-11-09 07:30:19.821879,data/lms_loan_daily.csv,2024-10-01
CUS_0xa835_2024_03_01,CUS_0xa835,1/3/2024,10,7,10000,1000,1000,0,3000,1/10/2024,2024-10-01,2025-11-09 07:30:19.821879,data/lms_loan_daily.csv,2024-10-01
CUS_0xa83c_2024_01_01,CUS_0xa83c,1/1/2024,10,9,10000,1000,1000,0,1000,1/10/2024,2024-10-01,2025-11-09 07:30:19.821879,data/lms_loan_daily.csv,2024-10-01
CUS_0xa83e_2024_08_01,CUS_0xa83e,1/8/2024,10,2,10000,1000,1000,0,8000,1/10/2024,2024-10-01,2025-11-09 07:30:19.821879,data/lms_loan_daily.csv,2024-10-01
CUS_0xa849_2024_10_01,CUS_0xa849,1/10/2024,10,0,10000,0,0,0,10000,1/10/2024,2024-10-01,2025-11-09 07:30:19.821879,data/lms_loan_daily.csv,2024-10-01
CUS_0xa84b_2024_03_01,CUS_0xa84b,1/3/2024,10,7,10000,1000,0,5000,8000,1/10/2024,2024-10-01,2025-11-09 07:30:19.821879,data/lms_loan_daily.csv,2024-10-01
CUS_0xa84d_2024_09_01,CUS_0xa84d,1/9/2024,10,1,10000,1000,1000,0,9000,1/10/2024,2024-10-01,2025-11-09 07:30:19.821879,data/lms_loan_daily.csv,2024-10-01
CUS_0xa857_2024_09_01,CUS_0xa857,1/9/2024,10,1,10000,1000,1000,0,9000,1/10/2024,2024-10-01,2025-11-09 07:30:19.821879,data/lms_loan_daily.csv,2024-10-01
CUS_0xa85d_2024_06_01,CUS_0xa85d,1/6/2024,10,4,10000,1000,0,1000,7000,1/10/2024,2024-10-01,2025-11-09 07:30:19.821879,data/lms_loan_daily.csv,2024-10-01
CUS_0xa862_2024_10_01,CUS_0xa862,1/10/2024,10,0,10000,0,0,0,10000,1/10/2024,2024-10-01,2025-11-09 07:30:19.821879,data/lms_loan_daily.csv,2024-10-01
CUS_0xa86a_2024_04_01,CUS_0xa86a,1/4/2024,10,6,10000,1000,1000,0,4000,1/10/2024,2024-10-01,2025-11-09 07:30:19.821879,data/lms_loan_daily.csv,2024-10-01
CUS_0xa874_2024_07_01,CUS_0xa874,1/7/2024,10,3,10000,1000,1000,0,7000,1/10/2024,2024-10-01,2025-11-09 07:30:19.821879,data/lms_loan_daily.csv,2024-10-01
CUS_0xa87f_2024_02_01,CUS_0xa87f,1/2/2024,10,8,10000,1000,1000,0,2000,1/10/2024,2024-10-01,2025-11-09 07:30:19.821879,data/lms_loan_daily.csv,2024-10-01
CUS_0xa899_2024_08_01,CUS_0xa899,1/8/2024,10,2,10000,1000,1000,0,8000,1/10/2024,2024-10-01,2025-11-09 07:30:19.821879,data/lms_loan_daily.csv,2024-10-01
CUS_0xa89b_2024_09_01,CUS_0xa89b,1/9/2024,10,1,10000,1000,1000,0,9000,1/10/2024,2024-10-01,2025-11-09 07:30:19.821879,data/lms_loan_daily.csv,2024-10-01
CUS_0xa8a_2023_12_01,CUS_0xa8a,1/12/2023,10,10,10000,1000,0,8000,8000,1/10/2024,2024-10-01,2025-11-09 07:30:19.821879,data/lms_loan_daily.csv,2024-10-01
CUS_0xa8ab_2024_01_01,CUS_0xa8ab,1/1/2024,10,9,10000,1000,0,7000,8000,1/10/2024,2024-10-01,2025-11-09 07:30:19.821879,data/lms_loan_daily.csv,2024-10-01
CUS_0xa8b1_2024_03_01,CUS_0xa8b1,1/3/2024,10,7,10000,1000,1000,0,3000,1/10/2024,2024-10-01,2025-11-09 07:30:19.821879,data/lms_loan_daily.csv,2024-10-01
CUS_0xa8ba_2024_05_01,CUS_0xa8ba,1/5/2024,10,5,10000,1000,0,3000,8000,1/10/2024,2024-10-01,2025-11-09 07:30:19.821879,data/lms_loan_daily.csv,2024-10-01
CUS_0xa8c0_2024_05_01,CUS_0xa8c0,1/5/2024,10,5,10000,1000,1000,0,5000,1/10/2024,2024-10-01,2025-11-09 07:30:19.821879,data/lms_loan_daily.csv,2024-10-01
CUS_0xa8c9_2024_06_01,CUS_0xa8c9,1/6/2024,10,4,10000,1000,1000,0,6000,1/10/2024,2024-10-01,2025-11-09 07:30:19.821879,data/lms_loan_daily.csv,2024-10-01
CUS_0xa8cb_2024_09_01,CUS_0xa8cb,1/9/2024,10,1,10000,1000,1000,0,9000,1/10/2024,2024-10-01,2025-11-09 07:30:19.821879,data/lms_loan_daily.csv,2024-10-01
CUS_0xa8d_2024_07_01,CUS_0xa8d,1/7/2024,10,3,10000,1000,1000,0,7000,1/10/2024,2024-10-01,2025-11-09 07:30:19.821879,data/lms_loan_daily.csv,2024-10-01
CUS_0xa8d4_2024_04_01,CUS_0xa8d4,1/4/2024,10,6,10000,1000,0,3000,7000,1/10/2024,2024-10-01,2025-11-09 07:30:19.821879,data/lms_loan_daily.csv,2024-10-01
CUS_0xa8d6_2024_02_01,CUS_0xa8d6,1/2/2024,10,8,10000,1000,1000,0,2000,1/10/2024,2024-10-01,2025-11-09 07:30:19.821879,data/lms_loan_daily.csv,2024-10-01
CUS_0xa8df_2024_04_01,CUS_0xa8df,1/4/2024,10,6,10000,1000,1000,0,4000,1/10/2024,2024-10-01,2025-11-09 07:30:19.821879,data/lms_loan_daily.csv,2024-10-01
CUS_0xa8e1_2024_04_01,CUS_0xa8e1,1/4/2024,10,6,10000,1000,1000,0,4000,1/10/2024,2024-10-01,2025-11-09 07:30:19.821879,data/lms_loan_daily.csv,2024-10-01
CUS_0xa8e6_2024_03_01,CUS_0xa8e6,1/3/2024,10,7,10000,1000,1000,0,3000,1/10/2024,2024-10-01,2025-11-09 07:30:19.821879,data/lms_loan_daily.csv,2024-10-01
CUS_0xa8ec_2024_03_01,CUS_0xa8ec,1/3/2024,10,7,10000,1000,1000,0,3000,1/10/2024,2024-10-01,2025-11-09 07:30:19.821879,data/lms_loan_daily.csv,2024-10-01
CUS_0xa903_2024_09_01,CUS_0xa903,1/9/2024,10,1,10000,1000,1000,0,9000,1/10/2024,2024-10-01,2025-11-09 07:30:19.821879,data/lms_loan_daily.csv,2024-10-01
CUS_0xa905_2024_06_01,CUS_0xa905,1/6/2024,10,4,10000,1000,0,2000,8000,1/10/2024,2024-10-01,2025-11-09 07:30:19.821879,data/lms_loan_daily.csv,2024-10-01
CUS_0xa90a_2024_10_01,CUS_0xa90a,1/10/2024,10,0,10000,0,0,0,10000,1/10/2024,2024-10-01,2025-11-09 07:30:19.821879,data/lms_loan_daily.csv,2024-10-01
CUS_0xa90c_2024_02_01,CUS_0xa90c,1/2/2024,10,8,10000,1000,1000,0,2000,1/10/2024,2024-10-01,2025-11-09 07:30:19.821879,data/lms_loan_daily.csv,2024-10-01
CUS_0xa90d_2024_08_01,CUS_0xa90d,1/8/2024,10,2,10000,1000,1000,0,8000,1/10/2024,2024-10-01,2025-11-09 07:30:19.821879,data/lms_loan_daily.csv,2024-10-01
CUS_0xa913_2024_09_01,CUS_0xa913,1/9/2024,10,1,10000,1000,1000,0,9000,1/10/2024,2024-10-01,2025-11-09 07:30:19.821879,data/lms_loan_daily.csv,2024-10-01
CUS_0xa91f_2024_05_01,CUS_0xa91f,1/5/2024,10,5,10000,1000,0,5000,10000,1/10/2024,2024-10-01,2025-11-09 07:30:19.821879,data/lms_loan_daily.csv,2024-10-01
CUS_0xa922_2024_02_01,CUS_0xa922,1/2/2024,10,8,10000,1000,1000,0,2000,1/10/2024,2024-10-01,2025-11-09 07:30:19.821879,data/lms_loan_daily.csv,2024-10-01
CUS_0xa93f_2024_02_01,CUS_0xa93f,1/2/2024,10,8,10000,1000,1000,0,2000,1/10/2024,2024-10-01,2025-11-09 07:30:19.821879,data/lms_loan_daily.csv,2024-10-01
CUS_0xa961_2024_06_01,CUS_0xa961,1/6/2024,10,4,10000,1000,1000,0,6000,1/10/2024,2024-10-01,2025-11-09 07:30:19.821879,data/lms_loan_daily.csv,2024-10-01
CUS_0xa964_2023_12_01,CUS_0xa964,1/12/2023,10,10,10000,1000,1000,0,0,1/10/2024,2024-10-01,2025-11-09 07:30:19.821879,data/lms_loan_daily.csv,2024-10-01
CUS_0xa977_2024_04_01,CUS_0xa977,1/4/2024,10,6,10000,1000,1000,0,4000,1/10/2024,2024-10-01,2025-11-09 07:30:19.821879,data/lms_loan_daily.csv,2024-10-01
CUS_0xa987_2024_04_01,CUS_0xa987,1/4/2024,10,6,10000,1000,1000,0,4000,1/10/2024,2024-10-01,2025-11-09 07:30:19.821879,data/lms_loan_daily.csv,2024-10-01
CUS_0xa9a2_2023_12_01,CUS_0xa9a2,1/12/2023,10,10,10000,1000,0,7000,7000,1/10/2024,2024-10-01,2025-11-09 07:30:19.821879,data/lms_loan_daily.csv,2024-10-01
CUS_0xa9b1_2024_03_01,CUS_0xa9b1,1/3/2024,10,7,10000,1000,0,5000,8000,1/10/2024,2024-10-01,2025-11-09 07:30:19.821879,data/lms_loan_daily.csv,2024-10-01
CUS_0xa9c1_2024_08_01,CUS_0xa9c1,1/8/2024,10,2,10000,1000,1000,0,8000,1/10/2024,2024-10-01,2025-11-09 07:30:19.821879,data/lms_loan_daily.csv,2024-10-01
CUS_0xa9c2_2024_02_01,CUS_0xa9c2,1/2/2024,10,8,10000,1000,1000,0,2000,1/10/2024,2024-10-01,2025-11-09 07:30:19.821879,data/lms_loan_daily.csv,2024-10-01
CUS_0xa9ca_2024_01_01,CUS_0xa9ca,1/1/2024,10,9,10000,1000,0,5000,6000,1/10/2024,2024-10-01,2025-11-09 07:30:19.821879,data/lms_loan_daily.csv,2024-10-01
CUS_0xa9cc_2024_01_01,CUS_0xa9cc,1/1/2024,10,9,10000,1000,1000,0,1000,1/10/2024,2024-10-01,2025-11-09 07:30:19.821879,data/lms_loan_daily.csv,2024-10-01
CUS_0xa9d3_2024_09_01,CUS_0xa9d3,1/9/2024,10,1,10000,1000,1000,0,9000,1/10/2024,2024-10-01,2025-11-09 07:30:19.821879,data/lms_loan_daily.csv,2024-10-01
CUS_0xaa0b_2024_10_01,CUS_0xaa0b,1/10/2024,10,0,10000,0,0,0,10000,1/10/2024,2024-10-01,2025-11-09 07:30:19.821879,data/lms_loan_daily.csv,2024-10-01
CUS_0xaa14_2024_07_01,CUS_0xaa14,1/7/2024,10,3,10000,1000,1000,0,7000,1/10/2024,2024-10-01,2025-11-09 07:30:19.821879,data/lms_loan_daily.csv,2024-10-01
CUS_0xaa27_2024_10_01,CUS_0xaa27,1/10/2024,10,0,10000,0,0,0,10000,1/10/2024,2024-10-01,2025-11-09 07:30:19.821879,data/lms_loan_daily.csv,2024-10-01
CUS_0xaa3a_2024_06_01,CUS_0xaa3a,1/6/2024,10,4,10000,1000,1000,0,6000,1/10/2024,2024-10-01,2025-11-09 07:30:19.821879,data/lms_loan_daily.csv,2024-10-01
CUS_0xaa40_2024_07_01,CUS_0xaa40,1/7/2024,10,3,10000,1000,1000,0,7000,1/10/2024,2024-10-01,2025-11-09 07:30:19.821879,data/lms_loan_daily.csv,2024-10-01
CUS_0xaa5_2024_02_01,CUS_0xaa5,1/2/2024,10,8,10000,1000,1000,0,2000,1/10/2024,2024-10-01,2025-11-09 07:30:19.821879,data/lms_loan_daily.csv,2024-10-01
CUS_0xaa66_2024_10_01,CUS_0xaa66,1/10/2024,10,0,10000,0,0,0,10000,1/10/2024,2024-10-01,2025-11-09 07:30:19.821879,data/lms_loan_daily.csv,2024-10-01
CUS_0xaa68_2024_02_01,CUS_0xaa68,1/2/2024,10,8,10000,1000,1000,0,2000,1/10/2024,2024-10-01,2025-11-09 07:30:19.821879,data/lms_loan_daily.csv,2024-10-01
CUS_0xaa80_2023_12_01,CUS_0xaa80,1/12/2023,10,10,10000,1000,1000,0,0,1/10/2024,2024-10-01,2025-11-09 07:30:19.821879,data/lms_loan_daily.csv,2024-10-01
CUS_0xaa81_2024_09_01,CUS_0xaa81,1/9/2024,10,1,10000,1000,1000,0,9000,1/10/2024,2024-10-01,2025-11-09 07:30:19.821879,data/lms_loan_daily.csv,2024-10-01
CUS_0xaa83_2024_01_01,CUS_0xaa83,1/1/2024,10,9,10000,1000,1000,0,1000,1/10/2024,2024-10-01,2025-11-09 07:30:19.821879,data/lms_loan_daily.csv,2024-10-01
CUS_0xaa8d_2024_03_01,CUS_0xaa8d,1/3/2024,10,7,10000,1000,1000,0,3000,1/10/2024,2024-10-01,2025-11-09 07:30:19.821879,data/lms_loan_daily.csv,2024-10-01
CUS_0xaa93_2024_05_01,CUS_0xaa93,1/5/2024,10,5,10000,1000,0,3000,8000,1/10/2024,2024-10-01,2025-11-09 07:30:19.821879,data/lms_loan_daily.csv,2024-10-01
CUS_0xaa9d_2024_09_01,CUS_0xaa9d,1/9/2024,10,1,10000,1000,1000,0,9000,1/10/2024,2024-10-01,2025-11-09 07:30:19.821879,data/lms_loan_daily.csv,2024-10-01
CUS_0xaa9e_2024_05_01,CUS_0xaa9e,1/5/2024,10,5,10000,1000,1000,0,5000,1/10/2024,2024-10-01,2025-11-09 07:30:19.821879,data/lms_loan_daily.csv,2024-10-01
CUS_0xaaae_2024_06_01,CUS_0xaaae,1/6/2024,10,4,10000,1000,0,2000,8000,1/10/2024,2024-10-01,2025-11-09 07:30:19.821879,data/lms_loan_daily.csv,2024-10-01
CUS_0xaab7_2024_08_01,CUS_0xaab7,1/8/2024,10,2,10000,1000,1000,0,8000,1/10/2024,2024-10-01,2025-11-09 07:30:19.821879,data/lms_loan_daily.csv,2024-10-01
CUS_0xaac2_2024_05_01,CUS_0xaac2,1/5/2024,10,5,10000,1000,1000,0,5000,1/10/2024,2024-10-01,2025-11-09 07:30:19.821879,data/lms_loan_daily.csv,2024-10-01
CUS_0xaac6_2024_03_01,CUS_0xaac6,1/3/2024,10,7,10000,1000,1000,0,3000,1/10/2024,2024-10-01,2025-11-09 07:30:19.821879,data/lms_loan_daily.csv,2024-10-01
CUS_0xaad_2024_07_01,CUS_0xaad,1/7/2024,10,3,10000,1000,2000,0,7000,1/10/2024,2024-10-01,2025-11-09 07:30:19.821879,data/lms_loan_daily.csv,2024-10-01
CUS_0xaafc_2024_09_01,CUS_0xaafc,1/9/2024,10,1,10000,1000,1000,0,9000,1/10/2024,2024-10-01,2025-11-09 07:30:19.821879,data/lms_loan_daily.csv,2024-10-01
CUS_0xab07_2024_02_01,CUS_0xab07,1/2/2024,10,8,10000,1000,0,4000,6000,1/10/2024,2024-10-01,2025-11-09 07:30:19.821879,data/lms_loan_daily.csv,2024-10-01
CUS_0xab0d_2024_07_01,CUS_0xab0d,1/7/2024,10,3,10000,1000,1000,0,7000,1/10/2024,2024-10-01,2025-11-09 07:30:19.821879,data/lms_loan_daily.csv,2024-10-01
CUS_0xab0e_2024_03_01,CUS_0xab0e,1/3/2024,10,7,10000,1000,1000,0,3000,1/10/2024,2024-10-01,2025-11-09 07:30:19.821879,data/lms_loan_daily.csv,2024-10-01
CUS_0xab0f_2024_08_01,CUS_0xab0f,1/8/2024,10,2,10000,1000,0,1000,9000,1/10/2024,2024-10-01,2025-11-09 07:30:19.821879,data/lms_loan_daily.csv,2024-10-01
CUS_0xab13_2024_05_01,CUS_0xab13,1/5/2024,10,5,10000,1000,1000,0,5000,1/10/2024,2024-10-01,2025-11-09 07:30:19.821879,data/lms_loan_daily.csv,2024-10-01
CUS_0xab16_2024_07_01,CUS_0xab16,1/7/2024,10,3,10000,1000,1000,0,7000,1/10/2024,2024-10-01,2025-11-09 07:30:19.821879,data/lms_loan_daily.csv,2024-10-01
CUS_0xab1c_2024_01_01,CUS_0xab1c,1/1/2024,10,9,10000,1000,1000,0,1000,1/10/2024,2024-10-01,2025-11-09 07:30:19.821879,data/lms_loan_daily.csv,2024-10-01
CUS_0xab1e_2024_09_01,CUS_0xab1e,1/9/2024,10,1,10000,1000,1000,0,9000,1/10/2024,2024-10-01,2025-11-09 07:30:19.821879,data/lms_loan_daily.csv,2024-10-01
CUS_0xab1f_2024_03_01,CUS_0xab1f,1/3/2024,10,7,10000,1000,0,7000,10000,1/10/2024,2024-10-01,2025-11-09 07:30:19.821879,data/lms_loan_daily.csv,2024-10-01
CUS_0xab2b_2024_10_01,CUS_0xab2b,1/10/2024,10,0,10000,0,0,0,10000,1/10/2024,2024-10-01,2025-11-09 07:30:19.821879,data/lms_loan_daily.csv,2024-10-01
CUS_0xab2f_2024_03_01,CUS_0xab2f,1/3/2024,10,7,10000,1000,1000,0,3000,1/10/2024,2024-10-01,2025-11-09 07:30:19.821879,data/lms_loan_daily.csv,2024-10-01
CUS_0xab37_2024_03_01,CUS_0xab37,1/3/2024,10,7,10000,1000,1000,0,3000,1/10/2024,2024-10-01,2025-11-09 07:30:19.821879,data/lms_loan_daily.csv,2024-10-01
CUS_0xab44_2024_02_01,CUS_0xab44,1/2/2024,10,8,10000,1000,1000,0,2000,1/10/2024,2024-10-01,2025-11-09 07:30:19.821879,data/lms_loan_daily.csv,2024-10-01
CUS_0xab56_2024_05_01,CUS_0xab56,1/5/2024,10,5,10000,1000,1000,0,5000,1/10/2024,2024-10-01,2025-11-09 07:30:19.821879,data/lms_loan_daily.csv,2024-10-01
CUS_0xab5e_2024_06_01,CUS_0xab5e,1/6/2024,10,4,10000,1000,1000,0,6000,1/10/2024,2024-10-01,2025-11-09 07:30:19.821879,data/lms_loan_daily.csv,2024-10-01
CUS_0xab5f_2024_09_01,CUS_0xab5f,1/9/2024,10,1,10000,1000,1000,0,9000,1/10/2024,2024-10-01,2025-11-09 07:30:19.821879,data/lms_loan_daily.csv,2024-10-01
CUS_0xab60_2024_08_01,CUS_0xab60,1/8/2024,10,2,10000,1000,1000,0,8000,1/10/2024,2024-10-01,2025-11-09 07:30:19.821879,data/lms_loan_daily.csv,2024-10-01
CUS_0xab65_2024_10_01,CUS_0xab65,1/10/2024,10,0,10000,0,0,0,10000,1/10/2024,2024-10-01,2025-11-09 07:30:19.821879,data/lms_loan_daily.csv,2024-10-01
CUS_0xab6e_2024_05_01,CUS_0xab6e,1/5/2024,10,5,10000,1000,0,3000,8000,1/10/2024,2024-10-01,2025-11-09 07:30:19.821879,data/lms_loan_daily.csv,2024-10-01
CUS_0xab77_2024_01_01,CUS_0xab77,1/1/2024,10,9,10000,1000,1000,0,1000,1/10/2024,2024-10-01,2025-11-09 07:30:19.821879,data/lms_loan_daily.csv,2024-10-01
CUS_0xab7d_2024_05_01,CUS_0xab7d,1/5/2024,10,5,10000,1000,1000,0,5000,1/10/2024,2024-10-01,2025-11-09 07:30:19.821879,data/lms_loan_daily.csv,2024-10-01
CUS_0xab8_2024_07_01,CUS_0xab8,1/7/2024,10,3,10000,1000,0,1000,8000,1/10/2024,2024-10-01,2025-11-09 07:30:19.821879,data/lms_loan_daily.csv,2024-10-01
CUS_0xab83_2024_02_01,CUS_0xab83,1/2/2024,10,8,10000,1000,1000,0,2000,1/10/2024,2024-10-01,2025-11-09 07:30:19.821879,data/lms_loan_daily.csv,2024-10-01
CUS_0xab9_2024_07_01,CUS_0xab9,1/7/2024,10,3,10000,1000,1000,0,7000,1/10/2024,2024-10-01,2025-11-09 07:30:19.821879,data/lms_loan_daily.csv,2024-10-01
CUS_0xab9c_2023_12_01,CUS_0xab9c,1/12/2023,10,10,10000,1000,1000,0,0,1/10/2024,2024-10-01,2025-11-09 07:30:19.821879,data/lms_loan_daily.csv,2024-10-01
CUS_0xab9d_2024_07_01,CUS_0xab9d,1/7/2024,10,3,10000,1000,0,1000,8000,1/10/2024,2024-10-01,2025-11-09 07:30:19.821879,data/lms_loan_daily.csv,2024-10-01
CUS_0xaba3_2024_07_01,CUS_0xaba3,1/7/2024,10,3,10000,1000,1000,0,7000,1/10/2024,2024-10-01,2025-11-09 07:30:19.821879,data/lms_loan_daily.csv,2024-10-01
CUS_0xaba4_2024_02_01,CUS_0xaba4,1/2/2024,10,8,10000,1000,1000,0,2000,1/10/2024,2024-10-01,2025-11-09 07:30:19.821879,data/lms_loan_daily.csv,2024-10-01
CUS_0xabb4_2024_08_01,CUS_0xabb4,1/8/2024,10,2,10000,1000,1000,0,8000,1/10/2024,2024-10-01,2025-11-09 07:30:19.821879,data/lms_loan_daily.csv,2024-10-01
CUS_0xabc9_2024_02_01,CUS_0xabc9,1/2/2024,10,8,10000,1000,1000,0,2000,1/10/2024,2024-10-01,2025-11-09 07:30:19.821879,data/lms_loan_daily.csv,2024-10-01
CUS_0xabd6_2024_08_01,CUS_0xabd6,1/8/2024,10,2,10000,1000,1000,0,8000,1/10/2024,2024-10-01,2025-11-09 07:30:19.821879,data/lms_loan_daily.csv,2024-10-01
CUS_0xabd9_2023_12_01,CUS_0xabd9,1/12/2023,10,10,10000,1000,1000,0,0,1/10/2024,2024-10-01,2025-11-09 07:30:19.821879,data/lms_loan_daily.csv,2024-10-01
CUS_0xabf9_2024_09_01,CUS_0xabf9,1/9/2024,10,1,10000,1000,1000,0,9000,1/10/2024,2024-10-01,2025-11-09 07:30:19.821879,data/lms_loan_daily.csv,2024-10-01
CUS_0xac04_2024_02_01,CUS_0xac04,1/2/2024,10,8,10000,1000,1000,0,2000,1/10/2024,2024-10-01,2025-11-09 07:30:19.821879,data/lms_loan_daily.csv,2024-10-01
CUS_0xac05_2024_09_01,CUS_0xac05,1/9/2024,10,1,10000,1000,1000,0,9000,1/10/2024,2024-10-01,2025-11-09 07:30:19.821879,data/lms_loan_daily.csv,2024-10-01
CUS_0xac0b_2024_07_01,CUS_0xac0b,1/7/2024,10,3,10000,1000,1000,0,7000,1/10/2024,2024-10-01,2025-11-09 07:30:19.821879,data/lms_loan_daily.csv,2024-10-01
CUS_0xac0c_2024_05_01,CUS_0xac0c,1/5/2024,10,5,10000,1000,0,2000,7000,1/10/2024,2024-10-01,2025-11-09 07:30:19.821879,data/lms_loan_daily.csv,2024-10-01
CUS_0xac18_2024_05_01,CUS_0xac18,1/5/2024,10,5,10000,1000,1000,0,5000,1/10/2024,2024-10-01,2025-11-09 07:30:19.821879,data/lms_loan_daily.csv,2024-10-01
CUS_0xac19_2024_03_01,CUS_0xac19,1/3/2024,10,7,10000,1000,1000,0,3000,1/10/2024,2024-10-01,2025-11-09 07:30:19.821879,data/lms_loan_daily.csv,2024-10-01
CUS_0xac1a_2024_09_01,CUS_0xac1a,1/9/2024,10,1,10000,1000,1000,0,9000,1/10/2024,2024-10-01,2025-11-09 07:30:19.821879,data/lms_loan_daily.csv,2024-10-01
CUS_0xac23_2024_10_01,CUS_0xac23,1/10/2024,10,0,10000,0,0,0,10000,1/10/2024,2024-10-01,2025-11-09 07:30:19.821879,data/lms_loan_daily.csv,2024-10-01
CUS_0xac28_2024_06_01,CUS_0xac28,1/6/2024,10,4,10000,1000,1000,0,6000,1/10/2024,2024-10-01,2025-11-09 07:30:19.821879,data/lms_loan_daily.csv,2024-10-01
CUS_0xac2b_2024_02_01,CUS_0xac2b,1/2/2024,10,8,10000,1000,1000,0,2000,1/10/2024,2024-10-01,2025-11-09 07:30:19.821879,data/lms_loan_daily.csv,2024-10-01
CUS_0xac2d_2023_12_01,CUS_0xac2d,1/12/2023,10,10,10000,1000,1000,0,0,1/10/2024,2024-10-01,2025-11-09 07:30:19.821879,data/lms_loan_daily.csv,2024-10-01
CUS_0xac33_2024_05_01,CUS_0xac33,1/5/2024,10,5,10000,1000,1000,0,5000,1/10/2024,2024-10-01,2025-11-09 07:30:19.821879,data/lms_loan_daily.csv,2024-10-01
CUS_0xac3f_2024_08_01,CUS_0xac3f,1/8/2024,10,2,10000,1000,1000,0,8000,1/10/2024,2024-10-01,2025-11-09 07:30:19.821879,data/lms_loan_daily.csv,2024-10-01
CUS_0xac4a_2023_12_01,CUS_0xac4a,1/12/2023,10,10,10000,1000,1000,0,0,1/10/2024,2024-10-01,2025-11-09 07:30:19.821879,data/lms_loan_daily.csv,2024-10-01
CUS_0xac56_2024_03_01,CUS_0xac56,1/3/2024,10,7,10000,1000,0,6000,9000,1/10/2024,2024-10-01,2025-11-09 07:30:19.821879,data/lms_loan_daily.csv,2024-10-01
CUS_0xac59_2024_09_01,CUS_0xac59,1/9/2024,10,1,10000,1000,1000,0,9000,1/10/2024,2024-10-01,2025-11-09 07:30:19.821879,data/lms_loan_daily.csv,2024-10-01
CUS_0xac5d_2024_06_01,CUS_0xac5d,1/6/2024,10,4,10000,1000,1000,0,6000,1/10/2024,2024-10-01,2025-11-09 07:30:19.821879,data/lms_loan_daily.csv,2024-10-01
CUS_0xac60_2024_03_01,CUS_0xac60,1/3/2024,10,7,10000,1000,1000,0,3000,1/10/2024,2024-10-01,2025-11-09 07:30:19.821879,data/lms_loan_daily.csv,2024-10-01
CUS_0xac6f_2024_08_01,CUS_0xac6f,1/8/2024,10,2,10000,1000,1000,0,8000,1/10/2024,2024-10-01,2025-11-09 07:30:19.821879,data/lms_loan_daily.csv,2024-10-01
CUS_0xac7b_2024_03_01,CUS_0xac7b,1/3/2024,10,7,10000,1000,1000,0,3000,1/10/2024,2024-10-01,2025-11-09 07:30:19.821879,data/lms_loan_daily.csv,2024-10-01
CUS_0xac7d_2024_06_01,CUS_0xac7d,1/6/2024,10,4,10000,1000,1000,0,6000,1/10/2024,2024-10-01,2025-11-09 07:30:19.821879,data/lms_loan_daily.csv,2024-10-01
CUS_0xac81_2024_03_01,CUS_0xac81,1/3/2024,10,7,10000,1000,1000,0,3000,1/10/2024,2024-10-01,2025-11-09 07:30:19.821879,data/lms_loan_daily.csv,2024-10-01
CUS_0xac85_2024_08_01,CUS_0xac85,1/8/2024,10,2,10000,1000,2000,0,8000,1/10/2024,2024-10-01,2025-11-09 07:30:19.821879,data/lms_loan_daily.csv,2024-10-01
CUS_0xac8e_2024_09_01,CUS_0xac8e,1/9/2024,10,1,10000,1000,1000,0,9000,1/10/2024,2024-10-01,2025-11-09 07:30:19.821879,data/lms_loan_daily.csv,2024-10-01
CUS_0xac93_2024_01_01,CUS_0xac93,1/1/2024,10,9,10000,1000,0,9000,10000,1/10/2024,2024-10-01,2025-11-09 07:30:19.821879,data/lms_loan_daily.csv,2024-10-01
CUS_0xaca6_2024_03_01,CUS_0xaca6,1/3/2024,10,7,10000,1000,1000,0,3000,1/10/2024,2024-10-01,2025-11-09 07:30:19.821879,data/lms_loan_daily.csv,2024-10-01
CUS_0xacb0_2024_02_01,CUS_0xacb0,1/2/2024,10,8,10000,1000,1000,0,2000,1/10/2024,2024-10-01,2025-11-09 07:30:19.821879,data/lms_loan_daily.csv,2024-10-01
CUS_0xacb2_2023_12_01,CUS_0xacb2,1/12/2023,10,10,10000,1000,0,8000,8000,1/10/2024,2024-10-01,2025-11-09 07:30:19.821879,data/lms_loan_daily.csv,2024-10-01
CUS_0xacb7_2024_09_01,CUS_0xacb7,1/9/2024,10,1,10000,1000,1000,0,9000,1/10/2024,2024-10-01,2025-11-09 07:30:19.821879,data/lms_loan_daily.csv,2024-10-01
CUS_0xacbe_2024_09_01,CUS_0xacbe,1/9/2024,10,1,10000,1000,1000,0,9000,1/10/2024,2024-10-01,2025-11-09 07:30:19.821879,data/lms_loan_daily.csv,2024-10-01
CUS_0xacbf_2024_07_01,CUS_0xacbf,1/7/2024,10,3,10000,1000,1000,0,7000,1/10/2024,2024-10-01,2025-11-09 07:30:19.821879,data/lms_loan_daily.csv,2024-10-01
CUS_0xacca_2024_09_01,CUS_0xacca,1/9/2024,10,1,10000,1000,1000,0,9000,1/10/2024,2024-10-01,2025-11-09 07:30:19.821879,data/lms_loan_daily.csv,2024-10-01
CUS_0xacda_2024_09_01,CUS_0xacda,1/9/2024,10,1,10000,1000,1000,0,9000,1/10/2024,2024-10-01,2025-11-09 07:30:19.821879,data/lms_loan_daily.csv,2024-10-01
CUS_0xace0_2024_09_01,CUS_0xace0,1/9/2024,10,1,10000,1000,1000,0,9000,1/10/2024,2024-10-01,2025-11-09 07:30:19.821879,data/lms_loan_daily.csv,2024-10-01
CUS_0xacec_2023_12_01,CUS_0xacec,1/12/2023,10,10,10000,1000,1000,0,0,1/10/2024,2024-10-01,2025-11-09 07:30:19.821879,data/lms_loan_daily.csv,2024-10-01
CUS_0xacf1_2024_03_01,CUS_0xacf1,1/3/2024,10,7,10000,1000,1000,0,3000,1/10/2024,2024-10-01,2025-11-09 07:30:19.821879,data/lms_loan_daily.csv,2024-10-01
CUS_0xacf7_2024_06_01,CUS_0xacf7,1/6/2024,10,4,10000,1000,1000,0,6000,1/10/2024,2024-10-01,2025-11-09 07:30:19.821879,data/lms_loan_daily.csv,2024-10-01
CUS_0xad02_2024_04_01,CUS_0xad02,1/4/2024,10,6,10000,1000,1000,0,4000,1/10/2024,2024-10-01,2025-11-09 07:30:19.821879,data/lms_loan_daily.csv,2024-10-01
CUS_0xad0b_2024_01_01,CUS_0xad0b,1/1/2024,10,9,10000,1000,1000,0,1000,1/10/2024,2024-10-01,2025-11-09 07:30:19.821879,data/lms_loan_daily.csv,2024-10-01
CUS_0xad0e_2023_12_01,CUS_0xad0e,1/12/2023,10,10,10000,1000,0,8000,8000,1/10/2024,2024-10-01,2025-11-09 07:30:19.821879,data/lms_loan_daily.csv,2024-10-01
CUS_0xad11_2023_12_01,CUS_0xad11,1/12/2023,10,10,10000,1000,1000,0,0,1/10/2024,2024-10-01,2025-11-09 07:30:19.821879,data/lms_loan_daily.csv,2024-10-01
CUS_0xad12_2024_01_01,CUS_0xad12,1/1/2024,10,9,10000,1000,0,6000,7000,1/10/2024,2024-10-01,2025-11-09 07:30:19.821879,data/lms_loan_daily.csv,2024-10-01
CUS_0xad15_2024_04_01,CUS_0xad15,1/4/2024,10,6,10000,1000,0,3000,7000,1/10/2024,2024-10-01,2025-11-09 07:30:19.821879,data/lms_loan_daily.csv,2024-10-01
CUS_0xad18_2024_05_01,CUS_0xad18,1/5/2024,10,5,10000,1000,1000,0,5000,1/10/2024,2024-10-01,2025-11-09 07:30:19.821879,data/lms_loan_daily.csv,2024-10-01
CUS_0xad1b_2024_06_01,CUS_0xad1b,1/6/2024,10,4,10000,1000,1000,0,6000,1/10/2024,2024-10-01,2025-11-09 07:30:19.821879,data/lms_loan_daily.csv,2024-10-01
CUS_0xad1e_2024_01_01,CUS_0xad1e,1/1/2024,10,9,10000,1000,1000,0,1000,1/10/2024,2024-10-01,2025-11-09 07:30:19.821879,data/lms_loan_daily.csv,2024-10-01
CUS_0xad1f_2024_10_01,CUS_0xad1f,1/10/2024,10,0,10000,0,0,0,10000,1/10/2024,2024-10-01,2025-11-09 07:30:19.821879,data/lms_loan_daily.csv,2024-10-01
CUS_0xad2c_2024_06_01,CUS_0xad2c,1/6/2024,10,4,10000,1000,1000,0,6000,1/10/2024,2024-10-01,2025-11-09 07:30:19.821879,data/lms_loan_daily.csv,2024-10-01
CUS_0xad3f_2023_12_01,CUS_0xad3f,1/12/2023,10,10,10000,1000,1000,0,0,1/10/2024,2024-10-01,2025-11-09 07:30:19.821879,data/lms_loan_daily.csv,2024-10-01
CUS_0xad4f_2023_12_01,CUS_0xad4f,1/12/2023,10,10,10000,1000,0,8000,8000,1/10/2024,2024-10-01,2025-11-09 07:30:19.821879,data/lms_loan_daily.csv,2024-10-01
CUS_0xad50_2024_01_01,CUS_0xad50,1/1/2024,10,9,10000,1000,0,6000,7000,1/10/2024,2024-10-01,2025-11-09 07:30:19.821879,data/lms_loan_daily.csv,2024-10-01
CUS_0xad55_2024_02_01,CUS_0xad55,1/2/2024,10,8,10000,1000,0,6000,8000,1/10/2024,2024-10-01,2025-11-09 07:30:19.821879,data/lms_loan_daily.csv,2024-10-01
CUS_0xad5e_2024_02_01,CUS_0xad5e,1/2/2024,10,8,10000,1000,0,6000,8000,1/10/2024,2024-10-01,2025-11-09 07:30:19.821879,data/lms_loan_daily.csv,2024-10-01
CUS_0xad74_2024_07_01,CUS_0xad74,1/7/2024,10,3,10000,1000,1000,0,7000,1/10/2024,2024-10-01,2025-11-09 07:30:19.821879,data/lms_loan_daily.csv,2024-10-01
CUS_0xad75_2024_06_01,CUS_0xad75,1/6/2024,10,4,10000,1000,0,1000,7000,1/10/2024,2024-10-01,2025-11-09 07:30:19.821879,data/lms_loan_daily.csv,2024-10-01
CUS_0xad7d_2024_02_01,CUS_0xad7d,1/2/2024,10,8,10000,1000,1000,0,2000,1/10/2024,2024-10-01,2025-11-09 07:30:19.821879,data/lms_loan_daily.csv,2024-10-01
CUS_0xad97_2023_12_01,CUS_0xad97,1/12/2023,10,10,10000,1000,0,9000,9000,1/10/2024,2024-10-01,2025-11-09 07:30:19.821879,data/lms_loan_daily.csv,2024-10-01
CUS_0xada3_2023_12_01,CUS_0xada3,1/12/2023,10,10,10000,1000,1000,0,0,1/10/2024,2024-10-01,2025-11-09 07:30:19.821879,data/lms_loan_daily.csv,2024-10-01
CUS_0xadab_2024_03_01,CUS_0xadab,1/3/2024,10,7,10000,1000,1000,0,3000,1/10/2024,2024-10-01,2025-11-09 07:30:19.821879,data/lms_loan_daily.csv,2024-10-01
CUS_0xadbe_2024_10_01,CUS_0xadbe,1/10/2024,10,0,10000,0,0,0,10000,1/10/2024,2024-10-01,2025-11-09 07:30:19.821879,data/lms_loan_daily.csv,2024-10-01
CUS_0xadcf_2024_08_01,CUS_0xadcf,1/8/2024,10,2,10000,1000,1000,0,8000,1/10/2024,2024-10-01,2025-11-09 07:30:19.821879,data/lms_loan_daily.csv,2024-10-01
CUS_0xadd5_2024_09_01,CUS_0xadd5,1/9/2024,10,1,10000,1000,1000,0,9000,1/10/2024,2024-10-01,2025-11-09 07:30:19.821879,data/lms_loan_daily.csv,2024-10-01
CUS_0xadd7_2024_03_01,CUS_0xadd7,1/3/2024,10,7,10000,1000,1000,0,3000,1/10/2024,2024-10-01,2025-11-09 07:30:19.821879,data/lms_loan_daily.csv,2024-10-01
CUS_0xadeb_2024_04_01,CUS_0xadeb,1/4/2024,10,6,10000,1000,1000,0,4000,1/10/2024,2024-10-01,2025-11-09 07:30:19.821879,data/lms_loan_daily.csv,2024-10-01
CUS_0xadf0_2024_04_01,CUS_0xadf0,1/4/2024,10,6,10000,1000,1000,0,4000,1/10/2024,2024-10-01,2025-11-09 07:30:19.821879,data/lms_loan_daily.csv,2024-10-01
CUS_0xadf1_2024_07_01,CUS_0xadf1,1/7/2024,10,3,10000,1000,0,1000,8000,1/10/2024,2024-10-01,2025-11-09 07:30:19.821879,data/lms_loan_daily.csv,2024-10-01
CUS_0xadf2_2024_10_01,CUS_0xadf2,1/10/2024,10,0,10000,0,0,0,10000,1/10/2024,2024-10-01,2025-11-09 07:30:19.821879,data/lms_loan_daily.csv,2024-10-01
CUS_0xadf5_2023_12_01,CUS_0xadf5,1/12/2023,10,10,10000,1000,1000,0,0,1/10/2024,2024-10-01,2025-11-09 07:30:19.821879,data/lms_loan_daily.csv,2024-10-01
CUS_0xadf6_2024_05_01,CUS_0xadf6,1/5/2024,10,5,10000,1000,1000,0,5000,1/10/2024,2024-10-01,2025-11-09 07:30:19.821879,data/lms_loan_daily.csv,2024-10-01
CUS_0xadf7_2024_09_01,CUS_0xadf7,1/9/2024,10,1,10000,1000,1000,0,9000,1/10/2024,2024-10-01,2025-11-09 07:30:19.821879,data/lms_loan_daily.csv,2024-10-01
CUS_0xae0_2024_03_01,CUS_0xae0,1/3/2024,10,7,10000,1000,1000,0,3000,1/10/2024,2024-10-01,2025-11-09 07:30:19.821879,data/lms_loan_daily.csv,2024-10-01
CUS_0xae01_2024_04_01,CUS_0xae01,1/4/2024,10,6,10000,1000,1000,0,4000,1/10/2024,2024-10-01,2025-11-09 07:30:19.821879,data/lms_loan_daily.csv,2024-10-01
CUS_0xae02_2024_04_01,CUS_0xae02,1/4/2024,10,6,10000,1000,1000,0,4000,1/10/2024,2024-10-01,2025-11-09 07:30:19.821879,data/lms_loan_daily.csv,2024-10-01
CUS_0xae08_2024_05_01,CUS_0xae08,1/5/2024,10,5,10000,1000,0,4000,9000,1/10/2024,2024-10-01,2025-11-09 07:30:19.821879,data/lms_loan_daily.csv,2024-10-01
CUS_0xae0b_2024_03_01,CUS_0xae0b,1/3/2024,10,7,10000,1000,0,7000,10000,1/10/2024,2024-10-01,2025-11-09 07:30:19.821879,data/lms_loan_daily.csv,2024-10-01
CUS_0xae0e_2024_07_01,CUS_0xae0e,1/7/2024,10,3,10000,1000,1000,0,7000,1/10/2024,2024-10-01,2025-11-09 07:30:19.821879,data/lms_loan_daily.csv,2024-10-01
CUS_0xae14_2024_05_01,CUS_0xae14,1/5/2024,10,5,10000,1000,0,4000,9000,1/10/2024,2024-10-01,2025-11-09 07:30:19.821879,data/lms_loan_daily.csv,2024-10-01
CUS_0xae15_2024_03_01,CUS_0xae15,1/3/2024,10,7,10000,1000,1000,0,3000,1/10/2024,2024-10-01,2025-11-09 07:30:19.821879,data/lms_loan_daily.csv,2024-10-01
CUS_0xae30_2024_04_01,CUS_0xae30,1/4/2024,10,6,10000,1000,0,3000,7000,1/10/2024,2024-10-01,2025-11-09 07:30:19.821879,data/lms_loan_daily.csv,2024-10-01
CUS_0xae36_2024_05_01,CUS_0xae36,1/5/2024,10,5,10000,1000,1000,0,5000,1/10/2024,2024-10-01,2025-11-09 07:30:19.821879,data/lms_loan_daily.csv,2024-10-01
CUS_0xae4_2024_08_01,CUS_0xae4,1/8/2024,10,2,10000,1000,1000,0,8000,1/10/2024,2024-10-01,2025-11-09 07:30:19.821879,data/lms_loan_daily.csv,2024-10-01
CUS_0xae42_2023_12_01,CUS_0xae42,1/12/2023,10,10,10000,1000,1000,0,0,1/10/2024,2024-10-01,2025-11-09 07:30:19.821879,data/lms_loan_daily.csv,2024-10-01
CUS_0xae4b_2024_08_01,CUS_0xae4b,1/8/2024,10,2,10000,1000,1000,0,8000,1/10/2024,2024-10-01,2025-11-09 07:30:19.821879,data/lms_loan_daily.csv,2024-10-01
CUS_0xae4f_2023_12_01,CUS_0xae4f,1/12/2023,10,10,10000,1000,0,8000,8000,1/10/2024,2024-10-01,2025-11-09 07:30:19.821879,data/lms_loan_daily.csv,2024-10-01
CUS_0xae52_2024_02_01,CUS_0xae52,1/2/2024,10,8,10000,1000,0,5000,7000,1/10/2024,2024-10-01,2025-11-09 07:30:19.821879,data/lms_loan_daily.csv,2024-10-01
CUS_0xae57_2024_05_01,CUS_0xae57,1/5/2024,10,5,10000,1000,0,1000,6000,1/10/2024,2024-10-01,2025-11-09 07:30:19.821879,data/lms_loan_daily.csv,2024-10-01
CUS_0xae60_2024_04_01,CUS_0xae60,1/4/2024,10,6,10000,1000,0,2000,6000,1/10/2024,2024-10-01,2025-11-09 07:30:19.821879,data/lms_loan_daily.csv,2024-10-01
CUS_0xae66_2024_09_01,CUS_0xae66,1/9/2024,10,1,10000,1000,1000,0,9000,1/10/2024,2024-10-01,2025-11-09 07:30:19.821879,data/lms_loan_daily.csv,2024-10-01
CUS_0xae92_2024_06_01,CUS_0xae92,1/6/2024,10,4,10000,1000,1000,0,6000,1/10/2024,2024-10-01,2025-11-09 07:30:19.821879,data/lms_loan_daily.csv,2024-10-01
CUS_0xae95_2024_05_01,CUS_0xae95,1/5/2024,10,5,10000,1000,1000,0,5000,1/10/2024,2024-10-01,2025-11-09 07:30:19.821879,data/lms_loan_daily.csv,2024-10-01
CUS_0xae96_2024_08_01,CUS_0xae96,1/8/2024,10,2,10000,1000,1000,0,8000,1/10/2024,2024-10-01,2025-11-09 07:30:19.821879,data/lms_loan_daily.csv,2024-10-01
CUS_0xae98_2024_01_01,CUS_0xae98,1/1/2024,10,9,10000,1000,1000,0,1000,1/10/2024,2024-10-01,2025-11-09 07:30:19.821879,data/lms_loan_daily.csv,2024-10-01
CUS_0xae9b_2024_09_01,CUS_0xae9b,1/9/2024,10,1,10000,1000,1000,0,9000,1/10/2024,2024-10-01,2025-11-09 07:30:19.821879,data/lms_loan_daily.csv,2024-10-01
CUS_0xaea1_2024_09_01,CUS_0xaea1,1/9/2024,10,1,10000,1000,1000,0,9000,1/10/2024,2024-10-01,2025-11-09 07:30:19.821879,data/lms_loan_daily.csv,2024-10-01
CUS_0xaea3_2024_05_01,CUS_0xaea3,1/5/2024,10,5,10000,1000,1000,0,5000,1/10/2024,2024-10-01,2025-11-09 07:30:19.821879,data/lms_loan_daily.csv,2024-10-01
CUS_0xaea6_2024_03_01,CUS_0xaea6,1/3/2024,10,7,10000,1000,0,4000,7000,1/10/2024,2024-10-01,2025-11-09 07:30:19.821879,data/lms_loan_daily.csv,2024-10-01
CUS_0xaea9_2024_03_01,CUS_0xaea9,1/3/2024,10,7,10000,1000,1000,0,3000,1/10/2024,2024-10-01,2025-11-09 07:30:19.821879,data/lms_loan_daily.csv,2024-10-01
CUS_0xaeb1_2024_03_01,CUS_0xaeb1,1/3/2024,10,7,10000,1000,1000,0,3000,1/10/2024,2024-10-01,2025-11-09 07:30:19.821879,data/lms_loan_daily.csv,2024-10-01
CUS_0xaeb2_2024_02_01,CUS_0xaeb2,1/2/2024,10,8,10000,1000,0,5000,7000,1/10/2024,2024-10-01,2025-11-09 07:30:19.821879,data/lms_loan_daily.csv,2024-10-01
CUS_0xaeb5_2024_05_01,CUS_0xaeb5,1/5/2024,10,5,10000,1000,1000,0,5000,1/10/2024,2024-10-01,2025-11-09 07:30:19.821879,data/lms_loan_daily.csv,2024-10-01
CUS_0xaec2_2024_05_01,CUS_0xaec2,1/5/2024,10,5,10000,1000,0,2000,7000,1/10/2024,2024-10-01,2025-11-09 07:30:19.821879,data/lms_loan_daily.csv,2024-10-01
CUS_0xaecd_2024_03_01,CUS_0xaecd,1/3/2024,10,7,10000,1000,1000,0,3000,1/10/2024,2024-10-01,2025-11-09 07:30:19.821879,data/lms_loan_daily.csv,2024-10-01
CUS_0xaed9_2024_05_01,CUS_0xaed9,1/5/2024,10,5,10000,1000,1000,0,5000,1/10/2024,2024-10-01,2025-11-09 07:30:19.821879,data/lms_loan_daily.csv,2024-10-01
CUS_0xaeda_2024_03_01,CUS_0xaeda,1/3/2024,10,7,10000,1000,0,3000,6000,1/10/2024,2024-10-01,2025-11-09 07:30:19.821879,data/lms_loan_daily.csv,2024-10-01
CUS_0xaee3_2024_10_01,CUS_0xaee3,1/10/2024,10,0,10000,0,0,0,10000,1/10/2024,2024-10-01,2025-11-09 07:30:19.821879,data/lms_loan_daily.csv,2024-10-01
CUS_0xaee8_2024_07_01,CUS_0xaee8,1/7/2024,10,3,10000,1000,3000,0,7000,1/10/2024,2024-10-01,2025-11-09 07:30:19.821879,data/lms_loan_daily.csv,2024-10-01
CUS_0xaef2_2024_09_01,CUS_0xaef2,1/9/2024,10,1,10000,1000,1000,0,9000,1/10/2024,2024-10-01,2025-11-09 07:30:19.821879,data/lms_loan_daily.csv,2024-10-01
CUS_0xaef3_2024_08_01,CUS_0xaef3,1/8/2024,10,2,10000,1000,1000,0,8000,1/10/2024,2024-10-01,2025-11-09 07:30:19.821879,data/lms_loan_daily.csv,2024-10-01
CUS_0xaf0d_2024_02_01,CUS_0xaf0d,1/2/2024,10,8,10000,1000,1000,0,2000,1/10/2024,2024-10-01,2025-11-09 07:30:19.821879,data/lms_loan_daily.csv,2024-10-01
CUS_0xaf1e_2024_05_01,CUS_0xaf1e,1/5/2024,10,5,10000,1000,1000,0,5000,1/10/2024,2024-10-01,2025-11-09 07:30:19.821879,data/lms_loan_daily.csv,2024-10-01
CUS_0xaf23_2024_05_01,CUS_0xaf23,1/5/2024,10,5,10000,1000,1000,0,5000,1/10/2024,2024-10-01,2025-11-09 07:30:19.821879,data/lms_loan_daily.csv,2024-10-01
CUS_0xaf2a_2024_05_01,CUS_0xaf2a,1/5/2024,10,5,10000,1000,0,2000,7000,1/10/2024,2024-10-01,2025-11-09 07:30:19.821879,data/lms_loan_daily.csv,2024-10-01
CUS_0xaf2e_2024_06_01,CUS_0xaf2e,1/6/2024,10,4,10000,1000,0,2000,8000,1/10/2024,2024-10-01,2025-11-09 07:30:19.821879,data/lms_loan_daily.csv,2024-10-01
CUS_0xaf39_2024_05_01,CUS_0xaf39,1/5/2024,10,5,10000,1000,1000,0,5000,1/10/2024,2024-10-01,2025-11-09 07:30:19.821879,data/lms_loan_daily.csv,2024-10-01
CUS_0xaf47_2024_10_01,CUS_0xaf47,1/10/2024,10,0,10000,0,0,0,10000,1/10/2024,2024-10-01,2025-11-09 07:30:19.821879,data/lms_loan_daily.csv,2024-10-01
CUS_0xaf49_2024_07_01,CUS_0xaf49,1/7/2024,10,3,10000,1000,1000,0,7000,1/10/2024,2024-10-01,2025-11-09 07:30:19.821879,data/lms_loan_daily.csv,2024-10-01
CUS_0xaf4c_2024_01_01,CUS_0xaf4c,1/1/2024,10,9,10000,1000,1000,0,1000,1/10/2024,2024-10-01,2025-11-09 07:30:19.821879,data/lms_loan_daily.csv,2024-10-01
CUS_0xaf56_2024_08_01,CUS_0xaf56,1/8/2024,10,2,10000,1000,1000,0,8000,1/10/2024,2024-10-01,2025-11-09 07:30:19.821879,data/lms_loan_daily.csv,2024-10-01
CUS_0xaf5c_2024_01_01,CUS_0xaf5c,1/1/2024,10,9,10000,1000,1000,0,1000,1/10/2024,2024-10-01,2025-11-09 07:30:19.821879,data/lms_loan_daily.csv,2024-10-01
CUS_0xaf63_2024_02_01,CUS_0xaf63,1/2/2024,10,8,10000,1000,1000,0,2000,1/10/2024,2024-10-01,2025-11-09 07:30:19.821879,data/lms_loan_daily.csv,2024-10-01
CUS_0xaf6f_2024_07_01,CUS_0xaf6f,1/7/2024,10,3,10000,1000,1000,0,7000,1/10/2024,2024-10-01,2025-11-09 07:30:19.821879,data/lms_loan_daily.csv,2024-10-01
CUS_0xaf78_2024_10_01,CUS_0xaf78,1/10/2024,10,0,10000,0,0,0,10000,1/10/2024,2024-10-01,2025-11-09 07:30:19.821879,data/lms_loan_daily.csv,2024-10-01
CUS_0xaf88_2024_02_01,CUS_0xaf88,1/2/2024,10,8,10000,1000,0,5000,7000,1/10/2024,2024-10-01,2025-11-09 07:30:19.821879,data/lms_loan_daily.csv,2024-10-01
CUS_0xaf8d_2024_01_01,CUS_0xaf8d,1/1/2024,10,9,10000,1000,1000,0,1000,1/10/2024,2024-10-01,2025-11-09 07:30:19.821879,data/lms_loan_daily.csv,2024-10-01
CUS_0xaf93_2024_03_01,CUS_0xaf93,1/3/2024,10,7,10000,1000,0,4000,7000,1/10/2024,2024-10-01,2025-11-09 07:30:19.821879,data/lms_loan_daily.csv,2024-10-01
CUS_0xaf9c_2024_03_01,CUS_0xaf9c,1/3/2024,10,7,10000,1000,0,4000,7000,1/10/2024,2024-10-01,2025-11-09 07:30:19.821879,data/lms_loan_daily.csv,2024-10-01
CUS_0xafa3_2024_04_01,CUS_0xafa3,1/4/2024,10,6,10000,1000,1000,0,4000,1/10/2024,2024-10-01,2025-11-09 07:30:19.821879,data/lms_loan_daily.csv,2024-10-01
CUS_0xafb6_2024_03_01,CUS_0xafb6,1/3/2024,10,7,10000,1000,0,4000,7000,1/10/2024,2024-10-01,2025-11-09 07:30:19.821879,data/lms_loan_daily.csv,2024-10-01
CUS_0xafbb_2024_08_01,CUS_0xafbb,1/8/2024,10,2,10000,1000,1000,0,8000,1/10/2024,2024-10-01,2025-11-09 07:30:19.821879,data/lms_loan_daily.csv,2024-10-01
CUS_0xafe1_2024_07_01,CUS_0xafe1,1/7/2024,10,3,10000,1000,1000,0,7000,1/10/2024,2024-10-01,2025-11-09 07:30:19.821879,data/lms_loan_daily.csv,2024-10-01
CUS_0xafeb_2024_03_01,CUS_0xafeb,1/3/2024,10,7,10000,1000,1000,0,3000,1/10/2024,2024-10-01,2025-11-09 07:30:19.821879,data/lms_loan_daily.csv,2024-10-01
CUS_0xaffc_2024_09_01,CUS_0xaffc,1/9/2024,10,1,10000,1000,0,1000,10000,1/10/2024,2024-10-01,2025-11-09 07:30:19.821879,data/lms_loan_daily.csv,2024-10-01
CUS_0xb00_2024_04_01,CUS_0xb00,1/4/2024,10,6,10000,1000,1000,0,4000,1/10/2024,2024-10-01,2025-11-09 07:30:19.821879,data/lms_loan_daily.csv,2024-10-01
CUS_0xb006_2024_08_01,CUS_0xb006,1/8/2024,10,2,10000,1000,1000,0,8000,1/10/2024,2024-10-01,2025-11-09 07:30:19.821879,data/lms_loan_daily.csv,2024-10-01
CUS_0xb017_2024_05_01,CUS_0xb017,1/5/2024,10,5,10000,1000,1000,0,5000,1/10/2024,2024-10-01,2025-11-09 07:30:19.821879,data/lms_loan_daily.csv,2024-10-01
CUS_0xb019_2024_10_01,CUS_0xb019,1/10/2024,10,0,10000,0,0,0,10000,1/10/2024,2024-10-01,2025-11-09 07:30:19.821879,data/lms_loan_daily.csv,2024-10-01
CUS_0xb01b_2024_09_01,CUS_0xb01b,1/9/2024,10,1,10000,1000,1000,0,9000,1/10/2024,2024-10-01,2025-11-09 07:30:19.821879,data/lms_loan_daily.csv,2024-10-01
CUS_0xb01f_2024_02_01,CUS_0xb01f,1/2/2024,10,8,10000,1000,1000,0,2000,1/10/2024,2024-10-01,2025-11-09 07:30:19.821879,data/lms_loan_daily.csv,2024-10-01
CUS_0xb024_2023_12_01,CUS_0xb024,1/12/2023,10,10,10000,1000,1000,0,0,1/10/2024,2024-10-01,2025-11-09 07:30:19.821879,data/lms_loan_daily.csv,2024-10-01
CUS_0xb033_2024_10_01,CUS_0xb033,1/10/2024,10,0,10000,0,0,0,10000,1/10/2024,2024-10-01,2025-11-09 07:30:19.821879,data/lms_loan_daily.csv,2024-10-01
CUS_0xb035_2024_04_01,CUS_0xb035,1/4/2024,10,6,10000,1000,1000,0,4000,1/10/2024,2024-10-01,2025-11-09 07:30:19.821879,data/lms_loan_daily.csv,2024-10-01
CUS_0xb039_2024_08_01,CUS_0xb039,1/8/2024,10,2,10000,1000,1000,0,8000,1/10/2024,2024-10-01,2025-11-09 07:30:19.821879,data/lms_loan_daily.csv,2024-10-01
CUS_0xb04_2024_05_01,CUS_0xb04,1/5/2024,10,5,10000,1000,0,3000,8000,1/10/2024,2024-10-01,2025-11-09 07:30:19.821879,data/lms_loan_daily.csv,2024-10-01
CUS_0xb04e_2024_08_01,CUS_0xb04e,1/8/2024,10,2,10000,1000,0,2000,10000,1/10/2024,2024-10-01,2025-11-09 07:30:19.821879,data/lms_loan_daily.csv,2024-10-01
CUS_0xb052_2024_06_01,CUS_0xb052,1/6/2024,10,4,10000,1000,1000,0,6000,1/10/2024,2024-10-01,2025-11-09 07:30:19.821879,data/lms_loan_daily.csv,2024-10-01
CUS_0xb057_2024_04_01,CUS_0xb057,1/4/2024,10,6,10000,1000,0,4000,8000,1/10/2024,2024-10-01,2025-11-09 07:30:19.821879,data/lms_loan_daily.csv,2024-10-01
CUS_0xb05b_2024_02_01,CUS_0xb05b,1/2/2024,10,8,10000,1000,1000,0,2000,1/10/2024,2024-10-01,2025-11-09 07:30:19.821879,data/lms_loan_daily.csv,2024-10-01
CUS_0xb060_2024_04_01,CUS_0xb060,1/4/2024,10,6,10000,1000,1000,0,4000,1/10/2024,2024-10-01,2025-11-09 07:30:19.821879,data/lms_loan_daily.csv,2024-10-01
CUS_0xb064_2024_09_01,CUS_0xb064,1/9/2024,10,1,10000,1000,1000,0,9000,1/10/2024,2024-10-01,2025-11-09 07:30:19.821879,data/lms_loan_daily.csv,2024-10-01
CUS_0xb066_2023_12_01,CUS_0xb066,1/12/2023,10,10,10000,1000,1000,0,0,1/10/2024,2024-10-01,2025-11-09 07:30:19.821879,data/lms_loan_daily.csv,2024-10-01
CUS_0xb06d_2024_01_01,CUS_0xb06d,1/1/2024,10,9,10000,1000,0,6000,7000,1/10/2024,2024-10-01,2025-11-09 07:30:19.821879,data/lms_loan_daily.csv,2024-10-01
CUS_0xb06e_2024_07_01,CUS_0xb06e,1/7/2024,10,3,10000,1000,0,2000,9000,1/10/2024,2024-10-01,2025-11-09 07:30:19.821879,data/lms_loan_daily.csv,2024-10-01
CUS_0xb09_2024_04_01,CUS_0xb09,1/4/2024,10,6,10000,1000,1000,0,4000,1/10/2024,2024-10-01,2025-11-09 07:30:19.821879,data/lms_loan_daily.csv,2024-10-01
CUS_0xb0b7_2024_10_01,CUS_0xb0b7,1/10/2024,10,0,10000,0,0,0,10000,1/10/2024,2024-10-01,2025-11-09 07:30:19.821879,data/lms_loan_daily.csv,2024-10-01
CUS_0xb0c1_2024_09_01,CUS_0xb0c1,1/9/2024,10,1,10000,1000,1000,0,9000,1/10/2024,2024-10-01,2025-11-09 07:30:19.821879,data/lms_loan_daily.csv,2024-10-01
CUS_0xb0c9_2024_10_01,CUS_0xb0c9,1/10/2024,10,0,10000,0,0,0,10000,1/10/2024,2024-10-01,2025-11-09 07:30:19.821879,data/lms_loan_daily.csv,2024-10-01
CUS_0xb0ca_2024_02_01,CUS_0xb0ca,1/2/2024,10,8,10000,1000,1000,0,2000,1/10/2024,2024-10-01,2025-11-09 07:30:19.821879,data/lms_loan_daily.csv,2024-10-01
CUS_0xb0ce_2024_06_01,CUS_0xb0ce,1/6/2024,10,4,10000,1000,1000,0,6000,1/10/2024,2024-10-01,2025-11-09 07:30:19.821879,data/lms_loan_daily.csv,2024-10-01
CUS_0xb0f3_2024_09_01,CUS_0xb0f3,1/9/2024,10,1,10000,1000,1000,0,9000,1/10/2024,2024-10-01,2025-11-09 07:30:19.821879,data/lms_loan_daily.csv,2024-10-01
CUS_0xb0f5_2024_07_01,CUS_0xb0f5,1/7/2024,10,3,10000,1000,1000,0,7000,1/10/2024,2024-10-01,2025-11-09 07:30:19.821879,data/lms_loan_daily.csv,2024-10-01
CUS_0xb0f6_2024_10_01,CUS_0xb0f6,1/10/2024,10,0,10000,0,0,0,10000,1/10/2024,2024-10-01,2025-11-09 07:30:19.821879,data/lms_loan_daily.csv,2024-10-01
CUS_0xb0f7_2024_05_01,CUS_0xb0f7,1/5/2024,10,5,10000,1000,1000,0,5000,1/10/2024,2024-10-01,2025-11-09 07:30:19.821879,data/lms_loan_daily.csv,2024-10-01
CUS_0xb0fd_2024_02_01,CUS_0xb0fd,1/2/2024,10,8,10000,1000,0,6000,8000,1/10/2024,2024-10-01,2025-11-09 07:30:19.821879,data/lms_loan_daily.csv,2024-10-01
CUS_0xb107_2024_02_01,CUS_0xb107,1/2/2024,10,8,10000,1000,1000,0,2000,1/10/2024,2024-10-01,2025-11-09 07:30:19.821879,data/lms_loan_daily.csv,2024-10-01
CUS_0xb108_2024_05_01,CUS_0xb108,1/5/2024,10,5,10000,1000,0,2000,7000,1/10/2024,2024-10-01,2025-11-09 07:30:19.821879,data/lms_loan_daily.csv,2024-10-01
CUS_0xb12_2024_08_01,CUS_0xb12,1/8/2024,10,2,10000,1000,1000,0,8000,1/10/2024,2024-10-01,2025-11-09 07:30:19.821879,data/lms_loan_daily.csv,2024-10-01
CUS_0xb123_2024_01_01,CUS_0xb123,1/1/2024,10,9,10000,1000,1000,0,1000,1/10/2024,2024-10-01,2025-11-09 07:30:19.821879,data/lms_loan_daily.csv,2024-10-01
CUS_0xb125_2024_08_01,CUS_0xb125,1/8/2024,10,2,10000,1000,1000,0,8000,1/10/2024,2024-10-01,2025-11-09 07:30:19.821879,data/lms_loan_daily.csv,2024-10-01
CUS_0xb138_2024_05_01,CUS_0xb138,1/5/2024,10,5,10000,1000,1000,0,5000,1/10/2024,2024-10-01,2025-11-09 07:30:19.821879,data/lms_loan_daily.csv,2024-10-01
CUS_0xb13b_2024_05_01,CUS_0xb13b,1/5/2024,10,5,10000,1000,1000,0,5000,1/10/2024,2024-10-01,2025-11-09 07:30:19.821879,data/lms_loan_daily.csv,2024-10-01
CUS_0xb13d_2024_01_01,CUS_0xb13d,1/1/2024,10,9,10000,1000,1000,0,1000,1/10/2024,2024-10-01,2025-11-09 07:30:19.821879,data/lms_loan_daily.csv,2024-10-01
CUS_0xb14_2024_02_01,CUS_0xb14,1/2/2024,10,8,10000,1000,0,4000,6000,1/10/2024,2024-10-01,2025-11-09 07:30:19.821879,data/lms_loan_daily.csv,2024-10-01
CUS_0xb14a_2024_07_01,CUS_0xb14a,1/7/2024,10,3,10000,1000,0,1000,8000,1/10/2024,2024-10-01,2025-11-09 07:30:19.821879,data/lms_loan_daily.csv,2024-10-01
CUS_0xb14d_2023_12_01,CUS_0xb14d,1/12/2023,10,10,10000,1000,1000,0,0,1/10/2024,2024-10-01,2025-11-09 07:30:19.821879,data/lms_loan_daily.csv,2024-10-01
CUS_0xb14f_2024_06_01,CUS_0xb14f,1/6/2024,10,4,10000,1000,1000,0,6000,1/10/2024,2024-10-01,2025-11-09 07:30:19.821879,data/lms_loan_daily.csv,2024-10-01
CUS_0xb152_2024_01_01,CUS_0xb152,1/1/2024,10,9,10000,1000,1000,0,1000,1/10/2024,2024-10-01,2025-11-09 07:30:19.821879,data/lms_loan_daily.csv,2024-10-01
CUS_0xb15d_2024_06_01,CUS_0xb15d,1/6/2024,10,4,10000,1000,1000,0,6000,1/10/2024,2024-10-01,2025-11-09 07:30:19.821879,data/lms_loan_daily.csv,2024-10-01
CUS_0xb15e_2023_12_01,CUS_0xb15e,1/12/2023,10,10,10000,1000,1000,0,0,1/10/2024,2024-10-01,2025-11-09 07:30:19.821879,data/lms_loan_daily.csv,2024-10-01
CUS_0xb16_2024_01_01,CUS_0xb16,1/1/2024,10,9,10000,1000,1000,0,1000,1/10/2024,2024-10-01,2025-11-09 07:30:19.821879,data/lms_loan_daily.csv,2024-10-01
CUS_0xb160_2023_12_01,CUS_0xb160,1/12/2023,10,10,10000,1000,1000,0,0,1/10/2024,2024-10-01,2025-11-09 07:30:19.821879,data/lms_loan_daily.csv,2024-10-01
CUS_0xb171_2024_01_01,CUS_0xb171,1/1/2024,10,9,10000,1000,1000,0,1000,1/10/2024,2024-10-01,2025-11-09 07:30:19.821879,data/lms_loan_daily.csv,2024-10-01
CUS_0xb172_2024_03_01,CUS_0xb172,1/3/2024,10,7,10000,1000,1000,0,3000,1/10/2024,2024-10-01,2025-11-09 07:30:19.821879,data/lms_loan_daily.csv,2024-10-01
CUS_0xb17b_2024_09_01,CUS_0xb17b,1/9/2024,10,1,10000,1000,1000,0,9000,1/10/2024,2024-10-01,2025-11-09 07:30:19.821879,data/lms_loan_daily.csv,2024-10-01
CUS_0xb182_2024_05_01,CUS_0xb182,1/5/2024,10,5,10000,1000,1000,0,5000,1/10/2024,2024-10-01,2025-11-09 07:30:19.821879,data/lms_loan_daily.csv,2024-10-01
CUS_0xb189_2024_05_01,CUS_0xb189,1/5/2024,10,5,10000,1000,0,3000,8000,1/10/2024,2024-10-01,2025-11-09 07:30:19.821879,data/lms_loan_daily.csv,2024-10-01
CUS_0xb191_2024_07_01,CUS_0xb191,1/7/2024,10,3,10000,1000,1000,0,7000,1/10/2024,2024-10-01,2025-11-09 07:30:19.821879,data/lms_loan_daily.csv,2024-10-01
CUS_0xb19f_2024_05_01,CUS_0xb19f,1/5/2024,10,5,10000,1000,1000,0,5000,1/10/2024,2024-10-01,2025-11-09 07:30:19.821879,data/lms_loan_daily.csv,2024-10-01
CUS_0xb1a3_2024_08_01,CUS_0xb1a3,1/8/2024,10,2,10000,1000,2000,0,8000,1/10/2024,2024-10-01,2025-11-09 07:30:19.821879,data/lms_loan_daily.csv,2024-10-01
CUS_0xb1c2_2023_12_01,CUS_0xb1c2,1/12/2023,10,10,10000,1000,0,10000,10000,1/10/2024,2024-10-01,2025-11-09 07:30:19.821879,data/lms_loan_daily.csv,2024-10-01
CUS_0xb1c4_2024_06_01,CUS_0xb1c4,1/6/2024,10,4,10000,1000,1000,0,6000,1/10/2024,2024-10-01,2025-11-09 07:30:19.821879,data/lms_loan_daily.csv,2024-10-01
CUS_0xb1cc_2024_03_01,CUS_0xb1cc,1/3/2024,10,7,10000,1000,1000,0,3000,1/10/2024,2024-10-01,2025-11-09 07:30:19.821879,data/lms_loan_daily.csv,2024-10-01
CUS_0xb1cd_2024_04_01,CUS_0xb1cd,1/4/2024,10,6,10000,1000,1000,0,4000,1/10/2024,2024-10-01,2025-11-09 07:30:19.821879,data/lms_loan_daily.csv,2024-10-01
CUS_0xb1d8_2024_04_01,CUS_0xb1d8,1/4/2024,10,6,10000,1000,1000,0,4000,1/10/2024,2024-10-01,2025-11-09 07:30:19.821879,data/lms_loan_daily.csv,2024-10-01
CUS_0xb1dc_2024_05_01,CUS_0xb1dc,1/5/2024,10,5,10000,1000,1000,0,5000,1/10/2024,2024-10-01,2025-11-09 07:30:19.821879,data/lms_loan_daily.csv,2024-10-01
CUS_0xb1e1_2024_01_01,CUS_0xb1e1,1/1/2024,10,9,10000,1000,0,6000,7000,1/10/2024,2024-10-01,2025-11-09 07:30:19.821879,data/lms_loan_daily.csv,2024-10-01
CUS_0xb1e7_2023_12_01,CUS_0xb1e7,1/12/2023,10,10,10000,1000,0,7000,7000,1/10/2024,2024-10-01,2025-11-09 07:30:19.821879,data/lms_loan_daily.csv,2024-10-01
CUS_0xb1f8_2024_02_01,CUS_0xb1f8,1/2/2024,10,8,10000,1000,1000,0,2000,1/10/2024,2024-10-01,2025-11-09 07:30:19.821879,data/lms_loan_daily.csv,2024-10-01
CUS_0xb209_2024_10_01,CUS_0xb209,1/10/2024,10,0,10000,0,0,0,10000,1/10/2024,2024-10-01,2025-11-09 07:30:19.821879,data/lms_loan_daily.csv,2024-10-01
CUS_0xb218_2024_01_01,CUS_0xb218,1/1/2024,10,9,10000,1000,0,6000,7000,1/10/2024,2024-10-01,2025-11-09 07:30:19.821879,data/lms_loan_daily.csv,2024-10-01
CUS_0xb222_2024_03_01,CUS_0xb222,1/3/2024,10,7,10000,1000,0,4000,7000,1/10/2024,2024-10-01,2025-11-09 07:30:19.821879,data/lms_loan_daily.csv,2024-10-01
CUS_0xb226_2024_01_01,CUS_0xb226,1/1/2024,10,9,10000,1000,0,6000,7000,1/10/2024,2024-10-01,2025-11-09 07:30:19.821879,data/lms_loan_daily.csv,2024-10-01
CUS_0xb227_2024_01_01,CUS_0xb227,1/1/2024,10,9,10000,1000,1000,0,1000,1/10/2024,2024-10-01,2025-11-09 07:30:19.821879,data/lms_loan_daily.csv,2024-10-01
CUS_0xb23c_2024_03_01,CUS_0xb23c,1/3/2024,10,7,10000,1000,1000,0,3000,1/10/2024,2024-10-01,2025-11-09 07:30:19.821879,data/lms_loan_daily.csv,2024-10-01
CUS_0xb25a_2024_02_01,CUS_0xb25a,1/2/2024,10,8,10000,1000,0,5000,7000,1/10/2024,2024-10-01,2025-11-09 07:30:19.821879,data/lms_loan_daily.csv,2024-10-01
CUS_0xb26_2024_03_01,CUS_0xb26,1/3/2024,10,7,10000,1000,1000,0,3000,1/10/2024,2024-10-01,2025-11-09 07:30:19.821879,data/lms_loan_daily.csv,2024-10-01
CUS_0xb271_2024_08_01,CUS_0xb271,1/8/2024,10,2,10000,1000,1000,0,8000,1/10/2024,2024-10-01,2025-11-09 07:30:19.821879,data/lms_loan_daily.csv,2024-10-01
CUS_0xb276_2024_05_01,CUS_0xb276,1/5/2024,10,5,10000,1000,1000,0,5000,1/10/2024,2024-10-01,2025-11-09 07:30:19.821879,data/lms_loan_daily.csv,2024-10-01
CUS_0xb27a_2024_05_01,CUS_0xb27a,1/5/2024,10,5,10000,1000,0,1000,6000,1/10/2024,2024-10-01,2025-11-09 07:30:19.821879,data/lms_loan_daily.csv,2024-10-01
CUS_0xb288_2024_03_01,CUS_0xb288,1/3/2024,10,7,10000,1000,1000,0,3000,1/10/2024,2024-10-01,2025-11-09 07:30:19.821879,data/lms_loan_daily.csv,2024-10-01
CUS_0xb298_2024_05_01,CUS_0xb298,1/5/2024,10,5,10000,1000,1000,0,5000,1/10/2024,2024-10-01,2025-11-09 07:30:19.821879,data/lms_loan_daily.csv,2024-10-01
CUS_0xb2a4_2024_03_01,CUS_0xb2a4,1/3/2024,10,7,10000,1000,1000,0,3000,1/10/2024,2024-10-01,2025-11-09 07:30:19.821879,data/lms_loan_daily.csv,2024-10-01
CUS_0xb2b6_2024_07_01,CUS_0xb2b6,1/7/2024,10,3,10000,1000,0,1000,8000,1/10/2024,2024-10-01,2025-11-09 07:30:19.821879,data/lms_loan_daily.csv,2024-10-01
CUS_0xb2ba_2024_08_01,CUS_0xb2ba,1/8/2024,10,2,10000,1000,1000,0,8000,1/10/2024,2024-10-01,2025-11-09 07:30:19.821879,data/lms_loan_daily.csv,2024-10-01
CUS_0xb2bd_2024_05_01,CUS_0xb2bd,1/5/2024,10,5,10000,1000,1000,0,5000,1/10/2024,2024-10-01,2025-11-09 07:30:19.821879,data/lms_loan_daily.csv,2024-10-01
CUS_0xb2c0_2024_09_01,CUS_0xb2c0,1/9/2024,10,1,10000,1000,1000,0,9000,1/10/2024,2024-10-01,2025-11-09 07:30:19.821879,data/lms_loan_daily.csv,2024-10-01
CUS_0xb2c8_2024_08_01,CUS_0xb2c8,1/8/2024,10,2,10000,1000,0,1000,9000,1/10/2024,2024-10-01,2025-11-09 07:30:19.821879,data/lms_loan_daily.csv,2024-10-01
CUS_0xb2cc_2024_05_01,CUS_0xb2cc,1/5/2024,10,5,10000,1000,0,3000,8000,1/10/2024,2024-10-01,2025-11-09 07:30:19.821879,data/lms_loan_daily.csv,2024-10-01
CUS_0xb2d2_2023_12_01,CUS_0xb2d2,1/12/2023,10,10,10000,1000,0,7000,7000,1/10/2024,2024-10-01,2025-11-09 07:30:19.821879,data/lms_loan_daily.csv,2024-10-01
CUS_0xb2d5_2024_02_01,CUS_0xb2d5,1/2/2024,10,8,10000,1000,1000,0,2000,1/10/2024,2024-10-01,2025-11-09 07:30:19.821879,data/lms_loan_daily.csv,2024-10-01
CUS_0xb2e_2024_06_01,CUS_0xb2e,1/6/2024,10,4,10000,1000,3000,0,6000,1/10/2024,2024-10-01,2025-11-09 07:30:19.821879,data/lms_loan_daily.csv,2024-10-01
CUS_0xb2f7_2024_03_01,CUS_0xb2f7,1/3/2024,10,7,10000,1000,1000,0,3000,1/10/2024,2024-10-01,2025-11-09 07:30:19.821879,data/lms_loan_daily.csv,2024-10-01
CUS_0xb303_2024_02_01,CUS_0xb303,1/2/2024,10,8,10000,1000,0,5000,7000,1/10/2024,2024-10-01,2025-11-09 07:30:19.821879,data/lms_loan_daily.csv,2024-10-01
CUS_0xb304_2024_06_01,CUS_0xb304,1/6/2024,10,4,10000,1000,1000,0,6000,1/10/2024,2024-10-01,2025-11-09 07:30:19.821879,data/lms_loan_daily.csv,2024-10-01
CUS_0xb312_2024_01_01,CUS_0xb312,1/1/2024,10,9,10000,1000,0,6000,7000,1/10/2024,2024-10-01,2025-11-09 07:30:19.821879,data/lms_loan_daily.csv,2024-10-01
CUS_0xb319_2024_09_01,CUS_0xb319,1/9/2024,10,1,10000,1000,1000,0,9000,1/10/2024,2024-10-01,2025-11-09 07:30:19.821879,data/lms_loan_daily.csv,2024-10-01
CUS_0xb32e_2024_10_01,CUS_0xb32e,1/10/2024,10,0,10000,0,0,0,10000,1/10/2024,2024-10-01,2025-11-09 07:30:19.821879,data/lms_loan_daily.csv,2024-10-01
CUS_0xb337_2024_09_01,CUS_0xb337,1/9/2024,10,1,10000,1000,1000,0,9000,1/10/2024,2024-10-01,2025-11-09 07:30:19.821879,data/lms_loan_daily.csv,2024-10-01
CUS_0xb340_2024_06_01,CUS_0xb340,1/6/2024,10,4,10000,1000,1000,0,6000,1/10/2024,2024-10-01,2025-11-09 07:30:19.821879,data/lms_loan_daily.csv,2024-10-01
CUS_0xb350_2024_09_01,CUS_0xb350,1/9/2024,10,1,10000,1000,1000,0,9000,1/10/2024,2024-10-01,2025-11-09 07:30:19.821879,data/lms_loan_daily.csv,2024-10-01
CUS_0xb367_2024_04_01,CUS_0xb367,1/4/2024,10,6,10000,1000,1000,0,4000,1/10/2024,2024-10-01,2025-11-09 07:30:19.821879,data/lms_loan_daily.csv,2024-10-01
CUS_0xb369_2024_07_01,CUS_0xb369,1/7/2024,10,3,10000,1000,1000,0,7000,1/10/2024,2024-10-01,2025-11-09 07:30:19.821879,data/lms_loan_daily.csv,2024-10-01
CUS_0xb36c_2024_05_01,CUS_0xb36c,1/5/2024,10,5,10000,1000,0,1000,6000,1/10/2024,2024-10-01,2025-11-09 07:30:19.821879,data/lms_loan_daily.csv,2024-10-01
CUS_0xb37a_2024_03_01,CUS_0xb37a,1/3/2024,10,7,10000,1000,0,4000,7000,1/10/2024,2024-10-01,2025-11-09 07:30:19.821879,data/lms_loan_daily.csv,2024-10-01
CUS_0xb37c_2024_08_01,CUS_0xb37c,1/8/2024,10,2,10000,1000,1000,0,8000,1/10/2024,2024-10-01,2025-11-09 07:30:19.821879,data/lms_loan_daily.csv,2024-10-01
CUS_0xb385_2024_07_01,CUS_0xb385,1/7/2024,10,3,10000,1000,0,2000,9000,1/10/2024,2024-10-01,2025-11-09 07:30:19.821879,data/lms_loan_daily.csv,2024-10-01
CUS_0xb38a_2024_08_01,CUS_0xb38a,1/8/2024,10,2,10000,1000,1000,0,8000,1/10/2024,2024-10-01,2025-11-09 07:30:19.821879,data/lms_loan_daily.csv,2024-10-01
CUS_0xb38d_2024_04_01,CUS_0xb38d,1/4/2024,10,6,10000,1000,0,5000,9000,1/10/2024,2024-10-01,2025-11-09 07:30:19.821879,data/lms_loan_daily.csv,2024-10-01
CUS_0xb397_2024_07_01,CUS_0xb397,1/7/2024,10,3,10000,1000,1000,0,7000,1/10/2024,2024-10-01,2025-11-09 07:30:19.821879,data/lms_loan_daily.csv,2024-10-01
CUS_0xb39f_2024_06_01,CUS_0xb39f,1/6/2024,10,4,10000,1000,0,1000,7000,1/10/2024,2024-10-01,2025-11-09 07:30:19.821879,data/lms_loan_daily.csv,2024-10-01
CUS_0xb3ac_2024_04_01,CUS_0xb3ac,1/4/2024,10,6,10000,1000,0,3000,7000,1/10/2024,2024-10-01,2025-11-09 07:30:19.821879,data/lms_loan_daily.csv,2024-10-01
CUS_0xb3b3_2024_03_01,CUS_0xb3b3,1/3/2024,10,7,10000,1000,1000,0,3000,1/10/2024,2024-10-01,2025-11-09 07:30:19.821879,data/lms_loan_daily.csv,2024-10-01
CUS_0xb3c2_2024_01_01,CUS_0xb3c2,1/1/2024,10,9,10000,1000,1000,0,1000,1/10/2024,2024-10-01,2025-11-09 07:30:19.821879,data/lms_loan_daily.csv,2024-10-01
CUS_0xb3c4_2024_05_01,CUS_0xb3c4,1/5/2024,10,5,10000,1000,1000,0,5000,1/10/2024,2024-10-01,2025-11-09 07:30:19.821879,data/lms_loan_daily.csv,2024-10-01
CUS_0xb3cd_2024_04_01,CUS_0xb3cd,1/4/2024,10,6,10000,1000,0,3000,7000,1/10/2024,2024-10-01,2025-11-09 07:30:19.821879,data/lms_loan_daily.csv,2024-10-01
CUS_0xb3e_2024_10_01,CUS_0xb3e,1/10/2024,10,0,10000,0,0,0,10000,1/10/2024,2024-10-01,2025-11-09 07:30:19.821879,data/lms_loan_daily.csv,2024-10-01
CUS_0xb3e3_2024_08_01,CUS_0xb3e3,1/8/2024,10,2,10000,1000,1000,0,8000,1/10/2024,2024-10-01,2025-11-09 07:30:19.821879,data/lms_loan_daily.csv,2024-10-01
CUS_0xb3f2_2023_12_01,CUS_0xb3f2,1/12/2023,10,10,10000,1000,1000,0,0,1/10/2024,2024-10-01,2025-11-09 07:30:19.821879,data/lms_loan_daily.csv,2024-10-01
CUS_0xb3fe_2024_07_01,CUS_0xb3fe,1/7/2024,10,3,10000,1000,1000,0,7000,1/10/2024,2024-10-01,2025-11-09 07:30:19.821879,data/lms_loan_daily.csv,2024-10-01
CUS_0xb40_2024_04_01,CUS_0xb40,1/4/2024,10,6,10000,1000,1000,0,4000,1/10/2024,2024-10-01,2025-11-09 07:30:19.821879,data/lms_loan_daily.csv,2024-10-01
CUS_0xb407_2024_01_01,CUS_0xb407,1/1/2024,10,9,10000,1000,0,6000,7000,1/10/2024,2024-10-01,2025-11-09 07:30:19.821879,data/lms_loan_daily.csv,2024-10-01
CUS_0xb40d_2024_03_01,CUS_0xb40d,1/3/2024,10,7,10000,1000,1000,0,3000,1/10/2024,2024-10-01,2025-11-09 07:30:19.821879,data/lms_loan_daily.csv,2024-10-01
CUS_0xb41b_2024_08_01,CUS_0xb41b,1/8/2024,10,2,10000,1000,1000,0,8000,1/10/2024,2024-10-01,2025-11-09 07:30:19.821879,data/lms_loan_daily.csv,2024-10-01
CUS_0xb426_2024_03_01,CUS_0xb426,1/3/2024,10,7,10000,1000,0,4000,7000,1/10/2024,2024-10-01,2025-11-09 07:30:19.821879,data/lms_loan_daily.csv,2024-10-01
CUS_0xb43_2024_07_01,CUS_0xb43,1/7/2024,10,3,10000,1000,1000,0,7000,1/10/2024,2024-10-01,2025-11-09 07:30:19.821879,data/lms_loan_daily.csv,2024-10-01
CUS_0xb432_2024_05_01,CUS_0xb432,1/5/2024,10,5,10000,1000,1000,0,5000,1/10/2024,2024-10-01,2025-11-09 07:30:19.821879,data/lms_loan_daily.csv,2024-10-01
CUS_0xb436_2024_02_01,CUS_0xb436,1/2/2024,10,8,10000,1000,0,4000,6000,1/10/2024,2024-10-01,2025-11-09 07:30:19.821879,data/lms_loan_daily.csv,2024-10-01
CUS_0xb448_2024_08_01,CUS_0xb448,1/8/2024,10,2,10000,1000,0,2000,10000,1/10/2024,2024-10-01,2025-11-09 07:30:19.821879,data/lms_loan_daily.csv,2024-10-01
CUS_0xb44c_2024_08_01,CUS_0xb44c,1/8/2024,10,2,10000,1000,1000,0,8000,1/10/2024,2024-10-01,2025-11-09 07:30:19.821879,data/lms_loan_daily.csv,2024-10-01
CUS_0xb451_2024_05_01,CUS_0xb451,1/5/2024,10,5,10000,1000,0,1000,6000,1/10/2024,2024-10-01,2025-11-09 07:30:19.821879,data/lms_loan_daily.csv,2024-10-01
CUS_0xb453_2024_10_01,CUS_0xb453,1/10/2024,10,0,10000,0,0,0,10000,1/10/2024,2024-10-01,2025-11-09 07:30:19.821879,data/lms_loan_daily.csv,2024-10-01
CUS_0xb460_2023_12_01,CUS_0xb460,1/12/2023,10,10,10000,1000,1000,0,0,1/10/2024,2024-10-01,2025-11-09 07:30:19.821879,data/lms_loan_daily.csv,2024-10-01
CUS_0xb464_2024_04_01,CUS_0xb464,1/4/2024,10,6,10000,1000,1000,0,4000,1/10/2024,2024-10-01,2025-11-09 07:30:19.821879,data/lms_loan_daily.csv,2024-10-01
CUS_0xb46a_2024_04_01,CUS_0xb46a,1/4/2024,10,6,10000,1000,0,4000,8000,1/10/2024,2024-10-01,2025-11-09 07:30:19.821879,data/lms_loan_daily.csv,2024-10-01
CUS_0xb46e_2024_06_01,CUS_0xb46e,1/6/2024,10,4,10000,1000,1000,0,6000,1/10/2024,2024-10-01,2025-11-09 07:30:19.821879,data/lms_loan_daily.csv,2024-10-01
CUS_0xb46f_2024_05_01,CUS_0xb46f,1/5/2024,10,5,10000,1000,1000,0,5000,1/10/2024,2024-10-01,2025-11-09 07:30:19.821879,data/lms_loan_daily.csv,2024-10-01
CUS_0xb481_2024_03_01,CUS_0xb481,1/3/2024,10,7,10000,1000,1000,0,3000,1/10/2024,2024-10-01,2025-11-09 07:30:19.821879,data/lms_loan_daily.csv,2024-10-01
CUS_0xb48d_2024_01_01,CUS_0xb48d,1/1/2024,10,9,10000,1000,1000,0,1000,1/10/2024,2024-10-01,2025-11-09 07:30:19.821879,data/lms_loan_daily.csv,2024-10-01
CUS_0xb490_2024_08_01,CUS_0xb490,1/8/2024,10,2,10000,1000,1000,0,8000,1/10/2024,2024-10-01,2025-11-09 07:30:19.821879,data/lms_loan_daily.csv,2024-10-01
CUS_0xb498_2024_03_01,CUS_0xb498,1/3/2024,10,7,10000,1000,0,5000,8000,1/10/2024,2024-10-01,2025-11-09 07:30:19.821879,data/lms_loan_daily.csv,2024-10-01
CUS_0xb49f_2024_04_01,CUS_0xb49f,1/4/2024,10,6,10000,1000,0,6000,10000,1/10/2024,2024-10-01,2025-11-09 07:30:19.821879,data/lms_loan_daily.csv,2024-10-01
CUS_0xb4a_2024_04_01,CUS_0xb4a,1/4/2024,10,6,10000,1000,1000,0,4000,1/10/2024,2024-10-01,2025-11-09 07:30:19.821879,data/lms_loan_daily.csv,2024-10-01
CUS_0xb4a1_2024_09_01,CUS_0xb4a1,1/9/2024,10,1,10000,1000,1000,0,9000,1/10/2024,2024-10-01,2025-11-09 07:30:19.821879,data/lms_loan_daily.csv,2024-10-01
CUS_0xb4ab_2024_09_01,CUS_0xb4ab,1/9/2024,10,1,10000,1000,1000,0,9000,1/10/2024,2024-10-01,2025-11-09 07:30:19.821879,data/lms_loan_daily.csv,2024-10-01
CUS_0xb4b7_2024_02_01,CUS_0xb4b7,1/2/2024,10,8,10000,1000,0,6000,8000,1/10/2024,2024-10-01,2025-11-09 07:30:19.821879,data/lms_loan_daily.csv,2024-10-01
CUS_0xb4be_2024_03_01,CUS_0xb4be,1/3/2024,10,7,10000,1000,1000,0,3000,1/10/2024,2024-10-01,2025-11-09 07:30:19.821879,data/lms_loan_daily.csv,2024-10-01
CUS_0xb4c2_2024_06_01,CUS_0xb4c2,1/6/2024,10,4,10000,1000,0,1000,7000,1/10/2024,2024-10-01,2025-11-09 07:30:19.821879,data/lms_loan_daily.csv,2024-10-01
CUS_0xb4ee_2024_02_01,CUS_0xb4ee,1/2/2024,10,8,10000,1000,0,4000,6000,1/10/2024,2024-10-01,2025-11-09 07:30:19.821879,data/lms_loan_daily.csv,2024-10-01
CUS_0xb4f_2024_02_01,CUS_0xb4f,1/2/2024,10,8,10000,1000,1000,0,2000,1/10/2024,2024-10-01,2025-11-09 07:30:19.821879,data/lms_loan_daily.csv,2024-10-01
CUS_0xb50f_2024_10_01,CUS_0xb50f,1/10/2024,10,0,10000,0,0,0,10000,1/10/2024,2024-10-01,2025-11-09 07:30:19.821879,data/lms_loan_daily.csv,2024-10-01
CUS_0xb513_2024_03_01,CUS_0xb513,1/3/2024,10,7,10000,1000,1000,0,3000,1/10/2024,2024-10-01,2025-11-09 07:30:19.821879,data/lms_loan_daily.csv,2024-10-01
CUS_0xb515_2024_10_01,CUS_0xb515,1/10/2024,10,0,10000,0,0,0,10000,1/10/2024,2024-10-01,2025-11-09 07:30:19.821879,data/lms_loan_daily.csv,2024-10-01
CUS_0xb518_2024_09_01,CUS_0xb518,1/9/2024,10,1,10000,1000,1000,0,9000,1/10/2024,2024-10-01,2025-11-09 07:30:19.821879,data/lms_loan_daily.csv,2024-10-01
CUS_0xb51d_2024_03_01,CUS_0xb51d,1/3/2024,10,7,10000,1000,1000,0,3000,1/10/2024,2024-10-01,2025-11-09 07:30:19.821879,data/lms_loan_daily.csv,2024-10-01
CUS_0xb52b_2024_05_01,CUS_0xb52b,1/5/2024,10,5,10000,1000,1000,0,5000,1/10/2024,2024-10-01,2025-11-09 07:30:19.821879,data/lms_loan_daily.csv,2024-10-01
CUS_0xb52d_2024_08_01,CUS_0xb52d,1/8/2024,10,2,10000,1000,0,1000,9000,1/10/2024,2024-10-01,2025-11-09 07:30:19.821879,data/lms_loan_daily.csv,2024-10-01
CUS_0xb53_2024_04_01,CUS_0xb53,1/4/2024,10,6,10000,1000,1000,0,4000,1/10/2024,2024-10-01,2025-11-09 07:30:19.821879,data/lms_loan_daily.csv,2024-10-01
CUS_0xb53d_2024_02_01,CUS_0xb53d,1/2/2024,10,8,10000,1000,1000,0,2000,1/10/2024,2024-10-01,2025-11-09 07:30:19.821879,data/lms_loan_daily.csv,2024-10-01
CUS_0xb53e_2024_02_01,CUS_0xb53e,1/2/2024,10,8,10000,1000,1000,0,2000,1/10/2024,2024-10-01,2025-11-09 07:30:19.821879,data/lms_loan_daily.csv,2024-10-01
CUS_0xb556_2024_01_01,CUS_0xb556,1/1/2024,10,9,10000,1000,1000,0,1000,1/10/2024,2024-10-01,2025-11-09 07:30:19.821879,data/lms_loan_daily.csv,2024-10-01
CUS_0xb563_2024_09_01,CUS_0xb563,1/9/2024,10,1,10000,1000,1000,0,9000,1/10/2024,2024-10-01,2025-11-09 07:30:19.821879,data/lms_loan_daily.csv,2024-10-01
CUS_0xb56b_2024_02_01,CUS_0xb56b,1/2/2024,10,8,10000,1000,1000,0,2000,1/10/2024,2024-10-01,2025-11-09 07:30:19.821879,data/lms_loan_daily.csv,2024-10-01
CUS_0xb56c_2024_09_01,CUS_0xb56c,1/9/2024,10,1,10000,1000,1000,0,9000,1/10/2024,2024-10-01,2025-11-09 07:30:19.821879,data/lms_loan_daily.csv,2024-10-01
CUS_0xb57b_2024_04_01,CUS_0xb57b,1/4/2024,10,6,10000,1000,1000,0,4000,1/10/2024,2024-10-01,2025-11-09 07:30:19.821879,data/lms_loan_daily.csv,2024-10-01
CUS_0xb585_2024_05_01,CUS_0xb585,1/5/2024,10,5,10000,1000,0,4000,9000,1/10/2024,2024-10-01,2025-11-09 07:30:19.821879,data/lms_loan_daily.csv,2024-10-01
CUS_0xb591_2024_06_01,CUS_0xb591,1/6/2024,10,4,10000,1000,1000,0,6000,1/10/2024,2024-10-01,2025-11-09 07:30:19.821879,data/lms_loan_daily.csv,2024-10-01
CUS_0xb594_2024_05_01,CUS_0xb594,1/5/2024,10,5,10000,1000,1000,0,5000,1/10/2024,2024-10-01,2025-11-09 07:30:19.821879,data/lms_loan_daily.csv,2024-10-01
CUS_0xb59c_2024_07_01,CUS_0xb59c,1/7/2024,10,3,10000,1000,1000,0,7000,1/10/2024,2024-10-01,2025-11-09 07:30:19.821879,data/lms_loan_daily.csv,2024-10-01
CUS_0xb59e_2024_08_01,CUS_0xb59e,1/8/2024,10,2,10000,1000,1000,0,8000,1/10/2024,2024-10-01,2025-11-09 07:30:19.821879,data/lms_loan_daily.csv,2024-10-01
CUS_0xb5a_2024_03_01,CUS_0xb5a,1/3/2024,10,7,10000,1000,1000,0,3000,1/10/2024,2024-10-01,2025-11-09 07:30:19.821879,data/lms_loan_daily.csv,2024-10-01
CUS_0xb5a8_2024_08_01,CUS_0xb5a8,1/8/2024,10,2,10000,1000,0,1000,9000,1/10/2024,2024-10-01,2025-11-09 07:30:19.821879,data/lms_loan_daily.csv,2024-10-01
CUS_0xb5aa_2024_08_01,CUS_0xb5aa,1/8/2024,10,2,10000,1000,1000,0,8000,1/10/2024,2024-10-01,2025-11-09 07:30:19.821879,data/lms_loan_daily.csv,2024-10-01
CUS_0xb5bb_2024_03_01,CUS_0xb5bb,1/3/2024,10,7,10000,1000,0,4000,7000,1/10/2024,2024-10-01,2025-11-09 07:30:19.821879,data/lms_loan_daily.csv,2024-10-01
CUS_0xb5c3_2024_10_01,CUS_0xb5c3,1/10/2024,10,0,10000,0,0,0,10000,1/10/2024,2024-10-01,2025-11-09 07:30:19.821879,data/lms_loan_daily.csv,2024-10-01
CUS_0xb5c6_2024_02_01,CUS_0xb5c6,1/2/2024,10,8,10000,1000,1000,0,2000,1/10/2024,2024-10-01,2025-11-09 07:30:19.821879,data/lms_loan_daily.csv,2024-10-01
CUS_0xb5c9_2024_09_01,CUS_0xb5c9,1/9/2024,10,1,10000,1000,1000,0,9000,1/10/2024,2024-10-01,2025-11-09 07:30:19.821879,data/lms_loan_daily.csv,2024-10-01
CUS_0xb5da_2024_03_01,CUS_0xb5da,1/3/2024,10,7,10000,1000,1000,0,3000,1/10/2024,2024-10-01,2025-11-09 07:30:19.821879,data/lms_loan_daily.csv,2024-10-01
CUS_0xb5e4_2024_02_01,CUS_0xb5e4,1/2/2024,10,8,10000,1000,0,4000,6000,1/10/2024,2024-10-01,2025-11-09 07:30:19.821879,data/lms_loan_daily.csv,2024-10-01
CUS_0xb5e9_2024_05_01,CUS_0xb5e9,1/5/2024,10,5,10000,1000,1000,0,5000,1/10/2024,2024-10-01,2025-11-09 07:30:19.821879,data/lms_loan_daily.csv,2024-10-01
CUS_0xb5f6_2024_04_01,CUS_0xb5f6,1/4/2024,10,6,10000,1000,1000,0,4000,1/10/2024,2024-10-01,2025-11-09 07:30:19.821879,data/lms_loan_daily.csv,2024-10-01
CUS_0xb5fd_2024_10_01,CUS_0xb5fd,1/10/2024,10,0,10000,0,0,0,10000,1/10/2024,2024-10-01,2025-11-09 07:30:19.821879,data/lms_loan_daily.csv,2024-10-01
CUS_0xb607_2023_12_01,CUS_0xb607,1/12/2023,10,10,10000,1000,1000,0,0,1/10/2024,2024-10-01,2025-11-09 07:30:19.821879,data/lms_loan_daily.csv,2024-10-01
CUS_0xb60f_2024_03_01,CUS_0xb60f,1/3/2024,10,7,10000,1000,1000,0,3000,1/10/2024,2024-10-01,2025-11-09 07:30:19.821879,data/lms_loan_daily.csv,2024-10-01
CUS_0xb614_2024_02_01,CUS_0xb614,1/2/2024,10,8,10000,1000,1000,0,2000,1/10/2024,2024-10-01,2025-11-09 07:30:19.821879,data/lms_loan_daily.csv,2024-10-01
CUS_0xb615_2024_06_01,CUS_0xb615,1/6/2024,10,4,10000,1000,1000,0,6000,1/10/2024,2024-10-01,2025-11-09 07:30:19.821879,data/lms_loan_daily.csv,2024-10-01
CUS_0xb627_2024_07_01,CUS_0xb627,1/7/2024,10,3,10000,1000,1000,0,7000,1/10/2024,2024-10-01,2025-11-09 07:30:19.821879,data/lms_loan_daily.csv,2024-10-01
CUS_0xb62c_2024_05_01,CUS_0xb62c,1/5/2024,10,5,10000,1000,1000,0,5000,1/10/2024,2024-10-01,2025-11-09 07:30:19.821879,data/lms_loan_daily.csv,2024-10-01
CUS_0xb637_2023_12_01,CUS_0xb637,1/12/2023,10,10,10000,1000,1000,0,0,1/10/2024,2024-10-01,2025-11-09 07:30:19.821879,data/lms_loan_daily.csv,2024-10-01
CUS_0xb639_2024_05_01,CUS_0xb639,1/5/2024,10,5,10000,1000,0,3000,8000,1/10/2024,2024-10-01,2025-11-09 07:30:19.821879,data/lms_loan_daily.csv,2024-10-01
CUS_0xb63c_2024_09_01,CUS_0xb63c,1/9/2024,10,1,10000,1000,1000,0,9000,1/10/2024,2024-10-01,2025-11-09 07:30:19.821879,data/lms_loan_daily.csv,2024-10-01
CUS_0xb646_2024_03_01,CUS_0xb646,1/3/2024,10,7,10000,1000,0,4000,7000,1/10/2024,2024-10-01,2025-11-09 07:30:19.821879,data/lms_loan_daily.csv,2024-10-01
CUS_0xb648_2023_12_01,CUS_0xb648,1/12/2023,10,10,10000,1000,1000,0,0,1/10/2024,2024-10-01,2025-11-09 07:30:19.821879,data/lms_loan_daily.csv,2024-10-01
CUS_0xb653_2024_10_01,CUS_0xb653,1/10/2024,10,0,10000,0,0,0,10000,1/10/2024,2024-10-01,2025-11-09 07:30:19.821879,data/lms_loan_daily.csv,2024-10-01
CUS_0xb658_2023_12_01,CUS_0xb658,1/12/2023,10,10,10000,1000,1000,0,0,1/10/2024,2024-10-01,2025-11-09 07:30:19.821879,data/lms_loan_daily.csv,2024-10-01
CUS_0xb66c_2024_09_01,CUS_0xb66c,1/9/2024,10,1,10000,1000,1000,0,9000,1/10/2024,2024-10-01,2025-11-09 07:30:19.821879,data/lms_loan_daily.csv,2024-10-01
CUS_0xb66d_2024_04_01,CUS_0xb66d,1/4/2024,10,6,10000,1000,1000,0,4000,1/10/2024,2024-10-01,2025-11-09 07:30:19.821879,data/lms_loan_daily.csv,2024-10-01
CUS_0xb66e_2024_09_01,CUS_0xb66e,1/9/2024,10,1,10000,1000,1000,0,9000,1/10/2024,2024-10-01,2025-11-09 07:30:19.821879,data/lms_loan_daily.csv,2024-10-01
CUS_0xb66f_2024_03_01,CUS_0xb66f,1/3/2024,10,7,10000,1000,0,5000,8000,1/10/2024,2024-10-01,2025-11-09 07:30:19.821879,data/lms_loan_daily.csv,2024-10-01
CUS_0xb675_2024_04_01,CUS_0xb675,1/4/2024,10,6,10000,1000,1000,0,4000,1/10/2024,2024-10-01,2025-11-09 07:30:19.821879,data/lms_loan_daily.csv,2024-10-01
CUS_0xb676_2024_03_01,CUS_0xb676,1/3/2024,10,7,10000,1000,1000,0,3000,1/10/2024,2024-10-01,2025-11-09 07:30:19.821879,data/lms_loan_daily.csv,2024-10-01
CUS_0xb678_2024_07_01,CUS_0xb678,1/7/2024,10,3,10000,1000,1000,0,7000,1/10/2024,2024-10-01,2025-11-09 07:30:19.821879,data/lms_loan_daily.csv,2024-10-01
CUS_0xb681_2024_03_01,CUS_0xb681,1/3/2024,10,7,10000,1000,0,3000,6000,1/10/2024,2024-10-01,2025-11-09 07:30:19.821879,data/lms_loan_daily.csv,2024-10-01
CUS_0xb68e_2023_12_01,CUS_0xb68e,1/12/2023,10,10,10000,1000,1000,0,0,1/10/2024,2024-10-01,2025-11-09 07:30:19.821879,data/lms_loan_daily.csv,2024-10-01
CUS_0xb692_2024_05_01,CUS_0xb692,1/5/2024,10,5,10000,1000,1000,0,5000,1/10/2024,2024-10-01,2025-11-09 07:30:19.821879,data/lms_loan_daily.csv,2024-10-01
CUS_0xb69a_2024_03_01,CUS_0xb69a,1/3/2024,10,7,10000,1000,0,4000,7000,1/10/2024,2024-10-01,2025-11-09 07:30:19.821879,data/lms_loan_daily.csv,2024-10-01
CUS_0xb69d_2024_04_01,CUS_0xb69d,1/4/2024,10,6,10000,1000,0,2000,6000,1/10/2024,2024-10-01,2025-11-09 07:30:19.821879,data/lms_loan_daily.csv,2024-10-01
CUS_0xb6a6_2024_09_01,CUS_0xb6a6,1/9/2024,10,1,10000,1000,1000,0,9000,1/10/2024,2024-10-01,2025-11-09 07:30:19.821879,data/lms_loan_daily.csv,2024-10-01
CUS_0xb6aa_2024_06_01,CUS_0xb6aa,1/6/2024,10,4,10000,1000,1000,0,6000,1/10/2024,2024-10-01,2025-11-09 07:30:19.821879,data/lms_loan_daily.csv,2024-10-01
CUS_0xb6ad_2024_05_01,CUS_0xb6ad,1/5/2024,10,5,10000,1000,0,3000,8000,1/10/2024,2024-10-01,2025-11-09 07:30:19.821879,data/lms_loan_daily.csv,2024-10-01
CUS_0xb6ae_2024_10_01,CUS_0xb6ae,1/10/2024,10,0,10000,0,0,0,10000,1/10/2024,2024-10-01,2025-11-09 07:30:19.821879,data/lms_loan_daily.csv,2024-10-01
CUS_0xb6b9_2024_07_01,CUS_0xb6b9,1/7/2024,10,3,10000,1000,1000,0,7000,1/10/2024,2024-10-01,2025-11-09 07:30:19.821879,data/lms_loan_daily.csv,2024-10-01
CUS_0xb6d_2024_07_01,CUS_0xb6d,1/7/2024,10,3,10000,1000,1000,0,7000,1/10/2024,2024-10-01,2025-11-09 07:30:19.821879,data/lms_loan_daily.csv,2024-10-01
CUS_0xb6d0_2024_03_01,CUS_0xb6d0,1/3/2024,10,7,10000,1000,1000,0,3000,1/10/2024,2024-10-01,2025-11-09 07:30:19.821879,data/lms_loan_daily.csv,2024-10-01
CUS_0xb6e0_2024_02_01,CUS_0xb6e0,1/2/2024,10,8,10000,1000,1000,0,2000,1/10/2024,2024-10-01,2025-11-09 07:30:19.821879,data/lms_loan_daily.csv,2024-10-01
CUS_0xb6e7_2024_03_01,CUS_0xb6e7,1/3/2024,10,7,10000,1000,0,6000,9000,1/10/2024,2024-10-01,2025-11-09 07:30:19.821879,data/lms_loan_daily.csv,2024-10-01
CUS_0xb6eb_2023_12_01,CUS_0xb6eb,1/12/2023,10,10,10000,1000,0,8000,8000,1/10/2024,2024-10-01,2025-11-09 07:30:19.821879,data/lms_loan_daily.csv,2024-10-01
CUS_0xb6ef_2024_07_01,CUS_0xb6ef,1/7/2024,10,3,10000,1000,1000,0,7000,1/10/2024,2024-10-01,2025-11-09 07:30:19.821879,data/lms_loan_daily.csv,2024-10-01
CUS_0xb6f8_2024_01_01,CUS_0xb6f8,1/1/2024,10,9,10000,1000,1000,0,1000,1/10/2024,2024-10-01,2025-11-09 07:30:19.821879,data/lms_loan_daily.csv,2024-10-01
CUS_0xb713_2024_05_01,CUS_0xb713,1/5/2024,10,5,10000,1000,1000,0,5000,1/10/2024,2024-10-01,2025-11-09 07:30:19.821879,data/lms_loan_daily.csv,2024-10-01
CUS_0xb728_2024_06_01,CUS_0xb728,1/6/2024,10,4,10000,1000,0,2000,8000,1/10/2024,2024-10-01,2025-11-09 07:30:19.821879,data/lms_loan_daily.csv,2024-10-01
CUS_0xb741_2024_10_01,CUS_0xb741,1/10/2024,10,0,10000,0,0,0,10000,1/10/2024,2024-10-01,2025-11-09 07:30:19.821879,data/lms_loan_daily.csv,2024-10-01
CUS_0xb74d_2024_06_01,CUS_0xb74d,1/6/2024,10,4,10000,1000,0,1000,7000,1/10/2024,2024-10-01,2025-11-09 07:30:19.821879,data/lms_loan_daily.csv,2024-10-01
CUS_0xb756_2023_12_01,CUS_0xb756,1/12/2023,10,10,10000,1000,1000,0,0,1/10/2024,2024-10-01,2025-11-09 07:30:19.821879,data/lms_loan_daily.csv,2024-10-01
CUS_0xb75b_2024_06_01,CUS_0xb75b,1/6/2024,10,4,10000,1000,0,2000,8000,1/10/2024,2024-10-01,2025-11-09 07:30:19.821879,data/lms_loan_daily.csv,2024-10-01
CUS_0xb76d_2024_05_01,CUS_0xb76d,1/5/2024,10,5,10000,1000,1000,0,5000,1/10/2024,2024-10-01,2025-11-09 07:30:19.821879,data/lms_loan_daily.csv,2024-10-01
CUS_0xb77f_2024_08_01,CUS_0xb77f,1/8/2024,10,2,10000,1000,0,2000,10000,1/10/2024,2024-10-01,2025-11-09 07:30:19.821879,data/lms_loan_daily.csv,2024-10-01
CUS_0xb794_2024_03_01,CUS_0xb794,1/3/2024,10,7,10000,1000,1000,0,3000,1/10/2024,2024-10-01,2025-11-09 07:30:19.821879,data/lms_loan_daily.csv,2024-10-01
CUS_0xb7a1_2024_01_01,CUS_0xb7a1,1/1/2024,10,9,10000,1000,1000,0,1000,1/10/2024,2024-10-01,2025-11-09 07:30:19.821879,data/lms_loan_daily.csv,2024-10-01
CUS_0xb7b3_2024_10_01,CUS_0xb7b3,1/10/2024,10,0,10000,0,0,0,10000,1/10/2024,2024-10-01,2025-11-09 07:30:19.821879,data/lms_loan_daily.csv,2024-10-01
CUS_0xb7be_2024_07_01,CUS_0xb7be,1/7/2024,10,3,10000,1000,1000,0,7000,1/10/2024,2024-10-01,2025-11-09 07:30:19.821879,data/lms_loan_daily.csv,2024-10-01
CUS_0xb7c4_2023_12_01,CUS_0xb7c4,1/12/2023,10,10,10000,1000,0,8000,8000,1/10/2024,2024-10-01,2025-11-09 07:30:19.821879,data/lms_loan_daily.csv,2024-10-01
CUS_0xb7c7_2024_01_01,CUS_0xb7c7,1/1/2024,10,9,10000,1000,0,7000,8000,1/10/2024,2024-10-01,2025-11-09 07:30:19.821879,data/lms_loan_daily.csv,2024-10-01
CUS_0xb7d0_2023_12_01,CUS_0xb7d0,1/12/2023,10,10,10000,1000,1000,0,0,1/10/2024,2024-10-01,2025-11-09 07:30:19.821879,data/lms_loan_daily.csv,2024-10-01
CUS_0xb7d4_2024_01_01,CUS_0xb7d4,1/1/2024,10,9,10000,1000,1000,0,1000,1/10/2024,2024-10-01,2025-11-09 07:30:19.821879,data/lms_loan_daily.csv,2024-10-01
CUS_0xb7e_2024_08_01,CUS_0xb7e,1/8/2024,10,2,10000,1000,1000,0,8000,1/10/2024,2024-10-01,2025-11-09 07:30:19.821879,data/lms_loan_daily.csv,2024-10-01
CUS_0xb7fb_2024_01_01,CUS_0xb7fb,1/1/2024,10,9,10000,1000,0,7000,8000,1/10/2024,2024-10-01,2025-11-09 07:30:19.821879,data/lms_loan_daily.csv,2024-10-01
CUS_0xb805_2024_02_01,CUS_0xb805,1/2/2024,10,8,10000,1000,1000,0,2000,1/10/2024,2024-10-01,2025-11-09 07:30:19.821879,data/lms_loan_daily.csv,2024-10-01
CUS_0xb807_2024_08_01,CUS_0xb807,1/8/2024,10,2,10000,1000,1000,0,8000,1/10/2024,2024-10-01,2025-11-09 07:30:19.821879,data/lms_loan_daily.csv,2024-10-01
CUS_0xb808_2024_02_01,CUS_0xb808,1/2/2024,10,8,10000,1000,1000,0,2000,1/10/2024,2024-10-01,2025-11-09 07:30:19.821879,data/lms_loan_daily.csv,2024-10-01
CUS_0xb80a_2024_08_01,CUS_0xb80a,1/8/2024,10,2,10000,1000,1000,0,8000,1/10/2024,2024-10-01,2025-11-09 07:30:19.821879,data/lms_loan_daily.csv,2024-10-01
CUS_0xb82a_2024_05_01,CUS_0xb82a,1/5/2024,10,5,10000,1000,1000,0,5000,1/10/2024,2024-10-01,2025-11-09 07:30:19.821879,data/lms_loan_daily.csv,2024-10-01
CUS_0xb82b_2024_01_01,CUS_0xb82b,1/1/2024,10,9,10000,1000,1000,0,1000,1/10/2024,2024-10-01,2025-11-09 07:30:19.821879,data/lms_loan_daily.csv,2024-10-01
CUS_0xb837_2024_03_01,CUS_0xb837,1/3/2024,10,7,10000,1000,0,6000,9000,1/10/2024,2024-10-01,2025-11-09 07:30:19.821879,data/lms_loan_daily.csv,2024-10-01
CUS_0xb83d_2023_12_01,CUS_0xb83d,1/12/2023,10,10,10000,1000,1000,0,0,1/10/2024,2024-10-01,2025-11-09 07:30:19.821879,data/lms_loan_daily.csv,2024-10-01
CUS_0xb85a_2024_07_01,CUS_0xb85a,1/7/2024,10,3,10000,1000,0,2000,9000,1/10/2024,2024-10-01,2025-11-09 07:30:19.821879,data/lms_loan_daily.csv,2024-10-01
CUS_0xb861_2024_06_01,CUS_0xb861,1/6/2024,10,4,10000,1000,0,2000,8000,1/10/2024,2024-10-01,2025-11-09 07:30:19.821879,data/lms_loan_daily.csv,2024-10-01
CUS_0xb86b_2024_07_01,CUS_0xb86b,1/7/2024,10,3,10000,1000,1000,0,7000,1/10/2024,2024-10-01,2025-11-09 07:30:19.821879,data/lms_loan_daily.csv,2024-10-01
CUS_0xb86e_2024_07_01,CUS_0xb86e,1/7/2024,10,3,10000,1000,0,1000,8000,1/10/2024,2024-10-01,2025-11-09 07:30:19.821879,data/lms_loan_daily.csv,2024-10-01
CUS_0xb87a_2024_02_01,CUS_0xb87a,1/2/2024,10,8,10000,1000,1000,0,2000,1/10/2024,2024-10-01,2025-11-09 07:30:19.821879,data/lms_loan_daily.csv,2024-10-01
CUS_0xb887_2024_06_01,CUS_0xb887,1/6/2024,10,4,10000,1000,1000,0,6000,1/10/2024,2024-10-01,2025-11-09 07:30:19.821879,data/lms_loan_daily.csv,2024-10-01
CUS_0xb89_2023_12_01,CUS_0xb89,1/12/2023,10,10,10000,1000,0,7000,7000,1/10/2024,2024-10-01,2025-11-09 07:30:19.821879,data/lms_loan_daily.csv,2024-10-01
CUS_0xb89c_2024_05_01,CUS_0xb89c,1/5/2024,10,5,10000,1000,1000,0,5000,1/10/2024,2024-10-01,2025-11-09 07:30:19.821879,data/lms_loan_daily.csv,2024-10-01
CUS_0xb89f_2024_05_01,CUS_0xb89f,1/5/2024,10,5,10000,1000,1000,0,5000,1/10/2024,2024-10-01,2025-11-09 07:30:19.821879,data/lms_loan_daily.csv,2024-10-01
CUS_0xb8a1_2023_12_01,CUS_0xb8a1,1/12/2023,10,10,10000,1000,0,8000,8000,1/10/2024,2024-10-01,2025-11-09 07:30:19.821879,data/lms_loan_daily.csv,2024-10-01
CUS_0xb8a2_2024_04_01,CUS_0xb8a2,1/4/2024,10,6,10000,1000,1000,0,4000,1/10/2024,2024-10-01,2025-11-09 07:30:19.821879,data/lms_loan_daily.csv,2024-10-01
CUS_0xb8a3_2024_07_01,CUS_0xb8a3,1/7/2024,10,3,10000,1000,1000,0,7000,1/10/2024,2024-10-01,2025-11-09 07:30:19.821879,data/lms_loan_daily.csv,2024-10-01
CUS_0xb8af_2024_04_01,CUS_0xb8af,1/4/2024,10,6,10000,1000,1000,0,4000,1/10/2024,2024-10-01,2025-11-09 07:30:19.821879,data/lms_loan_daily.csv,2024-10-01
CUS_0xb8b_2024_09_01,CUS_0xb8b,1/9/2024,10,1,10000,1000,1000,0,9000,1/10/2024,2024-10-01,2025-11-09 07:30:19.821879,data/lms_loan_daily.csv,2024-10-01
CUS_0xb8b3_2024_08_01,CUS_0xb8b3,1/8/2024,10,2,10000,1000,1000,0,8000,1/10/2024,2024-10-01,2025-11-09 07:30:19.821879,data/lms_loan_daily.csv,2024-10-01
CUS_0xb8be_2024_09_01,CUS_0xb8be,1/9/2024,10,1,10000,1000,1000,0,9000,1/10/2024,2024-10-01,2025-11-09 07:30:19.821879,data/lms_loan_daily.csv,2024-10-01
CUS_0xb8c_2024_03_01,CUS_0xb8c,1/3/2024,10,7,10000,1000,0,6000,9000,1/10/2024,2024-10-01,2025-11-09 07:30:19.821879,data/lms_loan_daily.csv,2024-10-01
CUS_0xb8d3_2024_05_01,CUS_0xb8d3,1/5/2024,10,5,10000,1000,1000,0,5000,1/10/2024,2024-10-01,2025-11-09 07:30:19.821879,data/lms_loan_daily.csv,2024-10-01
CUS_0xb8d5_2024_10_01,CUS_0xb8d5,1/10/2024,10,0,10000,0,0,0,10000,1/10/2024,2024-10-01,2025-11-09 07:30:19.821879,data/lms_loan_daily.csv,2024-10-01
CUS_0xb8da_2024_04_01,CUS_0xb8da,1/4/2024,10,6,10000,1000,1000,0,4000,1/10/2024,2024-10-01,2025-11-09 07:30:19.821879,data/lms_loan_daily.csv,2024-10-01
CUS_0xb8e5_2024_03_01,CUS_0xb8e5,1/3/2024,10,7,10000,1000,1000,0,3000,1/10/2024,2024-10-01,2025-11-09 07:30:19.821879,data/lms_loan_daily.csv,2024-10-01
CUS_0xb8ea_2024_01_01,CUS_0xb8ea,1/1/2024,10,9,10000,1000,1000,0,1000,1/10/2024,2024-10-01,2025-11-09 07:30:19.821879,data/lms_loan_daily.csv,2024-10-01
CUS_0xb8eb_2024_07_01,CUS_0xb8eb,1/7/2024,10,3,10000,1000,0,2000,9000,1/10/2024,2024-10-01,2025-11-09 07:30:19.821879,data/lms_loan_daily.csv,2024-10-01
CUS_0xb904_2024_08_01,CUS_0xb904,1/8/2024,10,2,10000,1000,1000,0,8000,1/10/2024,2024-10-01,2025-11-09 07:30:19.821879,data/lms_loan_daily.csv,2024-10-01
CUS_0xb907_2024_10_01,CUS_0xb907,1/10/2024,10,0,10000,0,0,0,10000,1/10/2024,2024-10-01,2025-11-09 07:30:19.821879,data/lms_loan_daily.csv,2024-10-01
CUS_0xb910_2024_03_01,CUS_0xb910,1/3/2024,10,7,10000,1000,1000,0,3000,1/10/2024,2024-10-01,2025-11-09 07:30:19.821879,data/lms_loan_daily.csv,2024-10-01
CUS_0xb913_2024_10_01,CUS_0xb913,1/10/2024,10,0,10000,0,0,0,10000,1/10/2024,2024-10-01,2025-11-09 07:30:19.821879,data/lms_loan_daily.csv,2024-10-01
CUS_0xb918_2024_02_01,CUS_0xb918,1/2/2024,10,8,10000,1000,0,8000,10000,1/10/2024,2024-10-01,2025-11-09 07:30:19.821879,data/lms_loan_daily.csv,2024-10-01
CUS_0xb92b_2024_03_01,CUS_0xb92b,1/3/2024,10,7,10000,1000,1000,0,3000,1/10/2024,2024-10-01,2025-11-09 07:30:19.821879,data/lms_loan_daily.csv,2024-10-01
CUS_0xb92e_2024_02_01,CUS_0xb92e,1/2/2024,10,8,10000,1000,1000,0,2000,1/10/2024,2024-10-01,2025-11-09 07:30:19.821879,data/lms_loan_daily.csv,2024-10-01
CUS_0xb956_2024_04_01,CUS_0xb956,1/4/2024,10,6,10000,1000,1000,0,4000,1/10/2024,2024-10-01,2025-11-09 07:30:19.821879,data/lms_loan_daily.csv,2024-10-01
CUS_0xb959_2024_06_01,CUS_0xb959,1/6/2024,10,4,10000,1000,1000,0,6000,1/10/2024,2024-10-01,2025-11-09 07:30:19.821879,data/lms_loan_daily.csv,2024-10-01
CUS_0xb95f_2024_09_01,CUS_0xb95f,1/9/2024,10,1,10000,1000,1000,0,9000,1/10/2024,2024-10-01,2025-11-09 07:30:19.821879,data/lms_loan_daily.csv,2024-10-01
CUS_0xb967_2024_02_01,CUS_0xb967,1/2/2024,10,8,10000,1000,1000,0,2000,1/10/2024,2024-10-01,2025-11-09 07:30:19.821879,data/lms_loan_daily.csv,2024-10-01
CUS_0xb97_2024_07_01,CUS_0xb97,1/7/2024,10,3,10000,1000,1000,0,7000,1/10/2024,2024-10-01,2025-11-09 07:30:19.821879,data/lms_loan_daily.csv,2024-10-01
CUS_0xb975_2024_08_01,CUS_0xb975,1/8/2024,10,2,10000,1000,1000,0,8000,1/10/2024,2024-10-01,2025-11-09 07:30:19.821879,data/lms_loan_daily.csv,2024-10-01
CUS_0xb97b_2024_08_01,CUS_0xb97b,1/8/2024,10,2,10000,1000,0,1000,9000,1/10/2024,2024-10-01,2025-11-09 07:30:19.821879,data/lms_loan_daily.csv,2024-10-01
CUS_0xb982_2024_02_01,CUS_0xb982,1/2/2024,10,8,10000,1000,1000,0,2000,1/10/2024,2024-10-01,2025-11-09 07:30:19.821879,data/lms_loan_daily.csv,2024-10-01
CUS_0xb98d_2023_12_01,CUS_0xb98d,1/12/2023,10,10,10000,1000,1000,0,0,1/10/2024,2024-10-01,2025-11-09 07:30:19.821879,data/lms_loan_daily.csv,2024-10-01
CUS_0xb98f_2024_01_01,CUS_0xb98f,1/1/2024,10,9,10000,1000,1000,0,1000,1/10/2024,2024-10-01,2025-11-09 07:30:19.821879,data/lms_loan_daily.csv,2024-10-01
CUS_0xb995_2024_07_01,CUS_0xb995,1/7/2024,10,3,10000,1000,2000,0,7000,1/10/2024,2024-10-01,2025-11-09 07:30:19.821879,data/lms_loan_daily.csv,2024-10-01
CUS_0xb997_2024_09_01,CUS_0xb997,1/9/2024,10,1,10000,1000,1000,0,9000,1/10/2024,2024-10-01,2025-11-09 07:30:19.821879,data/lms_loan_daily.csv,2024-10-01
CUS_0xb99c_2024_01_01,CUS_0xb99c,1/1/2024,10,9,10000,1000,1000,0,1000,1/10/2024,2024-10-01,2025-11-09 07:30:19.821879,data/lms_loan_daily.csv,2024-10-01
CUS_0xb9ae_2024_06_01,CUS_0xb9ae,1/6/2024,10,4,10000,1000,1000,0,6000,1/10/2024,2024-10-01,2025-11-09 07:30:19.821879,data/lms_loan_daily.csv,2024-10-01
CUS_0xb9b8_2024_05_01,CUS_0xb9b8,1/5/2024,10,5,10000,1000,1000,0,5000,1/10/2024,2024-10-01,2025-11-09 07:30:19.821879,data/lms_loan_daily.csv,2024-10-01
CUS_0xb9c8_2024_02_01,CUS_0xb9c8,1/2/2024,10,8,10000,1000,0,5000,7000,1/10/2024,2024-10-01,2025-11-09 07:30:19.821879,data/lms_loan_daily.csv,2024-10-01
CUS_0xb9cd_2024_02_01,CUS_0xb9cd,1/2/2024,10,8,10000,1000,1000,0,2000,1/10/2024,2024-10-01,2025-11-09 07:30:19.821879,data/lms_loan_daily.csv,2024-10-01
CUS_0xb9d2_2023_12_01,CUS_0xb9d2,1/12/2023,10,10,10000,1000,1000,0,0,1/10/2024,2024-10-01,2025-11-09 07:30:19.821879,data/lms_loan_daily.csv,2024-10-01
CUS_0xb9da_2024_06_01,CUS_0xb9da,1/6/2024,10,4,10000,1000,0,2000,8000,1/10/2024,2024-10-01,2025-11-09 07:30:19.821879,data/lms_loan_daily.csv,2024-10-01
CUS_0xb9ec_2024_03_01,CUS_0xb9ec,1/3/2024,10,7,10000,1000,1000,0,3000,1/10/2024,2024-10-01,2025-11-09 07:30:19.821879,data/lms_loan_daily.csv,2024-10-01
CUS_0xb9f_2024_03_01,CUS_0xb9f,1/3/2024,10,7,10000,1000,1000,0,3000,1/10/2024,2024-10-01,2025-11-09 07:30:19.821879,data/lms_loan_daily.csv,2024-10-01
CUS_0xba06_2024_03_01,CUS_0xba06,1/3/2024,10,7,10000,1000,1000,0,3000,1/10/2024,2024-10-01,2025-11-09 07:30:19.821879,data/lms_loan_daily.csv,2024-10-01
CUS_0xba08_2024_09_01,CUS_0xba08,1/9/2024,10,1,10000,1000,1000,0,9000,1/10/2024,2024-10-01,2025-11-09 07:30:19.821879,data/lms_loan_daily.csv,2024-10-01
CUS_0xba13_2024_06_01,CUS_0xba13,1/6/2024,10,4,10000,1000,1000,0,6000,1/10/2024,2024-10-01,2025-11-09 07:30:19.821879,data/lms_loan_daily.csv,2024-10-01
CUS_0xba2a_2024_09_01,CUS_0xba2a,1/9/2024,10,1,10000,1000,1000,0,9000,1/10/2024,2024-10-01,2025-11-09 07:30:19.821879,data/lms_loan_daily.csv,2024-10-01
CUS_0xba5_2023_12_01,CUS_0xba5,1/12/2023,10,10,10000,1000,1000,0,0,1/10/2024,2024-10-01,2025-11-09 07:30:19.821879,data/lms_loan_daily.csv,2024-10-01
CUS_0xba51_2024_05_01,CUS_0xba51,1/5/2024,10,5,10000,1000,1000,0,5000,1/10/2024,2024-10-01,2025-11-09 07:30:19.821879,data/lms_loan_daily.csv,2024-10-01
CUS_0xba67_2024_05_01,CUS_0xba67,1/5/2024,10,5,10000,1000,1000,0,5000,1/10/2024,2024-10-01,2025-11-09 07:30:19.821879,data/lms_loan_daily.csv,2024-10-01
CUS_0xba68_2023_12_01,CUS_0xba68,1/12/2023,10,10,10000,1000,0,10000,10000,1/10/2024,2024-10-01,2025-11-09 07:30:19.821879,data/lms_loan_daily.csv,2024-10-01
CUS_0xba6c_2023_12_01,CUS_0xba6c,1/12/2023,10,10,10000,1000,0,8000,8000,1/10/2024,2024-10-01,2025-11-09 07:30:19.821879,data/lms_loan_daily.csv,2024-10-01
CUS_0xba8a_2024_10_01,CUS_0xba8a,1/10/2024,10,0,10000,0,0,0,10000,1/10/2024,2024-10-01,2025-11-09 07:30:19.821879,data/lms_loan_daily.csv,2024-10-01
CUS_0xba90_2024_08_01,CUS_0xba90,1/8/2024,10,2,10000,1000,1000,0,8000,1/10/2024,2024-10-01,2025-11-09 07:30:19.821879,data/lms_loan_daily.csv,2024-10-01
CUS_0xba96_2023_12_01,CUS_0xba96,1/12/2023,10,10,10000,1000,1000,0,0,1/10/2024,2024-10-01,2025-11-09 07:30:19.821879,data/lms_loan_daily.csv,2024-10-01
CUS_0xba97_2024_03_01,CUS_0xba97,1/3/2024,10,7,10000,1000,1000,0,3000,1/10/2024,2024-10-01,2025-11-09 07:30:19.821879,data/lms_loan_daily.csv,2024-10-01
CUS_0xba9f_2024_02_01,CUS_0xba9f,1/2/2024,10,8,10000,1000,1000,0,2000,1/10/2024,2024-10-01,2025-11-09 07:30:19.821879,data/lms_loan_daily.csv,2024-10-01
CUS_0xbaa0_2024_04_01,CUS_0xbaa0,1/4/2024,10,6,10000,1000,0,4000,8000,1/10/2024,2024-10-01,2025-11-09 07:30:19.821879,data/lms_loan_daily.csv,2024-10-01
CUS_0xbaa1_2024_05_01,CUS_0xbaa1,1/5/2024,10,5,10000,1000,1000,0,5000,1/10/2024,2024-10-01,2025-11-09 07:30:19.821879,data/lms_loan_daily.csv,2024-10-01
CUS_0xbaa9_2024_04_01,CUS_0xbaa9,1/4/2024,10,6,10000,1000,1000,0,4000,1/10/2024,2024-10-01,2025-11-09 07:30:19.821879,data/lms_loan_daily.csv,2024-10-01
CUS_0xbab0_2024_06_01,CUS_0xbab0,1/6/2024,10,4,10000,1000,1000,0,6000,1/10/2024,2024-10-01,2025-11-09 07:30:19.821879,data/lms_loan_daily.csv,2024-10-01
CUS_0xbab2_2024_07_01,CUS_0xbab2,1/7/2024,10,3,10000,1000,1000,0,7000,1/10/2024,2024-10-01,2025-11-09 07:30:19.821879,data/lms_loan_daily.csv,2024-10-01
CUS_0xbabc_2024_02_01,CUS_0xbabc,1/2/2024,10,8,10000,1000,1000,0,2000,1/10/2024,2024-10-01,2025-11-09 07:30:19.821879,data/lms_loan_daily.csv,2024-10-01
CUS_0xbac3_2024_09_01,CUS_0xbac3,1/9/2024,10,1,10000,1000,1000,0,9000,1/10/2024,2024-10-01,2025-11-09 07:30:19.821879,data/lms_loan_daily.csv,2024-10-01
CUS_0xbac4_2024_07_01,CUS_0xbac4,1/7/2024,10,3,10000,1000,0,1000,8000,1/10/2024,2024-10-01,2025-11-09 07:30:19.821879,data/lms_loan_daily.csv,2024-10-01
CUS_0xbad6_2024_09_01,CUS_0xbad6,1/9/2024,10,1,10000,1000,1000,0,9000,1/10/2024,2024-10-01,2025-11-09 07:30:19.821879,data/lms_loan_daily.csv,2024-10-01
CUS_0xbae9_2024_01_01,CUS_0xbae9,1/1/2024,10,9,10000,1000,1000,0,1000,1/10/2024,2024-10-01,2025-11-09 07:30:19.821879,data/lms_loan_daily.csv,2024-10-01
CUS_0xbaea_2024_06_01,CUS_0xbaea,1/6/2024,10,4,10000,1000,1000,0,6000,1/10/2024,2024-10-01,2025-11-09 07:30:19.821879,data/lms_loan_daily.csv,2024-10-01
CUS_0xbaf2_2024_08_01,CUS_0xbaf2,1/8/2024,10,2,10000,1000,1000,0,8000,1/10/2024,2024-10-01,2025-11-09 07:30:19.821879,data/lms_loan_daily.csv,2024-10-01
CUS_0xbb04_2024_10_01,CUS_0xbb04,1/10/2024,10,0,10000,0,0,0,10000,1/10/2024,2024-10-01,2025-11-09 07:30:19.821879,data/lms_loan_daily.csv,2024-10-01
CUS_0xbb1b_2024_02_01,CUS_0xbb1b,1/2/2024,10,8,10000,1000,1000,0,2000,1/10/2024,2024-10-01,2025-11-09 07:30:19.821879,data/lms_loan_daily.csv,2024-10-01
CUS_0xbb25_2024_10_01,CUS_0xbb25,1/10/2024,10,0,10000,0,0,0,10000,1/10/2024,2024-10-01,2025-11-09 07:30:19.821879,data/lms_loan_daily.csv,2024-10-01
CUS_0xbb26_2024_02_01,CUS_0xbb26,1/2/2024,10,8,10000,1000,1000,0,2000,1/10/2024,2024-10-01,2025-11-09 07:30:19.821879,data/lms_loan_daily.csv,2024-10-01
CUS_0xbb2a_2024_09_01,CUS_0xbb2a,1/9/2024,10,1,10000,1000,1000,0,9000,1/10/2024,2024-10-01,2025-11-09 07:30:19.821879,data/lms_loan_daily.csv,2024-10-01
CUS_0xbb30_2024_07_01,CUS_0xbb30,1/7/2024,10,3,10000,1000,1000,0,7000,1/10/2024,2024-10-01,2025-11-09 07:30:19.821879,data/lms_loan_daily.csv,2024-10-01
CUS_0xbb33_2024_02_01,CUS_0xbb33,1/2/2024,10,8,10000,1000,1000,0,2000,1/10/2024,2024-10-01,2025-11-09 07:30:19.821879,data/lms_loan_daily.csv,2024-10-01
CUS_0xbb3c_2024_04_01,CUS_0xbb3c,1/4/2024,10,6,10000,1000,1000,0,4000,1/10/2024,2024-10-01,2025-11-09 07:30:19.821879,data/lms_loan_daily.csv,2024-10-01
CUS_0xbb43_2024_03_01,CUS_0xbb43,1/3/2024,10,7,10000,1000,1000,0,3000,1/10/2024,2024-10-01,2025-11-09 07:30:19.821879,data/lms_loan_daily.csv,2024-10-01
CUS_0xbb48_2024_05_01,CUS_0xbb48,1/5/2024,10,5,10000,1000,1000,0,5000,1/10/2024,2024-10-01,2025-11-09 07:30:19.821879,data/lms_loan_daily.csv,2024-10-01
CUS_0xbb4a_2024_10_01,CUS_0xbb4a,1/10/2024,10,0,10000,0,0,0,10000,1/10/2024,2024-10-01,2025-11-09 07:30:19.821879,data/lms_loan_daily.csv,2024-10-01
CUS_0xbb53_2024_04_01,CUS_0xbb53,1/4/2024,10,6,10000,1000,0,5000,9000,1/10/2024,2024-10-01,2025-11-09 07:30:19.821879,data/lms_loan_daily.csv,2024-10-01
CUS_0xbb69_2024_02_01,CUS_0xbb69,1/2/2024,10,8,10000,1000,1000,0,2000,1/10/2024,2024-10-01,2025-11-09 07:30:19.821879,data/lms_loan_daily.csv,2024-10-01
CUS_0xbb6c_2023_12_01,CUS_0xbb6c,1/12/2023,10,10,10000,1000,0,8000,8000,1/10/2024,2024-10-01,2025-11-09 07:30:19.821879,data/lms_loan_daily.csv,2024-10-01
CUS_0xbb70_2024_07_01,CUS_0xbb70,1/7/2024,10,3,10000,1000,1000,0,7000,1/10/2024,2024-10-01,2025-11-09 07:30:19.821879,data/lms_loan_daily.csv,2024-10-01
CUS_0xbb75_2024_06_01,CUS_0xbb75,1/6/2024,10,4,10000,1000,1000,0,6000,1/10/2024,2024-10-01,2025-11-09 07:30:19.821879,data/lms_loan_daily.csv,2024-10-01
CUS_0xbb79_2024_07_01,CUS_0xbb79,1/7/2024,10,3,10000,1000,1000,0,7000,1/10/2024,2024-10-01,2025-11-09 07:30:19.821879,data/lms_loan_daily.csv,2024-10-01
CUS_0xbb88_2024_03_01,CUS_0xbb88,1/3/2024,10,7,10000,1000,1000,0,3000,1/10/2024,2024-10-01,2025-11-09 07:30:19.821879,data/lms_loan_daily.csv,2024-10-01
CUS_0xbb93_2024_08_01,CUS_0xbb93,1/8/2024,10,2,10000,1000,1000,0,8000,1/10/2024,2024-10-01,2025-11-09 07:30:19.821879,data/lms_loan_daily.csv,2024-10-01
CUS_0xbba7_2024_10_01,CUS_0xbba7,1/10/2024,10,0,10000,0,0,0,10000,1/10/2024,2024-10-01,2025-11-09 07:30:19.821879,data/lms_loan_daily.csv,2024-10-01
CUS_0xbbb0_2024_06_01,CUS_0xbbb0,1/6/2024,10,4,10000,1000,1000,0,6000,1/10/2024,2024-10-01,2025-11-09 07:30:19.821879,data/lms_loan_daily.csv,2024-10-01
CUS_0xbbb5_2024_09_01,CUS_0xbbb5,1/9/2024,10,1,10000,1000,1000,0,9000,1/10/2024,2024-10-01,2025-11-09 07:30:19.821879,data/lms_loan_daily.csv,2024-10-01
CUS_0xbbc6_2024_08_01,CUS_0xbbc6,1/8/2024,10,2,10000,1000,1000,0,8000,1/10/2024,2024-10-01,2025-11-09 07:30:19.821879,data/lms_loan_daily.csv,2024-10-01
CUS_0xbbcf_2024_05_01,CUS_0xbbcf,1/5/2024,10,5,10000,1000,1000,0,5000,1/10/2024,2024-10-01,2025-11-09 07:30:19.821879,data/lms_loan_daily.csv,2024-10-01
CUS_0xbbd8_2024_04_01,CUS_0xbbd8,1/4/2024,10,6,10000,1000,0,3000,7000,1/10/2024,2024-10-01,2025-11-09 07:30:19.821879,data/lms_loan_daily.csv,2024-10-01
CUS_0xbbda_2024_08_01,CUS_0xbbda,1/8/2024,10,2,10000,1000,1000,0,8000,1/10/2024,2024-10-01,2025-11-09 07:30:19.821879,data/lms_loan_daily.csv,2024-10-01
CUS_0xbbf7_2024_06_01,CUS_0xbbf7,1/6/2024,10,4,10000,1000,1000,0,6000,1/10/2024,2024-10-01,2025-11-09 07:30:19.821879,data/lms_loan_daily.csv,2024-10-01
CUS_0xbbfc_2024_07_01,CUS_0xbbfc,1/7/2024,10,3,10000,1000,1000,0,7000,1/10/2024,2024-10-01,2025-11-09 07:30:19.821879,data/lms_loan_daily.csv,2024-10-01
CUS_0xbc03_2024_05_01,CUS_0xbc03,1/5/2024,10,5,10000,1000,0,2000,7000,1/10/2024,2024-10-01,2025-11-09 07:30:19.821879,data/lms_loan_daily.csv,2024-10-01
CUS_0xbc04_2024_08_01,CUS_0xbc04,1/8/2024,10,2,10000,1000,1000,0,8000,1/10/2024,2024-10-01,2025-11-09 07:30:19.821879,data/lms_loan_daily.csv,2024-10-01
CUS_0xbc06_2023_12_01,CUS_0xbc06,1/12/2023,10,10,10000,1000,0,8000,8000,1/10/2024,2024-10-01,2025-11-09 07:30:19.821879,data/lms_loan_daily.csv,2024-10-01
CUS_0xbc0b_2024_01_01,CUS_0xbc0b,1/1/2024,10,9,10000,1000,0,8000,9000,1/10/2024,2024-10-01,2025-11-09 07:30:19.821879,data/lms_loan_daily.csv,2024-10-01
CUS_0xbc1c_2024_03_01,CUS_0xbc1c,1/3/2024,10,7,10000,1000,1000,0,3000,1/10/2024,2024-10-01,2025-11-09 07:30:19.821879,data/lms_loan_daily.csv,2024-10-01
CUS_0xbc1f_2024_05_01,CUS_0xbc1f,1/5/2024,10,5,10000,1000,1000,0,5000,1/10/2024,2024-10-01,2025-11-09 07:30:19.821879,data/lms_loan_daily.csv,2024-10-01
CUS_0xbc23_2024_04_01,CUS_0xbc23,1/4/2024,10,6,10000,1000,1000,0,4000,1/10/2024,2024-10-01,2025-11-09 07:30:19.821879,data/lms_loan_daily.csv,2024-10-01
CUS_0xbc2b_2024_07_01,CUS_0xbc2b,1/7/2024,10,3,10000,1000,1000,0,7000,1/10/2024,2024-10-01,2025-11-09 07:30:19.821879,data/lms_loan_daily.csv,2024-10-01
CUS_0xbc38_2024_03_01,CUS_0xbc38,1/3/2024,10,7,10000,1000,1000,0,3000,1/10/2024,2024-10-01,2025-11-09 07:30:19.821879,data/lms_loan_daily.csv,2024-10-01
CUS_0xbc3a_2024_07_01,CUS_0xbc3a,1/7/2024,10,3,10000,1000,0,2000,9000,1/10/2024,2024-10-01,2025-11-09 07:30:19.821879,data/lms_loan_daily.csv,2024-10-01
CUS_0xbc4_2024_06_01,CUS_0xbc4,1/6/2024,10,4,10000,1000,1000,0,6000,1/10/2024,2024-10-01,2025-11-09 07:30:19.821879,data/lms_loan_daily.csv,2024-10-01
CUS_0xbc49_2024_09_01,CUS_0xbc49,1/9/2024,10,1,10000,1000,1000,0,9000,1/10/2024,2024-10-01,2025-11-09 07:30:19.821879,data/lms_loan_daily.csv,2024-10-01
CUS_0xbc50_2024_07_01,CUS_0xbc50,1/7/2024,10,3,10000,1000,1000,0,7000,1/10/2024,2024-10-01,2025-11-09 07:30:19.821879,data/lms_loan_daily.csv,2024-10-01
CUS_0xbc56_2024_06_01,CUS_0xbc56,1/6/2024,10,4,10000,1000,1000,0,6000,1/10/2024,2024-10-01,2025-11-09 07:30:19.821879,data/lms_loan_daily.csv,2024-10-01
CUS_0xbc58_2024_06_01,CUS_0xbc58,1/6/2024,10,4,10000,1000,1000,0,6000,1/10/2024,2024-10-01,2025-11-09 07:30:19.821879,data/lms_loan_daily.csv,2024-10-01
CUS_0xbc5b_2024_08_01,CUS_0xbc5b,1/8/2024,10,2,10000,1000,1000,0,8000,1/10/2024,2024-10-01,2025-11-09 07:30:19.821879,data/lms_loan_daily.csv,2024-10-01
CUS_0xbc5f_2024_07_01,CUS_0xbc5f,1/7/2024,10,3,10000,1000,1000,0,7000,1/10/2024,2024-10-01,2025-11-09 07:30:19.821879,data/lms_loan_daily.csv,2024-10-01
CUS_0xbc67_2024_10_01,CUS_0xbc67,1/10/2024,10,0,10000,0,0,0,10000,1/10/2024,2024-10-01,2025-11-09 07:30:19.821879,data/lms_loan_daily.csv,2024-10-01
CUS_0xbc71_2024_06_01,CUS_0xbc71,1/6/2024,10,4,10000,1000,2000,0,6000,1/10/2024,2024-10-01,2025-11-09 07:30:19.821879,data/lms_loan_daily.csv,2024-10-01
CUS_0xbc74_2024_07_01,CUS_0xbc74,1/7/2024,10,3,10000,1000,1000,0,7000,1/10/2024,2024-10-01,2025-11-09 07:30:19.821879,data/lms_loan_daily.csv,2024-10-01
CUS_0xbc79_2024_06_01,CUS_0xbc79,1/6/2024,10,4,10000,1000,0,1000,7000,1/10/2024,2024-10-01,2025-11-09 07:30:19.821879,data/lms_loan_daily.csv,2024-10-01
CUS_0xbc7d_2024_08_01,CUS_0xbc7d,1/8/2024,10,2,10000,1000,1000,0,8000,1/10/2024,2024-10-01,2025-11-09 07:30:19.821879,data/lms_loan_daily.csv,2024-10-01
CUS_0xbc7f_2024_04_01,CUS_0xbc7f,1/4/2024,10,6,10000,1000,1000,0,4000,1/10/2024,2024-10-01,2025-11-09 07:30:19.821879,data/lms_loan_daily.csv,2024-10-01
CUS_0xbc99_2024_07_01,CUS_0xbc99,1/7/2024,10,3,10000,1000,1000,0,7000,1/10/2024,2024-10-01,2025-11-09 07:30:19.821879,data/lms_loan_daily.csv,2024-10-01
CUS_0xbc9c_2024_06_01,CUS_0xbc9c,1/6/2024,10,4,10000,1000,1000,0,6000,1/10/2024,2024-10-01,2025-11-09 07:30:19.821879,data/lms_loan_daily.csv,2024-10-01
CUS_0xbca4_2024_04_01,CUS_0xbca4,1/4/2024,10,6,10000,1000,1000,0,4000,1/10/2024,2024-10-01,2025-11-09 07:30:19.821879,data/lms_loan_daily.csv,2024-10-01
CUS_0xbca8_2024_09_01,CUS_0xbca8,1/9/2024,10,1,10000,1000,1000,0,9000,1/10/2024,2024-10-01,2025-11-09 07:30:19.821879,data/lms_loan_daily.csv,2024-10-01
CUS_0xbcb9_2024_09_01,CUS_0xbcb9,1/9/2024,10,1,10000,1000,1000,0,9000,1/10/2024,2024-10-01,2025-11-09 07:30:19.821879,data/lms_loan_daily.csv,2024-10-01
CUS_0xbcbe_2024_10_01,CUS_0xbcbe,1/10/2024,10,0,10000,0,0,0,10000,1/10/2024,2024-10-01,2025-11-09 07:30:19.821879,data/lms_loan_daily.csv,2024-10-01
CUS_0xbccc_2024_08_01,CUS_0xbccc,1/8/2024,10,2,10000,1000,1000,0,8000,1/10/2024,2024-10-01,2025-11-09 07:30:19.821879,data/lms_loan_daily.csv,2024-10-01
CUS_0xbcd8_2024_01_01,CUS_0xbcd8,1/1/2024,10,9,10000,1000,1000,0,1000,1/10/2024,2024-10-01,2025-11-09 07:30:19.821879,data/lms_loan_daily.csv,2024-10-01
CUS_0xbcdd_2024_09_01,CUS_0xbcdd,1/9/2024,10,1,10000,1000,1000,0,9000,1/10/2024,2024-10-01,2025-11-09 07:30:19.821879,data/lms_loan_daily.csv,2024-10-01
CUS_0xbcde_2024_07_01,CUS_0xbcde,1/7/2024,10,3,10000,1000,1000,0,7000,1/10/2024,2024-10-01,2025-11-09 07:30:19.821879,data/lms_loan_daily.csv,2024-10-01
CUS_0xbcdf_2024_05_01,CUS_0xbcdf,1/5/2024,10,5,10000,1000,1000,0,5000,1/10/2024,2024-10-01,2025-11-09 07:30:19.821879,data/lms_loan_daily.csv,2024-10-01
CUS_0xbcf_2024_07_01,CUS_0xbcf,1/7/2024,10,3,10000,1000,1000,0,7000,1/10/2024,2024-10-01,2025-11-09 07:30:19.821879,data/lms_loan_daily.csv,2024-10-01
CUS_0xbcfc_2024_04_01,CUS_0xbcfc,1/4/2024,10,6,10000,1000,0,4000,8000,1/10/2024,2024-10-01,2025-11-09 07:30:19.821879,data/lms_loan_daily.csv,2024-10-01
CUS_0xbd06_2024_02_01,CUS_0xbd06,1/2/2024,10,8,10000,1000,0,4000,6000,1/10/2024,2024-10-01,2025-11-09 07:30:19.821879,data/lms_loan_daily.csv,2024-10-01
CUS_0xbd07_2024_07_01,CUS_0xbd07,1/7/2024,10,3,10000,1000,1000,0,7000,1/10/2024,2024-10-01,2025-11-09 07:30:19.821879,data/lms_loan_daily.csv,2024-10-01
CUS_0xbd09_2024_08_01,CUS_0xbd09,1/8/2024,10,2,10000,1000,1000,0,8000,1/10/2024,2024-10-01,2025-11-09 07:30:19.821879,data/lms_loan_daily.csv,2024-10-01
CUS_0xbd0b_2024_08_01,CUS_0xbd0b,1/8/2024,10,2,10000,1000,1000,0,8000,1/10/2024,2024-10-01,2025-11-09 07:30:19.821879,data/lms_loan_daily.csv,2024-10-01
CUS_0xbd23_2023_12_01,CUS_0xbd23,1/12/2023,10,10,10000,1000,1000,0,0,1/10/2024,2024-10-01,2025-11-09 07:30:19.821879,data/lms_loan_daily.csv,2024-10-01
CUS_0xbd2d_2024_01_01,CUS_0xbd2d,1/1/2024,10,9,10000,1000,1000,0,1000,1/10/2024,2024-10-01,2025-11-09 07:30:19.821879,data/lms_loan_daily.csv,2024-10-01
CUS_0xbd2e_2024_09_01,CUS_0xbd2e,1/9/2024,10,1,10000,1000,1000,0,9000,1/10/2024,2024-10-01,2025-11-09 07:30:19.821879,data/lms_loan_daily.csv,2024-10-01
CUS_0xbd32_2024_06_01,CUS_0xbd32,1/6/2024,10,4,10000,1000,3000,0,6000,1/10/2024,2024-10-01,2025-11-09 07:30:19.821879,data/lms_loan_daily.csv,2024-10-01
CUS_0xbd37_2024_02_01,CUS_0xbd37,1/2/2024,10,8,10000,1000,1000,0,2000,1/10/2024,2024-10-01,2025-11-09 07:30:19.821879,data/lms_loan_daily.csv,2024-10-01
CUS_0xbd3d_2024_02_01,CUS_0xbd3d,1/2/2024,10,8,10000,1000,1000,0,2000,1/10/2024,2024-10-01,2025-11-09 07:30:19.821879,data/lms_loan_daily.csv,2024-10-01
CUS_0xbd4_2024_02_01,CUS_0xbd4,1/2/2024,10,8,10000,1000,1000,0,2000,1/10/2024,2024-10-01,2025-11-09 07:30:19.821879,data/lms_loan_daily.csv,2024-10-01
CUS_0xbd45_2024_03_01,CUS_0xbd45,1/3/2024,10,7,10000,1000,1000,0,3000,1/10/2024,2024-10-01,2025-11-09 07:30:19.821879,data/lms_loan_daily.csv,2024-10-01
CUS_0xbd46_2024_05_01,CUS_0xbd46,1/5/2024,10,5,10000,1000,1000,0,5000,1/10/2024,2024-10-01,2025-11-09 07:30:19.821879,data/lms_loan_daily.csv,2024-10-01
CUS_0xbd4a_2024_05_01,CUS_0xbd4a,1/5/2024,10,5,10000,1000,1000,0,5000,1/10/2024,2024-10-01,2025-11-09 07:30:19.821879,data/lms_loan_daily.csv,2024-10-01
CUS_0xbd5_2024_04_01,CUS_0xbd5,1/4/2024,10,6,10000,1000,1000,0,4000,1/10/2024,2024-10-01,2025-11-09 07:30:19.821879,data/lms_loan_daily.csv,2024-10-01
CUS_0xbd54_2024_09_01,CUS_0xbd54,1/9/2024,10,1,10000,1000,1000,0,9000,1/10/2024,2024-10-01,2025-11-09 07:30:19.821879,data/lms_loan_daily.csv,2024-10-01
CUS_0xbd57_2024_01_01,CUS_0xbd57,1/1/2024,10,9,10000,1000,1000,0,1000,1/10/2024,2024-10-01,2025-11-09 07:30:19.821879,data/lms_loan_daily.csv,2024-10-01
CUS_0xbd5b_2024_07_01,CUS_0xbd5b,1/7/2024,10,3,10000,1000,1000,0,7000,1/10/2024,2024-10-01,2025-11-09 07:30:19.821879,data/lms_loan_daily.csv,2024-10-01
CUS_0xbd72_2024_05_01,CUS_0xbd72,1/5/2024,10,5,10000,1000,1000,0,5000,1/10/2024,2024-10-01,2025-11-09 07:30:19.821879,data/lms_loan_daily.csv,2024-10-01
CUS_0xbd76_2024_04_01,CUS_0xbd76,1/4/2024,10,6,10000,1000,1000,0,4000,1/10/2024,2024-10-01,2025-11-09 07:30:19.821879,data/lms_loan_daily.csv,2024-10-01
CUS_0xbd7c_2024_03_01,CUS_0xbd7c,1/3/2024,10,7,10000,1000,1000,0,3000,1/10/2024,2024-10-01,2025-11-09 07:30:19.821879,data/lms_loan_daily.csv,2024-10-01
CUS_0xbd89_2023_12_01,CUS_0xbd89,1/12/2023,10,10,10000,1000,1000,0,0,1/10/2024,2024-10-01,2025-11-09 07:30:19.821879,data/lms_loan_daily.csv,2024-10-01
CUS_0xbd90_2024_04_01,CUS_0xbd90,1/4/2024,10,6,10000,1000,1000,0,4000,1/10/2024,2024-10-01,2025-11-09 07:30:19.821879,data/lms_loan_daily.csv,2024-10-01
CUS_0xbd9b_2024_08_01,CUS_0xbd9b,1/8/2024,10,2,10000,1000,0,1000,9000,1/10/2024,2024-10-01,2025-11-09 07:30:19.821879,data/lms_loan_daily.csv,2024-10-01
CUS_0xbd9f_2024_04_01,CUS_0xbd9f,1/4/2024,10,6,10000,1000,1000,0,4000,1/10/2024,2024-10-01,2025-11-09 07:30:19.821879,data/lms_loan_daily.csv,2024-10-01
CUS_0xbda_2024_01_01,CUS_0xbda,1/1/2024,10,9,10000,1000,0,7000,8000,1/10/2024,2024-10-01,2025-11-09 07:30:19.821879,data/lms_loan_daily.csv,2024-10-01
CUS_0xbda3_2024_04_01,CUS_0xbda3,1/4/2024,10,6,10000,1000,0,4000,8000,1/10/2024,2024-10-01,2025-11-09 07:30:19.821879,data/lms_loan_daily.csv,2024-10-01
CUS_0xbda6_2024_06_01,CUS_0xbda6,1/6/2024,10,4,10000,1000,1000,0,6000,1/10/2024,2024-10-01,2025-11-09 07:30:19.821879,data/lms_loan_daily.csv,2024-10-01
CUS_0xbda9_2024_03_01,CUS_0xbda9,1/3/2024,10,7,10000,1000,0,3000,6000,1/10/2024,2024-10-01,2025-11-09 07:30:19.821879,data/lms_loan_daily.csv,2024-10-01
CUS_0xbdac_2024_04_01,CUS_0xbdac,1/4/2024,10,6,10000,1000,1000,0,4000,1/10/2024,2024-10-01,2025-11-09 07:30:19.821879,data/lms_loan_daily.csv,2024-10-01
CUS_0xbdb4_2024_01_01,CUS_0xbdb4,1/1/2024,10,9,10000,1000,0,6000,7000,1/10/2024,2024-10-01,2025-11-09 07:30:19.821879,data/lms_loan_daily.csv,2024-10-01
CUS_0xbdbf_2024_08_01,CUS_0xbdbf,1/8/2024,10,2,10000,1000,1000,0,8000,1/10/2024,2024-10-01,2025-11-09 07:30:19.821879,data/lms_loan_daily.csv,2024-10-01
CUS_0xbdc7_2024_05_01,CUS_0xbdc7,1/5/2024,10,5,10000,1000,1000,0,5000,1/10/2024,2024-10-01,2025-11-09 07:30:19.821879,data/lms_loan_daily.csv,2024-10-01
CUS_0xbdca_2024_03_01,CUS_0xbdca,1/3/2024,10,7,10000,1000,1000,0,3000,1/10/2024,2024-10-01,2025-11-09 07:30:19.821879,data/lms_loan_daily.csv,2024-10-01
CUS_0xbde6_2024_02_01,CUS_0xbde6,1/2/2024,10,8,10000,1000,1000,0,2000,1/10/2024,2024-10-01,2025-11-09 07:30:19.821879,data/lms_loan_daily.csv,2024-10-01
CUS_0xbded_2024_10_01,CUS_0xbded,1/10/2024,10,0,10000,0,0,0,10000,1/10/2024,2024-10-01,2025-11-09 07:30:19.821879,data/lms_loan_daily.csv,2024-10-01
CUS_0xbdee_2024_08_01,CUS_0xbdee,1/8/2024,10,2,10000,1000,1000,0,8000,1/10/2024,2024-10-01,2025-11-09 07:30:19.821879,data/lms_loan_daily.csv,2024-10-01
CUS_0xbdf7_2024_06_01,CUS_0xbdf7,1/6/2024,10,4,10000,1000,1000,0,6000,1/10/2024,2024-10-01,2025-11-09 07:30:19.821879,data/lms_loan_daily.csv,2024-10-01
CUS_0xbdf9_2024_01_01,CUS_0xbdf9,1/1/2024,10,9,10000,1000,0,6000,7000,1/10/2024,2024-10-01,2025-11-09 07:30:19.821879,data/lms_loan_daily.csv,2024-10-01
CUS_0xbe00_2024_09_01,CUS_0xbe00,1/9/2024,10,1,10000,1000,1000,0,9000,1/10/2024,2024-10-01,2025-11-09 07:30:19.821879,data/lms_loan_daily.csv,2024-10-01
CUS_0xbe1_2024_05_01,CUS_0xbe1,1/5/2024,10,5,10000,1000,1000,0,5000,1/10/2024,2024-10-01,2025-11-09 07:30:19.821879,data/lms_loan_daily.csv,2024-10-01
CUS_0xbe29_2024_04_01,CUS_0xbe29,1/4/2024,10,6,10000,1000,1000,0,4000,1/10/2024,2024-10-01,2025-11-09 07:30:19.821879,data/lms_loan_daily.csv,2024-10-01
CUS_0xbe49_2024_05_01,CUS_0xbe49,1/5/2024,10,5,10000,1000,0,1000,6000,1/10/2024,2024-10-01,2025-11-09 07:30:19.821879,data/lms_loan_daily.csv,2024-10-01
CUS_0xbe4c_2024_08_01,CUS_0xbe4c,1/8/2024,10,2,10000,1000,1000,0,8000,1/10/2024,2024-10-01,2025-11-09 07:30:19.821879,data/lms_loan_daily.csv,2024-10-01
CUS_0xbe56_2024_05_01,CUS_0xbe56,1/5/2024,10,5,10000,1000,1000,0,5000,1/10/2024,2024-10-01,2025-11-09 07:30:19.821879,data/lms_loan_daily.csv,2024-10-01
CUS_0xbe63_2024_06_01,CUS_0xbe63,1/6/2024,10,4,10000,1000,1000,0,6000,1/10/2024,2024-10-01,2025-11-09 07:30:19.821879,data/lms_loan_daily.csv,2024-10-01
CUS_0xbe68_2024_07_01,CUS_0xbe68,1/7/2024,10,3,10000,1000,1000,0,7000,1/10/2024,2024-10-01,2025-11-09 07:30:19.821879,data/lms_loan_daily.csv,2024-10-01
CUS_0xbe89_2023_12_01,CUS_0xbe89,1/12/2023,10,10,10000,1000,1000,0,0,1/10/2024,2024-10-01,2025-11-09 07:30:19.821879,data/lms_loan_daily.csv,2024-10-01
CUS_0xbe9_2024_05_01,CUS_0xbe9,1/5/2024,10,5,10000,1000,0,3000,8000,1/10/2024,2024-10-01,2025-11-09 07:30:19.821879,data/lms_loan_daily.csv,2024-10-01
CUS_0xbe97_2024_09_01,CUS_0xbe97,1/9/2024,10,1,10000,1000,1000,0,9000,1/10/2024,2024-10-01,2025-11-09 07:30:19.821879,data/lms_loan_daily.csv,2024-10-01
CUS_0xbeaf_2024_09_01,CUS_0xbeaf,1/9/2024,10,1,10000,1000,0,1000,10000,1/10/2024,2024-10-01,2025-11-09 07:30:19.821879,data/lms_loan_daily.csv,2024-10-01
CUS_0xbebc_2024_08_01,CUS_0xbebc,1/8/2024,10,2,10000,1000,1000,0,8000,1/10/2024,2024-10-01,2025-11-09 07:30:19.821879,data/lms_loan_daily.csv,2024-10-01
CUS_0xbec0_2024_05_01,CUS_0xbec0,1/5/2024,10,5,10000,1000,1000,0,5000,1/10/2024,2024-10-01,2025-11-09 07:30:19.821879,data/lms_loan_daily.csv,2024-10-01
CUS_0xbec6_2024_06_01,CUS_0xbec6,1/6/2024,10,4,10000,1000,1000,0,6000,1/10/2024,2024-10-01,2025-11-09 07:30:19.821879,data/lms_loan_daily.csv,2024-10-01
CUS_0xbeca_2024_08_01,CUS_0xbeca,1/8/2024,10,2,10000,1000,1000,0,8000,1/10/2024,2024-10-01,2025-11-09 07:30:19.821879,data/lms_loan_daily.csv,2024-10-01
CUS_0xbed_2024_02_01,CUS_0xbed,1/2/2024,10,8,10000,1000,1000,0,2000,1/10/2024,2024-10-01,2025-11-09 07:30:19.821879,data/lms_loan_daily.csv,2024-10-01
CUS_0xbed8_2024_03_01,CUS_0xbed8,1/3/2024,10,7,10000,1000,1000,0,3000,1/10/2024,2024-10-01,2025-11-09 07:30:19.821879,data/lms_loan_daily.csv,2024-10-01
CUS_0xbed9_2024_04_01,CUS_0xbed9,1/4/2024,10,6,10000,1000,1000,0,4000,1/10/2024,2024-10-01,2025-11-09 07:30:19.821879,data/lms_loan_daily.csv,2024-10-01
CUS_0xbede_2024_02_01,CUS_0xbede,1/2/2024,10,8,10000,1000,1000,0,2000,1/10/2024,2024-10-01,2025-11-09 07:30:19.821879,data/lms_loan_daily.csv,2024-10-01
CUS_0xbee4_2024_03_01,CUS_0xbee4,1/3/2024,10,7,10000,1000,0,5000,8000,1/10/2024,2024-10-01,2025-11-09 07:30:19.821879,data/lms_loan_daily.csv,2024-10-01
CUS_0xbeef_2023_12_01,CUS_0xbeef,1/12/2023,10,10,10000,1000,1000,0,0,1/10/2024,2024-10-01,2025-11-09 07:30:19.821879,data/lms_loan_daily.csv,2024-10-01
CUS_0xbef8_2024_07_01,CUS_0xbef8,1/7/2024,10,3,10000,1000,1000,0,7000,1/10/2024,2024-10-01,2025-11-09 07:30:19.821879,data/lms_loan_daily.csv,2024-10-01
CUS_0xbf09_2024_03_01,CUS_0xbf09,1/3/2024,10,7,10000,1000,0,6000,9000,1/10/2024,2024-10-01,2025-11-09 07:30:19.821879,data/lms_loan_daily.csv,2024-10-01
CUS_0xbf11_2024_06_01,CUS_0xbf11,1/6/2024,10,4,10000,1000,0,3000,9000,1/10/2024,2024-10-01,2025-11-09 07:30:19.821879,data/lms_loan_daily.csv,2024-10-01
CUS_0xbf1d_2023_12_01,CUS_0xbf1d,1/12/2023,10,10,10000,1000,1000,0,0,1/10/2024,2024-10-01,2025-11-09 07:30:19.821879,data/lms_loan_daily.csv,2024-10-01
CUS_0xbf2e_2024_06_01,CUS_0xbf2e,1/6/2024,10,4,10000,1000,1000,0,6000,1/10/2024,2024-10-01,2025-11-09 07:30:19.821879,data/lms_loan_daily.csv,2024-10-01
CUS_0xbf43_2024_07_01,CUS_0xbf43,1/7/2024,10,3,10000,1000,1000,0,7000,1/10/2024,2024-10-01,2025-11-09 07:30:19.821879,data/lms_loan_daily.csv,2024-10-01
CUS_0xbf4d_2024_05_01,CUS_0xbf4d,1/5/2024,10,5,10000,1000,1000,0,5000,1/10/2024,2024-10-01,2025-11-09 07:30:19.821879,data/lms_loan_daily.csv,2024-10-01
CUS_0xbf53_2024_03_01,CUS_0xbf53,1/3/2024,10,7,10000,1000,0,3000,6000,1/10/2024,2024-10-01,2025-11-09 07:30:19.821879,data/lms_loan_daily.csv,2024-10-01
CUS_0xbf64_2024_01_01,CUS_0xbf64,1/1/2024,10,9,10000,1000,1000,0,1000,1/10/2024,2024-10-01,2025-11-09 07:30:19.821879,data/lms_loan_daily.csv,2024-10-01
CUS_0xbf67_2024_06_01,CUS_0xbf67,1/6/2024,10,4,10000,1000,1000,0,6000,1/10/2024,2024-10-01,2025-11-09 07:30:19.821879,data/lms_loan_daily.csv,2024-10-01
CUS_0xbf6b_2024_10_01,CUS_0xbf6b,1/10/2024,10,0,10000,0,0,0,10000,1/10/2024,2024-10-01,2025-11-09 07:30:19.821879,data/lms_loan_daily.csv,2024-10-01
CUS_0xbf6e_2024_05_01,CUS_0xbf6e,1/5/2024,10,5,10000,1000,1000,0,5000,1/10/2024,2024-10-01,2025-11-09 07:30:19.821879,data/lms_loan_daily.csv,2024-10-01
CUS_0xbf8f_2023_12_01,CUS_0xbf8f,1/12/2023,10,10,10000,1000,1000,0,0,1/10/2024,2024-10-01,2025-11-09 07:30:19.821879,data/lms_loan_daily.csv,2024-10-01
CUS_0xbf94_2024_09_01,CUS_0xbf94,1/9/2024,10,1,10000,1000,1000,0,9000,1/10/2024,2024-10-01,2025-11-09 07:30:19.821879,data/lms_loan_daily.csv,2024-10-01
CUS_0xbf99_2024_10_01,CUS_0xbf99,1/10/2024,10,0,10000,0,0,0,10000,1/10/2024,2024-10-01,2025-11-09 07:30:19.821879,data/lms_loan_daily.csv,2024-10-01
CUS_0xbf9a_2024_06_01,CUS_0xbf9a,1/6/2024,10,4,10000,1000,0,1000,7000,1/10/2024,2024-10-01,2025-11-09 07:30:19.821879,data/lms_loan_daily.csv,2024-10-01
CUS_0xbf9c_2024_01_01,CUS_0xbf9c,1/1/2024,10,9,10000,1000,1000,0,1000,1/10/2024,2024-10-01,2025-11-09 07:30:19.821879,data/lms_loan_daily.csv,2024-10-01
CUS_0xbfa0_2024_08_01,CUS_0xbfa0,1/8/2024,10,2,10000,1000,1000,0,8000,1/10/2024,2024-10-01,2025-11-09 07:30:19.821879,data/lms_loan_daily.csv,2024-10-01
CUS_0xbfa7_2024_02_01,CUS_0xbfa7,1/2/2024,10,8,10000,1000,1000,0,2000,1/10/2024,2024-10-01,2025-11-09 07:30:19.821879,data/lms_loan_daily.csv,2024-10-01
CUS_0xbfa8_2024_04_01,CUS_0xbfa8,1/4/2024,10,6,10000,1000,1000,0,4000,1/10/2024,2024-10-01,2025-11-09 07:30:19.821879,data/lms_loan_daily.csv,2024-10-01
CUS_0xbfcb_2024_02_01,CUS_0xbfcb,1/2/2024,10,8,10000,1000,1000,0,2000,1/10/2024,2024-10-01,2025-11-09 07:30:19.821879,data/lms_loan_daily.csv,2024-10-01
CUS_0xbfd2_2024_08_01,CUS_0xbfd2,1/8/2024,10,2,10000,1000,1000,0,8000,1/10/2024,2024-10-01,2025-11-09 07:30:19.821879,data/lms_loan_daily.csv,2024-10-01
CUS_0xbfdb_2024_03_01,CUS_0xbfdb,1/3/2024,10,7,10000,1000,1000,0,3000,1/10/2024,2024-10-01,2025-11-09 07:30:19.821879,data/lms_loan_daily.csv,2024-10-01
CUS_0xbfed_2024_08_01,CUS_0xbfed,1/8/2024,10,2,10000,1000,1000,0,8000,1/10/2024,2024-10-01,2025-11-09 07:30:19.821879,data/lms_loan_daily.csv,2024-10-01
CUS_0xc00f_2024_05_01,CUS_0xc00f,1/5/2024,10,5,10000,1000,1000,0,5000,1/10/2024,2024-10-01,2025-11-09 07:30:19.821879,data/lms_loan_daily.csv,2024-10-01
CUS_0xc015_2024_08_01,CUS_0xc015,1/8/2024,10,2,10000,1000,1000,0,8000,1/10/2024,2024-10-01,2025-11-09 07:30:19.821879,data/lms_loan_daily.csv,2024-10-01
CUS_0xc016_2024_06_01,CUS_0xc016,1/6/2024,10,4,10000,1000,1000,0,6000,1/10/2024,2024-10-01,2025-11-09 07:30:19.821879,data/lms_loan_daily.csv,2024-10-01
CUS_0xc01e_2024_07_01,CUS_0xc01e,1/7/2024,10,3,10000,1000,0,1000,8000,1/10/2024,2024-10-01,2025-11-09 07:30:19.821879,data/lms_loan_daily.csv,2024-10-01
CUS_0xc029_2024_05_01,CUS_0xc029,1/5/2024,10,5,10000,1000,0,2000,7000,1/10/2024,2024-10-01,2025-11-09 07:30:19.821879,data/lms_loan_daily.csv,2024-10-01
CUS_0xc02d_2024_06_01,CUS_0xc02d,1/6/2024,10,4,10000,1000,1000,0,6000,1/10/2024,2024-10-01,2025-11-09 07:30:19.821879,data/lms_loan_daily.csv,2024-10-01
CUS_0xc03a_2024_10_01,CUS_0xc03a,1/10/2024,10,0,10000,0,0,0,10000,1/10/2024,2024-10-01,2025-11-09 07:30:19.821879,data/lms_loan_daily.csv,2024-10-01
CUS_0xc04_2024_04_01,CUS_0xc04,1/4/2024,10,6,10000,1000,1000,0,4000,1/10/2024,2024-10-01,2025-11-09 07:30:19.821879,data/lms_loan_daily.csv,2024-10-01
CUS_0xc045_2024_03_01,CUS_0xc045,1/3/2024,10,7,10000,1000,1000,0,3000,1/10/2024,2024-10-01,2025-11-09 07:30:19.821879,data/lms_loan_daily.csv,2024-10-01
CUS_0xc04a_2024_09_01,CUS_0xc04a,1/9/2024,10,1,10000,1000,1000,0,9000,1/10/2024,2024-10-01,2025-11-09 07:30:19.821879,data/lms_loan_daily.csv,2024-10-01
CUS_0xc04f_2024_02_01,CUS_0xc04f,1/2/2024,10,8,10000,1000,0,6000,8000,1/10/2024,2024-10-01,2025-11-09 07:30:19.821879,data/lms_loan_daily.csv,2024-10-01
CUS_0xc050_2024_07_01,CUS_0xc050,1/7/2024,10,3,10000,1000,1000,0,7000,1/10/2024,2024-10-01,2025-11-09 07:30:19.821879,data/lms_loan_daily.csv,2024-10-01
CUS_0xc064_2024_10_01,CUS_0xc064,1/10/2024,10,0,10000,0,0,0,10000,1/10/2024,2024-10-01,2025-11-09 07:30:19.821879,data/lms_loan_daily.csv,2024-10-01
CUS_0xc06e_2024_08_01,CUS_0xc06e,1/8/2024,10,2,10000,1000,1000,0,8000,1/10/2024,2024-10-01,2025-11-09 07:30:19.821879,data/lms_loan_daily.csv,2024-10-01
CUS_0xc072_2024_04_01,CUS_0xc072,1/4/2024,10,6,10000,1000,0,5000,9000,1/10/2024,2024-10-01,2025-11-09 07:30:19.821879,data/lms_loan_daily.csv,2024-10-01
CUS_0xc07c_2024_04_01,CUS_0xc07c,1/4/2024,10,6,10000,1000,1000,0,4000,1/10/2024,2024-10-01,2025-11-09 07:30:19.821879,data/lms_loan_daily.csv,2024-10-01
CUS_0xc08b_2024_06_01,CUS_0xc08b,1/6/2024,10,4,10000,1000,1000,0,6000,1/10/2024,2024-10-01,2025-11-09 07:30:19.821879,data/lms_loan_daily.csv,2024-10-01
CUS_0xc090_2024_01_01,CUS_0xc090,1/1/2024,10,9,10000,1000,1000,0,1000,1/10/2024,2024-10-01,2025-11-09 07:30:19.821879,data/lms_loan_daily.csv,2024-10-01
CUS_0xc09f_2024_01_01,CUS_0xc09f,1/1/2024,10,9,10000,1000,1000,0,1000,1/10/2024,2024-10-01,2025-11-09 07:30:19.821879,data/lms_loan_daily.csv,2024-10-01
CUS_0xc0a4_2024_02_01,CUS_0xc0a4,1/2/2024,10,8,10000,1000,1000,0,2000,1/10/2024,2024-10-01,2025-11-09 07:30:19.821879,data/lms_loan_daily.csv,2024-10-01
CUS_0xc0ab_2024_08_01,CUS_0xc0ab,1/8/2024,10,2,10000,1000,1000,0,8000,1/10/2024,2024-10-01,2025-11-09 07:30:19.821879,data/lms_loan_daily.csv,2024-10-01
CUS_0xc0b3_2024_07_01,CUS_0xc0b3,1/7/2024,10,3,10000,1000,0,1000,8000,1/10/2024,2024-10-01,2025-11-09 07:30:19.821879,data/lms_loan_daily.csv,2024-10-01
CUS_0xc0cd_2024_01_01,CUS_0xc0cd,1/1/2024,10,9,10000,1000,0,8000,9000,1/10/2024,2024-10-01,2025-11-09 07:30:19.821879,data/lms_loan_daily.csv,2024-10-01
CUS_0xc0d_2024_07_01,CUS_0xc0d,1/7/2024,10,3,10000,1000,1000,0,7000,1/10/2024,2024-10-01,2025-11-09 07:30:19.821879,data/lms_loan_daily.csv,2024-10-01
CUS_0xc0d7_2024_08_01,CUS_0xc0d7,1/8/2024,10,2,10000,1000,0,1000,9000,1/10/2024,2024-10-01,2025-11-09 07:30:19.821879,data/lms_loan_daily.csv,2024-10-01
CUS_0xc0f3_2024_02_01,CUS_0xc0f3,1/2/2024,10,8,10000,1000,1000,0,2000,1/10/2024,2024-10-01,2025-11-09 07:30:19.821879,data/lms_loan_daily.csv,2024-10-01
CUS_0xc0ff_2024_06_01,CUS_0xc0ff,1/6/2024,10,4,10000,1000,1000,0,6000,1/10/2024,2024-10-01,2025-11-09 07:30:19.821879,data/lms_loan_daily.csv,2024-10-01
CUS_0xc113_2024_05_01,CUS_0xc113,1/5/2024,10,5,10000,1000,1000,0,5000,1/10/2024,2024-10-01,2025-11-09 07:30:19.821879,data/lms_loan_daily.csv,2024-10-01
CUS_0xc11e_2023_12_01,CUS_0xc11e,1/12/2023,10,10,10000,1000,1000,0,0,1/10/2024,2024-10-01,2025-11-09 07:30:19.821879,data/lms_loan_daily.csv,2024-10-01
CUS_0xc125_2024_08_01,CUS_0xc125,1/8/2024,10,2,10000,1000,1000,0,8000,1/10/2024,2024-10-01,2025-11-09 07:30:19.821879,data/lms_loan_daily.csv,2024-10-01
CUS_0xc127_2024_04_01,CUS_0xc127,1/4/2024,10,6,10000,1000,1000,0,4000,1/10/2024,2024-10-01,2025-11-09 07:30:19.821879,data/lms_loan_daily.csv,2024-10-01
CUS_0xc12e_2024_06_01,CUS_0xc12e,1/6/2024,10,4,10000,1000,1000,0,6000,1/10/2024,2024-10-01,2025-11-09 07:30:19.821879,data/lms_loan_daily.csv,2024-10-01
CUS_0xc12f_2024_06_01,CUS_0xc12f,1/6/2024,10,4,10000,1000,1000,0,6000,1/10/2024,2024-10-01,2025-11-09 07:30:19.821879,data/lms_loan_daily.csv,2024-10-01
CUS_0xc131_2024_01_01,CUS_0xc131,1/1/2024,10,9,10000,1000,0,6000,7000,1/10/2024,2024-10-01,2025-11-09 07:30:19.821879,data/lms_loan_daily.csv,2024-10-01
CUS_0xc134_2024_01_01,CUS_0xc134,1/1/2024,10,9,10000,1000,1000,0,1000,1/10/2024,2024-10-01,2025-11-09 07:30:19.821879,data/lms_loan_daily.csv,2024-10-01
CUS_0xc140_2024_02_01,CUS_0xc140,1/2/2024,10,8,10000,1000,1000,0,2000,1/10/2024,2024-10-01,2025-11-09 07:30:19.821879,data/lms_loan_daily.csv,2024-10-01
CUS_0xc142_2024_09_01,CUS_0xc142,1/9/2024,10,1,10000,1000,1000,0,9000,1/10/2024,2024-10-01,2025-11-09 07:30:19.821879,data/lms_loan_daily.csv,2024-10-01
CUS_0xc143_2024_02_01,CUS_0xc143,1/2/2024,10,8,10000,1000,1000,0,2000,1/10/2024,2024-10-01,2025-11-09 07:30:19.821879,data/lms_loan_daily.csv,2024-10-01
CUS_0xc146_2024_07_01,CUS_0xc146,1/7/2024,10,3,10000,1000,1000,0,7000,1/10/2024,2024-10-01,2025-11-09 07:30:19.821879,data/lms_loan_daily.csv,2024-10-01
CUS_0xc150_2024_05_01,CUS_0xc150,1/5/2024,10,5,10000,1000,1000,0,5000,1/10/2024,2024-10-01,2025-11-09 07:30:19.821879,data/lms_loan_daily.csv,2024-10-01
CUS_0xc156_2024_02_01,CUS_0xc156,1/2/2024,10,8,10000,1000,1000,0,2000,1/10/2024,2024-10-01,2025-11-09 07:30:19.821879,data/lms_loan_daily.csv,2024-10-01
CUS_0xc163_2024_03_01,CUS_0xc163,1/3/2024,10,7,10000,1000,1000,0,3000,1/10/2024,2024-10-01,2025-11-09 07:30:19.821879,data/lms_loan_daily.csv,2024-10-01
CUS_0xc165_2024_06_01,CUS_0xc165,1/6/2024,10,4,10000,1000,1000,0,6000,1/10/2024,2024-10-01,2025-11-09 07:30:19.821879,data/lms_loan_daily.csv,2024-10-01
CUS_0xc166_2023_12_01,CUS_0xc166,1/12/2023,10,10,10000,1000,1000,0,0,1/10/2024,2024-10-01,2025-11-09 07:30:19.821879,data/lms_loan_daily.csv,2024-10-01
CUS_0xc180_2024_06_01,CUS_0xc180,1/6/2024,10,4,10000,1000,1000,0,6000,1/10/2024,2024-10-01,2025-11-09 07:30:19.821879,data/lms_loan_daily.csv,2024-10-01
CUS_0xc181_2023_12_01,CUS_0xc181,1/12/2023,10,10,10000,1000,1000,0,0,1/10/2024,2024-10-01,2025-11-09 07:30:19.821879,data/lms_loan_daily.csv,2024-10-01
CUS_0xc187_2024_05_01,CUS_0xc187,1/5/2024,10,5,10000,1000,0,2000,7000,1/10/2024,2024-10-01,2025-11-09 07:30:19.821879,data/lms_loan_daily.csv,2024-10-01
CUS_0xc18f_2023_12_01,CUS_0xc18f,1/12/2023,10,10,10000,1000,1000,0,0,1/10/2024,2024-10-01,2025-11-09 07:30:19.821879,data/lms_loan_daily.csv,2024-10-01
CUS_0xc192_2024_03_01,CUS_0xc192,1/3/2024,10,7,10000,1000,1000,0,3000,1/10/2024,2024-10-01,2025-11-09 07:30:19.821879,data/lms_loan_daily.csv,2024-10-01
CUS_0xc19f_2024_07_01,CUS_0xc19f,1/7/2024,10,3,10000,1000,1000,0,7000,1/10/2024,2024-10-01,2025-11-09 07:30:19.821879,data/lms_loan_daily.csv,2024-10-01
CUS_0xc1a1_2024_09_01,CUS_0xc1a1,1/9/2024,10,1,10000,1000,1000,0,9000,1/10/2024,2024-10-01,2025-11-09 07:30:19.821879,data/lms_loan_daily.csv,2024-10-01
CUS_0xc1a2_2024_09_01,CUS_0xc1a2,1/9/2024,10,1,10000,1000,1000,0,9000,1/10/2024,2024-10-01,2025-11-09 07:30:19.821879,data/lms_loan_daily.csv,2024-10-01
CUS_0xc1a7_2024_02_01,CUS_0xc1a7,1/2/2024,10,8,10000,1000,1000,0,2000,1/10/2024,2024-10-01,2025-11-09 07:30:19.821879,data/lms_loan_daily.csv,2024-10-01
CUS_0xc1b6_2024_10_01,CUS_0xc1b6,1/10/2024,10,0,10000,0,0,0,10000,1/10/2024,2024-10-01,2025-11-09 07:30:19.821879,data/lms_loan_daily.csv,2024-10-01
CUS_0xc1b9_2024_01_01,CUS_0xc1b9,1/1/2024,10,9,10000,1000,1000,0,1000,1/10/2024,2024-10-01,2025-11-09 07:30:19.821879,data/lms_loan_daily.csv,2024-10-01
CUS_0xc1c_2024_03_01,CUS_0xc1c,1/3/2024,10,7,10000,1000,1000,0,3000,1/10/2024,2024-10-01,2025-11-09 07:30:19.821879,data/lms_loan_daily.csv,2024-10-01
CUS_0xc1c6_2024_03_01,CUS_0xc1c6,1/3/2024,10,7,10000,1000,1000,0,3000,1/10/2024,2024-10-01,2025-11-09 07:30:19.821879,data/lms_loan_daily.csv,2024-10-01
CUS_0xc1ce_2024_01_01,CUS_0xc1ce,1/1/2024,10,9,10000,1000,0,5000,6000,1/10/2024,2024-10-01,2025-11-09 07:30:19.821879,data/lms_loan_daily.csv,2024-10-01
CUS_0xc1d9_2024_07_01,CUS_0xc1d9,1/7/2024,10,3,10000,1000,1000,0,7000,1/10/2024,2024-10-01,2025-11-09 07:30:19.821879,data/lms_loan_daily.csv,2024-10-01
CUS_0xc1db_2024_07_01,CUS_0xc1db,1/7/2024,10,3,10000,1000,1000,0,7000,1/10/2024,2024-10-01,2025-11-09 07:30:19.821879,data/lms_loan_daily.csv,2024-10-01
CUS_0xc1dc_2023_12_01,CUS_0xc1dc,1/12/2023,10,10,10000,1000,1000,0,0,1/10/2024,2024-10-01,2025-11-09 07:30:19.821879,data/lms_loan_daily.csv,2024-10-01
CUS_0xc1e9_2024_07_01,CUS_0xc1e9,1/7/2024,10,3,10000,1000,1000,0,7000,1/10/2024,2024-10-01,2025-11-09 07:30:19.821879,data/lms_loan_daily.csv,2024-10-01
CUS_0xc1f0_2024_07_01,CUS_0xc1f0,1/7/2024,10,3,10000,1000,1000,0,7000,1/10/2024,2024-10-01,2025-11-09 07:30:19.821879,data/lms_loan_daily.csv,2024-10-01
CUS_0xc1f7_2024_09_01,CUS_0xc1f7,1/9/2024,10,1,10000,1000,1000,0,9000,1/10/2024,2024-10-01,2025-11-09 07:30:19.821879,data/lms_loan_daily.csv,2024-10-01
CUS_0xc1fa_2024_06_01,CUS_0xc1fa,1/6/2024,10,4,10000,1000,0,1000,7000,1/10/2024,2024-10-01,2025-11-09 07:30:19.821879,data/lms_loan_daily.csv,2024-10-01
CUS_0xc208_2024_01_01,CUS_0xc208,1/1/2024,10,9,10000,1000,1000,0,1000,1/10/2024,2024-10-01,2025-11-09 07:30:19.821879,data/lms_loan_daily.csv,2024-10-01
CUS_0xc211_2024_07_01,CUS_0xc211,1/7/2024,10,3,10000,1000,1000,0,7000,1/10/2024,2024-10-01,2025-11-09 07:30:19.821879,data/lms_loan_daily.csv,2024-10-01
CUS_0xc218_2024_06_01,CUS_0xc218,1/6/2024,10,4,10000,1000,0,2000,8000,1/10/2024,2024-10-01,2025-11-09 07:30:19.821879,data/lms_loan_daily.csv,2024-10-01
CUS_0xc21e_2024_07_01,CUS_0xc21e,1/7/2024,10,3,10000,1000,1000,0,7000,1/10/2024,2024-10-01,2025-11-09 07:30:19.821879,data/lms_loan_daily.csv,2024-10-01
CUS_0xc222_2024_01_01,CUS_0xc222,1/1/2024,10,9,10000,1000,1000,0,1000,1/10/2024,2024-10-01,2025-11-09 07:30:19.821879,data/lms_loan_daily.csv,2024-10-01
CUS_0xc247_2024_02_01,CUS_0xc247,1/2/2024,10,8,10000,1000,1000,0,2000,1/10/2024,2024-10-01,2025-11-09 07:30:19.821879,data/lms_loan_daily.csv,2024-10-01
CUS_0xc249_2024_05_01,CUS_0xc249,1/5/2024,10,5,10000,1000,1000,0,5000,1/10/2024,2024-10-01,2025-11-09 07:30:19.821879,data/lms_loan_daily.csv,2024-10-01
CUS_0xc24a_2024_04_01,CUS_0xc24a,1/4/2024,10,6,10000,1000,1000,0,4000,1/10/2024,2024-10-01,2025-11-09 07:30:19.821879,data/lms_loan_daily.csv,2024-10-01
CUS_0xc24c_2024_01_01,CUS_0xc24c,1/1/2024,10,9,10000,1000,1000,0,1000,1/10/2024,2024-10-01,2025-11-09 07:30:19.821879,data/lms_loan_daily.csv,2024-10-01
CUS_0xc258_2024_03_01,CUS_0xc258,1/3/2024,10,7,10000,1000,1000,0,3000,1/10/2024,2024-10-01,2025-11-09 07:30:19.821879,data/lms_loan_daily.csv,2024-10-01
CUS_0xc265_2024_06_01,CUS_0xc265,1/6/2024,10,4,10000,1000,1000,0,6000,1/10/2024,2024-10-01,2025-11-09 07:30:19.821879,data/lms_loan_daily.csv,2024-10-01
CUS_0xc26a_2024_05_01,CUS_0xc26a,1/5/2024,10,5,10000,1000,1000,0,5000,1/10/2024,2024-10-01,2025-11-09 07:30:19.821879,data/lms_loan_daily.csv,2024-10-01
CUS_0xc27_2024_02_01,CUS_0xc27,1/2/2024,10,8,10000,1000,1000,0,2000,1/10/2024,2024-10-01,2025-11-09 07:30:19.821879,data/lms_loan_daily.csv,2024-10-01
CUS_0xc282_2024_04_01,CUS_0xc282,1/4/2024,10,6,10000,1000,0,3000,7000,1/10/2024,2024-10-01,2025-11-09 07:30:19.821879,data/lms_loan_daily.csv,2024-10-01
CUS_0xc283_2024_09_01,CUS_0xc283,1/9/2024,10,1,10000,1000,1000,0,9000,1/10/2024,2024-10-01,2025-11-09 07:30:19.821879,data/lms_loan_daily.csv,2024-10-01
CUS_0xc29b_2024_08_01,CUS_0xc29b,1/8/2024,10,2,10000,1000,2000,0,8000,1/10/2024,2024-10-01,2025-11-09 07:30:19.821879,data/lms_loan_daily.csv,2024-10-01
CUS_0xc2aa_2024_08_01,CUS_0xc2aa,1/8/2024,10,2,10000,1000,1000,0,8000,1/10/2024,2024-10-01,2025-11-09 07:30:19.821879,data/lms_loan_daily.csv,2024-10-01
CUS_0xc2bf_2024_09_01,CUS_0xc2bf,1/9/2024,10,1,10000,1000,1000,0,9000,1/10/2024,2024-10-01,2025-11-09 07:30:19.821879,data/lms_loan_daily.csv,2024-10-01
CUS_0xc2c5_2024_03_01,CUS_0xc2c5,1/3/2024,10,7,10000,1000,1000,0,3000,1/10/2024,2024-10-01,2025-11-09 07:30:19.821879,data/lms_loan_daily.csv,2024-10-01
CUS_0xc2cc_2024_04_01,CUS_0xc2cc,1/4/2024,10,6,10000,1000,0,3000,7000,1/10/2024,2024-10-01,2025-11-09 07:30:19.821879,data/lms_loan_daily.csv,2024-10-01
CUS_0xc2d8_2024_05_01,CUS_0xc2d8,1/5/2024,10,5,10000,1000,1000,0,5000,1/10/2024,2024-10-01,2025-11-09 07:30:19.821879,data/lms_loan_daily.csv,2024-10-01
CUS_0xc2dd_2024_01_01,CUS_0xc2dd,1/1/2024,10,9,10000,1000,1000,0,1000,1/10/2024,2024-10-01,2025-11-09 07:30:19.821879,data/lms_loan_daily.csv,2024-10-01
CUS_0xc2eb_2024_07_01,CUS_0xc2eb,1/7/2024,10,3,10000,1000,1000,0,7000,1/10/2024,2024-10-01,2025-11-09 07:30:19.821879,data/lms_loan_daily.csv,2024-10-01
CUS_0xc2ff_2024_08_01,CUS_0xc2ff,1/8/2024,10,2,10000,1000,1000,0,8000,1/10/2024,2024-10-01,2025-11-09 07:30:19.821879,data/lms_loan_daily.csv,2024-10-01
CUS_0xc317_2024_02_01,CUS_0xc317,1/2/2024,10,8,10000,1000,1000,0,2000,1/10/2024,2024-10-01,2025-11-09 07:30:19.821879,data/lms_loan_daily.csv,2024-10-01
CUS_0xc31a_2024_07_01,CUS_0xc31a,1/7/2024,10,3,10000,1000,1000,0,7000,1/10/2024,2024-10-01,2025-11-09 07:30:19.821879,data/lms_loan_daily.csv,2024-10-01
CUS_0xc31c_2024_09_01,CUS_0xc31c,1/9/2024,10,1,10000,1000,1000,0,9000,1/10/2024,2024-10-01,2025-11-09 07:30:19.821879,data/lms_loan_daily.csv,2024-10-01
CUS_0xc331_2023_12_01,CUS_0xc331,1/12/2023,10,10,10000,1000,0,9000,9000,1/10/2024,2024-10-01,2025-11-09 07:30:19.821879,data/lms_loan_daily.csv,2024-10-01
CUS_0xc346_2024_01_01,CUS_0xc346,1/1/2024,10,9,10000,1000,0,5000,6000,1/10/2024,2024-10-01,2025-11-09 07:30:19.821879,data/lms_loan_daily.csv,2024-10-01
CUS_0xc349_2024_01_01,CUS_0xc349,1/1/2024,10,9,10000,1000,0,7000,8000,1/10/2024,2024-10-01,2025-11-09 07:30:19.821879,data/lms_loan_daily.csv,2024-10-01
CUS_0xc351_2024_09_01,CUS_0xc351,1/9/2024,10,1,10000,1000,1000,0,9000,1/10/2024,2024-10-01,2025-11-09 07:30:19.821879,data/lms_loan_daily.csv,2024-10-01
CUS_0xc35c_2024_04_01,CUS_0xc35c,1/4/2024,10,6,10000,1000,1000,0,4000,1/10/2024,2024-10-01,2025-11-09 07:30:19.821879,data/lms_loan_daily.csv,2024-10-01
CUS_0xc375_2024_09_01,CUS_0xc375,1/9/2024,10,1,10000,1000,1000,0,9000,1/10/2024,2024-10-01,2025-11-09 07:30:19.821879,data/lms_loan_daily.csv,2024-10-01
CUS_0xc37b_2024_03_01,CUS_0xc37b,1/3/2024,10,7,10000,1000,0,5000,8000,1/10/2024,2024-10-01,2025-11-09 07:30:19.821879,data/lms_loan_daily.csv,2024-10-01
CUS_0xc38d_2024_06_01,CUS_0xc38d,1/6/2024,10,4,10000,1000,1000,0,6000,1/10/2024,2024-10-01,2025-11-09 07:30:19.821879,data/lms_loan_daily.csv,2024-10-01
CUS_0xc39_2024_09_01,CUS_0xc39,1/9/2024,10,1,10000,1000,1000,0,9000,1/10/2024,2024-10-01,2025-11-09 07:30:19.821879,data/lms_loan_daily.csv,2024-10-01
CUS_0xc390_2024_08_01,CUS_0xc390,1/8/2024,10,2,10000,1000,1000,0,8000,1/10/2024,2024-10-01,2025-11-09 07:30:19.821879,data/lms_loan_daily.csv,2024-10-01
CUS_0xc393_2024_01_01,CUS_0xc393,1/1/2024,10,9,10000,1000,1000,0,1000,1/10/2024,2024-10-01,2025-11-09 07:30:19.821879,data/lms_loan_daily.csv,2024-10-01
CUS_0xc394_2024_04_01,CUS_0xc394,1/4/2024,10,6,10000,1000,0,5000,9000,1/10/2024,2024-10-01,2025-11-09 07:30:19.821879,data/lms_loan_daily.csv,2024-10-01
CUS_0xc39d_2024_03_01,CUS_0xc39d,1/3/2024,10,7,10000,1000,1000,0,3000,1/10/2024,2024-10-01,2025-11-09 07:30:19.821879,data/lms_loan_daily.csv,2024-10-01
CUS_0xc3a6_2024_08_01,CUS_0xc3a6,1/8/2024,10,2,10000,1000,1000,0,8000,1/10/2024,2024-10-01,2025-11-09 07:30:19.821879,data/lms_loan_daily.csv,2024-10-01
CUS_0xc3ad_2024_05_01,CUS_0xc3ad,1/5/2024,10,5,10000,1000,0,3000,8000,1/10/2024,2024-10-01,2025-11-09 07:30:19.821879,data/lms_loan_daily.csv,2024-10-01
CUS_0xc3c3_2024_06_01,CUS_0xc3c3,1/6/2024,10,4,10000,1000,1000,0,6000,1/10/2024,2024-10-01,2025-11-09 07:30:19.821879,data/lms_loan_daily.csv,2024-10-01
CUS_0xc3cc_2023_12_01,CUS_0xc3cc,1/12/2023,10,10,10000,1000,1000,0,0,1/10/2024,2024-10-01,2025-11-09 07:30:19.821879,data/lms_loan_daily.csv,2024-10-01
CUS_0xc3cd_2024_05_01,CUS_0xc3cd,1/5/2024,10,5,10000,1000,1000,0,5000,1/10/2024,2024-10-01,2025-11-09 07:30:19.821879,data/lms_loan_daily.csv,2024-10-01
CUS_0xc3d5_2024_01_01,CUS_0xc3d5,1/1/2024,10,9,10000,1000,0,7000,8000,1/10/2024,2024-10-01,2025-11-09 07:30:19.821879,data/lms_loan_daily.csv,2024-10-01
CUS_0xc3d6_2024_01_01,CUS_0xc3d6,1/1/2024,10,9,10000,1000,0,7000,8000,1/10/2024,2024-10-01,2025-11-09 07:30:19.821879,data/lms_loan_daily.csv,2024-10-01
CUS_0xc3df_2024_02_01,CUS_0xc3df,1/2/2024,10,8,10000,1000,0,5000,7000,1/10/2024,2024-10-01,2025-11-09 07:30:19.821879,data/lms_loan_daily.csv,2024-10-01
CUS_0xc3e4_2024_07_01,CUS_0xc3e4,1/7/2024,10,3,10000,1000,1000,0,7000,1/10/2024,2024-10-01,2025-11-09 07:30:19.821879,data/lms_loan_daily.csv,2024-10-01
CUS_0xc3f1_2024_10_01,CUS_0xc3f1,1/10/2024,10,0,10000,0,0,0,10000,1/10/2024,2024-10-01,2025-11-09 07:30:19.821879,data/lms_loan_daily.csv,2024-10-01
CUS_0xc3f2_2024_08_01,CUS_0xc3f2,1/8/2024,10,2,10000,1000,1000,0,8000,1/10/2024,2024-10-01,2025-11-09 07:30:19.821879,data/lms_loan_daily.csv,2024-10-01
CUS_0xc41e_2024_05_01,CUS_0xc41e,1/5/2024,10,5,10000,1000,0,3000,8000,1/10/2024,2024-10-01,2025-11-09 07:30:19.821879,data/lms_loan_daily.csv,2024-10-01
CUS_0xc41f_2024_08_01,CUS_0xc41f,1/8/2024,10,2,10000,1000,1000,0,8000,1/10/2024,2024-10-01,2025-11-09 07:30:19.821879,data/lms_loan_daily.csv,2024-10-01
CUS_0xc428_2024_07_01,CUS_0xc428,1/7/2024,10,3,10000,1000,1000,0,7000,1/10/2024,2024-10-01,2025-11-09 07:30:19.821879,data/lms_loan_daily.csv,2024-10-01
CUS_0xc429_2024_08_01,CUS_0xc429,1/8/2024,10,2,10000,1000,1000,0,8000,1/10/2024,2024-10-01,2025-11-09 07:30:19.821879,data/lms_loan_daily.csv,2024-10-01
CUS_0xc42d_2024_09_01,CUS_0xc42d,1/9/2024,10,1,10000,1000,1000,0,9000,1/10/2024,2024-10-01,2025-11-09 07:30:19.821879,data/lms_loan_daily.csv,2024-10-01
CUS_0xc42f_2024_06_01,CUS_0xc42f,1/6/2024,10,4,10000,1000,0,2000,8000,1/10/2024,2024-10-01,2025-11-09 07:30:19.821879,data/lms_loan_daily.csv,2024-10-01
CUS_0xc436_2024_04_01,CUS_0xc436,1/4/2024,10,6,10000,1000,1000,0,4000,1/10/2024,2024-10-01,2025-11-09 07:30:19.821879,data/lms_loan_daily.csv,2024-10-01
CUS_0xc459_2024_09_01,CUS_0xc459,1/9/2024,10,1,10000,1000,1000,0,9000,1/10/2024,2024-10-01,2025-11-09 07:30:19.821879,data/lms_loan_daily.csv,2024-10-01
CUS_0xc461_2024_08_01,CUS_0xc461,1/8/2024,10,2,10000,1000,1000,0,8000,1/10/2024,2024-10-01,2025-11-09 07:30:19.821879,data/lms_loan_daily.csv,2024-10-01
CUS_0xc47_2024_04_01,CUS_0xc47,1/4/2024,10,6,10000,1000,1000,0,4000,1/10/2024,2024-10-01,2025-11-09 07:30:19.821879,data/lms_loan_daily.csv,2024-10-01
CUS_0xc48b_2023_12_01,CUS_0xc48b,1/12/2023,10,10,10000,1000,0,7000,7000,1/10/2024,2024-10-01,2025-11-09 07:30:19.821879,data/lms_loan_daily.csv,2024-10-01
CUS_0xc490_2024_07_01,CUS_0xc490,1/7/2024,10,3,10000,1000,1000,0,7000,1/10/2024,2024-10-01,2025-11-09 07:30:19.821879,data/lms_loan_daily.csv,2024-10-01
CUS_0xc491_2024_08_01,CUS_0xc491,1/8/2024,10,2,10000,1000,0,1000,9000,1/10/2024,2024-10-01,2025-11-09 07:30:19.821879,data/lms_loan_daily.csv,2024-10-01
CUS_0xc49c_2024_01_01,CUS_0xc49c,1/1/2024,10,9,10000,1000,1000,0,1000,1/10/2024,2024-10-01,2025-11-09 07:30:19.821879,data/lms_loan_daily.csv,2024-10-01
CUS_0xc4a1_2024_09_01,CUS_0xc4a1,1/9/2024,10,1,10000,1000,1000,0,9000,1/10/2024,2024-10-01,2025-11-09 07:30:19.821879,data/lms_loan_daily.csv,2024-10-01
CUS_0xc4a7_2024_03_01,CUS_0xc4a7,1/3/2024,10,7,10000,1000,1000,0,3000,1/10/2024,2024-10-01,2025-11-09 07:30:19.821879,data/lms_loan_daily.csv,2024-10-01
CUS_0xc4ac_2024_06_01,CUS_0xc4ac,1/6/2024,10,4,10000,1000,1000,0,6000,1/10/2024,2024-10-01,2025-11-09 07:30:19.821879,data/lms_loan_daily.csv,2024-10-01
CUS_0xc4bd_2024_10_01,CUS_0xc4bd,1/10/2024,10,0,10000,0,0,0,10000,1/10/2024,2024-10-01,2025-11-09 07:30:19.821879,data/lms_loan_daily.csv,2024-10-01
CUS_0xc4c7_2024_08_01,CUS_0xc4c7,1/8/2024,10,2,10000,1000,0,2000,10000,1/10/2024,2024-10-01,2025-11-09 07:30:19.821879,data/lms_loan_daily.csv,2024-10-01
CUS_0xc4c9_2024_01_01,CUS_0xc4c9,1/1/2024,10,9,10000,1000,1000,0,1000,1/10/2024,2024-10-01,2025-11-09 07:30:19.821879,data/lms_loan_daily.csv,2024-10-01
CUS_0xc4d7_2024_07_01,CUS_0xc4d7,1/7/2024,10,3,10000,1000,1000,0,7000,1/10/2024,2024-10-01,2025-11-09 07:30:19.821879,data/lms_loan_daily.csv,2024-10-01
CUS_0xc4e_2024_02_01,CUS_0xc4e,1/2/2024,10,8,10000,1000,1000,0,2000,1/10/2024,2024-10-01,2025-11-09 07:30:19.821879,data/lms_loan_daily.csv,2024-10-01
CUS_0xc4f_2024_08_01,CUS_0xc4f,1/8/2024,10,2,10000,1000,1000,0,8000,1/10/2024,2024-10-01,2025-11-09 07:30:19.821879,data/lms_loan_daily.csv,2024-10-01
CUS_0xc4f4_2024_03_01,CUS_0xc4f4,1/3/2024,10,7,10000,1000,0,5000,8000,1/10/2024,2024-10-01,2025-11-09 07:30:19.821879,data/lms_loan_daily.csv,2024-10-01
CUS_0xc4f9_2024_05_01,CUS_0xc4f9,1/5/2024,10,5,10000,1000,0,2000,7000,1/10/2024,2024-10-01,2025-11-09 07:30:19.821879,data/lms_loan_daily.csv,2024-10-01
CUS_0xc501_2024_01_01,CUS_0xc501,1/1/2024,10,9,10000,1000,1000,0,1000,1/10/2024,2024-10-01,2025-11-09 07:30:19.821879,data/lms_loan_daily.csv,2024-10-01
CUS_0xc505_2024_06_01,CUS_0xc505,1/6/2024,10,4,10000,1000,1000,0,6000,1/10/2024,2024-10-01,2025-11-09 07:30:19.821879,data/lms_loan_daily.csv,2024-10-01
CUS_0xc507_2024_02_01,CUS_0xc507,1/2/2024,10,8,10000,1000,1000,0,2000,1/10/2024,2024-10-01,2025-11-09 07:30:19.821879,data/lms_loan_daily.csv,2024-10-01
CUS_0xc50f_2024_01_01,CUS_0xc50f,1/1/2024,10,9,10000,1000,1000,0,1000,1/10/2024,2024-10-01,2025-11-09 07:30:19.821879,data/lms_loan_daily.csv,2024-10-01
CUS_0xc513_2024_06_01,CUS_0xc513,1/6/2024,10,4,10000,1000,1000,0,6000,1/10/2024,2024-10-01,2025-11-09 07:30:19.821879,data/lms_loan_daily.csv,2024-10-01
CUS_0xc517_2024_01_01,CUS_0xc517,1/1/2024,10,9,10000,1000,1000,0,1000,1/10/2024,2024-10-01,2025-11-09 07:30:19.821879,data/lms_loan_daily.csv,2024-10-01
CUS_0xc52c_2023_12_01,CUS_0xc52c,1/12/2023,10,10,10000,1000,1000,0,0,1/10/2024,2024-10-01,2025-11-09 07:30:19.821879,data/lms_loan_daily.csv,2024-10-01
CUS_0xc53f_2024_01_01,CUS_0xc53f,1/1/2024,10,9,10000,1000,0,8000,9000,1/10/2024,2024-10-01,2025-11-09 07:30:19.821879,data/lms_loan_daily.csv,2024-10-01
CUS_0xc548_2024_04_01,CUS_0xc548,1/4/2024,10,6,10000,1000,0,2000,6000,1/10/2024,2024-10-01,2025-11-09 07:30:19.821879,data/lms_loan_daily.csv,2024-10-01
CUS_0xc555_2024_02_01,CUS_0xc555,1/2/2024,10,8,10000,1000,1000,0,2000,1/10/2024,2024-10-01,2025-11-09 07:30:19.821879,data/lms_loan_daily.csv,2024-10-01
CUS_0xc566_2024_10_01,CUS_0xc566,1/10/2024,10,0,10000,0,0,0,10000,1/10/2024,2024-10-01,2025-11-09 07:30:19.821879,data/lms_loan_daily.csv,2024-10-01
CUS_0xc56a_2024_09_01,CUS_0xc56a,1/9/2024,10,1,10000,1000,1000,0,9000,1/10/2024,2024-10-01,2025-11-09 07:30:19.821879,data/lms_loan_daily.csv,2024-10-01
CUS_0xc571_2024_05_01,CUS_0xc571,1/5/2024,10,5,10000,1000,1000,0,5000,1/10/2024,2024-10-01,2025-11-09 07:30:19.821879,data/lms_loan_daily.csv,2024-10-01
CUS_0xc574_2024_06_01,CUS_0xc574,1/6/2024,10,4,10000,1000,1000,0,6000,1/10/2024,2024-10-01,2025-11-09 07:30:19.821879,data/lms_loan_daily.csv,2024-10-01
CUS_0xc57e_2024_01_01,CUS_0xc57e,1/1/2024,10,9,10000,1000,1000,0,1000,1/10/2024,2024-10-01,2025-11-09 07:30:19.821879,data/lms_loan_daily.csv,2024-10-01
CUS_0xc586_2024_03_01,CUS_0xc586,1/3/2024,10,7,10000,1000,0,6000,9000,1/10/2024,2024-10-01,2025-11-09 07:30:19.821879,data/lms_loan_daily.csv,2024-10-01
CUS_0xc592_2024_04_01,CUS_0xc592,1/4/2024,10,6,10000,1000,1000,0,4000,1/10/2024,2024-10-01,2025-11-09 07:30:19.821879,data/lms_loan_daily.csv,2024-10-01
CUS_0xc599_2024_04_01,CUS_0xc599,1/4/2024,10,6,10000,1000,1000,0,4000,1/10/2024,2024-10-01,2025-11-09 07:30:19.821879,data/lms_loan_daily.csv,2024-10-01
CUS_0xc59e_2024_03_01,CUS_0xc59e,1/3/2024,10,7,10000,1000,1000,0,3000,1/10/2024,2024-10-01,2025-11-09 07:30:19.821879,data/lms_loan_daily.csv,2024-10-01
CUS_0xc5a5_2024_02_01,CUS_0xc5a5,1/2/2024,10,8,10000,1000,1000,0,2000,1/10/2024,2024-10-01,2025-11-09 07:30:19.821879,data/lms_loan_daily.csv,2024-10-01
CUS_0xc5aa_2024_08_01,CUS_0xc5aa,1/8/2024,10,2,10000,1000,1000,0,8000,1/10/2024,2024-10-01,2025-11-09 07:30:19.821879,data/lms_loan_daily.csv,2024-10-01
CUS_0xc5c9_2024_01_01,CUS_0xc5c9,1/1/2024,10,9,10000,1000,1000,0,1000,1/10/2024,2024-10-01,2025-11-09 07:30:19.821879,data/lms_loan_daily.csv,2024-10-01
CUS_0xc5cc_2024_01_01,CUS_0xc5cc,1/1/2024,10,9,10000,1000,1000,0,1000,1/10/2024,2024-10-01,2025-11-09 07:30:19.821879,data/lms_loan_daily.csv,2024-10-01
CUS_0xc5d1_2024_05_01,CUS_0xc5d1,1/5/2024,10,5,10000,1000,0,3000,8000,1/10/2024,2024-10-01,2025-11-09 07:30:19.821879,data/lms_loan_daily.csv,2024-10-01
CUS_0xc5d3_2024_04_01,CUS_0xc5d3,1/4/2024,10,6,10000,1000,1000,0,4000,1/10/2024,2024-10-01,2025-11-09 07:30:19.821879,data/lms_loan_daily.csv,2024-10-01
CUS_0xc5d7_2024_09_01,CUS_0xc5d7,1/9/2024,10,1,10000,1000,0,1000,10000,1/10/2024,2024-10-01,2025-11-09 07:30:19.821879,data/lms_loan_daily.csv,2024-10-01
CUS_0xc5e_2024_06_01,CUS_0xc5e,1/6/2024,10,4,10000,1000,0,1000,7000,1/10/2024,2024-10-01,2025-11-09 07:30:19.821879,data/lms_loan_daily.csv,2024-10-01
CUS_0xc5ee_2024_04_01,CUS_0xc5ee,1/4/2024,10,6,10000,1000,1000,0,4000,1/10/2024,2024-10-01,2025-11-09 07:30:19.821879,data/lms_loan_daily.csv,2024-10-01
CUS_0xc5f4_2024_01_01,CUS_0xc5f4,1/1/2024,10,9,10000,1000,1000,0,1000,1/10/2024,2024-10-01,2025-11-09 07:30:19.821879,data/lms_loan_daily.csv,2024-10-01
CUS_0xc5f6_2024_08_01,CUS_0xc5f6,1/8/2024,10,2,10000,1000,1000,0,8000,1/10/2024,2024-10-01,2025-11-09 07:30:19.821879,data/lms_loan_daily.csv,2024-10-01
CUS_0xc5f9_2023_12_01,CUS_0xc5f9,1/12/2023,10,10,10000,1000,1000,0,0,1/10/2024,2024-10-01,2025-11-09 07:30:19.821879,data/lms_loan_daily.csv,2024-10-01
CUS_0xc60a_2024_10_01,CUS_0xc60a,1/10/2024,10,0,10000,0,0,0,10000,1/10/2024,2024-10-01,2025-11-09 07:30:19.821879,data/lms_loan_daily.csv,2024-10-01
CUS_0xc617_2024_04_01,CUS_0xc617,1/4/2024,10,6,10000,1000,1000,0,4000,1/10/2024,2024-10-01,2025-11-09 07:30:19.821879,data/lms_loan_daily.csv,2024-10-01
CUS_0xc620_2024_07_01,CUS_0xc620,1/7/2024,10,3,10000,1000,1000,0,7000,1/10/2024,2024-10-01,2025-11-09 07:30:19.821879,data/lms_loan_daily.csv,2024-10-01
CUS_0xc629_2024_10_01,CUS_0xc629,1/10/2024,10,0,10000,0,0,0,10000,1/10/2024,2024-10-01,2025-11-09 07:30:19.821879,data/lms_loan_daily.csv,2024-10-01
CUS_0xc632_2024_02_01,CUS_0xc632,1/2/2024,10,8,10000,1000,1000,0,2000,1/10/2024,2024-10-01,2025-11-09 07:30:19.821879,data/lms_loan_daily.csv,2024-10-01
CUS_0xc633_2024_01_01,CUS_0xc633,1/1/2024,10,9,10000,1000,1000,0,1000,1/10/2024,2024-10-01,2025-11-09 07:30:19.821879,data/lms_loan_daily.csv,2024-10-01
CUS_0xc63a_2024_02_01,CUS_0xc63a,1/2/2024,10,8,10000,1000,0,4000,6000,1/10/2024,2024-10-01,2025-11-09 07:30:19.821879,data/lms_loan_daily.csv,2024-10-01
CUS_0xc641_2024_05_01,CUS_0xc641,1/5/2024,10,5,10000,1000,0,2000,7000,1/10/2024,2024-10-01,2025-11-09 07:30:19.821879,data/lms_loan_daily.csv,2024-10-01
CUS_0xc649_2024_09_01,CUS_0xc649,1/9/2024,10,1,10000,1000,1000,0,9000,1/10/2024,2024-10-01,2025-11-09 07:30:19.821879,data/lms_loan_daily.csv,2024-10-01
CUS_0xc650_2024_04_01,CUS_0xc650,1/4/2024,10,6,10000,1000,1000,0,4000,1/10/2024,2024-10-01,2025-11-09 07:30:19.821879,data/lms_loan_daily.csv,2024-10-01
CUS_0xc662_2024_07_01,CUS_0xc662,1/7/2024,10,3,10000,1000,1000,0,7000,1/10/2024,2024-10-01,2025-11-09 07:30:19.821879,data/lms_loan_daily.csv,2024-10-01
CUS_0xc664_2023_12_01,CUS_0xc664,1/12/2023,10,10,10000,1000,0,6000,6000,1/10/2024,2024-10-01,2025-11-09 07:30:19.821879,data/lms_loan_daily.csv,2024-10-01
CUS_0xc668_2024_09_01,CUS_0xc668,1/9/2024,10,1,10000,1000,1000,0,9000,1/10/2024,2024-10-01,2025-11-09 07:30:19.821879,data/lms_loan_daily.csv,2024-10-01
CUS_0xc675_2024_08_01,CUS_0xc675,1/8/2024,10,2,10000,1000,1000,0,8000,1/10/2024,2024-10-01,2025-11-09 07:30:19.821879,data/lms_loan_daily.csv,2024-10-01
CUS_0xc67b_2024_02_01,CUS_0xc67b,1/2/2024,10,8,10000,1000,1000,0,2000,1/10/2024,2024-10-01,2025-11-09 07:30:19.821879,data/lms_loan_daily.csv,2024-10-01
CUS_0xc68_2024_08_01,CUS_0xc68,1/8/2024,10,2,10000,1000,0,2000,10000,1/10/2024,2024-10-01,2025-11-09 07:30:19.821879,data/lms_loan_daily.csv,2024-10-01
CUS_0xc680_2023_12_01,CUS_0xc680,1/12/2023,10,10,10000,1000,0,9000,9000,1/10/2024,2024-10-01,2025-11-09 07:30:19.821879,data/lms_loan_daily.csv,2024-10-01
CUS_0xc68d_2024_01_01,CUS_0xc68d,1/1/2024,10,9,10000,1000,1000,0,1000,1/10/2024,2024-10-01,2025-11-09 07:30:19.821879,data/lms_loan_daily.csv,2024-10-01
CUS_0xc6bb_2024_05_01,CUS_0xc6bb,1/5/2024,10,5,10000,1000,1000,0,5000,1/10/2024,2024-10-01,2025-11-09 07:30:19.821879,data/lms_loan_daily.csv,2024-10-01
CUS_0xc6c2_2024_07_01,CUS_0xc6c2,1/7/2024,10,3,10000,1000,1000,0,7000,1/10/2024,2024-10-01,2025-11-09 07:30:19.821879,data/lms_loan_daily.csv,2024-10-01
CUS_0xc6d1_2024_09_01,CUS_0xc6d1,1/9/2024,10,1,10000,1000,1000,0,9000,1/10/2024,2024-10-01,2025-11-09 07:30:19.821879,data/lms_loan_daily.csv,2024-10-01
CUS_0xc6d8_2024_01_01,CUS_0xc6d8,1/1/2024,10,9,10000,1000,0,7000,8000,1/10/2024,2024-10-01,2025-11-09 07:30:19.821879,data/lms_loan_daily.csv,2024-10-01
CUS_0xc6e4_2024_04_01,CUS_0xc6e4,1/4/2024,10,6,10000,1000,0,4000,8000,1/10/2024,2024-10-01,2025-11-09 07:30:19.821879,data/lms_loan_daily.csv,2024-10-01
CUS_0xc6f9_2024_06_01,CUS_0xc6f9,1/6/2024,10,4,10000,1000,0,2000,8000,1/10/2024,2024-10-01,2025-11-09 07:30:19.821879,data/lms_loan_daily.csv,2024-10-01
CUS_0xc6fa_2024_03_01,CUS_0xc6fa,1/3/2024,10,7,10000,1000,1000,0,3000,1/10/2024,2024-10-01,2025-11-09 07:30:19.821879,data/lms_loan_daily.csv,2024-10-01
CUS_0xc700_2024_04_01,CUS_0xc700,1/4/2024,10,6,10000,1000,0,6000,10000,1/10/2024,2024-10-01,2025-11-09 07:30:19.821879,data/lms_loan_daily.csv,2024-10-01
CUS_0xc702_2024_05_01,CUS_0xc702,1/5/2024,10,5,10000,1000,1000,0,5000,1/10/2024,2024-10-01,2025-11-09 07:30:19.821879,data/lms_loan_daily.csv,2024-10-01
CUS_0xc70b_2024_10_01,CUS_0xc70b,1/10/2024,10,0,10000,0,0,0,10000,1/10/2024,2024-10-01,2025-11-09 07:30:19.821879,data/lms_loan_daily.csv,2024-10-01
CUS_0xc70e_2023_12_01,CUS_0xc70e,1/12/2023,10,10,10000,1000,1000,0,0,1/10/2024,2024-10-01,2025-11-09 07:30:19.821879,data/lms_loan_daily.csv,2024-10-01
CUS_0xc718_2024_10_01,CUS_0xc718,1/10/2024,10,0,10000,0,0,0,10000,1/10/2024,2024-10-01,2025-11-09 07:30:19.821879,data/lms_loan_daily.csv,2024-10-01
CUS_0xc719_2024_08_01,CUS_0xc719,1/8/2024,10,2,10000,1000,1000,0,8000,1/10/2024,2024-10-01,2025-11-09 07:30:19.821879,data/lms_loan_daily.csv,2024-10-01
CUS_0xc71a_2024_06_01,CUS_0xc71a,1/6/2024,10,4,10000,1000,1000,0,6000,1/10/2024,2024-10-01,2025-11-09 07:30:19.821879,data/lms_loan_daily.csv,2024-10-01
CUS_0xc723_2024_10_01,CUS_0xc723,1/10/2024,10,0,10000,0,0,0,10000,1/10/2024,2024-10-01,2025-11-09 07:30:19.821879,data/lms_loan_daily.csv,2024-10-01
CUS_0xc728_2024_06_01,CUS_0xc728,1/6/2024,10,4,10000,1000,0,1000,7000,1/10/2024,2024-10-01,2025-11-09 07:30:19.821879,data/lms_loan_daily.csv,2024-10-01
CUS_0xc72e_2024_05_01,CUS_0xc72e,1/5/2024,10,5,10000,1000,0,3000,8000,1/10/2024,2024-10-01,2025-11-09 07:30:19.821879,data/lms_loan_daily.csv,2024-10-01
CUS_0xc730_2024_03_01,CUS_0xc730,1/3/2024,10,7,10000,1000,1000,0,3000,1/10/2024,2024-10-01,2025-11-09 07:30:19.821879,data/lms_loan_daily.csv,2024-10-01
CUS_0xc734_2024_10_01,CUS_0xc734,1/10/2024,10,0,10000,0,0,0,10000,1/10/2024,2024-10-01,2025-11-09 07:30:19.821879,data/lms_loan_daily.csv,2024-10-01
CUS_0xc737_2024_07_01,CUS_0xc737,1/7/2024,10,3,10000,1000,1000,0,7000,1/10/2024,2024-10-01,2025-11-09 07:30:19.821879,data/lms_loan_daily.csv,2024-10-01
CUS_0xc76_2024_02_01,CUS_0xc76,1/2/2024,10,8,10000,1000,1000,0,2000,1/10/2024,2024-10-01,2025-11-09 07:30:19.821879,data/lms_loan_daily.csv,2024-10-01
CUS_0xc78_2024_02_01,CUS_0xc78,1/2/2024,10,8,10000,1000,1000,0,2000,1/10/2024,2024-10-01,2025-11-09 07:30:19.821879,data/lms_loan_daily.csv,2024-10-01
CUS_0xc7b_2024_05_01,CUS_0xc7b,1/5/2024,10,5,10000,1000,1000,0,5000,1/10/2024,2024-10-01,2025-11-09 07:30:19.821879,data/lms_loan_daily.csv,2024-10-01
CUS_0xc7c_2024_04_01,CUS_0xc7c,1/4/2024,10,6,10000,1000,1000,0,4000,1/10/2024,2024-10-01,2025-11-09 07:30:19.821879,data/lms_loan_daily.csv,2024-10-01
CUS_0xc80_2024_07_01,CUS_0xc80,1/7/2024,10,3,10000,1000,1000,0,7000,1/10/2024,2024-10-01,2025-11-09 07:30:19.821879,data/lms_loan_daily.csv,2024-10-01
CUS_0xc88_2024_02_01,CUS_0xc88,1/2/2024,10,8,10000,1000,1000,0,2000,1/10/2024,2024-10-01,2025-11-09 07:30:19.821879,data/lms_loan_daily.csv,2024-10-01
CUS_0xc9f_2023_12_01,CUS_0xc9f,1/12/2023,10,10,10000,1000,1000,0,0,1/10/2024,2024-10-01,2025-11-09 07:30:19.821879,data/lms_loan_daily.csv,2024-10-01
CUS_0xcc3_2024_04_01,CUS_0xcc3,1/4/2024,10,6,10000,1000,1000,0,4000,1/10/2024,2024-10-01,2025-11-09 07:30:19.821879,data/lms_loan_daily.csv,2024-10-01
CUS_0xcc4_2024_10_01,CUS_0xcc4,1/10/2024,10,0,10000,0,0,0,10000,1/10/2024,2024-10-01,2025-11-09 07:30:19.821879,data/lms_loan_daily.csv,2024-10-01
CUS_0xce1_2024_02_01,CUS_0xce1,1/2/2024,10,8,10000,1000,0,7000,9000,1/10/2024,2024-10-01,2025-11-09 07:30:19.821879,data/lms_loan_daily.csv,2024-10-01
CUS_0xce2_2024_03_01,CUS_0xce2,1/3/2024,10,7,10000,1000,1000,0,3000,1/10/2024,2024-10-01,2025-11-09 07:30:19.821879,data/lms_loan_daily.csv,2024-10-01
CUS_0xce6_2024_04_01,CUS_0xce6,1/4/2024,10,6,10000,1000,1000,0,4000,1/10/2024,2024-10-01,2025-11-09 07:30:19.821879,data/lms_loan_daily.csv,2024-10-01
CUS_0xcea_2024_04_01,CUS_0xcea,1/4/2024,10,6,10000,1000,1000,0,4000,1/10/2024,2024-10-01,2025-11-09 07:30:19.821879,data/lms_loan_daily.csv,2024-10-01
CUS_0xced_2024_06_01,CUS_0xced,1/6/2024,10,4,10000,1000,0,1000,7000,1/10/2024,2024-10-01,2025-11-09 07:30:19.821879,data/lms_loan_daily.csv,2024-10-01
CUS_0xcf5_2024_09_01,CUS_0xcf5,1/9/2024,10,1,10000,1000,1000,0,9000,1/10/2024,2024-10-01,2025-11-09 07:30:19.821879,data/lms_loan_daily.csv,2024-10-01
CUS_0xd05_2024_03_01,CUS_0xd05,1/3/2024,10,7,10000,1000,1000,0,3000,1/10/2024,2024-10-01,2025-11-09 07:30:19.821879,data/lms_loan_daily.csv,2024-10-01
CUS_0xd07_2024_10_01,CUS_0xd07,1/10/2024,10,0,10000,0,0,0,10000,1/10/2024,2024-10-01,2025-11-09 07:30:19.821879,data/lms_loan_daily.csv,2024-10-01
CUS_0xd29_2024_10_01,CUS_0xd29,1/10/2024,10,0,10000,0,0,0,10000,1/10/2024,2024-10-01,2025-11-09 07:30:19.821879,data/lms_loan_daily.csv,2024-10-01
CUS_0xd3a_2024_07_01,CUS_0xd3a,1/7/2024,10,3,10000,1000,2000,0,7000,1/10/2024,2024-10-01,2025-11-09 07:30:19.821879,data/lms_loan_daily.csv,2024-10-01
CUS_0xd3d_2024_09_01,CUS_0xd3d,1/9/2024,10,1,10000,1000,1000,0,9000,1/10/2024,2024-10-01,2025-11-09 07:30:19.821879,data/lms_loan_daily.csv,2024-10-01
CUS_0xd3e_2024_04_01,CUS_0xd3e,1/4/2024,10,6,10000,1000,1000,0,4000,1/10/2024,2024-10-01,2025-11-09 07:30:19.821879,data/lms_loan_daily.csv,2024-10-01
CUS_0xd50_2024_10_01,CUS_0xd50,1/10/2024,10,0,10000,0,0,0,10000,1/10/2024,2024-10-01,2025-11-09 07:30:19.821879,data/lms_loan_daily.csv,2024-10-01
CUS_0xd60_2024_04_01,CUS_0xd60,1/4/2024,10,6,10000,1000,0,3000,7000,1/10/2024,2024-10-01,2025-11-09 07:30:19.821879,data/lms_loan_daily.csv,2024-10-01
CUS_0xd61_2023_12_01,CUS_0xd61,1/12/2023,10,10,10000,1000,1000,0,0,1/10/2024,2024-10-01,2025-11-09 07:30:19.821879,data/lms_loan_daily.csv,2024-10-01
CUS_0xd6a_2024_04_01,CUS_0xd6a,1/4/2024,10,6,10000,1000,1000,0,4000,1/10/2024,2024-10-01,2025-11-09 07:30:19.821879,data/lms_loan_daily.csv,2024-10-01
CUS_0xd71_2024_06_01,CUS_0xd71,1/6/2024,10,4,10000,1000,1000,0,6000,1/10/2024,2024-10-01,2025-11-09 07:30:19.821879,data/lms_loan_daily.csv,2024-10-01
CUS_0xd78_2024_04_01,CUS_0xd78,1/4/2024,10,6,10000,1000,1000,0,4000,1/10/2024,2024-10-01,2025-11-09 07:30:19.821879,data/lms_loan_daily.csv,2024-10-01
CUS_0xd88_2024_09_01,CUS_0xd88,1/9/2024,10,1,10000,1000,1000,0,9000,1/10/2024,2024-10-01,2025-11-09 07:30:19.821879,data/lms_loan_daily.csv,2024-10-01
CUS_0xd97_2024_09_01,CUS_0xd97,1/9/2024,10,1,10000,1000,1000,0,9000,1/10/2024,2024-10-01,2025-11-09 07:30:19.821879,data/lms_loan_daily.csv,2024-10-01
CUS_0xdc0_2024_04_01,CUS_0xdc0,1/4/2024,10,6,10000,1000,1000,0,4000,1/10/2024,2024-10-01,2025-11-09 07:30:19.821879,data/lms_loan_daily.csv,2024-10-01
CUS_0xdc1_2024_07_01,CUS_0xdc1,1/7/2024,10,3,10000,1000,1000,0,7000,1/10/2024,2024-10-01,2025-11-09 07:30:19.821879,data/lms_loan_daily.csv,2024-10-01
CUS_0xdcb_2024_06_01,CUS_0xdcb,1/6/2024,10,4,10000,1000,1000,0,6000,1/10/2024,2024-10-01,2025-11-09 07:30:19.821879,data/lms_loan_daily.csv,2024-10-01
CUS_0xdcd_2024_07_01,CUS_0xdcd,1/7/2024,10,3,10000,1000,1000,0,7000,1/10/2024,2024-10-01,2025-11-09 07:30:19.821879,data/lms_loan_daily.csv,2024-10-01
CUS_0xdd9_2024_03_01,CUS_0xdd9,1/3/2024,10,7,10000,1000,1000,0,3000,1/10/2024,2024-10-01,2025-11-09 07:30:19.821879,data/lms_loan_daily.csv,2024-10-01
CUS_0xde1_2024_05_01,CUS_0xde1,1/5/2024,10,5,10000,1000,1000,0,5000,1/10/2024,2024-10-01,2025-11-09 07:30:19.821879,data/lms_loan_daily.csv,2024-10-01
CUS_0xde4_2024_10_01,CUS_0xde4,1/10/2024,10,0,10000,0,0,0,10000,1/10/2024,2024-10-01,2025-11-09 07:30:19.821879,data/lms_loan_daily.csv,2024-10-01
CUS_0xde7_2023_12_01,CUS_0xde7,1/12/2023,10,10,10000,1000,1000,0,0,1/10/2024,2024-10-01,2025-11-09 07:30:19.821879,data/lms_loan_daily.csv,2024-10-01
CUS_0xdfd_2024_08_01,CUS_0xdfd,1/8/2024,10,2,10000,1000,1000,0,8000,1/10/2024,2024-10-01,2025-11-09 07:30:19.821879,data/lms_loan_daily.csv,2024-10-01
CUS_0xe03_2024_05_01,CUS_0xe03,1/5/2024,10,5,10000,1000,1000,0,5000,1/10/2024,2024-10-01,2025-11-09 07:30:19.821879,data/lms_loan_daily.csv,2024-10-01
CUS_0xe09_2024_03_01,CUS_0xe09,1/3/2024,10,7,10000,1000,0,6000,9000,1/10/2024,2024-10-01,2025-11-09 07:30:19.821879,data/lms_loan_daily.csv,2024-10-01
CUS_0xe16_2024_10_01,CUS_0xe16,1/10/2024,10,0,10000,0,0,0,10000,1/10/2024,2024-10-01,2025-11-09 07:30:19.821879,data/lms_loan_daily.csv,2024-10-01
CUS_0xe18_2024_04_01,CUS_0xe18,1/4/2024,10,6,10000,1000,0,2000,6000,1/10/2024,2024-10-01,2025-11-09 07:30:19.821879,data/lms_loan_daily.csv,2024-10-01
CUS_0xe32_2023_12_01,CUS_0xe32,1/12/2023,10,10,10000,1000,1000,0,0,1/10/2024,2024-10-01,2025-11-09 07:30:19.821879,data/lms_loan_daily.csv,2024-10-01
CUS_0xe3f_2024_02_01,CUS_0xe3f,1/2/2024,10,8,10000,1000,1000,0,2000,1/10/2024,2024-10-01,2025-11-09 07:30:19.821879,data/lms_loan_daily.csv,2024-10-01
CUS_0xe42_2023_12_01,CUS_0xe42,1/12/2023,10,10,10000,1000,0,8000,8000,1/10/2024,2024-10-01,2025-11-09 07:30:19.821879,data/lms_loan_daily.csv,2024-10-01
CUS_0xe47_2024_02_01,CUS_0xe47,1/2/2024,10,8,10000,1000,1000,0,2000,1/10/2024,2024-10-01,2025-11-09 07:30:19.821879,data/lms_loan_daily.csv,2024-10-01
CUS_0xe51_2024_06_01,CUS_0xe51,1/6/2024,10,4,10000,1000,1000,0,6000,1/10/2024,2024-10-01,2025-11-09 07:30:19.821879,data/lms_loan_daily.csv,2024-10-01
CUS_0xe5b_2024_04_01,CUS_0xe5b,1/4/2024,10,6,10000,1000,1000,0,4000,1/10/2024,2024-10-01,2025-11-09 07:30:19.821879,data/lms_loan_daily.csv,2024-10-01
CUS_0xe72_2024_06_01,CUS_0xe72,1/6/2024,10,4,10000,1000,1000,0,6000,1/10/2024,2024-10-01,2025-11-09 07:30:19.821879,data/lms_loan_daily.csv,2024-10-01
CUS_0xe7a_2024_10_01,CUS_0xe7a,1/10/2024,10,0,10000,0,0,0,10000,1/10/2024,2024-10-01,2025-11-09 07:30:19.821879,data/lms_loan_daily.csv,2024-10-01
CUS_0xe8d_2024_01_01,CUS_0xe8d,1/1/2024,10,9,10000,1000,0,6000,7000,1/10/2024,2024-10-01,2025-11-09 07:30:19.821879,data/lms_loan_daily.csv,2024-10-01
CUS_0xe94_2024_03_01,CUS_0xe94,1/3/2024,10,7,10000,1000,1000,0,3000,1/10/2024,2024-10-01,2025-11-09 07:30:19.821879,data/lms_loan_daily.csv,2024-10-01
CUS_0xea5_2024_06_01,CUS_0xea5,1/6/2024,10,4,10000,1000,1000,0,6000,1/10/2024,2024-10-01,2025-11-09 07:30:19.821879,data/lms_loan_daily.csv,2024-10-01
CUS_0xeb9_2024_05_01,CUS_0xeb9,1/5/2024,10,5,10000,1000,0,1000,6000,1/10/2024,2024-10-01,2025-11-09 07:30:19.821879,data/lms_loan_daily.csv,2024-10-01
CUS_0xebb_2024_05_01,CUS_0xebb,1/5/2024,10,5,10000,1000,1000,0,5000,1/10/2024,2024-10-01,2025-11-09 07:30:19.821879,data/lms_loan_daily.csv,2024-10-01
CUS_0xec4_2024_02_01,CUS_0xec4,1/2/2024,10,8,10000,1000,1000,0,2000,1/10/2024,2024-10-01,2025-11-09 07:30:19.821879,data/lms_loan_daily.csv,2024-10-01
CUS_0xed4_2024_09_01,CUS_0xed4,1/9/2024,10,1,10000,1000,1000,0,9000,1/10/2024,2024-10-01,2025-11-09 07:30:19.821879,data/lms_loan_daily.csv,2024-10-01
CUS_0xedf_2023_12_01,CUS_0xedf,1/12/2023,10,10,10000,1000,0,8000,8000,1/10/2024,2024-10-01,2025-11-09 07:30:19.821879,data/lms_loan_daily.csv,2024-10-01
CUS_0xee1_2024_04_01,CUS_0xee1,1/4/2024,10,6,10000,1000,0,4000,8000,1/10/2024,2024-10-01,2025-11-09 07:30:19.821879,data/lms_loan_daily.csv,2024-10-01
CUS_0xeea_2024_05_01,CUS_0xeea,1/5/2024,10,5,10000,1000,1000,0,5000,1/10/2024,2024-10-01,2025-11-09 07:30:19.821879,data/lms_loan_daily.csv,2024-10-01
CUS_0xf0c_2024_05_01,CUS_0xf0c,1/5/2024,10,5,10000,1000,1000,0,5000,1/10/2024,2024-10-01,2025-11-09 07:30:19.821879,data/lms_loan_daily.csv,2024-10-01
CUS_0xf3c_2024_09_01,CUS_0xf3c,1/9/2024,10,1,10000,1000,1000,0,9000,1/10/2024,2024-10-01,2025-11-09 07:30:19.821879,data/lms_loan_daily.csv,2024-10-01
CUS_0xf42_2024_04_01,CUS_0xf42,1/4/2024,10,6,10000,1000,0,2000,6000,1/10/2024,2024-10-01,2025-11-09 07:30:19.821879,data/lms_loan_daily.csv,2024-10-01
CUS_0xf4b_2024_05_01,CUS_0xf4b,1/5/2024,10,5,10000,1000,0,2000,7000,1/10/2024,2024-10-01,2025-11-09 07:30:19.821879,data/lms_loan_daily.csv,2024-10-01
CUS_0xf64_2024_04_01,CUS_0xf64,1/4/2024,10,6,10000,1000,1000,0,4000,1/10/2024,2024-10-01,2025-11-09 07:30:19.821879,data/lms_loan_daily.csv,2024-10-01
CUS_0xf6c_2024_02_01,CUS_0xf6c,1/2/2024,10,8,10000,1000,1000,0,2000,1/10/2024,2024-10-01,2025-11-09 07:30:19.821879,data/lms_loan_daily.csv,2024-10-01
CUS_0xf70_2024_06_01,CUS_0xf70,1/6/2024,10,4,10000,1000,1000,0,6000,1/10/2024,2024-10-01,2025-11-09 07:30:19.821879,data/lms_loan_daily.csv,2024-10-01
CUS_0xf7d_2024_05_01,CUS_0xf7d,1/5/2024,10,5,10000,1000,0,1000,6000,1/10/2024,2024-10-01,2025-11-09 07:30:19.821879,data/lms_loan_daily.csv,2024-10-01
CUS_0xf84_2024_03_01,CUS_0xf84,1/3/2024,10,7,10000,1000,1000,0,3000,1/10/2024,2024-10-01,2025-11-09 07:30:19.821879,data/lms_loan_daily.csv,2024-10-01
CUS_0xf8b_2024_04_01,CUS_0xf8b,1/4/2024,10,6,10000,1000,1000,0,4000,1/10/2024,2024-10-01,2025-11-09 07:30:19.821879,data/lms_loan_daily.csv,2024-10-01
CUS_0xf91_2024_09_01,CUS_0xf91,1/9/2024,10,1,10000,1000,1000,0,9000,1/10/2024,2024-10-01,2025-11-09 07:30:19.821879,data/lms_loan_daily.csv,2024-10-01
CUS_0xf9e_2024_01_01,CUS_0xf9e,1/1/2024,10,9,10000,1000,1000,0,1000,1/10/2024,2024-10-01,2025-11-09 07:30:19.821879,data/lms_loan_daily.csv,2024-10-01
CUS_0xfa4_2024_02_01,CUS_0xfa4,1/2/2024,10,8,10000,1000,0,4000,6000,1/10/2024,2024-10-01,2025-11-09 07:30:19.821879,data/lms_loan_daily.csv,2024-10-01
CUS_0xfb4_2023_12_01,CUS_0xfb4,1/12/2023,10,10,10000,1000,1000,0,0,1/10/2024,2024-10-01,2025-11-09 07:30:19.821879,data/lms_loan_daily.csv,2024-10-01
CUS_0xfdb_2024_05_01,CUS_0xfdb,1/5/2024,10,5,10000,1000,1000,0,5000,1/10/2024,2024-10-01,2025-11-09 07:30:19.821879,data/lms_loan_daily.csv,2024-10-01
CUS_0xfe3_2024_04_01,CUS_0xfe3,1/4/2024,10,6,10000,1000,1000,0,4000,1/10/2024,2024-10-01,2025-11-09 07:30:19.821879,data/lms_loan_daily.csv,2024-10-01
CUS_0xff3_2024_06_01,CUS_0xff3,1/6/2024,10,4,10000,1000,1000,0,6000,1/10/2024,2024-10-01,2025-11-09 07:30:19.821879,data/lms_loan_daily.csv,2024-10-01
CUS_0xff6_2024_10_01,CUS_0xff6,1/10/2024,10,0,10000,0,0,0,10000,1/10/2024,2024-10-01,2025-11-09 07:30:19.821879,data/lms_loan_daily.csv,2024-10-01
CUS_0xffc_2024_01_01,CUS_0xffc,1/1/2024,10,9,10000,1000,0,6000,7000,1/10/2024,2024-10-01,2025-11-09 07:30:19.821879,data/lms_loan_daily.csv,2024-10-01
CUS_0xffd_2024_03_01,CUS_0xffd,1/3/2024,10,7,10000,1000,1000,0,3000,1/10/2024,2024-10-01,2025-11-09 07:30:19.821879,data/lms_loan_daily.csv,2024-10-01
